BEGIN_YEARMONTH,BEGIN_DAY,BEGIN_TIME,END_YEARMONTH,END_DAY,END_TIME,EPISODE_ID,EVENT_ID,STATE,STATE_FIPS,YEAR,MONTH_NAME,EVENT_TYPE,CZ_TYPE,CZ_FIPS,CZ_NAME,WFO,BEGIN_DATE_TIME,CZ_TIMEZONE,END_DATE_TIME,INJURIES_DIRECT,INJURIES_INDIRECT,DEATHS_DIRECT,DEATHS_INDIRECT,DAMAGE_PROPERTY,DAMAGE_CROPS,SOURCE,MAGNITUDE,MAGNITUDE_TYPE,FLOOD_CAUSE,CATEGORY,TOR_F_SCALE,TOR_LENGTH,TOR_WIDTH,TOR_OTHER_WFO,TOR_OTHER_CZ_STATE,TOR_OTHER_CZ_FIPS,TOR_OTHER_CZ_NAME,BEGIN_RANGE,BEGIN_AZIMUTH,BEGIN_LOCATION,END_RANGE,END_AZIMUTH,END_LOCATION,BEGIN_LAT,BEGIN_LON,END_LAT,END_LON,EPISODE_NARRATIVE,EVENT_NARRATIVE,DATA_SOURCE
202604,14,1900,202604,14,1900,210980,1318063,MASSACHUSETTS,25,2026,April,Thunderstorm Wind,C,27,WORCESTER,BOX,14-APR-26 19:00:00,EST-5,14-APR-26 19:00:00,0,0,0,0,1.00K,0.00K,Law Enforcement,51.00,EG,,,,,,,,,,.69,N,BROOKS,.69,N,BROOKS,42.43,-71.9,42.43,-71.9,A front moving through brought a squall line through western Massachusetts and into central Massachusetts producing pockets of damaging winds which downed several trees.,"In Princeton, there were downed trees and wires near Ball Hill Rd.",CSV
202604,14,1910,202604,14,1910,210980,1318061,MASSACHUSETTS,25,2026,April,Thunderstorm Wind,C,27,WORCESTER,BOX,14-APR-26 19:10:00,EST-5,14-APR-26 19:10:00,0,0,0,0,10.00K,0.00K,Fire Department/Rescue,51.00,EG,,,,,,,,,,.86,SW,SOUTH LANCASTER,.86,SW,SOUTH LANCASTER,42.44,-71.69,42.44,-71.69,A front moving through brought a squall line through western Massachusetts and into central Massachusetts producing pockets of damaging winds which downed several trees.,"In Lancaster, a tree was down on a house near Crescent St.",CSV
202604,14,1909,202604,14,1909,210980,1318062,MASSACHUSETTS,25,2026,April,Thunderstorm Wind,C,27,WORCESTER,BOX,14-APR-26 19:09:00,EST-5,14-APR-26 19:09:00,0,0,0,0,10.00K,0.00K,Amateur Radio,51.00,EG,,,,,,,,,,.69,N,LOVELLVILLE,.69,N,LOVELLVILLE,42.38,-71.85,42.38,-71.85,A front moving through brought a squall line through western Massachusetts and into central Massachusetts producing pockets of damaging winds which downed several trees.,"In Holden, a tree was down on a house near Manning St.",CSV
202604,14,1855,202604,14,1855,210980,1318064,MASSACHUSETTS,25,2026,April,Thunderstorm Wind,C,27,WORCESTER,BOX,14-APR-26 18:55:00,EST-5,14-APR-26 18:55:00,0,0,0,0,1.00K,0.00K,Fire Department/Rescue,51.00,EG,,,,,,,,,,1.47,NNW,TURKEY HILL SHRS,1.47,NNW,TURKEY HILL SHRS,42.35,-71.96,42.35,-71.96,A front moving through brought a squall line through western Massachusetts and into central Massachusetts producing pockets of damaging winds which downed several trees.,"In Rutland, a tree was downed on wires near Turkey Hill Rd.",CSV
202604,14,1840,202604,14,1840,210980,1318066,MASSACHUSETTS,25,2026,April,Thunderstorm Wind,C,15,HAMPSHIRE,BOX,14-APR-26 18:40:00,EST-5,14-APR-26 18:40:00,0,0,0,0,0.50K,0.00K,Amateur Radio,51.00,EG,,,,,,,,,,.86,SW,BAY STATE,.86,SW,BAY STATE,42.32,-72.68,42.32,-72.68,A front moving through brought a squall line through western Massachusetts and into central Massachusetts producing pockets of damaging winds which downed several trees.,"In Northampton, powerlines were down near Indian Hill Rd.",CSV
202604,14,1840,202604,14,1840,210980,1318067,MASSACHUSETTS,25,2026,April,Thunderstorm Wind,C,15,HAMPSHIRE,BOX,14-APR-26 18:40:00,EST-5,14-APR-26 18:40:00,0,0,0,0,1.00K,0.00K,Amateur Radio,51.00,EG,,,,,,,,,,1.68,ENE,HOCKANUM,1.68,ENE,HOCKANUM,42.31,-72.57,42.31,-72.57,A front moving through brought a squall line through western Massachusetts and into central Massachusetts producing pockets of damaging winds which downed several trees.,"In Hadley, multiple trees and power lines were down on Laurel Rd.",CSV
202604,14,1830,202604,14,1830,210980,1318069,MASSACHUSETTS,25,2026,April,Thunderstorm Wind,C,11,FRANKLIN,BOX,14-APR-26 18:30:00,EST-5,14-APR-26 18:30:00,0,0,0,0,0.50K,0.00K,Fire Department/Rescue,51.00,EG,,,,,,,,,,1.02,W,CHEAPSIDE,1.02,W,CHEAPSIDE,42.58,-72.6,42.58,-72.6,A front moving through brought a squall line through western Massachusetts and into central Massachusetts producing pockets of damaging winds which downed several trees.,"In Greenfield, a tree was downed at the intersection of Meridian St. and Colorado Ave.",CSV
202604,14,1828,202604,14,1828,210980,1318070,MASSACHUSETTS,25,2026,April,Thunderstorm Wind,C,11,FRANKLIN,BOX,14-APR-26 18:28:00,EST-5,14-APR-26 18:28:00,0,0,0,0,0.30K,0.00K,Amateur Radio,51.00,EG,,,,,,,,,,1.68,WNW,DEERFIELD,1.68,WNW,DEERFIELD,42.56,-72.63,42.56,-72.63,A front moving through brought a squall line through western Massachusetts and into central Massachusetts producing pockets of damaging winds which downed several trees.,"In Deerfield, a tree was blocking portions of Upper Rd.",CSV
202604,14,1827,202604,14,1827,210980,1318068,MASSACHUSETTS,25,2026,April,Thunderstorm Wind,C,11,FRANKLIN,BOX,14-APR-26 18:27:00,EST-5,14-APR-26 18:27:00,0,0,0,0,0.50K,0.00K,Amateur Radio,51.00,EG,,,,,,,,,,1.47,SSE,KINGS CORNER,1.47,SSE,KINGS CORNER,42.55,-72.94,42.55,-72.94,A front moving through brought a squall line through western Massachusetts and into central Massachusetts producing pockets of damaging winds which downed several trees.,"Near Hawley, a small tree was downed on Massachusetts Rt. 8A.",CSV
202602,6,2000,202602,7,1300,209364,1304857,MASSACHUSETTS,25,2026,February,Heavy Snow,Z,7,EASTERN ESSEX,BOX,06-FEB-26 20:00:00,EST-5,07-FEB-26 13:00:00,0,0,0,0,0.00K,0.00K,Amateur Radio,,,,,,,,,,,,,,,,,,,,,,"A coastal storm passed south of southern New England on Saturday with an inverted trough extending NW over the region. This led to widespread 3-5 inches of snow in central and eastern MA, eastern CT, and RI. However, there were two heavy bands that set up over northeast MA and eastern CT/RI which dropped narrow swaths of 9-13 inches of snow. Impacts were more limited because it was a weekend.",Generally 7 to 10 inches of snow fell with a narrow swath of 12-13 inches. Some of the highest reports included 13.6 inches in Beverly and 13 inches in Salisbury.,CSV
202602,6,2000,202602,7,1300,209364,1304858,MASSACHUSETTS,25,2026,February,Heavy Snow,Z,6,WESTERN ESSEX,BOX,06-FEB-26 20:00:00,EST-5,07-FEB-26 13:00:00,0,0,0,0,0.00K,0.00K,Amateur Radio,,,,,,,,,,,,,,,,,,,,,,"A coastal storm passed south of southern New England on Saturday with an inverted trough extending NW over the region. This led to widespread 3-5 inches of snow in central and eastern MA, eastern CT, and RI. However, there were two heavy bands that set up over northeast MA and eastern CT/RI which dropped narrow swaths of 9-13 inches of snow. Impacts were more limited because it was a weekend.",Generally 6-9 inches of snow fell. Some of the highest totals included 10.6 inches in Middleton and 9 inches in Topsfield.,CSV
202601,25,830,202601,26,1308,210261,1313254,MASSACHUSETTS,25,2026,January,Winter Storm,Z,1,NORTHERN BERKSHIRE,ALY,25-JAN-26 08:30:00,EST-5,26-JAN-26 13:08:00,0,0,0,0,,,CoCoRaHS,,,,,,,,,,,,,,,,,,,,,,"A blockbuster winter storm that impacted millions across the lower 48, bringing a combination of ice; sleet; snow; rain; and strong winds, brought widespread heavy snowfall accumulations to all of western Massachusetts from January 25-26th, 2026. ||An arctic blast made for dangerously cold conditions across western Massachusetts from January 23-24, creating a requisite cold airmass that supported snow as the primary precipitation type with this storm. The connection of the northern and southern stream flow regimes then steered a potent, Gulf-originating low pressure system to the northeast. Strong to anomalous low- to mid-level dynamics drove impressive moisture transport from the Gulf and western Atlantic in and across the region the morning of the impending storm, Sunday January 25th. Snow began Sunday morning, initially with a large dendritic growth zone courtesy of persistent arctic air being filtered into the region from northerly flow about a nearby surface high to the northeast. However, as the storm tracked closer, its associated warm nose modified the thermal profile and shrunk and lifted the dendritic growth zone into the mid and upper levels of the atmosphere by the afternoon. Snowfall rates that initially looked to reach up to 2-4 per hour within laterally translating snow bands therefore became limited to 1-2 per hour courtesy of the disconnect between the best low-level forcing and the dendritic growth zone. Still, a widespread 10-20 of snow fell across the region between Sunday, January 25th and Monday, January 26th. ||The Governor of Massachusetts, Maura Healey, declared a state of emergency prior to this event which authorized additional local resources as well as orders for travel restrictions. NWS Albany additionally received reports of numerous school and road closures in addition to traffic accidents across western Massachusetts. ||Key Impacts: state of emergency declarations, road closures, school closures, traffic accidents.",Zone average snowfall of 15.5 inches.,CSV
202601,17,0,202601,17,1700,210252,1311448,MASSACHUSETTS,25,2026,January,Winter Weather,Z,1,NORTHERN BERKSHIRE,ALY,17-JAN-26 00:00:00,EST-5,17-JAN-26 17:00:00,0,0,0,0,,,Trained Spotter,,,,,,,,,,,,,,,,,,,,,,"A low pressure system brought a widespread moderate accumulation of snow to western Massachusetts on January 17, 2026. Snowfall amounts of 4 to 7 inches were common, resulting in slippery travel conditions on area roadways.||Key impacts: travel delays.",,CSV
202601,17,0,202601,17,1700,210252,1311449,MASSACHUSETTS,25,2026,January,Winter Weather,Z,25,SOUTHERN BERKSHIRE,ALY,17-JAN-26 00:00:00,EST-5,17-JAN-26 17:00:00,0,0,0,0,,,Trained Spotter,,,,,,,,,,,,,,,,,,,,,,"A low pressure system brought a widespread moderate accumulation of snow to western Massachusetts on January 17, 2026. Snowfall amounts of 4 to 7 inches were common, resulting in slippery travel conditions on area roadways.||Key impacts: travel delays.",,CSV
202601,29,2200,202601,30,1100,210478,1313548,MASSACHUSETTS,25,2026,January,Extreme Cold/Wind Chill,Z,25,SOUTHERN BERKSHIRE,ALY,29-JAN-26 22:00:00,EST-5,30-JAN-26 11:00:00,0,0,0,0,,,COOP Observer,,,,,,,,,,,,,,,,,,,,,,"A persistent polar airmass created a prolonged period of frigid conditions across western Massachusetts for the final days of January into the very beginning of February. Bitter cold air temperatures combined with periods of gusty winds and fresh, deep snowpack made for several days worth of dangerously cold conditions. ||The cold outbreak began early on January 29th where minimum wind chill values, or feels-like temperatures, were cold, but not quite to dangerous levels. Feels-like temperatures this first night ranged from about -9 to 3 degrees Fahrenheit. However, by the following night, widespread dangerously cold temperatures overtook the region with minimum air temperatures ranging from -8 to -4 degrees Fahrenheit and minimum feels-like temperatures spanning -29 to -14 degrees Fahrenheit. A brief respite came on January 30th when extensive cloud cover maintained sufficient insulation to limit temperature falls, but by the next night, February 1, minimum feels-like temperatures once again fell to -17 to -5 degrees Fahrenheit.",Minimum low temperature of -4 degrees Fahrenheit recorded with a minimum wind chill of -25 degrees Fahrenheit.,CSV
202601,31,2200,202601,31,2359,210478,1313549,MASSACHUSETTS,25,2026,January,Cold/Wind Chill,Z,1,NORTHERN BERKSHIRE,ALY,31-JAN-26 22:00:00,EST-5,31-JAN-26 23:59:00,0,0,0,0,,,ASOS,,,,,,,,,,,,,,,,,,,,,,"A persistent polar airmass created a prolonged period of frigid conditions across western Massachusetts for the final days of January into the very beginning of February. Bitter cold air temperatures combined with periods of gusty winds and fresh, deep snowpack made for several days worth of dangerously cold conditions. ||The cold outbreak began early on January 29th where minimum wind chill values, or feels-like temperatures, were cold, but not quite to dangerous levels. Feels-like temperatures this first night ranged from about -9 to 3 degrees Fahrenheit. However, by the following night, widespread dangerously cold temperatures overtook the region with minimum air temperatures ranging from -8 to -4 degrees Fahrenheit and minimum feels-like temperatures spanning -29 to -14 degrees Fahrenheit. A brief respite came on January 30th when extensive cloud cover maintained sufficient insulation to limit temperature falls, but by the next night, February 1, minimum feels-like temperatures once again fell to -17 to -5 degrees Fahrenheit.",Minimum wind chill of -17 degrees Fahrenheit recorded.,CSV
202601,23,2300,202601,24,1000,210257,1311879,MASSACHUSETTS,25,2026,January,Cold/Wind Chill,Z,1,NORTHERN BERKSHIRE,ALY,23-JAN-26 23:00:00,EST-5,24-JAN-26 10:00:00,0,0,0,0,,,Mesonet,,,,,,,,,,,,,,,,,,,,,,"A potent cold front ushered a bitterly cold airmass into western Massachusetts on January 23-24, 2026. The combination of bitterly cold air temperatures (minimum temperatures ranging from -9 to -2 degrees Fahrenheit) and gusty winds (ranging from 40 to 45 mph) made for dangerously cold wind chills or feels-like temperatures. Minimum feels-like temperatures ultimately ranged from about -26 to -20 degrees Fahrenheit across the region with the coldest of these confined to the highest elevations of the Berkshire Mountains.",Minimum low temperature of -7 degrees Fahrenheit reported along with a minimum wind chill of -24 degrees Fahrenheit.,CSV
202601,23,1200,202601,24,300,210257,1311881,MASSACHUSETTS,25,2026,January,Strong Wind,Z,1,NORTHERN BERKSHIRE,ALY,23-JAN-26 12:00:00,EST-5,24-JAN-26 03:00:00,0,0,0,0,,,ASOS,39.00,MG,,,,,,,,,,,,,,,,,,,,"A potent cold front ushered a bitterly cold airmass into western Massachusetts on January 23-24, 2026. The combination of bitterly cold air temperatures (minimum temperatures ranging from -9 to -2 degrees Fahrenheit) and gusty winds (ranging from 40 to 45 mph) made for dangerously cold wind chills or feels-like temperatures. Minimum feels-like temperatures ultimately ranged from about -26 to -20 degrees Fahrenheit across the region with the coldest of these confined to the highest elevations of the Berkshire Mountains.",,CSV
202601,23,2300,202601,24,1000,210257,1311880,MASSACHUSETTS,25,2026,January,Cold/Wind Chill,Z,25,SOUTHERN BERKSHIRE,ALY,23-JAN-26 23:00:00,EST-5,24-JAN-26 10:00:00,0,0,0,0,,,Mesonet,,,,,,,,,,,,,,,,,,,,,,"A potent cold front ushered a bitterly cold airmass into western Massachusetts on January 23-24, 2026. The combination of bitterly cold air temperatures (minimum temperatures ranging from -9 to -2 degrees Fahrenheit) and gusty winds (ranging from 40 to 45 mph) made for dangerously cold wind chills or feels-like temperatures. Minimum feels-like temperatures ultimately ranged from about -26 to -20 degrees Fahrenheit across the region with the coldest of these confined to the highest elevations of the Berkshire Mountains.",Minimum low temperature of -5 degrees Fahrenheit reported along with a minimum wind chill of -26 degrees Fahrenheit.,CSV
202601,23,1200,202601,24,300,210257,1311882,MASSACHUSETTS,25,2026,January,Strong Wind,Z,25,SOUTHERN BERKSHIRE,ALY,23-JAN-26 12:00:00,EST-5,24-JAN-26 03:00:00,0,0,0,0,,,ASOS,39.00,EG,,,,,,,,,,,,,,,,,,,,"A potent cold front ushered a bitterly cold airmass into western Massachusetts on January 23-24, 2026. The combination of bitterly cold air temperatures (minimum temperatures ranging from -9 to -2 degrees Fahrenheit) and gusty winds (ranging from 40 to 45 mph) made for dangerously cold wind chills or feels-like temperatures. Minimum feels-like temperatures ultimately ranged from about -26 to -20 degrees Fahrenheit across the region with the coldest of these confined to the highest elevations of the Berkshire Mountains.",,CSV
202601,29,1900,202601,30,1100,210478,1313547,MASSACHUSETTS,25,2026,January,Extreme Cold/Wind Chill,Z,1,NORTHERN BERKSHIRE,ALY,29-JAN-26 19:00:00,EST-5,30-JAN-26 11:00:00,0,0,0,0,,,COOP Observer,,,,,,,,,,,,,,,,,,,,,,"A persistent polar airmass created a prolonged period of frigid conditions across western Massachusetts for the final days of January into the very beginning of February. Bitter cold air temperatures combined with periods of gusty winds and fresh, deep snowpack made for several days worth of dangerously cold conditions. ||The cold outbreak began early on January 29th where minimum wind chill values, or feels-like temperatures, were cold, but not quite to dangerous levels. Feels-like temperatures this first night ranged from about -9 to 3 degrees Fahrenheit. However, by the following night, widespread dangerously cold temperatures overtook the region with minimum air temperatures ranging from -8 to -4 degrees Fahrenheit and minimum feels-like temperatures spanning -29 to -14 degrees Fahrenheit. A brief respite came on January 30th when extensive cloud cover maintained sufficient insulation to limit temperature falls, but by the next night, February 1, minimum feels-like temperatures once again fell to -17 to -5 degrees Fahrenheit.",Minimum low temperature of -5 degrees Fahrenheit recorded with a minimum wind chill of -29 degrees Fahrenheit.,CSV
202601,31,2200,202601,31,2359,210478,1313550,MASSACHUSETTS,25,2026,January,Cold/Wind Chill,Z,25,SOUTHERN BERKSHIRE,ALY,31-JAN-26 22:00:00,EST-5,31-JAN-26 23:59:00,0,0,0,0,0.00K,0.00K,COOP Observer,,,,,,,,,,,,,,,,,,,,,,"A persistent polar airmass created a prolonged period of frigid conditions across western Massachusetts for the final days of January into the very beginning of February. Bitter cold air temperatures combined with periods of gusty winds and fresh, deep snowpack made for several days worth of dangerously cold conditions. ||The cold outbreak began early on January 29th where minimum wind chill values, or feels-like temperatures, were cold, but not quite to dangerous levels. Feels-like temperatures this first night ranged from about -9 to 3 degrees Fahrenheit. However, by the following night, widespread dangerously cold temperatures overtook the region with minimum air temperatures ranging from -8 to -4 degrees Fahrenheit and minimum feels-like temperatures spanning -29 to -14 degrees Fahrenheit. A brief respite came on January 30th when extensive cloud cover maintained sufficient insulation to limit temperature falls, but by the next night, February 1, minimum feels-like temperatures once again fell to -17 to -5 degrees Fahrenheit.",Minimum wind chill of -12 degrees Fahrenheit recorded.,CSV
202601,25,730,202601,26,1308,210261,1313252,MASSACHUSETTS,25,2026,January,Winter Storm,Z,25,SOUTHERN BERKSHIRE,ALY,25-JAN-26 07:30:00,EST-5,26-JAN-26 13:08:00,0,0,0,0,,,CoCoRaHS,,,,,,,,,,,,,,,,,,,,,,"A blockbuster winter storm that impacted millions across the lower 48, bringing a combination of ice; sleet; snow; rain; and strong winds, brought widespread heavy snowfall accumulations to all of western Massachusetts from January 25-26th, 2026. ||An arctic blast made for dangerously cold conditions across western Massachusetts from January 23-24, creating a requisite cold airmass that supported snow as the primary precipitation type with this storm. The connection of the northern and southern stream flow regimes then steered a potent, Gulf-originating low pressure system to the northeast. Strong to anomalous low- to mid-level dynamics drove impressive moisture transport from the Gulf and western Atlantic in and across the region the morning of the impending storm, Sunday January 25th. Snow began Sunday morning, initially with a large dendritic growth zone courtesy of persistent arctic air being filtered into the region from northerly flow about a nearby surface high to the northeast. However, as the storm tracked closer, its associated warm nose modified the thermal profile and shrunk and lifted the dendritic growth zone into the mid and upper levels of the atmosphere by the afternoon. Snowfall rates that initially looked to reach up to 2-4 per hour within laterally translating snow bands therefore became limited to 1-2 per hour courtesy of the disconnect between the best low-level forcing and the dendritic growth zone. Still, a widespread 10-20 of snow fell across the region between Sunday, January 25th and Monday, January 26th. ||The Governor of Massachusetts, Maura Healey, declared a state of emergency prior to this event which authorized additional local resources as well as orders for travel restrictions. NWS Albany additionally received reports of numerous school and road closures in addition to traffic accidents across western Massachusetts. ||Key Impacts: state of emergency declarations, road closures, school closures, traffic accidents.",Zone average snowfall of 15.8 inches.,CSV
202602,22,2000,202602,23,2000,209918,1309320,MASSACHUSETTS,25,2026,February,Winter Storm,Z,17,NORTHERN BRISTOL,BOX,22-FEB-26 20:00:00,EST-5,23-FEB-26 20:00:00,0,0,0,0,0.00K,0.00K,Amateur Radio,,,,,,,,,,,,,,,,,,,,,,"Explosive cyclogenesis of a low pressure center off the Mid Atlantic coast brought a strong winter storm with blizzard conditions to central and eastern Massachusetts as well as Rhode Island on Monday. The storm tracked from east of the Carolinas to the 70w/40n benchmark bringing extreme snowfall rates of 2 to 4 inches per hour and winds gusting to hurricane force along the coast and 50 to 60 mph inland. The heaviest snow was centered over central Rhode Island and southeast Massachusetts where over 30 inches of snow fell. The highest amount for the storm was 37.9 inches at T.F. Green Airport in Rhode Island.  Snow tapered off Monday evening. There was some minor to moderate coastal flooding along the eastern Massachusetts coast but impact from coastal flooding was minimal. This was a record breaking storm in some aspects including state snowfall records for Rhode Island. The storm crippled movement across much of southern New England especially southeast Massachusetts and Rhode Island where plows could not keep up and some municipalities actually halted plowing for a time at the peak. The combination of heavy, wet snow and strong winds led to many power outages especially over southeast Massachusetts where some did not get power for 4+ days. Cape Cod was especially hard hit with power outages.",Generally 24 to 32 inches of snow fell. Some of the highest reports were 32 inches in Dighton and 32 inches in Attleboro. Winds generally gusted 50 to 60 mph.,CSV
202602,22,1900,202602,23,2100,209918,1309321,MASSACHUSETTS,25,2026,February,Winter Storm,Z,18,WESTERN PLYMOUTH,BOX,22-FEB-26 19:00:00,EST-5,23-FEB-26 21:00:00,0,0,0,0,0.00K,0.00K,Amateur Radio,,,,,,,,,,,,,,,,,,,,,,"Explosive cyclogenesis of a low pressure center off the Mid Atlantic coast brought a strong winter storm with blizzard conditions to central and eastern Massachusetts as well as Rhode Island on Monday. The storm tracked from east of the Carolinas to the 70w/40n benchmark bringing extreme snowfall rates of 2 to 4 inches per hour and winds gusting to hurricane force along the coast and 50 to 60 mph inland. The heaviest snow was centered over central Rhode Island and southeast Massachusetts where over 30 inches of snow fell. The highest amount for the storm was 37.9 inches at T.F. Green Airport in Rhode Island.  Snow tapered off Monday evening. There was some minor to moderate coastal flooding along the eastern Massachusetts coast but impact from coastal flooding was minimal. This was a record breaking storm in some aspects including state snowfall records for Rhode Island. The storm crippled movement across much of southern New England especially southeast Massachusetts and Rhode Island where plows could not keep up and some municipalities actually halted plowing for a time at the peak. The combination of heavy, wet snow and strong winds led to many power outages especially over southeast Massachusetts where some did not get power for 4+ days. Cape Cod was especially hard hit with power outages.",Generally 25 to 31 inches of snow fell. Some of the highest reports were 36 inches in Lakeville and 31.2 inches in Middleborough. Winds generally gusted 50 to 60 mph.,CSV
202602,22,2000,202602,23,1800,209918,1309316,MASSACHUSETTS,25,2026,February,Heavy Snow,Z,10,EASTERN HAMPSHIRE,BOX,22-FEB-26 20:00:00,EST-5,23-FEB-26 18:00:00,0,0,0,0,0.00K,0.00K,Amateur Radio,,,,,,,,,,,,,,,,,,,,,,"Explosive cyclogenesis of a low pressure center off the Mid Atlantic coast brought a strong winter storm with blizzard conditions to central and eastern Massachusetts as well as Rhode Island on Monday. The storm tracked from east of the Carolinas to the 70w/40n benchmark bringing extreme snowfall rates of 2 to 4 inches per hour and winds gusting to hurricane force along the coast and 50 to 60 mph inland. The heaviest snow was centered over central Rhode Island and southeast Massachusetts where over 30 inches of snow fell. The highest amount for the storm was 37.9 inches at T.F. Green Airport in Rhode Island.  Snow tapered off Monday evening. There was some minor to moderate coastal flooding along the eastern Massachusetts coast but impact from coastal flooding was minimal. This was a record breaking storm in some aspects including state snowfall records for Rhode Island. The storm crippled movement across much of southern New England especially southeast Massachusetts and Rhode Island where plows could not keep up and some municipalities actually halted plowing for a time at the peak. The combination of heavy, wet snow and strong winds led to many power outages especially over southeast Massachusetts where some did not get power for 4+ days. Cape Cod was especially hard hit with power outages.",Generally 6 to 8 inches fell. The highest report was 6.8 inches in Amhurst.,CSV
202602,22,2000,202602,23,1800,209918,1309317,MASSACHUSETTS,25,2026,February,Heavy Snow,Z,11,EASTERN HAMPDEN,BOX,22-FEB-26 20:00:00,EST-5,23-FEB-26 18:00:00,0,0,0,0,0.00K,0.00K,Amateur Radio,,,,,,,,,,,,,,,,,,,,,,"Explosive cyclogenesis of a low pressure center off the Mid Atlantic coast brought a strong winter storm with blizzard conditions to central and eastern Massachusetts as well as Rhode Island on Monday. The storm tracked from east of the Carolinas to the 70w/40n benchmark bringing extreme snowfall rates of 2 to 4 inches per hour and winds gusting to hurricane force along the coast and 50 to 60 mph inland. The heaviest snow was centered over central Rhode Island and southeast Massachusetts where over 30 inches of snow fell. The highest amount for the storm was 37.9 inches at T.F. Green Airport in Rhode Island.  Snow tapered off Monday evening. There was some minor to moderate coastal flooding along the eastern Massachusetts coast but impact from coastal flooding was minimal. This was a record breaking storm in some aspects including state snowfall records for Rhode Island. The storm crippled movement across much of southern New England especially southeast Massachusetts and Rhode Island where plows could not keep up and some municipalities actually halted plowing for a time at the peak. The combination of heavy, wet snow and strong winds led to many power outages especially over southeast Massachusetts where some did not get power for 4+ days. Cape Cod was especially hard hit with power outages.",Generally 8 to 11 inches of snow fell. Some of the highest reports were 10 inches in Holyoke and 8 inches in Ludlow.,CSV
202602,22,2200,202602,23,2000,209918,1309312,MASSACHUSETTS,25,2026,February,Winter Storm,Z,4,NORTHERN WORCESTER,BOX,22-FEB-26 22:00:00,EST-5,23-FEB-26 20:00:00,0,0,0,0,0.00K,0.00K,Amateur Radio,,,,,,,,,,,,,,,,,,,,,,"Explosive cyclogenesis of a low pressure center off the Mid Atlantic coast brought a strong winter storm with blizzard conditions to central and eastern Massachusetts as well as Rhode Island on Monday. The storm tracked from east of the Carolinas to the 70w/40n benchmark bringing extreme snowfall rates of 2 to 4 inches per hour and winds gusting to hurricane force along the coast and 50 to 60 mph inland. The heaviest snow was centered over central Rhode Island and southeast Massachusetts where over 30 inches of snow fell. The highest amount for the storm was 37.9 inches at T.F. Green Airport in Rhode Island.  Snow tapered off Monday evening. There was some minor to moderate coastal flooding along the eastern Massachusetts coast but impact from coastal flooding was minimal. This was a record breaking storm in some aspects including state snowfall records for Rhode Island. The storm crippled movement across much of southern New England especially southeast Massachusetts and Rhode Island where plows could not keep up and some municipalities actually halted plowing for a time at the peak. The combination of heavy, wet snow and strong winds led to many power outages especially over southeast Massachusetts where some did not get power for 4+ days. Cape Cod was especially hard hit with power outages.",Generally 8 to 16 inches of snow fell. Some of the highest amounts included 22.5 inches in Harvard and 18 inches in Leominster. Winds generally gusted 50 to 60 mph.,CSV
202602,22,2200,202602,23,2100,209918,1309313,MASSACHUSETTS,25,2026,February,Winter Storm,Z,6,WESTERN ESSEX,BOX,22-FEB-26 22:00:00,EST-5,23-FEB-26 21:00:00,0,0,0,0,0.00K,0.00K,Amateur Radio,,,,,,,,,,,,,,,,,,,,,,"Explosive cyclogenesis of a low pressure center off the Mid Atlantic coast brought a strong winter storm with blizzard conditions to central and eastern Massachusetts as well as Rhode Island on Monday. The storm tracked from east of the Carolinas to the 70w/40n benchmark bringing extreme snowfall rates of 2 to 4 inches per hour and winds gusting to hurricane force along the coast and 50 to 60 mph inland. The heaviest snow was centered over central Rhode Island and southeast Massachusetts where over 30 inches of snow fell. The highest amount for the storm was 37.9 inches at T.F. Green Airport in Rhode Island.  Snow tapered off Monday evening. There was some minor to moderate coastal flooding along the eastern Massachusetts coast but impact from coastal flooding was minimal. This was a record breaking storm in some aspects including state snowfall records for Rhode Island. The storm crippled movement across much of southern New England especially southeast Massachusetts and Rhode Island where plows could not keep up and some municipalities actually halted plowing for a time at the peak. The combination of heavy, wet snow and strong winds led to many power outages especially over southeast Massachusetts where some did not get power for 4+ days. Cape Cod was especially hard hit with power outages.",Generally 12 to 18 inches of snow fell. Some of the highest amounts were 21 inches in Andover and 14.5 inches in Groveland.,CSV
202602,22,2000,202602,23,1900,209918,1309229,MASSACHUSETTS,25,2026,February,Blizzard,Z,12,SOUTHERN WORCESTER,BOX,22-FEB-26 20:00:00,EST-5,23-FEB-26 19:00:00,0,0,0,0,0.00K,0.00K,ASOS,,,,,,,,,,,,,,,,,,,,,,"Explosive cyclogenesis of a low pressure center off the Mid Atlantic coast brought a strong winter storm with blizzard conditions to central and eastern Massachusetts as well as Rhode Island on Monday. The storm tracked from east of the Carolinas to the 70w/40n benchmark bringing extreme snowfall rates of 2 to 4 inches per hour and winds gusting to hurricane force along the coast and 50 to 60 mph inland. The heaviest snow was centered over central Rhode Island and southeast Massachusetts where over 30 inches of snow fell. The highest amount for the storm was 37.9 inches at T.F. Green Airport in Rhode Island.  Snow tapered off Monday evening. There was some minor to moderate coastal flooding along the eastern Massachusetts coast but impact from coastal flooding was minimal. This was a record breaking storm in some aspects including state snowfall records for Rhode Island. The storm crippled movement across much of southern New England especially southeast Massachusetts and Rhode Island where plows could not keep up and some municipalities actually halted plowing for a time at the peak. The combination of heavy, wet snow and strong winds led to many power outages especially over southeast Massachusetts where some did not get power for 4+ days. Cape Cod was especially hard hit with power outages.",At the Worcester Airport ASOS (KORH) blizzard conditions occurred from 245 AM EST to 940 AM EST. The strongest gust was 59 mph at 1108 AM EST. Generally 12-17 inches of snow fell. The highest amount was 19.5 inches in Milford.,CSV
202602,22,2200,202602,23,1900,209918,1309323,MASSACHUSETTS,25,2026,February,Winter Storm,Z,26,NORTHWEST MIDDLESEX COUNTY,BOX,22-FEB-26 22:00:00,EST-5,23-FEB-26 19:00:00,0,0,0,0,0.00K,0.00K,Amateur Radio,,,,,,,,,,,,,,,,,,,,,,"Explosive cyclogenesis of a low pressure center off the Mid Atlantic coast brought a strong winter storm with blizzard conditions to central and eastern Massachusetts as well as Rhode Island on Monday. The storm tracked from east of the Carolinas to the 70w/40n benchmark bringing extreme snowfall rates of 2 to 4 inches per hour and winds gusting to hurricane force along the coast and 50 to 60 mph inland. The heaviest snow was centered over central Rhode Island and southeast Massachusetts where over 30 inches of snow fell. The highest amount for the storm was 37.9 inches at T.F. Green Airport in Rhode Island.  Snow tapered off Monday evening. There was some minor to moderate coastal flooding along the eastern Massachusetts coast but impact from coastal flooding was minimal. This was a record breaking storm in some aspects including state snowfall records for Rhode Island. The storm crippled movement across much of southern New England especially southeast Massachusetts and Rhode Island where plows could not keep up and some municipalities actually halted plowing for a time at the peak. The combination of heavy, wet snow and strong winds led to many power outages especially over southeast Massachusetts where some did not get power for 4+ days. Cape Cod was especially hard hit with power outages.",Generally 18 to 22 inches of snow fell. Winds generally gusted 50 to 60 mph.,CSV
202602,22,2200,202602,23,2100,209918,1309216,MASSACHUSETTS,25,2026,February,Blizzard,Z,5,WESTERN MIDDLESEX,BOX,22-FEB-26 22:00:00,EST-5,23-FEB-26 21:00:00,0,0,0,0,0.00K,0.00K,ASOS,,,,,,,,,,,,,,,,,,,,,,"Explosive cyclogenesis of a low pressure center off the Mid Atlantic coast brought a strong winter storm with blizzard conditions to central and eastern Massachusetts as well as Rhode Island on Monday. The storm tracked from east of the Carolinas to the 70w/40n benchmark bringing extreme snowfall rates of 2 to 4 inches per hour and winds gusting to hurricane force along the coast and 50 to 60 mph inland. The heaviest snow was centered over central Rhode Island and southeast Massachusetts where over 30 inches of snow fell. The highest amount for the storm was 37.9 inches at T.F. Green Airport in Rhode Island.  Snow tapered off Monday evening. There was some minor to moderate coastal flooding along the eastern Massachusetts coast but impact from coastal flooding was minimal. This was a record breaking storm in some aspects including state snowfall records for Rhode Island. The storm crippled movement across much of southern New England especially southeast Massachusetts and Rhode Island where plows could not keep up and some municipalities actually halted plowing for a time at the peak. The combination of heavy, wet snow and strong winds led to many power outages especially over southeast Massachusetts where some did not get power for 4+ days. Cape Cod was especially hard hit with power outages.",At the Bedford Airport ASOS (KBED) blizzard conditions occurred from 6:30 AM EST to 9:45 AM EST. The highest gust was 49 mph at 1051 AM EST. Generally 8 to 12 inches of snow fell. The highest amount was 17 inches in Concord.,CSV
202602,22,1800,202602,23,2100,209918,1309322,MASSACHUSETTS,25,2026,February,Winter Storm,Z,21,SOUTHERN PLYMOUTH,BOX,22-FEB-26 18:00:00,EST-5,23-FEB-26 21:00:00,0,0,0,0,0.00K,0.00K,Amateur Radio,,,,,,,,,,,,,,,,,,,,,,"Explosive cyclogenesis of a low pressure center off the Mid Atlantic coast brought a strong winter storm with blizzard conditions to central and eastern Massachusetts as well as Rhode Island on Monday. The storm tracked from east of the Carolinas to the 70w/40n benchmark bringing extreme snowfall rates of 2 to 4 inches per hour and winds gusting to hurricane force along the coast and 50 to 60 mph inland. The heaviest snow was centered over central Rhode Island and southeast Massachusetts where over 30 inches of snow fell. The highest amount for the storm was 37.9 inches at T.F. Green Airport in Rhode Island.  Snow tapered off Monday evening. There was some minor to moderate coastal flooding along the eastern Massachusetts coast but impact from coastal flooding was minimal. This was a record breaking storm in some aspects including state snowfall records for Rhode Island. The storm crippled movement across much of southern New England especially southeast Massachusetts and Rhode Island where plows could not keep up and some municipalities actually halted plowing for a time at the peak. The combination of heavy, wet snow and strong winds led to many power outages especially over southeast Massachusetts where some did not get power for 4+ days. Cape Cod was especially hard hit with power outages.",Generally 26 to 33 inches of snow fell. The highest report was  30.1 inches in Wareham. Winds generally gusted 50 to 60 mph.,CSV
202602,22,1800,202602,23,2100,209918,1309324,MASSACHUSETTS,25,2026,February,Winter Storm,Z,24,NANTUCKET,BOX,22-FEB-26 18:00:00,EST-5,23-FEB-26 21:00:00,0,0,0,0,0.00K,0.00K,Amateur Radio,,,,,,,,,,,,,,,,,,,,,,"Explosive cyclogenesis of a low pressure center off the Mid Atlantic coast brought a strong winter storm with blizzard conditions to central and eastern Massachusetts as well as Rhode Island on Monday. The storm tracked from east of the Carolinas to the 70w/40n benchmark bringing extreme snowfall rates of 2 to 4 inches per hour and winds gusting to hurricane force along the coast and 50 to 60 mph inland. The heaviest snow was centered over central Rhode Island and southeast Massachusetts where over 30 inches of snow fell. The highest amount for the storm was 37.9 inches at T.F. Green Airport in Rhode Island.  Snow tapered off Monday evening. There was some minor to moderate coastal flooding along the eastern Massachusetts coast but impact from coastal flooding was minimal. This was a record breaking storm in some aspects including state snowfall records for Rhode Island. The storm crippled movement across much of southern New England especially southeast Massachusetts and Rhode Island where plows could not keep up and some municipalities actually halted plowing for a time at the peak. The combination of heavy, wet snow and strong winds led to many power outages especially over southeast Massachusetts where some did not get power for 4+ days. Cape Cod was especially hard hit with power outages.",Generally 18 to 22 inches of snow fell. Winds generally gusted 50 to 60 mph.,CSV
202602,22,2000,202602,23,2100,209918,1309218,MASSACHUSETTS,25,2026,February,Blizzard,Z,15,SUFFOLK,BOX,22-FEB-26 20:00:00,EST-5,23-FEB-26 21:00:00,0,0,0,0,0.00K,0.00K,ASOS,,,,,,,,,,,,,,,,,,,,,,"Explosive cyclogenesis of a low pressure center off the Mid Atlantic coast brought a strong winter storm with blizzard conditions to central and eastern Massachusetts as well as Rhode Island on Monday. The storm tracked from east of the Carolinas to the 70w/40n benchmark bringing extreme snowfall rates of 2 to 4 inches per hour and winds gusting to hurricane force along the coast and 50 to 60 mph inland. The heaviest snow was centered over central Rhode Island and southeast Massachusetts where over 30 inches of snow fell. The highest amount for the storm was 37.9 inches at T.F. Green Airport in Rhode Island.  Snow tapered off Monday evening. There was some minor to moderate coastal flooding along the eastern Massachusetts coast but impact from coastal flooding was minimal. This was a record breaking storm in some aspects including state snowfall records for Rhode Island. The storm crippled movement across much of southern New England especially southeast Massachusetts and Rhode Island where plows could not keep up and some municipalities actually halted plowing for a time at the peak. The combination of heavy, wet snow and strong winds led to many power outages especially over southeast Massachusetts where some did not get power for 4+ days. Cape Cod was especially hard hit with power outages.",At the Boston Logan Airport ASOS (KBOS) blizzard conditions occurred from 620 AM EST to 1240 PM EST. The highest gust was 61 mph at 1054 AM EST. Generally 12 to 18 inches of snow fell. The highest amount was 18.1 inches in Chelsea.,CSV
202602,22,2000,202602,23,2100,209918,1309318,MASSACHUSETTS,25,2026,February,Winter Storm,Z,14,SOUTHEAST MIDDLESEX,BOX,22-FEB-26 20:00:00,EST-5,23-FEB-26 21:00:00,0,0,0,0,0.00K,0.00K,Amateur Radio,,,,,,,,,,,,,,,,,,,,,,"Explosive cyclogenesis of a low pressure center off the Mid Atlantic coast brought a strong winter storm with blizzard conditions to central and eastern Massachusetts as well as Rhode Island on Monday. The storm tracked from east of the Carolinas to the 70w/40n benchmark bringing extreme snowfall rates of 2 to 4 inches per hour and winds gusting to hurricane force along the coast and 50 to 60 mph inland. The heaviest snow was centered over central Rhode Island and southeast Massachusetts where over 30 inches of snow fell. The highest amount for the storm was 37.9 inches at T.F. Green Airport in Rhode Island.  Snow tapered off Monday evening. There was some minor to moderate coastal flooding along the eastern Massachusetts coast but impact from coastal flooding was minimal. This was a record breaking storm in some aspects including state snowfall records for Rhode Island. The storm crippled movement across much of southern New England especially southeast Massachusetts and Rhode Island where plows could not keep up and some municipalities actually halted plowing for a time at the peak. The combination of heavy, wet snow and strong winds led to many power outages especially over southeast Massachusetts where some did not get power for 4+ days. Cape Cod was especially hard hit with power outages.",Generally 12 to 18 inches of snow fell. Some of the highest reports were 20 inches in Malden and 18.5 inches in Winchester. Winds generally gusted 50 to 60 mph.,CSV
202602,22,2200,202602,23,2100,209918,1309219,MASSACHUSETTS,25,2026,February,Blizzard,Z,7,EASTERN ESSEX,BOX,22-FEB-26 22:00:00,EST-5,23-FEB-26 21:00:00,0,0,0,0,0.00K,0.00K,ASOS,,,,,,,,,,,,,,,,,,,,,,"Explosive cyclogenesis of a low pressure center off the Mid Atlantic coast brought a strong winter storm with blizzard conditions to central and eastern Massachusetts as well as Rhode Island on Monday. The storm tracked from east of the Carolinas to the 70w/40n benchmark bringing extreme snowfall rates of 2 to 4 inches per hour and winds gusting to hurricane force along the coast and 50 to 60 mph inland. The heaviest snow was centered over central Rhode Island and southeast Massachusetts where over 30 inches of snow fell. The highest amount for the storm was 37.9 inches at T.F. Green Airport in Rhode Island.  Snow tapered off Monday evening. There was some minor to moderate coastal flooding along the eastern Massachusetts coast but impact from coastal flooding was minimal. This was a record breaking storm in some aspects including state snowfall records for Rhode Island. The storm crippled movement across much of southern New England especially southeast Massachusetts and Rhode Island where plows could not keep up and some municipalities actually halted plowing for a time at the peak. The combination of heavy, wet snow and strong winds led to many power outages especially over southeast Massachusetts where some did not get power for 4+ days. Cape Cod was especially hard hit with power outages.",At the Beverly Airport ASOS (KBVY) blizzard conditions occurred from 615 AM EST to 1245 PM EST. The highest gust was 55 mph at 955 AM EST. Generally 12 to 18 inches of snow fell. The highest amount was 22 inches in Gloucester.,CSV
202602,22,1800,202602,23,2100,209918,1309222,MASSACHUSETTS,25,2026,February,Blizzard,Z,23,DUKES,BOX,22-FEB-26 18:00:00,EST-5,23-FEB-26 21:00:00,0,0,0,0,0.00K,0.00K,ASOS,,,,,,,,,,,,,,,,,,,,,,"Explosive cyclogenesis of a low pressure center off the Mid Atlantic coast brought a strong winter storm with blizzard conditions to central and eastern Massachusetts as well as Rhode Island on Monday. The storm tracked from east of the Carolinas to the 70w/40n benchmark bringing extreme snowfall rates of 2 to 4 inches per hour and winds gusting to hurricane force along the coast and 50 to 60 mph inland. The heaviest snow was centered over central Rhode Island and southeast Massachusetts where over 30 inches of snow fell. The highest amount for the storm was 37.9 inches at T.F. Green Airport in Rhode Island.  Snow tapered off Monday evening. There was some minor to moderate coastal flooding along the eastern Massachusetts coast but impact from coastal flooding was minimal. This was a record breaking storm in some aspects including state snowfall records for Rhode Island. The storm crippled movement across much of southern New England especially southeast Massachusetts and Rhode Island where plows could not keep up and some municipalities actually halted plowing for a time at the peak. The combination of heavy, wet snow and strong winds led to many power outages especially over southeast Massachusetts where some did not get power for 4+ days. Cape Cod was especially hard hit with power outages.",At the Martha's Vineyard Airport ASOS (KMVY) blizzard conditions occurred from 700 AM EST to 1020 AM EST. The highest gust was 71 mph at 645 AM EST. Generally 12-18 inches of snow fell. The highest amount was 20 inches in West Tisbury. Much of the island lost power.,CSV
202602,22,2000,202602,23,1800,209918,1309314,MASSACHUSETTS,25,2026,February,Heavy Snow,Z,8,WESTERN HAMPSHIRE,BOX,22-FEB-26 20:00:00,EST-5,23-FEB-26 18:00:00,0,0,0,0,0.00K,0.00K,Amateur Radio,,,,,,,,,,,,,,,,,,,,,,"Explosive cyclogenesis of a low pressure center off the Mid Atlantic coast brought a strong winter storm with blizzard conditions to central and eastern Massachusetts as well as Rhode Island on Monday. The storm tracked from east of the Carolinas to the 70w/40n benchmark bringing extreme snowfall rates of 2 to 4 inches per hour and winds gusting to hurricane force along the coast and 50 to 60 mph inland. The heaviest snow was centered over central Rhode Island and southeast Massachusetts where over 30 inches of snow fell. The highest amount for the storm was 37.9 inches at T.F. Green Airport in Rhode Island.  Snow tapered off Monday evening. There was some minor to moderate coastal flooding along the eastern Massachusetts coast but impact from coastal flooding was minimal. This was a record breaking storm in some aspects including state snowfall records for Rhode Island. The storm crippled movement across much of southern New England especially southeast Massachusetts and Rhode Island where plows could not keep up and some municipalities actually halted plowing for a time at the peak. The combination of heavy, wet snow and strong winds led to many power outages especially over southeast Massachusetts where some did not get power for 4+ days. Cape Cod was especially hard hit with power outages.",Generally 6 to 8 inches of snow fell.,CSV
202602,22,2000,202602,23,2100,209918,1309319,MASSACHUSETTS,25,2026,February,Winter Storm,Z,16,EASTERN NORFOLK,BOX,22-FEB-26 20:00:00,EST-5,23-FEB-26 21:00:00,0,0,0,0,0.00K,0.00K,Amateur Radio,,,,,,,,,,,,,,,,,,,,,,"Explosive cyclogenesis of a low pressure center off the Mid Atlantic coast brought a strong winter storm with blizzard conditions to central and eastern Massachusetts as well as Rhode Island on Monday. The storm tracked from east of the Carolinas to the 70w/40n benchmark bringing extreme snowfall rates of 2 to 4 inches per hour and winds gusting to hurricane force along the coast and 50 to 60 mph inland. The heaviest snow was centered over central Rhode Island and southeast Massachusetts where over 30 inches of snow fell. The highest amount for the storm was 37.9 inches at T.F. Green Airport in Rhode Island.  Snow tapered off Monday evening. There was some minor to moderate coastal flooding along the eastern Massachusetts coast but impact from coastal flooding was minimal. This was a record breaking storm in some aspects including state snowfall records for Rhode Island. The storm crippled movement across much of southern New England especially southeast Massachusetts and Rhode Island where plows could not keep up and some municipalities actually halted plowing for a time at the peak. The combination of heavy, wet snow and strong winds led to many power outages especially over southeast Massachusetts where some did not get power for 4+ days. Cape Cod was especially hard hit with power outages.",Generally 18 to 24 inches of snow fell. Some of the highest amounts were 25 inches in Weymouth and 24.1 inches in Milton. Winds generally gusted 50 to 60 mph.,CSV
202602,22,1800,202602,23,2100,209918,1309223,MASSACHUSETTS,25,2026,February,Blizzard,Z,20,SOUTHERN BRISTOL,BOX,22-FEB-26 18:00:00,EST-5,23-FEB-26 21:00:00,0,0,0,0,0.00K,0.00K,ASOS,,,,,,,,,,,,,,,,,,,,,,"Explosive cyclogenesis of a low pressure center off the Mid Atlantic coast brought a strong winter storm with blizzard conditions to central and eastern Massachusetts as well as Rhode Island on Monday. The storm tracked from east of the Carolinas to the 70w/40n benchmark bringing extreme snowfall rates of 2 to 4 inches per hour and winds gusting to hurricane force along the coast and 50 to 60 mph inland. The heaviest snow was centered over central Rhode Island and southeast Massachusetts where over 30 inches of snow fell. The highest amount for the storm was 37.9 inches at T.F. Green Airport in Rhode Island.  Snow tapered off Monday evening. There was some minor to moderate coastal flooding along the eastern Massachusetts coast but impact from coastal flooding was minimal. This was a record breaking storm in some aspects including state snowfall records for Rhode Island. The storm crippled movement across much of southern New England especially southeast Massachusetts and Rhode Island where plows could not keep up and some municipalities actually halted plowing for a time at the peak. The combination of heavy, wet snow and strong winds led to many power outages especially over southeast Massachusetts where some did not get power for 4+ days. Cape Cod was especially hard hit with power outages.","At the New Bedford Airport ASOS (KBED) blizzard conditions occurred from 745 AM EST to 400 PM EST. The highest gust was 62 mph at 748 AM EST. New Bedford MA (EWB) observations are not available after 1000 am due to ASOS failure, so end time is estimated. Generally 26-33 inches of snow fell. The highest amount was 37 inches in Bliss Corner.",CSV
202602,22,2000,202602,23,1800,209918,1309315,MASSACHUSETTS,25,2026,February,Heavy Snow,Z,9,WESTERN HAMPDEN,BOX,22-FEB-26 20:00:00,EST-5,23-FEB-26 18:00:00,0,0,0,0,0.00K,0.00K,Amateur Radio,,,,,,,,,,,,,,,,,,,,,,"Explosive cyclogenesis of a low pressure center off the Mid Atlantic coast brought a strong winter storm with blizzard conditions to central and eastern Massachusetts as well as Rhode Island on Monday. The storm tracked from east of the Carolinas to the 70w/40n benchmark bringing extreme snowfall rates of 2 to 4 inches per hour and winds gusting to hurricane force along the coast and 50 to 60 mph inland. The heaviest snow was centered over central Rhode Island and southeast Massachusetts where over 30 inches of snow fell. The highest amount for the storm was 37.9 inches at T.F. Green Airport in Rhode Island.  Snow tapered off Monday evening. There was some minor to moderate coastal flooding along the eastern Massachusetts coast but impact from coastal flooding was minimal. This was a record breaking storm in some aspects including state snowfall records for Rhode Island. The storm crippled movement across much of southern New England especially southeast Massachusetts and Rhode Island where plows could not keep up and some municipalities actually halted plowing for a time at the peak. The combination of heavy, wet snow and strong winds led to many power outages especially over southeast Massachusetts where some did not get power for 4+ days. Cape Cod was especially hard hit with power outages.",Generally 8 to 12 inches of snow fell.,CSV
202602,22,2000,202602,23,2100,209918,1309221,MASSACHUSETTS,25,2026,February,Blizzard,Z,19,EASTERN PLYMOUTH,BOX,22-FEB-26 20:00:00,EST-5,23-FEB-26 21:00:00,0,0,0,0,0.00K,0.00K,ASOS,,,,,,,,,,,,,,,,,,,,,,"Explosive cyclogenesis of a low pressure center off the Mid Atlantic coast brought a strong winter storm with blizzard conditions to central and eastern Massachusetts as well as Rhode Island on Monday. The storm tracked from east of the Carolinas to the 70w/40n benchmark bringing extreme snowfall rates of 2 to 4 inches per hour and winds gusting to hurricane force along the coast and 50 to 60 mph inland. The heaviest snow was centered over central Rhode Island and southeast Massachusetts where over 30 inches of snow fell. The highest amount for the storm was 37.9 inches at T.F. Green Airport in Rhode Island.  Snow tapered off Monday evening. There was some minor to moderate coastal flooding along the eastern Massachusetts coast but impact from coastal flooding was minimal. This was a record breaking storm in some aspects including state snowfall records for Rhode Island. The storm crippled movement across much of southern New England especially southeast Massachusetts and Rhode Island where plows could not keep up and some municipalities actually halted plowing for a time at the peak. The combination of heavy, wet snow and strong winds led to many power outages especially over southeast Massachusetts where some did not get power for 4+ days. Cape Cod was especially hard hit with power outages.","At the Marshfield Airport ASOS (KGHG) blizzard conditions occurred from 415 AM EST to 400 PM EST. Wind observations were not available after 5am. All observations ceased at 255 pm, so the end time was estimated. Generally 25-30 inches of snow fell. The highest amount was 36 inches in Kingston.",CSV
202602,22,2000,202602,23,2000,209918,1309224,MASSACHUSETTS,25,2026,February,Blizzard,Z,13,WESTERN NORFOLK,BOX,22-FEB-26 20:00:00,EST-5,23-FEB-26 20:00:00,0,0,0,0,0.00K,0.00K,ASOS,,,,,,,,,,,,,,,,,,,,,,"Explosive cyclogenesis of a low pressure center off the Mid Atlantic coast brought a strong winter storm with blizzard conditions to central and eastern Massachusetts as well as Rhode Island on Monday. The storm tracked from east of the Carolinas to the 70w/40n benchmark bringing extreme snowfall rates of 2 to 4 inches per hour and winds gusting to hurricane force along the coast and 50 to 60 mph inland. The heaviest snow was centered over central Rhode Island and southeast Massachusetts where over 30 inches of snow fell. The highest amount for the storm was 37.9 inches at T.F. Green Airport in Rhode Island.  Snow tapered off Monday evening. There was some minor to moderate coastal flooding along the eastern Massachusetts coast but impact from coastal flooding was minimal. This was a record breaking storm in some aspects including state snowfall records for Rhode Island. The storm crippled movement across much of southern New England especially southeast Massachusetts and Rhode Island where plows could not keep up and some municipalities actually halted plowing for a time at the peak. The combination of heavy, wet snow and strong winds led to many power outages especially over southeast Massachusetts where some did not get power for 4+ days. Cape Cod was especially hard hit with power outages.",At the Norwood Airport ASOS (KOWD) blizzard conditions occurred from 520 AM EST to 1255 PM EST. The highest gust was 58 mph at 555 AM EST. Generally 18-24 inches of snow fell. The highest amount was 32.5 inches in Sharon.,CSV
202602,7,1300,202602,8,1300,211070,1318662,MASSACHUSETTS,25,2026,February,Extreme Cold/Wind Chill,Z,25,SOUTHERN BERKSHIRE,ALY,07-FEB-26 13:00:00,EST-5,08-FEB-26 13:00:00,0,0,0,0,,,Mesonet,,,,,,,,,,,,,,,,,,,,,,"A strong cold front crossed western Massachusetts during the morning hours on February 7, 2026, ushering in an arctic air mass which remained in place through the morning hours on February 9, 2026. Localized strong winds occurred with the frontal passage during the morning and afternoon hours on February 7 which included a 46 mph wind gust at the Pittsfield Municipal Airport.||The combination of gusty winds and air temperatures falling below zero (as low as 15 degrees below zero in spots) resulted in wind chill values (feels-like temperatures) to fall to between 15 and 30 degrees below zero for many areas during the afternoon or evening hours on February 7 into the morning hours on February 8.||Despite less wind, cold conditions persisted once again during the overnight hours on February 8 into the morning hours on February 9 with air temperatures falling below zero once again (as low as 10 degrees below zero) leading to wind chill values (feels-like temperatures) between 10 and 25 degrees below zero.",,CSV
202602,8,1800,202602,9,1000,211070,1318663,MASSACHUSETTS,25,2026,February,Cold/Wind Chill,Z,1,NORTHERN BERKSHIRE,ALY,08-FEB-26 18:00:00,EST-5,09-FEB-26 10:00:00,0,0,0,0,,,Mesonet,,,,,,,,,,,,,,,,,,,,,,"A strong cold front crossed western Massachusetts during the morning hours on February 7, 2026, ushering in an arctic air mass which remained in place through the morning hours on February 9, 2026. Localized strong winds occurred with the frontal passage during the morning and afternoon hours on February 7 which included a 46 mph wind gust at the Pittsfield Municipal Airport.||The combination of gusty winds and air temperatures falling below zero (as low as 15 degrees below zero in spots) resulted in wind chill values (feels-like temperatures) to fall to between 15 and 30 degrees below zero for many areas during the afternoon or evening hours on February 7 into the morning hours on February 8.||Despite less wind, cold conditions persisted once again during the overnight hours on February 8 into the morning hours on February 9 with air temperatures falling below zero once again (as low as 10 degrees below zero) leading to wind chill values (feels-like temperatures) between 10 and 25 degrees below zero.",,CSV
202602,8,1800,202602,9,1000,211070,1318664,MASSACHUSETTS,25,2026,February,Cold/Wind Chill,Z,25,SOUTHERN BERKSHIRE,ALY,08-FEB-26 18:00:00,EST-5,09-FEB-26 10:00:00,0,0,0,0,,,Mesonet,,,,,,,,,,,,,,,,,,,,,,"A strong cold front crossed western Massachusetts during the morning hours on February 7, 2026, ushering in an arctic air mass which remained in place through the morning hours on February 9, 2026. Localized strong winds occurred with the frontal passage during the morning and afternoon hours on February 7 which included a 46 mph wind gust at the Pittsfield Municipal Airport.||The combination of gusty winds and air temperatures falling below zero (as low as 15 degrees below zero in spots) resulted in wind chill values (feels-like temperatures) to fall to between 15 and 30 degrees below zero for many areas during the afternoon or evening hours on February 7 into the morning hours on February 8.||Despite less wind, cold conditions persisted once again during the overnight hours on February 8 into the morning hours on February 9 with air temperatures falling below zero once again (as low as 10 degrees below zero) leading to wind chill values (feels-like temperatures) between 10 and 25 degrees below zero.",,CSV
202602,22,2000,202602,23,1652,211352,1320398,MASSACHUSETTS,25,2026,February,Winter Storm,Z,25,SOUTHERN BERKSHIRE,ALY,22-FEB-26 20:00:00,EST-5,23-FEB-26 16:52:00,0,0,0,0,,,CoCoRaHS,,,,,,,,,,,,,,,,,,,,,,"A highly anticipated, highly impactful Nor'easter struck western Massachusetts on the evening of Sunday, February 22 through the afternoon of Monday, February 23, 2026. Tracking along the East Coast and rapidly intensifying as it approached the 40 latitude/70 longitude benchmark, this system quickly gained national attention not only for its projected widespread blizzard conditions across many high profile, highly populated areas, but for the complexity of its forecast.||Confidence increased sufficiently for forecasters at National Weather Service Albany to issue a Winter Storm Warning for Berkshire County ahead of the onset of the storm. Once snow began, it didn't take long for rates to become moderate to heavy, particularly across southern Berkshire County where anywhere from about 8 to 12 inches was reported. That said, northern Berkshire County also recorded significant snowfall totals ranging from about 4 to 10 inches. And while blizzard conditions were not a threat across this region, gusty winds did reduce visibility at times, making travel particularly difficult when combined with snow covered roadways. Many schools; local businesses; and roadways were closed as a result of this event. ||Key Impacts: road closures, traffic accidents, school closures.",Zone average snowfall of 8.2 inches.,CSV
202602,20,900,202602,21,303,211316,1320157,MASSACHUSETTS,25,2026,February,Winter Weather,Z,1,NORTHERN BERKSHIRE,ALY,20-FEB-26 09:00:00,EST-5,21-FEB-26 03:03:00,0,0,0,0,,,CoCoRaHS,,,,,,,,,,,,,,,,,,,,,,"A low pressure system tracking through the Great Lakes lifted a series of fronts through western Massachusetts, resulting in widespread precipitation from Friday, February 20 through Saturday, February 21, 2026. Most of this precipitation fell in the form of snow, though some of the highest elevations of the Berkshire Mountains received minimal accumulations of freezing rain and sleet with some lower-lying areas conversely receiving some plain rain. ||The highest accumulations of snow fell across portions of the northern Berkshires where about 4 to 7 inches were recorded. Across lower elevations, about 1 to 3 inches were common. Fortunately, freezing rain accumulations were more apparent based on radar products rather than in ground-truth observations so little in the way of impacts occurred due to ice accretion. ||Key impacts: traffic accidents.",Zone average snowfall of 4.9 inches.,CSV
202602,7,600,202602,7,1600,211070,1318660,MASSACHUSETTS,25,2026,February,Strong Wind,Z,1,NORTHERN BERKSHIRE,ALY,07-FEB-26 06:00:00,EST-5,07-FEB-26 16:00:00,0,0,0,0,,,ASOS,40.00,MG,,,,,,,,,,,,,,,,,,,,"A strong cold front crossed western Massachusetts during the morning hours on February 7, 2026, ushering in an arctic air mass which remained in place through the morning hours on February 9, 2026. Localized strong winds occurred with the frontal passage during the morning and afternoon hours on February 7 which included a 46 mph wind gust at the Pittsfield Municipal Airport.||The combination of gusty winds and air temperatures falling below zero (as low as 15 degrees below zero in spots) resulted in wind chill values (feels-like temperatures) to fall to between 15 and 30 degrees below zero for many areas during the afternoon or evening hours on February 7 into the morning hours on February 8.||Despite less wind, cold conditions persisted once again during the overnight hours on February 8 into the morning hours on February 9 with air temperatures falling below zero once again (as low as 10 degrees below zero) leading to wind chill values (feels-like temperatures) between 10 and 25 degrees below zero.",A 46 mph wind gust was recorded at the Pittsfield Municipal Airport.,CSV
202602,7,1300,202602,8,1300,211070,1318661,MASSACHUSETTS,25,2026,February,Extreme Cold/Wind Chill,Z,1,NORTHERN BERKSHIRE,ALY,07-FEB-26 13:00:00,EST-5,08-FEB-26 13:00:00,0,0,0,0,,,Mesonet,,,,,,,,,,,,,,,,,,,,,,"A strong cold front crossed western Massachusetts during the morning hours on February 7, 2026, ushering in an arctic air mass which remained in place through the morning hours on February 9, 2026. Localized strong winds occurred with the frontal passage during the morning and afternoon hours on February 7 which included a 46 mph wind gust at the Pittsfield Municipal Airport.||The combination of gusty winds and air temperatures falling below zero (as low as 15 degrees below zero in spots) resulted in wind chill values (feels-like temperatures) to fall to between 15 and 30 degrees below zero for many areas during the afternoon or evening hours on February 7 into the morning hours on February 8.||Despite less wind, cold conditions persisted once again during the overnight hours on February 8 into the morning hours on February 9 with air temperatures falling below zero once again (as low as 10 degrees below zero) leading to wind chill values (feels-like temperatures) between 10 and 25 degrees below zero.",,CSV
202603,31,2006,202603,31,2006,210683,1315632,MASSACHUSETTS,25,2026,March,Lightning,C,11,FRANKLIN,BOX,31-MAR-26 20:06:00,EST-5,31-MAR-26 20:06:00,0,0,0,0,1.00K,0.00K,Fire Department/Rescue,,,,,,,,,,,,.69,N,TURNERS FALLS,.69,N,TURNERS FALLS,42.61,-72.55,42.61,-72.55,A front brough a messy line of convection to western and central Massachusetts Tuesday evening which caused some limited wind damage.,"In Gill, lightning struck a tree which downed powerlines on Main Rd.",CSV
202603,31,2000,202603,31,2000,210683,1315633,MASSACHUSETTS,25,2026,March,Thunderstorm Wind,C,11,FRANKLIN,BOX,31-MAR-26 20:00:00,EST-5,31-MAR-26 20:00:00,0,0,0,0,0.50K,0.00K,Law Enforcement,50.00,EG,,,,,,,,,,1.23,NE,BUCKLAND FOUR CORNER,1.23,NE,BUCKLAND FOUR CORNER,42.58,-72.78,42.58,-72.78,A front brough a messy line of convection to western and central Massachusetts Tuesday evening which caused some limited wind damage.,"In Buckland, a tree was downed on East Buckland Rd.",CSV
202603,31,1950,202603,31,1950,210683,1315634,MASSACHUSETTS,25,2026,March,Thunderstorm Wind,C,11,FRANKLIN,BOX,31-MAR-26 19:50:00,EST-5,31-MAR-26 19:50:00,0,0,0,0,0.50K,0.00K,Law Enforcement,50.00,EG,,,,,,,,,,1.53,W,EAST CHARLEMONT,1.53,W,EAST CHARLEMONT,42.62,-72.83,42.62,-72.83,A front brough a messy line of convection to western and central Massachusetts Tuesday evening which caused some limited wind damage.,"In Charlemont, a tree was down blocking Rt. 2 around mile marker 26.",CSV
202602,1,2300,202602,2,900,211042,1318487,MASSACHUSETTS,25,2026,February,Cold/Wind Chill,Z,1,NORTHERN BERKSHIRE,ALY,01-FEB-26 23:00:00,EST-5,02-FEB-26 09:00:00,0,0,0,0,,,ASOS,,,,,,,,,,,,,,,,,,,,,,"A cold air mass persisted across western Massachusetts during the early morning hours on February 2, 2026. The combination of cold temperatures and a lingering breeze resulted in some wind chill values (or feels-like temperatures) to reach 10 to 20 degrees below zero, though coverage was not as widespread as previous days.",,CSV
202602,1,2300,202602,2,900,211042,1318488,MASSACHUSETTS,25,2026,February,Cold/Wind Chill,Z,25,SOUTHERN BERKSHIRE,ALY,01-FEB-26 23:00:00,EST-5,02-FEB-26 09:00:00,0,0,0,0,,,Mesonet,,,,,,,,,,,,,,,,,,,,,,"A cold air mass persisted across western Massachusetts during the early morning hours on February 2, 2026. The combination of cold temperatures and a lingering breeze resulted in some wind chill values (or feels-like temperatures) to reach 10 to 20 degrees below zero, though coverage was not as widespread as previous days.",,CSV
202602,22,2100,202602,23,1652,211352,1320399,MASSACHUSETTS,25,2026,February,Winter Storm,Z,1,NORTHERN BERKSHIRE,ALY,22-FEB-26 21:00:00,EST-5,23-FEB-26 16:52:00,0,0,0,0,,,CoCoRaHS,,,,,,,,,,,,,,,,,,,,,,"A highly anticipated, highly impactful Nor'easter struck western Massachusetts on the evening of Sunday, February 22 through the afternoon of Monday, February 23, 2026. Tracking along the East Coast and rapidly intensifying as it approached the 40 latitude/70 longitude benchmark, this system quickly gained national attention not only for its projected widespread blizzard conditions across many high profile, highly populated areas, but for the complexity of its forecast.||Confidence increased sufficiently for forecasters at National Weather Service Albany to issue a Winter Storm Warning for Berkshire County ahead of the onset of the storm. Once snow began, it didn't take long for rates to become moderate to heavy, particularly across southern Berkshire County where anywhere from about 8 to 12 inches was reported. That said, northern Berkshire County also recorded significant snowfall totals ranging from about 4 to 10 inches. And while blizzard conditions were not a threat across this region, gusty winds did reduce visibility at times, making travel particularly difficult when combined with snow covered roadways. Many schools; local businesses; and roadways were closed as a result of this event. ||Key Impacts: road closures, traffic accidents, school closures.",Zone average snowfall of 6 inches.,CSV
202602,20,900,202602,21,303,211316,1320158,MASSACHUSETTS,25,2026,February,Winter Weather,Z,25,SOUTHERN BERKSHIRE,ALY,20-FEB-26 09:00:00,EST-5,21-FEB-26 03:03:00,0,0,0,0,,,CoCoRaHS,,,,,,,,,,,,,,,,,,,,,,"A low pressure system tracking through the Great Lakes lifted a series of fronts through western Massachusetts, resulting in widespread precipitation from Friday, February 20 through Saturday, February 21, 2026. Most of this precipitation fell in the form of snow, though some of the highest elevations of the Berkshire Mountains received minimal accumulations of freezing rain and sleet with some lower-lying areas conversely receiving some plain rain. ||The highest accumulations of snow fell across portions of the northern Berkshires where about 4 to 7 inches were recorded. Across lower elevations, about 1 to 3 inches were common. Fortunately, freezing rain accumulations were more apparent based on radar products rather than in ground-truth observations so little in the way of impacts occurred due to ice accretion. ||Key impacts: traffic accidents.",Zone average snowfall of 2.3 inches.,CSV
202602,1,0,202602,1,1000,211039,1318466,MASSACHUSETTS,25,2026,February,Cold/Wind Chill,Z,1,NORTHERN BERKSHIRE,ALY,01-FEB-26 00:00:00,EST-5,01-FEB-26 10:00:00,0,0,0,0,,,ASOS,,,,,,,,,,,,,,,,,,,,,,A multi-day period of frigid conditions continued into the beginning of February across much of western Massachusetts. Wind chill values during the morning hours on February 1 dropped to as low as 10 to 20 degrees below zero for most areas.,,CSV
202602,1,0,202602,1,1000,211039,1318467,MASSACHUSETTS,25,2026,February,Cold/Wind Chill,Z,25,SOUTHERN BERKSHIRE,ALY,01-FEB-26 00:00:00,EST-5,01-FEB-26 10:00:00,0,0,0,0,,,Mesonet,,,,,,,,,,,,,,,,,,,,,,A multi-day period of frigid conditions continued into the beginning of February across much of western Massachusetts. Wind chill values during the morning hours on February 1 dropped to as low as 10 to 20 degrees below zero for most areas.,,CSV
202601,25,1100,202601,27,400,209121,1302857,MASSACHUSETTS,25,2026,January,Heavy Snow,Z,22,BARNSTABLE,BOX,25-JAN-26 11:00:00,EST-5,27-JAN-26 04:00:00,0,0,0,0,0.00K,0.00K,Trained Spotter,,,,,,,,,,,,,,,,,,,,,,"A low pressure moved through the eastern U.S. bringing a plume of deep moisture over top of an arctic airmass which brough 1-2 feet of snow to southern New England Sunday through Tuesday morning. The biggest total was 27 inches in Gloucester, MA.",Generally11 to 15  inches of snow fell with some of the highest being 17 inches in Wellfleet and 15.5 inches in Barnstable.,CSV
202601,25,1000,202601,27,200,209121,1302859,MASSACHUSETTS,25,2026,January,Heavy Snow,Z,17,NORTHERN BRISTOL,BOX,25-JAN-26 10:00:00,EST-5,27-JAN-26 02:00:00,0,0,0,0,0.00K,0.00K,Trained Spotter,,,,,,,,,,,,,,,,,,,,,,"A low pressure moved through the eastern U.S. bringing a plume of deep moisture over top of an arctic airmass which brough 1-2 feet of snow to southern New England Sunday through Tuesday morning. The biggest total was 27 inches in Gloucester, MA.",Generally 15 to 17 inches of snow fell with some of the highest being 18 inches in Mansfield and 17.5 inches in Taunton.,CSV
202601,25,1000,202601,27,200,209121,1302863,MASSACHUSETTS,25,2026,January,Heavy Snow,Z,20,SOUTHERN BRISTOL,BOX,25-JAN-26 10:00:00,EST-5,27-JAN-26 02:00:00,0,0,0,0,0.00K,0.00K,Trained Spotter,,,,,,,,,,,,,,,,,,,,,,"A low pressure moved through the eastern U.S. bringing a plume of deep moisture over top of an arctic airmass which brough 1-2 feet of snow to southern New England Sunday through Tuesday morning. The biggest total was 27 inches in Gloucester, MA.",Generally 13 to 16 inches of snow fell with one of the highest being 17.3 inches in Acushnet.,CSV
202601,25,900,202601,27,300,209121,1302875,MASSACHUSETTS,25,2026,January,Heavy Snow,Z,23,DUKES,BOX,25-JAN-26 09:00:00,EST-5,27-JAN-26 03:00:00,0,0,0,0,0.00K,0.00K,Trained Spotter,,,,,,,,,,,,,,,,,,,,,,"A low pressure moved through the eastern U.S. bringing a plume of deep moisture over top of an arctic airmass which brough 1-2 feet of snow to southern New England Sunday through Tuesday morning. The biggest total was 27 inches in Gloucester, MA.",Generally 11 to 15 inches of snow fell with some of the highest being 13.1 inches in West Tisbur and 13 inches in Vineyard Haven.,CSV
202601,25,1100,202601,27,500,209121,1302957,MASSACHUSETTS,25,2026,January,Heavy Snow,Z,18,WESTERN PLYMOUTH,BOX,25-JAN-26 11:00:00,EST-5,27-JAN-26 05:00:00,0,0,0,0,0.00K,0.00K,Trained Spotter,,,,,,,,,,,,,,,,,,,,,,"A low pressure moved through the eastern U.S. bringing a plume of deep moisture over top of an arctic airmass which brough 1-2 feet of snow to southern New England Sunday through Tuesday morning. The biggest total was 27 inches in Gloucester, MA.",Generally 17 to 19  inches of snow fell with some of the highest being  23.1 inches in Pembroke and 17.5 inches in Middleborough.,CSV
202601,25,1000,202601,27,400,209121,1302958,MASSACHUSETTS,25,2026,January,Heavy Snow,Z,15,SUFFOLK,BOX,25-JAN-26 10:00:00,EST-5,27-JAN-26 04:00:00,0,0,0,0,0.00K,0.00K,Trained Spotter,,,,,,,,,,,,,,,,,,,,,,"A low pressure moved through the eastern U.S. bringing a plume of deep moisture over top of an arctic airmass which brough 1-2 feet of snow to southern New England Sunday through Tuesday morning. The biggest total was 27 inches in Gloucester, MA.",Generally 18 to 23  inches of snow fell with some of the highest being 23.2 inches at Logan Airport and 22.1 inches in West Roxbury.,CSV
202601,25,1000,202601,27,0,209121,1302959,MASSACHUSETTS,25,2026,January,Heavy Snow,Z,4,NORTHERN WORCESTER,BOX,25-JAN-26 10:00:00,EST-5,27-JAN-26 00:00:00,0,0,0,0,0.00K,0.00K,Trained Spotter,,,,,,,,,,,,,,,,,,,,,,"A low pressure moved through the eastern U.S. bringing a plume of deep moisture over top of an arctic airmass which brough 1-2 feet of snow to southern New England Sunday through Tuesday morning. The biggest total was 27 inches in Gloucester, MA.",Generally 15 to 25 inches of snow fell with some of the highest being 25.2 inches in Sterling and 24.8 inches in Leicester.,CSV
202601,25,1100,202601,27,0,209121,1302960,MASSACHUSETTS,25,2026,January,Heavy Snow,Z,26,NORTHWEST MIDDLESEX COUNTY,BOX,25-JAN-26 11:00:00,EST-5,27-JAN-26 00:00:00,0,0,0,0,0.00K,0.00K,Trained Spotter,,,,,,,,,,,,,,,,,,,,,,"A low pressure moved through the eastern U.S. bringing a plume of deep moisture over top of an arctic airmass which brough 1-2 feet of snow to southern New England Sunday through Tuesday morning. The biggest total was 27 inches in Gloucester, MA.",Generally 17 to 21 inches of snow fell.,CSV
202601,25,900,202601,26,0,209121,1302961,MASSACHUSETTS,25,2026,January,Heavy Snow,Z,12,SOUTHERN WORCESTER,BOX,25-JAN-26 09:00:00,EST-5,26-JAN-26 00:00:00,0,0,0,0,0.00K,0.00K,Trained Spotter,,,,,,,,,,,,,,,,,,,,,,"A low pressure moved through the eastern U.S. bringing a plume of deep moisture over top of an arctic airmass which brough 1-2 feet of snow to southern New England Sunday through Tuesday morning. The biggest total was 27 inches in Gloucester, MA.",Generally 14 to 18 inches of snow fell with one of the highest being 22.4 inches at Worcester Airport.,CSV
202601,25,1100,202601,27,500,209121,1302878,MASSACHUSETTS,25,2026,January,Heavy Snow,Z,7,EASTERN ESSEX,BOX,25-JAN-26 11:00:00,EST-5,27-JAN-26 05:00:00,0,0,0,0,0.00K,0.00K,Trained Spotter,,,,,,,,,,,,,,,,,,,,,,"A low pressure moved through the eastern U.S. bringing a plume of deep moisture over top of an arctic airmass which brough 1-2 feet of snow to southern New England Sunday through Tuesday morning. The biggest total was 27 inches in Gloucester, MA.",Generally 18 to 27 inches of snow fell with some of the highest being 27 inches in Gloucester (biggest of the storm anywhere in southern New England) and 26 inches in Ipswich.,CSV
202602,22,2200,202602,23,1800,209918,1309311,MASSACHUSETTS,25,2026,February,Heavy Snow,Z,3,EASTERN FRANKLIN,BOX,22-FEB-26 22:00:00,EST-5,23-FEB-26 18:00:00,0,0,0,0,0.00K,0.00K,Amateur Radio,,,,,,,,,,,,,,,,,,,,,,"Explosive cyclogenesis of a low pressure center off the Mid Atlantic coast brought a strong winter storm with blizzard conditions to central and eastern Massachusetts as well as Rhode Island on Monday. The storm tracked from east of the Carolinas to the 70w/40n benchmark bringing extreme snowfall rates of 2 to 4 inches per hour and winds gusting to hurricane force along the coast and 50 to 60 mph inland. The heaviest snow was centered over central Rhode Island and southeast Massachusetts where over 30 inches of snow fell. The highest amount for the storm was 37.9 inches at T.F. Green Airport in Rhode Island.  Snow tapered off Monday evening. There was some minor to moderate coastal flooding along the eastern Massachusetts coast but impact from coastal flooding was minimal. This was a record breaking storm in some aspects including state snowfall records for Rhode Island. The storm crippled movement across much of southern New England especially southeast Massachusetts and Rhode Island where plows could not keep up and some municipalities actually halted plowing for a time at the peak. The combination of heavy, wet snow and strong winds led to many power outages especially over southeast Massachusetts where some did not get power for 4+ days. Cape Cod was especially hard hit with power outages.",Generally 5 to 7 inches of snow fell. The highest amount reported was 6.7 inches in Orange.,CSV
202601,25,1100,202601,27,500,209121,1302881,MASSACHUSETTS,25,2026,January,Heavy Snow,Z,6,WESTERN ESSEX,BOX,25-JAN-26 11:00:00,EST-5,27-JAN-26 05:00:00,0,0,0,0,0.00K,0.00K,Trained Spotter,,,,,,,,,,,,,,,,,,,,,,"A low pressure moved through the eastern U.S. bringing a plume of deep moisture over top of an arctic airmass which brough 1-2 feet of snow to southern New England Sunday through Tuesday morning. The biggest total was 27 inches in Gloucester, MA.",Generally 18 to 21 inches of snow fell with some of the highest being 23.5 inches in both Middleton and Groveland.,CSV
202601,25,800,202601,26,2200,209121,1302884,MASSACHUSETTS,25,2026,January,Heavy Snow,Z,3,EASTERN FRANKLIN,BOX,25-JAN-26 08:00:00,EST-5,26-JAN-26 22:00:00,0,0,0,0,0.00K,0.00K,Trained Spotter,,,,,,,,,,,,,,,,,,,,,,"A low pressure moved through the eastern U.S. bringing a plume of deep moisture over top of an arctic airmass which brough 1-2 feet of snow to southern New England Sunday through Tuesday morning. The biggest total was 27 inches in Gloucester, MA.",Generally 12 to 15 inches of snow fell with some of the highest being 16.7 inches in Orange and 15 inches in Turners Falls.,CSV
202601,25,900,202601,27,2200,209121,1302887,MASSACHUSETTS,25,2026,January,Heavy Snow,Z,2,WESTERN FRANKLIN,BOX,25-JAN-26 09:00:00,EST-5,27-JAN-26 22:00:00,0,0,0,0,0.00K,0.00K,Trained Spotter,,,,,,,,,,,,,,,,,,,,,,"A low pressure moved through the eastern U.S. bringing a plume of deep moisture over top of an arctic airmass which brough 1-2 feet of snow to southern New England Sunday through Tuesday morning. The biggest total was 27 inches in Gloucester, MA.",Generally 12 to 18 inches of snow fell with some of the highest being 17.8 inches in East Hawley and 17 inches in Ashfield.,CSV
202601,25,900,202601,26,2200,209121,1302913,MASSACHUSETTS,25,2026,January,Heavy Snow,Z,11,EASTERN HAMPDEN,BOX,25-JAN-26 09:00:00,EST-5,26-JAN-26 22:00:00,0,0,0,0,0.00K,0.00K,Trained Spotter,,,,,,,,,,,,,,,,,,,,,,"A low pressure moved through the eastern U.S. bringing a plume of deep moisture over top of an arctic airmass which brough 1-2 feet of snow to southern New England Sunday through Tuesday morning. The biggest total was 27 inches in Gloucester, MA.",Generally 14 to 20 inches of snow fell with some of the highest being 21.5 inches in Westfield and 20 inches in Holland.,CSV
202601,25,900,202601,26,2200,209121,1302916,MASSACHUSETTS,25,2026,January,Heavy Snow,Z,9,WESTERN HAMPDEN,BOX,25-JAN-26 09:00:00,EST-5,26-JAN-26 22:00:00,0,0,0,0,0.00K,0.00K,Trained Spotter,,,,,,,,,,,,,,,,,,,,,,"A low pressure moved through the eastern U.S. bringing a plume of deep moisture over top of an arctic airmass which brough 1-2 feet of snow to southern New England Sunday through Tuesday morning. The biggest total was 27 inches in Gloucester, MA.",Generally 17 to 20 inches of snow fell with one of the highest being 19.9 inches in Russell.,CSV
202601,11,1700,202601,12,600,209868,1308837,MASSACHUSETTS,25,2026,January,High Wind,Z,1,NORTHERN BERKSHIRE,ALY,11-JAN-26 17:00:00,EST-5,12-JAN-26 06:00:00,0,0,0,0,,,ASOS,51.00,MG,,,,,,,,,,,,,,,,,,,,"Strong winds developed in the wake of a cold front across western Massachusetts from the late afternoon hours on January 11 to the early morning hours on January 12, 2026. Peak wind gusts over 50 mph were observed in some locations including a 52 mph wind gust at the North Adams Harriman-and-West Airport and 59 mph at the Pittsfield Municipal Airport.",,CSV
202602,22,1900,202602,23,2100,209918,1309220,MASSACHUSETTS,25,2026,February,Blizzard,Z,22,BARNSTABLE,BOX,22-FEB-26 19:00:00,EST-5,23-FEB-26 21:00:00,0,0,0,0,0.00K,0.00K,ASOS,,,,,,,,,,,,,,,,,,,,,,"Explosive cyclogenesis of a low pressure center off the Mid Atlantic coast brought a strong winter storm with blizzard conditions to central and eastern Massachusetts as well as Rhode Island on Monday. The storm tracked from east of the Carolinas to the 70w/40n benchmark bringing extreme snowfall rates of 2 to 4 inches per hour and winds gusting to hurricane force along the coast and 50 to 60 mph inland. The heaviest snow was centered over central Rhode Island and southeast Massachusetts where over 30 inches of snow fell. The highest amount for the storm was 37.9 inches at T.F. Green Airport in Rhode Island.  Snow tapered off Monday evening. There was some minor to moderate coastal flooding along the eastern Massachusetts coast but impact from coastal flooding was minimal. This was a record breaking storm in some aspects including state snowfall records for Rhode Island. The storm crippled movement across much of southern New England especially southeast Massachusetts and Rhode Island where plows could not keep up and some municipalities actually halted plowing for a time at the peak. The combination of heavy, wet snow and strong winds led to many power outages especially over southeast Massachusetts where some did not get power for 4+ days. Cape Cod was especially hard hit with power outages.","At the Chatham Airport ASOS (KCQX) blizzard conditions occurred from 625 AM EST to 530 PM EST. The highest gust was 72 mph at 604 AM EST. Chatham MA (KCQX) observations are not available after 930 am due to ASOS failure, so end time is estimated. The Falmouth Airport ASOS (KFMH) had blizzard conditions from 200 AM EST to 400 PM EST. A reliable observer measured a wind gust of 80 mph in Falmouth.  At the Hyannis Airport ASOS (KHYA) blizzard conditions were reported between 520 AM EST and 530 PM EST. Generally 12-20 inches of snow fell. The highest amount was 21 inches in Forestdale. Cape Cod suffered nearly total power outage for a time, and power outages stretched well into the middle and end of the week.",CSV
202601,25,900,202601,26,2200,209121,1302927,MASSACHUSETTS,25,2026,January,Heavy Snow,Z,10,EASTERN HAMPSHIRE,BOX,25-JAN-26 09:00:00,EST-5,26-JAN-26 22:00:00,0,0,0,0,0.00K,0.00K,Trained Spotter,,,,,,,,,,,,,,,,,,,,,,"A low pressure moved through the eastern U.S. bringing a plume of deep moisture over top of an arctic airmass which brough 1-2 feet of snow to southern New England Sunday through Tuesday morning. The biggest total was 27 inches in Gloucester, MA.",Generally 12 to 15 inches of snow fell with some of the highest being 17 inches in Amherst and 15.6 inches in Easthampton.,CSV
202601,25,1100,202601,27,500,209121,1302956,MASSACHUSETTS,25,2026,January,Heavy Snow,Z,19,EASTERN PLYMOUTH,BOX,25-JAN-26 11:00:00,EST-5,27-JAN-26 05:00:00,0,0,0,0,0.00K,0.00K,Trained Spotter,,,,,,,,,,,,,,,,,,,,,,"A low pressure moved through the eastern U.S. bringing a plume of deep moisture over top of an arctic airmass which brough 1-2 feet of snow to southern New England Sunday through Tuesday morning. The biggest total was 27 inches in Gloucester, MA.",Generally 15 to 20 inches of snow fell with some of the highest being 24 inches in Kingston and 19.7 inches in Marshfield.,CSV
202601,25,900,202601,26,2200,209121,1302932,MASSACHUSETTS,25,2026,January,Heavy Snow,Z,8,WESTERN HAMPSHIRE,BOX,25-JAN-26 09:00:00,EST-5,26-JAN-26 22:00:00,0,0,0,0,0.00K,0.00K,Trained Spotter,,,,,,,,,,,,,,,,,,,,,,"A low pressure moved through the eastern U.S. bringing a plume of deep moisture over top of an arctic airmass which brough 1-2 feet of snow to southern New England Sunday through Tuesday morning. The biggest total was 27 inches in Gloucester, MA.",Generally 13 to 17 inches of snow fell with some of the highest being 16 inches in Florence and 13.8 inches in Williamsburg.,CSV
202601,25,1000,202601,27,0,209121,1302940,MASSACHUSETTS,25,2026,January,Heavy Snow,Z,5,WESTERN MIDDLESEX,BOX,25-JAN-26 10:00:00,EST-5,27-JAN-26 00:00:00,0,0,0,0,0.00K,0.00K,Trained Spotter,,,,,,,,,,,,,,,,,,,,,,"A low pressure moved through the eastern U.S. bringing a plume of deep moisture over top of an arctic airmass which brough 1-2 feet of snow to southern New England Sunday through Tuesday morning. The biggest total was 27 inches in Gloucester, MA.",Generally 15 to 18 inches of snow fell with some of the highest being 24 inches in Waltham and 23.4 inches in Lexington.,CSV
202601,25,1100,202601,27,300,209121,1302942,MASSACHUSETTS,25,2026,January,Heavy Snow,Z,14,SOUTHEAST MIDDLESEX,BOX,25-JAN-26 11:00:00,EST-5,27-JAN-26 03:00:00,0,0,0,0,0.00K,0.00K,Trained Spotter,,,,,,,,,,,,,,,,,,,,,,"A low pressure moved through the eastern U.S. bringing a plume of deep moisture over top of an arctic airmass which brough 1-2 feet of snow to southern New England Sunday through Tuesday morning. The biggest total was 27 inches in Gloucester, MA.",Generally 16 to 22  inches of snow fell with some of the highest being 24 inches in Waltham and 23.4 inches in Lexington.,CSV
202601,25,1000,202601,27,200,209121,1302945,MASSACHUSETTS,25,2026,January,Heavy Snow,Z,13,WESTERN NORFOLK,BOX,25-JAN-26 10:00:00,EST-5,27-JAN-26 02:00:00,0,0,0,0,0.00K,0.00K,Trained Spotter,,,,,,,,,,,,,,,,,,,,,,"A low pressure moved through the eastern U.S. bringing a plume of deep moisture over top of an arctic airmass which brough 1-2 feet of snow to southern New England Sunday through Tuesday morning. The biggest total was 27 inches in Gloucester, MA.",Generally 15 to 18  inches of snow fell with some of the highest being 22 inches in Randolph and 19.7 inches in Norwood.,CSV
202601,25,900,202601,27,300,209121,1302953,MASSACHUSETTS,25,2026,January,Heavy Snow,Z,16,EASTERN NORFOLK,BOX,25-JAN-26 09:00:00,EST-5,27-JAN-26 03:00:00,0,0,0,0,0.00K,0.00K,Trained Spotter,,,,,,,,,,,,,,,,,,,,,,"A low pressure moved through the eastern U.S. bringing a plume of deep moisture over top of an arctic airmass which brough 1-2 feet of snow to southern New England Sunday through Tuesday morning. The biggest total was 27 inches in Gloucester, MA.",Generally18 to 13  inches of snow fell with some of the highest being 25.3 inches at Blue Hill Observatory in Milton and 22 inches in Milton.,CSV
202606,18,1450,202606,18,1450,212848,1331785,MASSACHUSETTS,25,2026,June,Thunderstorm Wind,C,11,FRANKLIN,BOX,18-JUN-26 14:50:00,EST-5,18-JUN-26 14:50:00,0,0,0,0,1.00K,0.00K,Fire Department/Rescue,50.00,EG,,,,,,,,,,.16,NNE,GREENFIELD,.16,NNE,GREENFIELD,42.602,-72.5985,42.602,-72.5985,A cold front moved through southern New England during the late afternoon and evening. While the bulk of the severe weather remained in northern New England some wind damage was reported in northern MA.,"In Greenfield, multiple trees were down on Beacon St.",CSV
202606,30,1640,202606,30,1640,215505,1353046,MASSACHUSETTS,25,2026,June,Thunderstorm Wind,C,3,BERKSHIRE,ALY,30-JUN-26 16:40:00,EST-5,30-JUN-26 16:40:00,0,0,0,0,,,Amateur Radio,52.00,EG,,,,,,,,,,1.11,WSW,LANESBOROUGH,1.11,WSW,LANESBOROUGH,42.5119,-73.2389,42.5119,-73.2389,"A strong complex of storms, or a mesoscale convective system, tracked into western Massachusetts from northwest to southeast in the early evening of June 30th, 2026. Strong to damaging wind gusts downed some trees and wires in Lanesborough and Savoy, according to the reports of local amateur radio operators.",An Amateur Radio operator reported a tree down on wires along Miner Road in Lanesborough.,CSV
202606,30,1652,202606,30,1652,215505,1353053,MASSACHUSETTS,25,2026,June,Thunderstorm Wind,C,3,BERKSHIRE,ALY,30-JUN-26 16:52:00,EST-5,30-JUN-26 16:52:00,0,0,0,0,0.50K,,Amateur Radio,43.00,EG,,,,,,,,,,2.53,ESE,DRURY,2.53,ESE,DRURY,42.6408,-72.9519,42.6408,-72.9519,"A strong complex of storms, or a mesoscale convective system, tracked into western Massachusetts from northwest to southeast in the early evening of June 30th, 2026. Strong to damaging wind gusts downed some trees and wires in Lanesborough and Savoy, according to the reports of local amateur radio operators.",An Amateur Radio operator reported a tree down on Route 2 in Savoy just before the Charlemont town line.,CSV
202605,19,1724,202605,19,1724,212000,1325339,MASSACHUSETTS,25,2026,May,Thunderstorm Wind,C,21,NORFOLK,BOX,19-MAY-26 17:24:00,EST-5,19-MAY-26 17:24:00,0,0,0,0,5.00K,0.00K,Law Enforcement,50.00,EG,,,,,,,,,,1.38,S,MILTON,1.38,S,MILTON,42.23,-71.08,42.23,-71.08,A weak surface boundary kicked off a marginal line of thunderstorms that produced sporadic wind damage across central and eastern MA.,"In Milton, a tree was down on a car on Ford Ranch Rd.",CSV
202605,19,1725,202605,19,1725,212000,1325340,MASSACHUSETTS,25,2026,May,Thunderstorm Wind,C,21,NORFOLK,BOX,19-MAY-26 17:25:00,EST-5,19-MAY-26 17:25:00,0,0,0,0,0.50K,0.00K,Law Enforcement,50.00,EG,,,,,,,,,,1.24,NE,ROCKVILLE,1.24,NE,ROCKVILLE,42.14,-71.33,42.14,-71.33,A weak surface boundary kicked off a marginal line of thunderstorms that produced sporadic wind damage across central and eastern MA.,"In Norfolk, wires were down on Cleveland St.",CSV
202605,19,1628,202605,19,1628,212000,1325330,MASSACHUSETTS,25,2026,May,Thunderstorm Wind,C,17,MIDDLESEX,BOX,19-MAY-26 16:28:00,EST-5,19-MAY-26 16:28:00,2,0,0,0,5.00K,0.00K,Law Enforcement,50.00,EG,,,,,,,,,,1.68,ENE,WEST CONCORD,1.68,ENE,WEST CONCORD,42.46,-71.39,42.46,-71.39,A weak surface boundary kicked off a marginal line of thunderstorms that produced sporadic wind damage across central and eastern MA.,"In Concord, a tree was down on a car. Two minor injuries were reported.",CSV
202605,19,1632,202605,19,1632,212000,1325331,MASSACHUSETTS,25,2026,May,Thunderstorm Wind,C,17,MIDDLESEX,BOX,19-MAY-26 16:32:00,EST-5,19-MAY-26 16:32:00,0,0,0,0,0.80K,0.00K,Law Enforcement,50.00,EG,,,,,,,,,,1.23,NE,HUDSON,1.23,NE,HUDSON,42.41,-71.55,42.41,-71.55,A weak surface boundary kicked off a marginal line of thunderstorms that produced sporadic wind damage across central and eastern MA.,"In Hudson, a tree and wires were down on Bertha St.",CSV
202605,19,1634,202605,19,1634,212000,1325332,MASSACHUSETTS,25,2026,May,Thunderstorm Wind,C,27,WORCESTER,BOX,19-MAY-26 16:34:00,EST-5,19-MAY-26 16:34:00,0,0,0,0,0.00K,0.00K,ASOS,50.00,EG,,,,,,,,,,.86,NE,(ORH)WORCESTER MUNI,.86,NE,(ORH)WORCESTER MUNI,42.28,-71.87,42.28,-71.87,A weak surface boundary kicked off a marginal line of thunderstorms that produced sporadic wind damage across central and eastern MA.,A peak gust of 59 kts or 68 mph was reported at Worcester airport.,CSV
202605,19,1640,202605,19,1640,212000,1325333,MASSACHUSETTS,25,2026,May,Thunderstorm Wind,C,27,WORCESTER,BOX,19-MAY-26 16:40:00,EST-5,19-MAY-26 16:40:00,0,0,0,0,5.00K,0.00K,Law Enforcement,50.00,EG,,,,,,,,,,1.47,SSW,MORNINGDALE,1.47,SSW,MORNINGDALE,42.3,-71.76,42.3,-71.76,A weak surface boundary kicked off a marginal line of thunderstorms that produced sporadic wind damage across central and eastern MA.,Near Worcester a part of a rubber roof on an Amory building blew off.,CSV
202605,19,1645,202605,19,1645,212000,1325334,MASSACHUSETTS,25,2026,May,Thunderstorm Wind,C,27,WORCESTER,BOX,19-MAY-26 16:45:00,EST-5,19-MAY-26 16:45:00,0,0,0,0,2.00K,0.00K,Amateur Radio,50.00,EG,,,,,,,,,,.86,SW,PAXTON,.86,SW,PAXTON,42.31,-71.94,42.31,-71.94,A weak surface boundary kicked off a marginal line of thunderstorms that produced sporadic wind damage across central and eastern MA.,"In Paxton, trees and wires were down on multiple streets including Holbrook Ln and  West St.",CSV
202605,19,1700,202605,19,1700,212000,1325335,MASSACHUSETTS,25,2026,May,Thunderstorm Wind,C,27,WORCESTER,BOX,19-MAY-26 17:00:00,EST-5,19-MAY-26 17:00:00,0,0,0,0,2.00K,0.00K,Law Enforcement,50.00,EG,,,,,,,,,,0,N,OXFORD,0,N,OXFORD,42.12,-71.87,42.12,-71.87,A weak surface boundary kicked off a marginal line of thunderstorms that produced sporadic wind damage across central and eastern MA.,"In Oxford, trees and wires were down in multiple locations.",CSV
202605,19,1700,202605,19,1700,212000,1325336,MASSACHUSETTS,25,2026,May,Thunderstorm Wind,C,27,WORCESTER,BOX,19-MAY-26 17:00:00,EST-5,19-MAY-26 17:00:00,0,0,0,0,50.00K,0.00K,Amateur Radio,50.00,EG,,,,,,,,,,.86,SW,NORTHBOROUGH,.86,SW,NORTHBOROUGH,42.31,-71.64,42.31,-71.64,A weak surface boundary kicked off a marginal line of thunderstorms that produced sporadic wind damage across central and eastern MA.,"In Northborough, on West St trees and  wires were reported down.",CSV
202605,19,1705,202605,19,1705,212000,1325337,MASSACHUSETTS,25,2026,May,Thunderstorm Wind,C,27,WORCESTER,BOX,19-MAY-26 17:05:00,EST-5,19-MAY-26 17:05:00,0,0,0,0,1.00K,0.00K,Amateur Radio,50.00,EG,,,,,,,,,,.51,E,WEST SUTTON,.51,E,WEST SUTTON,42.12,-71.79,42.12,-71.79,A weak surface boundary kicked off a marginal line of thunderstorms that produced sporadic wind damage across central and eastern MA.,"In Sutton, a tree was down on wires wires causing  them to catch on fire.",CSV
202605,19,1715,202605,19,1715,212000,1325338,MASSACHUSETTS,25,2026,May,Thunderstorm Wind,C,21,NORFOLK,BOX,19-MAY-26 17:15:00,EST-5,19-MAY-26 17:15:00,0,0,0,0,0.10K,0.00K,Amateur Radio,50.00,EG,,,,,,,,,,0,N,NEEDHAM,0,N,NEEDHAM,42.28,-71.23,42.28,-71.23,A weak surface boundary kicked off a marginal line of thunderstorms that produced sporadic wind damage across central and eastern MA.,"In Needham, a large tree branch was down on Great Plain Avenue.",CSV
202605,19,1611,202605,19,1611,212000,1325324,MASSACHUSETTS,25,2026,May,Thunderstorm Wind,C,15,HAMPSHIRE,BOX,19-MAY-26 16:11:00,EST-5,19-MAY-26 16:11:00,0,0,0,0,0.80K,0.00K,Amateur Radio,50.00,EG,,,,,,,,,,.86,SW,COLD SPG,.86,SW,COLD SPG,42.24,-72.36,42.24,-72.36,A weak surface boundary kicked off a marginal line of thunderstorms that produced sporadic wind damage across central and eastern MA.,"In Belchertown, a large tree and wires were down on Michael Sears Rd and North Liberty  St.",CSV
202605,19,1617,202605,19,1617,212000,1325326,MASSACHUSETTS,25,2026,May,Thunderstorm Wind,C,27,WORCESTER,BOX,19-MAY-26 16:17:00,EST-5,19-MAY-26 16:17:00,0,0,0,0,0.80K,0.00K,Law Enforcement,50.00,EG,,,,,,,,,,.69,N,LANCASTER,.69,N,LANCASTER,42.46,-71.67,42.46,-71.67,A weak surface boundary kicked off a marginal line of thunderstorms that produced sporadic wind damage across central and eastern MA.,In Lancaster a tree and wires were down near Havard Road.,CSV
202605,19,1620,202605,19,1620,212000,1325327,MASSACHUSETTS,25,2026,May,Thunderstorm Wind,C,27,WORCESTER,BOX,19-MAY-26 16:20:00,EST-5,19-MAY-26 16:20:00,0,0,0,0,0.80K,0.00K,Trained Spotter,50.00,EG,,,,,,,,,,0,N,LEICESTER,0,N,LEICESTER,42.25,-71.9,42.25,-71.9,A weak surface boundary kicked off a marginal line of thunderstorms that produced sporadic wind damage across central and eastern MA.,In Leicester a large tree was  reported down.,CSV
202605,19,1624,202605,19,1624,212000,1325328,MASSACHUSETTS,25,2026,May,Thunderstorm Wind,C,17,MIDDLESEX,BOX,19-MAY-26 16:24:00,EST-5,19-MAY-26 16:24:00,0,0,0,0,0.30K,0.00K,Law Enforcement,50.00,EG,,,,,,,,,,.86,SW,WEST CONCORD,.86,SW,WEST CONCORD,42.44,-71.43,42.44,-71.43,A weak surface boundary kicked off a marginal line of thunderstorms that produced sporadic wind damage across central and eastern MA.,Near Maynard a tree was reported down on Sudbury  road.,CSV
202605,19,1626,202605,19,1626,212000,1325329,MASSACHUSETTS,25,2026,May,Thunderstorm Wind,C,17,MIDDLESEX,BOX,19-MAY-26 16:26:00,EST-5,19-MAY-26 16:26:00,0,0,0,0,0.30K,0.00K,Trained Spotter,50.00,EG,,,,,,,,,,.86,NW,PINE REST,.86,NW,PINE REST,42.39,-71.44,42.39,-71.44,A weak surface boundary kicked off a marginal line of thunderstorms that produced sporadic wind damage across central and eastern MA.,"In Sudbury, a tree was down blocking half the road on Hudson Rd.",CSV
202603,31,2042,202603,31,2042,212047,1326547,MASSACHUSETTS,25,2026,March,Thunderstorm Wind,C,3,BERKSHIRE,ALY,31-MAR-26 20:42:00,EST-5,31-MAR-26 20:42:00,0,0,0,0,,,Law Enforcement,50.00,EG,,,,,,,,,,.97,SSW,LENOX,.97,SSW,LENOX,42.3584,-73.2905,42.3584,-73.2905,"A low pressure system impacted western Massachusetts on the final day of March of 2026, bringing widespread rainfall and evening thunderstorms as its associated cold front tracked through the region. Over the course of the event, about 0.5 to 1.3 inches of rain fell across western Massachusetts with the heaviest rainfall rates occurring within thunderstorms that tracked just ahead of the boundary in the late evening. While most thunderstorms proved to be sub-severe in strength, an isolated storm did, per radar estimation, produce a severe-level wind gust which downed a tree in Lenox.",Local law enforcement relayed a report of a downed tree in Lenox.,CSV
202603,16,1300,202603,17,1500,212031,1325311,MASSACHUSETTS,25,2026,March,Strong Wind,Z,1,NORTHERN BERKSHIRE,ALY,16-MAR-26 13:00:00,EST-5,17-MAR-26 15:00:00,0,0,0,0,,,ASOS,48.00,MG,,,,,,,,,,,,,,,,,,,,"A strong low pressure system brought a period of strong winds, along with rain, to western Massachusetts on March 16-17, 2026. Winds started in the southerly direction before switching to the west behind the cold front. Widespread wind gusts of 40 to 50 mph were observed with localized gusts to around 55 mph. Approximately 300 customers lost power across Berkshire County.",A 55 mph wind gust was recorded at the Pittsfield Municipal Airport.,CSV
202603,16,1300,202603,17,1500,212031,1325312,MASSACHUSETTS,25,2026,March,Strong Wind,Z,25,SOUTHERN BERKSHIRE,ALY,16-MAR-26 13:00:00,EST-5,17-MAR-26 15:00:00,0,0,0,0,,,Mesonet,45.00,EG,,,,,,,,,,,,,,,,,,,,"A strong low pressure system brought a period of strong winds, along with rain, to western Massachusetts on March 16-17, 2026. Winds started in the southerly direction before switching to the west behind the cold front. Widespread wind gusts of 40 to 50 mph were observed with localized gusts to around 55 mph. Approximately 300 customers lost power across Berkshire County.",,CSV
202606,18,1424,202606,18,1424,215095,1350237,MASSACHUSETTS,25,2026,June,Thunderstorm Wind,C,3,BERKSHIRE,ALY,18-JUN-26 14:24:00,EST-5,18-JUN-26 14:24:00,0,0,0,0,,,Law Enforcement,50.00,EG,,,,,,,,,,.78,ESE,CHESHIRE,.78,ESE,CHESHIRE,42.5648,-73.1564,42.5648,-73.1564,"An anomalously strong low pressure system and frontal system crossed western Massachusetts on June 18, 2026. A complex of showers and thunderstorms downed trees and large branches as it crossed through the area during the afternoon hours.",A large limb was downed blocking School Street in Cheshire.,CSV
202606,18,1442,202606,18,1442,215095,1350239,MASSACHUSETTS,25,2026,June,Thunderstorm Wind,C,3,BERKSHIRE,ALY,18-JUN-26 14:42:00,EST-5,18-JUN-26 14:42:00,0,0,0,0,,,Amateur Radio,50.00,EG,,,,,,,,,,1.96,NNW,PITTSFIELD,1.96,NNW,PITTSFIELD,42.477,-73.2617,42.477,-73.2617,"An anomalously strong low pressure system and frontal system crossed western Massachusetts on June 18, 2026. A complex of showers and thunderstorms downed trees and large branches as it crossed through the area during the afternoon hours.",A tree was downed on wires on Mc Allister Street in the City of Pittsfield.,CSV
202606,18,1443,202606,18,1443,215095,1350240,MASSACHUSETTS,25,2026,June,Thunderstorm Wind,C,3,BERKSHIRE,ALY,18-JUN-26 14:43:00,EST-5,18-JUN-26 14:43:00,0,0,0,0,,,911 Call Center,50.00,EG,,,,,,,,,,1.55,NW,PITTSFIELD,1.55,NW,PITTSFIELD,42.4637,-73.274,42.4637,-73.274,"An anomalously strong low pressure system and frontal system crossed western Massachusetts on June 18, 2026. A complex of showers and thunderstorms downed trees and large branches as it crossed through the area during the afternoon hours.",A tree branch was downed on wires on Lakeway Drive at Burbank Park in the City of Pittsfield.,CSV
202606,18,1447,202606,18,1447,215095,1350241,MASSACHUSETTS,25,2026,June,Thunderstorm Wind,C,3,BERKSHIRE,ALY,18-JUN-26 14:47:00,EST-5,18-JUN-26 14:47:00,0,0,0,0,,,Amateur Radio,50.00,EG,,,,,,,,,,.44,SSW,PITTSFIELD,.44,SSW,PITTSFIELD,42.4439,-73.2524,42.4439,-73.2524,"An anomalously strong low pressure system and frontal system crossed western Massachusetts on June 18, 2026. A complex of showers and thunderstorms downed trees and large branches as it crossed through the area during the afternoon hours.",A tree was downed on Bartlett Avenue in the City of Pittsfield.,CSV
202606,18,1605,202606,18,1605,215095,1350243,MASSACHUSETTS,25,2026,June,Thunderstorm Wind,C,3,BERKSHIRE,ALY,18-JUN-26 16:05:00,EST-5,18-JUN-26 16:05:00,0,0,0,0,,,Trained Spotter,50.00,EG,,,,,,,,,,1.38,N,SHEFFIELD,1.38,N,SHEFFIELD,42.12,-73.35,42.12,-73.35,"An anomalously strong low pressure system and frontal system crossed western Massachusetts on June 18, 2026. A complex of showers and thunderstorms downed trees and large branches as it crossed through the area during the afternoon hours.",Trees were uprooted and snapped along Route 7 in Sheffield based on photos.,CSV
202606,30,1352,202606,30,1352,213319,1335962,MASSACHUSETTS,25,2026,June,Thunderstorm Wind,C,15,HAMPSHIRE,BOX,30-JUN-26 13:52:00,EST-5,30-JUN-26 13:52:00,0,0,0,0,2.00K,0.00K,Trained Spotter,50.00,EG,,,,,,,,,,.4,WSW,CUSHMAN,.4,WSW,CUSHMAN,42.4186,-72.5077,42.4186,-72.5077,A weak mid level shortwave moved through during the afternoon initiating a few strong storms which produced scattered wind damage reports in western MA.,"In North Amherst, there were several trees down on Pine St, Bridge St, and Leverett Rd.",CSV
202606,30,1355,202606,30,1355,213319,1335963,MASSACHUSETTS,25,2026,June,Thunderstorm Wind,C,15,HAMPSHIRE,BOX,30-JUN-26 13:55:00,EST-5,30-JUN-26 13:55:00,0,0,0,0,0.30K,0.00K,Law Enforcement,50.00,EG,,,,,,,,,,1.38,S,CUSHMAN,1.38,S,CUSHMAN,42.4,-72.5,42.4,-72.5,A weak mid level shortwave moved through during the afternoon initiating a few strong storms which produced scattered wind damage reports in western MA.,"In Amherst, a tree was down on North East St.",CSV
202606,30,1400,202606,30,1400,213319,1335964,MASSACHUSETTS,25,2026,June,Thunderstorm Wind,C,15,HAMPSHIRE,BOX,30-JUN-26 14:00:00,EST-5,30-JUN-26 14:00:00,0,0,0,0,1.00K,0.00K,Law Enforcement,50.00,EG,,,,,,,,,,1.02,E,BELCHERTOWN,1.02,E,BELCHERTOWN,42.28,-72.38,42.28,-72.38,A weak mid level shortwave moved through during the afternoon initiating a few strong storms which produced scattered wind damage reports in western MA.,"In Belchertown, several trees were down on Blue Meadow Rd.",CSV
202606,30,1740,202606,30,1740,213319,1335965,MASSACHUSETTS,25,2026,June,Thunderstorm Wind,C,13,HAMPDEN,BOX,30-JUN-26 17:40:00,EST-5,30-JUN-26 17:40:00,0,0,0,0,0.30K,0.00K,Law Enforcement,50.00,EG,,,,,,,,,,.86,SW,MONTGOMERY,.86,SW,MONTGOMERY,42.19,-72.81,42.19,-72.81,A weak mid level shortwave moved through during the afternoon initiating a few strong storms which produced scattered wind damage reports in western MA.,"In Montgomery, a tree was down near the Westfield Reservoir.",CSV
202606,30,1750,202606,30,1750,213319,1335966,MASSACHUSETTS,25,2026,June,Thunderstorm Wind,C,13,HAMPDEN,BOX,30-JUN-26 17:50:00,EST-5,30-JUN-26 17:50:00,0,0,0,0,0.30K,0.00K,Law Enforcement,50.00,EG,,,,,,,,,,.51,W,SOUTHWICK,.51,W,SOUTHWICK,42.05,-72.78,42.05,-72.78,A weak mid level shortwave moved through during the afternoon initiating a few strong storms which produced scattered wind damage reports in western MA.,"In Southwick, a tree was downed onto Eden Hill Rd.",CSV
202604,14,1758,202604,14,1758,213014,1333218,MASSACHUSETTS,25,2026,April,Thunderstorm Wind,C,3,BERKSHIRE,ALY,14-APR-26 17:58:00,EST-5,14-APR-26 17:58:00,0,0,0,0,,,ASOS,51.00,MG,,,,,,,,,,.51,E,(PSF)PITTSFIELD ARPT,.51,E,(PSF)PITTSFIELD ARPT,42.43,-73.29,42.43,-73.29,"Within the warm sector of a low pressure system, sufficient destabilization and increased shear ahead of a prefrontal trough led to the development of scattered showers and thunderstorms that tracked into western Massachusetts on April 14th. In the evening of April 14th, a cluster of thunderstorms morphed into more of a linear segment which produced severe wind gusts that led to reports of tree damage and subsequent traffic delays near Lee and Dalton, Massachusetts. Additionally, the Pittsfield ASOS recorded a peak wind gust of 59 mph when this storm moved over it.",The Pittsfield ASOS measured a wind gust of 59 mph and reported it through an updated METAR at 658 PM.,CSV
202604,14,1758,202604,14,1758,213014,1333211,MASSACHUSETTS,25,2026,April,Thunderstorm Wind,C,3,BERKSHIRE,ALY,14-APR-26 17:58:00,EST-5,14-APR-26 17:58:00,0,0,0,0,,,Amateur Radio,50.00,EG,,,,,,,,,,.91,SSE,LANESBOROUGH,.91,SSE,LANESBOROUGH,42.5084,-73.2114,42.5084,-73.2114,"Within the warm sector of a low pressure system, sufficient destabilization and increased shear ahead of a prefrontal trough led to the development of scattered showers and thunderstorms that tracked into western Massachusetts on April 14th. In the evening of April 14th, a cluster of thunderstorms morphed into more of a linear segment which produced severe wind gusts that led to reports of tree damage and subsequent traffic delays near Lee and Dalton, Massachusetts. Additionally, the Pittsfield ASOS recorded a peak wind gust of 59 mph when this storm moved over it.","An amateur radio operator reported a tree down blocking Swamp Road in Lanesborough, MA.",CSV
202606,6,2028,202606,6,2028,212566,1329695,MASSACHUSETTS,25,2026,June,Lightning,C,13,HAMPDEN,BOX,06-JUN-26 20:28:00,EST-5,06-JUN-26 20:28:00,0,0,0,0,0.30K,0.00K,Law Enforcement,,,,,,,,,,,,.86,SW,NORTH AGAWAM,.86,SW,NORTH AGAWAM,42.09,-72.64,42.09,-72.64,"A cold front swung through the area in the evening kicking off mostly sub severe storms, though a few did produce damaging winds in MA and CT.",In Agawam a tree was down due to lightning.,CSV
202606,6,2110,202606,6,2110,212566,1329696,MASSACHUSETTS,25,2026,June,Thunderstorm Wind,C,27,WORCESTER,BOX,06-JUN-26 21:10:00,EST-5,06-JUN-26 21:10:00,0,0,0,0,0.30K,0.00K,Law Enforcement,50.00,EG,,,,,,,,,,0,N,AUBURN,0,N,AUBURN,42.2,-71.83,42.2,-71.83,"A cold front swung through the area in the evening kicking off mostly sub severe storms, though a few did produce damaging winds in MA and CT.","In Auburn, a tree was down blocking both lanes of travel in  the vicinity of 2 Millbury Street.",CSV
202606,6,2105,202606,6,2105,212566,1329697,MASSACHUSETTS,25,2026,June,Thunderstorm Wind,C,27,WORCESTER,BOX,06-JUN-26 21:05:00,EST-5,06-JUN-26 21:05:00,0,0,0,0,0.80K,0.00K,Fire Department/Rescue,50.00,EG,,,,,,,,,,.82,SW,EDGEMERE,.82,SW,EDGEMERE,42.2424,-71.7424,42.2424,-71.7424,"A cold front swung through the area in the evening kicking off mostly sub severe storms, though a few did produce damaging winds in MA and CT.","In Worcester, power lines were down on Sunderland Rd.",CSV
202606,18,1449,202606,18,1449,212848,1331783,MASSACHUSETTS,25,2026,June,Thunderstorm Wind,C,11,FRANKLIN,BOX,18-JUN-26 14:49:00,EST-5,18-JUN-26 14:49:00,0,0,0,0,0.80K,0.00K,Fire Department/Rescue,50.00,EG,,,,,,,,,,1.52,W,BROOKSIDE KNOLL,1.52,W,BROOKSIDE KNOLL,42.65,-72.61,42.65,-72.61,A cold front moved through southern New England during the late afternoon and evening. While the bulk of the severe weather remained in northern New England some wind damage was reported in northern MA.,"In Bernardston, a tree was down on wires on Eunice Williams Dr.",CSV
202606,18,1450,202606,18,1450,212848,1331784,MASSACHUSETTS,25,2026,June,Thunderstorm Wind,C,11,FRANKLIN,BOX,18-JUN-26 14:50:00,EST-5,18-JUN-26 14:50:00,0,0,0,0,0.50K,0.00K,Fire Department/Rescue,50.00,EG,,,,,,,,,,.86,NW,BAPTIST CORNER,.86,NW,BAPTIST CORNER,42.56,-72.76,42.56,-72.76,A cold front moved through southern New England during the late afternoon and evening. While the bulk of the severe weather remained in northern New England some wind damage was reported in northern MA.,"In Ashfield, a tree was down on March Rd.",CSV
202606,18,1450,202606,18,1450,212848,1331786,MASSACHUSETTS,25,2026,June,Thunderstorm Wind,C,11,FRANKLIN,BOX,18-JUN-26 14:50:00,EST-5,18-JUN-26 14:50:00,0,0,0,0,0.80K,0.00K,Fire Department/Rescue,50.00,EG,,,,,,,,,,0,N,GREENFIELD,0,N,GREENFIELD,42.6,-72.6,42.6,-72.6,A cold front moved through southern New England during the late afternoon and evening. While the bulk of the severe weather remained in northern New England some wind damage was reported in northern MA.,"In Greenfield, a tree was down on wires on Abbott St.",CSV
202606,18,1510,202606,18,1510,212848,1331787,MASSACHUSETTS,25,2026,June,Thunderstorm Wind,C,11,FRANKLIN,BOX,18-JUN-26 15:10:00,EST-5,18-JUN-26 15:10:00,0,0,0,0,0.50K,0.00K,Fire Department/Rescue,50.00,EG,,,,,,,,,,.69,N,WARWICK,.69,N,WARWICK,42.69,-72.33,42.69,-72.33,A cold front moved through southern New England during the late afternoon and evening. While the bulk of the severe weather remained in northern New England some wind damage was reported in northern MA.,"In Warwick, a tree was down on wires on Old Winchester Rd.",CSV
202606,18,1520,202606,18,1520,212848,1331788,MASSACHUSETTS,25,2026,June,Thunderstorm Wind,C,11,FRANKLIN,BOX,18-JUN-26 15:20:00,EST-5,18-JUN-26 15:20:00,0,0,0,0,0.30K,0.00K,Fire Department/Rescue,50.00,EG,,,,,,,,,,1.47,SSW,FARLEY,1.47,SSW,FARLEY,42.58,-72.44,42.58,-72.44,A cold front moved through southern New England during the late afternoon and evening. While the bulk of the severe weather remained in northern New England some wind damage was reported in northern MA.,"In Erving, a tree was down on wires on Farley Rd.",CSV
202606,18,1525,202606,18,1525,212848,1331789,MASSACHUSETTS,25,2026,June,Thunderstorm Wind,C,27,WORCESTER,BOX,18-JUN-26 15:25:00,EST-5,18-JUN-26 15:25:00,0,0,0,0,2.00K,0.00K,Trained Spotter,50.00,EG,,,,,,,,,,.86,NE,WINCHENDON,.86,NE,WINCHENDON,42.69,-72.04,42.69,-72.04,A cold front moved through southern New England during the late afternoon and evening. While the bulk of the severe weather remained in northern New England some wind damage was reported in northern MA.,"In Winchendon, numerous trees were down in the Winchendon area.",CSV
202606,18,1540,202606,18,1540,212848,1331790,MASSACHUSETTS,25,2026,June,Thunderstorm Wind,C,17,MIDDLESEX,BOX,18-JUN-26 15:40:00,EST-5,18-JUN-26 15:40:00,0,0,0,0,0.80K,0.00K,Fire Department/Rescue,50.00,EG,,,,,,,,,,1.38,N,ASHBY,1.38,N,ASHBY,42.7,-71.82,42.7,-71.82,A cold front moved through southern New England during the late afternoon and evening. While the bulk of the severe weather remained in northern New England some wind damage was reported in northern MA.,"In Ashby, a large tree was down on wires on New Ipswich Rd.",CSV
202606,23,444,202606,23,444,213171,1334513,MASSACHUSETTS,25,2026,June,Flash Flood,C,5,BRISTOL,BOX,23-JUN-26 04:44:00,EST-5,23-JUN-26 04:44:00,0,0,0,0,0.00K,0.00K,Law Enforcement,,,Heavy Rain,,,,,,,,,.69,N,NORTH WESTPORT,.72,NNE,NORTH WESTPORT,41.68,-71.12,41.6787,-71.1124,"A stationary, training storm sat over southeast MA and RI and dropped 4+ inches of rain causing flash flooding. Several roads were flooded with cars submerged.",Mass State Police closed Rt 24 southbound to the I-195 westbound ramp due to flooding up to 3ft.,CSV
202606,23,444,202606,23,444,213171,1334514,MASSACHUSETTS,25,2026,June,Flash Flood,C,5,BRISTOL,BOX,23-JUN-26 04:44:00,EST-5,23-JUN-26 04:44:00,0,0,0,0,0.00K,0.00K,Law Enforcement,,,Heavy Rain,,,,,,,,,.86,SW,FALL RIVER,.67,NE,SOUTH,41.69,-71.16,41.6864,-71.1604,"A stationary, training storm sat over southeast MA and RI and dropped 4+ inches of rain causing flash flooding. Several roads were flooded with cars submerged.",Several vehicles were submerged in floodwaters on Plymouth Ave in Fall River.,CSV
202606,23,533,202606,23,533,213171,1334515,MASSACHUSETTS,25,2026,June,Flash Flood,C,5,BRISTOL,BOX,23-JUN-26 05:33:00,EST-5,23-JUN-26 05:33:00,0,0,0,0,0.00K,0.00K,Law Enforcement,,,Heavy Rain,,,,,,,,,.52,W,NORTH BRISTOL,.46,WSW,NORTH BRISTOL,41.67,-70.94,41.6668,-70.9378,"A stationary, training storm sat over southeast MA and RI and dropped 4+ inches of rain causing flash flooding. Several roads were flooded with cars submerged.",Nash Rd at Church St was flooded.,CSV
202606,23,533,202606,23,533,213171,1334516,MASSACHUSETTS,25,2026,June,Flash Flood,C,5,BRISTOL,BOX,23-JUN-26 05:33:00,EST-5,23-JUN-26 05:33:00,0,0,0,0,0.00K,0.00K,Fire Department/Rescue,,,Heavy Rain,,,,,,,,,.63,WSW,FAIRHAVEN,.65,WSW,FAIRHAVEN,41.6478,-70.9319,41.6473,-70.932,"A stationary, training storm sat over southeast MA and RI and dropped 4+ inches of rain causing flash flooding. Several roads were flooded with cars submerged.",Acushnet Ave between Maxfield St and the MBTA rail station was closed due to flooding with cars submerged.,CSV
202604,14,1812,202604,14,1812,213014,1333213,MASSACHUSETTS,25,2026,April,Thunderstorm Wind,C,3,BERKSHIRE,ALY,14-APR-26 18:12:00,EST-5,14-APR-26 18:12:00,0,0,0,0,,,Amateur Radio,50.00,EG,,,,,,,,,,1.09,SW,LEE,1.09,SW,LEE,42.3082,-73.2642,42.3082,-73.2642,"Within the warm sector of a low pressure system, sufficient destabilization and increased shear ahead of a prefrontal trough led to the development of scattered showers and thunderstorms that tracked into western Massachusetts on April 14th. In the evening of April 14th, a cluster of thunderstorms morphed into more of a linear segment which produced severe wind gusts that led to reports of tree damage and subsequent traffic delays near Lee and Dalton, Massachusetts. Additionally, the Pittsfield ASOS recorded a peak wind gust of 59 mph when this storm moved over it.","An amateur radio operator reported a large tree limb down on Spring Street in Lee, MA.",CSV
