BEGIN_YEARMONTH,BEGIN_DAY,BEGIN_TIME,END_YEARMONTH,END_DAY,END_TIME,EPISODE_ID,EVENT_ID,STATE,STATE_FIPS,YEAR,MONTH_NAME,EVENT_TYPE,CZ_TYPE,CZ_FIPS,CZ_NAME,WFO,BEGIN_DATE_TIME,CZ_TIMEZONE,END_DATE_TIME,INJURIES_DIRECT,INJURIES_INDIRECT,DEATHS_DIRECT,DEATHS_INDIRECT,DAMAGE_PROPERTY,DAMAGE_CROPS,SOURCE,MAGNITUDE,MAGNITUDE_TYPE,FLOOD_CAUSE,CATEGORY,TOR_F_SCALE,TOR_LENGTH,TOR_WIDTH,TOR_OTHER_WFO,TOR_OTHER_CZ_STATE,TOR_OTHER_CZ_FIPS,TOR_OTHER_CZ_NAME,BEGIN_RANGE,BEGIN_AZIMUTH,BEGIN_LOCATION,END_RANGE,END_AZIMUTH,END_LOCATION,BEGIN_LAT,BEGIN_LON,END_LAT,END_LON,EPISODE_NARRATIVE,EVENT_NARRATIVE,DATA_SOURCE
202601,1,0,202601,1,1000,209899,1309032,OHIO,39,2026,January,Winter Weather,Z,41,COLUMBIANA,PBZ,01-JAN-26 00:00:00,EST-5,01-JAN-26 10:00:00,0,0,0,0,0.00K,0.00K,Public,,,,,,,,,,,,,,,,,,,,,,"An upper wave dropping south across the Great Lakes and it's associated cold front brought widespread accumulating snow to the region New Year's Eve and into the new year across the ridges of western Pennsylvania and northern West Virginia. Enhanced orographic lift resulted in higher totals across the Laurel Highlands and eastern West Virginia ridges, with relatively high snow ratios between 18:1 and 21:1. Widespread Advisory level snow was also observed across the region, ranging from 2.5 inches to 5.5 inches outside of the ridges of Pennsylvania and West Virginia.","Widespread snowfall, generally exceeding advisory criteria but falling short of warning criteria, fell across the county with amounts around 3 inches and the highest total of 4 inches reported by the public in East Liverpool.",CSV
202601,1,0,202601,1,1000,209899,1309034,OHIO,39,2026,January,Winter Weather,Z,39,TUSCARAWAS,PBZ,01-JAN-26 00:00:00,EST-5,01-JAN-26 10:00:00,0,0,0,0,0.00K,0.00K,Public,,,,,,,,,,,,,,,,,,,,,,"An upper wave dropping south across the Great Lakes and it's associated cold front brought widespread accumulating snow to the region New Year's Eve and into the new year across the ridges of western Pennsylvania and northern West Virginia. Enhanced orographic lift resulted in higher totals across the Laurel Highlands and eastern West Virginia ridges, with relatively high snow ratios between 18:1 and 21:1. Widespread Advisory level snow was also observed across the region, ranging from 2.5 inches to 5.5 inches outside of the ridges of Pennsylvania and West Virginia.","Widespread snowfall, generally exceeding advisory criteria but falling short of warning criteria, fell across the county with amounts around 3 inches and the highest total of 3.5 inches reported by the public 2 miles north of New Philadelphia.",CSV
202601,14,1300,202601,14,2100,209142,1303040,OHIO,39,2026,January,Winter Weather,Z,25,ALLEN,IWX,14-JAN-26 13:00:00,EST-5,14-JAN-26 21:00:00,0,0,0,0,0.00K,0.00K,Emergency Manager,,,,,,,,,,,,,,,,,,,,,,A wintry mix changed over to snow as temperatures plunged well below freezing behind an arctic front. This created an icy flash freeze environment under a half inch to two inches of snow.,"An arctic cold front moved through with a mixture of sleet and rain changing to a period of snow during the afternoon and early evening hours of January 14th. Snow accumulations were generally an inch or two at best. However, the cold air rushing in with the front and snow allowed the wet pavement to freeze during the afternoon and early evening hours. This resulted in numerous reports of slide-offs and accidents across the region.",CSV
202601,14,1300,202601,14,2100,209142,1303041,OHIO,39,2026,January,Winter Weather,Z,24,VAN WERT,IWX,14-JAN-26 13:00:00,EST-5,14-JAN-26 21:00:00,0,0,0,0,0.00K,0.00K,Emergency Manager,,,,,,,,,,,,,,,,,,,,,,A wintry mix changed over to snow as temperatures plunged well below freezing behind an arctic front. This created an icy flash freeze environment under a half inch to two inches of snow.,"An arctic cold front moved through with a mixture of sleet and rain changing to a period of snow during the afternoon and early evening hours of January 14th. Snow accumulations were generally an inch or two at best. However, the cold air rushing in with the front and snow allowed the wet pavement to freeze during the afternoon and early evening hours. This resulted in numerous reports of slide-offs and accidents across the region.",CSV
202601,14,1300,202601,14,2100,209142,1303042,OHIO,39,2026,January,Winter Weather,Z,16,PUTNAM,IWX,14-JAN-26 13:00:00,EST-5,14-JAN-26 21:00:00,0,0,0,0,0.00K,0.00K,Public,,,,,,,,,,,,,,,,,,,,,,A wintry mix changed over to snow as temperatures plunged well below freezing behind an arctic front. This created an icy flash freeze environment under a half inch to two inches of snow.,"An arctic cold front moved through with a mixture of sleet and rain changing to a period of snow during the afternoon and early evening hours of January 14th. Snow accumulations were generally an inch or two at best. However, the cold air rushing in with the front and snow allowed the wet pavement to freeze during the afternoon and early evening hours. This resulted in numerous reports of slide-offs and accidents across the region.",CSV
202601,14,1300,202601,14,2100,209142,1303043,OHIO,39,2026,January,Winter Weather,Z,15,PAULDING,IWX,14-JAN-26 13:00:00,EST-5,14-JAN-26 21:00:00,0,0,0,0,0.00K,0.00K,Public,,,,,,,,,,,,,,,,,,,,,,A wintry mix changed over to snow as temperatures plunged well below freezing behind an arctic front. This created an icy flash freeze environment under a half inch to two inches of snow.,"An arctic cold front moved through with a mixture of sleet and rain changing to a period of snow during the afternoon and early evening hours of January 14th. Snow accumulations were generally an inch or two at best. However, the cold air rushing in with the front and snow allowed the wet pavement to freeze during the afternoon and early evening hours. This resulted in numerous reports of slide-offs and accidents across the region.",CSV
202601,14,1300,202601,14,2100,209142,1303044,OHIO,39,2026,January,Winter Weather,Z,4,DEFIANCE,IWX,14-JAN-26 13:00:00,EST-5,14-JAN-26 21:00:00,0,0,0,0,0.00K,0.00K,Broadcast Media,,,,,,,,,,,,,,,,,,,,,,A wintry mix changed over to snow as temperatures plunged well below freezing behind an arctic front. This created an icy flash freeze environment under a half inch to two inches of snow.,"An arctic cold front moved through with a mixture of sleet and rain changing to a period of snow during the afternoon and early evening hours of January 14th. Snow accumulations were generally an inch or two at best. However, the cold air rushing in with the front and snow allowed the wet pavement to freeze during the afternoon and early evening hours. This resulted in numerous reports of slide-offs and accidents across the region.",CSV
202601,14,1300,202601,14,2100,209142,1303045,OHIO,39,2026,January,Winter Weather,Z,5,HENRY,IWX,14-JAN-26 13:00:00,EST-5,14-JAN-26 21:00:00,0,0,0,0,0.00K,0.00K,Broadcast Media,,,,,,,,,,,,,,,,,,,,,,A wintry mix changed over to snow as temperatures plunged well below freezing behind an arctic front. This created an icy flash freeze environment under a half inch to two inches of snow.,"An arctic cold front moved through with a mixture of sleet and rain changing to a period of snow during the afternoon and early evening hours of January 14th. Snow accumulations were generally an inch or two at best. However, the cold air rushing in with the front and snow allowed the wet pavement to freeze during the afternoon and early evening hours. This resulted in numerous reports of slide-offs and accidents across the region.",CSV
202601,14,1300,202601,14,2100,209142,1303046,OHIO,39,2026,January,Winter Weather,Z,2,FULTON,IWX,14-JAN-26 13:00:00,EST-5,14-JAN-26 21:00:00,0,0,0,0,0.00K,0.00K,Broadcast Media,,,,,,,,,,,,,,,,,,,,,,A wintry mix changed over to snow as temperatures plunged well below freezing behind an arctic front. This created an icy flash freeze environment under a half inch to two inches of snow.,"An arctic cold front moved through with a mixture of sleet and rain changing to a period of snow during the afternoon and early evening hours of January 14th. Snow accumulations were generally an inch or two at best. However, the cold air rushing in with the front and snow allowed the wet pavement to freeze during the afternoon and early evening hours. This resulted in numerous reports of slide-offs and accidents across the region.",CSV
202601,14,1300,202601,14,2100,209142,1303047,OHIO,39,2026,January,Winter Weather,Z,1,WILLIAMS,IWX,14-JAN-26 13:00:00,EST-5,14-JAN-26 21:00:00,0,0,0,0,0.00K,0.00K,Trained Spotter,,,,,,,,,,,,,,,,,,,,,,A wintry mix changed over to snow as temperatures plunged well below freezing behind an arctic front. This created an icy flash freeze environment under a half inch to two inches of snow.,"An arctic cold front moved through with a mixture of sleet and rain changing to a period of snow during the afternoon and early evening hours of January 14th. Snow accumulations were generally an inch or two at best. However, the cold air rushing in with the front and snow allowed the wet pavement to freeze during the afternoon and early evening hours. This resulted in numerous reports of slide-offs and accidents across the region.",CSV
202601,1,0,202601,1,1000,209899,1309030,OHIO,39,2026,January,Winter Weather,Z,59,BELMONT,PBZ,01-JAN-26 00:00:00,EST-5,01-JAN-26 10:00:00,0,0,0,0,0.00K,0.00K,Public,,,,,,,,,,,,,,,,,,,,,,"An upper wave dropping south across the Great Lakes and it's associated cold front brought widespread accumulating snow to the region New Year's Eve and into the new year across the ridges of western Pennsylvania and northern West Virginia. Enhanced orographic lift resulted in higher totals across the Laurel Highlands and eastern West Virginia ridges, with relatively high snow ratios between 18:1 and 21:1. Widespread Advisory level snow was also observed across the region, ranging from 2.5 inches to 5.5 inches outside of the ridges of Pennsylvania and West Virginia.","Widespread snowfall, generally exceeding advisory criteria but falling short of warning criteria, fell across the county with amounts ranging from 3-5 inches and the highest total of 4 inches reported by the Public in Bellaire.",CSV
202601,1,0,202601,1,1000,209899,1309031,OHIO,39,2026,January,Winter Weather,Z,40,CARROLL,PBZ,01-JAN-26 00:00:00,EST-5,01-JAN-26 10:00:00,0,0,0,0,0.00K,0.00K,Public,,,,,,,,,,,,,,,,,,,,,,"An upper wave dropping south across the Great Lakes and it's associated cold front brought widespread accumulating snow to the region New Year's Eve and into the new year across the ridges of western Pennsylvania and northern West Virginia. Enhanced orographic lift resulted in higher totals across the Laurel Highlands and eastern West Virginia ridges, with relatively high snow ratios between 18:1 and 21:1. Widespread Advisory level snow was also observed across the region, ranging from 2.5 inches to 5.5 inches outside of the ridges of Pennsylvania and West Virginia.","Widespread snowfall, generally exceeding advisory criteria but falling short of warning criteria, fell across the county with amounts ranging around 3 inches reported in Leesville.",CSV
202601,24,2100,202601,25,2000,209241,1303788,OHIO,39,2026,January,Winter Storm,Z,16,PUTNAM,IWX,24-JAN-26 21:00:00,EST-5,25-JAN-26 20:00:00,0,0,0,0,0.00K,0.00K,Public,,,,,,,,,,,,,,,,,,,,,,A long duration snow event produced 6 to 10 inches of fluffy snow accumulation late January 24th into January 25th.,"Snow, moderate to heavy at times, developed during the evening hours of January 24th and continued through the early evening hours of January 25th. The snow accumulated to between 6 and 10 inches and was fluffy in nature as temperatures were in the single digits and teens. There was a report of 6.8 inches of total snow accumulation 2 miles north-northeast of Glandorf. Roads were snow covered and slick with numerous reports of accidents and slide-offs across the region.",CSV
202601,24,2100,202601,25,2000,209241,1303789,OHIO,39,2026,January,Winter Storm,Z,15,PAULDING,IWX,24-JAN-26 21:00:00,EST-5,25-JAN-26 20:00:00,0,0,0,0,0.00K,0.00K,Emergency Manager,,,,,,,,,,,,,,,,,,,,,,A long duration snow event produced 6 to 10 inches of fluffy snow accumulation late January 24th into January 25th.,"Snow, moderate to heavy at times, developed during the evening hours of January 24th and continued through the early evening hours of January 25th. The snow accumulated to between 8 and 10 inches and was fluffy in nature as temperatures were in the single digits and teens. Roads were snow covered and slick with numerous reports of accidents and slide-offs across the region.",CSV
202601,24,2200,202601,25,2000,209241,1303790,OHIO,39,2026,January,Winter Storm,Z,5,HENRY,IWX,24-JAN-26 22:00:00,EST-5,25-JAN-26 20:00:00,0,0,0,0,0.00K,0.00K,Broadcast Media,,,,,,,,,,,,,,,,,,,,,,A long duration snow event produced 6 to 10 inches of fluffy snow accumulation late January 24th into January 25th.,"Snow, moderate to heavy at times, developed during the evening hours of January 24th and continued through the early evening hours of January 25th. The snow accumulated to between 8 and 10 inches and was fluffy in nature as temperatures were in the single digits and teens. There was a report of 9.0 inches in Napoleon. Roads were snow covered and slick with numerous reports of accidents and slide-offs across the region.",CSV
202601,24,2200,202601,25,2000,209241,1303791,OHIO,39,2026,January,Winter Storm,Z,4,DEFIANCE,IWX,24-JAN-26 22:00:00,EST-5,25-JAN-26 20:00:00,0,0,0,0,0.00K,0.00K,Trained Spotter,,,,,,,,,,,,,,,,,,,,,,A long duration snow event produced 6 to 10 inches of fluffy snow accumulation late January 24th into January 25th.,"Snow, moderate to heavy at times, developed during the evening hours of January 24th and continued through the early evening hours of January 25th. The snow accumulated to between 7 and 9 inches and was fluffy in nature as temperatures were in the single digits and teens. There was a report of 7.5 inches in Hicksville. Roads were snow covered and slick with numerous reports of accidents and slide-offs across the region.",CSV
202601,24,2200,202601,25,2000,209241,1303792,OHIO,39,2026,January,Winter Storm,Z,1,WILLIAMS,IWX,24-JAN-26 22:00:00,EST-5,25-JAN-26 20:00:00,0,0,0,0,0.00K,0.00K,Broadcast Media,,,,,,,,,,,,,,,,,,,,,,A long duration snow event produced 6 to 10 inches of fluffy snow accumulation late January 24th into January 25th.,"Snow, moderate to heavy at times, developed during the evening hours of January 24th and continued through the early evening hours of January 25th. The snow accumulated to between 6 and 9 inches and was fluffy in nature as temperatures were in the single digits and teens. Roads were snow covered and slick with numerous reports of accidents and slide-offs across the region.",CSV
202601,24,2200,202601,25,2000,209241,1303793,OHIO,39,2026,January,Winter Storm,Z,2,FULTON,IWX,24-JAN-26 22:00:00,EST-5,25-JAN-26 20:00:00,0,0,0,0,0.00K,0.00K,Broadcast Media,,,,,,,,,,,,,,,,,,,,,,A long duration snow event produced 6 to 10 inches of fluffy snow accumulation late January 24th into January 25th.,"Snow, moderate to heavy at times, developed during the evening hours of January 24th and continued through the early evening hours of January 25th. The snow accumulated to between 8 and 10 inches and was fluffy in nature as temperatures were in the single digits and teens. There was a report of 9.6 inches 2 miles south-southeast of Brailey. Roads were snow covered and slick with numerous reports of accidents and slide-offs across the region.",CSV
202601,11,0,202601,11,2300,210710,1315893,OHIO,39,2026,January,Cold/Wind Chill,Z,42,DARKE,ILN,11-JAN-26 00:00:00,EST-5,11-JAN-26 23:00:00,0,0,0,1,0.00K,0.00K,County Official,,,,,,,,,,,,,,,,,,,,,,A fatality was partially attributed to cold temperatures on the 11th.,"The Darke County coroner informed the NWS office that a fatality occurred on this day, partially attributed to hypothermia. The low temperature that morning at the Darke County airport VES was 21 degrees.",CSV
202601,19,1135,202601,19,1135,209328,1304615,OHIO,39,2026,January,Winter Weather,Z,50,JEFFERSON,PBZ,19-JAN-26 11:35:00,EST-5,19-JAN-26 11:35:00,0,0,0,0,0.00K,0.00K,AWOS,,,,,,,,,,,,,,,,,,,,,,Low pressure passing through Ontario dragged a strong cold front west to east across the region in the afternoon hours. Boundary orthogonal bands of snow squalls developed ahead of the front with steep low level lapse rates and non-zero surface-based CAPE. The result was a widespread area of snow bands reducing visibility to a quarter mile or less with gusty wind greater than 35 mph and rapid accumulation on roadways resulting in at least one highway accident.,AWOS K2G2 measured quarter mile visibility with a wind gust to 38 mph in a snow squall.,CSV
202601,24,2100,202601,25,2000,209241,1303787,OHIO,39,2026,January,Winter Storm,Z,24,VAN WERT,IWX,24-JAN-26 21:00:00,EST-5,25-JAN-26 20:00:00,0,0,0,0,0.00K,0.00K,Emergency Manager,,,,,,,,,,,,,,,,,,,,,,A long duration snow event produced 6 to 10 inches of fluffy snow accumulation late January 24th into January 25th.,"Snow, moderate to heavy at times, developed during the evening hours of January 24th and continued through the early evening hours of January 25th. The snow accumulated to between 8 and 10 inches and was fluffy in nature as temperatures were in the single digits and teens. There was a report of 9.6 inches of total snow accumulation in Van Wert. Roads were snow covered and slick with numerous reports of accidents and slide-offs across the region.",CSV
202601,24,2100,202601,25,2000,209241,1303786,OHIO,39,2026,January,Winter Storm,Z,25,ALLEN,IWX,24-JAN-26 21:00:00,EST-5,25-JAN-26 20:00:00,0,0,0,0,0.00K,0.00K,Public,,,,,,,,,,,,,,,,,,,,,,A long duration snow event produced 6 to 10 inches of fluffy snow accumulation late January 24th into January 25th.,"Snow, moderate to heavy at times, developed during the evening hours of January 24th and continued through the early evening hours of January 25th. The snow accumulated to between 8 and 10 inches and was fluffy in nature as temperatures were in the single digits and teens. There was a report of 8.0 inches of total snow accumulation in Lima. Roads were snow covered and slick with numerous reports of accidents and slide-offs across the region.",CSV
202601,30,2233,202601,31,1100,209396,1305143,OHIO,39,2026,January,Extreme Cold/Wind Chill,Z,41,COLUMBIANA,PBZ,30-JAN-26 22:33:00,EST-5,31-JAN-26 11:00:00,0,0,0,0,0.00K,0.00K,Public,,,,,,,,,,,,,,,,,,,,,,"Under strong 1027 mb high pressure, light wind allowed for efficient radiational cooling and minimum wind chill values to dip to -10 to -20F areawide with some spots below -20F, mostly in sheltered areas and higher elevations.",Minimum wind chill values generally ranged from -10 to -20 across the county with the exception of a -21 degree reading at a CWOP site 2 miles west of Washingtonville in the early morning hours of the 31st.,CSV
202601,30,2233,202601,31,1100,209396,1305144,OHIO,39,2026,January,Extreme Cold/Wind Chill,Z,49,HARRISON,PBZ,30-JAN-26 22:33:00,EST-5,31-JAN-26 11:00:00,0,0,0,0,0.00K,0.00K,Public,,,,,,,,,,,,,,,,,,,,,,"Under strong 1027 mb high pressure, light wind allowed for efficient radiational cooling and minimum wind chill values to dip to -10 to -20F areawide with some spots below -20F, mostly in sheltered areas and higher elevations.",Minimum wind chill values generally ranged from -10 to -15 across the county with the exception of a public reading of -20 degrees in the morning hours of the 31st.,CSV
202601,30,2233,202601,31,1100,209396,1305145,OHIO,39,2026,January,Extreme Cold/Wind Chill,Z,39,TUSCARAWAS,PBZ,30-JAN-26 22:33:00,EST-5,31-JAN-26 11:00:00,0,0,0,0,0.00K,0.00K,Mesonet,,,,,,,,,,,,,,,,,,,,,,"Under strong 1027 mb high pressure, light wind allowed for efficient radiational cooling and minimum wind chill values to dip to -10 to -20F areawide with some spots below -20F, mostly in sheltered areas and higher elevations.",Minimum wind chills across the county generally ranged from -15 to -20 degrees with the exception of a -21 degree reading at a mesonet site at Atwood Dam Pool.,CSV
202601,28,753,202601,28,753,209406,1305155,OHIO,39,2026,January,Extreme Cold/Wind Chill,Z,39,TUSCARAWAS,PBZ,28-JAN-26 07:53:00,EST-5,28-JAN-26 07:53:00,0,0,0,0,0.00K,0.00K,ASOS,,,,,,,,,,,,,,,,,,,,,,Surface high pressure maintained dry weather and light wind across the area. Most saw minimum wind chill values into the positive and negative single digits with the exception of a -26F reading at KPHD.,Minimum wind chill values across the county generally ranged in the negative single digits with the exception of a -26 degree reading at the New Philadelphia Airport ASOS in the morning hours on the 28th.,CSV
202601,24,1900,202601,26,1200,209399,1310440,OHIO,39,2026,January,Winter Storm,Z,59,BELMONT,PBZ,24-JAN-26 19:00:00,EST-5,26-JAN-26 12:00:00,0,0,0,0,0.00K,0.00K,CoCoRaHS,,,,,,,,,,,,,,,,,,,,,,A large area of strong low pressure tracked up the eastern seaboard downstream of a digging positive to neutrally tilted trough. Deep moisture through the dendritic growth zone and strong forcing resulted in widespread significant snowfall accumulation greater than 6 across the entire county warning area with amounts generally falling between 10-18. Localized amounts under narrow frontogenetically-forced bands reached up to 22 inches. An intruding mid-level warm nose reduced snow amounts slightly in northern West Virginia and resulted in a period of some mixing of snow with freezing rain and sleet.,Widespread snow accumulation generally ranging from 7 to 10 inches was reported across the county with the highest total of 12.3 inches reported by a CoCoRaHS observer 3 miles southwest of Mount Pleasant.,CSV
202601,14,1600,202601,15,1000,210304,1311981,OHIO,39,2026,January,Winter Weather,Z,52,CHAMPAIGN,ILN,14-JAN-26 16:00:00,EST-5,15-JAN-26 10:00:00,0,0,0,0,,,Public,,,,,,,,,,,,,,,,,,,,,,"On strong northwest wind, a lake enhanced band of snow fell over an entrenched arctic airmass. This band stretched in a narrow swath from south of Celina to Xenia to south of Chillicothe, with accumulations generally between 1 and 3 inches.","A report from Saint Paris had 2.7 inches of snow, while the cooperative observer 2 miles east-northeast of Saint Paris measured 1.3 inches.",CSV
202601,14,1600,202601,15,1000,210304,1311982,OHIO,39,2026,January,Winter Weather,Z,53,CLARK,ILN,14-JAN-26 16:00:00,EST-5,15-JAN-26 10:00:00,0,0,0,0,,,Public,,,,,,,,,,,,,,,,,,,,,,"On strong northwest wind, a lake enhanced band of snow fell over an entrenched arctic airmass. This band stretched in a narrow swath from south of Celina to Xenia to south of Chillicothe, with accumulations generally between 1 and 3 inches.","A report was received from South Charleston with 3 inches of snow, and Springfield with 2.3 inches. The CoCoRaHS observer 3 miles east-northeast of Enon measured 1.5 inches, as did the cooperative observer southwest of New Carlisle and a broadcast media report from Enon.",CSV
202601,24,1900,202601,26,1200,209399,1306423,OHIO,39,2026,January,Winter Storm,Z,40,CARROLL,PBZ,24-JAN-26 19:00:00,EST-5,26-JAN-26 12:00:00,0,0,0,0,0.00K,0.00K,Public,,,,,,,,,,,,,,,,,,,,,,A large area of strong low pressure tracked up the eastern seaboard downstream of a digging positive to neutrally tilted trough. Deep moisture through the dendritic growth zone and strong forcing resulted in widespread significant snowfall accumulation greater than 6 across the entire county warning area with amounts generally falling between 10-18. Localized amounts under narrow frontogenetically-forced bands reached up to 22 inches. An intruding mid-level warm nose reduced snow amounts slightly in northern West Virginia and resulted in a period of some mixing of snow with freezing rain and sleet.,Widespread snow accumulation generally ranging from 10 to 12 inches was reported across the county with the highest total of 12 inches reported by the Public in Carrollton.,CSV
202601,14,1600,202601,15,1000,210304,1311983,OHIO,39,2026,January,Winter Weather,Z,72,CLINTON,ILN,14-JAN-26 16:00:00,EST-5,15-JAN-26 10:00:00,0,0,0,0,,,Public,,,,,,,,,,,,,,,,,,,,,,"On strong northwest wind, a lake enhanced band of snow fell over an entrenched arctic airmass. This band stretched in a narrow swath from south of Celina to Xenia to south of Chillicothe, with accumulations generally between 1 and 3 inches.","A report was received from 3 miles south of Sabina with 3.5 inches of snow. The CoCoRaHS observer 2 miles north-northwest of Wilmington measured 1.5 inches, and a NWS employee 3 miles west of Wilminton measured 1.1 inches.",CSV
202601,14,1600,202601,15,1000,210304,1311984,OHIO,39,2026,January,Winter Weather,Z,42,DARKE,ILN,14-JAN-26 16:00:00,EST-5,15-JAN-26 10:00:00,0,0,0,0,,,COOP Observer,,,,,,,,,,,,,,,,,,,,,,"On strong northwest wind, a lake enhanced band of snow fell over an entrenched arctic airmass. This band stretched in a narrow swath from south of Celina to Xenia to south of Chillicothe, with accumulations generally between 1 and 3 inches.","The observer west of Greenville measured 1.5 inches of snow. CoCoRaHS observers measured 1.3 inches 2 miles west-southwest of Versailles, and 1.2 inches 2 miles northwest of Bradford.",CSV
202601,14,1600,202601,15,1000,210304,1311985,OHIO,39,2026,January,Winter Weather,Z,63,FAYETTE,ILN,14-JAN-26 16:00:00,EST-5,15-JAN-26 10:00:00,0,0,0,0,,,CoCoRaHS,,,,,,,,,,,,,,,,,,,,,,"On strong northwest wind, a lake enhanced band of snow fell over an entrenched arctic airmass. This band stretched in a narrow swath from south of Celina to Xenia to south of Chillicothe, with accumulations generally between 1 and 3 inches.","Two CoCoRaHS observers measured 2 inches of snow, one east-southeast of Washington Court House and the other 4 miles to the east-southeast.",CSV
202601,14,1600,202601,15,1000,210304,1311986,OHIO,39,2026,January,Winter Weather,Z,62,GREENE,ILN,14-JAN-26 16:00:00,EST-5,15-JAN-26 10:00:00,0,0,0,0,,,Trained Spotter,,,,,,,,,,,,,,,,,,,,,,"On strong northwest wind, a lake enhanced band of snow fell over an entrenched arctic airmass. This band stretched in a narrow swath from south of Celina to Xenia to south of Chillicothe, with accumulations generally between 1 and 3 inches.","A spotter measured 4 inches of snow 3 miles south-southwest of Fairborn, while a  CoCoRaHS observer at the same location measured 3 inches. Other CoCoRaHS observers measured 3 inches north of Xenia, 2 inches northwest of Clifton, and 2 inches northeast of Beavercreek.",CSV
202601,14,1600,202601,15,1000,210304,1311987,OHIO,39,2026,January,Winter Weather,Z,56,LICKING,ILN,14-JAN-26 16:00:00,EST-5,15-JAN-26 10:00:00,0,0,0,0,,,CoCoRaHS,,,,,,,,,,,,,,,,,,,,,,"On strong northwest wind, a lake enhanced band of snow fell over an entrenched arctic airmass. This band stretched in a narrow swath from south of Celina to Xenia to south of Chillicothe, with accumulations generally between 1 and 3 inches.","Two CoCoRaHS observers measured an inch of snow, one being 5 miles north of Hanover and the other 4 miles north of Granville.",CSV
202601,14,1600,202601,15,1000,210304,1311988,OHIO,39,2026,January,Winter Weather,Z,44,LOGAN,ILN,14-JAN-26 16:00:00,EST-5,15-JAN-26 10:00:00,0,0,0,0,,,CoCoRaHS,,,,,,,,,,,,,,,,,,,,,,"On strong northwest wind, a lake enhanced band of snow fell over an entrenched arctic airmass. This band stretched in a narrow swath from south of Celina to Xenia to south of Chillicothe, with accumulations generally between 1 and 3 inches.","A CoCoRaHS observers measured an 1.5 inches of snow in Lakeview, as did a cooperative observer 3 miles north of Huntsville.",CSV
202601,24,1900,202601,26,1200,209399,1306424,OHIO,39,2026,January,Winter Storm,Z,41,COLUMBIANA,PBZ,24-JAN-26 19:00:00,EST-5,26-JAN-26 12:00:00,0,0,0,0,0.00K,0.00K,Public,,,,,,,,,,,,,,,,,,,,,,A large area of strong low pressure tracked up the eastern seaboard downstream of a digging positive to neutrally tilted trough. Deep moisture through the dendritic growth zone and strong forcing resulted in widespread significant snowfall accumulation greater than 6 across the entire county warning area with amounts generally falling between 10-18. Localized amounts under narrow frontogenetically-forced bands reached up to 22 inches. An intruding mid-level warm nose reduced snow amounts slightly in northern West Virginia and resulted in a period of some mixing of snow with freezing rain and sleet.,Widespread snow accumulation generally ranging from 11 to 16 inches was reported across the county with the highest total of 16 inches reported by the Public 4 miles south-southeast of Leetonia and in East Liverpool.,CSV
202601,24,1900,202601,26,1200,209399,1306426,OHIO,39,2026,January,Winter Storm,Z,48,COSHOCTON,PBZ,24-JAN-26 19:00:00,EST-5,26-JAN-26 12:00:00,0,0,0,0,0.00K,0.00K,CoCoRaHS,,,,,,,,,,,,,,,,,,,,,,A large area of strong low pressure tracked up the eastern seaboard downstream of a digging positive to neutrally tilted trough. Deep moisture through the dendritic growth zone and strong forcing resulted in widespread significant snowfall accumulation greater than 6 across the entire county warning area with amounts generally falling between 10-18. Localized amounts under narrow frontogenetically-forced bands reached up to 22 inches. An intruding mid-level warm nose reduced snow amounts slightly in northern West Virginia and resulted in a period of some mixing of snow with freezing rain and sleet.,Widespread snow accumulation generally ranging from 10 to 13 inches was reported across the county with the highest total of 14.3 inches reported by a CoCoRaHS observer 3 miles south-southwest of Nellie.,CSV
202601,24,1900,202601,26,1200,209399,1306427,OHIO,39,2026,January,Winter Storm,Z,58,GUERNSEY,PBZ,24-JAN-26 19:00:00,EST-5,26-JAN-26 12:00:00,0,0,0,0,0.00K,0.00K,Public,,,,,,,,,,,,,,,,,,,,,,A large area of strong low pressure tracked up the eastern seaboard downstream of a digging positive to neutrally tilted trough. Deep moisture through the dendritic growth zone and strong forcing resulted in widespread significant snowfall accumulation greater than 6 across the entire county warning area with amounts generally falling between 10-18. Localized amounts under narrow frontogenetically-forced bands reached up to 22 inches. An intruding mid-level warm nose reduced snow amounts slightly in northern West Virginia and resulted in a period of some mixing of snow with freezing rain and sleet.,Widespread snow accumulation generally ranging from 9 to 12 inches was reported across the county with the highest total of 16.5 inches reported by the Public 3 miles south-southeast of New Concord.,CSV
202601,24,2000,202601,26,300,210236,1311533,OHIO,39,2026,January,Winter Storm,Z,81,ADAMS,ILN,24-JAN-26 20:00:00,EST-5,26-JAN-26 03:00:00,0,0,0,0,,,CoCoRaHS,,,,,,,,,,,,,,,,,,,,,,"A strong winter storm began Saturday night and continued through Sunday as it passed over an entrenched arctic airmass. A strengthening surface low over the Tennessee Valley combined with upper level dynamics to produce snowfall of up to a foot in some areas. The Dayton airport DAY set its highest 24 hour snowfall on record with 12.4 inches on the 25th, breaking the previous record of 12.2 inches set on January 26, 1978.",The observer 5 miles northeast of Seaman measured 6 inches of snow.,CSV
202601,24,2000,202601,26,300,210236,1311534,OHIO,39,2026,January,Winter Storm,Z,35,AUGLAIZE,ILN,24-JAN-26 20:00:00,EST-5,26-JAN-26 03:00:00,0,0,0,0,,,Trained Spotter,,,,,,,,,,,,,,,,,,,,,,"A strong winter storm began Saturday night and continued through Sunday as it passed over an entrenched arctic airmass. A strengthening surface low over the Tennessee Valley combined with upper level dynamics to produce snowfall of up to a foot in some areas. The Dayton airport DAY set its highest 24 hour snowfall on record with 12.4 inches on the 25th, breaking the previous record of 12.2 inches set on January 26, 1978.",A spotter measured 9 inches of snow 2 miles north-northeast of New Bremen.,CSV
202601,24,2000,202601,26,300,210236,1311536,OHIO,39,2026,January,Winter Storm,Z,79,BROWN,ILN,24-JAN-26 20:00:00,EST-5,26-JAN-26 03:00:00,0,0,0,0,,,CoCoRaHS,,,,,,,,,,,,,,,,,,,,,,"A strong winter storm began Saturday night and continued through Sunday as it passed over an entrenched arctic airmass. A strengthening surface low over the Tennessee Valley combined with upper level dynamics to produce snowfall of up to a foot in some areas. The Dayton airport DAY set its highest 24 hour snowfall on record with 12.4 inches on the 25th, breaking the previous record of 12.2 inches set on January 26, 1978.",The observer southeast of Hamersville measured 7.4 inches of snow.,CSV
202601,24,2000,202601,26,300,210236,1311537,OHIO,39,2026,January,Winter Storm,Z,70,BUTLER,ILN,24-JAN-26 20:00:00,EST-5,26-JAN-26 03:00:00,0,0,0,0,,,CoCoRaHS,,,,,,,,,,,,,,,,,,,,,,"A strong winter storm began Saturday night and continued through Sunday as it passed over an entrenched arctic airmass. A strengthening surface low over the Tennessee Valley combined with upper level dynamics to produce snowfall of up to a foot in some areas. The Dayton airport DAY set its highest 24 hour snowfall on record with 12.4 inches on the 25th, breaking the previous record of 12.2 inches set on January 26, 1978.",The observer 3 miles southwest of Franklin measured 13.3 inches of snow.,CSV
202601,24,2000,202601,26,300,210236,1311538,OHIO,39,2026,January,Winter Storm,Z,52,CHAMPAIGN,ILN,24-JAN-26 20:00:00,EST-5,26-JAN-26 03:00:00,0,0,0,0,,,Public,,,,,,,,,,,,,,,,,,,,,,"A strong winter storm began Saturday night and continued through Sunday as it passed over an entrenched arctic airmass. A strengthening surface low over the Tennessee Valley combined with upper level dynamics to produce snowfall of up to a foot in some areas. The Dayton airport DAY set its highest 24 hour snowfall on record with 12.4 inches on the 25th, breaking the previous record of 12.2 inches set on January 26, 1978.","Four miles east-northeast of Christiansburg, 11.5 inches of snow was measured.",CSV
202601,14,1600,202601,15,1000,210304,1311990,OHIO,39,2026,January,Winter Weather,Z,34,MERCER,ILN,14-JAN-26 16:00:00,EST-5,15-JAN-26 10:00:00,0,0,0,0,,,CoCoRaHS,,,,,,,,,,,,,,,,,,,,,,"On strong northwest wind, a lake enhanced band of snow fell over an entrenched arctic airmass. This band stretched in a narrow swath from south of Celina to Xenia to south of Chillicothe, with accumulations generally between 1 and 3 inches.",The CoCoRaHS observer 3 miles northwest of Osgood measured 1.5 inches of snow.,CSV
202601,14,1600,202601,15,1000,210304,1311991,OHIO,39,2026,January,Winter Weather,Z,51,MIAMI,ILN,14-JAN-26 16:00:00,EST-5,15-JAN-26 10:00:00,0,0,0,0,,,Public,,,,,,,,,,,,,,,,,,,,,,"On strong northwest wind, a lake enhanced band of snow fell over an entrenched arctic airmass. This band stretched in a narrow swath from south of Celina to Xenia to south of Chillicothe, with accumulations generally between 1 and 3 inches.","A report came in with 3 inches of snow in Piqua. The CoCoRaHS observer |southwest of Piqua measured 2.8 inches, while another west-northwest of West Milton measured 2.5 inches. In Tipp City, 2.1 inches of snow was measured by both a cooperative observer and a CoCoRaHS observer.",CSV
202601,14,1600,202601,15,1000,210304,1311992,OHIO,39,2026,January,Winter Weather,Z,61,MONTGOMERY,ILN,14-JAN-26 16:00:00,EST-5,15-JAN-26 10:00:00,0,0,0,0,,,ASOS,,,,,,,,,,,,,,,,,,,,,,"On strong northwest wind, a lake enhanced band of snow fell over an entrenched arctic airmass. This band stretched in a narrow swath from south of Celina to Xenia to south of Chillicothe, with accumulations generally between 1 and 3 inches.","The Dayton airport DAY measured 2.5 inches of snow. A CoCoRaHS observer 2 miles west-northwest of Huber Heights measured 2.2 inches, while another 2 miles east-northeast of Northview measured 1.5 inches.",CSV
202601,14,1600,202601,15,1000,210304,1311993,OHIO,39,2026,January,Winter Weather,Z,82,PIKE,ILN,14-JAN-26 16:00:00,EST-5,15-JAN-26 10:00:00,0,0,0,0,,,CoCoRaHS,,,,,,,,,,,,,,,,,,,,,,"On strong northwest wind, a lake enhanced band of snow fell over an entrenched arctic airmass. This band stretched in a narrow swath from south of Celina to Xenia to south of Chillicothe, with accumulations generally between 1 and 3 inches.",The observer 4 miles northeast of Waverly measured 2.1 inches of snow.,CSV
202601,14,1600,202601,15,1000,210304,1311994,OHIO,39,2026,January,Winter Weather,Z,73,ROSS,ILN,14-JAN-26 16:00:00,EST-5,15-JAN-26 10:00:00,0,0,0,0,,,Public,,,,,,,,,,,,,,,,,,,,,,"On strong northwest wind, a lake enhanced band of snow fell over an entrenched arctic airmass. This band stretched in a narrow swath from south of Celina to Xenia to south of Chillicothe, with accumulations generally between 1 and 3 inches.",A report from Chillicothe came in with 2.7 inches of snow. The CoCoRaHS observer 4 miles northwest of North Fork Village measured 1.8 inches.,CSV
202601,14,1600,202601,15,1000,210304,1311995,OHIO,39,2026,January,Winter Weather,Z,43,SHELBY,ILN,14-JAN-26 16:00:00,EST-5,15-JAN-26 10:00:00,0,0,0,0,,,CoCoRaHS,,,,,,,,,,,,,,,,,,,,,,"On strong northwest wind, a lake enhanced band of snow fell over an entrenched arctic airmass. This band stretched in a narrow swath from south of Celina to Xenia to south of Chillicothe, with accumulations generally between 1 and 3 inches.",The observer 5 miles east-northeast of Russia measured 4.5 inches of snow. A public report from north of Lockington came in with 3.8 inches. Both a cooperative and a CoCoRaHS observer in Fort Loramie measured 3 inches.,CSV
202601,24,1900,202601,26,1200,209399,1306428,OHIO,39,2026,January,Winter Storm,Z,49,HARRISON,PBZ,24-JAN-26 19:00:00,EST-5,26-JAN-26 12:00:00,0,0,0,0,0.00K,0.00K,Public,,,,,,,,,,,,,,,,,,,,,,A large area of strong low pressure tracked up the eastern seaboard downstream of a digging positive to neutrally tilted trough. Deep moisture through the dendritic growth zone and strong forcing resulted in widespread significant snowfall accumulation greater than 6 across the entire county warning area with amounts generally falling between 10-18. Localized amounts under narrow frontogenetically-forced bands reached up to 22 inches. An intruding mid-level warm nose reduced snow amounts slightly in northern West Virginia and resulted in a period of some mixing of snow with freezing rain and sleet.,Widespread snow accumulation generally ranging between 6 to 9 inches was reported across the county with the highest total of 9.5 inches reported by the Public 3 miles south-southwest of Scio.,CSV
202601,24,1900,202601,26,1200,209399,1306429,OHIO,39,2026,January,Winter Storm,Z,50,JEFFERSON,PBZ,24-JAN-26 19:00:00,EST-5,26-JAN-26 12:00:00,0,0,0,0,0.00K,0.00K,Public,,,,,,,,,,,,,,,,,,,,,,A large area of strong low pressure tracked up the eastern seaboard downstream of a digging positive to neutrally tilted trough. Deep moisture through the dendritic growth zone and strong forcing resulted in widespread significant snowfall accumulation greater than 6 across the entire county warning area with amounts generally falling between 10-18. Localized amounts under narrow frontogenetically-forced bands reached up to 22 inches. An intruding mid-level warm nose reduced snow amounts slightly in northern West Virginia and resulted in a period of some mixing of snow with freezing rain and sleet.,Widespread snow accumulation generally ranging from 8 to 11 inches was reported across the county with the highest total of 12.0 inches reported by the Public 1 mile east of Wintersville.,CSV
202601,24,1900,202601,26,1200,209399,1306430,OHIO,39,2026,January,Winter Storm,Z,57,MUSKINGUM,PBZ,24-JAN-26 19:00:00,EST-5,26-JAN-26 12:00:00,0,0,0,0,0.00K,0.00K,Public,,,,,,,,,,,,,,,,,,,,,,A large area of strong low pressure tracked up the eastern seaboard downstream of a digging positive to neutrally tilted trough. Deep moisture through the dendritic growth zone and strong forcing resulted in widespread significant snowfall accumulation greater than 6 across the entire county warning area with amounts generally falling between 10-18. Localized amounts under narrow frontogenetically-forced bands reached up to 22 inches. An intruding mid-level warm nose reduced snow amounts slightly in northern West Virginia and resulted in a period of some mixing of snow with freezing rain and sleet.,Widespread snow accumulation generally ranging from 7 to 13 inches was reported across the county with the highest total of 16.9 inches reported by the Public 1 mile south-southeast of Zanesville.,CSV
202601,24,2000,202601,26,300,210236,1311539,OHIO,39,2026,January,Winter Storm,Z,53,CLARK,ILN,24-JAN-26 20:00:00,EST-5,26-JAN-26 03:00:00,0,0,0,0,,,CoCoRaHS,,,,,,,,,,,,,,,,,,,,,,"A strong winter storm began Saturday night and continued through Sunday as it passed over an entrenched arctic airmass. A strengthening surface low over the Tennessee Valley combined with upper level dynamics to produce snowfall of up to a foot in some areas. The Dayton airport DAY set its highest 24 hour snowfall on record with 12.4 inches on the 25th, breaking the previous record of 12.2 inches set on January 26, 1978.",The observer 4 miles north-northwest of South Charleston measured 11.2 inches of snow.,CSV
202601,24,2000,202601,26,300,210236,1311540,OHIO,39,2026,January,Winter Storm,Z,78,CLERMONT,ILN,24-JAN-26 20:00:00,EST-5,26-JAN-26 03:00:00,0,0,0,0,,,CoCoRaHS,,,,,,,,,,,,,,,,,,,,,,"A strong winter storm began Saturday night and continued through Sunday as it passed over an entrenched arctic airmass. A strengthening surface low over the Tennessee Valley combined with upper level dynamics to produce snowfall of up to a foot in some areas. The Dayton airport DAY set its highest 24 hour snowfall on record with 12.4 inches on the 25th, breaking the previous record of 12.2 inches set on January 26, 1978.",The observer 3 miles north-northeast of Mulberry measured 10.5 inches of snow.,CSV
202601,24,2000,202601,26,300,210236,1311541,OHIO,39,2026,January,Winter Storm,Z,72,CLINTON,ILN,24-JAN-26 20:00:00,EST-5,26-JAN-26 03:00:00,0,0,0,0,,,Official NWS Observations,,,,,,,,,,,,,,,,,,,,,,"A strong winter storm began Saturday night and continued through Sunday as it passed over an entrenched arctic airmass. A strengthening surface low over the Tennessee Valley combined with upper level dynamics to produce snowfall of up to a foot in some areas. The Dayton airport DAY set its highest 24 hour snowfall on record with 12.4 inches on the 25th, breaking the previous record of 12.2 inches set on January 26, 1978.",The NWS office south of Wilminton measured 9.1 inches of snow.,CSV
202601,24,2000,202601,26,300,210236,1311542,OHIO,39,2026,January,Winter Storm,Z,42,DARKE,ILN,24-JAN-26 20:00:00,EST-5,26-JAN-26 03:00:00,0,0,0,0,,,CoCoRaHS,,,,,,,,,,,,,,,,,,,,,,"A strong winter storm began Saturday night and continued through Sunday as it passed over an entrenched arctic airmass. A strengthening surface low over the Tennessee Valley combined with upper level dynamics to produce snowfall of up to a foot in some areas. The Dayton airport DAY set its highest 24 hour snowfall on record with 12.4 inches on the 25th, breaking the previous record of 12.2 inches set on January 26, 1978.",The observer 2 miles south of Pitsburg measured 12.1 inches of snow.,CSV
202601,24,2000,202601,26,300,210236,1311586,OHIO,39,2026,January,Winter Storm,Z,46,DELAWARE,ILN,24-JAN-26 20:00:00,EST-5,26-JAN-26 03:00:00,0,0,0,0,,,Amateur Radio,,,,,,,,,,,,,,,,,,,,,,"A strong winter storm began Saturday night and continued through Sunday as it passed over an entrenched arctic airmass. A strengthening surface low over the Tennessee Valley combined with upper level dynamics to produce snowfall of up to a foot in some areas. The Dayton airport DAY set its highest 24 hour snowfall on record with 12.4 inches on the 25th, breaking the previous record of 12.2 inches set on January 26, 1978.",The ham radio operator 3 miles north-northeast of Westerville measured 12 inches of snow.,CSV
202601,14,1600,202601,15,1000,210304,1311989,OHIO,39,2026,January,Winter Weather,Z,54,MADISON,ILN,14-JAN-26 16:00:00,EST-5,15-JAN-26 10:00:00,0,0,0,0,,,CoCoRaHS,,,,,,,,,,,,,,,,,,,,,,"On strong northwest wind, a lake enhanced band of snow fell over an entrenched arctic airmass. This band stretched in a narrow swath from south of Celina to Xenia to south of Chillicothe, with accumulations generally between 1 and 3 inches.","A CoCoRaHS observer measured an 2.1 inches of snow 2 miles east-northeast of London, while a cooperative observer 3 miles west-northwest of London measured 1.6 inches.",CSV
202601,24,1900,202601,26,1200,209399,1306432,OHIO,39,2026,January,Winter Storm,Z,68,NOBLE,PBZ,24-JAN-26 19:00:00,EST-5,26-JAN-26 12:00:00,0,0,0,0,0.00K,0.00K,Public,,,,,,,,,,,,,,,,,,,,,,A large area of strong low pressure tracked up the eastern seaboard downstream of a digging positive to neutrally tilted trough. Deep moisture through the dendritic growth zone and strong forcing resulted in widespread significant snowfall accumulation greater than 6 across the entire county warning area with amounts generally falling between 10-18. Localized amounts under narrow frontogenetically-forced bands reached up to 22 inches. An intruding mid-level warm nose reduced snow amounts slightly in northern West Virginia and resulted in a period of some mixing of snow with freezing rain and sleet.,Widespread snow accumulation generally ranging from 6 to 8 inches was reported across the county with the highest total of 8.8 inches reported by the Public 4 miles southeast of Senecaville.,CSV
202601,24,1900,202601,26,1200,209399,1306433,OHIO,39,2026,January,Winter Storm,Z,39,TUSCARAWAS,PBZ,24-JAN-26 19:00:00,EST-5,26-JAN-26 12:00:00,0,0,0,0,0.00K,0.00K,Public,,,,,,,,,,,,,,,,,,,,,,A large area of strong low pressure tracked up the eastern seaboard downstream of a digging positive to neutrally tilted trough. Deep moisture through the dendritic growth zone and strong forcing resulted in widespread significant snowfall accumulation greater than 6 across the entire county warning area with amounts generally falling between 10-18. Localized amounts under narrow frontogenetically-forced bands reached up to 22 inches. An intruding mid-level warm nose reduced snow amounts slightly in northern West Virginia and resulted in a period of some mixing of snow with freezing rain and sleet.,Widespread snow accumulation generally ranging from 12 to 15 inches was reported across the county with the highest total of 16.0 inches reported by the Public in Roswell.,CSV
202601,24,2000,202601,26,300,210236,1311587,OHIO,39,2026,January,Winter Storm,Z,65,FAIRFIELD,ILN,24-JAN-26 20:00:00,EST-5,26-JAN-26 03:00:00,0,0,0,0,,,CoCoRaHS,,,,,,,,,,,,,,,,,,,,,,"A strong winter storm began Saturday night and continued through Sunday as it passed over an entrenched arctic airmass. A strengthening surface low over the Tennessee Valley combined with upper level dynamics to produce snowfall of up to a foot in some areas. The Dayton airport DAY set its highest 24 hour snowfall on record with 12.4 inches on the 25th, breaking the previous record of 12.2 inches set on January 26, 1978.",The observer 3 miles southeast of Reynoldsburg measured 10 inches of snow.,CSV
202601,24,2000,202601,26,300,210236,1311588,OHIO,39,2026,January,Winter Storm,Z,63,FAYETTE,ILN,24-JAN-26 20:00:00,EST-5,26-JAN-26 03:00:00,0,0,0,0,,,911 Call Center,,,,,,,,,,,,,,,,,,,,,,"A strong winter storm began Saturday night and continued through Sunday as it passed over an entrenched arctic airmass. A strengthening surface low over the Tennessee Valley combined with upper level dynamics to produce snowfall of up to a foot in some areas. The Dayton airport DAY set its highest 24 hour snowfall on record with 12.4 inches on the 25th, breaking the previous record of 12.2 inches set on January 26, 1978.","In Washington Court House, 11 inches of snow was measured.",CSV
202601,24,2000,202601,26,300,210236,1311589,OHIO,39,2026,January,Winter Storm,Z,55,FRANKLIN,ILN,24-JAN-26 20:00:00,EST-5,26-JAN-26 03:00:00,0,0,0,0,,,CoCoRaHS,,,,,,,,,,,,,,,,,,,,,,"A strong winter storm began Saturday night and continued through Sunday as it passed over an entrenched arctic airmass. A strengthening surface low over the Tennessee Valley combined with upper level dynamics to produce snowfall of up to a foot in some areas. The Dayton airport DAY set its highest 24 hour snowfall on record with 12.4 inches on the 25th, breaking the previous record of 12.2 inches set on January 26, 1978.","The observer 3 miles northwest of Lincoln Village measured 13.1 inches of snow. At the Columbus airport CMH, 12 inches of snow fell. The 11.9 inches that fell on the 25th broke the old record of 4.7 inches set in 1988.",CSV
202601,24,2000,202601,26,300,210236,1311590,OHIO,39,2026,January,Winter Storm,Z,62,GREENE,ILN,24-JAN-26 20:00:00,EST-5,26-JAN-26 03:00:00,0,0,0,0,,,CoCoRaHS,,,,,,,,,,,,,,,,,,,,,,"A strong winter storm began Saturday night and continued through Sunday as it passed over an entrenched arctic airmass. A strengthening surface low over the Tennessee Valley combined with upper level dynamics to produce snowfall of up to a foot in some areas. The Dayton airport DAY set its highest 24 hour snowfall on record with 12.4 inches on the 25th, breaking the previous record of 12.2 inches set on January 26, 1978.",The observer 3 miles north-northeast of Beavercreek measured 14.4 inches of snow.,CSV
202601,24,2000,202601,26,300,210236,1311591,OHIO,39,2026,January,Winter Storm,Z,77,HAMILTON,ILN,24-JAN-26 20:00:00,EST-5,26-JAN-26 03:00:00,0,0,0,0,,,Public,,,,,,,,,,,,,,,,,,,,,,"A strong winter storm began Saturday night and continued through Sunday as it passed over an entrenched arctic airmass. A strengthening surface low over the Tennessee Valley combined with upper level dynamics to produce snowfall of up to a foot in some areas. The Dayton airport DAY set its highest 24 hour snowfall on record with 12.4 inches on the 25th, breaking the previous record of 12.2 inches set on January 26, 1978.",A report came from Cleves with 10.5 inches of snow.,CSV
202601,24,2000,202601,26,300,210236,1311592,OHIO,39,2026,January,Winter Storm,Z,26,HARDIN,ILN,24-JAN-26 20:00:00,EST-5,26-JAN-26 03:00:00,0,0,0,0,,,Public,,,,,,,,,,,,,,,,,,,,,,"A strong winter storm began Saturday night and continued through Sunday as it passed over an entrenched arctic airmass. A strengthening surface low over the Tennessee Valley combined with upper level dynamics to produce snowfall of up to a foot in some areas. The Dayton airport DAY set its highest 24 hour snowfall on record with 12.4 inches on the 25th, breaking the previous record of 12.2 inches set on January 26, 1978.",A report came from northeast of Alger with 7 inches of snow.,CSV
202601,24,2000,202601,26,300,210236,1311593,OHIO,39,2026,January,Winter Storm,Z,80,HIGHLAND,ILN,24-JAN-26 20:00:00,EST-5,26-JAN-26 03:00:00,0,0,0,0,,,Public,,,,,,,,,,,,,,,,,,,,,,"A strong winter storm began Saturday night and continued through Sunday as it passed over an entrenched arctic airmass. A strengthening surface low over the Tennessee Valley combined with upper level dynamics to produce snowfall of up to a foot in some areas. The Dayton airport DAY set its highest 24 hour snowfall on record with 12.4 inches on the 25th, breaking the previous record of 12.2 inches set on January 26, 1978.",A report came from Greenfield with 9.7 inches of snow.,CSV
202601,24,2000,202601,26,300,210236,1311594,OHIO,39,2026,January,Winter Storm,Z,74,HOCKING,ILN,24-JAN-26 20:00:00,EST-5,26-JAN-26 03:00:00,0,0,0,0,,,Public,,,,,,,,,,,,,,,,,,,,,,"A strong winter storm began Saturday night and continued through Sunday as it passed over an entrenched arctic airmass. A strengthening surface low over the Tennessee Valley combined with upper level dynamics to produce snowfall of up to a foot in some areas. The Dayton airport DAY set its highest 24 hour snowfall on record with 12.4 inches on the 25th, breaking the previous record of 12.2 inches set on January 26, 1978.",A report came from 3 miles south of Sugar Grove with 7.5 inches of snow.,CSV
202601,24,2000,202601,26,300,210236,1311595,OHIO,39,2026,January,Winter Storm,Z,56,LICKING,ILN,24-JAN-26 20:00:00,EST-5,26-JAN-26 03:00:00,0,0,0,0,,,CoCoRaHS,,,,,,,,,,,,,,,,,,,,,,"A strong winter storm began Saturday night and continued through Sunday as it passed over an entrenched arctic airmass. A strengthening surface low over the Tennessee Valley combined with upper level dynamics to produce snowfall of up to a foot in some areas. The Dayton airport DAY set its highest 24 hour snowfall on record with 12.4 inches on the 25th, breaking the previous record of 12.2 inches set on January 26, 1978.",The observer in Pataskala measured 11.4 inches of snow.,CSV
202601,24,2000,202601,26,300,210236,1311596,OHIO,39,2026,January,Winter Storm,Z,44,LOGAN,ILN,24-JAN-26 20:00:00,EST-5,26-JAN-26 03:00:00,0,0,0,0,,,COOP Observer,,,,,,,,,,,,,,,,,,,,,,"A strong winter storm began Saturday night and continued through Sunday as it passed over an entrenched arctic airmass. A strengthening surface low over the Tennessee Valley combined with upper level dynamics to produce snowfall of up to a foot in some areas. The Dayton airport DAY set its highest 24 hour snowfall on record with 12.4 inches on the 25th, breaking the previous record of 12.2 inches set on January 26, 1978.",The observer 3 miles north of Huntsville measured 8.7 inches of snow.,CSV
202601,24,1915,202601,26,700,209349,1305871,OHIO,39,2026,January,Winter Storm,Z,75,ATHENS,RLX,24-JAN-26 19:15:00,EST-5,26-JAN-26 07:00:00,0,0,0,0,0.00K,0.00K,CoCoRaHS,,,,,,,,,,,,,,,,,,,,,,"A significant winter storm brought a mix of wintry precipitation to the area from the afternoon of January 24th into the 26th. Precipitation initially overspread the area as snow the evening of the 24th, then transitioned to a mix of snow, sleet, and freezing rain overnight into the morning of the 25th. Portions of northeast KY, southwest VA, and central and southern WV also experienced a period of rain as temperatures warmed slightly during the day. Temperatures plunged back below freezing in the wake of a cold front, with precipitation turning back to snow throughout the area that evening. Precipitation lingered overnight then tapered off the morning of the 26th.||In southeast Ohio, the highest snow amounts, which ranged from around five to ten inches, were observed in Perry, Washington, Athens, Vinton, and Jackson Counties. In addition to a few inches of snow, sleet and freezing rain become more dominant further south. Jackson and Lawrence Counties had the most notable sleet amounts, each coming in with around an inch of accumulation. As for freezing rain, a few tenths of an inch of ice were observed in Lawrence County.",,CSV
202601,24,2000,202601,26,300,210236,1311597,OHIO,39,2026,January,Winter Storm,Z,54,MADISON,ILN,24-JAN-26 20:00:00,EST-5,26-JAN-26 03:00:00,0,0,0,0,,,CoCoRaHS,,,,,,,,,,,,,,,,,,,,,,"A strong winter storm began Saturday night and continued through Sunday as it passed over an entrenched arctic airmass. A strengthening surface low over the Tennessee Valley combined with upper level dynamics to produce snowfall of up to a foot in some areas. The Dayton airport DAY set its highest 24 hour snowfall on record with 12.4 inches on the 25th, breaking the previous record of 12.2 inches set on January 26, 1978.",The observer northeast of London measured 14.3 inches of snow.,CSV
202601,24,2000,202601,26,300,210236,1311598,OHIO,39,2026,January,Winter Storm,Z,34,MERCER,ILN,24-JAN-26 20:00:00,EST-5,26-JAN-26 03:00:00,0,0,0,0,,,Public,,,,,,,,,,,,,,,,,,,,,,"A strong winter storm began Saturday night and continued through Sunday as it passed over an entrenched arctic airmass. A strengthening surface low over the Tennessee Valley combined with upper level dynamics to produce snowfall of up to a foot in some areas. The Dayton airport DAY set its highest 24 hour snowfall on record with 12.4 inches on the 25th, breaking the previous record of 12.2 inches set on January 26, 1978.","In Cellina, 11.1 inches of snow was reported.",CSV
202601,24,2000,202601,26,300,210236,1311599,OHIO,39,2026,January,Winter Storm,Z,51,MIAMI,ILN,24-JAN-26 20:00:00,EST-5,26-JAN-26 03:00:00,0,0,0,0,,,COOP Observer,,,,,,,,,,,,,,,,,,,,,,"A strong winter storm began Saturday night and continued through Sunday as it passed over an entrenched arctic airmass. A strengthening surface low over the Tennessee Valley combined with upper level dynamics to produce snowfall of up to a foot in some areas. The Dayton airport DAY set its highest 24 hour snowfall on record with 12.4 inches on the 25th, breaking the previous record of 12.2 inches set on January 26, 1978.","In Tipp City, the observer measured 12 inches of snow.",CSV
202601,24,2000,202601,26,300,210236,1311600,OHIO,39,2026,January,Winter Storm,Z,61,MONTGOMERY,ILN,24-JAN-26 20:00:00,EST-5,26-JAN-26 03:00:00,0,0,0,0,,,Public,,,,,,,,,,,,,,,,,,,,,,"A strong winter storm began Saturday night and continued through Sunday as it passed over an entrenched arctic airmass. A strengthening surface low over the Tennessee Valley combined with upper level dynamics to produce snowfall of up to a foot in some areas. The Dayton airport DAY set its highest 24 hour snowfall on record with 12.4 inches on the 25th, breaking the previous record of 12.2 inches set on January 26, 1978.","Three miles east of Kettering, 14.5 inches of snow was reported. At the Dayton airport DAY, 14 inches of snow fell. For the 24 hour period of the 25th, 12.4 inches of snow broke the record for the most snow ever recorded, breaking the old one of 12.2 inches set on January 26, 1978.",CSV
202601,24,2000,202601,26,300,210236,1311601,OHIO,39,2026,January,Winter Storm,Z,64,PICKAWAY,ILN,24-JAN-26 20:00:00,EST-5,26-JAN-26 03:00:00,0,0,0,0,,,CoCoRaHS,,,,,,,,,,,,,,,,,,,,,,"A strong winter storm began Saturday night and continued through Sunday as it passed over an entrenched arctic airmass. A strengthening surface low over the Tennessee Valley combined with upper level dynamics to produce snowfall of up to a foot in some areas. The Dayton airport DAY set its highest 24 hour snowfall on record with 12.4 inches on the 25th, breaking the previous record of 12.2 inches set on January 26, 1978.",The observer 5 miles northeast of Circleville measured 8 inches of snow.,CSV
202601,24,1800,202601,26,700,209349,1305872,OHIO,39,2026,January,Winter Storm,Z,86,GALLIA,RLX,24-JAN-26 18:00:00,EST-5,26-JAN-26 07:00:00,0,0,0,0,0.00K,0.00K,Public,,,,,,,,,,,,,,,,,,,,,,"A significant winter storm brought a mix of wintry precipitation to the area from the afternoon of January 24th into the 26th. Precipitation initially overspread the area as snow the evening of the 24th, then transitioned to a mix of snow, sleet, and freezing rain overnight into the morning of the 25th. Portions of northeast KY, southwest VA, and central and southern WV also experienced a period of rain as temperatures warmed slightly during the day. Temperatures plunged back below freezing in the wake of a cold front, with precipitation turning back to snow throughout the area that evening. Precipitation lingered overnight then tapered off the morning of the 26th.||In southeast Ohio, the highest snow amounts, which ranged from around five to ten inches, were observed in Perry, Washington, Athens, Vinton, and Jackson Counties. In addition to a few inches of snow, sleet and freezing rain become more dominant further south. Jackson and Lawrence Counties had the most notable sleet amounts, each coming in with around an inch of accumulation. As for freezing rain, a few tenths of an inch of ice were observed in Lawrence County.",,CSV
202601,24,1915,202601,26,700,209349,1305873,OHIO,39,2026,January,Winter Storm,Z,83,JACKSON,RLX,24-JAN-26 19:15:00,EST-5,26-JAN-26 07:00:00,0,0,0,0,0.00K,0.00K,Trained Spotter,,,,,,,,,,,,,,,,,,,,,,"A significant winter storm brought a mix of wintry precipitation to the area from the afternoon of January 24th into the 26th. Precipitation initially overspread the area as snow the evening of the 24th, then transitioned to a mix of snow, sleet, and freezing rain overnight into the morning of the 25th. Portions of northeast KY, southwest VA, and central and southern WV also experienced a period of rain as temperatures warmed slightly during the day. Temperatures plunged back below freezing in the wake of a cold front, with precipitation turning back to snow throughout the area that evening. Precipitation lingered overnight then tapered off the morning of the 26th.||In southeast Ohio, the highest snow amounts, which ranged from around five to ten inches, were observed in Perry, Washington, Athens, Vinton, and Jackson Counties. In addition to a few inches of snow, sleet and freezing rain become more dominant further south. Jackson and Lawrence Counties had the most notable sleet amounts, each coming in with around an inch of accumulation. As for freezing rain, a few tenths of an inch of ice were observed in Lawrence County.",,CSV
202601,24,2000,202601,26,300,210236,1311602,OHIO,39,2026,January,Winter Storm,Z,82,PIKE,ILN,24-JAN-26 20:00:00,EST-5,26-JAN-26 03:00:00,0,0,0,0,,,CoCoRaHS,,,,,,,,,,,,,,,,,,,,,,"A strong winter storm began Saturday night and continued through Sunday as it passed over an entrenched arctic airmass. A strengthening surface low over the Tennessee Valley combined with upper level dynamics to produce snowfall of up to a foot in some areas. The Dayton airport DAY set its highest 24 hour snowfall on record with 12.4 inches on the 25th, breaking the previous record of 12.2 inches set on January 26, 1978.",The observer 4 miles northeast of Waverly measured 6.4 inches of snow.,CSV
202601,24,2000,202601,26,300,210236,1311603,OHIO,39,2026,January,Winter Storm,Z,60,PREBLE,ILN,24-JAN-26 20:00:00,EST-5,26-JAN-26 03:00:00,0,0,0,0,,,Public,,,,,,,,,,,,,,,,,,,,,,"A strong winter storm began Saturday night and continued through Sunday as it passed over an entrenched arctic airmass. A strengthening surface low over the Tennessee Valley combined with upper level dynamics to produce snowfall of up to a foot in some areas. The Dayton airport DAY set its highest 24 hour snowfall on record with 12.4 inches on the 25th, breaking the previous record of 12.2 inches set on January 26, 1978.","In Eaton, 14 inches of snow was reported.",CSV
202601,24,2000,202601,26,300,210236,1311604,OHIO,39,2026,January,Winter Storm,Z,73,ROSS,ILN,24-JAN-26 20:00:00,EST-5,26-JAN-26 03:00:00,0,0,0,0,,,CoCoRaHS,,,,,,,,,,,,,,,,,,,,,,"A strong winter storm began Saturday night and continued through Sunday as it passed over an entrenched arctic airmass. A strengthening surface low over the Tennessee Valley combined with upper level dynamics to produce snowfall of up to a foot in some areas. The Dayton airport DAY set its highest 24 hour snowfall on record with 12.4 inches on the 25th, breaking the previous record of 12.2 inches set on January 26, 1978.",The observer 4 miles south of Kingston measured 7.5 inches of snow.,CSV
202601,24,2000,202601,26,300,210236,1311605,OHIO,39,2026,January,Winter Storm,Z,88,SCIOTO,ILN,24-JAN-26 20:00:00,EST-5,26-JAN-26 03:00:00,0,0,0,0,,,Broadcast Media,,,,,,,,,,,,,,,,,,,,,,"A strong winter storm began Saturday night and continued through Sunday as it passed over an entrenched arctic airmass. A strengthening surface low over the Tennessee Valley combined with upper level dynamics to produce snowfall of up to a foot in some areas. The Dayton airport DAY set its highest 24 hour snowfall on record with 12.4 inches on the 25th, breaking the previous record of 12.2 inches set on January 26, 1978.","In Lucasville, 5 inches of snow was reported.",CSV
202601,24,2000,202601,26,300,210236,1311606,OHIO,39,2026,January,Winter Storm,Z,43,SHELBY,ILN,24-JAN-26 20:00:00,EST-5,26-JAN-26 03:00:00,0,0,0,0,,,CoCoRaHS,,,,,,,,,,,,,,,,,,,,,,"A strong winter storm began Saturday night and continued through Sunday as it passed over an entrenched arctic airmass. A strengthening surface low over the Tennessee Valley combined with upper level dynamics to produce snowfall of up to a foot in some areas. The Dayton airport DAY set its highest 24 hour snowfall on record with 12.4 inches on the 25th, breaking the previous record of 12.2 inches set on January 26, 1978.",The observer 5 miles east-northeast of Russia measured 10.1 inches of snow.,CSV
202601,20,0,202601,31,2359,210468,1313477,OHIO,39,2026,January,Cold/Wind Chill,Z,75,ATHENS,RLX,20-JAN-26 00:00:00,EST-5,31-JAN-26 23:59:00,0,0,0,0,0.00K,0.00K,Public,,,,,,,,,,,,,,,,,,,,,,"A strong Arctic outbreak settled into southeast Ohio for the second half of January. This was first initiated on January 20th in the wake of a cold front and a departing winter storm, followed by reinforcing shots of cold air through the last week of January. Most nights during this time featured Extreme Cold Warnings and Cold Weather Advisories in response to the dangerously cold wind chills. Subzero wind chills occurred during most nights in the second half of the month.",,CSV
202601,20,0,202601,31,2359,210468,1313478,OHIO,39,2026,January,Cold/Wind Chill,Z,86,GALLIA,RLX,20-JAN-26 00:00:00,EST-5,31-JAN-26 23:59:00,0,0,0,0,0.00K,0.00K,COOP Observer,,,,,,,,,,,,,,,,,,,,,,"A strong Arctic outbreak settled into southeast Ohio for the second half of January. This was first initiated on January 20th in the wake of a cold front and a departing winter storm, followed by reinforcing shots of cold air through the last week of January. Most nights during this time featured Extreme Cold Warnings and Cold Weather Advisories in response to the dangerously cold wind chills. Subzero wind chills occurred during most nights in the second half of the month.",,CSV
202601,20,0,202601,31,2359,210468,1313479,OHIO,39,2026,January,Cold/Wind Chill,Z,83,JACKSON,RLX,20-JAN-26 00:00:00,EST-5,31-JAN-26 23:59:00,0,0,0,0,0.00K,0.00K,Public,,,,,,,,,,,,,,,,,,,,,,"A strong Arctic outbreak settled into southeast Ohio for the second half of January. This was first initiated on January 20th in the wake of a cold front and a departing winter storm, followed by reinforcing shots of cold air through the last week of January. Most nights during this time featured Extreme Cold Warnings and Cold Weather Advisories in response to the dangerously cold wind chills. Subzero wind chills occurred during most nights in the second half of the month.",,CSV
202601,20,0,202601,31,2359,210468,1313480,OHIO,39,2026,January,Cold/Wind Chill,Z,87,LAWRENCE,RLX,20-JAN-26 00:00:00,EST-5,31-JAN-26 23:59:00,0,0,0,0,0.00K,0.00K,Public,,,,,,,,,,,,,,,,,,,,,,"A strong Arctic outbreak settled into southeast Ohio for the second half of January. This was first initiated on January 20th in the wake of a cold front and a departing winter storm, followed by reinforcing shots of cold air through the last week of January. Most nights during this time featured Extreme Cold Warnings and Cold Weather Advisories in response to the dangerously cold wind chills. Subzero wind chills occurred during most nights in the second half of the month.",,CSV
202601,20,0,202601,31,2359,210468,1313481,OHIO,39,2026,January,Cold/Wind Chill,Z,85,MEIGS,RLX,20-JAN-26 00:00:00,EST-5,31-JAN-26 23:59:00,0,0,0,0,0.00K,0.00K,Public,,,,,,,,,,,,,,,,,,,,,,"A strong Arctic outbreak settled into southeast Ohio for the second half of January. This was first initiated on January 20th in the wake of a cold front and a departing winter storm, followed by reinforcing shots of cold air through the last week of January. Most nights during this time featured Extreme Cold Warnings and Cold Weather Advisories in response to the dangerously cold wind chills. Subzero wind chills occurred during most nights in the second half of the month.",,CSV
202601,24,1730,202601,26,700,209349,1305875,OHIO,39,2026,January,Winter Storm,Z,87,LAWRENCE,RLX,24-JAN-26 17:30:00,EST-5,26-JAN-26 07:00:00,0,0,0,0,0.00K,0.00K,Public,,,,,,,,,,,,,,,,,,,,,,"A significant winter storm brought a mix of wintry precipitation to the area from the afternoon of January 24th into the 26th. Precipitation initially overspread the area as snow the evening of the 24th, then transitioned to a mix of snow, sleet, and freezing rain overnight into the morning of the 25th. Portions of northeast KY, southwest VA, and central and southern WV also experienced a period of rain as temperatures warmed slightly during the day. Temperatures plunged back below freezing in the wake of a cold front, with precipitation turning back to snow throughout the area that evening. Precipitation lingered overnight then tapered off the morning of the 26th.||In southeast Ohio, the highest snow amounts, which ranged from around five to ten inches, were observed in Perry, Washington, Athens, Vinton, and Jackson Counties. In addition to a few inches of snow, sleet and freezing rain become more dominant further south. Jackson and Lawrence Counties had the most notable sleet amounts, each coming in with around an inch of accumulation. As for freezing rain, a few tenths of an inch of ice were observed in Lawrence County.",,CSV
202601,24,1915,202601,26,700,209349,1305876,OHIO,39,2026,January,Winter Storm,Z,85,MEIGS,RLX,24-JAN-26 19:15:00,EST-5,26-JAN-26 07:00:00,0,0,0,0,0.00K,0.00K,CoCoRaHS,,,,,,,,,,,,,,,,,,,,,,"A significant winter storm brought a mix of wintry precipitation to the area from the afternoon of January 24th into the 26th. Precipitation initially overspread the area as snow the evening of the 24th, then transitioned to a mix of snow, sleet, and freezing rain overnight into the morning of the 25th. Portions of northeast KY, southwest VA, and central and southern WV also experienced a period of rain as temperatures warmed slightly during the day. Temperatures plunged back below freezing in the wake of a cold front, with precipitation turning back to snow throughout the area that evening. Precipitation lingered overnight then tapered off the morning of the 26th.||In southeast Ohio, the highest snow amounts, which ranged from around five to ten inches, were observed in Perry, Washington, Athens, Vinton, and Jackson Counties. In addition to a few inches of snow, sleet and freezing rain become more dominant further south. Jackson and Lawrence Counties had the most notable sleet amounts, each coming in with around an inch of accumulation. As for freezing rain, a few tenths of an inch of ice were observed in Lawrence County.",,CSV
202601,1,219,202601,1,315,209976,1309688,OHIO,39,2026,January,Winter Weather,Z,75,ATHENS,RLX,01-JAN-26 02:19:00,EST-5,01-JAN-26 03:15:00,0,0,0,0,0.00K,0.00K,CoCoRaHS,,,,,,,,,,,,,,,,,,,,,,"A passing clipper system helped southeast Ohio ring in the new year in the form of snow squalls. Shortly after the clock struck midnight on January 1st, snow squalls ventured into the Ohio River Valley and dropped around an inch of snow. Local CoCoRaHS volunteers measured close to two inches of snow on the morning of the 1st in the wake of the squall. One snow squall in particular in Athens County resulted in a brief, sharp drop in visibility with heavy snow and strong wind gusts. This event was short-lived, as the clipper system quickly jetted off the east coast by the middle of the day on the first and high pressure built into the Ohio Valley.",,CSV
202601,1,219,202601,1,245,209976,1309689,OHIO,39,2026,January,Winter Weather,Z,67,MORGAN,RLX,01-JAN-26 02:19:00,EST-5,01-JAN-26 02:45:00,0,0,0,0,0.00K,0.00K,CoCoRaHS,,,,,,,,,,,,,,,,,,,,,,"A passing clipper system helped southeast Ohio ring in the new year in the form of snow squalls. Shortly after the clock struck midnight on January 1st, snow squalls ventured into the Ohio River Valley and dropped around an inch of snow. Local CoCoRaHS volunteers measured close to two inches of snow on the morning of the 1st in the wake of the squall. One snow squall in particular in Athens County resulted in a brief, sharp drop in visibility with heavy snow and strong wind gusts. This event was short-lived, as the clipper system quickly jetted off the east coast by the middle of the day on the first and high pressure built into the Ohio Valley.",,CSV
202601,1,219,202601,1,315,209976,1309690,OHIO,39,2026,January,Winter Weather,Z,85,MEIGS,RLX,01-JAN-26 02:19:00,EST-5,01-JAN-26 03:15:00,0,0,0,0,0.00K,0.00K,CoCoRaHS,,,,,,,,,,,,,,,,,,,,,,"A passing clipper system helped southeast Ohio ring in the new year in the form of snow squalls. Shortly after the clock struck midnight on January 1st, snow squalls ventured into the Ohio River Valley and dropped around an inch of snow. Local CoCoRaHS volunteers measured close to two inches of snow on the morning of the 1st in the wake of the squall. One snow squall in particular in Athens County resulted in a brief, sharp drop in visibility with heavy snow and strong wind gusts. This event was short-lived, as the clipper system quickly jetted off the east coast by the middle of the day on the first and high pressure built into the Ohio Valley.",,CSV
202601,1,0,202601,1,1000,209976,1309691,OHIO,39,2026,January,Winter Weather,Z,76,WASHINGTON,RLX,01-JAN-26 00:00:00,EST-5,01-JAN-26 10:00:00,0,0,0,0,0.00K,0.00K,Public,,,,,,,,,,,,,,,,,,,,,,"A passing clipper system helped southeast Ohio ring in the new year in the form of snow squalls. Shortly after the clock struck midnight on January 1st, snow squalls ventured into the Ohio River Valley and dropped around an inch of snow. Local CoCoRaHS volunteers measured close to two inches of snow on the morning of the 1st in the wake of the squall. One snow squall in particular in Athens County resulted in a brief, sharp drop in visibility with heavy snow and strong wind gusts. This event was short-lived, as the clipper system quickly jetted off the east coast by the middle of the day on the first and high pressure built into the Ohio Valley.",,CSV
202601,24,2000,202601,26,300,210236,1311607,OHIO,39,2026,January,Winter Storm,Z,45,UNION,ILN,24-JAN-26 20:00:00,EST-5,26-JAN-26 03:00:00,0,0,0,0,,,CoCoRaHS,,,,,,,,,,,,,,,,,,,,,,"A strong winter storm began Saturday night and continued through Sunday as it passed over an entrenched arctic airmass. A strengthening surface low over the Tennessee Valley combined with upper level dynamics to produce snowfall of up to a foot in some areas. The Dayton airport DAY set its highest 24 hour snowfall on record with 12.4 inches on the 25th, breaking the previous record of 12.2 inches set on January 26, 1978.",The observer 3 miles west of Ostrander measured 11 inches of snow.,CSV
202601,24,2000,202601,26,300,210236,1311608,OHIO,39,2026,January,Winter Storm,Z,71,WARREN,ILN,24-JAN-26 20:00:00,EST-5,26-JAN-26 03:00:00,0,0,0,0,,,CoCoRaHS,,,,,,,,,,,,,,,,,,,,,,"A strong winter storm began Saturday night and continued through Sunday as it passed over an entrenched arctic airmass. A strengthening surface low over the Tennessee Valley combined with upper level dynamics to produce snowfall of up to a foot in some areas. The Dayton airport DAY set its highest 24 hour snowfall on record with 12.4 inches on the 25th, breaking the previous record of 12.2 inches set on January 26, 1978.",The observer southwest of Franklin measured 14.1 inches of snow.,CSV
202601,20,0,202601,31,2359,210468,1313482,OHIO,39,2026,January,Cold/Wind Chill,Z,67,MORGAN,RLX,20-JAN-26 00:00:00,EST-5,31-JAN-26 23:59:00,0,0,0,0,0.00K,0.00K,Public,,,,,,,,,,,,,,,,,,,,,,"A strong Arctic outbreak settled into southeast Ohio for the second half of January. This was first initiated on January 20th in the wake of a cold front and a departing winter storm, followed by reinforcing shots of cold air through the last week of January. Most nights during this time featured Extreme Cold Warnings and Cold Weather Advisories in response to the dangerously cold wind chills. Subzero wind chills occurred during most nights in the second half of the month.",,CSV
202601,20,0,202601,31,2359,210468,1313483,OHIO,39,2026,January,Extreme Cold/Wind Chill,Z,66,PERRY,RLX,20-JAN-26 00:00:00,EST-5,31-JAN-26 23:59:00,0,0,0,0,0.00K,0.00K,COOP Observer,,,,,,,,,,,,,,,,,,,,,,"A strong Arctic outbreak settled into southeast Ohio for the second half of January. This was first initiated on January 20th in the wake of a cold front and a departing winter storm, followed by reinforcing shots of cold air through the last week of January. Most nights during this time featured Extreme Cold Warnings and Cold Weather Advisories in response to the dangerously cold wind chills. Subzero wind chills occurred during most nights in the second half of the month.",,CSV
202601,20,0,202601,31,2359,210468,1313484,OHIO,39,2026,January,Cold/Wind Chill,Z,84,VINTON,RLX,20-JAN-26 00:00:00,EST-5,31-JAN-26 23:59:00,0,0,0,0,0.00K,0.00K,Public,,,,,,,,,,,,,,,,,,,,,,"A strong Arctic outbreak settled into southeast Ohio for the second half of January. This was first initiated on January 20th in the wake of a cold front and a departing winter storm, followed by reinforcing shots of cold air through the last week of January. Most nights during this time featured Extreme Cold Warnings and Cold Weather Advisories in response to the dangerously cold wind chills. Subzero wind chills occurred during most nights in the second half of the month.",,CSV
202601,20,0,202601,31,2359,210468,1313485,OHIO,39,2026,January,Cold/Wind Chill,Z,76,WASHINGTON,RLX,20-JAN-26 00:00:00,EST-5,31-JAN-26 23:59:00,0,0,0,0,0.00K,0.00K,COOP Observer,,,,,,,,,,,,,,,,,,,,,,"A strong Arctic outbreak settled into southeast Ohio for the second half of January. This was first initiated on January 20th in the wake of a cold front and a departing winter storm, followed by reinforcing shots of cold air through the last week of January. Most nights during this time featured Extreme Cold Warnings and Cold Weather Advisories in response to the dangerously cold wind chills. Subzero wind chills occurred during most nights in the second half of the month.",,CSV
202601,24,2030,202601,26,700,209349,1305878,OHIO,39,2026,January,Winter Storm,Z,66,PERRY,RLX,24-JAN-26 20:30:00,EST-5,26-JAN-26 07:00:00,0,0,0,0,0.00K,0.00K,Trained Spotter,,,,,,,,,,,,,,,,,,,,,,"A significant winter storm brought a mix of wintry precipitation to the area from the afternoon of January 24th into the 26th. Precipitation initially overspread the area as snow the evening of the 24th, then transitioned to a mix of snow, sleet, and freezing rain overnight into the morning of the 25th. Portions of northeast KY, southwest VA, and central and southern WV also experienced a period of rain as temperatures warmed slightly during the day. Temperatures plunged back below freezing in the wake of a cold front, with precipitation turning back to snow throughout the area that evening. Precipitation lingered overnight then tapered off the morning of the 26th.||In southeast Ohio, the highest snow amounts, which ranged from around five to ten inches, were observed in Perry, Washington, Athens, Vinton, and Jackson Counties. In addition to a few inches of snow, sleet and freezing rain become more dominant further south. Jackson and Lawrence Counties had the most notable sleet amounts, each coming in with around an inch of accumulation. As for freezing rain, a few tenths of an inch of ice were observed in Lawrence County.",,CSV
202601,24,1915,202601,26,700,209349,1305879,OHIO,39,2026,January,Winter Storm,Z,84,VINTON,RLX,24-JAN-26 19:15:00,EST-5,26-JAN-26 07:00:00,0,0,0,0,0.00K,0.00K,Trained Spotter,,,,,,,,,,,,,,,,,,,,,,"A significant winter storm brought a mix of wintry precipitation to the area from the afternoon of January 24th into the 26th. Precipitation initially overspread the area as snow the evening of the 24th, then transitioned to a mix of snow, sleet, and freezing rain overnight into the morning of the 25th. Portions of northeast KY, southwest VA, and central and southern WV also experienced a period of rain as temperatures warmed slightly during the day. Temperatures plunged back below freezing in the wake of a cold front, with precipitation turning back to snow throughout the area that evening. Precipitation lingered overnight then tapered off the morning of the 26th.||In southeast Ohio, the highest snow amounts, which ranged from around five to ten inches, were observed in Perry, Washington, Athens, Vinton, and Jackson Counties. In addition to a few inches of snow, sleet and freezing rain become more dominant further south. Jackson and Lawrence Counties had the most notable sleet amounts, each coming in with around an inch of accumulation. As for freezing rain, a few tenths of an inch of ice were observed in Lawrence County.",,CSV
202601,24,2150,202601,26,700,209349,1305880,OHIO,39,2026,January,Winter Storm,Z,67,MORGAN,RLX,24-JAN-26 21:50:00,EST-5,26-JAN-26 07:00:00,0,0,0,0,0.00K,0.00K,Public,,,,,,,,,,,,,,,,,,,,,,"A significant winter storm brought a mix of wintry precipitation to the area from the afternoon of January 24th into the 26th. Precipitation initially overspread the area as snow the evening of the 24th, then transitioned to a mix of snow, sleet, and freezing rain overnight into the morning of the 25th. Portions of northeast KY, southwest VA, and central and southern WV also experienced a period of rain as temperatures warmed slightly during the day. Temperatures plunged back below freezing in the wake of a cold front, with precipitation turning back to snow throughout the area that evening. Precipitation lingered overnight then tapered off the morning of the 26th.||In southeast Ohio, the highest snow amounts, which ranged from around five to ten inches, were observed in Perry, Washington, Athens, Vinton, and Jackson Counties. In addition to a few inches of snow, sleet and freezing rain become more dominant further south. Jackson and Lawrence Counties had the most notable sleet amounts, each coming in with around an inch of accumulation. As for freezing rain, a few tenths of an inch of ice were observed in Lawrence County.",,CSV
202601,24,2200,202601,26,700,209349,1305881,OHIO,39,2026,January,Winter Storm,Z,76,WASHINGTON,RLX,24-JAN-26 22:00:00,EST-5,26-JAN-26 07:00:00,0,0,0,0,0.00K,0.00K,CoCoRaHS,,,,,,,,,,,,,,,,,,,,,,"A significant winter storm brought a mix of wintry precipitation to the area from the afternoon of January 24th into the 26th. Precipitation initially overspread the area as snow the evening of the 24th, then transitioned to a mix of snow, sleet, and freezing rain overnight into the morning of the 25th. Portions of northeast KY, southwest VA, and central and southern WV also experienced a period of rain as temperatures warmed slightly during the day. Temperatures plunged back below freezing in the wake of a cold front, with precipitation turning back to snow throughout the area that evening. Precipitation lingered overnight then tapered off the morning of the 26th.||In southeast Ohio, the highest snow amounts, which ranged from around five to ten inches, were observed in Perry, Washington, Athens, Vinton, and Jackson Counties. In addition to a few inches of snow, sleet and freezing rain become more dominant further south. Jackson and Lawrence Counties had the most notable sleet amounts, each coming in with around an inch of accumulation. As for freezing rain, a few tenths of an inch of ice were observed in Lawrence County.",,CSV
202602,3,700,202602,3,2100,211237,1319877,OHIO,39,2026,February,Winter Weather,Z,77,HAMILTON,ILN,03-FEB-26 07:00:00,EST-5,03-FEB-26 21:00:00,0,0,0,0,,,COOP Observer,,,,,,,,,,,,,,,,,,,,,,"Low level frontogenesis developed ahead of a cold front, and an upper level shortwave provided lift to create a period of snow as it passed.",The observer in Mack measured 1.1 inches of snow.,CSV
202602,3,700,202602,3,2100,211237,1319883,OHIO,39,2026,February,Winter Weather,Z,82,PIKE,ILN,03-FEB-26 07:00:00,EST-5,03-FEB-26 21:00:00,0,0,0,0,,,Unknown,,,,,,,,,,,,,,,,,,,,,,"Low level frontogenesis developed ahead of a cold front, and an upper level shortwave provided lift to create a period of snow as it passed.","Based on surrounding observations, up to 4 inches of snow fell along the Pike/Scioto County line, while it is estimated that the northern half of the county only received 2 to 3 inches.",CSV
202602,3,700,202602,3,2100,211237,1319884,OHIO,39,2026,February,Winter Weather,Z,71,WARREN,ILN,03-FEB-26 07:00:00,EST-5,03-FEB-26 21:00:00,0,0,0,0,,,Trained Spotter,,,,,,,,,,,,,,,,,,,,,,"Low level frontogenesis developed ahead of a cold front, and an upper level shortwave provided lift to create a period of snow as it passed.",A spotter 2 miles east northeast of Springboro measured 2.3 inches of snow.,CSV
202602,20,1100,202602,20,2200,211049,1318535,OHIO,39,2026,February,Strong Wind,Z,75,ATHENS,RLX,20-FEB-26 11:00:00,EST-5,20-FEB-26 22:00:00,0,0,0,0,3.00K,0.00K,AWOS,40.00,MG,,,,,,,,,,,,,,,,,,,,"Strong winds were observed across multiple locations in southeast Ohio on February 20th as they accompanied a cold front. The initial burst of winds arrived in the late morning timeframe with the frontal passage, and continued to be breezy to strong through the day as stronger winds from aloft mixed down to the surface. The strongest winds in the area measured that day was reported from an AWOS observation site in the town of Jackson with a 47 mile per hour gust noted around the time of the front's passage. Several trees were blown down in the midst of these stronger winds as a result. High pressure building in from the west helped to ease the stronger winds just before midnight that evening.",,CSV
202602,20,1100,202602,20,2200,211049,1318536,OHIO,39,2026,February,Strong Wind,Z,83,JACKSON,RLX,20-FEB-26 11:00:00,EST-5,20-FEB-26 22:00:00,0,0,0,0,0.50K,0.00K,AWOS,41.00,MG,,,,,,,,,,,,,,,,,,,,"Strong winds were observed across multiple locations in southeast Ohio on February 20th as they accompanied a cold front. The initial burst of winds arrived in the late morning timeframe with the frontal passage, and continued to be breezy to strong through the day as stronger winds from aloft mixed down to the surface. The strongest winds in the area measured that day was reported from an AWOS observation site in the town of Jackson with a 47 mile per hour gust noted around the time of the front's passage. Several trees were blown down in the midst of these stronger winds as a result. High pressure building in from the west helped to ease the stronger winds just before midnight that evening.",,CSV
202602,20,1100,202602,20,2200,211049,1318537,OHIO,39,2026,February,Strong Wind,Z,87,LAWRENCE,RLX,20-FEB-26 11:00:00,EST-5,20-FEB-26 22:00:00,0,0,0,0,1.50K,0.00K,911 Call Center,39.00,EG,,,,,,,,,,,,,,,,,,,,"Strong winds were observed across multiple locations in southeast Ohio on February 20th as they accompanied a cold front. The initial burst of winds arrived in the late morning timeframe with the frontal passage, and continued to be breezy to strong through the day as stronger winds from aloft mixed down to the surface. The strongest winds in the area measured that day was reported from an AWOS observation site in the town of Jackson with a 47 mile per hour gust noted around the time of the front's passage. Several trees were blown down in the midst of these stronger winds as a result. High pressure building in from the west helped to ease the stronger winds just before midnight that evening.",,CSV
202602,1,0,202602,11,800,211429,1320766,OHIO,39,2026,February,Cold/Wind Chill,Z,85,MEIGS,RLX,01-FEB-26 00:00:00,EST-5,11-FEB-26 08:00:00,1,0,1,0,0.00K,0.00K,CoCoRaHS,,,,,,,,,,,,,,,,,,,,,,"A period of extremely cold temperatures that began in late January spilled into the first week of February amid a cold airmass dominating the bulk of the country. Daytime temperatures for the start of the month struggled to rise above freezing and plummeting to sub-zero values during the overnight hours. Local cooperative observers and CoCoRaHS members recorded low temperatures ranging around minus one to minus five some mornings across southeast Ohio, with one local resident in New Lexington recording a low temperatures of minus seventeen on the morning of February 1st. While temperatures oscillated for the first week of the month in and out of freezing thresholds, strong warm air advection took hold on February 12th, which ended the cold spell. A thirty degree temperature rise was noted for daytime highs from February 9th to the 10th in response to the push of warmer temperatures filtering into the Ohio Valley.||In the midst of these very cold temperatures, a vehicle traveling on East Main Street in Pomeroy veered off the roadway, struck a utility pole, and plunged into the icy Ohio River in Meigs County. The driver was pronounced dead at the scene, but her body was not immediately recovered until the middle of March down river in Greenup County, Kentucky. A young juvenile occupant inside the car was rescued by first responders and transported to a hospital on the evening of the crash with minor injuries.",,CSV
202602,1,0,202602,2,800,211429,1320767,OHIO,39,2026,February,Extreme Cold/Wind Chill,Z,66,PERRY,RLX,01-FEB-26 00:00:00,EST-5,02-FEB-26 08:00:00,0,0,0,0,0.00K,0.00K,COOP Observer,,,,,,,,,,,,,,,,,,,,,,"A period of extremely cold temperatures that began in late January spilled into the first week of February amid a cold airmass dominating the bulk of the country. Daytime temperatures for the start of the month struggled to rise above freezing and plummeting to sub-zero values during the overnight hours. Local cooperative observers and CoCoRaHS members recorded low temperatures ranging around minus one to minus five some mornings across southeast Ohio, with one local resident in New Lexington recording a low temperatures of minus seventeen on the morning of February 1st. While temperatures oscillated for the first week of the month in and out of freezing thresholds, strong warm air advection took hold on February 12th, which ended the cold spell. A thirty degree temperature rise was noted for daytime highs from February 9th to the 10th in response to the push of warmer temperatures filtering into the Ohio Valley.||In the midst of these very cold temperatures, a vehicle traveling on East Main Street in Pomeroy veered off the roadway, struck a utility pole, and plunged into the icy Ohio River in Meigs County. The driver was pronounced dead at the scene, but her body was not immediately recovered until the middle of March down river in Greenup County, Kentucky. A young juvenile occupant inside the car was rescued by first responders and transported to a hospital on the evening of the crash with minor injuries.",,CSV
202602,3,700,202602,3,2100,211237,1319878,OHIO,39,2026,February,Winter Weather,Z,61,MONTGOMERY,ILN,03-FEB-26 07:00:00,EST-5,03-FEB-26 21:00:00,0,0,0,0,,,Broadcast Media,,,,,,,,,,,,,,,,,,,,,,"Low level frontogenesis developed ahead of a cold front, and an upper level shortwave provided lift to create a period of snow as it passed.",A report from 4 miles west southwest of Centerville came in with 2 inches of snow.,CSV
202602,2,800,202602,11,800,211429,1320768,OHIO,39,2026,February,Cold/Wind Chill,Z,66,PERRY,RLX,02-FEB-26 08:00:00,EST-5,11-FEB-26 08:00:00,0,0,0,0,0.00K,0.00K,COOP Observer,,,,,,,,,,,,,,,,,,,,,,"A period of extremely cold temperatures that began in late January spilled into the first week of February amid a cold airmass dominating the bulk of the country. Daytime temperatures for the start of the month struggled to rise above freezing and plummeting to sub-zero values during the overnight hours. Local cooperative observers and CoCoRaHS members recorded low temperatures ranging around minus one to minus five some mornings across southeast Ohio, with one local resident in New Lexington recording a low temperatures of minus seventeen on the morning of February 1st. While temperatures oscillated for the first week of the month in and out of freezing thresholds, strong warm air advection took hold on February 12th, which ended the cold spell. A thirty degree temperature rise was noted for daytime highs from February 9th to the 10th in response to the push of warmer temperatures filtering into the Ohio Valley.||In the midst of these very cold temperatures, a vehicle traveling on East Main Street in Pomeroy veered off the roadway, struck a utility pole, and plunged into the icy Ohio River in Meigs County. The driver was pronounced dead at the scene, but her body was not immediately recovered until the middle of March down river in Greenup County, Kentucky. A young juvenile occupant inside the car was rescued by first responders and transported to a hospital on the evening of the crash with minor injuries.",,CSV
202602,1,0,202602,4,800,211429,1320769,OHIO,39,2026,February,Cold/Wind Chill,Z,83,JACKSON,RLX,01-FEB-26 00:00:00,EST-5,04-FEB-26 08:00:00,0,0,0,0,0.00K,0.00K,AWOS,,,,,,,,,,,,,,,,,,,,,,"A period of extremely cold temperatures that began in late January spilled into the first week of February amid a cold airmass dominating the bulk of the country. Daytime temperatures for the start of the month struggled to rise above freezing and plummeting to sub-zero values during the overnight hours. Local cooperative observers and CoCoRaHS members recorded low temperatures ranging around minus one to minus five some mornings across southeast Ohio, with one local resident in New Lexington recording a low temperatures of minus seventeen on the morning of February 1st. While temperatures oscillated for the first week of the month in and out of freezing thresholds, strong warm air advection took hold on February 12th, which ended the cold spell. A thirty degree temperature rise was noted for daytime highs from February 9th to the 10th in response to the push of warmer temperatures filtering into the Ohio Valley.||In the midst of these very cold temperatures, a vehicle traveling on East Main Street in Pomeroy veered off the roadway, struck a utility pole, and plunged into the icy Ohio River in Meigs County. The driver was pronounced dead at the scene, but her body was not immediately recovered until the middle of March down river in Greenup County, Kentucky. A young juvenile occupant inside the car was rescued by first responders and transported to a hospital on the evening of the crash with minor injuries.",,CSV
202602,1,0,202602,8,800,211429,1320771,OHIO,39,2026,February,Cold/Wind Chill,Z,75,ATHENS,RLX,01-FEB-26 00:00:00,EST-5,08-FEB-26 08:00:00,0,0,0,0,0.00K,0.00K,CoCoRaHS,,,,,,,,,,,,,,,,,,,,,,"A period of extremely cold temperatures that began in late January spilled into the first week of February amid a cold airmass dominating the bulk of the country. Daytime temperatures for the start of the month struggled to rise above freezing and plummeting to sub-zero values during the overnight hours. Local cooperative observers and CoCoRaHS members recorded low temperatures ranging around minus one to minus five some mornings across southeast Ohio, with one local resident in New Lexington recording a low temperatures of minus seventeen on the morning of February 1st. While temperatures oscillated for the first week of the month in and out of freezing thresholds, strong warm air advection took hold on February 12th, which ended the cold spell. A thirty degree temperature rise was noted for daytime highs from February 9th to the 10th in response to the push of warmer temperatures filtering into the Ohio Valley.||In the midst of these very cold temperatures, a vehicle traveling on East Main Street in Pomeroy veered off the roadway, struck a utility pole, and plunged into the icy Ohio River in Meigs County. The driver was pronounced dead at the scene, but her body was not immediately recovered until the middle of March down river in Greenup County, Kentucky. A young juvenile occupant inside the car was rescued by first responders and transported to a hospital on the evening of the crash with minor injuries.",,CSV
202602,1,0,202602,8,800,211429,1320772,OHIO,39,2026,February,Cold/Wind Chill,Z,86,GALLIA,RLX,01-FEB-26 00:00:00,EST-5,08-FEB-26 08:00:00,0,0,0,0,0.00K,0.00K,CoCoRaHS,,,,,,,,,,,,,,,,,,,,,,"A period of extremely cold temperatures that began in late January spilled into the first week of February amid a cold airmass dominating the bulk of the country. Daytime temperatures for the start of the month struggled to rise above freezing and plummeting to sub-zero values during the overnight hours. Local cooperative observers and CoCoRaHS members recorded low temperatures ranging around minus one to minus five some mornings across southeast Ohio, with one local resident in New Lexington recording a low temperatures of minus seventeen on the morning of February 1st. While temperatures oscillated for the first week of the month in and out of freezing thresholds, strong warm air advection took hold on February 12th, which ended the cold spell. A thirty degree temperature rise was noted for daytime highs from February 9th to the 10th in response to the push of warmer temperatures filtering into the Ohio Valley.||In the midst of these very cold temperatures, a vehicle traveling on East Main Street in Pomeroy veered off the roadway, struck a utility pole, and plunged into the icy Ohio River in Meigs County. The driver was pronounced dead at the scene, but her body was not immediately recovered until the middle of March down river in Greenup County, Kentucky. A young juvenile occupant inside the car was rescued by first responders and transported to a hospital on the evening of the crash with minor injuries.",,CSV
202602,1,0,202602,5,800,211429,1320773,OHIO,39,2026,February,Cold/Wind Chill,Z,87,LAWRENCE,RLX,01-FEB-26 00:00:00,EST-5,05-FEB-26 08:00:00,0,0,0,0,0.00K,0.00K,CoCoRaHS,,,,,,,,,,,,,,,,,,,,,,"A period of extremely cold temperatures that began in late January spilled into the first week of February amid a cold airmass dominating the bulk of the country. Daytime temperatures for the start of the month struggled to rise above freezing and plummeting to sub-zero values during the overnight hours. Local cooperative observers and CoCoRaHS members recorded low temperatures ranging around minus one to minus five some mornings across southeast Ohio, with one local resident in New Lexington recording a low temperatures of minus seventeen on the morning of February 1st. While temperatures oscillated for the first week of the month in and out of freezing thresholds, strong warm air advection took hold on February 12th, which ended the cold spell. A thirty degree temperature rise was noted for daytime highs from February 9th to the 10th in response to the push of warmer temperatures filtering into the Ohio Valley.||In the midst of these very cold temperatures, a vehicle traveling on East Main Street in Pomeroy veered off the roadway, struck a utility pole, and plunged into the icy Ohio River in Meigs County. The driver was pronounced dead at the scene, but her body was not immediately recovered until the middle of March down river in Greenup County, Kentucky. A young juvenile occupant inside the car was rescued by first responders and transported to a hospital on the evening of the crash with minor injuries.",,CSV
202602,1,0,202602,9,800,211429,1320780,OHIO,39,2026,February,Cold/Wind Chill,Z,67,MORGAN,RLX,01-FEB-26 00:00:00,EST-5,09-FEB-26 08:00:00,0,0,0,0,0.00K,0.00K,CoCoRaHS,,,,,,,,,,,,,,,,,,,,,,"A period of extremely cold temperatures that began in late January spilled into the first week of February amid a cold airmass dominating the bulk of the country. Daytime temperatures for the start of the month struggled to rise above freezing and plummeting to sub-zero values during the overnight hours. Local cooperative observers and CoCoRaHS members recorded low temperatures ranging around minus one to minus five some mornings across southeast Ohio, with one local resident in New Lexington recording a low temperatures of minus seventeen on the morning of February 1st. While temperatures oscillated for the first week of the month in and out of freezing thresholds, strong warm air advection took hold on February 12th, which ended the cold spell. A thirty degree temperature rise was noted for daytime highs from February 9th to the 10th in response to the push of warmer temperatures filtering into the Ohio Valley.||In the midst of these very cold temperatures, a vehicle traveling on East Main Street in Pomeroy veered off the roadway, struck a utility pole, and plunged into the icy Ohio River in Meigs County. The driver was pronounced dead at the scene, but her body was not immediately recovered until the middle of March down river in Greenup County, Kentucky. A young juvenile occupant inside the car was rescued by first responders and transported to a hospital on the evening of the crash with minor injuries.",,CSV
202602,1,0,202602,9,800,211429,1320790,OHIO,39,2026,February,Cold/Wind Chill,Z,84,VINTON,RLX,01-FEB-26 00:00:00,EST-5,09-FEB-26 08:00:00,0,0,0,0,0.00K,0.00K,CoCoRaHS,,,,,,,,,,,,,,,,,,,,,,"A period of extremely cold temperatures that began in late January spilled into the first week of February amid a cold airmass dominating the bulk of the country. Daytime temperatures for the start of the month struggled to rise above freezing and plummeting to sub-zero values during the overnight hours. Local cooperative observers and CoCoRaHS members recorded low temperatures ranging around minus one to minus five some mornings across southeast Ohio, with one local resident in New Lexington recording a low temperatures of minus seventeen on the morning of February 1st. While temperatures oscillated for the first week of the month in and out of freezing thresholds, strong warm air advection took hold on February 12th, which ended the cold spell. A thirty degree temperature rise was noted for daytime highs from February 9th to the 10th in response to the push of warmer temperatures filtering into the Ohio Valley.||In the midst of these very cold temperatures, a vehicle traveling on East Main Street in Pomeroy veered off the roadway, struck a utility pole, and plunged into the icy Ohio River in Meigs County. The driver was pronounced dead at the scene, but her body was not immediately recovered until the middle of March down river in Greenup County, Kentucky. A young juvenile occupant inside the car was rescued by first responders and transported to a hospital on the evening of the crash with minor injuries.",,CSV
202602,1,0,202602,9,800,211429,1320824,OHIO,39,2026,February,Cold/Wind Chill,Z,76,WASHINGTON,RLX,01-FEB-26 00:00:00,EST-5,09-FEB-26 08:00:00,0,0,0,0,0.00K,0.00K,CoCoRaHS,,,,,,,,,,,,,,,,,,,,,,"A period of extremely cold temperatures that began in late January spilled into the first week of February amid a cold airmass dominating the bulk of the country. Daytime temperatures for the start of the month struggled to rise above freezing and plummeting to sub-zero values during the overnight hours. Local cooperative observers and CoCoRaHS members recorded low temperatures ranging around minus one to minus five some mornings across southeast Ohio, with one local resident in New Lexington recording a low temperatures of minus seventeen on the morning of February 1st. While temperatures oscillated for the first week of the month in and out of freezing thresholds, strong warm air advection took hold on February 12th, which ended the cold spell. A thirty degree temperature rise was noted for daytime highs from February 9th to the 10th in response to the push of warmer temperatures filtering into the Ohio Valley.||In the midst of these very cold temperatures, a vehicle traveling on East Main Street in Pomeroy veered off the roadway, struck a utility pole, and plunged into the icy Ohio River in Meigs County. The driver was pronounced dead at the scene, but her body was not immediately recovered until the middle of March down river in Greenup County, Kentucky. A young juvenile occupant inside the car was rescued by first responders and transported to a hospital on the evening of the crash with minor injuries.",,CSV
202602,20,20,202602,20,20,209905,1309326,OHIO,39,2026,February,Thunderstorm Wind,C,53,GALLIA,RLX,20-FEB-26 00:20:00,EST-5,20-FEB-26 00:20:00,0,0,0,0,0.00K,0.00K,Emergency Manager,50.00,EG,,,,,,,,,,.1,W,CHIPPER MILLS,.1,W,CHIPPER MILLS,38.7699,-82.2219,38.7699,-82.2219,"A frontal boundary sank into the area on the 19th of February and then remained in the vicinity as a low-pressure system moved northeast into the Great Lakes region. The boundary became occluded overhead before being ushered northeast out of the area by the parent low on the 20th. Meanwhile, a cold front approached from the west and then washed out as it moved through the middle Ohio Valley later in the day. Although isolated showers skimmed across southeast Ohio on the 19th, more robust showers and storms did not arrive until late that night. A few strong to severe storms that developed overnight produced gusty winds and penny size hail. The majority of activity shifted east across the Ohio River before daybreak on the 20th, then drier conditions took hold for the rest of the day. Rainfall amounts for this event generally totaled around an inch or less.",A few trees were downed on Route 218 near Route 7 south of Gallipolis.,CSV
202602,20,25,202602,20,25,209905,1309327,OHIO,39,2026,February,Thunderstorm Wind,C,53,GALLIA,RLX,20-FEB-26 00:25:00,EST-5,20-FEB-26 00:25:00,0,0,0,0,0.00K,0.00K,Emergency Manager,50.00,EG,,,,,,,,,,.16,ESE,BIDWELL,.16,ESE,BIDWELL,38.9193,-82.2971,38.9193,-82.2971,"A frontal boundary sank into the area on the 19th of February and then remained in the vicinity as a low-pressure system moved northeast into the Great Lakes region. The boundary became occluded overhead before being ushered northeast out of the area by the parent low on the 20th. Meanwhile, a cold front approached from the west and then washed out as it moved through the middle Ohio Valley later in the day. Although isolated showers skimmed across southeast Ohio on the 19th, more robust showers and storms did not arrive until late that night. A few strong to severe storms that developed overnight produced gusty winds and penny size hail. The majority of activity shifted east across the Ohio River before daybreak on the 20th, then drier conditions took hold for the rest of the day. Rainfall amounts for this event generally totaled around an inch or less.",A few trees were downed in the Bidwell community.,CSV
202602,19,2319,202602,19,2319,209905,1309328,OHIO,39,2026,February,Hail,C,105,MEIGS,RLX,19-FEB-26 23:19:00,EST-5,19-FEB-26 23:19:00,0,0,0,0,0.00K,0.00K,Public,0.75,,,,,,,,,,,.54,E,RACINE,.54,E,RACINE,38.97,-81.91,38.97,-81.91,"A frontal boundary sank into the area on the 19th of February and then remained in the vicinity as a low-pressure system moved northeast into the Great Lakes region. The boundary became occluded overhead before being ushered northeast out of the area by the parent low on the 20th. Meanwhile, a cold front approached from the west and then washed out as it moved through the middle Ohio Valley later in the day. Although isolated showers skimmed across southeast Ohio on the 19th, more robust showers and storms did not arrive until late that night. A few strong to severe storms that developed overnight produced gusty winds and penny size hail. The majority of activity shifted east across the Ohio River before daybreak on the 20th, then drier conditions took hold for the rest of the day. Rainfall amounts for this event generally totaled around an inch or less.",,CSV
202602,6,500,202602,6,900,209560,1319823,OHIO,39,2026,February,Winter Weather,Z,24,VAN WERT,IWX,06-FEB-26 05:00:00,EST-5,06-FEB-26 09:00:00,0,0,0,0,0.00K,0.00K,Public,,,,,,,,,,,,,,,,,,,,,,A fast moving system produced 3 to 5 inches of snow across portions of northwest Ohio.  The timing of the event produced moderate to high impacts for the morning commute.,"Bands of snow produced 2 to 5 inches of snow accumulation during the early morning hours of February 6th. Snowfall rates briefly reached as high as 1 to 2 inches per hour in association with the heavier bands of snow. A snowfall report of 4 inches was received from the public near Wren, OH. The morning commute was impacted with numerous slide-offs and accidents reported across the region.",CSV
202602,3,700,202602,3,2100,211237,1319873,OHIO,39,2026,February,Winter Weather,Z,79,BROWN,ILN,03-FEB-26 07:00:00,EST-5,03-FEB-26 21:00:00,0,0,0,0,,,Trained Spotter,,,,,,,,,,,,,,,,,,,,,,"Low level frontogenesis developed ahead of a cold front, and an upper level shortwave provided lift to create a period of snow as it passed.","A spotter located 3 miles north of Georgetown measured 3 inches of snow. In the far southeast of the county, up to 5 inches fell based on surrounding observations.",CSV
202602,3,700,202602,3,2100,211237,1319874,OHIO,39,2026,February,Winter Weather,Z,70,BUTLER,ILN,03-FEB-26 07:00:00,EST-5,03-FEB-26 21:00:00,0,0,0,0,,,Trained Spotter,,,,,,,,,,,,,,,,,,,,,,"Low level frontogenesis developed ahead of a cold front, and an upper level shortwave provided lift to create a period of snow as it passed.","A spotter located 3 miles south southwest of Moore measurd 1.5 inches of snow, as did another spotter 2 miles east of Middletown.",CSV
202602,3,700,202602,3,2100,211237,1319875,OHIO,39,2026,February,Winter Weather,Z,78,CLERMONT,ILN,03-FEB-26 07:00:00,EST-5,03-FEB-26 21:00:00,0,0,0,0,,,Unknown,,,,,,,,,,,,,,,,,,,,,,"Low level frontogenesis developed ahead of a cold front, and an upper level shortwave provided lift to create a period of snow as it passed.","Based on surrounding observations, up to 3 inches of snow fell in the southeastern portion of the county, while around an inch is approximated to have fallen in the northern half of the county.",CSV
202602,3,700,202602,3,2100,211237,1319876,OHIO,39,2026,February,Winter Weather,Z,72,CLINTON,ILN,03-FEB-26 07:00:00,EST-5,03-FEB-26 21:00:00,0,0,0,0,,,Official NWS Observations,,,,,,,,,,,,,,,,,,,,,,"Low level frontogenesis developed ahead of a cold front, and an upper level shortwave provided lift to create a period of snow as it passed.",The NWS office measured 1.4 inches of snow.,CSV
202602,3,700,202602,3,1900,211241,1319881,OHIO,39,2026,February,Winter Storm,Z,81,ADAMS,ILN,03-FEB-26 07:00:00,EST-5,03-FEB-26 19:00:00,0,0,0,0,,,Emergency Manager,,,,,,,,,,,,,,,,,,,,,,"Low level frontogenesis developed ahead of a cold front, and an upper level shortwave provided lift to create snow showers as it passed.","The EMA measured 5 inches of snow in Manchester, and 4 inches of snow in Seaman. A spotter measured 2.3 inches of snow in West Union. It is estimated that far southwestern Adams County received up to 5 inches of accumulation.",CSV
202602,3,700,202602,3,1900,211241,1319882,OHIO,39,2026,February,Winter Storm,Z,88,SCIOTO,ILN,03-FEB-26 07:00:00,EST-5,03-FEB-26 19:00:00,0,0,0,0,,,Trained Spotter,,,,,,,,,,,,,,,,,,,,,,"Low level frontogenesis developed ahead of a cold front, and an upper level shortwave provided lift to create snow showers as it passed.","A spotter located 2 miles east of Wheelersburg measured 5 inches of snow. Another spotter 7 miles south of Beaver measured 4.5 inches, with yet another in Portsmouth measuring 4 inches of accumulation.",CSV
202602,6,500,202602,6,1400,211252,1319899,OHIO,39,2026,February,Winter Weather,Z,35,AUGLAIZE,ILN,06-FEB-26 05:00:00,EST-5,06-FEB-26 14:00:00,0,0,0,0,,,Public,,,,,,,,,,,,,,,,,,,,,,"A clipper system crossed southeast through the region during the day, starting near daybreak. Snow quickly tapered off from northwest to southeast during the afternoon, and was banded in nature within the northwest-southeast axis.","Reports from New Bremen and New Knoxville were received with 4.1 and 2 inches, respectively.",CSV
202602,6,500,202602,6,1400,211252,1319900,OHIO,39,2026,February,Winter Weather,Z,79,BROWN,ILN,06-FEB-26 05:00:00,EST-5,06-FEB-26 14:00:00,0,0,0,0,,,Emergency Manager,,,,,,,,,,,,,,,,,,,,,,"A clipper system crossed southeast through the region during the day, starting near daybreak. Snow quickly tapered off from northwest to southeast during the afternoon, and was banded in nature within the northwest-southeast axis.",The EMA measured 2.3 inches of snow in Sardinia. A public report from Georgetown indicated that 2 inches had fallen.,CSV
202602,6,500,202602,6,1400,211252,1319901,OHIO,39,2026,February,Winter Weather,Z,70,BUTLER,ILN,06-FEB-26 05:00:00,EST-5,06-FEB-26 14:00:00,0,0,0,0,,,Public,,,,,,,,,,,,,,,,,,,,,,"A clipper system crossed southeast through the region during the day, starting near daybreak. Snow quickly tapered off from northwest to southeast during the afternoon, and was banded in nature within the northwest-southeast axis.","A public report from 3 miles south southwest of Monroe had 3 inches of snow, while another 3 miles east northeast of Beckett Ridge measured 2 inches. A spotter 4 miles south southwest of Monroe measured 1.5 inches of accumulated snow.",CSV
202602,6,500,202602,6,1400,211252,1319902,OHIO,39,2026,February,Winter Weather,Z,52,CHAMPAIGN,ILN,06-FEB-26 05:00:00,EST-5,06-FEB-26 14:00:00,0,0,0,0,,,Trained Spotter,,,,,,,,,,,,,,,,,,,,,,"A clipper system crossed southeast through the region during the day, starting near daybreak. Snow quickly tapered off from northwest to southeast during the afternoon, and was banded in nature within the northwest-southeast axis.","Three miles northwest of Mechanicsburg, a spotter measured 4.5 inches of snow. In Urbana, a public report of 4.4 inches was received.",CSV
202602,6,500,202602,6,1400,211252,1319912,OHIO,39,2026,February,Winter Weather,Z,72,CLINTON,ILN,06-FEB-26 05:00:00,EST-5,06-FEB-26 14:00:00,0,0,0,0,,,Official NWS Observations,,,,,,,,,,,,,,,,,,,,,,"A clipper system crossed southeast through the region during the day, starting near daybreak. Snow quickly tapered off from northwest to southeast during the afternoon, and was banded in nature within the northwest-southeast axis.","The NWS office measured 3.5 inches of snow. Four miles west of Wilmington, a NWS employee measured 3 inches of accumulation.",CSV
202602,6,500,202602,6,1400,211252,1319913,OHIO,39,2026,February,Winter Weather,Z,65,FAIRFIELD,ILN,06-FEB-26 05:00:00,EST-5,06-FEB-26 14:00:00,0,0,0,0,,,Public,,,,,,,,,,,,,,,,,,,,,,"A clipper system crossed southeast through the region during the day, starting near daybreak. Snow quickly tapered off from northwest to southeast during the afternoon, and was banded in nature within the northwest-southeast axis.",An observation from Lancaster came in with 2 inches of snow.,CSV
202602,6,500,202602,6,1400,211252,1319914,OHIO,39,2026,February,Winter Weather,Z,63,FAYETTE,ILN,06-FEB-26 05:00:00,EST-5,06-FEB-26 14:00:00,0,0,0,0,,,Public,,,,,,,,,,,,,,,,,,,,,,"A clipper system crossed southeast through the region during the day, starting near daybreak. Snow quickly tapered off from northwest to southeast during the afternoon, and was banded in nature within the northwest-southeast axis.",An observation from Milledgeville came in with 3 inches of snow.,CSV
202602,6,500,202602,6,1400,211252,1319915,OHIO,39,2026,February,Winter Weather,Z,55,FRANKLIN,ILN,06-FEB-26 05:00:00,EST-5,06-FEB-26 14:00:00,0,0,0,0,,,CoCoRaHS,,,,,,,,,,,,,,,,,,,,,,"A clipper system crossed southeast through the region during the day, starting near daybreak. Snow quickly tapered off from northwest to southeast during the afternoon, and was banded in nature within the northwest-southeast axis.","The observer in Grove city measured 3.4 inches of snow. Broadcast media reported 3.2 inches 3 miles west of Grove City, 2.3 inches 2 miles north northeast of Lincoln Village, and 1.8 inches 1 mile east northeast of Upper Arlington. The Columbus airport measured 1.5 inches.",CSV
202602,6,500,202602,6,1400,211252,1319916,OHIO,39,2026,February,Winter Weather,Z,62,GREENE,ILN,06-FEB-26 05:00:00,EST-5,06-FEB-26 14:00:00,0,0,0,0,,,NWS Employee,,,,,,,,,,,,,,,,,,,,,,"A clipper system crossed southeast through the region during the day, starting near daybreak. Snow quickly tapered off from northwest to southeast during the afternoon, and was banded in nature within the northwest-southeast axis.",A NWS employee 2 miles west of Bellbrook measured 3 inches of snow.,CSV
202602,6,500,202602,6,1400,211252,1319917,OHIO,39,2026,February,Winter Weather,Z,77,HAMILTON,ILN,06-FEB-26 05:00:00,EST-5,06-FEB-26 14:00:00,0,0,0,0,,,Public,,,,,,,,,,,,,,,,,,,,,,"A clipper system crossed southeast through the region during the day, starting near daybreak. Snow quickly tapered off from northwest to southeast during the afternoon, and was banded in nature within the northwest-southeast axis.",A report from Sharonville came in with 1.8 inches of snow.,CSV
202602,6,500,202602,6,1400,211252,1319918,OHIO,39,2026,February,Winter Weather,Z,80,HIGHLAND,ILN,06-FEB-26 05:00:00,EST-5,06-FEB-26 14:00:00,0,0,0,0,,,Public,,,,,,,,,,,,,,,,,,,,,,"A clipper system crossed southeast through the region during the day, starting near daybreak. Snow quickly tapered off from northwest to southeast during the afternoon, and was banded in nature within the northwest-southeast axis.",A report from Hillsboro came in with 3.5 inches of snow.,CSV
202602,6,500,202602,6,1400,211252,1319919,OHIO,39,2026,February,Winter Weather,Z,61,MONTGOMERY,ILN,06-FEB-26 05:00:00,EST-5,06-FEB-26 14:00:00,0,0,0,0,,,Broadcast Media,,,,,,,,,,,,,,,,,,,,,,"A clipper system crossed southeast through the region during the day, starting near daybreak. Snow quickly tapered off from northwest to southeast during the afternoon, and was banded in nature within the northwest-southeast axis.",A report from northwest of Oakwood showed that 3 inches of snow fell. Three inches also fell in Moraine and northeast of Centerville. The Dayton airport measured 2.8 inches.,CSV
202602,6,500,202602,6,1400,211252,1319920,OHIO,39,2026,February,Winter Weather,Z,73,ROSS,ILN,06-FEB-26 05:00:00,EST-5,06-FEB-26 14:00:00,0,0,0,0,,,Public,,,,,,,,,,,,,,,,,,,,,,"A clipper system crossed southeast through the region during the day, starting near daybreak. Snow quickly tapered off from northwest to southeast during the afternoon, and was banded in nature within the northwest-southeast axis.",A report from Kingston showed that 3 inches of snow had accumulated.,CSV
202602,6,500,202602,6,1400,211252,1319921,OHIO,39,2026,February,Winter Weather,Z,88,SCIOTO,ILN,06-FEB-26 05:00:00,EST-5,06-FEB-26 14:00:00,0,0,0,0,,,Public,,,,,,,,,,,,,,,,,,,,,,"A clipper system crossed southeast through the region during the day, starting near daybreak. Snow quickly tapered off from northwest to southeast during the afternoon, and was banded in nature within the northwest-southeast axis.","A report from 7 miles south of Beaver showed that 3 inches of snow fell. In Wheelersburg, 2.5 inches was measured.",CSV
202602,6,500,202602,6,1400,211252,1319922,OHIO,39,2026,February,Winter Weather,Z,43,SHELBY,ILN,06-FEB-26 05:00:00,EST-5,06-FEB-26 14:00:00,0,0,0,0,,,Public,,,,,,,,,,,,,,,,,,,,,,"A clipper system crossed southeast through the region during the day, starting near daybreak. Snow quickly tapered off from northwest to southeast during the afternoon, and was banded in nature within the northwest-southeast axis.","A report from Anna showed that 3 inches of snow fell. Five miles south of Sidney, 2.1 inches fell.",CSV
202602,6,500,202602,6,1400,211252,1319923,OHIO,39,2026,February,Winter Weather,Z,71,WARREN,ILN,06-FEB-26 05:00:00,EST-5,06-FEB-26 14:00:00,0,0,0,0,,,NWS Employee,,,,,,,,,,,,,,,,,,,,,,"A clipper system crossed southeast through the region during the day, starting near daybreak. Snow quickly tapered off from northwest to southeast during the afternoon, and was banded in nature within the northwest-southeast axis.","An employee 3 miles east northeast of Springboro measured 3 inches of snow, while another north of Mason measured 2.3 inches. A public report from 3 miles west of Landen indicated 2.3 inches of snow at that location.",CSV
202602,19,2215,202602,19,2315,209950,1309482,OHIO,39,2026,February,Flash Flood,C,57,GREENE,ILN,19-FEB-26 22:15:00,EST-5,19-FEB-26 23:15:00,0,0,0,0,2.00K,0.00K,State Official,,,Heavy Rain,,,,,,,,,.35,S,NEW JASPER,.46,ESE,NEW JASPER,39.6451,-83.8211,39.6478,-83.812,Showers and embedded thunderstorms produced locally heavy rainfall along a boundary that was stalled out over the Ohio Valley.,Six inches of rain was flowing across New Jasper Station Road. A car was in a ditch with |with 2 feet of water.,CSV
202602,19,2217,202602,19,2219,209950,1309483,OHIO,39,2026,February,Thunderstorm Wind,C,27,CLINTON,ILN,19-FEB-26 22:17:00,EST-5,19-FEB-26 22:19:00,0,0,0,0,0.25K,0.00K,Public,45.00,EG,,,,,,,,,,2.62,NW,GURNEYVILLE,2.62,NW,GURNEYVILLE,39.55,-83.91,39.55,-83.91,Showers and embedded thunderstorms produced locally heavy rainfall along a boundary that was stalled out over the Ohio Valley.,A small tree was uprooted.,CSV
202602,19,2300,202602,20,100,209950,1309487,OHIO,39,2026,February,Flood,C,49,FRANKLIN,ILN,19-FEB-26 23:00:00,EST-5,20-FEB-26 01:00:00,0,0,0,0,0.00K,0.00K,Trained Spotter,,,Heavy Rain,,,,,,,,,2.23,WNW,SHADEVILLE,2.74,W,SHADEVILLE,39.84,-83.04,39.8358,-83.0511,Showers and embedded thunderstorms produced locally heavy rainfall along a boundary that was stalled out over the Ohio Valley.,High water was reported on neighborhood roads and sidewalks just southeast of Grove City.,CSV
202602,19,2330,202602,20,130,209950,1309496,OHIO,39,2026,February,Flood,C,1,ADAMS,ILN,19-FEB-26 23:30:00,EST-5,20-FEB-26 01:30:00,0,0,0,0,0.00K,0.00K,State Official,,,Heavy Rain,,,,,,,,,2.26,ESE,LOCUST GROVE,2.17,ESE,LOCUST GROVE,38.97,-83.33,38.9684,-83.3324,Showers and embedded thunderstorms produced locally heavy rainfall along a boundary that was stalled out over the Ohio Valley.,High water was covering the intersection of State Route 73 and Black Hollow Road.,CSV
202602,19,2345,202602,20,45,209950,1309498,OHIO,39,2026,February,Flash Flood,C,17,BUTLER,ILN,19-FEB-26 23:45:00,EST-5,20-FEB-26 00:45:00,0,0,0,0,0.00K,0.00K,State Official,,,Heavy Rain,,,,,,,,,2.11,SW,SEVEN MILE,1.9,SW,SEVEN MILE,39.46,-84.58,39.4631,-84.5782,Showers and embedded thunderstorms produced locally heavy rainfall along a boundary that was stalled out over the Ohio Valley.,Four Mile Creek was out of its banks and flowing across Hogue and Eaton Roads.,CSV
202602,20,12,202602,20,14,209950,1309499,OHIO,39,2026,February,Thunderstorm Wind,C,129,PICKAWAY,ILN,20-FEB-26 00:12:00,EST-5,20-FEB-26 00:14:00,0,0,0,0,3.00K,0.00K,State Official,50.00,EG,,,,,,,,,,.69,N,WILLIAMSPORT,.69,N,WILLIAMSPORT,39.59,-83.12,39.59,-83.12,Showers and embedded thunderstorms produced locally heavy rainfall along a boundary that was stalled out over the Ohio Valley.,Several trees were downed in Williamsport.,CSV
202602,20,45,202602,20,145,209950,1309501,OHIO,39,2026,February,Flash Flood,C,57,GREENE,ILN,20-FEB-26 00:45:00,EST-5,20-FEB-26 01:45:00,0,0,0,0,0.00K,0.00K,Broadcast Media,,,Heavy Rain,,,,,,,,,2.19,NNW,MIDDLE CORNERS,2.67,NNW,MIDDLE CORNERS,39.6103,-83.8824,39.6163,-83.8874,Showers and embedded thunderstorms produced locally heavy rainfall along a boundary that was stalled out over the Ohio Valley.,High water was flowing across Waynesville Jamestown Road.,CSV
202602,20,30,202602,20,230,209950,1309502,OHIO,39,2026,February,Flood,C,49,FRANKLIN,ILN,20-FEB-26 00:30:00,EST-5,20-FEB-26 02:30:00,0,0,0,0,0.00K,0.00K,State Official,,,Heavy Rain,,,,,,,,,.43,WNW,MT AIR,.36,NW,MT AIR,40.1333,-83.0369,40.1336,-83.035,Showers and embedded thunderstorms produced locally heavy rainfall along a boundary that was stalled out over the Ohio Valley.,High water was reported over the intersection of State Route 315 and Edgecliff Drive.,CSV
202602,20,100,202602,20,300,209950,1309503,OHIO,39,2026,February,Flood,C,57,GREENE,ILN,20-FEB-26 01:00:00,EST-5,20-FEB-26 03:00:00,0,0,0,0,0.00K,0.00K,State Official,,,Heavy Rain,,,,,,,,,1.48,NNE,PAINTERSVILLE,1.66,NW,GUNNERVILLE,39.6,-83.81,39.5947,-83.7948,Showers and embedded thunderstorms produced locally heavy rainfall along a boundary that was stalled out over the Ohio Valley.,A portion of Hussey Road was closed due to high water.,CSV
202602,20,100,202602,20,300,209950,1309504,OHIO,39,2026,February,Flood,C,57,GREENE,ILN,20-FEB-26 01:00:00,EST-5,20-FEB-26 03:00:00,0,0,0,0,0.00K,0.00K,State Official,,,Heavy Rain,,,,,,,,,2.32,NNW,JAMESTOWN,1.92,N,JAMESTOWN,39.6816,-83.7449,39.6778,-83.7307,Showers and embedded thunderstorms produced locally heavy rainfall along a boundary that was stalled out over the Ohio Valley.,A portion of State Route 72 north of Jamestown was closed due to high water.,CSV
202602,20,400,202602,20,600,209950,1309505,OHIO,39,2026,February,Flood,C,113,MONTGOMERY,ILN,20-FEB-26 04:00:00,EST-5,20-FEB-26 06:00:00,0,0,0,0,0.00K,0.00K,Broadcast Media,,,Heavy Rain,,,,,,,,,1.48,SSW,HUBER SOUTH,.7,SSW,HUBER SOUTH,39.7,-84.21,39.7103,-84.2039,Showers and embedded thunderstorms produced locally heavy rainfall along a boundary that was stalled out over the Ohio Valley.,Portions of Kettering Boulevard were covered with high water.,CSV
