BEGIN_YEARMONTH,BEGIN_DAY,BEGIN_TIME,END_YEARMONTH,END_DAY,END_TIME,EPISODE_ID,EVENT_ID,STATE,STATE_FIPS,YEAR,MONTH_NAME,EVENT_TYPE,CZ_TYPE,CZ_FIPS,CZ_NAME,WFO,BEGIN_DATE_TIME,CZ_TIMEZONE,END_DATE_TIME,INJURIES_DIRECT,INJURIES_INDIRECT,DEATHS_DIRECT,DEATHS_INDIRECT,DAMAGE_PROPERTY,DAMAGE_CROPS,SOURCE,MAGNITUDE,MAGNITUDE_TYPE,FLOOD_CAUSE,CATEGORY,TOR_F_SCALE,TOR_LENGTH,TOR_WIDTH,TOR_OTHER_WFO,TOR_OTHER_CZ_STATE,TOR_OTHER_CZ_FIPS,TOR_OTHER_CZ_NAME,BEGIN_RANGE,BEGIN_AZIMUTH,BEGIN_LOCATION,END_RANGE,END_AZIMUTH,END_LOCATION,BEGIN_LAT,BEGIN_LON,END_LAT,END_LON,EPISODE_NARRATIVE,EVENT_NARRATIVE,DATA_SOURCE
202601,25,20,202601,25,2200,209139,1303027,SOUTH CAROLINA,45,2026,January,Ice Storm,Z,32,FLORENCE,ILM,25-JAN-26 00:20:00,EST-5,25-JAN-26 22:00:00,0,0,0,0,0.00K,0.00K,ASOS,,,,,,,,,,,,,,,,,,,,,,"Pacific and Gulf moisture arriving from the southwest rode up and over shallow arctic air at the surface across the eastern Carolinas on January 25, 2026, leading to a thin glaze of freezing rain and some sleet. The largest accumulations of freezing rain, up to 0.35 in thickness, was reported from Lumberton and Red Springs in Robeson County, NC, as well as Florence, SC. Lesser amounts of ice were reported from most other locations.","KFLO ASOS measured 0.35 of ice during the storm. Several car accidents occurred, including an overturned truck in Quinby, SC, but no injuries were reported.",CSV
202601,25,200,202601,25,930,210466,1313356,SOUTH CAROLINA,45,2026,January,Winter Weather,Z,50,CHARLESTON,CHS,25-JAN-26 02:00:00,EST-5,25-JAN-26 09:30:00,0,0,0,0,0.00K,0.00K,Official NWS Observations,,,,,,,,,,,,,,,,,,,,,,"With strong cold air damming in place, areas of light drizzle developed in the presence of surface temperatures at or just below freezing in portions of southeast South Carolina. The cold air was quite shallow, providing an ideal temperature profile for freezing rain and freezing drizzle. The event occurred in the early morning hours before surface temperatures warmed above freezing and the drizzle came to an end. Only light ice amounts were observed, with only limited impacts.","Light freezing rain and freezing drizzle produced a light glaze of ice, mostly on elevated and exposed surfaces across much of the county. Ice did not impact roadways or other infrastructure.",CSV
202601,25,300,202601,25,1100,210466,1313358,SOUTH CAROLINA,45,2026,January,Winter Weather,Z,43,NORTHERN COLLETON,CHS,25-JAN-26 03:00:00,EST-5,25-JAN-26 11:00:00,0,0,0,0,0.00K,0.00K,Emergency Manager,,,,,,,,,,,,,,,,,,,,,,"With strong cold air damming in place, areas of light drizzle developed in the presence of surface temperatures at or just below freezing in portions of southeast South Carolina. The cold air was quite shallow, providing an ideal temperature profile for freezing rain and freezing drizzle. The event occurred in the early morning hours before surface temperatures warmed above freezing and the drizzle came to an end. Only light ice amounts were observed, with only limited impacts.","Light freezing rain and freezing drizzle produced a light glaze of ice, mostly on elevated and exposed surfaces across much of the county. Ice did not impact roadways or other infrastructure.",CSV
202601,25,300,202601,25,930,210466,1313359,SOUTH CAROLINA,45,2026,January,Winter Weather,Z,52,TIDAL BERKELEY,CHS,25-JAN-26 03:00:00,EST-5,25-JAN-26 09:30:00,0,0,0,0,0.00K,0.00K,Public,,,,,,,,,,,,,,,,,,,,,,"With strong cold air damming in place, areas of light drizzle developed in the presence of surface temperatures at or just below freezing in portions of southeast South Carolina. The cold air was quite shallow, providing an ideal temperature profile for freezing rain and freezing drizzle. The event occurred in the early morning hours before surface temperatures warmed above freezing and the drizzle came to an end. Only light ice amounts were observed, with only limited impacts.","Light freezing rain and freezing drizzle produced a light glaze of ice, mostly on elevated and exposed surfaces across Daniel Island. Ice did not impact roadways or other infrastructure.",CSV
202601,25,300,202601,25,1100,210466,1313360,SOUTH CAROLINA,45,2026,January,Winter Weather,Z,45,INLAND BERKELEY,CHS,25-JAN-26 03:00:00,EST-5,25-JAN-26 11:00:00,0,0,0,0,0.00K,0.00K,Emergency Manager,,,,,,,,,,,,,,,,,,,,,,"With strong cold air damming in place, areas of light drizzle developed in the presence of surface temperatures at or just below freezing in portions of southeast South Carolina. The cold air was quite shallow, providing an ideal temperature profile for freezing rain and freezing drizzle. The event occurred in the early morning hours before surface temperatures warmed above freezing and the drizzle came to an end. Only light ice amounts were observed, with only limited impacts.","Light freezing rain and freezing drizzle produced a light glaze of ice, mostly on elevated and exposed surfaces across the county. A few hundredths of an inch of ice accumulation was reported in northern portions of the county including Saint Stephen and Pineville.",CSV
202601,31,2145,202601,31,2359,210502,1313727,SOUTH CAROLINA,45,2026,January,Extreme Cold/Wind Chill,Z,48,BEAUFORT,CHS,31-JAN-26 21:45:00,EST-5,31-JAN-26 23:59:00,0,0,0,0,0.00K,0.00K,ASOS,,,,,,,,,,,,,,,,,,,,,,"A winter storm impacted much of southeast South Carolina with significant snow accumulations and very cold wind chill temperatures. An area of low pressure shifted off the Southeast coast while deepening, ushering in a very cold air mass across the region. The depth of cold air was sufficient to support snow as the primary precipitation type. Rain quickly transitioned to snow during the afternoon hours, which continued into the evening before ending. Most of the snow accumulation impacted areas along and north of Interstate 16, with the highest amounts reported across Screven, Bulloch, and Effingham counties.","The local criteria for an Extreme Cold Warning is temperature or wind chill of 10 degrees or less. The wind chill temperature first fell below 10 degrees at the Beaufort Marine Corps Air Station (KNBC) at 21:45 EST, the Beaufort WeatherSTEM site at 23:00 EST, and the Beaufort Weatherflow site at 23:11 EST.",CSV
202601,31,2159,202601,31,2359,210502,1313731,SOUTH CAROLINA,45,2026,January,Extreme Cold/Wind Chill,Z,45,INLAND BERKELEY,CHS,31-JAN-26 21:59:00,EST-5,31-JAN-26 23:59:00,0,0,0,0,0.00K,0.00K,Mesonet,,,,,,,,,,,,,,,,,,,,,,"A winter storm impacted much of southeast South Carolina with significant snow accumulations and very cold wind chill temperatures. An area of low pressure shifted off the Southeast coast while deepening, ushering in a very cold air mass across the region. The depth of cold air was sufficient to support snow as the primary precipitation type. Rain quickly transitioned to snow during the afternoon hours, which continued into the evening before ending. Most of the snow accumulation impacted areas along and north of Interstate 16, with the highest amounts reported across Screven, Bulloch, and Effingham counties.",The local criteria for an Extreme Cold Warning is temperature or wind chill of 10 degrees or less. The wind chill temperature first fell below 10 degrees at the Huger mesonet site at 21:59 EST and at the Moncks Corner Airport (KMKS) at 22:15 EST.,CSV
202601,31,1855,202601,31,2359,210502,1313736,SOUTH CAROLINA,45,2026,January,Extreme Cold/Wind Chill,Z,52,TIDAL BERKELEY,CHS,31-JAN-26 18:55:00,EST-5,31-JAN-26 23:59:00,0,0,0,0,0.00K,0.00K,Mesonet,,,,,,,,,,,,,,,,,,,,,,"A winter storm impacted much of southeast South Carolina with significant snow accumulations and very cold wind chill temperatures. An area of low pressure shifted off the Southeast coast while deepening, ushering in a very cold air mass across the region. The depth of cold air was sufficient to support snow as the primary precipitation type. Rain quickly transitioned to snow during the afternoon hours, which continued into the evening before ending. Most of the snow accumulation impacted areas along and north of Interstate 16, with the highest amounts reported across Screven, Bulloch, and Effingham counties.",The local criteria for an Extreme Cold Warning is temperature or wind chill of 10 degrees or less. The wind chill temperature first fell below 10 degrees at the Cainhoy mesonet site at 18:55 EST.,CSV
202601,31,2055,202601,31,2359,210502,1313743,SOUTH CAROLINA,45,2026,January,Extreme Cold/Wind Chill,Z,50,CHARLESTON,CHS,31-JAN-26 20:55:00,EST-5,31-JAN-26 23:59:00,0,0,0,0,0.00K,0.00K,AWOS,,,,,,,,,,,,,,,,,,,,,,"A winter storm impacted much of southeast South Carolina with significant snow accumulations and very cold wind chill temperatures. An area of low pressure shifted off the Southeast coast while deepening, ushering in a very cold air mass across the region. The depth of cold air was sufficient to support snow as the primary precipitation type. Rain quickly transitioned to snow during the afternoon hours, which continued into the evening before ending. Most of the snow accumulation impacted areas along and north of Interstate 16, with the highest amounts reported across Screven, Bulloch, and Effingham counties.","The local criteria for an Extreme Cold Warning is temperature or wind chill of 10 degrees or less. The wind chill temperature first fell below 10 degrees at the Charleston Executive Airport (KJZI) at 20:55 EST, the Charleston International Airport (KCHS) at 20:56 EST, the Charleston Weatherflow site at 21:32 EST, the Mount Pleasant Airport (KLRO) at 21:35 EST, the Ace Basin RAWS site at 22:00 EST, the Folly Beach Weatherflow site at 22:00 EST, the West Ashley WeatherSTEM site at 23:10 EST, and the Botany Bay WeatherSTEM site at 23:50 EST.",CSV
202601,31,2235,202601,31,2359,210502,1313746,SOUTH CAROLINA,45,2026,January,Extreme Cold/Wind Chill,Z,43,NORTHERN COLLETON,CHS,31-JAN-26 22:35:00,EST-5,31-JAN-26 23:59:00,0,0,0,0,0.00K,0.00K,AWOS,,,,,,,,,,,,,,,,,,,,,,"A winter storm impacted much of southeast South Carolina with significant snow accumulations and very cold wind chill temperatures. An area of low pressure shifted off the Southeast coast while deepening, ushering in a very cold air mass across the region. The depth of cold air was sufficient to support snow as the primary precipitation type. Rain quickly transitioned to snow during the afternoon hours, which continued into the evening before ending. Most of the snow accumulation impacted areas along and north of Interstate 16, with the highest amounts reported across Screven, Bulloch, and Effingham counties.",The local criteria for an Extreme Cold Warning is temperature or wind chill of 10 degrees or less. The wind chill temperature first fell below 10 degrees at the Walterboro Airport (KRBW) at 22:35 EST and the Combahee RAWS site at 22:49 EST.,CSV
202601,31,2115,202601,31,2359,210502,1313749,SOUTH CAROLINA,45,2026,January,Extreme Cold/Wind Chill,Z,44,DORCHESTER,CHS,31-JAN-26 21:15:00,EST-5,31-JAN-26 23:59:00,0,0,0,0,0.00K,0.00K,AWOS,,,,,,,,,,,,,,,,,,,,,,"A winter storm impacted much of southeast South Carolina with significant snow accumulations and very cold wind chill temperatures. An area of low pressure shifted off the Southeast coast while deepening, ushering in a very cold air mass across the region. The depth of cold air was sufficient to support snow as the primary precipitation type. Rain quickly transitioned to snow during the afternoon hours, which continued into the evening before ending. Most of the snow accumulation impacted areas along and north of Interstate 16, with the highest amounts reported across Screven, Bulloch, and Effingham counties.",The local criteria for an Extreme Cold Warning is temperature or wind chill of 10 degrees or less. The wind chill temperature first fell below 10 degrees at the Summerville Airport (KDYB) at 21:15 EST and the Summerville mesonet site at 22:30 EST.,CSV
202601,31,155,202601,31,2359,209145,1303076,SOUTH CAROLINA,45,2026,January,Winter Storm,Z,17,MARLBORO,ILM,31-JAN-26 01:55:00,EST-5,31-JAN-26 23:59:00,0,0,0,0,0.00K,0.00K,Broadcast Media,,,,,,,,,,,,,,,,,,,,,,A coastal low offshore and upper trough combined with deep arctic air led to significant snowfall across the Carolinas.,"Snow began on January 31 and ended on February 1, ranging from 4 to 6 inches across the county. Impacts from the storm were limited.",CSV
202601,31,1000,202601,31,2359,209145,1303097,SOUTH CAROLINA,45,2026,January,Winter Storm,Z,23,DARLINGTON,ILM,31-JAN-26 10:00:00,EST-5,31-JAN-26 23:59:00,0,0,0,0,0.00K,0.00K,Amateur Radio,,,,,,,,,,,,,,,,,,,,,,A coastal low offshore and upper trough combined with deep arctic air led to significant snowfall across the Carolinas.,"Snow began on January 31 and ended on February 1, ranging from 5 to 7 inches across the county. County offices were closed the day after the event, with schools closed for two days. Impacts from the storm were limited.",CSV
202601,31,155,202601,31,2359,209145,1303101,SOUTH CAROLINA,45,2026,January,Winter Storm,Z,33,MARION,ILM,31-JAN-26 01:55:00,EST-5,31-JAN-26 23:59:00,0,0,0,0,0.00K,0.00K,Amateur Radio,,,,,,,,,,,,,,,,,,,,,,A coastal low offshore and upper trough combined with deep arctic air led to significant snowfall across the Carolinas.,"Snow began on January 31 and ended on February 1, ranging from 5 to 8 inches across the county. County offices were closed the day after the event. Impacts from the storm were limited.",CSV
202601,31,230,202601,31,2359,209145,1303104,SOUTH CAROLINA,45,2026,January,Winter Storm,Z,39,WILLIAMSBURG,ILM,31-JAN-26 02:30:00,EST-5,31-JAN-26 23:59:00,0,0,0,0,0.00K,0.00K,Broadcast Media,,,,,,,,,,,,,,,,,,,,,,A coastal low offshore and upper trough combined with deep arctic air led to significant snowfall across the Carolinas.,"Snow began on January 31 and ended on February 1, ranging from 2 to 4 inches across the county. Schools switched to remote learning for two days following the storm. Impacts from the storm were limited.",CSV
202601,31,500,202601,31,2359,209145,1303123,SOUTH CAROLINA,45,2026,January,Winter Storm,Z,59,NORTHERN HORRY,ILM,31-JAN-26 05:00:00,EST-5,31-JAN-26 23:59:00,0,0,0,0,0.00K,0.00K,Broadcast Media,,,,,,,,,,,,,,,,,,,,,,A coastal low offshore and upper trough combined with deep arctic air led to significant snowfall across the Carolinas.,"Snow began on January 31 and ended on February 1, ranging from 5 to 9 inches across the zone. Government offices were closed and schools switched to remote learning for the day following the storm. Impacts from the storm were limited.",CSV
202601,31,1400,202601,31,2359,209145,1303137,SOUTH CAROLINA,45,2026,January,Winter Storm,Z,55,INLAND GEORGETOWN,ILM,31-JAN-26 14:00:00,EST-5,31-JAN-26 23:59:00,0,0,0,0,0.00K,0.00K,Emergency Manager,,,,,,,,,,,,,,,,,,,,,,A coastal low offshore and upper trough combined with deep arctic air led to significant snowfall across the Carolinas.,"Snow began on January 31 and ended on February 1, ranging from 1 to 3 inches across the county. County offices had a delayed opening the day after the storm, and schools switched to remote learning for two days. Impacts from the storm were limited.",CSV
202601,31,1515,202601,31,2359,209145,1303139,SOUTH CAROLINA,45,2026,January,Winter Storm,Z,56,COASTAL GEORGETOWN,ILM,31-JAN-26 15:15:00,EST-5,31-JAN-26 23:59:00,0,0,0,0,0.00K,0.00K,Emergency Manager,,,,,,,,,,,,,,,,,,,,,,A coastal low offshore and upper trough combined with deep arctic air led to significant snowfall across the Carolinas.,"Snow began on January 31 and ended on February 1, ranging from 1 to 3 inches across the county. County offices had a delayed opening the day after the storm, and schools switched to remote learning for two days. Impacts from the storm were limited.",CSV
202601,25,200,202601,25,2100,210421,1312877,SOUTH CAROLINA,45,2026,January,Ice Storm,Z,11,ABBEVILLE,GSP,25-JAN-26 02:00:00,EST-5,25-JAN-26 21:00:00,0,0,0,0,0.00K,0.00K,Public,,,,,,,,,,,,,,,,,,,,,,"Precipitation associated with an intensifying low pressure system over the Deep South developed across the South Carolina Piedmont during the early morning of the 25th. The precipitation began as mostly sleet before mixing with, and eventually changing to freezing rain later in the morning. The precipitation finally tapered off during the evening. Total sleet accumulations of 0.25 to 0.5 inches occurred, with around 0.25 inch of ice accreting on top of the sleet. This made for very hazardous driving conditions. Due to unusually cold weather following the event, a couple of days of refreezing resulted in travel difficulties continuing during the overnight and morning hours.",,CSV
202601,25,200,202601,25,2100,210421,1312878,SOUTH CAROLINA,45,2026,January,Ice Storm,Z,10,ANDERSON,GSP,25-JAN-26 02:00:00,EST-5,25-JAN-26 21:00:00,0,0,0,0,0.00K,0.00K,Public,,,,,,,,,,,,,,,,,,,,,,"Precipitation associated with an intensifying low pressure system over the Deep South developed across the South Carolina Piedmont during the early morning of the 25th. The precipitation began as mostly sleet before mixing with, and eventually changing to freezing rain later in the morning. The precipitation finally tapered off during the evening. Total sleet accumulations of 0.25 to 0.5 inches occurred, with around 0.25 inch of ice accreting on top of the sleet. This made for very hazardous driving conditions. Due to unusually cold weather following the event, a couple of days of refreezing resulted in travel difficulties continuing during the overnight and morning hours.",,CSV
202601,25,200,202601,25,2100,210421,1312879,SOUTH CAROLINA,45,2026,January,Ice Storm,Z,19,GREENWOOD,GSP,25-JAN-26 02:00:00,EST-5,25-JAN-26 21:00:00,0,0,0,0,0.00K,0.00K,Public,,,,,,,,,,,,,,,,,,,,,,"Precipitation associated with an intensifying low pressure system over the Deep South developed across the South Carolina Piedmont during the early morning of the 25th. The precipitation began as mostly sleet before mixing with, and eventually changing to freezing rain later in the morning. The precipitation finally tapered off during the evening. Total sleet accumulations of 0.25 to 0.5 inches occurred, with around 0.25 inch of ice accreting on top of the sleet. This made for very hazardous driving conditions. Due to unusually cold weather following the event, a couple of days of refreezing resulted in travel difficulties continuing during the overnight and morning hours.",,CSV
202601,31,1315,202601,31,2359,210502,1314020,SOUTH CAROLINA,45,2026,January,Heavy Snow,Z,45,INLAND BERKELEY,CHS,31-JAN-26 13:15:00,EST-5,31-JAN-26 23:59:00,0,0,0,0,0.00K,0.00K,Emergency Manager,,,,,,,,,,,,,,,,,,,,,,"A winter storm impacted much of southeast South Carolina with significant snow accumulations and very cold wind chill temperatures. An area of low pressure shifted off the Southeast coast while deepening, ushering in a very cold air mass across the region. The depth of cold air was sufficient to support snow as the primary precipitation type. Rain quickly transitioned to snow during the afternoon hours, which continued into the evening before ending. Most of the snow accumulation impacted areas along and north of Interstate 16, with the highest amounts reported across Screven, Bulloch, and Effingham counties.","Periods of snow impacted the inland portion of Berkeley County and produced widespread accumulations of 2 to 3 inches. The highest reported totals were 3 inches around Moncks Corner, 2.9 inches in Sangaree, 2.2 inches near College Park, 2 inches in Bonneau, and 2 inches in the Goose Creek area.",CSV
202601,31,1315,202601,31,2359,210502,1314032,SOUTH CAROLINA,45,2026,January,Heavy Snow,Z,44,DORCHESTER,CHS,31-JAN-26 13:15:00,EST-5,31-JAN-26 23:59:00,0,0,0,0,0.00K,0.00K,Emergency Manager,,,,,,,,,,,,,,,,,,,,,,"A winter storm impacted much of southeast South Carolina with significant snow accumulations and very cold wind chill temperatures. An area of low pressure shifted off the Southeast coast while deepening, ushering in a very cold air mass across the region. The depth of cold air was sufficient to support snow as the primary precipitation type. Rain quickly transitioned to snow during the afternoon hours, which continued into the evening before ending. Most of the snow accumulation impacted areas along and north of Interstate 16, with the highest amounts reported across Screven, Bulloch, and Effingham counties.",Widespread snow impacted Dorchester County. Snowfall accumulations ranged up to 2 inches including 2 inches in Summerville and 2 inches in the Saint George area.,CSV
202601,31,1330,202601,31,2359,210502,1314042,SOUTH CAROLINA,45,2026,January,Heavy Snow,Z,43,NORTHERN COLLETON,CHS,31-JAN-26 13:30:00,EST-5,31-JAN-26 23:59:00,1,0,1,0,0.00K,0.00K,Emergency Manager,,,,,,,,,,,,,,,,,,,,,,"A winter storm impacted much of southeast South Carolina with significant snow accumulations and very cold wind chill temperatures. An area of low pressure shifted off the Southeast coast while deepening, ushering in a very cold air mass across the region. The depth of cold air was sufficient to support snow as the primary precipitation type. Rain quickly transitioned to snow during the afternoon hours, which continued into the evening before ending. Most of the snow accumulation impacted areas along and north of Interstate 16, with the highest amounts reported across Screven, Bulloch, and Effingham counties.","Widespread snow impacted the inland half of Colleton County. Snowfall accumulations generally ranged from a dusting up to 1.5 inches. The highest reported amounts were in the Walterboro area of 1 to 1.5 inches. However, Colleton County Emergency Management reported almost 40 snow and ice covered roads across the county which made travel quite treacherous. Impacted roads include Highway 17A from the Dorchester County line all the way to Walterboro, Sidneys Road and Bullseye Lane, Hampton Street, and mile marker 68 on Interstate 95 northbound. Unfortunately, the dangerous travel conditions did result in a fatal car accident in the 9800 block of Sidneys Road near Bullseye Lane. One person died and another was seriously injured in the accident at this location.",CSV
202601,31,1345,202601,31,2359,210502,1314045,SOUTH CAROLINA,45,2026,January,Heavy Snow,Z,40,ALLENDALE,CHS,31-JAN-26 13:45:00,EST-5,31-JAN-26 23:59:00,0,0,0,0,0.00K,0.00K,Emergency Manager,,,,,,,,,,,,,,,,,,,,,,"A winter storm impacted much of southeast South Carolina with significant snow accumulations and very cold wind chill temperatures. An area of low pressure shifted off the Southeast coast while deepening, ushering in a very cold air mass across the region. The depth of cold air was sufficient to support snow as the primary precipitation type. Rain quickly transitioned to snow during the afternoon hours, which continued into the evening before ending. Most of the snow accumulation impacted areas along and north of Interstate 16, with the highest amounts reported across Screven, Bulloch, and Effingham counties.",Analysis shows that widespread snow resulted in accumulations ranging from 2 to 3 inches across the Allendale County. The highest reported amounts were 2 inches around the Allendale area.,CSV
202601,31,1415,202601,31,2359,210502,1314049,SOUTH CAROLINA,45,2026,January,Heavy Snow,Z,42,HAMPTON,CHS,31-JAN-26 14:15:00,EST-5,31-JAN-26 23:59:00,0,0,0,0,0.00K,0.00K,Emergency Manager,,,,,,,,,,,,,,,,,,,,,,"A winter storm impacted much of southeast South Carolina with significant snow accumulations and very cold wind chill temperatures. An area of low pressure shifted off the Southeast coast while deepening, ushering in a very cold air mass across the region. The depth of cold air was sufficient to support snow as the primary precipitation type. Rain quickly transitioned to snow during the afternoon hours, which continued into the evening before ending. Most of the snow accumulation impacted areas along and north of Interstate 16, with the highest amounts reported across Screven, Bulloch, and Effingham counties.",Widespread snow produced accumulations of 1 to 4 inches across Hampton County. The highest reported amounts include 4 inches in Estill and 2 inches around Hampton. The snow did produce a few slick roadways and even one minor car accident.,CSV
202601,31,1500,202601,31,2359,210502,1314052,SOUTH CAROLINA,45,2026,January,Heavy Snow,Z,48,BEAUFORT,CHS,31-JAN-26 15:00:00,EST-5,31-JAN-26 23:59:00,0,0,0,0,0.00K,0.00K,Emergency Manager,,,,,,,,,,,,,,,,,,,,,,"A winter storm impacted much of southeast South Carolina with significant snow accumulations and very cold wind chill temperatures. An area of low pressure shifted off the Southeast coast while deepening, ushering in a very cold air mass across the region. The depth of cold air was sufficient to support snow as the primary precipitation type. Rain quickly transitioned to snow during the afternoon hours, which continued into the evening before ending. Most of the snow accumulation impacted areas along and north of Interstate 16, with the highest amounts reported across Screven, Bulloch, and Effingham counties.","Widespread snow produced accumulations of 1 to 3 inches across Beaufort County. The highest reported amounts include 3.5 inches near Port Royal, 3 inches near Jasper, 2.5 inches in Bluffton, 2 inches in Beaufort, and up to 2 inches on Hilton Head Island.",CSV
202601,31,1515,202601,31,2359,210502,1314059,SOUTH CAROLINA,45,2026,January,Heavy Snow,Z,51,COASTAL JASPER,CHS,31-JAN-26 15:15:00,EST-5,31-JAN-26 23:59:00,0,0,0,0,0.00K,0.00K,Emergency Manager,,,,,,,,,,,,,,,,,,,,,,"A winter storm impacted much of southeast South Carolina with significant snow accumulations and very cold wind chill temperatures. An area of low pressure shifted off the Southeast coast while deepening, ushering in a very cold air mass across the region. The depth of cold air was sufficient to support snow as the primary precipitation type. Rain quickly transitioned to snow during the afternoon hours, which continued into the evening before ending. Most of the snow accumulation impacted areas along and north of Interstate 16, with the highest amounts reported across Screven, Bulloch, and Effingham counties.",Widespread snow produced accumulations of up to 2.5 inches in the coastal portion of Jasper County. The highest reported amount includes 2.4 inches in Hardeeville.,CSV
202601,31,1430,202601,31,2359,210502,1314063,SOUTH CAROLINA,45,2026,January,Winter Weather,Z,52,TIDAL BERKELEY,CHS,31-JAN-26 14:30:00,EST-5,31-JAN-26 23:59:00,0,0,0,0,0.00K,0.00K,CoCoRaHS,,,,,,,,,,,,,,,,,,,,,,"A winter storm impacted much of southeast South Carolina with significant snow accumulations and very cold wind chill temperatures. An area of low pressure shifted off the Southeast coast while deepening, ushering in a very cold air mass across the region. The depth of cold air was sufficient to support snow as the primary precipitation type. Rain quickly transitioned to snow during the afternoon hours, which continued into the evening before ending. Most of the snow accumulation impacted areas along and north of Interstate 16, with the highest amounts reported across Screven, Bulloch, and Effingham counties.","Light snow fell across Daniel Island and nearby areas, producing snow accumulations of around 1 inch. Two CoCoRaHS observers provided observations including 2 inches and 0.7 inches.",CSV
202601,31,1330,202601,31,2359,210502,1314065,SOUTH CAROLINA,45,2026,January,Winter Weather,Z,49,SOUTHERN COLLETON,CHS,31-JAN-26 13:30:00,EST-5,31-JAN-26 23:59:00,0,0,0,0,0.00K,0.00K,Emergency Manager,,,,,,,,,,,,,,,,,,,,,,"A winter storm impacted much of southeast South Carolina with significant snow accumulations and very cold wind chill temperatures. An area of low pressure shifted off the Southeast coast while deepening, ushering in a very cold air mass across the region. The depth of cold air was sufficient to support snow as the primary precipitation type. Rain quickly transitioned to snow during the afternoon hours, which continued into the evening before ending. Most of the snow accumulation impacted areas along and north of Interstate 16, with the highest amounts reported across Screven, Bulloch, and Effingham counties.",Light snow fell across the coastal portion of Colleton County. A public report of 0.5 inches of snow accumulation was received from Bennett's Point.,CSV
202601,31,1400,202601,31,2359,210502,1314066,SOUTH CAROLINA,45,2026,January,Winter Weather,Z,50,CHARLESTON,CHS,31-JAN-26 14:00:00,EST-5,31-JAN-26 23:59:00,0,0,0,0,0.00K,0.00K,Emergency Manager,,,,,,,,,,,,,,,,,,,,,,"A winter storm impacted much of southeast South Carolina with significant snow accumulations and very cold wind chill temperatures. An area of low pressure shifted off the Southeast coast while deepening, ushering in a very cold air mass across the region. The depth of cold air was sufficient to support snow as the primary precipitation type. Rain quickly transitioned to snow during the afternoon hours, which continued into the evening before ending. Most of the snow accumulation impacted areas along and north of Interstate 16, with the highest amounts reported across Screven, Bulloch, and Effingham counties.","Light snow fell across Charleston County and produced accumulations ranging from a trace up to an inch. This includes a daily total of 0.7 inches at the Charleston International Airport (KCHS) which set a new daily record, surpassing the previous record of 0.6 inches from 1977.",CSV
202601,30,2300,202601,31,2359,210427,1312915,SOUTH CAROLINA,45,2026,January,Heavy Snow,Z,103,GREENVILLE MOUNTAINS,GSP,30-JAN-26 23:00:00,EST-5,31-JAN-26 23:59:00,0,0,0,0,0.00K,0.00K,CoCoRaHS,,,,,,,,,,,,,,,,,,,,,,"For the second time in a week, a winter storm impacted the South Carolina mountains as an area of low pressure intensified across the Deep South. In this case, all precipitation fell as snow. Snow began falling during the late evening of the 30th and continued off and on for around 24 hours, with periods of heavy snow becoming common during the morning of the 31st. By the time the snow tapered off, 5 to 8 inch totals along with locally higher amounts were reported across the area.",,CSV
202601,30,2300,202601,31,2359,210427,1312916,SOUTH CAROLINA,45,2026,January,Heavy Snow,Z,101,OCONEE MOUNTAINS,GSP,30-JAN-26 23:00:00,EST-5,31-JAN-26 23:59:00,0,0,0,0,0.00K,0.00K,CoCoRaHS,,,,,,,,,,,,,,,,,,,,,,"For the second time in a week, a winter storm impacted the South Carolina mountains as an area of low pressure intensified across the Deep South. In this case, all precipitation fell as snow. Snow began falling during the late evening of the 30th and continued off and on for around 24 hours, with periods of heavy snow becoming common during the morning of the 31st. By the time the snow tapered off, 5 to 8 inch totals along with locally higher amounts were reported across the area.",,CSV
202601,30,2300,202601,31,2359,210427,1312917,SOUTH CAROLINA,45,2026,January,Heavy Snow,Z,102,PICKENS MOUNTAINS,GSP,30-JAN-26 23:00:00,EST-5,31-JAN-26 23:59:00,0,0,0,0,0.00K,0.00K,CoCoRaHS,,,,,,,,,,,,,,,,,,,,,,"For the second time in a week, a winter storm impacted the South Carolina mountains as an area of low pressure intensified across the Deep South. In this case, all precipitation fell as snow. Snow began falling during the late evening of the 30th and continued off and on for around 24 hours, with periods of heavy snow becoming common during the morning of the 31st. By the time the snow tapered off, 5 to 8 inch totals along with locally higher amounts were reported across the area.",,CSV
202601,31,400,202601,31,2200,210431,1312932,SOUTH CAROLINA,45,2026,January,Heavy Snow,Z,11,ABBEVILLE,GSP,31-JAN-26 04:00:00,EST-5,31-JAN-26 22:00:00,0,0,0,0,0.00K,0.00K,CoCoRaHS,,,,,,,,,,,,,,,,,,,,,,"For the second time in a week, a winter storm impacted the Piedmont of upstate South Carolina as an area of low pressure intensified across the Deep South. In this case, after a brief period of rain, or a mix of rain and snow at the outset, the bulk of the precipitation fell as snow. Snow began falling during the pre-dawn hours of the 31st and continued through much of the day. By the time the snow tapered off during the afternoon, 3 to 5 inch totals were reported across much of the area.",,CSV
202601,31,400,202601,31,2200,210431,1312933,SOUTH CAROLINA,45,2026,January,Heavy Snow,Z,19,GREENWOOD,GSP,31-JAN-26 04:00:00,EST-5,31-JAN-26 22:00:00,0,0,0,0,0.00K,0.00K,CoCoRaHS,,,,,,,,,,,,,,,,,,,,,,"For the second time in a week, a winter storm impacted the Piedmont of upstate South Carolina as an area of low pressure intensified across the Deep South. In this case, after a brief period of rain, or a mix of rain and snow at the outset, the bulk of the precipitation fell as snow. Snow began falling during the pre-dawn hours of the 31st and continued through much of the day. By the time the snow tapered off during the afternoon, 3 to 5 inch totals were reported across much of the area.",,CSV
202601,31,400,202601,31,2200,210431,1312934,SOUTH CAROLINA,45,2026,January,Heavy Snow,Z,10,ANDERSON,GSP,31-JAN-26 04:00:00,EST-5,31-JAN-26 22:00:00,0,0,0,0,0.00K,0.00K,CoCoRaHS,,,,,,,,,,,,,,,,,,,,,,"For the second time in a week, a winter storm impacted the Piedmont of upstate South Carolina as an area of low pressure intensified across the Deep South. In this case, after a brief period of rain, or a mix of rain and snow at the outset, the bulk of the precipitation fell as snow. Snow began falling during the pre-dawn hours of the 31st and continued through much of the day. By the time the snow tapered off during the afternoon, 3 to 5 inch totals were reported across much of the area.",,CSV
202601,31,400,202601,31,2300,210510,1313853,SOUTH CAROLINA,45,2026,January,Heavy Snow,Z,12,LAURENS,GSP,31-JAN-26 04:00:00,EST-5,31-JAN-26 23:00:00,0,0,0,0,0.00K,0.00K,CoCoRaHS,,,,,,,,,,,,,,,,,,,,,,"For the second time in a week, a winter storm impacted the Piedmont and foothills of South Carolina as an area of low pressure intensified across the Deep South. In this case, the bulk of the precipitation fell as snow. Snow began falling during the pre-dawn hours of the 31st and continued through much of the day. By the time the snow tapered off during the evening, 4 to 7 inches were reported across much of the area, with locally higher amounts east of I-77.",,CSV
202601,31,400,202601,31,2300,210510,1313854,SOUTH CAROLINA,45,2026,January,Heavy Snow,Z,13,UNION,GSP,31-JAN-26 04:00:00,EST-5,31-JAN-26 23:00:00,0,0,0,0,0.00K,0.00K,CoCoRaHS,,,,,,,,,,,,,,,,,,,,,,"For the second time in a week, a winter storm impacted the Piedmont and foothills of South Carolina as an area of low pressure intensified across the Deep South. In this case, the bulk of the precipitation fell as snow. Snow began falling during the pre-dawn hours of the 31st and continued through much of the day. By the time the snow tapered off during the evening, 4 to 7 inches were reported across much of the area, with locally higher amounts east of I-77.",,CSV
202601,31,400,202601,31,2300,210510,1313855,SOUTH CAROLINA,45,2026,January,Heavy Snow,Z,14,CHESTER,GSP,31-JAN-26 04:00:00,EST-5,31-JAN-26 23:00:00,0,0,0,0,0.00K,0.00K,CoCoRaHS,,,,,,,,,,,,,,,,,,,,,,"For the second time in a week, a winter storm impacted the Piedmont and foothills of South Carolina as an area of low pressure intensified across the Deep South. In this case, the bulk of the precipitation fell as snow. Snow began falling during the pre-dawn hours of the 31st and continued through much of the day. By the time the snow tapered off during the evening, 4 to 7 inches were reported across much of the area, with locally higher amounts east of I-77.",,CSV
202601,31,400,202601,31,2300,210510,1313856,SOUTH CAROLINA,45,2026,January,Heavy Snow,Z,104,GREATER OCONEE,GSP,31-JAN-26 04:00:00,EST-5,31-JAN-26 23:00:00,0,0,0,0,0.00K,0.00K,CoCoRaHS,,,,,,,,,,,,,,,,,,,,,,"For the second time in a week, a winter storm impacted the Piedmont and foothills of South Carolina as an area of low pressure intensified across the Deep South. In this case, the bulk of the precipitation fell as snow. Snow began falling during the pre-dawn hours of the 31st and continued through much of the day. By the time the snow tapered off during the evening, 4 to 7 inches were reported across much of the area, with locally higher amounts east of I-77.",,CSV
202601,31,400,202601,31,2300,210510,1313857,SOUTH CAROLINA,45,2026,January,Heavy Snow,Z,105,GREATER PICKENS,GSP,31-JAN-26 04:00:00,EST-5,31-JAN-26 23:00:00,0,0,0,0,0.00K,0.00K,CoCoRaHS,,,,,,,,,,,,,,,,,,,,,,"For the second time in a week, a winter storm impacted the Piedmont and foothills of South Carolina as an area of low pressure intensified across the Deep South. In this case, the bulk of the precipitation fell as snow. Snow began falling during the pre-dawn hours of the 31st and continued through much of the day. By the time the snow tapered off during the evening, 4 to 7 inches were reported across much of the area, with locally higher amounts east of I-77.",,CSV
202601,31,400,202601,31,2300,210510,1313858,SOUTH CAROLINA,45,2026,January,Heavy Snow,Z,106,CENTRAL GREENVILLE,GSP,31-JAN-26 04:00:00,EST-5,31-JAN-26 23:00:00,0,0,0,0,0.00K,0.00K,CoCoRaHS,,,,,,,,,,,,,,,,,,,,,,"For the second time in a week, a winter storm impacted the Piedmont and foothills of South Carolina as an area of low pressure intensified across the Deep South. In this case, the bulk of the precipitation fell as snow. Snow began falling during the pre-dawn hours of the 31st and continued through much of the day. By the time the snow tapered off during the evening, 4 to 7 inches were reported across much of the area, with locally higher amounts east of I-77.",,CSV
202601,31,400,202601,31,2300,210510,1313859,SOUTH CAROLINA,45,2026,January,Heavy Snow,Z,107,SOUTHERN GREENVILLE,GSP,31-JAN-26 04:00:00,EST-5,31-JAN-26 23:00:00,0,0,0,0,0.00K,0.00K,CoCoRaHS,,,,,,,,,,,,,,,,,,,,,,"For the second time in a week, a winter storm impacted the Piedmont and foothills of South Carolina as an area of low pressure intensified across the Deep South. In this case, the bulk of the precipitation fell as snow. Snow began falling during the pre-dawn hours of the 31st and continued through much of the day. By the time the snow tapered off during the evening, 4 to 7 inches were reported across much of the area, with locally higher amounts east of I-77.",,CSV
202601,31,400,202601,31,2300,210510,1313860,SOUTH CAROLINA,45,2026,January,Heavy Snow,Z,108,NORTHERN SPARTANBURG,GSP,31-JAN-26 04:00:00,EST-5,31-JAN-26 23:00:00,0,0,0,0,0.00K,0.00K,CoCoRaHS,,,,,,,,,,,,,,,,,,,,,,"For the second time in a week, a winter storm impacted the Piedmont and foothills of South Carolina as an area of low pressure intensified across the Deep South. In this case, the bulk of the precipitation fell as snow. Snow began falling during the pre-dawn hours of the 31st and continued through much of the day. By the time the snow tapered off during the evening, 4 to 7 inches were reported across much of the area, with locally higher amounts east of I-77.",,CSV
202601,31,400,202601,31,2300,210510,1313861,SOUTH CAROLINA,45,2026,January,Heavy Snow,Z,109,SOUTHERN SPARTANBURG,GSP,31-JAN-26 04:00:00,EST-5,31-JAN-26 23:00:00,0,0,0,0,0.00K,0.00K,CoCoRaHS,,,,,,,,,,,,,,,,,,,,,,"For the second time in a week, a winter storm impacted the Piedmont and foothills of South Carolina as an area of low pressure intensified across the Deep South. In this case, the bulk of the precipitation fell as snow. Snow began falling during the pre-dawn hours of the 31st and continued through much of the day. By the time the snow tapered off during the evening, 4 to 7 inches were reported across much of the area, with locally higher amounts east of I-77.",,CSV
202601,31,30,202601,31,2359,209145,1303089,SOUTH CAROLINA,45,2026,January,Winter Storm,Z,24,DILLON,ILM,31-JAN-26 00:30:00,EST-5,31-JAN-26 23:59:00,0,0,0,0,0.00K,0.00K,Broadcast Media,,,,,,,,,,,,,,,,,,,,,,A coastal low offshore and upper trough combined with deep arctic air led to significant snowfall across the Carolinas.,"Snow began on January 31 and ended on February 1, ranging from 7 to 12 inches across the county, with the highest totals across southeast parts of the county. Government offices were closed the day following the event, with county schools switching to remote learning for two days. Impacts from the storm were limited.",CSV
202601,31,600,202601,31,2359,209145,1303135,SOUTH CAROLINA,45,2026,January,Winter Storm,Z,54,COASTAL HORRY,ILM,31-JAN-26 06:00:00,EST-5,31-JAN-26 23:59:00,0,0,0,0,0.00K,0.00K,Broadcast Media,,,,,,,,,,,,,,,,,,,,,,A coastal low offshore and upper trough combined with deep arctic air led to significant snowfall across the Carolinas.,"Snow began on January 31 and ended on February 1, ranging from 3 to 8 inches across the zone, with the highest values near the state line. Government offices were closed and schools switched to remote learning for the day following the storm. Strong winds contributed to power outages across the Grand Strand, with almost 500 people without power Sunday morning. Impacts from the storm were limited.",CSV
202601,31,455,202601,31,2359,209145,1303129,SOUTH CAROLINA,45,2026,January,Winter Storm,Z,58,CENTRAL HORRY,ILM,31-JAN-26 04:55:00,EST-5,31-JAN-26 23:59:00,0,0,0,0,0.00K,0.00K,Broadcast Media,,,,,,,,,,,,,,,,,,,,,,A coastal low offshore and upper trough combined with deep arctic air led to significant snowfall across the Carolinas.,"Snow began on January 31 and ended on February 1, ranging from 4 to 8 inches across the zone, with highest values near the state line. Government offices were closed and schools switched to remote learning for the day following the storm. Impacts from the storm were limited.",CSV
202601,30,2130,202601,31,2359,209145,1303099,SOUTH CAROLINA,45,2026,January,Winter Storm,Z,32,FLORENCE,ILM,30-JAN-26 21:30:00,EST-5,31-JAN-26 23:59:00,0,0,0,0,0.00K,0.00K,Broadcast Media,,,,,,,,,,,,,,,,,,,,,,A coastal low offshore and upper trough combined with deep arctic air led to significant snowfall across the Carolinas.,"Snow began on January 30 and ended on February 1, ranging from 6 to 8 inches across the county. Government offices were closed the day after the event, with schools switching to remote learning for two days. Impacts from the storm were limited.",CSV
202601,25,300,202601,25,1100,210466,1313357,SOUTH CAROLINA,45,2026,January,Winter Weather,Z,44,DORCHESTER,CHS,25-JAN-26 03:00:00,EST-5,25-JAN-26 11:00:00,0,0,0,0,0.00K,0.00K,Emergency Manager,,,,,,,,,,,,,,,,,,,,,,"With strong cold air damming in place, areas of light drizzle developed in the presence of surface temperatures at or just below freezing in portions of southeast South Carolina. The cold air was quite shallow, providing an ideal temperature profile for freezing rain and freezing drizzle. The event occurred in the early morning hours before surface temperatures warmed above freezing and the drizzle came to an end. Only light ice amounts were observed, with only limited impacts.","Light freezing rain and freezing drizzle produced a light glaze of ice, mostly on elevated and exposed surfaces across the county. The light glaze of ice did produce a slippery stretch of roadway on Interstate 26 between mile marker 181 and 182 where an overturned vehicle was reported. There was one report of a few hundredths of an inch of ice accumulation on leaves in the Reevesville area.",CSV
202601,31,1100,202601,31,2359,210194,1310864,SOUTH CAROLINA,45,2026,January,Heavy Snow,Z,29,LEE,CAE,31-JAN-26 11:00:00,EST-5,31-JAN-26 23:59:00,0,0,0,0,,,CoCoRaHS,,,,,,,,,,,,,,,,,,,,,,"A unique snow setup for South Carolina developed as a strong coastal low strengthening offshore, while a upper level disturbance shifted over our area. This provided sufficient synoptic and mesoscale lift for widespread heavy snow across SC along with unusually high snow to liquid ratios between 15-20 to 1. A brief period of sleet-graupel occurred at the onset of the event following by 12 hours of light-moderate snow across the area, with highest amounts in the Pee Dee region of SC.",Multiple measurements across the county of between 2 and 5.3 inches of storm total snowfall. Highest measured amount in the county was 5.3 inches near Bishopville.,CSV
202601,31,900,202601,31,2359,210194,1310865,SOUTH CAROLINA,45,2026,January,Heavy Snow,Z,22,KERSHAW,CAE,31-JAN-26 09:00:00,EST-5,31-JAN-26 23:59:00,0,0,0,0,,,CoCoRaHS,,,,,,,,,,,,,,,,,,,,,,"A unique snow setup for South Carolina developed as a strong coastal low strengthening offshore, while a upper level disturbance shifted over our area. This provided sufficient synoptic and mesoscale lift for widespread heavy snow across SC along with unusually high snow to liquid ratios between 15-20 to 1. A brief period of sleet-graupel occurred at the onset of the event following by 12 hours of light-moderate snow across the area, with highest amounts in the Pee Dee region of SC.","Multiple measurements across the county from COOP, CoCoRAHS, public, and spotters of between 2 to 5 inches of storm total snowfall. Highest measured amount in the county was 5 inches near Lugoff.",CSV
202601,31,600,202601,31,2300,210194,1310867,SOUTH CAROLINA,45,2026,January,Heavy Snow,Z,115,NORTHERN LANCASTER,CAE,31-JAN-26 06:00:00,EST-5,31-JAN-26 23:00:00,0,0,0,0,,,CoCoRaHS,,,,,,,,,,,,,,,,,,,,,,"A unique snow setup for South Carolina developed as a strong coastal low strengthening offshore, while a upper level disturbance shifted over our area. This provided sufficient synoptic and mesoscale lift for widespread heavy snow across SC along with unusually high snow to liquid ratios between 15-20 to 1. A brief period of sleet-graupel occurred at the onset of the event following by 12 hours of light-moderate snow across the area, with highest amounts in the Pee Dee region of SC.",Multiple measurements across northern Lancaster of between 5 to 9 inches of storm total snowfall. Highest measured amount in northern Lancaster was 9 inches near Indian Land.,CSV
202601,31,600,202601,31,2300,210194,1310868,SOUTH CAROLINA,45,2026,January,Heavy Snow,Z,116,SOUTHERN LANCASTER,CAE,31-JAN-26 06:00:00,EST-5,31-JAN-26 23:00:00,0,0,0,0,,,CoCoRaHS,,,,,,,,,,,,,,,,,,,,,,"A unique snow setup for South Carolina developed as a strong coastal low strengthening offshore, while a upper level disturbance shifted over our area. This provided sufficient synoptic and mesoscale lift for widespread heavy snow across SC along with unusually high snow to liquid ratios between 15-20 to 1. A brief period of sleet-graupel occurred at the onset of the event following by 12 hours of light-moderate snow across the area, with highest amounts in the Pee Dee region of SC.",Multiple measurements across southern Lancaster county of between 3 and 6 inches of storm total snowfall. Highest measured amount in southern Lancaster was 6 inches northeast of the city of Lancaster.,CSV
202601,31,800,202601,31,2359,210194,1310869,SOUTH CAROLINA,45,2026,January,Heavy Snow,Z,16,CHESTERFIELD,CAE,31-JAN-26 08:00:00,EST-5,31-JAN-26 23:59:00,0,0,0,0,,,CoCoRaHS,,,,,,,,,,,,,,,,,,,,,,"A unique snow setup for South Carolina developed as a strong coastal low strengthening offshore, while a upper level disturbance shifted over our area. This provided sufficient synoptic and mesoscale lift for widespread heavy snow across SC along with unusually high snow to liquid ratios between 15-20 to 1. A brief period of sleet-graupel occurred at the onset of the event following by 12 hours of light-moderate snow across the area, with highest amounts in the Pee Dee region of SC.",Multiple measurements across the county of between 3 and 9 inches of storm total snowfall. Highest measured amount in the county was 8.9 inches near Jefferson.,CSV
202601,25,800,202601,25,2100,209952,1310707,SOUTH CAROLINA,45,2026,January,Ice Storm,Z,16,CHESTERFIELD,CAE,25-JAN-26 08:00:00,EST-5,25-JAN-26 21:00:00,0,0,0,0,,,Utility Company,,,,,,,,,,,,,,,,,,,,,,A classic ice storm setup developed across the Midlands of South Carolina January 25th. Cold air damming at the surface and strong overrunning aloft produced light and moderate freezing across the Central Midlands with sleet predominant in the Northern Midlands. The southern Midlands saw a shorter period of freezing rain and rain. Damage was primarily due to tree and limb damage along with associated hazardous and impassable roadways.,Tree and powerline damage near Cheraw resulting in roughly 1000 power outages due to storm damage.,CSV
202601,25,800,202601,25,2100,209952,1310708,SOUTH CAROLINA,45,2026,January,Ice Storm,Z,16,CHESTERFIELD,CAE,25-JAN-26 08:00:00,EST-5,25-JAN-26 21:00:00,0,0,0,0,,,Trained Spotter,,,,,,,,,,,,,,,,,,,,,,A classic ice storm setup developed across the Midlands of South Carolina January 25th. Cold air damming at the surface and strong overrunning aloft produced light and moderate freezing across the Central Midlands with sleet predominant in the Northern Midlands. The southern Midlands saw a shorter period of freezing rain and rain. Damage was primarily due to tree and limb damage along with associated hazardous and impassable roadways.,Spotter reported 0.8 of freezing rain and sleet accumulation in Jefferson.,CSV
202601,31,1445,202601,31,2359,210502,1314055,SOUTH CAROLINA,45,2026,January,Heavy Snow,Z,47,JASPER,CHS,31-JAN-26 14:45:00,EST-5,31-JAN-26 23:59:00,0,0,0,0,0.00K,0.00K,Emergency Manager,,,,,,,,,,,,,,,,,,,,,,"A winter storm impacted much of southeast South Carolina with significant snow accumulations and very cold wind chill temperatures. An area of low pressure shifted off the Southeast coast while deepening, ushering in a very cold air mass across the region. The depth of cold air was sufficient to support snow as the primary precipitation type. Rain quickly transitioned to snow during the afternoon hours, which continued into the evening before ending. Most of the snow accumulation impacted areas along and north of Interstate 16, with the highest amounts reported across Screven, Bulloch, and Effingham counties.",Widespread snow produced accumulations of 2 to 4 inches across the inland portion of Jasper County. The highest reported amounts include 4 inches in the Pineland area and 2.5 inches in Ridgeland.,CSV
202601,25,800,202601,25,2000,209952,1310690,SOUTH CAROLINA,45,2026,January,Ice Storm,Z,20,NEWBERRY,CAE,25-JAN-26 08:00:00,EST-5,25-JAN-26 20:00:00,0,0,0,0,,,Law Enforcement,,,,,,,,,,,,,,,,,,,,,,A classic ice storm setup developed across the Midlands of South Carolina January 25th. Cold air damming at the surface and strong overrunning aloft produced light and moderate freezing across the Central Midlands with sleet predominant in the Northern Midlands. The southern Midlands saw a shorter period of freezing rain and rain. Damage was primarily due to tree and limb damage along with associated hazardous and impassable roadways.,SC Highway Patrol reports freezing rain leading to downed trees/large branches near the intersection of Halfacre Rd and Saint Phillips Church Rd. Time estimated from radar.,CSV
202601,25,800,202601,25,2000,209952,1310683,SOUTH CAROLINA,45,2026,January,Ice Storm,Z,20,NEWBERRY,CAE,25-JAN-26 08:00:00,EST-5,25-JAN-26 20:00:00,0,0,0,0,,,Law Enforcement,,,,,,,,,,,,,,,,,,,,,,A classic ice storm setup developed across the Midlands of South Carolina January 25th. Cold air damming at the surface and strong overrunning aloft produced light and moderate freezing across the Central Midlands with sleet predominant in the Northern Midlands. The southern Midlands saw a shorter period of freezing rain and rain. Damage was primarily due to tree and limb damage along with associated hazardous and impassable roadways.,Multiple reports of freezing rain leading to numerous downed trees/large branches off of SC34 in Newberry County including Mount Pleasant Road and Maybinton Road. Time estimated from radar.,CSV
202601,25,1000,202601,25,2100,209952,1310706,SOUTH CAROLINA,45,2026,January,Ice Storm,Z,38,CLARENDON,CAE,25-JAN-26 10:00:00,EST-5,25-JAN-26 21:00:00,0,0,0,0,,,Law Enforcement,,,,,,,,,,,,,,,,,,,,,,A classic ice storm setup developed across the Midlands of South Carolina January 25th. Cold air damming at the surface and strong overrunning aloft produced light and moderate freezing across the Central Midlands with sleet predominant in the Northern Midlands. The southern Midlands saw a shorter period of freezing rain and rain. Damage was primarily due to tree and limb damage along with associated hazardous and impassable roadways.,SC Highway Patrol reports freezing rain leading to downed trees/large branches on Summerton Hwy near Frank Rhames Rd. Time estimated from radar.,CSV
202601,25,700,202601,25,2000,209952,1310741,SOUTH CAROLINA,45,2026,January,Ice Storm,Z,27,LEXINGTON,CAE,25-JAN-26 07:00:00,EST-5,25-JAN-26 20:00:00,0,0,0,0,,,Law Enforcement,,,,,,,,,,,,,,,,,,,,,,A classic ice storm setup developed across the Midlands of South Carolina January 25th. Cold air damming at the surface and strong overrunning aloft produced light and moderate freezing across the Central Midlands with sleet predominant in the Northern Midlands. The southern Midlands saw a shorter period of freezing rain and rain. Damage was primarily due to tree and limb damage along with associated hazardous and impassable roadways.,SC Highway Patrol reported multiple trees and large branches down due to ice accumulation in the cities of Cayce and Chapin.,CSV
202601,25,800,202601,25,2100,209952,1310722,SOUTH CAROLINA,45,2026,January,Ice Storm,Z,31,SUMTER,CAE,25-JAN-26 08:00:00,EST-5,25-JAN-26 21:00:00,0,0,0,0,,,Law Enforcement,,,,,,,,,,,,,,,,,,,,,,A classic ice storm setup developed across the Midlands of South Carolina January 25th. Cold air damming at the surface and strong overrunning aloft produced light and moderate freezing across the Central Midlands with sleet predominant in the Northern Midlands. The southern Midlands saw a shorter period of freezing rain and rain. Damage was primarily due to tree and limb damage along with associated hazardous and impassable roadways.,SC Highway Patrol reported multiple trees and large branches down due to ice accumulation along Gary Road and Black River Road. Time estimated by radar.,CSV
202601,25,800,202601,25,2000,209952,1310743,SOUTH CAROLINA,45,2026,January,Winter Weather,Z,30,AIKEN,CAE,25-JAN-26 08:00:00,EST-5,25-JAN-26 20:00:00,0,0,0,0,,,Public,,,,,,,,,,,,,,,,,,,,,,A classic ice storm setup developed across the Midlands of South Carolina January 25th. Cold air damming at the surface and strong overrunning aloft produced light and moderate freezing across the Central Midlands with sleet predominant in the Northern Midlands. The southern Midlands saw a shorter period of freezing rain and rain. Damage was primarily due to tree and limb damage along with associated hazardous and impassable roadways.,Public report of small limbs down and measured 0.15 ice accumulation near Gloverville.,CSV
202601,25,800,202601,25,2130,209952,1310694,SOUTH CAROLINA,45,2026,January,Ice Storm,Z,22,KERSHAW,CAE,25-JAN-26 08:00:00,EST-5,25-JAN-26 21:30:00,0,0,0,0,,,NWS Employee,,,,,,,,,,,,,,,,,,,,,,A classic ice storm setup developed across the Midlands of South Carolina January 25th. Cold air damming at the surface and strong overrunning aloft produced light and moderate freezing across the Central Midlands with sleet predominant in the Northern Midlands. The southern Midlands saw a shorter period of freezing rain and rain. Damage was primarily due to tree and limb damage along with associated hazardous and impassable roadways.,NWS Employee measured a quarter inch of flat ice between Elgin and Lugoff.,CSV
202601,25,800,202601,25,2130,209952,1310695,SOUTH CAROLINA,45,2026,January,Ice Storm,Z,22,KERSHAW,CAE,25-JAN-26 08:00:00,EST-5,25-JAN-26 21:30:00,0,0,0,0,,,Law Enforcement,,,,,,,,,,,,,,,,,,,,,,A classic ice storm setup developed across the Midlands of South Carolina January 25th. Cold air damming at the surface and strong overrunning aloft produced light and moderate freezing across the Central Midlands with sleet predominant in the Northern Midlands. The southern Midlands saw a shorter period of freezing rain and rain. Damage was primarily due to tree and limb damage along with associated hazardous and impassable roadways.,SCHP reported trees down along Lockhart and Davis Road due to ice accumulation.,CSV
202601,25,800,202601,25,2100,209952,1310704,SOUTH CAROLINA,45,2026,January,Ice Storm,Z,31,SUMTER,CAE,25-JAN-26 08:00:00,EST-5,25-JAN-26 21:00:00,0,0,0,0,,,Utility Company,,,,,,,,,,,,,,,,,,,,,,A classic ice storm setup developed across the Midlands of South Carolina January 25th. Cold air damming at the surface and strong overrunning aloft produced light and moderate freezing across the Central Midlands with sleet predominant in the Northern Midlands. The southern Midlands saw a shorter period of freezing rain and rain. Damage was primarily due to tree and limb damage along with associated hazardous and impassable roadways.,Tree and powerline damage around the city of Sumter resulting in roughly 1000 power outages due to storm damage.,CSV
202601,25,900,202601,25,2100,209952,1310742,SOUTH CAROLINA,45,2026,January,Winter Weather,Z,136,CENTRAL ORANGEBURG,CAE,25-JAN-26 09:00:00,EST-5,25-JAN-26 21:00:00,0,0,0,0,,,ASOS,,,,,,,,,,,,,,,,,,,,,,A classic ice storm setup developed across the Midlands of South Carolina January 25th. Cold air damming at the surface and strong overrunning aloft produced light and moderate freezing across the Central Midlands with sleet predominant in the Northern Midlands. The southern Midlands saw a shorter period of freezing rain and rain. Damage was primarily due to tree and limb damage along with associated hazardous and impassable roadways.,Orangeburg County Airport reported 0.21 accumulated freezing rain.,CSV
202601,25,800,202601,25,2130,209952,1310693,SOUTH CAROLINA,45,2026,January,Ice Storm,Z,27,LEXINGTON,CAE,25-JAN-26 08:00:00,EST-5,25-JAN-26 21:30:00,0,0,0,0,,,ASOS,,,,,,,,,,,,,,,,,,,,,,A classic ice storm setup developed across the Midlands of South Carolina January 25th. Cold air damming at the surface and strong overrunning aloft produced light and moderate freezing across the Central Midlands with sleet predominant in the Northern Midlands. The southern Midlands saw a shorter period of freezing rain and rain. Damage was primarily due to tree and limb damage along with associated hazardous and impassable roadways.,Ice accumulation of 0.28 from ASOS station at KCAE Columbia Metropolitan Airport.,CSV
202601,25,800,202601,25,2200,209952,1310692,SOUTH CAROLINA,45,2026,January,Ice Storm,Z,28,RICHLAND,CAE,25-JAN-26 08:00:00,EST-5,25-JAN-26 22:00:00,0,0,0,0,,,ASOS,,,,,,,,,,,,,,,,,,,,,,A classic ice storm setup developed across the Midlands of South Carolina January 25th. Cold air damming at the surface and strong overrunning aloft produced light and moderate freezing across the Central Midlands with sleet predominant in the Northern Midlands. The southern Midlands saw a shorter period of freezing rain and rain. Damage was primarily due to tree and limb damage along with associated hazardous and impassable roadways.,Freezing rain accumulation of 0.26 from ASOS station KCUB Columbia Hamilton-Owens Airport.,CSV
202601,31,300,202601,31,2359,210429,1312928,SOUTH CAROLINA,45,2026,January,Heavy Snow,Z,8,CHEROKEE,GSP,31-JAN-26 03:00:00,EST-5,31-JAN-26 23:59:00,0,0,0,0,0.00K,0.00K,CoCoRaHS,,,,,,,,,,,,,,,,,,,,,,"For the second time in a week, a winter storm impacted the South Carolina Piedmont  as an area of low pressure intensified across the Deep South. In this case, all precipitation fell as snow. Snow began falling during the early morning of the 31st and continued off and on for almost 24 hours, with periods of heavy snow becoming common during the afternoon. By the time the snow tapered off, 6 to 10 inch totals were reported across much of the area.",,CSV
202601,31,300,202601,31,2359,210429,1312929,SOUTH CAROLINA,45,2026,January,Heavy Snow,Z,9,YORK,GSP,31-JAN-26 03:00:00,EST-5,31-JAN-26 23:59:00,0,0,0,0,0.00K,0.00K,CoCoRaHS,,,,,,,,,,,,,,,,,,,,,,"For the second time in a week, a winter storm impacted the South Carolina Piedmont  as an area of low pressure intensified across the Deep South. In this case, all precipitation fell as snow. Snow began falling during the early morning of the 31st and continued off and on for almost 24 hours, with periods of heavy snow becoming common during the afternoon. By the time the snow tapered off, 6 to 10 inch totals were reported across much of the area.",,CSV
202601,24,2300,202601,25,1800,210414,1312829,SOUTH CAROLINA,45,2026,January,Ice Storm,Z,103,GREENVILLE MOUNTAINS,GSP,24-JAN-26 23:00:00,EST-5,25-JAN-26 18:00:00,0,0,0,0,0.00K,0.00K,Public,,,,,,,,,,,,,,,,,,,,,,"Precipitation associated with an intensifying low pressure system over the Deep South developed in areas along and near the Blue Ridge escarpment during the late evening of the 24th, beginning mainly as sleet. The sleet, occasionally mixed with snow continued into the early morning of the 25th, when it began to mix with and eventually change to freezing rain. The freezing rain was mostly light until a band of heavy freezing rain moved over the area late in the afternoon. Total sleet accumulations of 1 to 2 inches occurred, with around 0.5 inch (locally as high as 0.75 inch) ice accretion on top of the sleet, resulting in very hazardous driving conditions. Unusually cold temperatures following the event resulted in travel difficulties that lingered for several days.",,CSV
202601,24,2300,202601,25,1800,210414,1312830,SOUTH CAROLINA,45,2026,January,Ice Storm,Z,104,GREATER OCONEE,GSP,24-JAN-26 23:00:00,EST-5,25-JAN-26 18:00:00,0,0,0,0,0.00K,0.00K,Public,,,,,,,,,,,,,,,,,,,,,,"Precipitation associated with an intensifying low pressure system over the Deep South developed in areas along and near the Blue Ridge escarpment during the late evening of the 24th, beginning mainly as sleet. The sleet, occasionally mixed with snow continued into the early morning of the 25th, when it began to mix with and eventually change to freezing rain. The freezing rain was mostly light until a band of heavy freezing rain moved over the area late in the afternoon. Total sleet accumulations of 1 to 2 inches occurred, with around 0.5 inch (locally as high as 0.75 inch) ice accretion on top of the sleet, resulting in very hazardous driving conditions. Unusually cold temperatures following the event resulted in travel difficulties that lingered for several days.",,CSV
202601,24,2300,202601,25,1800,210414,1312832,SOUTH CAROLINA,45,2026,January,Ice Storm,Z,105,GREATER PICKENS,GSP,24-JAN-26 23:00:00,EST-5,25-JAN-26 18:00:00,0,0,0,0,0.00K,0.00K,Public,,,,,,,,,,,,,,,,,,,,,,"Precipitation associated with an intensifying low pressure system over the Deep South developed in areas along and near the Blue Ridge escarpment during the late evening of the 24th, beginning mainly as sleet. The sleet, occasionally mixed with snow continued into the early morning of the 25th, when it began to mix with and eventually change to freezing rain. The freezing rain was mostly light until a band of heavy freezing rain moved over the area late in the afternoon. Total sleet accumulations of 1 to 2 inches occurred, with around 0.5 inch (locally as high as 0.75 inch) ice accretion on top of the sleet, resulting in very hazardous driving conditions. Unusually cold temperatures following the event resulted in travel difficulties that lingered for several days.",,CSV
202601,24,2300,202601,25,1800,210414,1312833,SOUTH CAROLINA,45,2026,January,Ice Storm,Z,101,OCONEE MOUNTAINS,GSP,24-JAN-26 23:00:00,EST-5,25-JAN-26 18:00:00,0,0,0,0,0.00K,0.00K,Public,,,,,,,,,,,,,,,,,,,,,,"Precipitation associated with an intensifying low pressure system over the Deep South developed in areas along and near the Blue Ridge escarpment during the late evening of the 24th, beginning mainly as sleet. The sleet, occasionally mixed with snow continued into the early morning of the 25th, when it began to mix with and eventually change to freezing rain. The freezing rain was mostly light until a band of heavy freezing rain moved over the area late in the afternoon. Total sleet accumulations of 1 to 2 inches occurred, with around 0.5 inch (locally as high as 0.75 inch) ice accretion on top of the sleet, resulting in very hazardous driving conditions. Unusually cold temperatures following the event resulted in travel difficulties that lingered for several days.",,CSV
202601,24,2300,202601,25,1800,210414,1312834,SOUTH CAROLINA,45,2026,January,Ice Storm,Z,102,PICKENS MOUNTAINS,GSP,24-JAN-26 23:00:00,EST-5,25-JAN-26 18:00:00,0,0,0,0,0.00K,0.00K,Public,,,,,,,,,,,,,,,,,,,,,,"Precipitation associated with an intensifying low pressure system over the Deep South developed in areas along and near the Blue Ridge escarpment during the late evening of the 24th, beginning mainly as sleet. The sleet, occasionally mixed with snow continued into the early morning of the 25th, when it began to mix with and eventually change to freezing rain. The freezing rain was mostly light until a band of heavy freezing rain moved over the area late in the afternoon. Total sleet accumulations of 1 to 2 inches occurred, with around 0.5 inch (locally as high as 0.75 inch) ice accretion on top of the sleet, resulting in very hazardous driving conditions. Unusually cold temperatures following the event resulted in travel difficulties that lingered for several days.",,CSV
202601,25,300,202601,25,2100,210420,1312875,SOUTH CAROLINA,45,2026,January,Winter Storm,Z,14,CHESTER,GSP,25-JAN-26 03:00:00,EST-5,25-JAN-26 21:00:00,0,0,0,0,0.00K,0.00K,Public,,,,,,,,,,,,,,,,,,,,,,"Precipitation associated with an intensifying low pressure system over the Deep South developed across the eastern South Carolina Piedmont during the early morning of the 25th. The precipitation began as mostly sleet before mixing with, and eventually changing to freezing rain later in the morning. The precipitation finally tapered off during the evening. Total sleet accumulations of around an inch occurred, with 0.10 to 0.25 inch of ice accreting on top of the sleet. This made for very hazardous driving conditions. Due to unusually cold weather following the event, a couple of days of refreezing resulted in travel difficulties continuing during the overnight and morning hours.",,CSV
202601,25,300,202601,25,2100,210420,1312876,SOUTH CAROLINA,45,2026,January,Winter Storm,Z,9,YORK,GSP,25-JAN-26 03:00:00,EST-5,25-JAN-26 21:00:00,0,0,0,0,0.00K,0.00K,Public,,,,,,,,,,,,,,,,,,,,,,"Precipitation associated with an intensifying low pressure system over the Deep South developed across the eastern South Carolina Piedmont during the early morning of the 25th. The precipitation began as mostly sleet before mixing with, and eventually changing to freezing rain later in the morning. The precipitation finally tapered off during the evening. Total sleet accumulations of around an inch occurred, with 0.10 to 0.25 inch of ice accreting on top of the sleet. This made for very hazardous driving conditions. Due to unusually cold weather following the event, a couple of days of refreezing resulted in travel difficulties continuing during the overnight and morning hours.",,CSV
202601,25,0,202601,25,1900,210417,1312858,SOUTH CAROLINA,45,2026,January,Winter Storm,Z,8,CHEROKEE,GSP,25-JAN-26 00:00:00,EST-5,25-JAN-26 19:00:00,0,0,0,0,0.00K,0.00K,Public,,,,,,,,,,,,,,,,,,,,,,"Precipitation associated with an intensifying low pressure system over the Deep South developed along and near the I-85 corridor in the South Carolina around midnight early on the 25th. The precipitation began as mostly sleet, which continued through the early morning hours before mixing with, and eventually changing to freezing rain later in the morning. The precipitation finally tapered off during the early evening. Total sleet accumulations of 1 to 2 inches occurred, with around 0.25 inch of ice accreting on top of the sleet. This made for very hazardous driving conditions. Due to unusually cold weather following the event, several days of refreezing resulted in travel difficulties continuing during the overnight and morning hours.",,CSV
202601,25,0,202601,25,1900,210417,1312859,SOUTH CAROLINA,45,2026,January,Winter Storm,Z,12,LAURENS,GSP,25-JAN-26 00:00:00,EST-5,25-JAN-26 19:00:00,0,0,0,0,0.00K,0.00K,Public,,,,,,,,,,,,,,,,,,,,,,"Precipitation associated with an intensifying low pressure system over the Deep South developed along and near the I-85 corridor in the South Carolina around midnight early on the 25th. The precipitation began as mostly sleet, which continued through the early morning hours before mixing with, and eventually changing to freezing rain later in the morning. The precipitation finally tapered off during the early evening. Total sleet accumulations of 1 to 2 inches occurred, with around 0.25 inch of ice accreting on top of the sleet. This made for very hazardous driving conditions. Due to unusually cold weather following the event, several days of refreezing resulted in travel difficulties continuing during the overnight and morning hours.",,CSV
202601,25,0,202601,25,1900,210417,1312860,SOUTH CAROLINA,45,2026,January,Winter Storm,Z,13,UNION,GSP,25-JAN-26 00:00:00,EST-5,25-JAN-26 19:00:00,0,0,0,0,0.00K,0.00K,Public,,,,,,,,,,,,,,,,,,,,,,"Precipitation associated with an intensifying low pressure system over the Deep South developed along and near the I-85 corridor in the South Carolina around midnight early on the 25th. The precipitation began as mostly sleet, which continued through the early morning hours before mixing with, and eventually changing to freezing rain later in the morning. The precipitation finally tapered off during the early evening. Total sleet accumulations of 1 to 2 inches occurred, with around 0.25 inch of ice accreting on top of the sleet. This made for very hazardous driving conditions. Due to unusually cold weather following the event, several days of refreezing resulted in travel difficulties continuing during the overnight and morning hours.",,CSV
202601,25,0,202601,25,1900,210417,1312861,SOUTH CAROLINA,45,2026,January,Winter Storm,Z,106,CENTRAL GREENVILLE,GSP,25-JAN-26 00:00:00,EST-5,25-JAN-26 19:00:00,0,0,0,0,0.00K,0.00K,Public,,,,,,,,,,,,,,,,,,,,,,"Precipitation associated with an intensifying low pressure system over the Deep South developed along and near the I-85 corridor in the South Carolina around midnight early on the 25th. The precipitation began as mostly sleet, which continued through the early morning hours before mixing with, and eventually changing to freezing rain later in the morning. The precipitation finally tapered off during the early evening. Total sleet accumulations of 1 to 2 inches occurred, with around 0.25 inch of ice accreting on top of the sleet. This made for very hazardous driving conditions. Due to unusually cold weather following the event, several days of refreezing resulted in travel difficulties continuing during the overnight and morning hours.",,CSV
202601,31,800,202601,31,2300,210194,1310843,SOUTH CAROLINA,45,2026,January,Heavy Snow,Z,18,MCCORMICK,CAE,31-JAN-26 08:00:00,EST-5,31-JAN-26 23:00:00,0,0,0,0,,,COOP Observer,,,,,,,,,,,,,,,,,,,,,,"A unique snow setup for South Carolina developed as a strong coastal low strengthening offshore, while a upper level disturbance shifted over our area. This provided sufficient synoptic and mesoscale lift for widespread heavy snow across SC along with unusually high snow to liquid ratios between 15-20 to 1. A brief period of sleet-graupel occurred at the onset of the event following by 12 hours of light-moderate snow across the area, with highest amounts in the Pee Dee region of SC.",COOP observer near McCormick measured 3.5 inches of snow. CoCoRAHS near McCormick  measured 3.2 inches of snow.,CSV
202601,31,800,202601,31,2300,210194,1310844,SOUTH CAROLINA,45,2026,January,Heavy Snow,Z,25,EDGEFIELD,CAE,31-JAN-26 08:00:00,EST-5,31-JAN-26 23:00:00,0,0,0,0,,,CoCoRaHS,,,,,,,,,,,,,,,,,,,,,,"A unique snow setup for South Carolina developed as a strong coastal low strengthening offshore, while a upper level disturbance shifted over our area. This provided sufficient synoptic and mesoscale lift for widespread heavy snow across SC along with unusually high snow to liquid ratios between 15-20 to 1. A brief period of sleet-graupel occurred at the onset of the event following by 12 hours of light-moderate snow across the area, with highest amounts in the Pee Dee region of SC.",Multiple CoCoRAHS observers across Edgefield county measured between 2.5 and 3 inches of snowfall.,CSV
202601,31,800,202601,31,2300,210194,1310846,SOUTH CAROLINA,45,2026,January,Heavy Snow,C,3,AIKEN,CAE,31-JAN-26 08:00:00,EST-5,31-JAN-26 23:00:00,0,0,0,0,,,CoCoRaHS,,,,,,,,,,,,,,,,,,,,,,"A unique snow setup for South Carolina developed as a strong coastal low strengthening offshore, while a upper level disturbance shifted over our area. This provided sufficient synoptic and mesoscale lift for widespread heavy snow across SC along with unusually high snow to liquid ratios between 15-20 to 1. A brief period of sleet-graupel occurred at the onset of the event following by 12 hours of light-moderate snow across the area, with highest amounts in the Pee Dee region of SC.",Multiple CoCoRAHS observers measured 2 to 3 inches of snow across Aiken county. The highest county measurement was 3 inches near Salley along with 2.5 inches measured near Jackson.,CSV
202601,25,0,202601,25,1900,210417,1312862,SOUTH CAROLINA,45,2026,January,Winter Storm,Z,107,SOUTHERN GREENVILLE,GSP,25-JAN-26 00:00:00,EST-5,25-JAN-26 19:00:00,0,0,0,0,0.00K,0.00K,Public,,,,,,,,,,,,,,,,,,,,,,"Precipitation associated with an intensifying low pressure system over the Deep South developed along and near the I-85 corridor in the South Carolina around midnight early on the 25th. The precipitation began as mostly sleet, which continued through the early morning hours before mixing with, and eventually changing to freezing rain later in the morning. The precipitation finally tapered off during the early evening. Total sleet accumulations of 1 to 2 inches occurred, with around 0.25 inch of ice accreting on top of the sleet. This made for very hazardous driving conditions. Due to unusually cold weather following the event, several days of refreezing resulted in travel difficulties continuing during the overnight and morning hours.",,CSV
202601,25,0,202601,25,1900,210417,1312863,SOUTH CAROLINA,45,2026,January,Winter Storm,Z,108,NORTHERN SPARTANBURG,GSP,25-JAN-26 00:00:00,EST-5,25-JAN-26 19:00:00,0,0,0,0,0.00K,0.00K,Public,,,,,,,,,,,,,,,,,,,,,,"Precipitation associated with an intensifying low pressure system over the Deep South developed along and near the I-85 corridor in the South Carolina around midnight early on the 25th. The precipitation began as mostly sleet, which continued through the early morning hours before mixing with, and eventually changing to freezing rain later in the morning. The precipitation finally tapered off during the early evening. Total sleet accumulations of 1 to 2 inches occurred, with around 0.25 inch of ice accreting on top of the sleet. This made for very hazardous driving conditions. Due to unusually cold weather following the event, several days of refreezing resulted in travel difficulties continuing during the overnight and morning hours.",,CSV
202601,25,0,202601,25,1900,210417,1312864,SOUTH CAROLINA,45,2026,January,Winter Storm,Z,109,SOUTHERN SPARTANBURG,GSP,25-JAN-26 00:00:00,EST-5,25-JAN-26 19:00:00,0,0,0,0,0.00K,0.00K,Public,,,,,,,,,,,,,,,,,,,,,,"Precipitation associated with an intensifying low pressure system over the Deep South developed along and near the I-85 corridor in the South Carolina around midnight early on the 25th. The precipitation began as mostly sleet, which continued through the early morning hours before mixing with, and eventually changing to freezing rain later in the morning. The precipitation finally tapered off during the early evening. Total sleet accumulations of 1 to 2 inches occurred, with around 0.25 inch of ice accreting on top of the sleet. This made for very hazardous driving conditions. Due to unusually cold weather following the event, several days of refreezing resulted in travel difficulties continuing during the overnight and morning hours.",,CSV
202601,31,800,202601,31,2300,210194,1310847,SOUTH CAROLINA,45,2026,January,Heavy Snow,Z,35,BARNWELL,CAE,31-JAN-26 08:00:00,EST-5,31-JAN-26 23:00:00,0,0,0,0,,,COOP Observer,,,,,,,,,,,,,,,,,,,,,,"A unique snow setup for South Carolina developed as a strong coastal low strengthening offshore, while a upper level disturbance shifted over our area. This provided sufficient synoptic and mesoscale lift for widespread heavy snow across SC along with unusually high snow to liquid ratios between 15-20 to 1. A brief period of sleet-graupel occurred at the onset of the event following by 12 hours of light-moderate snow across the area, with highest amounts in the Pee Dee region of SC.",Barnwell COOP observer south of Hilda measured 2 inches of storm total snow.,CSV
202601,31,1400,202601,31,2359,210194,1310849,SOUTH CAROLINA,45,2026,January,Heavy Snow,Z,137,SOUTHEASTERN ORANGEBURG,CAE,31-JAN-26 14:00:00,EST-5,31-JAN-26 23:59:00,0,0,0,0,,,Emergency Manager,,,,,,,,,,,,,,,,,,,,,,"A unique snow setup for South Carolina developed as a strong coastal low strengthening offshore, while a upper level disturbance shifted over our area. This provided sufficient synoptic and mesoscale lift for widespread heavy snow across SC along with unusually high snow to liquid ratios between 15-20 to 1. A brief period of sleet-graupel occurred at the onset of the event following by 12 hours of light-moderate snow across the area, with highest amounts in the Pee Dee region of SC.",Orangeburg Emergency Manager relayed a report of measured 3 inches near Holly Hill.,CSV
202601,31,1400,202601,31,2359,210194,1310850,SOUTH CAROLINA,45,2026,January,Heavy Snow,Z,136,CENTRAL ORANGEBURG,CAE,31-JAN-26 14:00:00,EST-5,31-JAN-26 23:59:00,0,0,0,0,,,CoCoRaHS,,,,,,,,,,,,,,,,,,,,,,"A unique snow setup for South Carolina developed as a strong coastal low strengthening offshore, while a upper level disturbance shifted over our area. This provided sufficient synoptic and mesoscale lift for widespread heavy snow across SC along with unusually high snow to liquid ratios between 15-20 to 1. A brief period of sleet-graupel occurred at the onset of the event following by 12 hours of light-moderate snow across the area, with highest amounts in the Pee Dee region of SC.",Trained spotter and CoCoRAHS reports of 2 inches of measured snow in and around the city of the Orangeburg.,CSV
202601,31,1400,202601,31,2359,210194,1310851,SOUTH CAROLINA,45,2026,January,Heavy Snow,Z,135,NORTHWESTERN ORANGEBURG,CAE,31-JAN-26 14:00:00,EST-5,31-JAN-26 23:59:00,0,0,0,0,,,CoCoRaHS,,,,,,,,,,,,,,,,,,,,,,"A unique snow setup for South Carolina developed as a strong coastal low strengthening offshore, while a upper level disturbance shifted over our area. This provided sufficient synoptic and mesoscale lift for widespread heavy snow across SC along with unusually high snow to liquid ratios between 15-20 to 1. A brief period of sleet-graupel occurred at the onset of the event following by 12 hours of light-moderate snow across the area, with highest amounts in the Pee Dee region of SC.",CoCoRAHS reports of measured 2 inches of snow near North.,CSV
202601,31,1300,202601,31,2359,210194,1310852,SOUTH CAROLINA,45,2026,January,Heavy Snow,Z,37,CALHOUN,CAE,31-JAN-26 13:00:00,EST-5,31-JAN-26 23:59:00,0,0,0,0,,,CoCoRaHS,,,,,,,,,,,,,,,,,,,,,,"A unique snow setup for South Carolina developed as a strong coastal low strengthening offshore, while a upper level disturbance shifted over our area. This provided sufficient synoptic and mesoscale lift for widespread heavy snow across SC along with unusually high snow to liquid ratios between 15-20 to 1. A brief period of sleet-graupel occurred at the onset of the event following by 12 hours of light-moderate snow across the area, with highest amounts in the Pee Dee region of SC.",Multiple CoCoRAHS observers measured between 2.5 and 3 inches of snow across Calhoun county. Highest county total was 3 inches near Woodford.,CSV
202601,31,900,202601,31,2359,210194,1310854,SOUTH CAROLINA,45,2026,January,Heavy Snow,Z,27,LEXINGTON,CAE,31-JAN-26 09:00:00,EST-5,31-JAN-26 23:59:00,0,0,0,0,,,Official NWS Observations,,,,,,,,,,,,,,,,,,,,,,"A unique snow setup for South Carolina developed as a strong coastal low strengthening offshore, while a upper level disturbance shifted over our area. This provided sufficient synoptic and mesoscale lift for widespread heavy snow across SC along with unusually high snow to liquid ratios between 15-20 to 1. A brief period of sleet-graupel occurred at the onset of the event following by 12 hours of light-moderate snow across the area, with highest amounts in the Pee Dee region of SC.","Numerous public, COOP, CoCoRAHS, and spotter reports across Lexington county of 2 to 4 inches of snowfall accumulation. Highest amount in the county was measured via CoCoRAHS north of Lake Murray. Official NWS observation at CAE was 2.8 inches.",CSV
202601,31,700,202601,31,2200,210194,1310857,SOUTH CAROLINA,45,2026,January,Heavy Snow,Z,26,SALUDA,CAE,31-JAN-26 07:00:00,EST-5,31-JAN-26 22:00:00,0,0,0,0,,,CoCoRaHS,,,,,,,,,,,,,,,,,,,,,,"A unique snow setup for South Carolina developed as a strong coastal low strengthening offshore, while a upper level disturbance shifted over our area. This provided sufficient synoptic and mesoscale lift for widespread heavy snow across SC along with unusually high snow to liquid ratios between 15-20 to 1. A brief period of sleet-graupel occurred at the onset of the event following by 12 hours of light-moderate snow across the area, with highest amounts in the Pee Dee region of SC.",Multiple CoCoRAHS measurements and Saluda county emergency management measurements between 3 and 4 inches of storm total snow.,CSV
202601,31,700,202601,31,2200,210194,1310858,SOUTH CAROLINA,45,2026,January,Heavy Snow,Z,20,NEWBERRY,CAE,31-JAN-26 07:00:00,EST-5,31-JAN-26 22:00:00,0,0,0,0,,,COOP Observer,,,,,,,,,,,,,,,,,,,,,,"A unique snow setup for South Carolina developed as a strong coastal low strengthening offshore, while a upper level disturbance shifted over our area. This provided sufficient synoptic and mesoscale lift for widespread heavy snow across SC along with unusually high snow to liquid ratios between 15-20 to 1. A brief period of sleet-graupel occurred at the onset of the event following by 12 hours of light-moderate snow across the area, with highest amounts in the Pee Dee region of SC.","Multiple measurements from CoCoRAHS, COOP, and county emergency management of between 3 and 4 inches of storm total snow. Highest measurement in the county was 4 inches near Newberry and 4 inches in Pomaria.",CSV
202601,31,800,202601,31,2300,210194,1310860,SOUTH CAROLINA,45,2026,January,Heavy Snow,Z,21,FAIRFIELD,CAE,31-JAN-26 08:00:00,EST-5,31-JAN-26 23:00:00,0,0,0,0,,,COOP Observer,,,,,,,,,,,,,,,,,,,,,,"A unique snow setup for South Carolina developed as a strong coastal low strengthening offshore, while a upper level disturbance shifted over our area. This provided sufficient synoptic and mesoscale lift for widespread heavy snow across SC along with unusually high snow to liquid ratios between 15-20 to 1. A brief period of sleet-graupel occurred at the onset of the event following by 12 hours of light-moderate snow across the area, with highest amounts in the Pee Dee region of SC.",Multiple measurements across the county of between 2 and 5 inches of storm total snow. Highest measurement in the county was 4.5 inches in Winnsboro.,CSV
202601,31,800,202601,31,2330,210194,1310861,SOUTH CAROLINA,45,2026,January,Heavy Snow,Z,28,RICHLAND,CAE,31-JAN-26 08:00:00,EST-5,31-JAN-26 23:30:00,0,0,0,0,,,CoCoRaHS,,,,,,,,,,,,,,,,,,,,,,"A unique snow setup for South Carolina developed as a strong coastal low strengthening offshore, while a upper level disturbance shifted over our area. This provided sufficient synoptic and mesoscale lift for widespread heavy snow across SC along with unusually high snow to liquid ratios between 15-20 to 1. A brief period of sleet-graupel occurred at the onset of the event following by 12 hours of light-moderate snow across the area, with highest amounts in the Pee Dee region of SC.","Multiple measurements from CoCoRAHS, public, and COOP across the county of 3 to 5.5 inches of snow. Highest measured amount in the county was 5.4 inches from a trained spotter outside of Pontiac.",CSV
202601,31,1200,202601,31,2359,210194,1310862,SOUTH CAROLINA,45,2026,January,Heavy Snow,Z,38,CLARENDON,CAE,31-JAN-26 12:00:00,EST-5,31-JAN-26 23:59:00,0,0,0,0,,,CoCoRaHS,,,,,,,,,,,,,,,,,,,,,,"A unique snow setup for South Carolina developed as a strong coastal low strengthening offshore, while a upper level disturbance shifted over our area. This provided sufficient synoptic and mesoscale lift for widespread heavy snow across SC along with unusually high snow to liquid ratios between 15-20 to 1. A brief period of sleet-graupel occurred at the onset of the event following by 12 hours of light-moderate snow across the area, with highest amounts in the Pee Dee region of SC.",Multiple measurements across the county of between 2 and 3.5 inches of storm total snowfall. Highest measured amount in the county was 3.1 near Manning.,CSV
202601,31,1000,202601,31,2359,210194,1310863,SOUTH CAROLINA,45,2026,January,Heavy Snow,Z,31,SUMTER,CAE,31-JAN-26 10:00:00,EST-5,31-JAN-26 23:59:00,0,0,0,0,,,CoCoRaHS,,,,,,,,,,,,,,,,,,,,,,"A unique snow setup for South Carolina developed as a strong coastal low strengthening offshore, while a upper level disturbance shifted over our area. This provided sufficient synoptic and mesoscale lift for widespread heavy snow across SC along with unusually high snow to liquid ratios between 15-20 to 1. A brief period of sleet-graupel occurred at the onset of the event following by 12 hours of light-moderate snow across the area, with highest amounts in the Pee Dee region of SC.",Multiple measurements across the county of between 2 and 5.5 inches of storm total snow. Highest measured amount in the county was 5.5 inches near Dalzell.,CSV
202603,15,2200,202603,15,2203,210858,1316772,SOUTH CAROLINA,45,2026,March,Hail,C,19,CHARLESTON,CHS,15-MAR-26 22:00:00,EST-5,15-MAR-26 22:03:00,0,0,0,0,,0.00K,NWS Employee,0.75,,,,,,,,,,,2.06,W,DRAYTON,2.06,W,DRAYTON,32.8539,-80.0852,32.8539,-80.0852,An isolated thunderstorm developed along the Charleston County coast in the late evening hours well ahead of an approaching cold front. This thunderstorm tracked to the northeast and became strong enough to produce strong wind gusts and large hail.,A retired NWS employee reported penny sized hail in the Village Green subdivision.,CSV
202603,15,2207,202603,15,2209,210858,1316773,SOUTH CAROLINA,45,2026,March,Thunderstorm Wind,C,19,CHARLESTON,CHS,15-MAR-26 22:07:00,EST-5,15-MAR-26 22:09:00,0,0,0,0,,0.00K,ASOS,50.00,MG,,,,,,,,,,.62,W,(CHS)CHARLESTON AFB,.62,W,(CHS)CHARLESTON AFB,32.8995,-80.0407,32.8995,-80.0407,An isolated thunderstorm developed along the Charleston County coast in the late evening hours well ahead of an approaching cold front. This thunderstorm tracked to the northeast and became strong enough to produce strong wind gusts and large hail.,A wind gust of 58 mph (50 knots) was measured at the Charleston International Airport (KCHS).,CSV
202603,16,657,202603,16,657,212185,1326655,SOUTH CAROLINA,45,2026,March,Thunderstorm Wind,C,83,SPARTANBURG,GSP,16-MAR-26 06:57:00,EST-5,16-MAR-26 06:57:00,0,0,0,0,0.00K,0.00K,NWS Storm Survey,50.00,EG,,,,,,,,,,1.38,S,GRNVL SPRTNBRG ARPT,1.38,S,GRNVL SPRTNBRG ARPT,34.88,-82.22,34.88,-82.22,"A line of showers and thunderstorms, with embedded strong-to-severe storms moved across upstate South Carolina through the morning into the early afternoon. Sporadic pockets of damaging wind gusts occurred, including an area of significant damage in Gaffney.",NWS storm survey reported multiple trees blown down near the GSP Airport.,CSV
202603,16,635,202603,16,640,212185,1328444,SOUTH CAROLINA,45,2026,March,Thunderstorm Wind,C,45,GREENVILLE,GSP,16-MAR-26 06:35:00,EST-5,16-MAR-26 06:40:00,0,0,0,0,0.00K,0.00K,Utility Company,50.00,EG,,,,,,,,,,.53,NNE,TRAVELERS REST,.53,NNE,TRAVELERS REST,34.977,-82.426,34.977,-82.426,"A line of showers and thunderstorms, with embedded strong-to-severe storms moved across upstate South Carolina through the morning into the early afternoon. Sporadic pockets of damaging wind gusts occurred, including an area of significant damage in Gaffney.",Utility company reported trees blown down on power lines and causing multiple power outages between Travelers Rest and Tigerville.,CSV
202603,16,755,202603,16,755,212185,1328445,SOUTH CAROLINA,45,2026,March,Thunderstorm Wind,C,59,LAURENS,GSP,16-MAR-26 07:55:00,EST-5,16-MAR-26 07:55:00,0,0,0,0,0.00K,0.00K,Utility Company,50.00,EG,,,,,,,,,,1.33,WSW,JOANNA,1.33,WSW,JOANNA,34.41,-81.82,34.41,-81.82,"A line of showers and thunderstorms, with embedded strong-to-severe storms moved across upstate South Carolina through the morning into the early afternoon. Sporadic pockets of damaging wind gusts occurred, including an area of significant damage in Gaffney.",Utility company reported trees blown down on power lines and causing outages in Joanna and vicinity.,CSV
202603,16,705,202603,16,705,212185,1328446,SOUTH CAROLINA,45,2026,March,Thunderstorm Wind,C,83,SPARTANBURG,GSP,16-MAR-26 07:05:00,EST-5,16-MAR-26 07:05:00,0,0,0,0,0.00K,0.00K,Utility Company,50.00,EG,,,,,,,,,,3.5,N,NEW PROSPECT,3.5,N,NEW PROSPECT,35.18,-82.06,35.18,-82.06,"A line of showers and thunderstorms, with embedded strong-to-severe storms moved across upstate South Carolina through the morning into the early afternoon. Sporadic pockets of damaging wind gusts occurred, including an area of significant damage in Gaffney.",Utility company reported trees blown down on power lines and causing an outage along Melvin Hill Rd.,CSV
202603,16,850,202603,16,850,212185,1328449,SOUTH CAROLINA,45,2026,March,Thunderstorm Wind,C,23,CHESTER,GSP,16-MAR-26 08:50:00,EST-5,16-MAR-26 08:50:00,0,0,0,0,0.00K,0.00K,Utility Company,50.00,EG,,,,,,,,,,2.36,NNE,BLACKSTOCK,2.36,NNE,BLACKSTOCK,34.6,-81.13,34.6,-81.13,"A line of showers and thunderstorms, with embedded strong-to-severe storms moved across upstate South Carolina through the morning into the early afternoon. Sporadic pockets of damaging wind gusts occurred, including an area of significant damage in Gaffney.",Utility company reported trees blown down on power lines and causing an outage along Hopewell Church Rd.,CSV
202603,16,722,202603,16,722,212185,1328452,SOUTH CAROLINA,45,2026,March,Hail,C,59,LAURENS,GSP,16-MAR-26 07:22:00,EST-5,16-MAR-26 07:22:00,0,0,0,0,,,Public,0.75,,,,,,,,,,,2.69,SSE,FOUNTAIN INN,2.69,SSE,FOUNTAIN INN,34.664,-82.182,34.664,-82.182,"A line of showers and thunderstorms, with embedded strong-to-severe storms moved across upstate South Carolina through the morning into the early afternoon. Sporadic pockets of damaging wind gusts occurred, including an area of significant damage in Gaffney.",Public reported 3/4 inch hail near the Laurens Rd and I-385 intersection.,CSV
202603,12,844,202603,12,848,210855,1316759,SOUTH CAROLINA,45,2026,March,Tornado,C,5,ALLENDALE,CHS,12-MAR-26 08:44:00,EST-5,12-MAR-26 08:48:00,0,0,0,0,,0.00K,NWS Storm Survey,,,,,EF0,3.72,30,,,,,.71,WNW,MILLETT,2.61,NNW,MARTIN,33.0837,-81.5414,33.1062,-81.483,"Clusters of strong thunderstorms developed just ahead of a strong cold front and moved into southeast South Carolina in the morning hours. The environment ahead of these storms was supportive of damaging wind gusts and an isolated tornado. A few of the clusters of thunderstorms became strong enough to produce severe weather, including a weak tornado in Allendale County.","An NWS Storm Survey team confirmed that an EF-0 tornado occurred in northern Allendale County near Millett with estimated peak wind speeds of 80 mph. The initial damage occurred near Speedwell Methodist Church near the intersection of Millett Road and Little Hell Road. Damage at the beginning of the tornado path consisted of a few uprooted trees. The tornado then tracked to the northeast across a very large field, crossing Furse Mill Road. A well build out building along Furse Mill Road had its roof removed, with several nearby large pine trees either snapped or uprooted. The tornado then damaged a family farm off of Highway 125, peeling tin roof material off of 4 to 5 pole barns and garages. Additional tree damage was noted in the area, though some of the damage was likely old and associated with Hurricane Helene. The tornado then reached a home site near the intersection of Patterson Mill Drive and Ellis Road. Two very large trees were uprooted in the front yard of the house, with some additional tree damage in the backyard. The track of the tornado damage ended along Ellis Road in a forested area. A clear convergent pattern was noted with numerous snapped or uprooted hardwood trees.",CSV
202603,12,800,202603,12,800,210172,1315009,SOUTH CAROLINA,45,2026,March,Thunderstorm Wind,C,71,NEWBERRY,CAE,12-MAR-26 08:00:00,EST-5,12-MAR-26 08:00:00,0,0,0,0,0.00K,0.00K,Public,52.00,EG,,,,,,,,,,2.28,E,BUSH RIVER,2.28,E,BUSH RIVER,34.32,-81.71,34.32,-81.71,"A southern stream shortwave phased with a digging northern stream upper trough over the OH/TN valleys the night of 3/11 into the morning of 3/12 bringing a strongly forced system into the forecast area. The environment ahead of this system was characterized by sufficient instability with MLCAPE values around 500 J/kg, 0-1km SRH values of 100-200 m2s2 and 0-6km shear of 60 knots. This environment combined with strong forcing supported a QLCS line that moved across the forecast area during the morning hours. Several damaging wind reports and a few tornadoes occurred.",Trees reported down on Beaver Dam Creek Rd. Time estimated by radar.,CSV
202603,12,815,202603,12,815,210172,1315010,SOUTH CAROLINA,45,2026,March,Thunderstorm Wind,C,37,EDGEFIELD,CAE,12-MAR-26 08:15:00,EST-5,12-MAR-26 08:15:00,0,0,0,0,0.00K,0.00K,Emergency Manager,52.00,EG,,,,,,,,,,4.86,S,PINEHOUSE XRDS,4.86,S,PINEHOUSE XRDS,33.6601,-81.8604,33.6601,-81.8604,"A southern stream shortwave phased with a digging northern stream upper trough over the OH/TN valleys the night of 3/11 into the morning of 3/12 bringing a strongly forced system into the forecast area. The environment ahead of this system was characterized by sufficient instability with MLCAPE values around 500 J/kg, 0-1km SRH values of 100-200 m2s2 and 0-6km shear of 60 knots. This environment combined with strong forcing supported a QLCS line that moved across the forecast area during the morning hours. Several damaging wind reports and a few tornadoes occurred.",Trees reported down at Bettis Academy School. Time estimated by radar.,CSV
202603,12,840,202603,12,840,210172,1315011,SOUTH CAROLINA,45,2026,March,Thunderstorm Wind,C,3,AIKEN,CAE,12-MAR-26 08:40:00,EST-5,12-MAR-26 08:40:00,0,0,0,0,0.00K,0.00K,Law Enforcement,52.00,EG,,,,,,,,,,6.23,N,NEW HOLLAND XRDS,6.23,N,NEW HOLLAND XRDS,33.7898,-81.4901,33.7898,-81.4901,"A southern stream shortwave phased with a digging northern stream upper trough over the OH/TN valleys the night of 3/11 into the morning of 3/12 bringing a strongly forced system into the forecast area. The environment ahead of this system was characterized by sufficient instability with MLCAPE values around 500 J/kg, 0-1km SRH values of 100-200 m2s2 and 0-6km shear of 60 knots. This environment combined with strong forcing supported a QLCS line that moved across the forecast area during the morning hours. Several damaging wind reports and a few tornadoes occurred.",SC DPS reported trees down along Huckleberry Finn Rd and Holder Rd. Time estimated by radar.,CSV
202603,12,900,202603,12,900,210172,1315013,SOUTH CAROLINA,45,2026,March,Thunderstorm Wind,C,63,LEXINGTON,CAE,12-MAR-26 09:00:00,EST-5,12-MAR-26 09:00:00,0,0,0,0,0.00K,0.00K,Department of Highways,52.00,EG,,,,,,,,,,2.64,WNW,ARTHUR,2.64,WNW,ARTHUR,33.9894,-81.1897,33.9894,-81.1897,"A southern stream shortwave phased with a digging northern stream upper trough over the OH/TN valleys the night of 3/11 into the morning of 3/12 bringing a strongly forced system into the forecast area. The environment ahead of this system was characterized by sufficient instability with MLCAPE values around 500 J/kg, 0-1km SRH values of 100-200 m2s2 and 0-6km shear of 60 knots. This environment combined with strong forcing supported a QLCS line that moved across the forecast area during the morning hours. Several damaging wind reports and a few tornadoes occurred.",SC DPS reported a tree down along Baskin Hills Rd. Time estimated by radar.,CSV
202603,12,920,202603,12,920,210172,1315014,SOUTH CAROLINA,45,2026,March,Thunderstorm Wind,C,79,RICHLAND,CAE,12-MAR-26 09:20:00,EST-5,12-MAR-26 09:20:00,0,0,0,0,0.00K,0.00K,AWSS,56.00,EG,,,,,,,,,,.25,S,BLYTHEWOOD,.25,S,BLYTHEWOOD,34.2164,-80.9707,34.2164,-80.9707,"A southern stream shortwave phased with a digging northern stream upper trough over the OH/TN valleys the night of 3/11 into the morning of 3/12 bringing a strongly forced system into the forecast area. The environment ahead of this system was characterized by sufficient instability with MLCAPE values around 500 J/kg, 0-1km SRH values of 100-200 m2s2 and 0-6km shear of 60 knots. This environment combined with strong forcing supported a QLCS line that moved across the forecast area during the morning hours. Several damaging wind reports and a few tornadoes occurred.","Town of Blythewood shared photos of damaged amphitheater cover, with metal sheeting blown off. Time estimated by radar.",CSV
202603,12,927,202603,12,927,210172,1315015,SOUTH CAROLINA,45,2026,March,Thunderstorm Wind,C,63,LEXINGTON,CAE,12-MAR-26 09:27:00,EST-5,12-MAR-26 09:27:00,0,0,0,0,0.00K,0.00K,Department of Highways,52.00,EG,,,,,,,,,,3.3,ENE,GASTON LEX CO ARPT,3.3,ENE,GASTON LEX CO ARPT,33.7987,-81.047,33.7987,-81.047,"A southern stream shortwave phased with a digging northern stream upper trough over the OH/TN valleys the night of 3/11 into the morning of 3/12 bringing a strongly forced system into the forecast area. The environment ahead of this system was characterized by sufficient instability with MLCAPE values around 500 J/kg, 0-1km SRH values of 100-200 m2s2 and 0-6km shear of 60 knots. This environment combined with strong forcing supported a QLCS line that moved across the forecast area during the morning hours. Several damaging wind reports and a few tornadoes occurred.",Trees down near Pine Plain Rd and Mack St. Time estimated by radar.,CSV
202603,12,935,202603,12,935,210172,1315017,SOUTH CAROLINA,45,2026,March,Thunderstorm Wind,C,79,RICHLAND,CAE,12-MAR-26 09:35:00,EST-5,12-MAR-26 09:35:00,0,0,0,0,0.00K,0.00K,Department of Highways,52.00,EG,,,,,,,,,,.95,NE,BRUNER,.95,NE,BRUNER,33.9286,-80.8371,33.9286,-80.8371,"A southern stream shortwave phased with a digging northern stream upper trough over the OH/TN valleys the night of 3/11 into the morning of 3/12 bringing a strongly forced system into the forecast area. The environment ahead of this system was characterized by sufficient instability with MLCAPE values around 500 J/kg, 0-1km SRH values of 100-200 m2s2 and 0-6km shear of 60 knots. This environment combined with strong forcing supported a QLCS line that moved across the forecast area during the morning hours. Several damaging wind reports and a few tornadoes occurred.",SC DPS reported a tree down on the roadway at the intersection of Horrell Hill Rd and Crossing Creek Rd. Time estimated by radar.,CSV
202603,12,1005,202603,12,1005,210172,1315020,SOUTH CAROLINA,45,2026,March,Thunderstorm Wind,C,27,CLARENDON,CAE,12-MAR-26 10:05:00,EST-5,12-MAR-26 10:05:00,0,0,0,0,0.00K,0.00K,Law Enforcement,52.00,EG,,,,,,,,,,3.97,SSW,ST PAUL,3.97,SSW,ST PAUL,33.5265,-80.4249,33.5265,-80.4249,"A southern stream shortwave phased with a digging northern stream upper trough over the OH/TN valleys the night of 3/11 into the morning of 3/12 bringing a strongly forced system into the forecast area. The environment ahead of this system was characterized by sufficient instability with MLCAPE values around 500 J/kg, 0-1km SRH values of 100-200 m2s2 and 0-6km shear of 60 knots. This environment combined with strong forcing supported a QLCS line that moved across the forecast area during the morning hours. Several damaging wind reports and a few tornadoes occurred.",SCDPS report of tree on road near between I-95 and Dingle Pond Rd. Time estimated by radar.,CSV
202603,12,852,202603,12,854,210172,1315021,SOUTH CAROLINA,45,2026,March,Tornado,C,79,RICHLAND,CAE,12-MAR-26 08:52:00,EST-5,12-MAR-26 08:54:00,0,0,0,0,,,NWS Storm Survey,,,,,EF0,2.22,100,,,,,1.12,S,BALLENTINE,2.69,ESE,BALLENTINE,34.1041,-81.2263,34.1034,-81.1876,"A southern stream shortwave phased with a digging northern stream upper trough over the OH/TN valleys the night of 3/11 into the morning of 3/12 bringing a strongly forced system into the forecast area. The environment ahead of this system was characterized by sufficient instability with MLCAPE values around 500 J/kg, 0-1km SRH values of 100-200 m2s2 and 0-6km shear of 60 knots. This environment combined with strong forcing supported a QLCS line that moved across the forecast area during the morning hours. Several damaging wind reports and a few tornadoes occurred.","A NWS Survey Team confirmed a brief EF-0 tornado northwest of Irmo in Richland County, SC from March 12th 2026. The tornado formed near Dreher Shoals Road and continued east across Lemington Way and Lemington Circle causing minor tree damage along with siding and shingle loss to several homes. Further east additional damage to trees and residences occurred along River Song Road and Royal Tower Drive. Similar damage occurred in the adjacent neighborhoods eastward to Rawls Creek Park before the tornado dissipated around Woodrow Street.",CSV
202603,12,853,202603,12,855,210172,1315022,SOUTH CAROLINA,45,2026,March,Tornado,C,63,LEXINGTON,CAE,12-MAR-26 08:53:00,EST-5,12-MAR-26 08:55:00,0,0,0,0,0.00K,0.00K,Public,,,,,EFU,0.54,25,,,,,3.09,NE,PROVIDENCE,3.06,SW,IRMO,34.05,-81.23,34.0514,-81.2207,"A southern stream shortwave phased with a digging northern stream upper trough over the OH/TN valleys the night of 3/11 into the morning of 3/12 bringing a strongly forced system into the forecast area. The environment ahead of this system was characterized by sufficient instability with MLCAPE values around 500 J/kg, 0-1km SRH values of 100-200 m2s2 and 0-6km shear of 60 knots. This environment combined with strong forcing supported a QLCS line that moved across the forecast area during the morning hours. Several damaging wind reports and a few tornadoes occurred.",Public reported video of a tornadic waterspout over Lake Murray near the Saluda Dam associated with a severe thunderstorm and strong velocity couplet from KCAE radar. The tornado did not cause any notable damage onshore before dissipating. Unknown wind speed due to lack of damage indicators.,CSV
202603,12,818,202603,12,819,210172,1315024,SOUTH CAROLINA,45,2026,March,Tornado,C,81,SALUDA,CAE,12-MAR-26 08:18:00,EST-5,12-MAR-26 08:19:00,0,0,0,0,,,Public,,,,,EF0,0.45,100,,,,,1.29,NNW,RIDGE SPG,1.16,N,RIDGE SPG,33.8674,-81.6782,33.8668,-81.67,"A southern stream shortwave phased with a digging northern stream upper trough over the OH/TN valleys the night of 3/11 into the morning of 3/12 bringing a strongly forced system into the forecast area. The environment ahead of this system was characterized by sufficient instability with MLCAPE values around 500 J/kg, 0-1km SRH values of 100-200 m2s2 and 0-6km shear of 60 knots. This environment combined with strong forcing supported a QLCS line that moved across the forecast area during the morning hours. Several damaging wind reports and a few tornadoes occurred.","The NWS has confirmed an EF-0 tornado in Ridge Spring, SC based on a public report and corresponding strong velocity couplet from KCAE radar. The tornado formed east of Ridge Spring Hwy and south of Murphy Farm Rd. While a survey was not conducted, pictures of the damage show multiple hardwood trees uprooted and partial loss of metal roofing on a small barn.",CSV
202603,16,1515,202603,16,1515,211228,1319810,SOUTH CAROLINA,45,2026,March,Thunderstorm Wind,C,55,KERSHAW,CAE,16-MAR-26 15:15:00,EST-5,16-MAR-26 15:15:00,0,0,0,0,0.00K,0.00K,Broadcast Media,52.00,EG,,,,,,,,,,3.49,ENE,WARREN XRDS,3.49,ENE,WARREN XRDS,34.34,-80.72,34.34,-80.72,Strong upper trough moving into the area with limited instability trigged convection during the mid morning hours resulting in isolated severe storms with mainly wind damage reports.,"Broadcast media shared a photo showing a tree blown, knocking power lines down with it. Time estimated by radar.",CSV
202603,8,1700,202603,8,1700,210163,1310681,SOUTH CAROLINA,45,2026,March,Thunderstorm Wind,C,51,HORRY,ILM,08-MAR-26 17:00:00,EST-5,08-MAR-26 17:00:00,0,0,0,0,0.00K,0.00K,Public,50.00,EG,,,,,,,,,,.9,NW,CONWAY,.9,NW,CONWAY,33.84,-79.06,33.84,-79.06,A weakening cold front brought about 2 wind damage reports in Northeast South Carolina during the late afternoon hours.,A tree fell on power lines at Erskrine Drive and Singleton Road.,CSV
202603,8,1700,202603,8,1700,210163,1310682,SOUTH CAROLINA,45,2026,March,Thunderstorm Wind,C,51,HORRY,ILM,08-MAR-26 17:00:00,EST-5,08-MAR-26 17:00:00,0,0,0,0,0.00K,0.00K,Public,50.00,EG,,,,,,,,,,0,N,HOMEWOOD,0,N,HOMEWOOD,33.88,-79.05,33.88,-79.05,A weakening cold front brought about 2 wind damage reports in Northeast South Carolina during the late afternoon hours.,"A medium sized tree was reported down in Homewood, South Carolina.",CSV
202603,12,1130,202603,12,1130,210169,1310739,SOUTH CAROLINA,45,2026,March,Thunderstorm Wind,C,51,HORRY,ILM,12-MAR-26 11:30:00,EST-5,12-MAR-26 11:30:00,0,0,0,0,0.00K,0.00K,State Official,50.00,EG,,,,,,,,,,.9,NW,CONWAY,.9,NW,CONWAY,33.84,-79.06,33.84,-79.06,"A small area of low pressure along a strong cold front lead to strong thunderstorm winds in Northeast South Carolina, Southeast North Carolina, and the adjacent coastal waters.","Multiple reports have been received of trees down in Conway, South Carolina.",CSV
202603,16,1653,202603,16,1653,210169,1310740,SOUTH CAROLINA,45,2026,March,Thunderstorm Wind,C,41,FLORENCE,ILM,16-MAR-26 16:53:00,EST-5,16-MAR-26 16:53:00,0,0,0,0,0.00K,0.00K,ASOS,50.00,MG,,,,,,,,,,.69,N,(FLO)FLORENCE CITY-C,.69,N,(FLO)FLORENCE CITY-C,34.19,-79.72,34.19,-79.72,"A small area of low pressure along a strong cold front lead to strong thunderstorm winds in Northeast South Carolina, Southeast North Carolina, and the adjacent coastal waters.","The ASOS at Florence, South Carolina measured a 50 knot gust.",CSV
202603,16,1653,202603,16,1653,210372,1312497,SOUTH CAROLINA,45,2026,March,Thunderstorm Wind,C,41,FLORENCE,ILM,16-MAR-26 16:53:00,EST-5,16-MAR-26 16:53:00,0,0,0,0,0.00K,0.00K,ASOS,50.00,MG,,,,,,,,,,.83,S,WINDY HILL,.83,S,WINDY HILL,34.188,-79.731,34.188,-79.731,Strong low level winds and deep shear developed ahead of an approaching upper trough and cold front.,Florence Regional Airport measured a 58 mph wind gust.,CSV
202603,12,901,202603,12,902,210855,1316755,SOUTH CAROLINA,45,2026,March,Thunderstorm Wind,C,5,ALLENDALE,CHS,12-MAR-26 09:01:00,EST-5,12-MAR-26 09:02:00,0,0,0,0,,0.00K,Emergency Manager,50.00,EG,,,,,,,,,,.9,NW,ALLENDALE,.9,NW,ALLENDALE,33.01,-81.31,33.01,-81.31,"Clusters of strong thunderstorms developed just ahead of a strong cold front and moved into southeast South Carolina in the morning hours. The environment ahead of these storms was supportive of damaging wind gusts and an isolated tornado. A few of the clusters of thunderstorms became strong enough to produce severe weather, including a weak tornado in Allendale County.",Allendale County Emergency Management reported a tree fell and damaged the doorway of a building in the 140 block of Augusta Highway.,CSV
202603,12,901,202603,12,902,210855,1316756,SOUTH CAROLINA,45,2026,March,Thunderstorm Wind,C,5,ALLENDALE,CHS,12-MAR-26 09:01:00,EST-5,12-MAR-26 09:02:00,0,0,0,0,,0.00K,Emergency Manager,50.00,EG,,,,,,,,,,2.7,NE,SEIGLING,2.7,NE,SEIGLING,33.06,-81.29,33.06,-81.29,"Clusters of strong thunderstorms developed just ahead of a strong cold front and moved into southeast South Carolina in the morning hours. The environment ahead of these storms was supportive of damaging wind gusts and an isolated tornado. A few of the clusters of thunderstorms became strong enough to produce severe weather, including a weak tornado in Allendale County.",Allendale County Emergency Management reported a tree down in the 1300 block of Concord Church Road.,CSV
202603,12,903,202603,12,904,210855,1316757,SOUTH CAROLINA,45,2026,March,Thunderstorm Wind,C,5,ALLENDALE,CHS,12-MAR-26 09:03:00,EST-5,12-MAR-26 09:04:00,0,0,0,0,,0.00K,Emergency Manager,50.00,EG,,,,,,,,,,3.11,NW,SYCAMORE,3.11,NW,SYCAMORE,33.06,-81.26,33.06,-81.26,"Clusters of strong thunderstorms developed just ahead of a strong cold front and moved into southeast South Carolina in the morning hours. The environment ahead of these storms was supportive of damaging wind gusts and an isolated tornado. A few of the clusters of thunderstorms became strong enough to produce severe weather, including a weak tornado in Allendale County.",Allendale County Emergency Management reported a tree down in the 3400 block of Burtons Ferry Highway.,CSV
202603,15,2215,202603,15,2220,210858,1316771,SOUTH CAROLINA,45,2026,March,Hail,C,15,BERKELEY,CHS,15-MAR-26 22:15:00,EST-5,15-MAR-26 22:20:00,0,0,0,0,,0.00K,Trained Spotter,1.75,,,,,,,,,,,1.5,SSW,MT HOLLY,1.5,SSW,MT HOLLY,33.01,-80.04,33.01,-80.04,An isolated thunderstorm developed along the Charleston County coast in the late evening hours well ahead of an approaching cold front. This thunderstorm tracked to the northeast and became strong enough to produce strong wind gusts and large hail.,A trained spotter reported at least two golf ball sized hail stones. Most of the hail that fell was the size of a quarter.,CSV
202603,16,626,202603,16,631,212185,1326667,SOUTH CAROLINA,45,2026,March,Thunderstorm Wind,C,7,ANDERSON,GSP,16-MAR-26 06:26:00,EST-5,16-MAR-26 06:31:00,0,0,0,0,0.00K,0.00K,Utility Company,50.00,EG,,,,,,,,,,3.68,ENE,LA FRANCE,2.7,N,EVERGREEN HILLS,34.64,-82.69,34.569,-82.679,"A line of showers and thunderstorms, with embedded strong-to-severe storms moved across upstate South Carolina through the morning into the early afternoon. Sporadic pockets of damaging wind gusts occurred, including an area of significant damage in Gaffney.",Utility company reported trees blown down on power lines and causing outages along highway 178 and in the northlakes area.,CSV
202603,12,924,202603,12,925,210172,1315023,SOUTH CAROLINA,45,2026,March,Tornado,C,9,BAMBERG,CAE,12-MAR-26 09:24:00,EST-5,12-MAR-26 09:25:00,0,0,0,0,,,NWS Storm Survey,,,,,EF0,0.21,25,,,,,4.17,SW,MIDWAY,3.97,SW,MIDWAY,33.2372,-81.0308,33.2387,-81.0278,"A southern stream shortwave phased with a digging northern stream upper trough over the OH/TN valleys the night of 3/11 into the morning of 3/12 bringing a strongly forced system into the forecast area. The environment ahead of this system was characterized by sufficient instability with MLCAPE values around 500 J/kg, 0-1km SRH values of 100-200 m2s2 and 0-6km shear of 60 knots. This environment combined with strong forcing supported a QLCS line that moved across the forecast area during the morning hours. Several damaging wind reports and a few tornadoes occurred.","A NWS Survey Team confirmed a brief EF-0 tornado south of the town of Bamberg in Bamberg County, SC from March 12th, 2026. The tornado formed near the intersection of HWY 601 and Harley Rd and continued east along Harley Road. Most of the damage occurred on a property at the intersection of HWY 601 and Harley Rd where multiple trees were downed and one large pine tree trunk was found snapped. The tornado continued into a field to the east, evident in the grass leaning in opposite directions, and lifted before reaching a wooded area east of the field.",CSV
202603,12,955,202603,12,955,210172,1315019,SOUTH CAROLINA,45,2026,March,Thunderstorm Wind,C,55,KERSHAW,CAE,12-MAR-26 09:55:00,EST-5,12-MAR-26 09:55:00,0,0,0,0,0.00K,0.00K,911 Call Center,52.00,EG,,,,,,,,,,1.33,NE,CAMDEN,1.33,NE,CAMDEN,34.2607,-80.5807,34.2607,-80.5807,"A southern stream shortwave phased with a digging northern stream upper trough over the OH/TN valleys the night of 3/11 into the morning of 3/12 bringing a strongly forced system into the forecast area. The environment ahead of this system was characterized by sufficient instability with MLCAPE values around 500 J/kg, 0-1km SRH values of 100-200 m2s2 and 0-6km shear of 60 knots. This environment combined with strong forcing supported a QLCS line that moved across the forecast area during the morning hours. Several damaging wind reports and a few tornadoes occurred.",Kershaw County dispatch reported numerous trees down throughout the county.,CSV
202603,16,840,202603,16,840,211228,1319809,SOUTH CAROLINA,45,2026,March,Thunderstorm Wind,C,37,EDGEFIELD,CAE,16-MAR-26 08:40:00,EST-5,16-MAR-26 08:40:00,0,0,0,0,0.00K,0.00K,Department of Highways,52.00,EG,,,,,,,,,,3.48,W,JOHNSTON,3.48,W,JOHNSTON,33.8286,-81.8407,33.8286,-81.8407,Strong upper trough moving into the area with limited instability trigged convection during the mid morning hours resulting in isolated severe storms with mainly wind damage reports.,SCDOT in Edgefield County reported trees down on Blanch Baptist Rd. Time estimated by radar.,CSV
202603,16,728,202603,16,730,212185,1326653,SOUTH CAROLINA,45,2026,March,Thunderstorm Wind,C,21,CHEROKEE,GSP,16-MAR-26 07:28:00,EST-5,16-MAR-26 07:30:00,0,0,0,0,25.00K,0.00K,NWS Storm Survey,65.00,EG,,,,,,,,,,1.12,SSW,GAFFNEY CHEROKEE ARP,1.1,NW,GAFFNEY,35.086,-81.66,35.079,-81.646,"A line of showers and thunderstorms, with embedded strong-to-severe storms moved across upstate South Carolina through the morning into the early afternoon. Sporadic pockets of damaging wind gusts occurred, including an area of significant damage in Gaffney.","NWS storm survey found an area of straight-line wind damage in Gaffney. Damage was first observed within the city limits, where corrugated metal roof panels, wooden joists, and fascia were ripped off the front of a small business along West Frederick Street. The wind also shifted the exterior metal wall of a nearby auto parts store, causing the corner panels to buckle and separate. East of there, a large tree was uprooted next to a house between Marion Avenue and Mill Street.",CSV
202604,30,440,202604,30,440,211603,1322089,SOUTH CAROLINA,45,2026,April,Thunderstorm Wind,C,3,AIKEN,CAE,30-APR-26 04:40:00,EST-5,30-APR-26 04:40:00,0,0,0,0,0.00K,0.00K,State Official,52.00,EG,,,,,,,,,,4,ESE,TALATHA,4,ESE,TALATHA,33.3843,-81.6133,33.3843,-81.6133,During the early morning hours on April 30th a line of thunderstorms moved through the Central Savannah River Area producing an isolated incident of wind damage in the vicinity of the Savannah River Site where a 200ft tower measured a wind gust of 78 mph. The atmosphere was weakly unstable with SBCAPE values approaching 1000 J/kg and 0-6km shear around 40 knots. PWAT values were around 1.3 inches.,Aiken County Sheriff Office reported trees down along Hwy 278 and Boggy Gut Rd. Time estimated by radar.,CSV
202604,1,0,202604,30,2359,212645,1330231,SOUTH CAROLINA,45,2026,April,Drought,Z,106,CENTRAL GREENVILLE,GSP,01-APR-26 00:00:00,EST-5,30-APR-26 23:59:00,0,0,0,0,0.00K,,Drought Monitor,,,,,,,,,,,,,,,,,,,,,,"A protracted period of abnormally dry weather that began in autumn of 2025 and continued through the winter culminated in extreme drought conditions across much of  upstate South Carolina by early spring. Monthly precipitation was anywhere from 25 percent to 75 percent of normal for seven consecutive months beginning in September 2025. The September through March period was one of the top 5 driest on record across much of the area. Portions of the Piedmont saw their driest September-through-March on record. Unusually warm weather in March and April of 2026 further contributed to evolving drought conditions. Both months were among the top 5 warmest on record at most major climate sites across the region. By early April, streamflow across the region was 25 to 50 percent of normal. Soil moisture levels were extremely low and only poor-to-fair crop conditions were reported during the critical spring planting period. Despite the very warm and dry conditions, occurrence of large wildfires was limited, likely due to a statewide burn ban that was instituted in late March.",,CSV
202604,1,0,202604,30,2359,212645,1330232,SOUTH CAROLINA,45,2026,April,Drought,Z,8,CHEROKEE,GSP,01-APR-26 00:00:00,EST-5,30-APR-26 23:59:00,0,0,0,0,0.00K,,Drought Monitor,,,,,,,,,,,,,,,,,,,,,,"A protracted period of abnormally dry weather that began in autumn of 2025 and continued through the winter culminated in extreme drought conditions across much of  upstate South Carolina by early spring. Monthly precipitation was anywhere from 25 percent to 75 percent of normal for seven consecutive months beginning in September 2025. The September through March period was one of the top 5 driest on record across much of the area. Portions of the Piedmont saw their driest September-through-March on record. Unusually warm weather in March and April of 2026 further contributed to evolving drought conditions. Both months were among the top 5 warmest on record at most major climate sites across the region. By early April, streamflow across the region was 25 to 50 percent of normal. Soil moisture levels were extremely low and only poor-to-fair crop conditions were reported during the critical spring planting period. Despite the very warm and dry conditions, occurrence of large wildfires was limited, likely due to a statewide burn ban that was instituted in late March.",,CSV
202604,1,0,202604,30,2359,212645,1330229,SOUTH CAROLINA,45,2026,April,Drought,Z,11,ABBEVILLE,GSP,01-APR-26 00:00:00,EST-5,30-APR-26 23:59:00,0,0,0,0,0.00K,,Drought Monitor,,,,,,,,,,,,,,,,,,,,,,"A protracted period of abnormally dry weather that began in autumn of 2025 and continued through the winter culminated in extreme drought conditions across much of  upstate South Carolina by early spring. Monthly precipitation was anywhere from 25 percent to 75 percent of normal for seven consecutive months beginning in September 2025. The September through March period was one of the top 5 driest on record across much of the area. Portions of the Piedmont saw their driest September-through-March on record. Unusually warm weather in March and April of 2026 further contributed to evolving drought conditions. Both months were among the top 5 warmest on record at most major climate sites across the region. By early April, streamflow across the region was 25 to 50 percent of normal. Soil moisture levels were extremely low and only poor-to-fair crop conditions were reported during the critical spring planting period. Despite the very warm and dry conditions, occurrence of large wildfires was limited, likely due to a statewide burn ban that was instituted in late March.",,CSV
202604,1,0,202604,30,2359,212645,1330230,SOUTH CAROLINA,45,2026,April,Drought,Z,10,ANDERSON,GSP,01-APR-26 00:00:00,EST-5,30-APR-26 23:59:00,0,0,0,0,0.00K,,Drought Monitor,,,,,,,,,,,,,,,,,,,,,,"A protracted period of abnormally dry weather that began in autumn of 2025 and continued through the winter culminated in extreme drought conditions across much of  upstate South Carolina by early spring. Monthly precipitation was anywhere from 25 percent to 75 percent of normal for seven consecutive months beginning in September 2025. The September through March period was one of the top 5 driest on record across much of the area. Portions of the Piedmont saw their driest September-through-March on record. Unusually warm weather in March and April of 2026 further contributed to evolving drought conditions. Both months were among the top 5 warmest on record at most major climate sites across the region. By early April, streamflow across the region was 25 to 50 percent of normal. Soil moisture levels were extremely low and only poor-to-fair crop conditions were reported during the critical spring planting period. Despite the very warm and dry conditions, occurrence of large wildfires was limited, likely due to a statewide burn ban that was instituted in late March.",,CSV
202604,1,0,202604,30,2359,212645,1330233,SOUTH CAROLINA,45,2026,April,Drought,Z,14,CHESTER,GSP,01-APR-26 00:00:00,EST-5,30-APR-26 23:59:00,0,0,0,0,0.00K,,Drought Monitor,,,,,,,,,,,,,,,,,,,,,,"A protracted period of abnormally dry weather that began in autumn of 2025 and continued through the winter culminated in extreme drought conditions across much of  upstate South Carolina by early spring. Monthly precipitation was anywhere from 25 percent to 75 percent of normal for seven consecutive months beginning in September 2025. The September through March period was one of the top 5 driest on record across much of the area. Portions of the Piedmont saw their driest September-through-March on record. Unusually warm weather in March and April of 2026 further contributed to evolving drought conditions. Both months were among the top 5 warmest on record at most major climate sites across the region. By early April, streamflow across the region was 25 to 50 percent of normal. Soil moisture levels were extremely low and only poor-to-fair crop conditions were reported during the critical spring planting period. Despite the very warm and dry conditions, occurrence of large wildfires was limited, likely due to a statewide burn ban that was instituted in late March.",,CSV
202604,1,0,202604,30,2359,212645,1330234,SOUTH CAROLINA,45,2026,April,Drought,Z,104,GREATER OCONEE,GSP,01-APR-26 00:00:00,EST-5,30-APR-26 23:59:00,0,0,0,0,0.00K,,Drought Monitor,,,,,,,,,,,,,,,,,,,,,,"A protracted period of abnormally dry weather that began in autumn of 2025 and continued through the winter culminated in extreme drought conditions across much of  upstate South Carolina by early spring. Monthly precipitation was anywhere from 25 percent to 75 percent of normal for seven consecutive months beginning in September 2025. The September through March period was one of the top 5 driest on record across much of the area. Portions of the Piedmont saw their driest September-through-March on record. Unusually warm weather in March and April of 2026 further contributed to evolving drought conditions. Both months were among the top 5 warmest on record at most major climate sites across the region. By early April, streamflow across the region was 25 to 50 percent of normal. Soil moisture levels were extremely low and only poor-to-fair crop conditions were reported during the critical spring planting period. Despite the very warm and dry conditions, occurrence of large wildfires was limited, likely due to a statewide burn ban that was instituted in late March.",,CSV
202604,1,0,202604,30,2359,212645,1330237,SOUTH CAROLINA,45,2026,April,Drought,Z,19,GREENWOOD,GSP,01-APR-26 00:00:00,EST-5,30-APR-26 23:59:00,0,0,0,0,0.00K,,Drought Monitor,,,,,,,,,,,,,,,,,,,,,,"A protracted period of abnormally dry weather that began in autumn of 2025 and continued through the winter culminated in extreme drought conditions across much of  upstate South Carolina by early spring. Monthly precipitation was anywhere from 25 percent to 75 percent of normal for seven consecutive months beginning in September 2025. The September through March period was one of the top 5 driest on record across much of the area. Portions of the Piedmont saw their driest September-through-March on record. Unusually warm weather in March and April of 2026 further contributed to evolving drought conditions. Both months were among the top 5 warmest on record at most major climate sites across the region. By early April, streamflow across the region was 25 to 50 percent of normal. Soil moisture levels were extremely low and only poor-to-fair crop conditions were reported during the critical spring planting period. Despite the very warm and dry conditions, occurrence of large wildfires was limited, likely due to a statewide burn ban that was instituted in late March.",,CSV
202604,1,0,202604,30,2359,212645,1330238,SOUTH CAROLINA,45,2026,April,Drought,Z,12,LAURENS,GSP,01-APR-26 00:00:00,EST-5,30-APR-26 23:59:00,0,0,0,0,0.00K,,Drought Monitor,,,,,,,,,,,,,,,,,,,,,,"A protracted period of abnormally dry weather that began in autumn of 2025 and continued through the winter culminated in extreme drought conditions across much of  upstate South Carolina by early spring. Monthly precipitation was anywhere from 25 percent to 75 percent of normal for seven consecutive months beginning in September 2025. The September through March period was one of the top 5 driest on record across much of the area. Portions of the Piedmont saw their driest September-through-March on record. Unusually warm weather in March and April of 2026 further contributed to evolving drought conditions. Both months were among the top 5 warmest on record at most major climate sites across the region. By early April, streamflow across the region was 25 to 50 percent of normal. Soil moisture levels were extremely low and only poor-to-fair crop conditions were reported during the critical spring planting period. Despite the very warm and dry conditions, occurrence of large wildfires was limited, likely due to a statewide burn ban that was instituted in late March.",,CSV
202604,1,0,202604,30,2359,212645,1330241,SOUTH CAROLINA,45,2026,April,Drought,Z,102,PICKENS MOUNTAINS,GSP,01-APR-26 00:00:00,EST-5,30-APR-26 23:59:00,0,0,0,0,0.00K,,Drought Monitor,,,,,,,,,,,,,,,,,,,,,,"A protracted period of abnormally dry weather that began in autumn of 2025 and continued through the winter culminated in extreme drought conditions across much of  upstate South Carolina by early spring. Monthly precipitation was anywhere from 25 percent to 75 percent of normal for seven consecutive months beginning in September 2025. The September through March period was one of the top 5 driest on record across much of the area. Portions of the Piedmont saw their driest September-through-March on record. Unusually warm weather in March and April of 2026 further contributed to evolving drought conditions. Both months were among the top 5 warmest on record at most major climate sites across the region. By early April, streamflow across the region was 25 to 50 percent of normal. Soil moisture levels were extremely low and only poor-to-fair crop conditions were reported during the critical spring planting period. Despite the very warm and dry conditions, occurrence of large wildfires was limited, likely due to a statewide burn ban that was instituted in late March.",,CSV
202604,1,0,202604,30,2359,212645,1330242,SOUTH CAROLINA,45,2026,April,Drought,Z,107,SOUTHERN GREENVILLE,GSP,01-APR-26 00:00:00,EST-5,30-APR-26 23:59:00,0,0,0,0,0.00K,,Drought Monitor,,,,,,,,,,,,,,,,,,,,,,"A protracted period of abnormally dry weather that began in autumn of 2025 and continued through the winter culminated in extreme drought conditions across much of  upstate South Carolina by early spring. Monthly precipitation was anywhere from 25 percent to 75 percent of normal for seven consecutive months beginning in September 2025. The September through March period was one of the top 5 driest on record across much of the area. Portions of the Piedmont saw their driest September-through-March on record. Unusually warm weather in March and April of 2026 further contributed to evolving drought conditions. Both months were among the top 5 warmest on record at most major climate sites across the region. By early April, streamflow across the region was 25 to 50 percent of normal. Soil moisture levels were extremely low and only poor-to-fair crop conditions were reported during the critical spring planting period. Despite the very warm and dry conditions, occurrence of large wildfires was limited, likely due to a statewide burn ban that was instituted in late March.",,CSV
202604,1,0,202604,30,2359,212645,1330245,SOUTH CAROLINA,45,2026,April,Drought,Z,9,YORK,GSP,01-APR-26 00:00:00,EST-5,30-APR-26 23:59:00,0,0,0,0,0.00K,,Drought Monitor,,,,,,,,,,,,,,,,,,,,,,"A protracted period of abnormally dry weather that began in autumn of 2025 and continued through the winter culminated in extreme drought conditions across much of  upstate South Carolina by early spring. Monthly precipitation was anywhere from 25 percent to 75 percent of normal for seven consecutive months beginning in September 2025. The September through March period was one of the top 5 driest on record across much of the area. Portions of the Piedmont saw their driest September-through-March on record. Unusually warm weather in March and April of 2026 further contributed to evolving drought conditions. Both months were among the top 5 warmest on record at most major climate sites across the region. By early April, streamflow across the region was 25 to 50 percent of normal. Soil moisture levels were extremely low and only poor-to-fair crop conditions were reported during the critical spring planting period. Despite the very warm and dry conditions, occurrence of large wildfires was limited, likely due to a statewide burn ban that was instituted in late March.",,CSV
202604,5,1330,202604,5,1330,210788,1316375,SOUTH CAROLINA,45,2026,April,Thunderstorm Wind,C,67,MARION,ILM,05-APR-26 13:30:00,EST-5,05-APR-26 13:30:00,0,0,0,0,0.00K,0.00K,Amateur Radio,50.00,EG,,,,,,,,,,4.15,N,SPRING BRANCH,4.15,N,SPRING BRANCH,34.29,-79.38,34.29,-79.38,Storms formed a broken line along a cold front in an unseasonably warm airmass.,"One tree was felled and another snapped in Temperance Hill, SC.",CSV
202604,1,0,202604,30,2359,212645,1330235,SOUTH CAROLINA,45,2026,April,Drought,Z,105,GREATER PICKENS,GSP,01-APR-26 00:00:00,EST-5,30-APR-26 23:59:00,0,0,0,0,0.00K,,Drought Monitor,,,,,,,,,,,,,,,,,,,,,,"A protracted period of abnormally dry weather that began in autumn of 2025 and continued through the winter culminated in extreme drought conditions across much of  upstate South Carolina by early spring. Monthly precipitation was anywhere from 25 percent to 75 percent of normal for seven consecutive months beginning in September 2025. The September through March period was one of the top 5 driest on record across much of the area. Portions of the Piedmont saw their driest September-through-March on record. Unusually warm weather in March and April of 2026 further contributed to evolving drought conditions. Both months were among the top 5 warmest on record at most major climate sites across the region. By early April, streamflow across the region was 25 to 50 percent of normal. Soil moisture levels were extremely low and only poor-to-fair crop conditions were reported during the critical spring planting period. Despite the very warm and dry conditions, occurrence of large wildfires was limited, likely due to a statewide burn ban that was instituted in late March.",,CSV
202604,1,0,202604,30,2359,212645,1330236,SOUTH CAROLINA,45,2026,April,Drought,Z,103,GREENVILLE MOUNTAINS,GSP,01-APR-26 00:00:00,EST-5,30-APR-26 23:59:00,0,0,0,0,0.00K,,Drought Monitor,,,,,,,,,,,,,,,,,,,,,,"A protracted period of abnormally dry weather that began in autumn of 2025 and continued through the winter culminated in extreme drought conditions across much of  upstate South Carolina by early spring. Monthly precipitation was anywhere from 25 percent to 75 percent of normal for seven consecutive months beginning in September 2025. The September through March period was one of the top 5 driest on record across much of the area. Portions of the Piedmont saw their driest September-through-March on record. Unusually warm weather in March and April of 2026 further contributed to evolving drought conditions. Both months were among the top 5 warmest on record at most major climate sites across the region. By early April, streamflow across the region was 25 to 50 percent of normal. Soil moisture levels were extremely low and only poor-to-fair crop conditions were reported during the critical spring planting period. Despite the very warm and dry conditions, occurrence of large wildfires was limited, likely due to a statewide burn ban that was instituted in late March.",,CSV
202604,1,0,202604,30,2359,212645,1330239,SOUTH CAROLINA,45,2026,April,Drought,Z,108,NORTHERN SPARTANBURG,GSP,01-APR-26 00:00:00,EST-5,30-APR-26 23:59:00,0,0,0,0,0.00K,,Drought Monitor,,,,,,,,,,,,,,,,,,,,,,"A protracted period of abnormally dry weather that began in autumn of 2025 and continued through the winter culminated in extreme drought conditions across much of  upstate South Carolina by early spring. Monthly precipitation was anywhere from 25 percent to 75 percent of normal for seven consecutive months beginning in September 2025. The September through March period was one of the top 5 driest on record across much of the area. Portions of the Piedmont saw their driest September-through-March on record. Unusually warm weather in March and April of 2026 further contributed to evolving drought conditions. Both months were among the top 5 warmest on record at most major climate sites across the region. By early April, streamflow across the region was 25 to 50 percent of normal. Soil moisture levels were extremely low and only poor-to-fair crop conditions were reported during the critical spring planting period. Despite the very warm and dry conditions, occurrence of large wildfires was limited, likely due to a statewide burn ban that was instituted in late March.",,CSV
202604,1,0,202604,30,2359,212645,1330240,SOUTH CAROLINA,45,2026,April,Drought,Z,101,OCONEE MOUNTAINS,GSP,01-APR-26 00:00:00,EST-5,30-APR-26 23:59:00,0,0,0,0,0.00K,,Drought Monitor,,,,,,,,,,,,,,,,,,,,,,"A protracted period of abnormally dry weather that began in autumn of 2025 and continued through the winter culminated in extreme drought conditions across much of  upstate South Carolina by early spring. Monthly precipitation was anywhere from 25 percent to 75 percent of normal for seven consecutive months beginning in September 2025. The September through March period was one of the top 5 driest on record across much of the area. Portions of the Piedmont saw their driest September-through-March on record. Unusually warm weather in March and April of 2026 further contributed to evolving drought conditions. Both months were among the top 5 warmest on record at most major climate sites across the region. By early April, streamflow across the region was 25 to 50 percent of normal. Soil moisture levels were extremely low and only poor-to-fair crop conditions were reported during the critical spring planting period. Despite the very warm and dry conditions, occurrence of large wildfires was limited, likely due to a statewide burn ban that was instituted in late March.",,CSV
202604,1,0,202604,30,2359,212645,1330243,SOUTH CAROLINA,45,2026,April,Drought,Z,109,SOUTHERN SPARTANBURG,GSP,01-APR-26 00:00:00,EST-5,30-APR-26 23:59:00,0,0,0,0,0.00K,,Drought Monitor,,,,,,,,,,,,,,,,,,,,,,"A protracted period of abnormally dry weather that began in autumn of 2025 and continued through the winter culminated in extreme drought conditions across much of  upstate South Carolina by early spring. Monthly precipitation was anywhere from 25 percent to 75 percent of normal for seven consecutive months beginning in September 2025. The September through March period was one of the top 5 driest on record across much of the area. Portions of the Piedmont saw their driest September-through-March on record. Unusually warm weather in March and April of 2026 further contributed to evolving drought conditions. Both months were among the top 5 warmest on record at most major climate sites across the region. By early April, streamflow across the region was 25 to 50 percent of normal. Soil moisture levels were extremely low and only poor-to-fair crop conditions were reported during the critical spring planting period. Despite the very warm and dry conditions, occurrence of large wildfires was limited, likely due to a statewide burn ban that was instituted in late March.",,CSV
202604,1,0,202604,30,2359,212645,1330244,SOUTH CAROLINA,45,2026,April,Drought,Z,13,UNION,GSP,01-APR-26 00:00:00,EST-5,30-APR-26 23:59:00,0,0,0,0,0.00K,,Drought Monitor,,,,,,,,,,,,,,,,,,,,,,"A protracted period of abnormally dry weather that began in autumn of 2025 and continued through the winter culminated in extreme drought conditions across much of  upstate South Carolina by early spring. Monthly precipitation was anywhere from 25 percent to 75 percent of normal for seven consecutive months beginning in September 2025. The September through March period was one of the top 5 driest on record across much of the area. Portions of the Piedmont saw their driest September-through-March on record. Unusually warm weather in March and April of 2026 further contributed to evolving drought conditions. Both months were among the top 5 warmest on record at most major climate sites across the region. By early April, streamflow across the region was 25 to 50 percent of normal. Soil moisture levels were extremely low and only poor-to-fair crop conditions were reported during the critical spring planting period. Despite the very warm and dry conditions, occurrence of large wildfires was limited, likely due to a statewide burn ban that was instituted in late March.",,CSV
202604,30,818,202604,30,818,212044,1325489,SOUTH CAROLINA,45,2026,April,Lightning,C,51,HORRY,ILM,30-APR-26 08:18:00,EST-5,30-APR-26 08:18:00,0,0,0,0,5.00K,0.00K,Broadcast Media,,,,,,,,,,,,2.4,ENE,BUCKSVILLE,2.4,ENE,BUCKSVILLE,33.73,-79.03,33.73,-79.03,"A home was damaged by lightning in Socastee, SC.","Lightning struck a home on Farrier Drive, causing damage and displacing three people.",CSV
202604,30,636,202604,30,636,211571,1321792,SOUTH CAROLINA,45,2026,April,Hail,C,15,BERKELEY,CHS,30-APR-26 06:36:00,EST-5,30-APR-26 06:36:00,0,0,0,0,0.00K,0.00K,Public,1.00,,,,,,,,,,,2.7,WNW,WANDO,2.7,WNW,WANDO,32.92,-79.86,32.92,-79.86,A well-defined shortwave embedded within a zonal flow along with mid-level lapse rates around 7 C/km and mid-level flow around 40 knots supported strong thunderstorms capable of producing marginally severe hail.,"The public provided a picture showing hail up to the size of quarters near Cainhoy, South Carolina.",CSV
202602,22,1437,202602,22,1437,210910,1317991,SOUTH CAROLINA,45,2026,February,Strong Wind,Z,43,NORTHERN COLLETON,CHS,22-FEB-26 14:37:00,EST-5,22-FEB-26 14:37:00,0,0,0,0,,,Emergency Manager,35.00,EG,,,,,,,,,,,,,,,,,,,,Strong cold air advection in wake of a passing cold front led to gusty wind conditions capable of producing damage across Southeast South Carolina.,"Emergency management reported power lines down at the intersection of Cavanaugh and Black Creek Road, which resulted in a fire.",CSV
202602,22,1437,202602,22,1437,210910,1319077,SOUTH CAROLINA,45,2026,February,Strong Wind,Z,43,NORTHERN COLLETON,CHS,22-FEB-26 14:37:00,EST-5,22-FEB-26 14:37:00,0,0,0,0,,,Emergency Manager,43.00,EG,,,,,,,,,,,,,,,,,,,,Strong cold air advection in wake of a passing cold front led to gusty wind conditions capable of producing damage across Southeast South Carolina.,Emergency management reported trees down and blocking both lanes near the intersection of Benton Farm Road and Rentz Drive.,CSV
202602,22,1438,202602,22,1438,210910,1319097,SOUTH CAROLINA,45,2026,February,Strong Wind,Z,43,NORTHERN COLLETON,CHS,22-FEB-26 14:38:00,EST-5,22-FEB-26 14:38:00,0,0,0,0,,,Emergency Manager,43.00,EG,,,,,,,,,,,,,,,,,,,,Strong cold air advection in wake of a passing cold front led to gusty wind conditions capable of producing damage across Southeast South Carolina.,Emergency management reported trees down and blocking one lane near the intersection of Green Pond Highway and Possum Corner Road.,CSV
202602,22,1510,202602,22,1510,210910,1319116,SOUTH CAROLINA,45,2026,February,Strong Wind,Z,43,NORTHERN COLLETON,CHS,22-FEB-26 15:10:00,EST-5,22-FEB-26 15:10:00,0,0,0,0,,,Emergency Manager,39.00,EG,,,,,,,,,,,,,,,,,,,,Strong cold air advection in wake of a passing cold front led to gusty wind conditions capable of producing damage across Southeast South Carolina.,Emergency management reported a tree down and blocking one lane near the intersection of Augusta Highway and Powder Horn Lane.,CSV
202602,22,1530,202602,22,1530,210910,1319119,SOUTH CAROLINA,45,2026,February,Strong Wind,Z,43,NORTHERN COLLETON,CHS,22-FEB-26 15:30:00,EST-5,22-FEB-26 15:30:00,0,0,0,0,,,Emergency Manager,39.00,EG,,,,,,,,,,,,,,,,,,,,Strong cold air advection in wake of a passing cold front led to gusty wind conditions capable of producing damage across Southeast South Carolina.,Emergency management reported a tree down and blocking both lanes near the intersection of Bells Highway and Hydrick Road.,CSV
202602,22,1532,202602,22,1532,210910,1319120,SOUTH CAROLINA,45,2026,February,Strong Wind,Z,43,NORTHERN COLLETON,CHS,22-FEB-26 15:32:00,EST-5,22-FEB-26 15:32:00,0,0,0,0,,,Emergency Manager,35.00,EG,,,,,,,,,,,,,,,,,,,,Strong cold air advection in wake of a passing cold front led to gusty wind conditions capable of producing damage across Southeast South Carolina.,Emergency management reported power lines down and blocking both lanes near the intersection of Lodge Highway and Beulah Road.,CSV
202602,22,1538,202602,22,1538,210910,1319121,SOUTH CAROLINA,45,2026,February,Strong Wind,Z,43,NORTHERN COLLETON,CHS,22-FEB-26 15:38:00,EST-5,22-FEB-26 15:38:00,0,0,0,0,,,Emergency Manager,39.00,EG,,,,,,,,,,,,,,,,,,,,Strong cold air advection in wake of a passing cold front led to gusty wind conditions capable of producing damage across Southeast South Carolina.,"Emergency management reported a tree down and blocking both lanes north of Walterboro, SC.",CSV
202602,22,1558,202602,22,1558,210910,1319370,SOUTH CAROLINA,45,2026,February,Strong Wind,Z,43,NORTHERN COLLETON,CHS,22-FEB-26 15:58:00,EST-5,22-FEB-26 15:58:00,0,0,0,0,,,Emergency Manager,39.00,EG,,,,,,,,,,,,,,,,,,,,Strong cold air advection in wake of a passing cold front led to gusty wind conditions capable of producing damage across Southeast South Carolina.,"Emergency management reported a tree down and blocking one lane of a road west of Walterboro, SC.",CSV
202602,22,1749,202602,22,1749,210910,1319373,SOUTH CAROLINA,45,2026,February,Strong Wind,Z,43,NORTHERN COLLETON,CHS,22-FEB-26 17:49:00,EST-5,22-FEB-26 17:49:00,0,0,0,0,,,Emergency Manager,39.00,EG,,,,,,,,,,,,,,,,,,,,Strong cold air advection in wake of a passing cold front led to gusty wind conditions capable of producing damage across Southeast South Carolina.,Emergency management reported a tree down and blocking both lanes near the intersection of Cottageville Highway and Merrick Drive.,CSV
202602,22,1911,202602,22,1911,210910,1319374,SOUTH CAROLINA,45,2026,February,Strong Wind,Z,43,NORTHERN COLLETON,CHS,22-FEB-26 19:11:00,EST-5,22-FEB-26 19:11:00,0,0,0,0,,,Emergency Manager,39.00,EG,,,,,,,,,,,,,,,,,,,,Strong cold air advection in wake of a passing cold front led to gusty wind conditions capable of producing damage across Southeast South Carolina.,Emergency management reported a tree down and blocking one lane near the intersection of Rehoboth Road and Hughes Drive.,CSV
202602,1,0,202602,1,300,211262,1319956,SOUTH CAROLINA,45,2026,February,Heavy Snow,Z,16,CHESTERFIELD,CAE,01-FEB-26 00:00:00,EST-5,01-FEB-26 03:00:00,0,0,0,0,,,COOP Observer,,,,,,,,,,,,,,,,,,,,,,"A unique snow setup for South Carolina continued into February 1st as a strong coastal low strengthening offshore, while a upper level disturbance shifted over our area. This provided sufficient synoptic and mesoscale lift to continue across portions of northern and eastern SC with unusually high snow to liquid ratios between 15-20 to 1 and highest amounts in the Pee Dee region of SC.",Multiple measurements across the county of between 3 and 9 inches of storm total snowfall with snow continuing to accumulate into February 1st. Highest measured amount in the county was 8.9 inches near Jefferson for storm total.,CSV
202602,1,0,202602,1,300,211262,1319958,SOUTH CAROLINA,45,2026,February,Heavy Snow,Z,31,SUMTER,CAE,01-FEB-26 00:00:00,EST-5,01-FEB-26 03:00:00,0,0,0,0,,,CoCoRaHS,,,,,,,,,,,,,,,,,,,,,,"A unique snow setup for South Carolina continued into February 1st as a strong coastal low strengthening offshore, while a upper level disturbance shifted over our area. This provided sufficient synoptic and mesoscale lift to continue across portions of northern and eastern SC with unusually high snow to liquid ratios between 15-20 to 1 and highest amounts in the Pee Dee region of SC.",Multiple measurements across the county of between 2 and 5.5 inches of storm total snow with snow accumulating into February 1st. Highest measured amount in the county was 5.5 inches near Dalzell.,CSV
202602,1,0,202602,1,600,210908,1320474,SOUTH CAROLINA,45,2026,February,Extreme Cold/Wind Chill,Z,45,INLAND BERKELEY,CHS,01-FEB-26 00:00:00,EST-5,01-FEB-26 06:00:00,0,0,0,0,,,Mesonet,,,,,,,,,,,,,,,,,,,,,,"A winter storm impacted much of southeast South Carolina with significant snow accumulations on January 31st along with very cold wind chill temperatures persisting into late morning February 1st. An area of low pressure shifted off the Southeast Coast while deepening, ushering in a very cold air mass across the region. The depth of cold air was sufficient to support snow as the primary precipitation type during afternoon and evening hours on January 31st. Snow accumulation ended by midnight on January 31st, but hazardous traveling conditions and very cold wind chill temperatures persisted through morning hours on February 1st.",The local criteria for an Extreme Cold Warning is temperature or wind chill of 10 degrees or less. A wind chill temperature of 10 degrees or less was ongoing at the Huger mesonet site and at the Berkeley County Airport (KMKS).,CSV
202602,22,1439,202602,22,1439,210910,1319102,SOUTH CAROLINA,45,2026,February,Strong Wind,Z,43,NORTHERN COLLETON,CHS,22-FEB-26 14:39:00,EST-5,22-FEB-26 14:39:00,0,0,0,0,,,Emergency Manager,39.00,EG,,,,,,,,,,,,,,,,,,,,Strong cold air advection in wake of a passing cold front led to gusty wind conditions capable of producing damage across Southeast South Carolina.,"Emergency management reported a tree down and blocking one lane near Walterboro, SC.",CSV
202602,22,1439,202602,22,1439,210910,1319104,SOUTH CAROLINA,45,2026,February,Strong Wind,Z,43,NORTHERN COLLETON,CHS,22-FEB-26 14:39:00,EST-5,22-FEB-26 14:39:00,0,0,0,0,,,Emergency Manager,39.00,EG,,,,,,,,,,,,,,,,,,,,Strong cold air advection in wake of a passing cold front led to gusty wind conditions capable of producing damage across Southeast South Carolina.,"Emergency management reported a tree down and blocking one lane northwest of Jacksonboro, SC.",CSV
202602,22,1527,202602,22,1527,210910,1319118,SOUTH CAROLINA,45,2026,February,Strong Wind,Z,43,NORTHERN COLLETON,CHS,22-FEB-26 15:27:00,EST-5,22-FEB-26 15:27:00,0,0,0,0,,,Emergency Manager,39.00,EG,,,,,,,,,,,,,,,,,,,,Strong cold air advection in wake of a passing cold front led to gusty wind conditions capable of producing damage across Southeast South Carolina.,Emergency management reported a tree down and blocking one lane near the intersection of Zion Road and Coolers Dairy Road.,CSV
202602,1,0,202602,1,300,211262,1319959,SOUTH CAROLINA,45,2026,February,Heavy Snow,Z,29,LEE,CAE,01-FEB-26 00:00:00,EST-5,01-FEB-26 03:00:00,0,0,0,0,,,CoCoRaHS,,,,,,,,,,,,,,,,,,,,,,"A unique snow setup for South Carolina continued into February 1st as a strong coastal low strengthening offshore, while a upper level disturbance shifted over our area. This provided sufficient synoptic and mesoscale lift to continue across portions of northern and eastern SC with unusually high snow to liquid ratios between 15-20 to 1 and highest amounts in the Pee Dee region of SC.",Multiple measurements across the county of between 2 and 5.3 inches of storm total snowfall with accumulating snow continuing into February 1st. Highest measured amount in the county was 5.3 inches near Bishopville.,CSV
202602,1,0,202602,1,230,211262,1319961,SOUTH CAROLINA,45,2026,February,Heavy Snow,Z,38,CLARENDON,CAE,01-FEB-26 00:00:00,EST-5,01-FEB-26 02:30:00,0,0,0,0,,,CoCoRaHS,,,,,,,,,,,,,,,,,,,,,,"A unique snow setup for South Carolina continued into February 1st as a strong coastal low strengthening offshore, while a upper level disturbance shifted over our area. This provided sufficient synoptic and mesoscale lift to continue across portions of northern and eastern SC with unusually high snow to liquid ratios between 15-20 to 1 and highest amounts in the Pee Dee region of SC.",Multiple measurements across the county of between 2 and 3.5 inches of storm total snowfall with snow accumulating into February 1st. Highest measured amount in the county was 3.1 near Manning.,CSV
202602,1,0,202602,1,230,211262,1319957,SOUTH CAROLINA,45,2026,February,Heavy Snow,Z,22,KERSHAW,CAE,01-FEB-26 00:00:00,EST-5,01-FEB-26 02:30:00,0,0,0,0,,,COOP Observer,,,,,,,,,,,,,,,,,,,,,,"A unique snow setup for South Carolina continued into February 1st as a strong coastal low strengthening offshore, while a upper level disturbance shifted over our area. This provided sufficient synoptic and mesoscale lift to continue across portions of northern and eastern SC with unusually high snow to liquid ratios between 15-20 to 1 and highest amounts in the Pee Dee region of SC.","Multiple measurements across the county from COOP, CoCoRAHS, public, and spotters of between 2 to 5 inches of storm total snowfall with snow accumulating into February 1st. Highest measured amount in the county was 5 inches near Lugoff for storm total.",CSV
202602,1,0,202602,1,810,210908,1320097,SOUTH CAROLINA,45,2026,February,Extreme Cold/Wind Chill,Z,48,BEAUFORT,CHS,01-FEB-26 00:00:00,EST-5,01-FEB-26 08:10:00,1,0,1,0,0.00K,0.00K,State Official,,,,,,,,,,,,,,,,,,,,,,"A winter storm impacted much of southeast South Carolina with significant snow accumulations on January 31st along with very cold wind chill temperatures persisting into late morning February 1st. An area of low pressure shifted off the Southeast Coast while deepening, ushering in a very cold air mass across the region. The depth of cold air was sufficient to support snow as the primary precipitation type during afternoon and evening hours on January 31st. Snow accumulation ended by midnight on January 31st, but hazardous traveling conditions and very cold wind chill temperatures persisted through morning hours on February 1st.","The local criteria for an Extreme Cold Warning is temperature or wind chill of 10 degrees or less. A wind chill temperature of 10 degrees or less was ongoing at the Beaufort Marine Corps Air Station (KNBC), the Beaufort WeatherSTEM site (1190W) and the Beaufort Weatherflow site (XBUF) at 12 AM EST. The wind chill temperature first fell to 10 degrees or less at the Calibogue Sound Weatherflow site (XCLB) at 236 AM EST and at the Hilton Head Island Airport (KHXB) at 455 AM EST. The South Carolina Department of Public Health reported a fatality due to hypothermia associated with this event.",CSV
202602,1,0,202602,1,855,210908,1320451,SOUTH CAROLINA,45,2026,February,Extreme Cold/Wind Chill,Z,40,ALLENDALE,CHS,01-FEB-26 00:00:00,EST-5,01-FEB-26 08:55:00,0,0,0,0,,,AWOS,,,,,,,,,,,,,,,,,,,,,,"A winter storm impacted much of southeast South Carolina with significant snow accumulations on January 31st along with very cold wind chill temperatures persisting into late morning February 1st. An area of low pressure shifted off the Southeast Coast while deepening, ushering in a very cold air mass across the region. The depth of cold air was sufficient to support snow as the primary precipitation type during afternoon and evening hours on January 31st. Snow accumulation ended by midnight on January 31st, but hazardous traveling conditions and very cold wind chill temperatures persisted through morning hours on February 1st.",The local criteria for an Extreme Cold Warning is temperature or wind chill of 10 degrees or less. The wind chill temperature first fell to 10 degrees or less at the Allendale County Airport (KAQX) at 735 AM EST.,CSV
202602,1,0,202602,1,600,210908,1320475,SOUTH CAROLINA,45,2026,February,Extreme Cold/Wind Chill,Z,52,TIDAL BERKELEY,CHS,01-FEB-26 00:00:00,EST-5,01-FEB-26 06:00:00,0,0,0,0,,,Official NWS Observations,,,,,,,,,,,,,,,,,,,,,,"A winter storm impacted much of southeast South Carolina with significant snow accumulations on January 31st along with very cold wind chill temperatures persisting into late morning February 1st. An area of low pressure shifted off the Southeast Coast while deepening, ushering in a very cold air mass across the region. The depth of cold air was sufficient to support snow as the primary precipitation type during afternoon and evening hours on January 31st. Snow accumulation ended by midnight on January 31st, but hazardous traveling conditions and very cold wind chill temperatures persisted through morning hours on February 1st.",The local criteria for an Extreme Cold Warning is temperature or wind chill of 10 degrees or less. A wind chill temperature of 10 degrees or less was ongoing at the Cainhoy mesonet site.,CSV
202602,1,0,202602,1,756,210908,1320484,SOUTH CAROLINA,45,2026,February,Extreme Cold/Wind Chill,Z,50,CHARLESTON,CHS,01-FEB-26 00:00:00,EST-5,01-FEB-26 07:56:00,0,0,0,0,,,AWOS,,,,,,,,,,,,,,,,,,,,,,"A winter storm impacted much of southeast South Carolina with significant snow accumulations on January 31st along with very cold wind chill temperatures persisting into late morning February 1st. An area of low pressure shifted off the Southeast Coast while deepening, ushering in a very cold air mass across the region. The depth of cold air was sufficient to support snow as the primary precipitation type during afternoon and evening hours on January 31st. Snow accumulation ended by midnight on January 31st, but hazardous traveling conditions and very cold wind chill temperatures persisted through morning hours on February 1st.","The local criteria for an Extreme Cold Warning is temperature or wind chill of 10 degrees or less. A wind chill temperature of 10 degrees or less was ongoing at the Charleston Executive Airport (KJZI), the Charleston International Airport (KCHS), the Charleston Weatherflow site (XCHA), the Mount Pleasant Airport (KLRO), the Ace Basin RAWS site (ABRS1), the Folly South End Weatherflow site (XFSE), the West Ashley WeatherSTEM site (1187W), and the Botany Bay WeatherSTEM site (1648W) at 12 AM EST.",CSV
202602,1,0,202602,1,907,210908,1320499,SOUTH CAROLINA,45,2026,February,Extreme Cold/Wind Chill,Z,43,NORTHERN COLLETON,CHS,01-FEB-26 00:00:00,EST-5,01-FEB-26 09:07:00,0,0,0,0,,,AWOS,,,,,,,,,,,,,,,,,,,,,,"A winter storm impacted much of southeast South Carolina with significant snow accumulations on January 31st along with very cold wind chill temperatures persisting into late morning February 1st. An area of low pressure shifted off the Southeast Coast while deepening, ushering in a very cold air mass across the region. The depth of cold air was sufficient to support snow as the primary precipitation type during afternoon and evening hours on January 31st. Snow accumulation ended by midnight on January 31st, but hazardous traveling conditions and very cold wind chill temperatures persisted through morning hours on February 1st.",The local criteria for an Extreme Cold Warning is temperature or wind chill of 10 degrees or less. A wind chill temperature of 10 degrees or less was ongoing at the Walterboro Airport (KRBW) and the Combahee RAWS site (COBS1). The wind chill temperature first fell to 10 degrees or less at the Walterboro RAWS site (WTBS1) at 307 AM EST.,CSV
202602,1,0,202602,1,1100,211482,1321204,SOUTH CAROLINA,45,2026,February,Cold/Wind Chill,Z,11,ABBEVILLE,GSP,01-FEB-26 00:00:00,EST-5,01-FEB-26 11:00:00,0,0,0,0,0.00K,0.00K,Mesonet,,,,,,,,,,,,,,,,,,,,,,Dangerous cold that began during the morning of the 31st across the South Carolina  Piedmont and foothills continued through the morning of the 1st. Winds gusting in the 20 to 35 mph range combined with air temperatures in the teens and single digits to result in minimum wind chills from -5 to 5 above across the area.,,CSV
202602,1,0,202602,1,655,210908,1320500,SOUTH CAROLINA,45,2026,February,Extreme Cold/Wind Chill,Z,44,DORCHESTER,CHS,01-FEB-26 00:00:00,EST-5,01-FEB-26 06:55:00,0,0,0,0,,,AWOS,,,,,,,,,,,,,,,,,,,,,,"A winter storm impacted much of southeast South Carolina with significant snow accumulations on January 31st along with very cold wind chill temperatures persisting into late morning February 1st. An area of low pressure shifted off the Southeast Coast while deepening, ushering in a very cold air mass across the region. The depth of cold air was sufficient to support snow as the primary precipitation type during afternoon and evening hours on January 31st. Snow accumulation ended by midnight on January 31st, but hazardous traveling conditions and very cold wind chill temperatures persisted through morning hours on February 1st.",The local criteria for an Extreme Cold Warning is temperature or wind chill of 10 degrees or less. A wind chill temperature of 10 degrees or less was ongoing at the Summerville Airport (KDYB) and at the Summerville mesonet site at 12 AM EST. The wind chill temperature first fell to 10 degrees or less at the Ridgeville mesonet site at 5 AM EST.,CSV
202602,1,110,202602,1,700,210908,1320501,SOUTH CAROLINA,45,2026,February,Extreme Cold/Wind Chill,Z,42,HAMPTON,CHS,01-FEB-26 01:10:00,EST-5,01-FEB-26 07:00:00,0,0,0,0,,,Mesonet,,,,,,,,,,,,,,,,,,,,,,"A winter storm impacted much of southeast South Carolina with significant snow accumulations on January 31st along with very cold wind chill temperatures persisting into late morning February 1st. An area of low pressure shifted off the Southeast Coast while deepening, ushering in a very cold air mass across the region. The depth of cold air was sufficient to support snow as the primary precipitation type during afternoon and evening hours on January 31st. Snow accumulation ended by midnight on January 31st, but hazardous traveling conditions and very cold wind chill temperatures persisted through morning hours on February 1st.",The local criteria for an Extreme Cold Warning is temperature or wind chill of 10 degrees or less. A wind chill temperature of 10 degrees or less began at the Hampton County WeatherSTEM site (2194W) at 110 AM EST.,CSV
202602,2,0,202602,2,800,211300,1320194,SOUTH CAROLINA,45,2026,February,Cold/Wind Chill,Z,48,BEAUFORT,CHS,02-FEB-26 00:00:00,EST-5,02-FEB-26 08:00:00,1,0,1,0,,,State Official,,,,,,,,,,,,,,,,,,,,,,"High pressure and light/calm winds led to a strong radiational cooling night across Southeast South Carolina, supporting temperatures in the mid-upper teens inland to the lower-mid 20s near coastal areas.",The South Carolina Department of Public Health reported a fatality due to hypothermia.,CSV
202602,1,0,202602,1,1200,210908,1319611,SOUTH CAROLINA,45,2026,February,Winter Weather,Z,50,CHARLESTON,CHS,01-FEB-26 00:00:00,EST-5,01-FEB-26 12:00:00,0,1,0,1,0.00K,0.00K,State Official,,,,,,,,,,,,,,,,,,,,,,"A winter storm impacted much of southeast South Carolina with significant snow accumulations on January 31st along with very cold wind chill temperatures persisting into late morning February 1st. An area of low pressure shifted off the Southeast Coast while deepening, ushering in a very cold air mass across the region. The depth of cold air was sufficient to support snow as the primary precipitation type during afternoon and evening hours on January 31st. Snow accumulation ended by midnight on January 31st, but hazardous traveling conditions and very cold wind chill temperatures persisted through morning hours on February 1st.","The South Carolina Department of Public Health reported a traffic accident related to winter weather conditions, resulting in a fatality.",CSV
202605,1,0,202605,31,2359,214448,1344182,SOUTH CAROLINA,45,2026,May,Drought,Z,11,ABBEVILLE,GSP,01-MAY-26 00:00:00,EST-5,31-MAY-26 23:59:00,0,0,0,0,0.00K,,Drought Monitor,,,,,,,,,,,,,,,,,,,,,,"After a near-record dry April, the impacts of months-long precipitation deficits as high as 18 resulted in extreme to exceptional drought conditions lingering into May across the Upstate and Piedmont of South Carolina. Many pastures and hayfields were rated poor-to-very poor, resulting in forage shortages. Crop stress affected soybeans, delayed or reduced planting for corn and other crops, and lowered vegetable yields. Reservoirs, lakes, and streams were well below normal. Mandatory or voluntary conservation measures were in place in multiple systems, and some ponds and smaller supplies were critically low. Fire danger remained abnormally high and the wildfire season extended into May across the mountains, although the threat steadily decreased during the first half of the month owing to greenup and a continued statewide burn ban. A transition to a very wet pattern finally brought some relief late in the month, as May rainfall wound up 150 to 200% of normal. Some locations across the lower Piedmont received around 300% of normal May rainfall. Drought category was reduced to moderate-to-severe across the area by the start of June.",,CSV
202605,1,0,202605,31,2359,214448,1344183,SOUTH CAROLINA,45,2026,May,Drought,Z,10,ANDERSON,GSP,01-MAY-26 00:00:00,EST-5,31-MAY-26 23:59:00,0,0,0,0,0.00K,,Drought Monitor,,,,,,,,,,,,,,,,,,,,,,"After a near-record dry April, the impacts of months-long precipitation deficits as high as 18 resulted in extreme to exceptional drought conditions lingering into May across the Upstate and Piedmont of South Carolina. Many pastures and hayfields were rated poor-to-very poor, resulting in forage shortages. Crop stress affected soybeans, delayed or reduced planting for corn and other crops, and lowered vegetable yields. Reservoirs, lakes, and streams were well below normal. Mandatory or voluntary conservation measures were in place in multiple systems, and some ponds and smaller supplies were critically low. Fire danger remained abnormally high and the wildfire season extended into May across the mountains, although the threat steadily decreased during the first half of the month owing to greenup and a continued statewide burn ban. A transition to a very wet pattern finally brought some relief late in the month, as May rainfall wound up 150 to 200% of normal. Some locations across the lower Piedmont received around 300% of normal May rainfall. Drought category was reduced to moderate-to-severe across the area by the start of June.",,CSV
202605,1,0,202605,31,2359,214448,1344184,SOUTH CAROLINA,45,2026,May,Drought,Z,106,CENTRAL GREENVILLE,GSP,01-MAY-26 00:00:00,EST-5,31-MAY-26 23:59:00,0,0,0,0,0.00K,,Drought Monitor,,,,,,,,,,,,,,,,,,,,,,"After a near-record dry April, the impacts of months-long precipitation deficits as high as 18 resulted in extreme to exceptional drought conditions lingering into May across the Upstate and Piedmont of South Carolina. Many pastures and hayfields were rated poor-to-very poor, resulting in forage shortages. Crop stress affected soybeans, delayed or reduced planting for corn and other crops, and lowered vegetable yields. Reservoirs, lakes, and streams were well below normal. Mandatory or voluntary conservation measures were in place in multiple systems, and some ponds and smaller supplies were critically low. Fire danger remained abnormally high and the wildfire season extended into May across the mountains, although the threat steadily decreased during the first half of the month owing to greenup and a continued statewide burn ban. A transition to a very wet pattern finally brought some relief late in the month, as May rainfall wound up 150 to 200% of normal. Some locations across the lower Piedmont received around 300% of normal May rainfall. Drought category was reduced to moderate-to-severe across the area by the start of June.",,CSV
202605,1,0,202605,31,2359,214448,1344185,SOUTH CAROLINA,45,2026,May,Drought,Z,8,CHEROKEE,GSP,01-MAY-26 00:00:00,EST-5,31-MAY-26 23:59:00,0,0,0,0,0.00K,,Drought Monitor,,,,,,,,,,,,,,,,,,,,,,"After a near-record dry April, the impacts of months-long precipitation deficits as high as 18 resulted in extreme to exceptional drought conditions lingering into May across the Upstate and Piedmont of South Carolina. Many pastures and hayfields were rated poor-to-very poor, resulting in forage shortages. Crop stress affected soybeans, delayed or reduced planting for corn and other crops, and lowered vegetable yields. Reservoirs, lakes, and streams were well below normal. Mandatory or voluntary conservation measures were in place in multiple systems, and some ponds and smaller supplies were critically low. Fire danger remained abnormally high and the wildfire season extended into May across the mountains, although the threat steadily decreased during the first half of the month owing to greenup and a continued statewide burn ban. A transition to a very wet pattern finally brought some relief late in the month, as May rainfall wound up 150 to 200% of normal. Some locations across the lower Piedmont received around 300% of normal May rainfall. Drought category was reduced to moderate-to-severe across the area by the start of June.",,CSV
202605,1,0,202605,31,2359,214448,1344186,SOUTH CAROLINA,45,2026,May,Drought,Z,14,CHESTER,GSP,01-MAY-26 00:00:00,EST-5,31-MAY-26 23:59:00,0,0,0,0,0.00K,,Drought Monitor,,,,,,,,,,,,,,,,,,,,,,"After a near-record dry April, the impacts of months-long precipitation deficits as high as 18 resulted in extreme to exceptional drought conditions lingering into May across the Upstate and Piedmont of South Carolina. Many pastures and hayfields were rated poor-to-very poor, resulting in forage shortages. Crop stress affected soybeans, delayed or reduced planting for corn and other crops, and lowered vegetable yields. Reservoirs, lakes, and streams were well below normal. Mandatory or voluntary conservation measures were in place in multiple systems, and some ponds and smaller supplies were critically low. Fire danger remained abnormally high and the wildfire season extended into May across the mountains, although the threat steadily decreased during the first half of the month owing to greenup and a continued statewide burn ban. A transition to a very wet pattern finally brought some relief late in the month, as May rainfall wound up 150 to 200% of normal. Some locations across the lower Piedmont received around 300% of normal May rainfall. Drought category was reduced to moderate-to-severe across the area by the start of June.",,CSV
202605,1,0,202605,31,2359,214448,1344187,SOUTH CAROLINA,45,2026,May,Drought,Z,104,GREATER OCONEE,GSP,01-MAY-26 00:00:00,EST-5,31-MAY-26 23:59:00,0,0,0,0,0.00K,,Drought Monitor,,,,,,,,,,,,,,,,,,,,,,"After a near-record dry April, the impacts of months-long precipitation deficits as high as 18 resulted in extreme to exceptional drought conditions lingering into May across the Upstate and Piedmont of South Carolina. Many pastures and hayfields were rated poor-to-very poor, resulting in forage shortages. Crop stress affected soybeans, delayed or reduced planting for corn and other crops, and lowered vegetable yields. Reservoirs, lakes, and streams were well below normal. Mandatory or voluntary conservation measures were in place in multiple systems, and some ponds and smaller supplies were critically low. Fire danger remained abnormally high and the wildfire season extended into May across the mountains, although the threat steadily decreased during the first half of the month owing to greenup and a continued statewide burn ban. A transition to a very wet pattern finally brought some relief late in the month, as May rainfall wound up 150 to 200% of normal. Some locations across the lower Piedmont received around 300% of normal May rainfall. Drought category was reduced to moderate-to-severe across the area by the start of June.",,CSV
202605,1,0,202605,31,2359,214448,1344188,SOUTH CAROLINA,45,2026,May,Drought,Z,105,GREATER PICKENS,GSP,01-MAY-26 00:00:00,EST-5,31-MAY-26 23:59:00,0,0,0,0,0.00K,,Drought Monitor,,,,,,,,,,,,,,,,,,,,,,"After a near-record dry April, the impacts of months-long precipitation deficits as high as 18 resulted in extreme to exceptional drought conditions lingering into May across the Upstate and Piedmont of South Carolina. Many pastures and hayfields were rated poor-to-very poor, resulting in forage shortages. Crop stress affected soybeans, delayed or reduced planting for corn and other crops, and lowered vegetable yields. Reservoirs, lakes, and streams were well below normal. Mandatory or voluntary conservation measures were in place in multiple systems, and some ponds and smaller supplies were critically low. Fire danger remained abnormally high and the wildfire season extended into May across the mountains, although the threat steadily decreased during the first half of the month owing to greenup and a continued statewide burn ban. A transition to a very wet pattern finally brought some relief late in the month, as May rainfall wound up 150 to 200% of normal. Some locations across the lower Piedmont received around 300% of normal May rainfall. Drought category was reduced to moderate-to-severe across the area by the start of June.",,CSV
202605,1,0,202605,31,2359,214448,1344189,SOUTH CAROLINA,45,2026,May,Drought,Z,103,GREENVILLE MOUNTAINS,GSP,01-MAY-26 00:00:00,EST-5,31-MAY-26 23:59:00,0,0,0,0,0.00K,,Drought Monitor,,,,,,,,,,,,,,,,,,,,,,"After a near-record dry April, the impacts of months-long precipitation deficits as high as 18 resulted in extreme to exceptional drought conditions lingering into May across the Upstate and Piedmont of South Carolina. Many pastures and hayfields were rated poor-to-very poor, resulting in forage shortages. Crop stress affected soybeans, delayed or reduced planting for corn and other crops, and lowered vegetable yields. Reservoirs, lakes, and streams were well below normal. Mandatory or voluntary conservation measures were in place in multiple systems, and some ponds and smaller supplies were critically low. Fire danger remained abnormally high and the wildfire season extended into May across the mountains, although the threat steadily decreased during the first half of the month owing to greenup and a continued statewide burn ban. A transition to a very wet pattern finally brought some relief late in the month, as May rainfall wound up 150 to 200% of normal. Some locations across the lower Piedmont received around 300% of normal May rainfall. Drought category was reduced to moderate-to-severe across the area by the start of June.",,CSV
202605,1,0,202605,31,2359,214448,1344190,SOUTH CAROLINA,45,2026,May,Drought,Z,19,GREENWOOD,GSP,01-MAY-26 00:00:00,EST-5,31-MAY-26 23:59:00,0,0,0,0,0.00K,,Drought Monitor,,,,,,,,,,,,,,,,,,,,,,"After a near-record dry April, the impacts of months-long precipitation deficits as high as 18 resulted in extreme to exceptional drought conditions lingering into May across the Upstate and Piedmont of South Carolina. Many pastures and hayfields were rated poor-to-very poor, resulting in forage shortages. Crop stress affected soybeans, delayed or reduced planting for corn and other crops, and lowered vegetable yields. Reservoirs, lakes, and streams were well below normal. Mandatory or voluntary conservation measures were in place in multiple systems, and some ponds and smaller supplies were critically low. Fire danger remained abnormally high and the wildfire season extended into May across the mountains, although the threat steadily decreased during the first half of the month owing to greenup and a continued statewide burn ban. A transition to a very wet pattern finally brought some relief late in the month, as May rainfall wound up 150 to 200% of normal. Some locations across the lower Piedmont received around 300% of normal May rainfall. Drought category was reduced to moderate-to-severe across the area by the start of June.",,CSV
202605,1,0,202605,31,2359,214448,1344191,SOUTH CAROLINA,45,2026,May,Drought,Z,12,LAURENS,GSP,01-MAY-26 00:00:00,EST-5,31-MAY-26 23:59:00,0,0,0,0,0.00K,,Drought Monitor,,,,,,,,,,,,,,,,,,,,,,"After a near-record dry April, the impacts of months-long precipitation deficits as high as 18 resulted in extreme to exceptional drought conditions lingering into May across the Upstate and Piedmont of South Carolina. Many pastures and hayfields were rated poor-to-very poor, resulting in forage shortages. Crop stress affected soybeans, delayed or reduced planting for corn and other crops, and lowered vegetable yields. Reservoirs, lakes, and streams were well below normal. Mandatory or voluntary conservation measures were in place in multiple systems, and some ponds and smaller supplies were critically low. Fire danger remained abnormally high and the wildfire season extended into May across the mountains, although the threat steadily decreased during the first half of the month owing to greenup and a continued statewide burn ban. A transition to a very wet pattern finally brought some relief late in the month, as May rainfall wound up 150 to 200% of normal. Some locations across the lower Piedmont received around 300% of normal May rainfall. Drought category was reduced to moderate-to-severe across the area by the start of June.",,CSV
202605,1,0,202605,31,2359,214448,1344192,SOUTH CAROLINA,45,2026,May,Drought,Z,108,NORTHERN SPARTANBURG,GSP,01-MAY-26 00:00:00,EST-5,31-MAY-26 23:59:00,0,0,0,0,0.00K,,Drought Monitor,,,,,,,,,,,,,,,,,,,,,,"After a near-record dry April, the impacts of months-long precipitation deficits as high as 18 resulted in extreme to exceptional drought conditions lingering into May across the Upstate and Piedmont of South Carolina. Many pastures and hayfields were rated poor-to-very poor, resulting in forage shortages. Crop stress affected soybeans, delayed or reduced planting for corn and other crops, and lowered vegetable yields. Reservoirs, lakes, and streams were well below normal. Mandatory or voluntary conservation measures were in place in multiple systems, and some ponds and smaller supplies were critically low. Fire danger remained abnormally high and the wildfire season extended into May across the mountains, although the threat steadily decreased during the first half of the month owing to greenup and a continued statewide burn ban. A transition to a very wet pattern finally brought some relief late in the month, as May rainfall wound up 150 to 200% of normal. Some locations across the lower Piedmont received around 300% of normal May rainfall. Drought category was reduced to moderate-to-severe across the area by the start of June.",,CSV
202605,1,0,202605,31,2359,214448,1344193,SOUTH CAROLINA,45,2026,May,Drought,Z,101,OCONEE MOUNTAINS,GSP,01-MAY-26 00:00:00,EST-5,31-MAY-26 23:59:00,0,0,0,0,0.00K,,Drought Monitor,,,,,,,,,,,,,,,,,,,,,,"After a near-record dry April, the impacts of months-long precipitation deficits as high as 18 resulted in extreme to exceptional drought conditions lingering into May across the Upstate and Piedmont of South Carolina. Many pastures and hayfields were rated poor-to-very poor, resulting in forage shortages. Crop stress affected soybeans, delayed or reduced planting for corn and other crops, and lowered vegetable yields. Reservoirs, lakes, and streams were well below normal. Mandatory or voluntary conservation measures were in place in multiple systems, and some ponds and smaller supplies were critically low. Fire danger remained abnormally high and the wildfire season extended into May across the mountains, although the threat steadily decreased during the first half of the month owing to greenup and a continued statewide burn ban. A transition to a very wet pattern finally brought some relief late in the month, as May rainfall wound up 150 to 200% of normal. Some locations across the lower Piedmont received around 300% of normal May rainfall. Drought category was reduced to moderate-to-severe across the area by the start of June.",,CSV
202605,1,0,202605,31,2359,214448,1344194,SOUTH CAROLINA,45,2026,May,Drought,Z,102,PICKENS MOUNTAINS,GSP,01-MAY-26 00:00:00,EST-5,31-MAY-26 23:59:00,0,0,0,0,0.00K,,Drought Monitor,,,,,,,,,,,,,,,,,,,,,,"After a near-record dry April, the impacts of months-long precipitation deficits as high as 18 resulted in extreme to exceptional drought conditions lingering into May across the Upstate and Piedmont of South Carolina. Many pastures and hayfields were rated poor-to-very poor, resulting in forage shortages. Crop stress affected soybeans, delayed or reduced planting for corn and other crops, and lowered vegetable yields. Reservoirs, lakes, and streams were well below normal. Mandatory or voluntary conservation measures were in place in multiple systems, and some ponds and smaller supplies were critically low. Fire danger remained abnormally high and the wildfire season extended into May across the mountains, although the threat steadily decreased during the first half of the month owing to greenup and a continued statewide burn ban. A transition to a very wet pattern finally brought some relief late in the month, as May rainfall wound up 150 to 200% of normal. Some locations across the lower Piedmont received around 300% of normal May rainfall. Drought category was reduced to moderate-to-severe across the area by the start of June.",,CSV
202605,1,0,202605,31,2359,214448,1344195,SOUTH CAROLINA,45,2026,May,Drought,Z,107,SOUTHERN GREENVILLE,GSP,01-MAY-26 00:00:00,EST-5,31-MAY-26 23:59:00,0,0,0,0,0.00K,,Drought Monitor,,,,,,,,,,,,,,,,,,,,,,"After a near-record dry April, the impacts of months-long precipitation deficits as high as 18 resulted in extreme to exceptional drought conditions lingering into May across the Upstate and Piedmont of South Carolina. Many pastures and hayfields were rated poor-to-very poor, resulting in forage shortages. Crop stress affected soybeans, delayed or reduced planting for corn and other crops, and lowered vegetable yields. Reservoirs, lakes, and streams were well below normal. Mandatory or voluntary conservation measures were in place in multiple systems, and some ponds and smaller supplies were critically low. Fire danger remained abnormally high and the wildfire season extended into May across the mountains, although the threat steadily decreased during the first half of the month owing to greenup and a continued statewide burn ban. A transition to a very wet pattern finally brought some relief late in the month, as May rainfall wound up 150 to 200% of normal. Some locations across the lower Piedmont received around 300% of normal May rainfall. Drought category was reduced to moderate-to-severe across the area by the start of June.",,CSV
202605,1,0,202605,31,2359,214448,1344196,SOUTH CAROLINA,45,2026,May,Drought,Z,109,SOUTHERN SPARTANBURG,GSP,01-MAY-26 00:00:00,EST-5,31-MAY-26 23:59:00,0,0,0,0,0.00K,,Drought Monitor,,,,,,,,,,,,,,,,,,,,,,"After a near-record dry April, the impacts of months-long precipitation deficits as high as 18 resulted in extreme to exceptional drought conditions lingering into May across the Upstate and Piedmont of South Carolina. Many pastures and hayfields were rated poor-to-very poor, resulting in forage shortages. Crop stress affected soybeans, delayed or reduced planting for corn and other crops, and lowered vegetable yields. Reservoirs, lakes, and streams were well below normal. Mandatory or voluntary conservation measures were in place in multiple systems, and some ponds and smaller supplies were critically low. Fire danger remained abnormally high and the wildfire season extended into May across the mountains, although the threat steadily decreased during the first half of the month owing to greenup and a continued statewide burn ban. A transition to a very wet pattern finally brought some relief late in the month, as May rainfall wound up 150 to 200% of normal. Some locations across the lower Piedmont received around 300% of normal May rainfall. Drought category was reduced to moderate-to-severe across the area by the start of June.",,CSV
202605,1,0,202605,31,2359,214448,1344197,SOUTH CAROLINA,45,2026,May,Drought,Z,13,UNION,GSP,01-MAY-26 00:00:00,EST-5,31-MAY-26 23:59:00,0,0,0,0,0.00K,,Drought Monitor,,,,,,,,,,,,,,,,,,,,,,"After a near-record dry April, the impacts of months-long precipitation deficits as high as 18 resulted in extreme to exceptional drought conditions lingering into May across the Upstate and Piedmont of South Carolina. Many pastures and hayfields were rated poor-to-very poor, resulting in forage shortages. Crop stress affected soybeans, delayed or reduced planting for corn and other crops, and lowered vegetable yields. Reservoirs, lakes, and streams were well below normal. Mandatory or voluntary conservation measures were in place in multiple systems, and some ponds and smaller supplies were critically low. Fire danger remained abnormally high and the wildfire season extended into May across the mountains, although the threat steadily decreased during the first half of the month owing to greenup and a continued statewide burn ban. A transition to a very wet pattern finally brought some relief late in the month, as May rainfall wound up 150 to 200% of normal. Some locations across the lower Piedmont received around 300% of normal May rainfall. Drought category was reduced to moderate-to-severe across the area by the start of June.",,CSV
202605,1,0,202605,31,2359,214448,1344198,SOUTH CAROLINA,45,2026,May,Drought,Z,9,YORK,GSP,01-MAY-26 00:00:00,EST-5,31-MAY-26 23:59:00,0,0,0,0,0.00K,,Drought Monitor,,,,,,,,,,,,,,,,,,,,,,"After a near-record dry April, the impacts of months-long precipitation deficits as high as 18 resulted in extreme to exceptional drought conditions lingering into May across the Upstate and Piedmont of South Carolina. Many pastures and hayfields were rated poor-to-very poor, resulting in forage shortages. Crop stress affected soybeans, delayed or reduced planting for corn and other crops, and lowered vegetable yields. Reservoirs, lakes, and streams were well below normal. Mandatory or voluntary conservation measures were in place in multiple systems, and some ponds and smaller supplies were critically low. Fire danger remained abnormally high and the wildfire season extended into May across the mountains, although the threat steadily decreased during the first half of the month owing to greenup and a continued statewide burn ban. A transition to a very wet pattern finally brought some relief late in the month, as May rainfall wound up 150 to 200% of normal. Some locations across the lower Piedmont received around 300% of normal May rainfall. Drought category was reduced to moderate-to-severe across the area by the start of June.",,CSV
202605,11,1650,202605,11,1653,214226,1342327,SOUTH CAROLINA,45,2026,May,Hail,C,13,BEAUFORT,CHS,11-MAY-26 16:50:00,EST-5,11-MAY-26 16:53:00,0,0,0,0,,0.00K,Public,0.75,,,,,,,,,,,.9,SW,BEAUFORT,.9,SW,BEAUFORT,32.42,-80.69,32.42,-80.69,Isolated thunderstorms developed in the afternoon hours along the southeast South Carolina coast. One storm in Beaufort County became strong enough to produce hail.,Hail ranging from pea to penny sized was reported near the Technical College of the Lowcountry near the southwest side of downtown Beaufort. The hail was mostly pea size with a few pieces up to penny size observed as it bounced on the ground and cars.,CSV
202605,24,1200,202605,24,1230,214229,1342330,SOUTH CAROLINA,45,2026,May,Rip Current,Z,150,CHARLESTON,CHS,24-MAY-26 12:00:00,EST-5,24-MAY-26 12:30:00,0,0,0,0,0.00K,0.00K,Lifeguard,,,,,,,,,,,,,,,,,,,,,,The combination of easterly swell of 3-4 feet every 8 seconds combined with breezy winds along the coast with the sea breeze to produce a moderate risk of rip currents at area beaches. Several rip currents were reported at Charleston County beacues.,Isle of Palms lifeguards reported a rescue due to a rip current directly in front of stand 11.,CSV
202605,23,1945,202605,23,1946,213030,1333630,SOUTH CAROLINA,45,2026,May,Thunderstorm Wind,C,27,CLARENDON,CAE,23-MAY-26 19:45:00,EST-5,23-MAY-26 19:46:00,1,0,1,0,,,Broadcast Media,35.00,EG,,,,,,,,,,4.77,SSW,ST PAUL,4.77,SSW,ST PAUL,33.5165,-80.4326,33.5165,-80.4326,"A lingering stalled front remained in the forecast area 5/23, but a embedded shortwave in the general troughing pattern moved in during the afternoon and evening hours, leading to scattered convection to develop. The environment ahead of this shortwave was characterized by MLCAPE values over 2000 J/kg and effective shear near 30-35 kts. Scattered strong to severe storms moved across the forecast area during the afternoon and evening hours, bringing damaging winds, hail up to golf ball sized, and even a report of a waterspout over Lake Murray in SC.","A broken line of thunderstorms formed along an outflow boundary and moved across the northern half of Lake Marion the evening of 5/23. Estimated winds from these thunderstorms were up to 35 kts. As these storms pushed across the lake, a women was fatally wounded from being struck by an umbrella at the Driftwood Grill restaurant on the eastern shore of Lake Marion. Report received from local media, time estimated by radar.",CSV
202605,23,1545,202605,23,1546,213030,1335666,SOUTH CAROLINA,45,2026,May,Hail,C,81,SALUDA,CAE,23-MAY-26 15:45:00,EST-5,23-MAY-26 15:46:00,0,0,0,0,,,Public,1.75,,,,,,,,,,,.57,E,MERCHANT,.57,E,MERCHANT,34.03,-81.66,34.03,-81.66,"A lingering stalled front remained in the forecast area 5/23, but a embedded shortwave in the general troughing pattern moved in during the afternoon and evening hours, leading to scattered convection to develop. The environment ahead of this shortwave was characterized by MLCAPE values over 2000 J/kg and effective shear near 30-35 kts. Scattered strong to severe storms moved across the forecast area during the afternoon and evening hours, bringing damaging winds, hail up to golf ball sized, and even a report of a waterspout over Lake Murray in SC.",Public report of golf ball size hail near Highway 378. Time estimated by radar.,CSV
202605,22,2245,202605,22,2246,213310,1335716,SOUTH CAROLINA,45,2026,May,Lightning,C,65,MCCORMICK,CAE,22-MAY-26 22:45:00,EST-5,22-MAY-26 22:46:00,0,0,0,0,10.00K,,Fire Department/Rescue,,,,,,,,,,,,1.28,N,PLUM BRANCH,1.28,N,PLUM BRANCH,33.8684,-82.273,33.8684,-82.273,"A diffuse frontal boundary stalled across the northern forecast area 5/22 with broad troughing present. Areas south of the boundary saw generous heating with MLCAPE values nearing 1500-2000 J/kg and weak deep layer shear near 25-30 kts. This heating across the boundary lead to a couple strong storms, but one that produced tree damage near Thomson GA and started a fire at McCormick High School in McCormick County SC.",McCormick County Emergency Services reported a structure fire at the McCormick County  High School gym due to a lightning strike.,CSV
202605,23,1415,202605,23,1416,213030,1335667,SOUTH CAROLINA,45,2026,May,Thunderstorm Wind,C,65,MCCORMICK,CAE,23-MAY-26 14:15:00,EST-5,23-MAY-26 14:16:00,0,0,0,0,,,State Official,52.00,EG,,,,,,,,,,2.21,SW,MC CORMICK,2.21,SW,MC CORMICK,33.9,-82.31,33.9,-82.31,"A lingering stalled front remained in the forecast area 5/23, but a embedded shortwave in the general troughing pattern moved in during the afternoon and evening hours, leading to scattered convection to develop. The environment ahead of this shortwave was characterized by MLCAPE values over 2000 J/kg and effective shear near 30-35 kts. Scattered strong to severe storms moved across the forecast area during the afternoon and evening hours, bringing damaging winds, hail up to golf ball sized, and even a report of a waterspout over Lake Murray in SC.","McCormick County dispatch reported several trees down within the county, including one  on Hwy 378 West.",CSV
202605,23,1638,202605,23,1639,213030,1335668,SOUTH CAROLINA,45,2026,May,Thunderstorm Wind,C,79,RICHLAND,CAE,23-MAY-26 16:38:00,EST-5,23-MAY-26 16:39:00,0,0,0,0,,,Law Enforcement,52.00,EG,,,,,,,,,,1.9,ENE,WHITE ROCK,1.9,ENE,WHITE ROCK,34.156,-81.2375,34.156,-81.2375,"A lingering stalled front remained in the forecast area 5/23, but a embedded shortwave in the general troughing pattern moved in during the afternoon and evening hours, leading to scattered convection to develop. The environment ahead of this shortwave was characterized by MLCAPE values over 2000 J/kg and effective shear near 30-35 kts. Scattered strong to severe storms moved across the forecast area during the afternoon and evening hours, bringing damaging winds, hail up to golf ball sized, and even a report of a waterspout over Lake Murray in SC.",Law enforcement officer reported a tree down with picture of blocking roadway near Cedar Grove Lane and Shady Grove Road.,CSV
202605,25,1350,202605,25,1555,213033,1335700,SOUTH CAROLINA,45,2026,May,Flash Flood,C,57,LANCASTER,CAE,25-MAY-26 13:50:00,EST-5,25-MAY-26 15:55:00,0,0,0,0,0.00K,0.00K,State Official,,,Heavy Rain,,,,,,,,,2.21,SSW,CAUTHENS XRDS,1.79,SSW,CAUTHENS XRDS,34.589,-80.7791,34.5947,-80.7768,"A similar environment to 5/24 took shape during the afternoon of 5/25, continuing into the late evening. Seasonal instability brought summertime pulse convection that was slow moving with efficient rain rates as PWAT's neared 2. This led to a couple instances of flash flooding in southern Lancaster County, SC early in the afternoon before bringing a couple more instances later in the evening near Augusta GA.",Lancaster County Dispatch reported flash flooding along Mount Carmel Rd. Time  estimated by radar.,CSV
202605,25,1405,202605,25,1600,213033,1335705,SOUTH CAROLINA,45,2026,May,Flash Flood,C,57,LANCASTER,CAE,25-MAY-26 14:05:00,EST-5,25-MAY-26 16:00:00,0,0,0,0,0.00K,0.00K,State Official,,,Heavy Rain,,,,,,,,,3.69,E,HEATH SPGS,3.66,ENE,HEATH SPGS,34.6089,-80.6061,34.6108,-80.607,"A similar environment to 5/24 took shape during the afternoon of 5/25, continuing into the late evening. Seasonal instability brought summertime pulse convection that was slow moving with efficient rain rates as PWAT's neared 2. This led to a couple instances of flash flooding in southern Lancaster County, SC early in the afternoon before bringing a couple more instances later in the evening near Augusta GA.",Lancaster County Dispatch reported flash flooding at Fork Hill Rd and Jons Road. Time  estimated by radar.,CSV
202605,26,1950,202605,26,2125,213034,1335707,SOUTH CAROLINA,45,2026,May,Flash Flood,C,75,ORANGEBURG,CAE,26-MAY-26 19:50:00,EST-5,26-MAY-26 21:25:00,0,0,0,0,0.00K,0.00K,State Official,,,Heavy Rain,,,,,,,,,3.04,E,NORTH,3.18,E,NORTH,33.6276,-81.048,33.6271,-81.0455,"Weak upper ridging persisted across the forecast area on 5/26, but seasonable instability, PWAT's near 2, and enhanced moisture convergence led to scattered thunderstorm development during the afternoon and evening hours. One isolated severe storm in Aiken County produced tree damage before training, slow moving convection produced two instances of flash flooding in Orangeburg County.",Orangeburg dispatch reported 2-3 feet of water flowing over the road on North Road near Redmond Mill Rd resulting in a road closure.,CSV
202605,26,2130,202605,26,2230,213034,1335709,SOUTH CAROLINA,45,2026,May,Flash Flood,C,75,ORANGEBURG,CAE,26-MAY-26 21:30:00,EST-5,26-MAY-26 22:30:00,0,0,0,0,0.00K,0.00K,Emergency Manager,,,Heavy Rain,,,,,,,,,2.67,NNW,WOLFTON,2.56,N,WOLFTON,33.6179,-80.9893,33.6165,-80.988,"Weak upper ridging persisted across the forecast area on 5/26, but seasonable instability, PWAT's near 2, and enhanced moisture convergence led to scattered thunderstorm development during the afternoon and evening hours. One isolated severe storm in Aiken County produced tree damage before training, slow moving convection produced two instances of flash flooding in Orangeburg County.",Orangeburg county EM confirmed a roadway washout on Plumtree Rd resulting from Long  Branch Creek overflowing the road.,CSV
202605,11,1330,202605,11,1330,212046,1325492,SOUTH CAROLINA,45,2026,May,Hail,C,67,MARION,ILM,11-MAY-26 13:30:00,EST-5,11-MAY-26 13:30:00,0,0,0,0,0.00K,0.00K,Broadcast Media,1.00,,,,,,,,,,,0,N,NICHOLS,0,N,NICHOLS,34.23,-79.15,34.23,-79.15,"Scattered thunderstorms developed ahead of a cold front, initially from the southwest associated with a subtle shortwave and then from the west ahead of the front itself. Isolated wind damage with multiple hail reports (quarter to golf ball sized) in northern Horry.",Quarter size hail was reported in Cedar Creek.,CSV
202605,11,1341,202605,11,1341,212046,1325493,SOUTH CAROLINA,45,2026,May,Hail,C,51,HORRY,ILM,11-MAY-26 13:41:00,EST-5,11-MAY-26 13:41:00,0,0,0,0,0.00K,0.00K,Public,1.75,,,,,,,,,,,.9,NW,GREEN SEA,.9,NW,GREEN SEA,34.13,-78.98,34.13,-78.98,"Scattered thunderstorms developed ahead of a cold front, initially from the southwest associated with a subtle shortwave and then from the west ahead of the front itself. Isolated wind damage with multiple hail reports (quarter to golf ball sized) in northern Horry.",Golf ball sized hail was confirmed via a photo sent into the office.,CSV
202605,11,1315,202605,11,1315,212046,1325494,SOUTH CAROLINA,45,2026,May,Thunderstorm Wind,C,51,HORRY,ILM,11-MAY-26 13:15:00,EST-5,11-MAY-26 13:15:00,0,0,0,0,0.00K,0.00K,Broadcast Media,50.00,EG,,,,,,,,,,1.38,S,PINE IS,1.38,S,PINE IS,33.71,-78.93,33.71,-78.93,"Scattered thunderstorms developed ahead of a cold front, initially from the southwest associated with a subtle shortwave and then from the west ahead of the front itself. Isolated wind damage with multiple hail reports (quarter to golf ball sized) in northern Horry.",A semi trailer was blown over by thunderstorm winds.,CSV
202605,11,1315,202605,11,1315,212046,1325496,SOUTH CAROLINA,45,2026,May,Thunderstorm Wind,C,51,HORRY,ILM,11-MAY-26 13:15:00,EST-5,11-MAY-26 13:15:00,0,0,0,0,10.00K,0.00K,Broadcast Media,50.00,EG,,,,,,,,,,.9,NW,(MYR)MYRTLE BEACH AF,.9,NW,(MYR)MYRTLE BEACH AF,33.69,-78.94,33.69,-78.94,"Scattered thunderstorms developed ahead of a cold front, initially from the southwest associated with a subtle shortwave and then from the west ahead of the front itself. Isolated wind damage with multiple hail reports (quarter to golf ball sized) in northern Horry.",A tree fell on a house causing major damage near Highway 17 between Myrtle Beach and Socastee near Watergate Drive.,CSV
202605,26,1659,202605,26,1748,213034,1335710,SOUTH CAROLINA,45,2026,May,Flood,C,81,SALUDA,CAE,26-MAY-26 16:59:00,EST-5,26-MAY-26 17:48:00,0,0,0,0,0.00K,0.00K,Emergency Manager,,,Heavy Rain,,,,,,,,,.24,SE,SALUDA,.32,SE,SALUDA,33.9974,-81.7673,33.9973,-81.7654,"Weak upper ridging persisted across the forecast area on 5/26, but seasonable instability, PWAT's near 2, and enhanced moisture convergence led to scattered thunderstorm development during the afternoon and evening hours. One isolated severe storm in Aiken County produced tree damage before training, slow moving convection produced two instances of flash flooding in Orangeburg County.",Saluda County EM reported flooding at the corner of Batesburg Highway and Bouknight  Ferry Road. EM sent photos of water pooling  around trailers.,CSV
202605,26,1851,202605,26,1852,213034,1335711,SOUTH CAROLINA,45,2026,May,Thunderstorm Wind,C,3,AIKEN,CAE,26-MAY-26 18:51:00,EST-5,26-MAY-26 18:52:00,0,0,0,0,,,Public,52.00,EG,,,,,,,,,,1.43,E,JACKSON,1.43,E,JACKSON,33.3225,-81.7754,33.3225,-81.7754,"Weak upper ridging persisted across the forecast area on 5/26, but seasonable instability, PWAT's near 2, and enhanced moisture convergence led to scattered thunderstorm development during the afternoon and evening hours. One isolated severe storm in Aiken County produced tree damage before training, slow moving convection produced two instances of flash flooding in Orangeburg County.",Large pine tree downed on Atomic Rd. Time estimated by radar.,CSV
202605,27,1945,202605,27,2045,213309,1335712,SOUTH CAROLINA,45,2026,May,Flood,C,63,LEXINGTON,CAE,27-MAY-26 19:45:00,EST-5,27-MAY-26 20:45:00,0,0,0,0,0.00K,0.00K,Trained Spotter,,,Heavy Rain,,,,,,,,,.12,WSW,CLUBHOUSE XRDS,.27,SSW,CLUBHOUSE XRDS,33.9694,-81.4019,33.9665,-81.4021,Fairly typical early summer conditions were seen 5/27 with MLCAPE nearing 2000 J/kg in the afternoon with weak steering flow aloft. Scattered diurnal convection brought a couple instances of nuisance flooding in Lexington County.,Skywarn spotter reported flooded yards and significant ponding of water on the roadway  on Priceville Rd.,CSV
202605,27,1947,202605,27,2047,213309,1335713,SOUTH CAROLINA,45,2026,May,Flood,C,63,LEXINGTON,CAE,27-MAY-26 19:47:00,EST-5,27-MAY-26 20:47:00,0,0,0,0,0.00K,0.00K,Public,,,Heavy Rain,,,,,,,,,1.04,SW,GILBERT,.79,SSW,GILBERT,33.9081,-81.3912,33.9095,-81.3857,Fairly typical early summer conditions were seen 5/27 with MLCAPE nearing 2000 J/kg in the afternoon with weak steering flow aloft. Scattered diurnal convection brought a couple instances of nuisance flooding in Lexington County.,Social media report with photo of significant ponding of water on roadway on Two Notch Rd near Gilbert high school.,CSV
202605,27,1934,202605,27,2034,213309,1335714,SOUTH CAROLINA,45,2026,May,Heavy Rain,C,63,LEXINGTON,CAE,27-MAY-26 19:34:00,EST-5,27-MAY-26 20:34:00,0,0,0,0,,,Mesonet,,,,,,,,,,,,.9,SW,CLUBHOUSE XRDS,.9,SW,CLUBHOUSE XRDS,33.96,-81.41,33.96,-81.41,Fairly typical early summer conditions were seen 5/27 with MLCAPE nearing 2000 J/kg in the afternoon with weak steering flow aloft. Scattered diurnal convection brought a couple instances of nuisance flooding in Lexington County.,AcuRite weather station rainfall report of 2.50 inches in one hour.,CSV
202605,23,1723,202605,23,1810,213030,1341095,SOUTH CAROLINA,45,2026,May,Flash Flood,C,79,RICHLAND,CAE,23-MAY-26 17:23:00,EST-5,23-MAY-26 18:10:00,0,0,0,0,0.00K,0.00K,Trained Spotter,,,Heavy Rain,,,,,,,,,1.09,N,BALLENTINE,1.07,NNE,BALLENTINE,34.1356,-81.2267,34.1352,-81.2262,"A lingering stalled front remained in the forecast area 5/23, but a embedded shortwave in the general troughing pattern moved in during the afternoon and evening hours, leading to scattered convection to develop. The environment ahead of this shortwave was characterized by MLCAPE values over 2000 J/kg and effective shear near 30-35 kts. Scattered strong to severe storms moved across the forecast area during the afternoon and evening hours, bringing damaging winds, hail up to golf ball sized, and even a report of a waterspout over Lake Murray in SC.",Trained spotter relayed a couple of images and video via social media of flooded roadway at intersection of Broad River Rd and Arbor Springs Dr.,CSV
202605,23,1825,202605,23,1900,213030,1341100,SOUTH CAROLINA,45,2026,May,Flash Flood,C,79,RICHLAND,CAE,23-MAY-26 18:25:00,EST-5,23-MAY-26 19:00:00,0,0,0,0,0.00K,0.00K,Public,,,Heavy Rain,,,,,,,,,2.31,E,WHITE ROCK,2.34,E,WHITE ROCK,34.1551,-81.2301,34.1552,-81.2296,"A lingering stalled front remained in the forecast area 5/23, but a embedded shortwave in the general troughing pattern moved in during the afternoon and evening hours, leading to scattered convection to develop. The environment ahead of this shortwave was characterized by MLCAPE values over 2000 J/kg and effective shear near 30-35 kts. Scattered strong to severe storms moved across the forecast area during the afternoon and evening hours, bringing damaging winds, hail up to golf ball sized, and even a report of a waterspout over Lake Murray in SC.",Public shared image via social media of flooded intersection at Hearthwood Cir and W Shady Grove Rd.,CSV
202605,23,2115,202605,23,2117,213030,1342994,SOUTH CAROLINA,45,2026,May,Tornado,C,71,NEWBERRY,CAE,23-MAY-26 21:15:00,EST-5,23-MAY-26 21:17:00,0,0,0,0,0.00K,0.00K,Trained Spotter,,,,,EFU,0.07,50,,,,,1.7,W,MACEDONIA,1.64,W,MACEDONIA,34.0997,-81.4798,34.0995,-81.4786,"A lingering stalled front remained in the forecast area 5/23, but a embedded shortwave in the general troughing pattern moved in during the afternoon and evening hours, leading to scattered convection to develop. The environment ahead of this shortwave was characterized by MLCAPE values over 2000 J/kg and effective shear near 30-35 kts. Scattered strong to severe storms moved across the forecast area during the afternoon and evening hours, bringing damaging winds, hail up to golf ball sized, and even a report of a waterspout over Lake Murray in SC.","Spotter passed along video of a near stationary waterspout on Lake Murray, collocated with a strong thunderstorm. Video and radar data suggests weak but likely non-tornadic circulation with unknown wind speed and EF rating.",CSV
202605,23,1840,202605,23,2040,213030,1342995,SOUTH CAROLINA,45,2026,May,Flash Flood,C,79,RICHLAND,CAE,23-MAY-26 18:40:00,EST-5,23-MAY-26 20:40:00,0,0,0,0,500.00K,0.00K,Broadcast Media,,,Heavy Rain,,,,,,,,,2.61,NE,BALLENTINE,2.71,SSW,LITTLETON,34.1461,-81.1969,34.1467,-81.1951,"A lingering stalled front remained in the forecast area 5/23, but a embedded shortwave in the general troughing pattern moved in during the afternoon and evening hours, leading to scattered convection to develop. The environment ahead of this shortwave was characterized by MLCAPE values over 2000 J/kg and effective shear near 30-35 kts. Scattered strong to severe storms moved across the forecast area during the afternoon and evening hours, bringing damaging winds, hail up to golf ball sized, and even a report of a waterspout over Lake Murray in SC.",Videos and reports of flash flooding along Hope Creek near Davenport Drive and Southampton Drive. Several homes with water intrusion into the first floors along with vehicles flooded. Damage cost is estimated.,CSV
202605,22,1548,202605,22,1548,214085,1341448,SOUTH CAROLINA,45,2026,May,Thunderstorm Wind,C,1,ABBEVILLE,GSP,22-MAY-26 15:48:00,EST-5,22-MAY-26 15:48:00,0,0,0,0,0.00K,0.00K,911 Call Center,50.00,EG,,,,,,,,,,.9,NE,ABBEVILLE,.9,NE,ABBEVILLE,34.19,-82.37,34.19,-82.37,Scattered thunderstorms developed across the South Carolina Piedmont during the afternoon and early evening in association with a stalled front. Several of the storms produced brief damaging wind gusts.,County comms reported multiple trees blown down and blocking Douglas Mill Rd.,CSV
202605,22,1440,202605,22,1500,214085,1341449,SOUTH CAROLINA,45,2026,May,Thunderstorm Wind,C,59,LAURENS,GSP,22-MAY-26 14:40:00,EST-5,22-MAY-26 15:00:00,0,0,0,0,0.00K,0.00K,911 Call Center,50.00,EG,,,,,,,,,,1.05,NNW,WATERLOO,1.35,WNW,LYDIA MILLS,34.364,-82.077,34.459,-81.921,Scattered thunderstorms developed across the South Carolina Piedmont during the afternoon and early evening in association with a stalled front. Several of the storms produced brief damaging wind gusts.,County comms reported multiple trees and power lines blown down across the southeern half of Laurens County.,CSV
202605,22,1426,202605,22,1427,214085,1341450,SOUTH CAROLINA,45,2026,May,Thunderstorm Wind,C,47,GREENWOOD,GSP,22-MAY-26 14:26:00,EST-5,22-MAY-26 14:27:00,0,0,0,0,0.00K,0.00K,ASOS,59.00,EG,,,,,,,,,,.29,W,(GRD)GREENWOOD CO AR,.29,W,(GRD)GREENWOOD CO AR,34.25,-82.155,34.25,-82.155,Scattered thunderstorms developed across the South Carolina Piedmont during the afternoon and early evening in association with a stalled front. Several of the storms produced brief damaging wind gusts.,"A wind gust of 68 mph, or 59 kts was measured by the ASOS at the Greenwood County Airport.",CSV
202605,22,1745,202605,22,1800,214085,1341451,SOUTH CAROLINA,45,2026,May,Thunderstorm Wind,C,47,GREENWOOD,GSP,22-MAY-26 17:45:00,EST-5,22-MAY-26 18:00:00,0,0,0,0,0.00K,0.00K,911 Call Center,50.00,EG,,,,,,,,,,1.72,SSE,KIRKSEY,1.92,SSE,DYSON,34.008,-82.036,34.144,-81.918,Scattered thunderstorms developed across the South Carolina Piedmont during the afternoon and early evening in association with a stalled front. Several of the storms produced brief damaging wind gusts.,"County comms reported multiple trees blown down, mainly across the southern part of Greenwood County.",CSV
202605,26,1900,202605,26,2100,214089,1341457,SOUTH CAROLINA,45,2026,May,Flash Flood,C,59,LAURENS,GSP,26-MAY-26 19:00:00,EST-5,26-MAY-26 21:00:00,0,0,0,0,2.00K,0.00K,Emergency Manager,,,Heavy Rain,,,,,,,,,1.38,W,HARRIS SPGS,.53,WNW,WATERLOO,34.332,-82.054,34.354,-82.078,"Another round of scattered thunderstorms and storm clusters developed across the South Carolina Piedmont during the afternoon and evening. The storms produced locally heavy rainfall, with flash flooding occurring in Laurens County after the third consecutive day of heavy rainfall from afternoon/evening storms impacted the county.","Emergency manager and the public reported flash flooding developed across mainly central Laurens County after 2.5 to 3.5 inches of rain fell over the area in just a couple of hours. Flooding was primarily limited to urban areas around the cities of Laurens and Clinton, where a total of ten roads were inundated and closed, including East Main St in Laurens, where all lanes were blocked. Other reportes of flooded roads were received via Social Media from the Ora and Waterloo areas.",CSV
202602,1,0,202602,1,1000,211480,1321181,SOUTH CAROLINA,45,2026,February,Cold/Wind Chill,Z,103,GREENVILLE MOUNTAINS,GSP,01-FEB-26 00:00:00,EST-5,01-FEB-26 10:00:00,0,0,0,0,0.00K,0.00K,Mesonet,,,,,,,,,,,,,,,,,,,,,,Life-threatening cold that began during the afternoon of the 31st continued through the morning of the 1st across the South Carolina mountains. Winds gusting in the 35 to 50 mph along with air temperatures in the single digits to result in minimum wind chills of -5 to -15 across the higher elevations.,,CSV
202602,1,0,202602,1,1000,211480,1321182,SOUTH CAROLINA,45,2026,February,Cold/Wind Chill,Z,101,OCONEE MOUNTAINS,GSP,01-FEB-26 00:00:00,EST-5,01-FEB-26 10:00:00,0,0,0,0,0.00K,0.00K,Mesonet,,,,,,,,,,,,,,,,,,,,,,Life-threatening cold that began during the afternoon of the 31st continued through the morning of the 1st across the South Carolina mountains. Winds gusting in the 35 to 50 mph along with air temperatures in the single digits to result in minimum wind chills of -5 to -15 across the higher elevations.,,CSV
202602,1,0,202602,1,1000,211480,1321183,SOUTH CAROLINA,45,2026,February,Cold/Wind Chill,Z,102,PICKENS MOUNTAINS,GSP,01-FEB-26 00:00:00,EST-5,01-FEB-26 10:00:00,0,0,0,0,0.00K,0.00K,Mesonet,,,,,,,,,,,,,,,,,,,,,,Life-threatening cold that began during the afternoon of the 31st continued through the morning of the 1st across the South Carolina mountains. Winds gusting in the 35 to 50 mph along with air temperatures in the single digits to result in minimum wind chills of -5 to -15 across the higher elevations.,,CSV
202602,1,0,202602,1,1100,211482,1321207,SOUTH CAROLINA,45,2026,February,Cold/Wind Chill,Z,8,CHEROKEE,GSP,01-FEB-26 00:00:00,EST-5,01-FEB-26 11:00:00,0,0,0,0,0.00K,0.00K,Mesonet,,,,,,,,,,,,,,,,,,,,,,Dangerous cold that began during the morning of the 31st across the South Carolina  Piedmont and foothills continued through the morning of the 1st. Winds gusting in the 20 to 35 mph range combined with air temperatures in the teens and single digits to result in minimum wind chills from -5 to 5 above across the area.,,CSV
202602,1,0,202602,1,1100,211482,1321208,SOUTH CAROLINA,45,2026,February,Cold/Wind Chill,Z,14,CHESTER,GSP,01-FEB-26 00:00:00,EST-5,01-FEB-26 11:00:00,0,0,0,0,0.00K,0.00K,AWOS,,,,,,,,,,,,,,,,,,,,,,Dangerous cold that began during the morning of the 31st across the South Carolina  Piedmont and foothills continued through the morning of the 1st. Winds gusting in the 20 to 35 mph range combined with air temperatures in the teens and single digits to result in minimum wind chills from -5 to 5 above across the area.,,CSV
202602,1,0,202602,1,1100,211482,1321209,SOUTH CAROLINA,45,2026,February,Cold/Wind Chill,Z,104,GREATER OCONEE,GSP,01-FEB-26 00:00:00,EST-5,01-FEB-26 11:00:00,0,0,0,0,0.00K,0.00K,ASOS,,,,,,,,,,,,,,,,,,,,,,Dangerous cold that began during the morning of the 31st across the South Carolina  Piedmont and foothills continued through the morning of the 1st. Winds gusting in the 20 to 35 mph range combined with air temperatures in the teens and single digits to result in minimum wind chills from -5 to 5 above across the area.,,CSV
202602,1,0,202602,1,1100,211482,1321210,SOUTH CAROLINA,45,2026,February,Cold/Wind Chill,Z,105,GREATER PICKENS,GSP,01-FEB-26 00:00:00,EST-5,01-FEB-26 11:00:00,0,0,0,0,0.00K,0.00K,AWOS,,,,,,,,,,,,,,,,,,,,,,Dangerous cold that began during the morning of the 31st across the South Carolina  Piedmont and foothills continued through the morning of the 1st. Winds gusting in the 20 to 35 mph range combined with air temperatures in the teens and single digits to result in minimum wind chills from -5 to 5 above across the area.,,CSV
202602,1,0,202602,1,1100,211482,1321211,SOUTH CAROLINA,45,2026,February,Cold/Wind Chill,Z,19,GREENWOOD,GSP,01-FEB-26 00:00:00,EST-5,01-FEB-26 11:00:00,0,0,0,0,0.00K,0.00K,ASOS,,,,,,,,,,,,,,,,,,,,,,Dangerous cold that began during the morning of the 31st across the South Carolina  Piedmont and foothills continued through the morning of the 1st. Winds gusting in the 20 to 35 mph range combined with air temperatures in the teens and single digits to result in minimum wind chills from -5 to 5 above across the area.,,CSV
202602,1,0,202602,1,1100,211482,1321212,SOUTH CAROLINA,45,2026,February,Cold/Wind Chill,Z,12,LAURENS,GSP,01-FEB-26 00:00:00,EST-5,01-FEB-26 11:00:00,0,0,0,0,0.00K,0.00K,AWOS,,,,,,,,,,,,,,,,,,,,,,Dangerous cold that began during the morning of the 31st across the South Carolina  Piedmont and foothills continued through the morning of the 1st. Winds gusting in the 20 to 35 mph range combined with air temperatures in the teens and single digits to result in minimum wind chills from -5 to 5 above across the area.,,CSV
202602,1,0,202602,1,1100,211482,1321213,SOUTH CAROLINA,45,2026,February,Cold/Wind Chill,Z,108,NORTHERN SPARTANBURG,GSP,01-FEB-26 00:00:00,EST-5,01-FEB-26 11:00:00,0,0,0,0,0.00K,0.00K,ASOS,,,,,,,,,,,,,,,,,,,,,,Dangerous cold that began during the morning of the 31st across the South Carolina  Piedmont and foothills continued through the morning of the 1st. Winds gusting in the 20 to 35 mph range combined with air temperatures in the teens and single digits to result in minimum wind chills from -5 to 5 above across the area.,,CSV
202602,1,0,202602,1,845,209147,1303131,SOUTH CAROLINA,45,2026,February,Winter Storm,Z,58,CENTRAL HORRY,ILM,01-FEB-26 00:00:00,EST-5,01-FEB-26 08:45:00,0,0,0,0,0.00K,0.00K,Broadcast Media,,,,,,,,,,,,,,,,,,,,,,A coastal low offshore and upper trough combined with deep arctic air led to significant snowfall across the Carolinas.,"Snow began on January 31 and ended on February 1, ranging from 4 to 8 inches across the zone, with highest values near the state line. Government offices were closed and schools switched to remote learning for the day following the storm. Impacts from the storm were limited.",CSV
202602,1,0,202602,1,200,211262,1319965,SOUTH CAROLINA,45,2026,February,Heavy Snow,Z,37,CALHOUN,CAE,01-FEB-26 00:00:00,EST-5,01-FEB-26 02:00:00,0,0,0,0,,,CoCoRaHS,,,,,,,,,,,,,,,,,,,,,,"A unique snow setup for South Carolina continued into February 1st as a strong coastal low strengthening offshore, while a upper level disturbance shifted over our area. This provided sufficient synoptic and mesoscale lift to continue across portions of northern and eastern SC with unusually high snow to liquid ratios between 15-20 to 1 and highest amounts in the Pee Dee region of SC.",Multiple CoCoRAHS observers measured between 2.5 and 3 inches of snow across Calhoun county accumulating into February 1st. Highest county total was 3 inches near Woodford.,CSV
202602,1,0,202602,1,200,211262,1319966,SOUTH CAROLINA,45,2026,February,Heavy Snow,Z,135,NORTHWESTERN ORANGEBURG,CAE,01-FEB-26 00:00:00,EST-5,01-FEB-26 02:00:00,0,0,0,0,,,Emergency Manager,,,,,,,,,,,,,,,,,,,,,,"A unique snow setup for South Carolina continued into February 1st as a strong coastal low strengthening offshore, while a upper level disturbance shifted over our area. This provided sufficient synoptic and mesoscale lift to continue across portions of northern and eastern SC with unusually high snow to liquid ratios between 15-20 to 1 and highest amounts in the Pee Dee region of SC.",Orangeburg Emergency Manager relayed a report of measured 3 inches near Holly Hill with snow accumulating into February 1st.,CSV
202602,1,0,202602,1,900,209147,1303136,SOUTH CAROLINA,45,2026,February,Winter Storm,Z,54,COASTAL HORRY,ILM,01-FEB-26 00:00:00,EST-5,01-FEB-26 09:00:00,0,0,0,0,0.00K,0.00K,Broadcast Media,,,,,,,,,,,,,,,,,,,,,,A coastal low offshore and upper trough combined with deep arctic air led to significant snowfall across the Carolinas.,"Snow began on January 31 and ended on February 1, ranging from 3 to 8 inches across the zone, with the highest values near the state line. Government offices were closed and schools switched to remote learning for the day following the storm. Strong winds contributed to power outages across the Grand Strand, with almost 500 people without power Sunday morning. Impacts from the storm were limited.",CSV
202602,1,0,202602,1,730,209147,1303090,SOUTH CAROLINA,45,2026,February,Winter Storm,Z,24,DILLON,ILM,01-FEB-26 00:00:00,EST-5,01-FEB-26 07:30:00,0,0,0,0,0.00K,0.00K,Broadcast Media,,,,,,,,,,,,,,,,,,,,,,A coastal low offshore and upper trough combined with deep arctic air led to significant snowfall across the Carolinas.,"Snow began on January 31 and ended on February 1, ranging from 7 to 12 inches across the county, with the highest totals across southeast parts of the county. Government offices were closed the day following the event, with county schools switching to remote learning for two days. Impacts from the storm were limited.",CSV
202602,1,0,202602,1,700,209147,1303100,SOUTH CAROLINA,45,2026,February,Winter Storm,Z,32,FLORENCE,ILM,01-FEB-26 00:00:00,EST-5,01-FEB-26 07:00:00,0,0,0,0,0.00K,0.00K,Broadcast Media,,,,,,,,,,,,,,,,,,,,,,A coastal low offshore and upper trough combined with deep arctic air led to significant snowfall across the Carolinas.,"Snow began on January 30 and ended on February 1, ranging from 6 to 8 inches across the county. Government offices were closed the day after the event, with schools switching to remote learning for two days. Impacts from the storm were limited.",CSV
202602,1,0,202602,1,200,211262,1319967,SOUTH CAROLINA,45,2026,February,Heavy Snow,Z,136,CENTRAL ORANGEBURG,CAE,01-FEB-26 00:00:00,EST-5,01-FEB-26 02:00:00,0,0,0,0,,,CoCoRaHS,,,,,,,,,,,,,,,,,,,,,,"A unique snow setup for South Carolina continued into February 1st as a strong coastal low strengthening offshore, while a upper level disturbance shifted over our area. This provided sufficient synoptic and mesoscale lift to continue across portions of northern and eastern SC with unusually high snow to liquid ratios between 15-20 to 1 and highest amounts in the Pee Dee region of SC.",Trained spotter and CoCoRAHS reports of 2 inches of measured snow in and around the city of the Orangeburg with snow accumulating into February 1st.,CSV
202602,1,0,202602,1,200,211262,1319968,SOUTH CAROLINA,45,2026,February,Heavy Snow,Z,137,SOUTHEASTERN ORANGEBURG,CAE,01-FEB-26 00:00:00,EST-5,01-FEB-26 02:00:00,0,0,0,0,,,CoCoRaHS,,,,,,,,,,,,,,,,,,,,,,"A unique snow setup for South Carolina continued into February 1st as a strong coastal low strengthening offshore, while a upper level disturbance shifted over our area. This provided sufficient synoptic and mesoscale lift to continue across portions of northern and eastern SC with unusually high snow to liquid ratios between 15-20 to 1 and highest amounts in the Pee Dee region of SC.",CoCoRAHS reports of measured 2 inches of snow near North with snow accumulating into February 1st.,CSV
202602,1,0,202602,1,1100,211482,1321214,SOUTH CAROLINA,45,2026,February,Cold/Wind Chill,Z,107,SOUTHERN GREENVILLE,GSP,01-FEB-26 00:00:00,EST-5,01-FEB-26 11:00:00,0,0,0,0,0.00K,0.00K,AWOS,,,,,,,,,,,,,,,,,,,,,,Dangerous cold that began during the morning of the 31st across the South Carolina  Piedmont and foothills continued through the morning of the 1st. Winds gusting in the 20 to 35 mph range combined with air temperatures in the teens and single digits to result in minimum wind chills from -5 to 5 above across the area.,,CSV
202602,1,0,202602,1,1100,211482,1321215,SOUTH CAROLINA,45,2026,February,Cold/Wind Chill,Z,109,SOUTHERN SPARTANBURG,GSP,01-FEB-26 00:00:00,EST-5,01-FEB-26 11:00:00,0,0,0,0,0.00K,0.00K,AWOS,,,,,,,,,,,,,,,,,,,,,,Dangerous cold that began during the morning of the 31st across the South Carolina  Piedmont and foothills continued through the morning of the 1st. Winds gusting in the 20 to 35 mph range combined with air temperatures in the teens and single digits to result in minimum wind chills from -5 to 5 above across the area.,,CSV
202602,1,0,202602,1,1100,211482,1321216,SOUTH CAROLINA,45,2026,February,Cold/Wind Chill,Z,13,UNION,GSP,01-FEB-26 00:00:00,EST-5,01-FEB-26 11:00:00,0,0,0,0,0.00K,0.00K,AWOS,,,,,,,,,,,,,,,,,,,,,,Dangerous cold that began during the morning of the 31st across the South Carolina  Piedmont and foothills continued through the morning of the 1st. Winds gusting in the 20 to 35 mph range combined with air temperatures in the teens and single digits to result in minimum wind chills from -5 to 5 above across the area.,,CSV
202602,1,0,202602,1,1100,211482,1321217,SOUTH CAROLINA,45,2026,February,Cold/Wind Chill,Z,9,YORK,GSP,01-FEB-26 00:00:00,EST-5,01-FEB-26 11:00:00,0,0,0,0,0.00K,0.00K,ASOS,,,,,,,,,,,,,,,,,,,,,,Dangerous cold that began during the morning of the 31st across the South Carolina  Piedmont and foothills continued through the morning of the 1st. Winds gusting in the 20 to 35 mph range combined with air temperatures in the teens and single digits to result in minimum wind chills from -5 to 5 above across the area.,,CSV
202602,1,0,202602,1,700,209147,1303077,SOUTH CAROLINA,45,2026,February,Winter Storm,Z,17,MARLBORO,ILM,01-FEB-26 00:00:00,EST-5,01-FEB-26 07:00:00,0,0,0,0,0.00K,0.00K,Broadcast Media,,,,,,,,,,,,,,,,,,,,,,A coastal low offshore and upper trough combined with deep arctic air led to significant snowfall across the Carolinas.,"Snow began on January 31 and ended on February 1, ranging from 4 to 6 inches across the county. Impacts from the storm were limited.",CSV
202602,1,0,202602,1,700,209147,1303098,SOUTH CAROLINA,45,2026,February,Winter Storm,Z,23,DARLINGTON,ILM,01-FEB-26 00:00:00,EST-5,01-FEB-26 07:00:00,0,0,0,0,0.00K,0.00K,Amateur Radio,,,,,,,,,,,,,,,,,,,,,,A coastal low offshore and upper trough combined with deep arctic air led to significant snowfall across the Carolinas.,"Snow began on January 31 and ended on February 1, ranging from 5 to 7 inches across the county. County offices were closed the day after the event, with schools closed for two days. Impacts from the storm were limited.",CSV
202602,1,0,202602,1,830,209147,1303102,SOUTH CAROLINA,45,2026,February,Winter Storm,Z,33,MARION,ILM,01-FEB-26 00:00:00,EST-5,01-FEB-26 08:30:00,0,0,0,0,0.00K,0.00K,Amateur Radio,,,,,,,,,,,,,,,,,,,,,,A coastal low offshore and upper trough combined with deep arctic air led to significant snowfall across the Carolinas.,"Snow began on January 31 and ended on February 1, ranging from 5 to 8 inches across the county. County offices were closed the day after the event. Impacts from the storm were limited.",CSV
202602,1,0,202602,1,700,209147,1303110,SOUTH CAROLINA,45,2026,February,Winter Storm,Z,39,WILLIAMSBURG,ILM,01-FEB-26 00:00:00,EST-5,01-FEB-26 07:00:00,0,0,0,0,0.00K,0.00K,Broadcast Media,,,,,,,,,,,,,,,,,,,,,,A coastal low offshore and upper trough combined with deep arctic air led to significant snowfall across the Carolinas.,"Snow began on January 31 and ended on February 1, ranging from 2 to 4 inches across the county. Schools switched to remote learning for two days following the storm. Impacts from the storm were limited.",CSV
202602,1,0,202602,1,830,209147,1303126,SOUTH CAROLINA,45,2026,February,Winter Storm,Z,59,NORTHERN HORRY,ILM,01-FEB-26 00:00:00,EST-5,01-FEB-26 08:30:00,0,0,0,0,0.00K,0.00K,Broadcast Media,,,,,,,,,,,,,,,,,,,,,,A coastal low offshore and upper trough combined with deep arctic air led to significant snowfall across the Carolinas.,"Snow began on January 31 and ended on February 1, ranging from 5 to 9 inches across the zone. Government offices were closed and schools switched to remote learning for the day following the storm. Impacts from the storm were limited.",CSV
202602,1,0,202602,1,700,209147,1303138,SOUTH CAROLINA,45,2026,February,Winter Storm,Z,55,INLAND GEORGETOWN,ILM,01-FEB-26 00:00:00,EST-5,01-FEB-26 07:00:00,0,0,0,0,0.00K,0.00K,Emergency Manager,,,,,,,,,,,,,,,,,,,,,,A coastal low offshore and upper trough combined with deep arctic air led to significant snowfall across the Carolinas.,"Snow began on January 31 and ended on February 1, ranging from 1 to 3 inches across the county. County offices had a delayed opening the day after the storm, and schools switched to remote learning for two days. Impacts from the storm were limited.",CSV
202602,1,0,202602,1,700,209147,1303141,SOUTH CAROLINA,45,2026,February,Winter Storm,Z,56,COASTAL GEORGETOWN,ILM,01-FEB-26 00:00:00,EST-5,01-FEB-26 07:00:00,0,0,0,0,0.00K,0.00K,Emergency Manager,,,,,,,,,,,,,,,,,,,,,,A coastal low offshore and upper trough combined with deep arctic air led to significant snowfall across the Carolinas.,"Snow began on January 31 and ended on February 1, ranging from 1 to 3 inches across the county. County offices had a delayed opening the day after the storm, and schools switched to remote learning for two days. Impacts from the storm were limited.",CSV
202602,1,0,202602,1,1100,211482,1321205,SOUTH CAROLINA,45,2026,February,Cold/Wind Chill,Z,10,ANDERSON,GSP,01-FEB-26 00:00:00,EST-5,01-FEB-26 11:00:00,0,0,0,0,0.00K,0.00K,ASOS,,,,,,,,,,,,,,,,,,,,,,Dangerous cold that began during the morning of the 31st across the South Carolina  Piedmont and foothills continued through the morning of the 1st. Winds gusting in the 20 to 35 mph range combined with air temperatures in the teens and single digits to result in minimum wind chills from -5 to 5 above across the area.,,CSV
202602,1,0,202602,1,1100,211482,1321206,SOUTH CAROLINA,45,2026,February,Cold/Wind Chill,Z,106,CENTRAL GREENVILLE,GSP,01-FEB-26 00:00:00,EST-5,01-FEB-26 11:00:00,0,0,0,0,0.00K,0.00K,ASOS,,,,,,,,,,,,,,,,,,,,,,Dangerous cold that began during the morning of the 31st across the South Carolina  Piedmont and foothills continued through the morning of the 1st. Winds gusting in the 20 to 35 mph range combined with air temperatures in the teens and single digits to result in minimum wind chills from -5 to 5 above across the area.,,CSV
