BEGIN_YEARMONTH,BEGIN_DAY,BEGIN_TIME,END_YEARMONTH,END_DAY,END_TIME,EPISODE_ID,EVENT_ID,STATE,STATE_FIPS,YEAR,MONTH_NAME,EVENT_TYPE,CZ_TYPE,CZ_FIPS,CZ_NAME,WFO,BEGIN_DATE_TIME,CZ_TIMEZONE,END_DATE_TIME,INJURIES_DIRECT,INJURIES_INDIRECT,DEATHS_DIRECT,DEATHS_INDIRECT,DAMAGE_PROPERTY,DAMAGE_CROPS,SOURCE,MAGNITUDE,MAGNITUDE_TYPE,FLOOD_CAUSE,CATEGORY,TOR_F_SCALE,TOR_LENGTH,TOR_WIDTH,TOR_OTHER_WFO,TOR_OTHER_CZ_STATE,TOR_OTHER_CZ_FIPS,TOR_OTHER_CZ_NAME,BEGIN_RANGE,BEGIN_AZIMUTH,BEGIN_LOCATION,END_RANGE,END_AZIMUTH,END_LOCATION,BEGIN_LAT,BEGIN_LON,END_LAT,END_LON,EPISODE_NARRATIVE,EVENT_NARRATIVE,DATA_SOURCE
202601,24,15,202601,25,1215,210355,1312254,ARKANSAS,5,2026,January,Winter Storm,Z,123,SOUTHEAST VAN BUREN COUNTY,LZK,24-JAN-26 00:15:00,CST-6,25-JAN-26 12:15:00,0,0,0,0,,,COOP Observer,,,,,,,,,,,,,,,,,,,,,,A significant winter storm moved across the state between January 23rd and January 25th. Mixed precipitation was observed with significant accumulations of sleet and snow over the northern two-thirds of the state and freezing rain mixed with sleet over the southern third of the state. A very cold air mass followed this event prolonging accumulations to well beyond a weeks time.,Snow was measured at 6 inches near Southside.,CSV
202601,24,30,202601,25,1210,210355,1312259,ARKANSAS,5,2026,January,Winter Storm,Z,113,SEARCY COUNTY LOWER ELEVATIONS,LZK,24-JAN-26 00:30:00,CST-6,25-JAN-26 12:10:00,0,0,0,0,,,Public,,,,,,,,,,,,,,,,,,,,,,A significant winter storm moved across the state between January 23rd and January 25th. Mixed precipitation was observed with significant accumulations of sleet and snow over the northern two-thirds of the state and freezing rain mixed with sleet over the southern third of the state. A very cold air mass followed this event prolonging accumulations to well beyond a weeks time.,A mix of snow and sleet accumulated to 2.8 inches in Marshall.,CSV
202601,23,2100,202601,25,930,210355,1312261,ARKANSAS,5,2026,January,Winter Storm,Z,43,SALINE,LZK,23-JAN-26 21:00:00,CST-6,25-JAN-26 09:30:00,0,0,0,0,,,Public,,,,,,,,,,,,,,,,,,,,,,A significant winter storm moved across the state between January 23rd and January 25th. Mixed precipitation was observed with significant accumulations of sleet and snow over the northern two-thirds of the state and freezing rain mixed with sleet over the southern third of the state. A very cold air mass followed this event prolonging accumulations to well beyond a weeks time.,A mix of sleet and snow accumulated to 7 inches in Benton.,CSV
202601,23,1831,202601,25,813,210355,1312264,ARKANSAS,5,2026,January,Winter Storm,Z,44,PULASKI,LZK,23-JAN-26 18:31:00,CST-6,25-JAN-26 08:13:00,0,0,0,0,,,Official NWS Observations,,,,,,,,,,,,,,,,,,,,,,A significant winter storm moved across the state between January 23rd and January 25th. Mixed precipitation was observed with significant accumulations of sleet and snow over the northern two-thirds of the state and freezing rain mixed with sleet over the southern third of the state. A very cold air mass followed this event prolonging accumulations to well beyond a weeks time.,"Mainly snow, sleet mixed in at times, accumulated to 11 inches at the National Weather Service Forecast Office in North Little Rock.",CSV
202601,23,2355,202601,25,815,210355,1312267,ARKANSAS,5,2026,January,Winter Storm,Z,46,PRAIRIE,LZK,23-JAN-26 23:55:00,CST-6,25-JAN-26 08:15:00,0,0,0,0,,,Public,,,,,,,,,,,,,,,,,,,,,,A significant winter storm moved across the state between January 23rd and January 25th. Mixed precipitation was observed with significant accumulations of sleet and snow over the northern two-thirds of the state and freezing rain mixed with sleet over the southern third of the state. A very cold air mass followed this event prolonging accumulations to well beyond a weeks time.,A mix of snow and sleet was measured at 5 inches in Hazen.,CSV
202601,23,1655,202601,25,1155,210355,1312268,ARKANSAS,5,2026,January,Winter Storm,Z,140,POLK COUNTY LOWER ELEVATIONS,LZK,23-JAN-26 16:55:00,CST-6,25-JAN-26 11:55:00,0,0,0,0,,,Amateur Radio,,,,,,,,,,,,,,,,,,,,,,A significant winter storm moved across the state between January 23rd and January 25th. Mixed precipitation was observed with significant accumulations of sleet and snow over the northern two-thirds of the state and freezing rain mixed with sleet over the southern third of the state. A very cold air mass followed this event prolonging accumulations to well beyond a weeks time.,"Mainly sleet, mixed with snow at times, was measured at 2 inches in Mena.",CSV
202601,23,1900,202601,25,1145,210355,1312269,ARKANSAS,5,2026,January,Winter Storm,Z,240,NORTHERN POLK COUNTY HIGHER ELEVATIONS,LZK,23-JAN-26 19:00:00,CST-6,25-JAN-26 11:45:00,0,0,0,0,,,Park/Forest Service,,,,,,,,,,,,,,,,,,,,,,A significant winter storm moved across the state between January 23rd and January 25th. Mixed precipitation was observed with significant accumulations of sleet and snow over the northern two-thirds of the state and freezing rain mixed with sleet over the southern third of the state. A very cold air mass followed this event prolonging accumulations to well beyond a weeks time.,A mix of sleet and snow was measured at 5.5 inches at Queen Wilhelmina State Park.,CSV
202601,24,10,202601,25,1300,210355,1312270,ARKANSAS,5,2026,January,Winter Storm,Z,212,NEWTON COUNTY HIGHER ELEVATIONS,LZK,24-JAN-26 00:10:00,CST-6,25-JAN-26 13:00:00,0,0,0,0,,,Public,,,,,,,,,,,,,,,,,,,,,,A significant winter storm moved across the state between January 23rd and January 25th. Mixed precipitation was observed with significant accumulations of sleet and snow over the northern two-thirds of the state and freezing rain mixed with sleet over the southern third of the state. A very cold air mass followed this event prolonging accumulations to well beyond a weeks time.,Snow was measured at 6 inches in Ponca.,CSV
202601,24,10,202601,25,1300,210355,1312271,ARKANSAS,5,2026,January,Winter Storm,Z,112,NEWTON COUNTY LOWER ELEVATIONS,LZK,24-JAN-26 00:10:00,CST-6,25-JAN-26 13:00:00,0,0,0,0,,,Public,,,,,,,,,,,,,,,,,,,,,,A significant winter storm moved across the state between January 23rd and January 25th. Mixed precipitation was observed with significant accumulations of sleet and snow over the northern two-thirds of the state and freezing rain mixed with sleet over the southern third of the state. A very cold air mass followed this event prolonging accumulations to well beyond a weeks time.,A mix of sleet and snow accumulated to 3 inches in Jasper.,CSV
202601,23,2300,202601,25,1000,210355,1312272,ARKANSAS,5,2026,January,Winter Storm,Z,47,MONROE,LZK,23-JAN-26 23:00:00,CST-6,25-JAN-26 10:00:00,0,0,0,0,,,Public,,,,,,,,,,,,,,,,,,,,,,A significant winter storm moved across the state between January 23rd and January 25th. Mixed precipitation was observed with significant accumulations of sleet and snow over the northern two-thirds of the state and freezing rain mixed with sleet over the southern third of the state. A very cold air mass followed this event prolonging accumulations to well beyond a weeks time.,A mix of sleet and snow accumulated to 3.5 inches in Brinkley.,CSV
202601,24,50,202601,25,1200,210355,1312273,ARKANSAS,5,2026,January,Winter Storm,Z,4,MARION,LZK,24-JAN-26 00:50:00,CST-6,25-JAN-26 12:00:00,0,0,0,0,,,Public,,,,,,,,,,,,,,,,,,,,,,A significant winter storm moved across the state between January 23rd and January 25th. Mixed precipitation was observed with significant accumulations of sleet and snow over the northern two-thirds of the state and freezing rain mixed with sleet over the southern third of the state. A very cold air mass followed this event prolonging accumulations to well beyond a weeks time.,Snow was measured at 6.5 inches in Caney.,CSV
202601,23,2151,202601,25,1053,210355,1312274,ARKANSAS,5,2026,January,Winter Storm,Z,45,LONOKE,LZK,23-JAN-26 21:51:00,CST-6,25-JAN-26 10:53:00,0,0,0,0,,,Public,,,,,,,,,,,,,,,,,,,,,,A significant winter storm moved across the state between January 23rd and January 25th. Mixed precipitation was observed with significant accumulations of sleet and snow over the northern two-thirds of the state and freezing rain mixed with sleet over the southern third of the state. A very cold air mass followed this event prolonging accumulations to well beyond a weeks time.,A mix of sleet and snow accumulated to 6.3 inches in Austin.,CSV
202601,23,1953,202601,25,844,210355,1312275,ARKANSAS,5,2026,January,Winter Storm,Z,56,JEFFERSON,LZK,23-JAN-26 19:53:00,CST-6,25-JAN-26 08:44:00,0,0,0,0,,,Amateur Radio,,,,,,,,,,,,,,,,,,,,,,A significant winter storm moved across the state between January 23rd and January 25th. Mixed precipitation was observed with significant accumulations of sleet and snow over the northern two-thirds of the state and freezing rain mixed with sleet over the southern third of the state. A very cold air mass followed this event prolonging accumulations to well beyond a weeks time.,"A mix of sleet and snow accumulated to 3 inches near Lake Pine Bluff. Additionally, the Pine Bluff ASOS measured 0.12 inches of freezing rain accretion.",CSV
202601,24,56,202601,25,856,210355,1312276,ARKANSAS,5,2026,January,Winter Storm,Z,25,JACKSON,LZK,24-JAN-26 00:56:00,CST-6,25-JAN-26 08:56:00,0,0,0,0,,,Emergency Manager,,,,,,,,,,,,,,,,,,,,,,A significant winter storm moved across the state between January 23rd and January 25th. Mixed precipitation was observed with significant accumulations of sleet and snow over the northern two-thirds of the state and freezing rain mixed with sleet over the southern third of the state. A very cold air mass followed this event prolonging accumulations to well beyond a weeks time.,A mix of sleet and snow accumulated to 9.5 inches at Swifton.,CSV
202601,24,56,202601,25,856,210355,1312277,ARKANSAS,5,2026,January,Winter Storm,Z,16,INDEPENDENCE,LZK,24-JAN-26 00:56:00,CST-6,25-JAN-26 08:56:00,0,0,0,0,,,Public,,,,,,,,,,,,,,,,,,,,,,A significant winter storm moved across the state between January 23rd and January 25th. Mixed precipitation was observed with significant accumulations of sleet and snow over the northern two-thirds of the state and freezing rain mixed with sleet over the southern third of the state. A very cold air mass followed this event prolonging accumulations to well beyond a weeks time.,Mainly snow was measured at 7.6 inches near Batesville.,CSV
202601,23,2100,202601,25,1130,210355,1312278,ARKANSAS,5,2026,January,Winter Storm,Z,54,HOT SPRING,LZK,23-JAN-26 21:00:00,CST-6,25-JAN-26 11:30:00,0,0,0,0,,,Public,,,,,,,,,,,,,,,,,,,,,,A significant winter storm moved across the state between January 23rd and January 25th. Mixed precipitation was observed with significant accumulations of sleet and snow over the northern two-thirds of the state and freezing rain mixed with sleet over the southern third of the state. A very cold air mass followed this event prolonging accumulations to well beyond a weeks time.,A mix of sleet and snow accumulated to 5 inches at Point Cedar.,CSV
202601,23,2230,202601,25,430,210355,1312279,ARKANSAS,5,2026,January,Winter Storm,Z,55,GRANT,LZK,23-JAN-26 22:30:00,CST-6,25-JAN-26 04:30:00,0,0,0,0,,,Amateur Radio,,,,,,,,,,,,,,,,,,,,,,A significant winter storm moved across the state between January 23rd and January 25th. Mixed precipitation was observed with significant accumulations of sleet and snow over the northern two-thirds of the state and freezing rain mixed with sleet over the southern third of the state. A very cold air mass followed this event prolonging accumulations to well beyond a weeks time.,"Mainly sleet, mix with snow snow, was measured at 2.3 inches in Slabtown.",CSV
202601,23,2337,202601,25,1053,210355,1312280,ARKANSAS,5,2026,January,Winter Storm,Z,42,GARLAND,LZK,23-JAN-26 23:37:00,CST-6,25-JAN-26 10:53:00,0,0,0,0,,,Amateur Radio,,,,,,,,,,,,,,,,,,,,,,A significant winter storm moved across the state between January 23rd and January 25th. Mixed precipitation was observed with significant accumulations of sleet and snow over the northern two-thirds of the state and freezing rain mixed with sleet over the southern third of the state. A very cold air mass followed this event prolonging accumulations to well beyond a weeks time.,"Mainly sleet, with some snow mixed in, accumulated to 2.5 inches in Royal. Additionally, the Hot Springs ASOS measured 0.20 inches of freezing rain accretion.",CSV
202601,24,200,202601,25,800,210355,1312281,ARKANSAS,5,2026,January,Winter Storm,Z,6,FULTON,LZK,24-JAN-26 02:00:00,CST-6,25-JAN-26 08:00:00,0,0,0,0,,,COOP Observer,,,,,,,,,,,,,,,,,,,,,,A significant winter storm moved across the state between January 23rd and January 25th. Mixed precipitation was observed with significant accumulations of sleet and snow over the northern two-thirds of the state and freezing rain mixed with sleet over the southern third of the state. A very cold air mass followed this event prolonging accumulations to well beyond a weeks time.,Snow was measured at 6.5 inches near Salem.,CSV
202601,23,2250,202601,25,955,210355,1312282,ARKANSAS,5,2026,January,Winter Storm,Z,32,FAULKNER,LZK,23-JAN-26 22:50:00,CST-6,25-JAN-26 09:55:00,0,0,0,0,,,Public,,,,,,,,,,,,,,,,,,,,,,A significant winter storm moved across the state between January 23rd and January 25th. Mixed precipitation was observed with significant accumulations of sleet and snow over the northern two-thirds of the state and freezing rain mixed with sleet over the southern third of the state. A very cold air mass followed this event prolonging accumulations to well beyond a weeks time.,A mix of sleet and snow accumulated to 6.8 inches in Mayflower.,CSV
202601,24,30,202601,25,1210,210355,1312283,ARKANSAS,5,2026,January,Winter Storm,Z,313,"EASTERN, CENTRAL AND SOUTHERN SEARCY COUNTY HIGHER ELEVATIONS",LZK,24-JAN-26 00:30:00,CST-6,25-JAN-26 12:10:00,0,0,0,0,,,COOP Observer,,,,,,,,,,,,,,,,,,,,,,A significant winter storm moved across the state between January 23rd and January 25th. Mixed precipitation was observed with significant accumulations of sleet and snow over the northern two-thirds of the state and freezing rain mixed with sleet over the southern third of the state. A very cold air mass followed this event prolonging accumulations to well beyond a weeks time.,Snow was measured at 12 inches at Witt Springs.,CSV
202601,23,2300,202601,25,1100,210355,1312284,ARKANSAS,5,2026,January,Winter Storm,Z,31,CONWAY,LZK,23-JAN-26 23:00:00,CST-6,25-JAN-26 11:00:00,0,0,0,0,,,COOP Observer,,,,,,,,,,,,,,,,,,,,,,A significant winter storm moved across the state between January 23rd and January 25th. Mixed precipitation was observed with significant accumulations of sleet and snow over the northern two-thirds of the state and freezing rain mixed with sleet over the southern third of the state. A very cold air mass followed this event prolonging accumulations to well beyond a weeks time.,A mix of sleet and snow accumulated to 5.5 inches near Catholic Point.,CSV
202601,24,30,202601,25,930,210355,1312285,ARKANSAS,5,2026,January,Winter Storm,Z,24,CLEBURNE,LZK,24-JAN-26 00:30:00,CST-6,25-JAN-26 09:30:00,0,0,0,0,,,Public,,,,,,,,,,,,,,,,,,,,,,A significant winter storm moved across the state between January 23rd and January 25th. Mixed precipitation was observed with significant accumulations of sleet and snow over the northern two-thirds of the state and freezing rain mixed with sleet over the southern third of the state. A very cold air mass followed this event prolonging accumulations to well beyond a weeks time.,A mix of snow and sleet accumulated to 7 inches in Greers Ferry.,CSV
202601,23,1755,202601,25,1205,210355,1312286,ARKANSAS,5,2026,January,Winter Storm,Z,53,CLARK,LZK,23-JAN-26 17:55:00,CST-6,25-JAN-26 12:05:00,0,0,0,0,,,Trained Spotter,,,,,,,,,,,,,,,,,,,,,,A significant winter storm moved across the state between January 23rd and January 25th. Mixed precipitation was observed with significant accumulations of sleet and snow over the northern two-thirds of the state and freezing rain mixed with sleet over the southern third of the state. A very cold air mass followed this event prolonging accumulations to well beyond a weeks time.,"Sleet, with with some snow, accumulated to 3 inches at Arkadelphia. Additionally, the Arkadelphia ASOS measured 0.10 inch freezing rain accretion.",CSV
202601,23,2000,202601,25,1140,210355,1312287,ARKANSAS,5,2026,January,Winter Storm,Z,237,CENTRAL AND SOUTHERN SCOTT COUNTY,LZK,23-JAN-26 20:00:00,CST-6,25-JAN-26 11:40:00,0,0,0,0,,,Public,,,,,,,,,,,,,,,,,,,,,,A significant winter storm moved across the state between January 23rd and January 25th. Mixed precipitation was observed with significant accumulations of sleet and snow over the northern two-thirds of the state and freezing rain mixed with sleet over the southern third of the state. A very cold air mass followed this event prolonging accumulations to well beyond a weeks time.,A mix of sleet and snow was measured at 6.5 inches in Waldron.,CSV
202601,23,1953,202601,25,853,210355,1312288,ARKANSAS,5,2026,January,Winter Storm,Z,141,CENTRAL AND EASTERN MONTGOMERY COUNTY,LZK,23-JAN-26 19:53:00,CST-6,25-JAN-26 08:53:00,0,0,0,0,,,Amateur Radio,,,,,,,,,,,,,,,,,,,,,,A significant winter storm moved across the state between January 23rd and January 25th. Mixed precipitation was observed with significant accumulations of sleet and snow over the northern two-thirds of the state and freezing rain mixed with sleet over the southern third of the state. A very cold air mass followed this event prolonging accumulations to well beyond a weeks time.,"Mainly sleet, mixed with some snow, was measured at 4 inches in Caddo Gap.",CSV
202601,24,43,202601,25,1353,210355,1312289,ARKANSAS,5,2026,January,Winter Storm,Z,103,BOONE COUNTY EXCEPT SOUTHWEST,LZK,24-JAN-26 00:43:00,CST-6,25-JAN-26 13:53:00,0,0,0,0,,,Broadcast Media,,,,,,,,,,,,,,,,,,,,,,A significant winter storm moved across the state between January 23rd and January 25th. Mixed precipitation was observed with significant accumulations of sleet and snow over the northern two-thirds of the state and freezing rain mixed with sleet over the southern third of the state. A very cold air mass followed this event prolonging accumulations to well beyond a weeks time.,Snow was measured at 11 inches near Omaha.,CSV
202601,24,115,202601,25,1000,210355,1312290,ARKANSAS,5,2026,January,Winter Storm,Z,5,BAXTER,LZK,24-JAN-26 01:15:00,CST-6,25-JAN-26 10:00:00,0,0,0,0,,,Public,,,,,,,,,,,,,,,,,,,,,,A significant winter storm moved across the state between January 23rd and January 25th. Mixed precipitation was observed with significant accumulations of sleet and snow over the northern two-thirds of the state and freezing rain mixed with sleet over the southern third of the state. A very cold air mass followed this event prolonging accumulations to well beyond a weeks time.,Snow was measured at 7.3 inches near Mountain Home.,CSV
202601,23,2022,202601,24,2153,210355,1312292,ARKANSAS,5,2026,January,Winter Weather,Z,69,DREW,LZK,23-JAN-26 20:22:00,CST-6,24-JAN-26 21:53:00,0,0,0,0,,,ASOS,,,,,,,,,,,,,,,,,,,,,,A significant winter storm moved across the state between January 23rd and January 25th. Mixed precipitation was observed with significant accumulations of sleet and snow over the northern two-thirds of the state and freezing rain mixed with sleet over the southern third of the state. A very cold air mass followed this event prolonging accumulations to well beyond a weeks time.,The Monticello ASOS measured 0.21 inch freezing rain accretion.,CSV
202601,24,130,202601,25,1400,210355,1312293,ARKANSAS,5,2026,January,Winter Storm,Z,65,DESHA,LZK,24-JAN-26 01:30:00,CST-6,25-JAN-26 14:00:00,0,0,0,0,,,Public,,,,,,,,,,,,,,,,,,,,,,A significant winter storm moved across the state between January 23rd and January 25th. Mixed precipitation was observed with significant accumulations of sleet and snow over the northern two-thirds of the state and freezing rain mixed with sleet over the southern third of the state. A very cold air mass followed this event prolonging accumulations to well beyond a weeks time.,Sleet was measured at 4 inches plus 0.25 inch of freezing rain accretion was measured in Pendleton.,CSV
202601,27,1700,202601,27,1700,210355,1312300,ARKANSAS,5,2026,January,Winter Weather,Z,43,SALINE,LZK,27-JAN-26 17:00:00,CST-6,27-JAN-26 17:00:00,0,0,0,0,,,County Official,,,,,,,,,,,,,,,,,,,,,,A significant winter storm moved across the state between January 23rd and January 25th. Mixed precipitation was observed with significant accumulations of sleet and snow over the northern two-thirds of the state and freezing rain mixed with sleet over the southern third of the state. A very cold air mass followed this event prolonging accumulations to well beyond a weeks time.,"Total collapse of a building in downtown Benton due to the weight of the winter precipitation on the roof. As the building collapsed, additional damage was done to adjacent businesses.",CSV
202601,27,1430,202601,27,1430,210355,1312301,ARKANSAS,5,2026,January,Winter Weather,Z,43,SALINE,LZK,27-JAN-26 14:30:00,CST-6,27-JAN-26 14:30:00,0,0,0,0,,,Emergency Manager,,,,,,,,,,,,,,,,,,,,,,A significant winter storm moved across the state between January 23rd and January 25th. Mixed precipitation was observed with significant accumulations of sleet and snow over the northern two-thirds of the state and freezing rain mixed with sleet over the southern third of the state. A very cold air mass followed this event prolonging accumulations to well beyond a weeks time.,Significant portion of the rodeo arena roof collapsed due to sleet and snow accumulation. This arena is located on the Saline County Fair Grounds.,CSV
202601,26,1822,202601,26,1822,210355,1312303,ARKANSAS,5,2026,January,Winter Weather,Z,141,CENTRAL AND EASTERN MONTGOMERY COUNTY,LZK,26-JAN-26 18:22:00,CST-6,26-JAN-26 18:22:00,0,0,0,0,,,Emergency Manager,,,,,,,,,,,,,,,,,,,,,,A significant winter storm moved across the state between January 23rd and January 25th. Mixed precipitation was observed with significant accumulations of sleet and snow over the northern two-thirds of the state and freezing rain mixed with sleet over the southern third of the state. A very cold air mass followed this event prolonging accumulations to well beyond a weeks time.,Roof collapse onto Fire Trucks at volunteer fire station in Norman. No information of damage to fire engines.,CSV
202601,26,1749,202601,26,1749,210355,1312304,ARKANSAS,5,2026,January,Winter Weather,Z,56,JEFFERSON,LZK,26-JAN-26 17:49:00,CST-6,26-JAN-26 17:49:00,0,0,0,0,,,Public,,,,,,,,,,,,,,,,,,,,,,A significant winter storm moved across the state between January 23rd and January 25th. Mixed precipitation was observed with significant accumulations of sleet and snow over the northern two-thirds of the state and freezing rain mixed with sleet over the southern third of the state. A very cold air mass followed this event prolonging accumulations to well beyond a weeks time.,Roof Collapse at Smith Trucking near Lake Pine Bluff. Gas Leak was noted as well.,CSV
202601,25,1400,202601,25,1400,210355,1312306,ARKANSAS,5,2026,January,Winter Weather,Z,53,CLARK,LZK,25-JAN-26 14:00:00,CST-6,25-JAN-26 14:00:00,0,0,0,0,,,Public,,,,,,,,,,,,,,,,,,,,,,A significant winter storm moved across the state between January 23rd and January 25th. Mixed precipitation was observed with significant accumulations of sleet and snow over the northern two-thirds of the state and freezing rain mixed with sleet over the southern third of the state. A very cold air mass followed this event prolonging accumulations to well beyond a weeks time.,A large section of dock collapsed at DeGray Lake State Park due to the weight of winter precipitation.,CSV
202601,25,1100,202601,25,1100,210355,1312307,ARKANSAS,5,2026,January,Winter Weather,Z,52,PIKE,LZK,25-JAN-26 11:00:00,CST-6,25-JAN-26 11:00:00,0,0,0,0,,,Broadcast Media,,,,,,,,,,,,,,,,,,,,,,A significant winter storm moved across the state between January 23rd and January 25th. Mixed precipitation was observed with significant accumulations of sleet and snow over the northern two-thirds of the state and freezing rain mixed with sleet over the southern third of the state. A very cold air mass followed this event prolonging accumulations to well beyond a weeks time.,Large sections of a dock at Narrows Dam collapsed due to the weight of winter precipitation.,CSV
202601,25,1100,202601,25,1100,210355,1312308,ARKANSAS,5,2026,January,Winter Weather,Z,44,PULASKI,LZK,25-JAN-26 11:00:00,CST-6,25-JAN-26 11:00:00,0,0,0,0,,,Public,,,,,,,,,,,,,,,,,,,,,,A significant winter storm moved across the state between January 23rd and January 25th. Mixed precipitation was observed with significant accumulations of sleet and snow over the northern two-thirds of the state and freezing rain mixed with sleet over the southern third of the state. A very cold air mass followed this event prolonging accumulations to well beyond a weeks time.,"Multiple roofs collapsed over docked boats at Lake Maumelle due to the weight of accumulated winter precipitation, which was primarily sleet.",CSV
202601,25,1100,202601,25,1100,210355,1312310,ARKANSAS,5,2026,January,Winter Weather,Z,43,SALINE,LZK,25-JAN-26 11:00:00,CST-6,25-JAN-26 11:00:00,0,0,0,0,,,County Official,,,,,,,,,,,,,,,,,,,,,,A significant winter storm moved across the state between January 23rd and January 25th. Mixed precipitation was observed with significant accumulations of sleet and snow over the northern two-thirds of the state and freezing rain mixed with sleet over the southern third of the state. A very cold air mass followed this event prolonging accumulations to well beyond a weeks time.,"Metal roof over a gas station collapsed due to the weight of accumulated winter precipitation, which was primarily sleet.",CSV
202601,25,1100,202601,25,1100,210355,1312316,ARKANSAS,5,2026,January,Winter Weather,Z,43,SALINE,LZK,25-JAN-26 11:00:00,CST-6,25-JAN-26 11:00:00,0,0,0,0,,,Public,,,,,,,,,,,,,,,,,,,,,,A significant winter storm moved across the state between January 23rd and January 25th. Mixed precipitation was observed with significant accumulations of sleet and snow over the northern two-thirds of the state and freezing rain mixed with sleet over the southern third of the state. A very cold air mass followed this event prolonging accumulations to well beyond a weeks time.,"The roof of a metal shop collapsed due to the weight of accumulated winter precipitation, which was primarily sleet.",CSV
202601,25,900,202601,25,900,210355,1312320,ARKANSAS,5,2026,January,Winter Weather,Z,43,SALINE,LZK,25-JAN-26 09:00:00,CST-6,25-JAN-26 09:00:00,0,0,0,0,,,County Official,,,,,,,,,,,,,,,,,,,,,,A significant winter storm moved across the state between January 23rd and January 25th. Mixed precipitation was observed with significant accumulations of sleet and snow over the northern two-thirds of the state and freezing rain mixed with sleet over the southern third of the state. A very cold air mass followed this event prolonging accumulations to well beyond a weeks time.,Heavy accumulation of mostly sleet led to the collapse of the roof portion of a large storage shed for the Saline County Road Department.,CSV
202601,25,800,202601,25,800,210355,1312321,ARKANSAS,5,2026,January,Winter Weather,Z,5,BAXTER,LZK,25-JAN-26 08:00:00,CST-6,25-JAN-26 08:00:00,0,0,0,0,,,Amateur Radio,,,,,,,,,,,,,,,,,,,,,,A significant winter storm moved across the state between January 23rd and January 25th. Mixed precipitation was observed with significant accumulations of sleet and snow over the northern two-thirds of the state and freezing rain mixed with sleet over the southern third of the state. A very cold air mass followed this event prolonging accumulations to well beyond a weeks time.,Two metal awnings collapsed and fell on a vehicle in Gassville.,CSV
202601,25,700,202601,25,700,210355,1312322,ARKANSAS,5,2026,January,Winter Weather,Z,24,CLEBURNE,LZK,25-JAN-26 07:00:00,CST-6,25-JAN-26 07:00:00,0,0,0,0,,,Broadcast Media,,,,,,,,,,,,,,,,,,,,,,A significant winter storm moved across the state between January 23rd and January 25th. Mixed precipitation was observed with significant accumulations of sleet and snow over the northern two-thirds of the state and freezing rain mixed with sleet over the southern third of the state. A very cold air mass followed this event prolonging accumulations to well beyond a weeks time.,A large section of dock collapsed on Greers Ferry Lake near the Dam Site Marina due to the weight of winter precipitation.,CSV
202601,25,1200,202601,25,1200,210355,1312325,ARKANSAS,5,2026,January,Winter Weather,Z,44,PULASKI,LZK,25-JAN-26 12:00:00,CST-6,25-JAN-26 12:00:00,0,0,0,0,,,NWS Employee,,,,,,,,,,,,,,,,,,,,,,A significant winter storm moved across the state between January 23rd and January 25th. Mixed precipitation was observed with significant accumulations of sleet and snow over the northern two-thirds of the state and freezing rain mixed with sleet over the southern third of the state. A very cold air mass followed this event prolonging accumulations to well beyond a weeks time.,Partial roof collapse of CJ's food mart at Batesville Pike and Jacksonville/Conway road.,CSV
202601,23,2000,202601,25,800,210355,1312363,ARKANSAS,5,2026,January,Winter Storm,Z,62,DALLAS,LZK,23-JAN-26 20:00:00,CST-6,25-JAN-26 08:00:00,0,0,0,0,,,CoCoRaHS,,,,,,,,,,,,,,,,,,,,,,A significant winter storm moved across the state between January 23rd and January 25th. Mixed precipitation was observed with significant accumulations of sleet and snow over the northern two-thirds of the state and freezing rain mixed with sleet over the southern third of the state. A very cold air mass followed this event prolonging accumulations to well beyond a weeks time.,Sleet was measured at 1.5 inches near Ivan.,CSV
202601,23,2100,202601,25,1400,209676,1307526,ARKANSAS,5,2026,January,Winter Storm,Z,1,BENTON,TSA,23-JAN-26 21:00:00,CST-6,25-JAN-26 14:00:00,0,0,0,0,0.00K,0.00K,Emergency Manager,,,,,,,,,,,,,,,,,,,,,,"A low pressure system moving east from off the Mexican Baja coast phased with a strong northern stream low pressure system over the Southern Plains. Precipitation began across northwestern Arkansas during the evening of the 23rd, as these systems approached the area. A couple rounds of heavy wintry precipitation fell across the region through the morning of the 25th. During the first round of precipitation, widespread snow, some heavy, fell north of I-40, with a mixture of sleet and freezing rain south of I-40. The second round began during the evening of the 24th and continued through the morning of the 25th. Heavy snow fell across the region, with periods of sleet at times in Sebastian, Crawford, and Franklin Counties. Storm totals of up to 12 inches of snow and up to 1.5 inches of sleet fell across the area.",,CSV
202601,23,2200,202601,25,1400,209676,1307527,ARKANSAS,5,2026,January,Winter Storm,Z,2,CARROLL,TSA,23-JAN-26 22:00:00,CST-6,25-JAN-26 14:00:00,0,0,0,0,0.00K,0.00K,Emergency Manager,,,,,,,,,,,,,,,,,,,,,,"A low pressure system moving east from off the Mexican Baja coast phased with a strong northern stream low pressure system over the Southern Plains. Precipitation began across northwestern Arkansas during the evening of the 23rd, as these systems approached the area. A couple rounds of heavy wintry precipitation fell across the region through the morning of the 25th. During the first round of precipitation, widespread snow, some heavy, fell north of I-40, with a mixture of sleet and freezing rain south of I-40. The second round began during the evening of the 24th and continued through the morning of the 25th. Heavy snow fell across the region, with periods of sleet at times in Sebastian, Crawford, and Franklin Counties. Storm totals of up to 12 inches of snow and up to 1.5 inches of sleet fell across the area.",,CSV
202601,23,2100,202601,25,1400,209676,1307529,ARKANSAS,5,2026,January,Winter Storm,Z,10,WASHINGTON,TSA,23-JAN-26 21:00:00,CST-6,25-JAN-26 14:00:00,0,0,0,0,0.00K,0.00K,Emergency Manager,,,,,,,,,,,,,,,,,,,,,,"A low pressure system moving east from off the Mexican Baja coast phased with a strong northern stream low pressure system over the Southern Plains. Precipitation began across northwestern Arkansas during the evening of the 23rd, as these systems approached the area. A couple rounds of heavy wintry precipitation fell across the region through the morning of the 25th. During the first round of precipitation, widespread snow, some heavy, fell north of I-40, with a mixture of sleet and freezing rain south of I-40. The second round began during the evening of the 24th and continued through the morning of the 25th. Heavy snow fell across the region, with periods of sleet at times in Sebastian, Crawford, and Franklin Counties. Storm totals of up to 12 inches of snow and up to 1.5 inches of sleet fell across the area.",,CSV
202601,23,2100,202601,25,1400,209676,1307531,ARKANSAS,5,2026,January,Winter Storm,Z,11,MADISON,TSA,23-JAN-26 21:00:00,CST-6,25-JAN-26 14:00:00,0,0,0,0,0.00K,0.00K,Emergency Manager,,,,,,,,,,,,,,,,,,,,,,"A low pressure system moving east from off the Mexican Baja coast phased with a strong northern stream low pressure system over the Southern Plains. Precipitation began across northwestern Arkansas during the evening of the 23rd, as these systems approached the area. A couple rounds of heavy wintry precipitation fell across the region through the morning of the 25th. During the first round of precipitation, widespread snow, some heavy, fell north of I-40, with a mixture of sleet and freezing rain south of I-40. The second round began during the evening of the 24th and continued through the morning of the 25th. Heavy snow fell across the region, with periods of sleet at times in Sebastian, Crawford, and Franklin Counties. Storm totals of up to 12 inches of snow and up to 1.5 inches of sleet fell across the area.",,CSV
202601,23,2100,202601,25,1400,209676,1307532,ARKANSAS,5,2026,January,Winter Storm,Z,19,CRAWFORD,TSA,23-JAN-26 21:00:00,CST-6,25-JAN-26 14:00:00,0,0,0,0,0.00K,0.00K,Emergency Manager,,,,,,,,,,,,,,,,,,,,,,"A low pressure system moving east from off the Mexican Baja coast phased with a strong northern stream low pressure system over the Southern Plains. Precipitation began across northwestern Arkansas during the evening of the 23rd, as these systems approached the area. A couple rounds of heavy wintry precipitation fell across the region through the morning of the 25th. During the first round of precipitation, widespread snow, some heavy, fell north of I-40, with a mixture of sleet and freezing rain south of I-40. The second round began during the evening of the 24th and continued through the morning of the 25th. Heavy snow fell across the region, with periods of sleet at times in Sebastian, Crawford, and Franklin Counties. Storm totals of up to 12 inches of snow and up to 1.5 inches of sleet fell across the area.",,CSV
202601,23,2100,202601,25,1400,209676,1307533,ARKANSAS,5,2026,January,Winter Storm,Z,20,FRANKLIN,TSA,23-JAN-26 21:00:00,CST-6,25-JAN-26 14:00:00,0,0,0,0,0.00K,0.00K,Emergency Manager,,,,,,,,,,,,,,,,,,,,,,"A low pressure system moving east from off the Mexican Baja coast phased with a strong northern stream low pressure system over the Southern Plains. Precipitation began across northwestern Arkansas during the evening of the 23rd, as these systems approached the area. A couple rounds of heavy wintry precipitation fell across the region through the morning of the 25th. During the first round of precipitation, widespread snow, some heavy, fell north of I-40, with a mixture of sleet and freezing rain south of I-40. The second round began during the evening of the 24th and continued through the morning of the 25th. Heavy snow fell across the region, with periods of sleet at times in Sebastian, Crawford, and Franklin Counties. Storm totals of up to 12 inches of snow and up to 1.5 inches of sleet fell across the area.",,CSV
202601,23,2000,202601,25,1400,209676,1307534,ARKANSAS,5,2026,January,Winter Storm,Z,29,SEBASTIAN,TSA,23-JAN-26 20:00:00,CST-6,25-JAN-26 14:00:00,0,0,0,0,0.00K,0.00K,Emergency Manager,,,,,,,,,,,,,,,,,,,,,,"A low pressure system moving east from off the Mexican Baja coast phased with a strong northern stream low pressure system over the Southern Plains. Precipitation began across northwestern Arkansas during the evening of the 23rd, as these systems approached the area. A couple rounds of heavy wintry precipitation fell across the region through the morning of the 25th. During the first round of precipitation, widespread snow, some heavy, fell north of I-40, with a mixture of sleet and freezing rain south of I-40. The second round began during the evening of the 24th and continued through the morning of the 25th. Heavy snow fell across the region, with periods of sleet at times in Sebastian, Crawford, and Franklin Counties. Storm totals of up to 12 inches of snow and up to 1.5 inches of sleet fell across the area.",,CSV
202601,23,2200,202601,25,1100,210355,1312237,ARKANSAS,5,2026,January,Winter Storm,Z,238,YELL COUNTY EXCLUDING NORTHWEST,LZK,23-JAN-26 22:00:00,CST-6,25-JAN-26 11:00:00,0,0,0,0,,,Amateur Radio,,,,,,,,,,,,,,,,,,,,,,A significant winter storm moved across the state between January 23rd and January 25th. Mixed precipitation was observed with significant accumulations of sleet and snow over the northern two-thirds of the state and freezing rain mixed with sleet over the southern third of the state. A very cold air mass followed this event prolonging accumulations to well beyond a weeks time.,A mix of sleet and snow accumulated to 5.5 inches in Centerville.,CSV
202601,23,2200,202601,25,1100,210355,1312238,ARKANSAS,5,2026,January,Winter Storm,Z,138,NORTHWEST YELL COUNTY,LZK,23-JAN-26 22:00:00,CST-6,25-JAN-26 11:00:00,0,0,0,0,,,Park/Forest Service,,,,,,,,,,,,,,,,,,,,,,A significant winter storm moved across the state between January 23rd and January 25th. Mixed precipitation was observed with significant accumulations of sleet and snow over the northern two-thirds of the state and freezing rain mixed with sleet over the southern third of the state. A very cold air mass followed this event prolonging accumulations to well beyond a weeks time.,"Mainly snow, mixed with sleet at times, accumulated to 12 inches at Mount Nebo State Park.",CSV
202601,23,2356,202601,25,902,210355,1312239,ARKANSAS,5,2026,January,Winter Storm,Z,33,WHITE,LZK,23-JAN-26 23:56:00,CST-6,25-JAN-26 09:02:00,0,0,0,0,,,Public,,,,,,,,,,,,,,,,,,,,,,A significant winter storm moved across the state between January 23rd and January 25th. Mixed precipitation was observed with significant accumulations of sleet and snow over the northern two-thirds of the state and freezing rain mixed with sleet over the southern third of the state. A very cold air mass followed this event prolonging accumulations to well beyond a weeks time.,A mix of sleet and snow accumulated to 8 inches in Beebe.,CSV
202601,23,2215,202601,25,1115,210355,1312241,ARKANSAS,5,2026,January,Winter Storm,Z,130,WESTERN AND NORTHERN LOGAN COUNTY,LZK,23-JAN-26 22:15:00,CST-6,25-JAN-26 11:15:00,0,0,0,0,,,COOP Observer,,,,,,,,,,,,,,,,,,,,,,A significant winter storm moved across the state between January 23rd and January 25th. Mixed precipitation was observed with significant accumulations of sleet and snow over the northern two-thirds of the state and freezing rain mixed with sleet over the southern third of the state. A very cold air mass followed this event prolonging accumulations to well beyond a weeks time.,"Mainly snow, mixed with sleet at times, accumulated to 8 inches in Caulksville.",CSV
202601,24,45,202601,25,830,210355,1312242,ARKANSAS,5,2026,January,Winter Storm,Z,14,STONE,LZK,24-JAN-26 00:45:00,CST-6,25-JAN-26 08:30:00,0,0,0,0,,,Amateur Radio,,,,,,,,,,,,,,,,,,,,,,A significant winter storm moved across the state between January 23rd and January 25th. Mixed precipitation was observed with significant accumulations of sleet and snow over the northern two-thirds of the state and freezing rain mixed with sleet over the southern third of the state. A very cold air mass followed this event prolonging accumulations to well beyond a weeks time.,"Mainly snow, with sleet mixed in at times, was measured at 4.5 inches in Mountain View.",CSV
202601,23,2300,202601,25,1130,210355,1312243,ARKANSAS,5,2026,January,Winter Storm,Z,122,SOUTHERN POPE COUNTY,LZK,23-JAN-26 23:00:00,CST-6,25-JAN-26 11:30:00,0,0,0,0,,,Amateur Radio,,,,,,,,,,,,,,,,,,,,,,A significant winter storm moved across the state between January 23rd and January 25th. Mixed precipitation was observed with significant accumulations of sleet and snow over the northern two-thirds of the state and freezing rain mixed with sleet over the southern third of the state. A very cold air mass followed this event prolonging accumulations to well beyond a weeks time.,Snow accumulated to 9.8 inches in Center Valley.,CSV
202601,23,2320,202601,25,1200,210355,1312246,ARKANSAS,5,2026,January,Winter Storm,Z,121,SOUTHERN JOHNSON COUNTY,LZK,23-JAN-26 23:20:00,CST-6,25-JAN-26 12:00:00,0,0,0,0,,,Public,,,,,,,,,,,,,,,,,,,,,,A significant winter storm moved across the state between January 23rd and January 25th. Mixed precipitation was observed with significant accumulations of sleet and snow over the northern two-thirds of the state and freezing rain mixed with sleet over the southern third of the state. A very cold air mass followed this event prolonging accumulations to well beyond a weeks time.,A mixture of snow and sleet was measured at 2 inches in Clarksville.,CSV
202601,23,2340,202601,25,1230,210355,1312249,ARKANSAS,5,2026,January,Winter Storm,Z,221,JOHNSON COUNTY HIGHER ELEVATIONS,LZK,23-JAN-26 23:40:00,CST-6,25-JAN-26 12:30:00,0,0,0,0,,,Public,,,,,,,,,,,,,,,,,,,,,,A significant winter storm moved across the state between January 23rd and January 25th. Mixed precipitation was observed with significant accumulations of sleet and snow over the northern two-thirds of the state and freezing rain mixed with sleet over the southern third of the state. A very cold air mass followed this event prolonging accumulations to well beyond a weeks time.,Snow accumulation of 6 inches was measured near Farris Springs.,CSV
202601,6,0,202601,31,2359,209679,1307471,ARKANSAS,5,2026,January,Drought,Z,1,BENTON,TSA,06-JAN-26 00:00:00,CST-6,31-JAN-26 23:59:00,0,0,0,0,0.00K,0.00K,Drought Monitor,,,,,,,,,,,,,,,,,,,,,,"Northwestern Arkansas experienced only one widespread rain event in January, as well as a winter storm that affected the area. As a result, total precipitation across the region ranged from one and a half inches to three inches. The entire region experienced below average precipitation during the month, and much of the area only received between 25 and 50 percent of normal precipitation for the month. These dry conditions followed a dry November and a very dry December, and resulted in drought conditions developing during January across portions of northwest Arkansas. Severe (D2) drought conditions developed across portions of Benton and Carroll Counties during the month. Extreme (D3) drought conditions developed across portions of Benton County. Monetary damage estimates as a result of the drought were not available.",,CSV
202601,6,0,202601,31,2359,209679,1307472,ARKANSAS,5,2026,January,Drought,Z,2,CARROLL,TSA,06-JAN-26 00:00:00,CST-6,31-JAN-26 23:59:00,0,0,0,0,0.00K,0.00K,Drought Monitor,,,,,,,,,,,,,,,,,,,,,,"Northwestern Arkansas experienced only one widespread rain event in January, as well as a winter storm that affected the area. As a result, total precipitation across the region ranged from one and a half inches to three inches. The entire region experienced below average precipitation during the month, and much of the area only received between 25 and 50 percent of normal precipitation for the month. These dry conditions followed a dry November and a very dry December, and resulted in drought conditions developing during January across portions of northwest Arkansas. Severe (D2) drought conditions developed across portions of Benton and Carroll Counties during the month. Extreme (D3) drought conditions developed across portions of Benton County. Monetary damage estimates as a result of the drought were not available.",,CSV
202601,24,1800,202601,27,1200,210360,1312309,ARKANSAS,5,2026,January,Cold/Wind Chill,Z,72,COLUMBIA,SHV,24-JAN-26 18:00:00,CST-6,27-JAN-26 12:00:00,0,0,0,0,0.00K,0.00K,AWOS,,,,,,,,,,,,,,,,,,,,,,"A strong surge of Arctic air invaded Southwest Arkansas during late January with bitterly cold temperatures and light northerly winds. In wake of the this Arctic air arriving on the evening of January 24th, overnight low temperatures plummeted into the teens by the morning on January 26th and again on the 27th. Although northerly winds were relatively light throughout much of the event, they only further contributed to the dangerously cold temperatures across Southwest Arkansas from late evening on January 25th through late morning on January 27th.",,CSV
202601,24,1800,202601,27,1200,210360,1312311,ARKANSAS,5,2026,January,Cold/Wind Chill,Z,60,HEMPSTEAD,SHV,24-JAN-26 18:00:00,CST-6,27-JAN-26 12:00:00,0,0,0,0,0.00K,0.00K,AWOS,,,,,,,,,,,,,,,,,,,,,,"A strong surge of Arctic air invaded Southwest Arkansas during late January with bitterly cold temperatures and light northerly winds. In wake of the this Arctic air arriving on the evening of January 24th, overnight low temperatures plummeted into the teens by the morning on January 26th and again on the 27th. Although northerly winds were relatively light throughout much of the event, they only further contributed to the dangerously cold temperatures across Southwest Arkansas from late evening on January 25th through late morning on January 27th.",,CSV
202601,24,1800,202601,27,1200,210360,1312312,ARKANSAS,5,2026,January,Cold/Wind Chill,Z,51,HOWARD,SHV,24-JAN-26 18:00:00,CST-6,27-JAN-26 12:00:00,0,0,0,0,0.00K,0.00K,AWOS,,,,,,,,,,,,,,,,,,,,,,"A strong surge of Arctic air invaded Southwest Arkansas during late January with bitterly cold temperatures and light northerly winds. In wake of the this Arctic air arriving on the evening of January 24th, overnight low temperatures plummeted into the teens by the morning on January 26th and again on the 27th. Although northerly winds were relatively light throughout much of the event, they only further contributed to the dangerously cold temperatures across Southwest Arkansas from late evening on January 25th through late morning on January 27th.",,CSV
202601,24,1800,202601,27,1200,210360,1312313,ARKANSAS,5,2026,January,Cold/Wind Chill,Z,71,LAFAYETTE,SHV,24-JAN-26 18:00:00,CST-6,27-JAN-26 12:00:00,0,0,0,0,0.00K,0.00K,AWOS,,,,,,,,,,,,,,,,,,,,,,"A strong surge of Arctic air invaded Southwest Arkansas during late January with bitterly cold temperatures and light northerly winds. In wake of the this Arctic air arriving on the evening of January 24th, overnight low temperatures plummeted into the teens by the morning on January 26th and again on the 27th. Although northerly winds were relatively light throughout much of the event, they only further contributed to the dangerously cold temperatures across Southwest Arkansas from late evening on January 25th through late morning on January 27th.",,CSV
202601,24,1800,202601,27,1200,210360,1312314,ARKANSAS,5,2026,January,Cold/Wind Chill,Z,59,LITTLE RIVER,SHV,24-JAN-26 18:00:00,CST-6,27-JAN-26 12:00:00,0,0,0,0,0.00K,0.00K,AWOS,,,,,,,,,,,,,,,,,,,,,,"A strong surge of Arctic air invaded Southwest Arkansas during late January with bitterly cold temperatures and light northerly winds. In wake of the this Arctic air arriving on the evening of January 24th, overnight low temperatures plummeted into the teens by the morning on January 26th and again on the 27th. Although northerly winds were relatively light throughout much of the event, they only further contributed to the dangerously cold temperatures across Southwest Arkansas from late evening on January 25th through late morning on January 27th.",,CSV
202601,24,1800,202601,27,1200,210360,1312315,ARKANSAS,5,2026,January,Cold/Wind Chill,Z,70,MILLER,SHV,24-JAN-26 18:00:00,CST-6,27-JAN-26 12:00:00,0,0,0,0,0.00K,0.00K,ASOS,,,,,,,,,,,,,,,,,,,,,,"A strong surge of Arctic air invaded Southwest Arkansas during late January with bitterly cold temperatures and light northerly winds. In wake of the this Arctic air arriving on the evening of January 24th, overnight low temperatures plummeted into the teens by the morning on January 26th and again on the 27th. Although northerly winds were relatively light throughout much of the event, they only further contributed to the dangerously cold temperatures across Southwest Arkansas from late evening on January 25th through late morning on January 27th.",,CSV
202601,24,1800,202601,27,1200,210360,1312317,ARKANSAS,5,2026,January,Cold/Wind Chill,Z,61,NEVADA,SHV,24-JAN-26 18:00:00,CST-6,27-JAN-26 12:00:00,0,0,0,0,0.00K,0.00K,AWOS,,,,,,,,,,,,,,,,,,,,,,"A strong surge of Arctic air invaded Southwest Arkansas during late January with bitterly cold temperatures and light northerly winds. In wake of the this Arctic air arriving on the evening of January 24th, overnight low temperatures plummeted into the teens by the morning on January 26th and again on the 27th. Although northerly winds were relatively light throughout much of the event, they only further contributed to the dangerously cold temperatures across Southwest Arkansas from late evening on January 25th through late morning on January 27th.",,CSV
202601,24,1800,202601,27,1200,210360,1312318,ARKANSAS,5,2026,January,Cold/Wind Chill,Z,50,SEVIER,SHV,24-JAN-26 18:00:00,CST-6,27-JAN-26 12:00:00,0,0,0,0,0.00K,0.00K,ASOS,,,,,,,,,,,,,,,,,,,,,,"A strong surge of Arctic air invaded Southwest Arkansas during late January with bitterly cold temperatures and light northerly winds. In wake of the this Arctic air arriving on the evening of January 24th, overnight low temperatures plummeted into the teens by the morning on January 26th and again on the 27th. Although northerly winds were relatively light throughout much of the event, they only further contributed to the dangerously cold temperatures across Southwest Arkansas from late evening on January 25th through late morning on January 27th.",,CSV
202601,24,1800,202601,27,1200,210360,1312319,ARKANSAS,5,2026,January,Cold/Wind Chill,Z,73,UNION,SHV,24-JAN-26 18:00:00,CST-6,27-JAN-26 12:00:00,0,0,0,0,0.00K,0.00K,ASOS,,,,,,,,,,,,,,,,,,,,,,"A strong surge of Arctic air invaded Southwest Arkansas during late January with bitterly cold temperatures and light northerly winds. In wake of the this Arctic air arriving on the evening of January 24th, overnight low temperatures plummeted into the teens by the morning on January 26th and again on the 27th. Although northerly winds were relatively light throughout much of the event, they only further contributed to the dangerously cold temperatures across Southwest Arkansas from late evening on January 25th through late morning on January 27th.",,CSV
202601,23,1800,202601,25,1200,209840,1308652,ARKANSAS,5,2026,January,Winter Storm,Z,70,MILLER,SHV,23-JAN-26 18:00:00,CST-6,25-JAN-26 12:00:00,0,0,0,0,0.00K,0.00K,Trained Spotter,,,,,,,,,,,,,,,,,,,,,,"A strong arctic cold front moved south into the Four State Region during the afternoon through the overnight hours on January 23rd-24th, with temperatures quickly falling from the upper 40s to mid 50s on the 23rd into the 20s and lower 30s by the early morning hours on the 24th, with temperatures continuing to fall through the day. Meanwhile, a southwest flow aloft developed over much of the Central and Southern Plains into the Eastern United States, ahead of a large upper level trough that developed along the West Coast and Desert Southwest, and drifted slowly east through the Rockies, Plains, and Mississippi Valley before weakening. This trough tapped ample moisture from the Southern Pacific, with strong overrunning that developed atop the shallow arctic air mass which contributed to widespread periods of freezing rain and sleet across the Four State Region through the morning of the 25th. Significant ice and sleet accumulations were observed, with the bitter cold air mass lingering through the morning of the 28th, before enough thawing was observed to melt the ice off of area trees, power lines, and roadways.||In Southwest Arkansas, the following freezing rain (ice) accretions were measured at the following locations:||Little River County: 1 WSW Ashdown: 0.50 inches|Sevier County: De Queen: 0.25 inches|Howard County: 1 NNE Nashville: 0.50 inches|Hempstead County: Hope: 0.10 inches|Columbia County: 3 ESE Magnolia: 0.01 inches|Union County: 3 NNE El Dorado: 0.10 inches||The following sleet accumulations were measured across Southwest Arkansas: ||Miller County: 2 NW Texarkana: 4.0 inches, Texarkana Regional Airport: 3.5 inches, 8 N Fouke: 1.3 inches.|Lafayette County: Lewisville: 3.0 inches.|Columbia County: 3 ESE Magnolia: 1.0 inches. |Union County: 1 S El Dorado: 1.3 inches, 3 NNE El Dorado: 1.0 inches. |Nevada County: Prescott: 3.5 inches. |Hempstead County: 1 NW Hope: 2.0 inches. |Howard County: 1 NE Nashville: 4.0 inches.|Sevier County: De Queen: 3.0 inches. |Little River County: Ashdown: 3.5 inches.",,CSV
202601,23,1800,202601,25,1200,209840,1308653,ARKANSAS,5,2026,January,Winter Storm,Z,71,LAFAYETTE,SHV,23-JAN-26 18:00:00,CST-6,25-JAN-26 12:00:00,0,0,0,0,0.00K,0.00K,Trained Spotter,,,,,,,,,,,,,,,,,,,,,,"A strong arctic cold front moved south into the Four State Region during the afternoon through the overnight hours on January 23rd-24th, with temperatures quickly falling from the upper 40s to mid 50s on the 23rd into the 20s and lower 30s by the early morning hours on the 24th, with temperatures continuing to fall through the day. Meanwhile, a southwest flow aloft developed over much of the Central and Southern Plains into the Eastern United States, ahead of a large upper level trough that developed along the West Coast and Desert Southwest, and drifted slowly east through the Rockies, Plains, and Mississippi Valley before weakening. This trough tapped ample moisture from the Southern Pacific, with strong overrunning that developed atop the shallow arctic air mass which contributed to widespread periods of freezing rain and sleet across the Four State Region through the morning of the 25th. Significant ice and sleet accumulations were observed, with the bitter cold air mass lingering through the morning of the 28th, before enough thawing was observed to melt the ice off of area trees, power lines, and roadways.||In Southwest Arkansas, the following freezing rain (ice) accretions were measured at the following locations:||Little River County: 1 WSW Ashdown: 0.50 inches|Sevier County: De Queen: 0.25 inches|Howard County: 1 NNE Nashville: 0.50 inches|Hempstead County: Hope: 0.10 inches|Columbia County: 3 ESE Magnolia: 0.01 inches|Union County: 3 NNE El Dorado: 0.10 inches||The following sleet accumulations were measured across Southwest Arkansas: ||Miller County: 2 NW Texarkana: 4.0 inches, Texarkana Regional Airport: 3.5 inches, 8 N Fouke: 1.3 inches.|Lafayette County: Lewisville: 3.0 inches.|Columbia County: 3 ESE Magnolia: 1.0 inches. |Union County: 1 S El Dorado: 1.3 inches, 3 NNE El Dorado: 1.0 inches. |Nevada County: Prescott: 3.5 inches. |Hempstead County: 1 NW Hope: 2.0 inches. |Howard County: 1 NE Nashville: 4.0 inches.|Sevier County: De Queen: 3.0 inches. |Little River County: Ashdown: 3.5 inches.",,CSV
202601,23,1800,202601,25,1200,209840,1308654,ARKANSAS,5,2026,January,Winter Storm,Z,72,COLUMBIA,SHV,23-JAN-26 18:00:00,CST-6,25-JAN-26 12:00:00,0,0,0,0,0.00K,0.00K,Trained Spotter,,,,,,,,,,,,,,,,,,,,,,"A strong arctic cold front moved south into the Four State Region during the afternoon through the overnight hours on January 23rd-24th, with temperatures quickly falling from the upper 40s to mid 50s on the 23rd into the 20s and lower 30s by the early morning hours on the 24th, with temperatures continuing to fall through the day. Meanwhile, a southwest flow aloft developed over much of the Central and Southern Plains into the Eastern United States, ahead of a large upper level trough that developed along the West Coast and Desert Southwest, and drifted slowly east through the Rockies, Plains, and Mississippi Valley before weakening. This trough tapped ample moisture from the Southern Pacific, with strong overrunning that developed atop the shallow arctic air mass which contributed to widespread periods of freezing rain and sleet across the Four State Region through the morning of the 25th. Significant ice and sleet accumulations were observed, with the bitter cold air mass lingering through the morning of the 28th, before enough thawing was observed to melt the ice off of area trees, power lines, and roadways.||In Southwest Arkansas, the following freezing rain (ice) accretions were measured at the following locations:||Little River County: 1 WSW Ashdown: 0.50 inches|Sevier County: De Queen: 0.25 inches|Howard County: 1 NNE Nashville: 0.50 inches|Hempstead County: Hope: 0.10 inches|Columbia County: 3 ESE Magnolia: 0.01 inches|Union County: 3 NNE El Dorado: 0.10 inches||The following sleet accumulations were measured across Southwest Arkansas: ||Miller County: 2 NW Texarkana: 4.0 inches, Texarkana Regional Airport: 3.5 inches, 8 N Fouke: 1.3 inches.|Lafayette County: Lewisville: 3.0 inches.|Columbia County: 3 ESE Magnolia: 1.0 inches. |Union County: 1 S El Dorado: 1.3 inches, 3 NNE El Dorado: 1.0 inches. |Nevada County: Prescott: 3.5 inches. |Hempstead County: 1 NW Hope: 2.0 inches. |Howard County: 1 NE Nashville: 4.0 inches.|Sevier County: De Queen: 3.0 inches. |Little River County: Ashdown: 3.5 inches.",,CSV
202601,23,1800,202601,25,1200,209840,1308655,ARKANSAS,5,2026,January,Winter Storm,Z,73,UNION,SHV,23-JAN-26 18:00:00,CST-6,25-JAN-26 12:00:00,0,0,0,0,0.00K,0.00K,Trained Spotter,,,,,,,,,,,,,,,,,,,,,,"A strong arctic cold front moved south into the Four State Region during the afternoon through the overnight hours on January 23rd-24th, with temperatures quickly falling from the upper 40s to mid 50s on the 23rd into the 20s and lower 30s by the early morning hours on the 24th, with temperatures continuing to fall through the day. Meanwhile, a southwest flow aloft developed over much of the Central and Southern Plains into the Eastern United States, ahead of a large upper level trough that developed along the West Coast and Desert Southwest, and drifted slowly east through the Rockies, Plains, and Mississippi Valley before weakening. This trough tapped ample moisture from the Southern Pacific, with strong overrunning that developed atop the shallow arctic air mass which contributed to widespread periods of freezing rain and sleet across the Four State Region through the morning of the 25th. Significant ice and sleet accumulations were observed, with the bitter cold air mass lingering through the morning of the 28th, before enough thawing was observed to melt the ice off of area trees, power lines, and roadways.||In Southwest Arkansas, the following freezing rain (ice) accretions were measured at the following locations:||Little River County: 1 WSW Ashdown: 0.50 inches|Sevier County: De Queen: 0.25 inches|Howard County: 1 NNE Nashville: 0.50 inches|Hempstead County: Hope: 0.10 inches|Columbia County: 3 ESE Magnolia: 0.01 inches|Union County: 3 NNE El Dorado: 0.10 inches||The following sleet accumulations were measured across Southwest Arkansas: ||Miller County: 2 NW Texarkana: 4.0 inches, Texarkana Regional Airport: 3.5 inches, 8 N Fouke: 1.3 inches.|Lafayette County: Lewisville: 3.0 inches.|Columbia County: 3 ESE Magnolia: 1.0 inches. |Union County: 1 S El Dorado: 1.3 inches, 3 NNE El Dorado: 1.0 inches. |Nevada County: Prescott: 3.5 inches. |Hempstead County: 1 NW Hope: 2.0 inches. |Howard County: 1 NE Nashville: 4.0 inches.|Sevier County: De Queen: 3.0 inches. |Little River County: Ashdown: 3.5 inches.",,CSV
202601,23,1800,202601,25,1200,209840,1308656,ARKANSAS,5,2026,January,Winter Storm,Z,61,NEVADA,SHV,23-JAN-26 18:00:00,CST-6,25-JAN-26 12:00:00,0,0,0,0,0.00K,0.00K,Trained Spotter,,,,,,,,,,,,,,,,,,,,,,"A strong arctic cold front moved south into the Four State Region during the afternoon through the overnight hours on January 23rd-24th, with temperatures quickly falling from the upper 40s to mid 50s on the 23rd into the 20s and lower 30s by the early morning hours on the 24th, with temperatures continuing to fall through the day. Meanwhile, a southwest flow aloft developed over much of the Central and Southern Plains into the Eastern United States, ahead of a large upper level trough that developed along the West Coast and Desert Southwest, and drifted slowly east through the Rockies, Plains, and Mississippi Valley before weakening. This trough tapped ample moisture from the Southern Pacific, with strong overrunning that developed atop the shallow arctic air mass which contributed to widespread periods of freezing rain and sleet across the Four State Region through the morning of the 25th. Significant ice and sleet accumulations were observed, with the bitter cold air mass lingering through the morning of the 28th, before enough thawing was observed to melt the ice off of area trees, power lines, and roadways.||In Southwest Arkansas, the following freezing rain (ice) accretions were measured at the following locations:||Little River County: 1 WSW Ashdown: 0.50 inches|Sevier County: De Queen: 0.25 inches|Howard County: 1 NNE Nashville: 0.50 inches|Hempstead County: Hope: 0.10 inches|Columbia County: 3 ESE Magnolia: 0.01 inches|Union County: 3 NNE El Dorado: 0.10 inches||The following sleet accumulations were measured across Southwest Arkansas: ||Miller County: 2 NW Texarkana: 4.0 inches, Texarkana Regional Airport: 3.5 inches, 8 N Fouke: 1.3 inches.|Lafayette County: Lewisville: 3.0 inches.|Columbia County: 3 ESE Magnolia: 1.0 inches. |Union County: 1 S El Dorado: 1.3 inches, 3 NNE El Dorado: 1.0 inches. |Nevada County: Prescott: 3.5 inches. |Hempstead County: 1 NW Hope: 2.0 inches. |Howard County: 1 NE Nashville: 4.0 inches.|Sevier County: De Queen: 3.0 inches. |Little River County: Ashdown: 3.5 inches.",,CSV
202601,23,1800,202601,25,1200,209840,1308657,ARKANSAS,5,2026,January,Winter Storm,Z,60,HEMPSTEAD,SHV,23-JAN-26 18:00:00,CST-6,25-JAN-26 12:00:00,0,0,0,0,0.00K,0.00K,Trained Spotter,,,,,,,,,,,,,,,,,,,,,,"A strong arctic cold front moved south into the Four State Region during the afternoon through the overnight hours on January 23rd-24th, with temperatures quickly falling from the upper 40s to mid 50s on the 23rd into the 20s and lower 30s by the early morning hours on the 24th, with temperatures continuing to fall through the day. Meanwhile, a southwest flow aloft developed over much of the Central and Southern Plains into the Eastern United States, ahead of a large upper level trough that developed along the West Coast and Desert Southwest, and drifted slowly east through the Rockies, Plains, and Mississippi Valley before weakening. This trough tapped ample moisture from the Southern Pacific, with strong overrunning that developed atop the shallow arctic air mass which contributed to widespread periods of freezing rain and sleet across the Four State Region through the morning of the 25th. Significant ice and sleet accumulations were observed, with the bitter cold air mass lingering through the morning of the 28th, before enough thawing was observed to melt the ice off of area trees, power lines, and roadways.||In Southwest Arkansas, the following freezing rain (ice) accretions were measured at the following locations:||Little River County: 1 WSW Ashdown: 0.50 inches|Sevier County: De Queen: 0.25 inches|Howard County: 1 NNE Nashville: 0.50 inches|Hempstead County: Hope: 0.10 inches|Columbia County: 3 ESE Magnolia: 0.01 inches|Union County: 3 NNE El Dorado: 0.10 inches||The following sleet accumulations were measured across Southwest Arkansas: ||Miller County: 2 NW Texarkana: 4.0 inches, Texarkana Regional Airport: 3.5 inches, 8 N Fouke: 1.3 inches.|Lafayette County: Lewisville: 3.0 inches.|Columbia County: 3 ESE Magnolia: 1.0 inches. |Union County: 1 S El Dorado: 1.3 inches, 3 NNE El Dorado: 1.0 inches. |Nevada County: Prescott: 3.5 inches. |Hempstead County: 1 NW Hope: 2.0 inches. |Howard County: 1 NE Nashville: 4.0 inches.|Sevier County: De Queen: 3.0 inches. |Little River County: Ashdown: 3.5 inches.",,CSV
202601,23,1800,202601,25,1200,209840,1308658,ARKANSAS,5,2026,January,Winter Storm,Z,51,HOWARD,SHV,23-JAN-26 18:00:00,CST-6,25-JAN-26 12:00:00,0,0,0,0,0.00K,0.00K,Trained Spotter,,,,,,,,,,,,,,,,,,,,,,"A strong arctic cold front moved south into the Four State Region during the afternoon through the overnight hours on January 23rd-24th, with temperatures quickly falling from the upper 40s to mid 50s on the 23rd into the 20s and lower 30s by the early morning hours on the 24th, with temperatures continuing to fall through the day. Meanwhile, a southwest flow aloft developed over much of the Central and Southern Plains into the Eastern United States, ahead of a large upper level trough that developed along the West Coast and Desert Southwest, and drifted slowly east through the Rockies, Plains, and Mississippi Valley before weakening. This trough tapped ample moisture from the Southern Pacific, with strong overrunning that developed atop the shallow arctic air mass which contributed to widespread periods of freezing rain and sleet across the Four State Region through the morning of the 25th. Significant ice and sleet accumulations were observed, with the bitter cold air mass lingering through the morning of the 28th, before enough thawing was observed to melt the ice off of area trees, power lines, and roadways.||In Southwest Arkansas, the following freezing rain (ice) accretions were measured at the following locations:||Little River County: 1 WSW Ashdown: 0.50 inches|Sevier County: De Queen: 0.25 inches|Howard County: 1 NNE Nashville: 0.50 inches|Hempstead County: Hope: 0.10 inches|Columbia County: 3 ESE Magnolia: 0.01 inches|Union County: 3 NNE El Dorado: 0.10 inches||The following sleet accumulations were measured across Southwest Arkansas: ||Miller County: 2 NW Texarkana: 4.0 inches, Texarkana Regional Airport: 3.5 inches, 8 N Fouke: 1.3 inches.|Lafayette County: Lewisville: 3.0 inches.|Columbia County: 3 ESE Magnolia: 1.0 inches. |Union County: 1 S El Dorado: 1.3 inches, 3 NNE El Dorado: 1.0 inches. |Nevada County: Prescott: 3.5 inches. |Hempstead County: 1 NW Hope: 2.0 inches. |Howard County: 1 NE Nashville: 4.0 inches.|Sevier County: De Queen: 3.0 inches. |Little River County: Ashdown: 3.5 inches.",,CSV
202601,23,1800,202601,25,1200,209840,1308659,ARKANSAS,5,2026,January,Winter Storm,Z,50,SEVIER,SHV,23-JAN-26 18:00:00,CST-6,25-JAN-26 12:00:00,0,0,0,0,0.00K,0.00K,Trained Spotter,,,,,,,,,,,,,,,,,,,,,,"A strong arctic cold front moved south into the Four State Region during the afternoon through the overnight hours on January 23rd-24th, with temperatures quickly falling from the upper 40s to mid 50s on the 23rd into the 20s and lower 30s by the early morning hours on the 24th, with temperatures continuing to fall through the day. Meanwhile, a southwest flow aloft developed over much of the Central and Southern Plains into the Eastern United States, ahead of a large upper level trough that developed along the West Coast and Desert Southwest, and drifted slowly east through the Rockies, Plains, and Mississippi Valley before weakening. This trough tapped ample moisture from the Southern Pacific, with strong overrunning that developed atop the shallow arctic air mass which contributed to widespread periods of freezing rain and sleet across the Four State Region through the morning of the 25th. Significant ice and sleet accumulations were observed, with the bitter cold air mass lingering through the morning of the 28th, before enough thawing was observed to melt the ice off of area trees, power lines, and roadways.||In Southwest Arkansas, the following freezing rain (ice) accretions were measured at the following locations:||Little River County: 1 WSW Ashdown: 0.50 inches|Sevier County: De Queen: 0.25 inches|Howard County: 1 NNE Nashville: 0.50 inches|Hempstead County: Hope: 0.10 inches|Columbia County: 3 ESE Magnolia: 0.01 inches|Union County: 3 NNE El Dorado: 0.10 inches||The following sleet accumulations were measured across Southwest Arkansas: ||Miller County: 2 NW Texarkana: 4.0 inches, Texarkana Regional Airport: 3.5 inches, 8 N Fouke: 1.3 inches.|Lafayette County: Lewisville: 3.0 inches.|Columbia County: 3 ESE Magnolia: 1.0 inches. |Union County: 1 S El Dorado: 1.3 inches, 3 NNE El Dorado: 1.0 inches. |Nevada County: Prescott: 3.5 inches. |Hempstead County: 1 NW Hope: 2.0 inches. |Howard County: 1 NE Nashville: 4.0 inches.|Sevier County: De Queen: 3.0 inches. |Little River County: Ashdown: 3.5 inches.",,CSV
202601,23,1800,202601,25,1200,209840,1308660,ARKANSAS,5,2026,January,Winter Storm,Z,59,LITTLE RIVER,SHV,23-JAN-26 18:00:00,CST-6,25-JAN-26 12:00:00,0,0,0,0,0.00K,0.00K,Trained Spotter,,,,,,,,,,,,,,,,,,,,,,"A strong arctic cold front moved south into the Four State Region during the afternoon through the overnight hours on January 23rd-24th, with temperatures quickly falling from the upper 40s to mid 50s on the 23rd into the 20s and lower 30s by the early morning hours on the 24th, with temperatures continuing to fall through the day. Meanwhile, a southwest flow aloft developed over much of the Central and Southern Plains into the Eastern United States, ahead of a large upper level trough that developed along the West Coast and Desert Southwest, and drifted slowly east through the Rockies, Plains, and Mississippi Valley before weakening. This trough tapped ample moisture from the Southern Pacific, with strong overrunning that developed atop the shallow arctic air mass which contributed to widespread periods of freezing rain and sleet across the Four State Region through the morning of the 25th. Significant ice and sleet accumulations were observed, with the bitter cold air mass lingering through the morning of the 28th, before enough thawing was observed to melt the ice off of area trees, power lines, and roadways.||In Southwest Arkansas, the following freezing rain (ice) accretions were measured at the following locations:||Little River County: 1 WSW Ashdown: 0.50 inches|Sevier County: De Queen: 0.25 inches|Howard County: 1 NNE Nashville: 0.50 inches|Hempstead County: Hope: 0.10 inches|Columbia County: 3 ESE Magnolia: 0.01 inches|Union County: 3 NNE El Dorado: 0.10 inches||The following sleet accumulations were measured across Southwest Arkansas: ||Miller County: 2 NW Texarkana: 4.0 inches, Texarkana Regional Airport: 3.5 inches, 8 N Fouke: 1.3 inches.|Lafayette County: Lewisville: 3.0 inches.|Columbia County: 3 ESE Magnolia: 1.0 inches. |Union County: 1 S El Dorado: 1.3 inches, 3 NNE El Dorado: 1.0 inches. |Nevada County: Prescott: 3.5 inches. |Hempstead County: 1 NW Hope: 2.0 inches. |Howard County: 1 NE Nashville: 4.0 inches.|Sevier County: De Queen: 3.0 inches. |Little River County: Ashdown: 3.5 inches.",,CSV
202601,22,0,202601,31,2359,210459,1313286,ARKANSAS,5,2026,January,Drought,Z,59,LITTLE RIVER,SHV,22-JAN-26 00:00:00,CST-6,31-JAN-26 23:59:00,0,0,0,0,0.00K,0.00K,Drought Monitor,,,,,,,,,,,,,,,,,,,,,,"An extended period of below normal rainfall coupled with much above normal temperatures from October 2025 through the first few weeks of January 2026 led to the development of severe (D2) drought conditions from the U.S. Drought Monitor across Little River and Sevier Counties in Southwest Arkansas from the third week of January through the end of the month. During this time, rainfall amounts ranged from 7-9 inches, which was only 25-30% of normal, resulting in considerable hardships from area agricultural producers. Pastures had become dormant early, forcing farmers to provide hay and other supplemental feed much earlier than normal, as well as water as multiple ponds had dried up. An increase in wildfires was also noted especially as lower humidities to end the year accelerated the drying of fuels. Streamflow from area creeks and bayous also fell below to much below normal as well.",,CSV
202601,22,0,202601,31,2359,210459,1313287,ARKANSAS,5,2026,January,Drought,Z,50,SEVIER,SHV,22-JAN-26 00:00:00,CST-6,31-JAN-26 23:59:00,0,0,0,0,0.00K,0.00K,Drought Monitor,,,,,,,,,,,,,,,,,,,,,,"An extended period of below normal rainfall coupled with much above normal temperatures from October 2025 through the first few weeks of January 2026 led to the development of severe (D2) drought conditions from the U.S. Drought Monitor across Little River and Sevier Counties in Southwest Arkansas from the third week of January through the end of the month. During this time, rainfall amounts ranged from 7-9 inches, which was only 25-30% of normal, resulting in considerable hardships from area agricultural producers. Pastures had become dormant early, forcing farmers to provide hay and other supplemental feed much earlier than normal, as well as water as multiple ponds had dried up. An increase in wildfires was also noted especially as lower humidities to end the year accelerated the drying of fuels. Streamflow from area creeks and bayous also fell below to much below normal as well.",,CSV
202601,27,1200,202601,27,1200,210355,1312302,ARKANSAS,5,2026,January,Winter Weather,Z,42,GARLAND,LZK,27-JAN-26 12:00:00,CST-6,27-JAN-26 12:00:00,0,0,0,0,,,Public,,,,,,,,,,,,,,,,,,,,,,A significant winter storm moved across the state between January 23rd and January 25th. Mixed precipitation was observed with significant accumulations of sleet and snow over the northern two-thirds of the state and freezing rain mixed with sleet over the southern third of the state. A very cold air mass followed this event prolonging accumulations to well beyond a weeks time.,Unity Full Gospel Church gym collapsed due to the weight of snow and sleet near Piney.,CSV
202601,24,855,202601,25,735,210355,1312291,ARKANSAS,5,2026,January,Winter Storm,Z,66,OUACHITA,LZK,24-JAN-26 08:55:00,CST-6,25-JAN-26 07:35:00,0,0,0,0,,,Fire Department/Rescue,,,,,,,,,,,,,,,,,,,,,,A significant winter storm moved across the state between January 23rd and January 25th. Mixed precipitation was observed with significant accumulations of sleet and snow over the northern two-thirds of the state and freezing rain mixed with sleet over the southern third of the state. A very cold air mass followed this event prolonging accumulations to well beyond a weeks time.,Sleet was measured at 3.5 inches at Camden. Freezing rain accretion of 0.10 of an inch was measured near Stephens.,CSV
202601,15,0,202601,31,2359,210453,1313232,ARKANSAS,5,2026,January,Drought,Z,51,HOWARD,SHV,15-JAN-26 00:00:00,CST-6,31-JAN-26 23:59:00,0,0,0,0,0.00K,0.00K,Drought Monitor,,,,,,,,,,,,,,,,,,,,,,"An extended period of below normal rainfall coupled with much above normal temperatures from October 2025 through the first couple weeks of January 2026 led to the development of severe (D2) drought conditions from the U.S. Drought Monitor across Howard and Union Counties in Southwest Arkansas from the second week of January through the end of the month. During this time, rainfall amounts ranged from 6-8 inches, which was only 25-30% of normal, resulting in considerable hardships from area agricultural producers. Pastures had become dormant early, forcing farmers to provide hay and other supplemental feed much earlier than normal, as well as water as multiple ponds had dried up. An increase in wildfires was also noted especially as lower humidities to end the year accelerated the drying of fuels. Streamflow from area creeks and bayous also fell below to much below normal as well.",,CSV
202601,15,0,202601,31,2359,210453,1313233,ARKANSAS,5,2026,January,Drought,Z,73,UNION,SHV,15-JAN-26 00:00:00,CST-6,31-JAN-26 23:59:00,0,0,0,0,0.00K,0.00K,Drought Monitor,,,,,,,,,,,,,,,,,,,,,,"An extended period of below normal rainfall coupled with much above normal temperatures from October 2025 through the first couple weeks of January 2026 led to the development of severe (D2) drought conditions from the U.S. Drought Monitor across Howard and Union Counties in Southwest Arkansas from the second week of January through the end of the month. During this time, rainfall amounts ranged from 6-8 inches, which was only 25-30% of normal, resulting in considerable hardships from area agricultural producers. Pastures had become dormant early, forcing farmers to provide hay and other supplemental feed much earlier than normal, as well as water as multiple ponds had dried up. An increase in wildfires was also noted especially as lower humidities to end the year accelerated the drying of fuels. Streamflow from area creeks and bayous also fell below to much below normal as well.",,CSV
202603,15,1937,202603,15,1937,210649,1315247,ARKANSAS,5,2026,March,Thunderstorm Wind,C,17,CHICOT,JAN,15-MAR-26 19:37:00,CST-6,15-MAR-26 19:37:00,0,0,0,0,0.00K,0.00K,Emergency Manager,52.00,EG,,,,,,,,,,.9,NW,LAKE VLG,.9,NW,LAKE VLG,33.34,-91.29,33.34,-91.29,A line of severe storms moved across SE Arkansas during the evening hours of March 15 2026. Some of these thunderstorms produced damaging wind gusts that downed trees and powerlines. Some of these storms produced hail.,Emergency management reported a downed tree blocking a part of Hwy 65.,CSV
202603,15,1848,202603,15,1848,210649,1315260,ARKANSAS,5,2026,March,Hail,C,3,ASHLEY,JAN,15-MAR-26 18:48:00,CST-6,15-MAR-26 18:48:00,0,0,0,0,0.00K,0.00K,Public,1.00,,,,,,,,,,,1.73,E,FOUNTAIN HILL,1.73,E,FOUNTAIN HILL,33.35,-91.85,33.35,-91.85,A line of severe storms moved across SE Arkansas during the evening hours of March 15 2026. Some of these thunderstorms produced damaging wind gusts that downed trees and powerlines. Some of these storms produced hail.,Quarter size hail fell near Fountain Hill.,CSV
202603,15,1850,202603,15,1850,210649,1315280,ARKANSAS,5,2026,March,Hail,C,3,ASHLEY,JAN,15-MAR-26 18:50:00,CST-6,15-MAR-26 18:50:00,0,0,0,0,0.00K,0.00K,Public,1.75,,,,,,,,,,,2.69,ENE,BOYDELL,2.69,ENE,BOYDELL,33.39,-91.44,33.39,-91.44,A line of severe storms moved across SE Arkansas during the evening hours of March 15 2026. Some of these thunderstorms produced damaging wind gusts that downed trees and powerlines. Some of these storms produced hail.,Reports of golf ball-sized hail across the Montrose area.,CSV
202603,15,1950,202603,15,1950,210649,1315282,ARKANSAS,5,2026,March,Thunderstorm Wind,C,3,ASHLEY,JAN,15-MAR-26 19:50:00,CST-6,15-MAR-26 19:50:00,0,0,0,0,0.00K,0.00K,Emergency Manager,52.00,EG,,,,,,,,,,1.35,WNW,WEST CROSSETT,1.35,WNW,WEST CROSSETT,33.14,-92,33.14,-92,A line of severe storms moved across SE Arkansas during the evening hours of March 15 2026. Some of these thunderstorms produced damaging wind gusts that downed trees and powerlines. Some of these storms produced hail.,Emergency management reported a transformer that was damaged due to winds. This caused power outages for a few hours for parts of W Crossett.,CSV
202603,15,1935,202603,15,1935,210649,1315267,ARKANSAS,5,2026,March,Hail,C,17,CHICOT,JAN,15-MAR-26 19:35:00,CST-6,15-MAR-26 19:35:00,0,0,0,0,1.00K,0.00K,Public,0.70,,,,,,,,,,,0,N,LAKE VLG,0,N,LAKE VLG,33.33,-91.28,33.33,-91.28,A line of severe storms moved across SE Arkansas during the evening hours of March 15 2026. Some of these thunderstorms produced damaging wind gusts that downed trees and powerlines. Some of these storms produced hail.,Report of dime sized hail on northern portions of Lake Village.,CSV
202603,1,0,202603,31,2359,210525,1317961,ARKANSAS,5,2026,March,Drought,Z,1,BENTON,TSA,01-MAR-26 00:00:00,CST-6,31-MAR-26 23:59:00,0,0,0,0,0.00K,0.00K,Drought Monitor,,,,,,,,,,,,,,,,,,,,,,"Much of northwest and west central Arkansas experienced below average precipitation for the month of March, with some of the area receiving as little as 25 to 50 percent of monthly average rainfall amounts. Rainfall amounts ranged from one to one and a half inches across portions of Sebastian and Franklin Counties, to as much as five to six and a half inches across portions of Benton and Carroll Counties. These dry conditions, compounding on several months of dry weather, allowed the drought that developed across portions of the region in January to expand further in March. Severe (D2) drought conditions developed across all of Benton, Carroll, Washington, Madison, Crawford, Franklin, and Sebastian Counties. Extreme (D3) drought conditions remained across portions of Benton and Carroll Counties during the month. Monetary damage estimates as a result of the drought were not available.",,CSV
202603,1,0,202603,31,2359,210525,1317962,ARKANSAS,5,2026,March,Drought,Z,2,CARROLL,TSA,01-MAR-26 00:00:00,CST-6,31-MAR-26 23:59:00,0,0,0,0,0.00K,0.00K,Drought Monitor,,,,,,,,,,,,,,,,,,,,,,"Much of northwest and west central Arkansas experienced below average precipitation for the month of March, with some of the area receiving as little as 25 to 50 percent of monthly average rainfall amounts. Rainfall amounts ranged from one to one and a half inches across portions of Sebastian and Franklin Counties, to as much as five to six and a half inches across portions of Benton and Carroll Counties. These dry conditions, compounding on several months of dry weather, allowed the drought that developed across portions of the region in January to expand further in March. Severe (D2) drought conditions developed across all of Benton, Carroll, Washington, Madison, Crawford, Franklin, and Sebastian Counties. Extreme (D3) drought conditions remained across portions of Benton and Carroll Counties during the month. Monetary damage estimates as a result of the drought were not available.",,CSV
202603,1,0,202603,31,2359,210525,1317963,ARKANSAS,5,2026,March,Drought,Z,10,WASHINGTON,TSA,01-MAR-26 00:00:00,CST-6,31-MAR-26 23:59:00,0,0,0,0,0.00K,0.00K,Drought Monitor,,,,,,,,,,,,,,,,,,,,,,"Much of northwest and west central Arkansas experienced below average precipitation for the month of March, with some of the area receiving as little as 25 to 50 percent of monthly average rainfall amounts. Rainfall amounts ranged from one to one and a half inches across portions of Sebastian and Franklin Counties, to as much as five to six and a half inches across portions of Benton and Carroll Counties. These dry conditions, compounding on several months of dry weather, allowed the drought that developed across portions of the region in January to expand further in March. Severe (D2) drought conditions developed across all of Benton, Carroll, Washington, Madison, Crawford, Franklin, and Sebastian Counties. Extreme (D3) drought conditions remained across portions of Benton and Carroll Counties during the month. Monetary damage estimates as a result of the drought were not available.",,CSV
202603,1,0,202603,31,2359,210525,1317964,ARKANSAS,5,2026,March,Drought,Z,11,MADISON,TSA,01-MAR-26 00:00:00,CST-6,31-MAR-26 23:59:00,0,0,0,0,0.00K,0.00K,Drought Monitor,,,,,,,,,,,,,,,,,,,,,,"Much of northwest and west central Arkansas experienced below average precipitation for the month of March, with some of the area receiving as little as 25 to 50 percent of monthly average rainfall amounts. Rainfall amounts ranged from one to one and a half inches across portions of Sebastian and Franklin Counties, to as much as five to six and a half inches across portions of Benton and Carroll Counties. These dry conditions, compounding on several months of dry weather, allowed the drought that developed across portions of the region in January to expand further in March. Severe (D2) drought conditions developed across all of Benton, Carroll, Washington, Madison, Crawford, Franklin, and Sebastian Counties. Extreme (D3) drought conditions remained across portions of Benton and Carroll Counties during the month. Monetary damage estimates as a result of the drought were not available.",,CSV
202603,4,2113,202603,4,2113,210973,1318037,ARKANSAS,5,2026,March,Hail,C,7,BENTON,TSA,04-MAR-26 21:13:00,CST-6,04-MAR-26 21:13:00,0,0,0,0,0.00K,0.00K,Public,1.00,,,,,,,,,,,3,S,HIWASSE,3,S,HIWASSE,36.3866,-94.33,36.3866,-94.33,"Strong to severe thunderstorms developed into northwestern Arkansas during the evening of the 4th, ahead of a cold front moving into the region. The thunderstorms continued to affect the area through the early morning hours of the 5th. The strongest thunderstorms produced large hail up to golf ball size.",,CSV
202603,4,2117,202603,4,2117,210973,1318034,ARKANSAS,5,2026,March,Hail,C,7,BENTON,TSA,04-MAR-26 21:17:00,CST-6,04-MAR-26 21:17:00,0,0,0,0,50.00K,0.00K,Public,1.75,,,,,,,,,,,2.86,WSW,BELLA VISTA,2.86,WSW,BELLA VISTA,36.42,-94.28,36.42,-94.28,"Strong to severe thunderstorms developed into northwestern Arkansas during the evening of the 4th, ahead of a cold front moving into the region. The thunderstorms continued to affect the area through the early morning hours of the 5th. The strongest thunderstorms produced large hail up to golf ball size.",Large hail up to golf ball size damaged homes and vehicles.,CSV
202603,4,2120,202603,4,2120,210973,1318033,ARKANSAS,5,2026,March,Hail,C,7,BENTON,TSA,04-MAR-26 21:20:00,CST-6,04-MAR-26 21:20:00,0,0,0,0,0.00K,0.00K,Social Media,1.00,,,,,,,,,,,4.22,NNW,BELLA VISTA,4.22,NNW,BELLA VISTA,36.4878,-94.2544,36.4878,-94.2544,"Strong to severe thunderstorms developed into northwestern Arkansas during the evening of the 4th, ahead of a cold front moving into the region. The thunderstorms continued to affect the area through the early morning hours of the 5th. The strongest thunderstorms produced large hail up to golf ball size.",,CSV
202603,5,130,202603,5,130,210973,1318036,ARKANSAS,5,2026,March,Hail,C,131,SEBASTIAN,TSA,05-MAR-26 01:30:00,CST-6,05-MAR-26 01:30:00,0,0,0,0,0.00K,0.00K,Trained Spotter,0.75,,,,,,,,,,,.89,SE,OAK PARK,.89,SE,OAK PARK,35.42,-94.37,35.42,-94.37,"Strong to severe thunderstorms developed into northwestern Arkansas during the evening of the 4th, ahead of a cold front moving into the region. The thunderstorms continued to affect the area through the early morning hours of the 5th. The strongest thunderstorms produced large hail up to golf ball size.",,CSV
202603,15,1238,202603,15,1238,211084,1318915,ARKANSAS,5,2026,March,Hail,C,143,WASHINGTON,TSA,15-MAR-26 12:38:00,CST-6,15-MAR-26 12:38:00,0,0,0,0,0.00K,0.00K,Public,0.75,,,,,,,,,,,2,SW,JOHNSON,2,SW,JOHNSON,36.1095,-94.1953,36.1095,-94.1953,"Strong thunderstorms developed across portions of northwestern Arkansas during the afternoon of the 15th, as an upper level disturbance and associated cold front approached the region. The strongest thunderstorms produced hail up to nickel size.",,CSV
202603,15,1239,202603,15,1239,211084,1318916,ARKANSAS,5,2026,March,Hail,C,143,WASHINGTON,TSA,15-MAR-26 12:39:00,CST-6,15-MAR-26 12:39:00,0,0,0,0,0.00K,0.00K,Broadcast Media,0.88,,,,,,,,,,,1,NW,JOHNSON,1,NW,JOHNSON,36.1402,-94.1827,36.1402,-94.1827,"Strong thunderstorms developed across portions of northwestern Arkansas during the afternoon of the 15th, as an upper level disturbance and associated cold front approached the region. The strongest thunderstorms produced hail up to nickel size.",,CSV
202603,7,530,202603,7,530,211441,1320911,ARKANSAS,5,2026,March,Thunderstorm Wind,C,131,SEBASTIAN,TSA,07-MAR-26 05:30:00,CST-6,07-MAR-26 05:30:00,0,0,0,0,0.00K,0.00K,Law Enforcement,65.00,EG,,,,,,,,,,2,NE,HARTFORD,2,NE,HARTFORD,35.0405,-94.355,35.0405,-94.355,"Severe thunderstorms developed over eastern Oklahoma during the late afternoon of the 6th, ahead of a surface dry line. These thunderstorms moved east into portions of northwestern Arkansas during the early morning hours of the 7th, the strongest of which produced damaging wind.",Strong thunderstorm wind blew down trees onto Highway 45 northeast of Hartford.,CSV
202603,7,535,202603,7,535,211441,1320914,ARKANSAS,5,2026,March,Thunderstorm Wind,C,131,SEBASTIAN,TSA,07-MAR-26 05:35:00,CST-6,07-MAR-26 05:35:00,0,0,0,0,0.00K,0.00K,Law Enforcement,65.00,EG,,,,,,,,,,2.02,SE,PRAIRIE CREEK,2.02,SE,PRAIRIE CREEK,35.033,-94.321,35.033,-94.321,"Severe thunderstorms developed over eastern Oklahoma during the late afternoon of the 6th, ahead of a surface dry line. These thunderstorms moved east into portions of northwestern Arkansas during the early morning hours of the 7th, the strongest of which produced damaging wind.",Strong thunderstorm wind blew down trees onto Highway 96 between Hartford and Mansfield.,CSV
202603,11,30,202603,11,30,211081,1318874,ARKANSAS,5,2026,March,Thunderstorm Wind,C,131,SEBASTIAN,TSA,11-MAR-26 00:30:00,CST-6,11-MAR-26 00:30:00,0,0,0,0,5.00K,0.00K,Amateur Radio,52.00,EG,,,,,,,,,,0,N,FT SMITH,0,N,FT SMITH,35.38,-94.42,35.38,-94.42,"Strong to severe thunderstorms developed into eastern Oklahoma during the late evening hours of the 10th, and moved into northwestern Arkansas during the early morning hours of the 11th. The thunderstorms developed ahead of a dry line to the west and a cold front to the north, as an upper level disturbance moved into the area. The strongest thunderstorms produced damaging wind.",Strong thunderstorm wind blew down power lines.,CSV
202603,11,35,202603,11,35,211081,1318879,ARKANSAS,5,2026,March,Thunderstorm Wind,C,33,CRAWFORD,TSA,11-MAR-26 00:35:00,CST-6,11-MAR-26 00:35:00,0,0,0,0,5.00K,0.00K,Emergency Manager,65.00,EG,,,,,,,,,,1,WNW,FIGURE FIVE,1,WNW,FIGURE FIVE,35.5255,-94.3864,35.5255,-94.3864,"Strong to severe thunderstorms developed into eastern Oklahoma during the late evening hours of the 10th, and moved into northwestern Arkansas during the early morning hours of the 11th. The thunderstorms developed ahead of a dry line to the west and a cold front to the north, as an upper level disturbance moved into the area. The strongest thunderstorms produced damaging wind.",Strong thunderstorm wind blew down power lines and several trees northwest of Figure Five.,CSV
202603,1,0,202603,31,2359,210525,1317965,ARKANSAS,5,2026,March,Drought,Z,19,CRAWFORD,TSA,01-MAR-26 00:00:00,CST-6,31-MAR-26 23:59:00,0,0,0,0,0.00K,0.00K,Drought Monitor,,,,,,,,,,,,,,,,,,,,,,"Much of northwest and west central Arkansas experienced below average precipitation for the month of March, with some of the area receiving as little as 25 to 50 percent of monthly average rainfall amounts. Rainfall amounts ranged from one to one and a half inches across portions of Sebastian and Franklin Counties, to as much as five to six and a half inches across portions of Benton and Carroll Counties. These dry conditions, compounding on several months of dry weather, allowed the drought that developed across portions of the region in January to expand further in March. Severe (D2) drought conditions developed across all of Benton, Carroll, Washington, Madison, Crawford, Franklin, and Sebastian Counties. Extreme (D3) drought conditions remained across portions of Benton and Carroll Counties during the month. Monetary damage estimates as a result of the drought were not available.",,CSV
202603,1,0,202603,31,2359,210525,1317966,ARKANSAS,5,2026,March,Drought,Z,20,FRANKLIN,TSA,01-MAR-26 00:00:00,CST-6,31-MAR-26 23:59:00,0,0,0,0,0.00K,0.00K,Drought Monitor,,,,,,,,,,,,,,,,,,,,,,"Much of northwest and west central Arkansas experienced below average precipitation for the month of March, with some of the area receiving as little as 25 to 50 percent of monthly average rainfall amounts. Rainfall amounts ranged from one to one and a half inches across portions of Sebastian and Franklin Counties, to as much as five to six and a half inches across portions of Benton and Carroll Counties. These dry conditions, compounding on several months of dry weather, allowed the drought that developed across portions of the region in January to expand further in March. Severe (D2) drought conditions developed across all of Benton, Carroll, Washington, Madison, Crawford, Franklin, and Sebastian Counties. Extreme (D3) drought conditions remained across portions of Benton and Carroll Counties during the month. Monetary damage estimates as a result of the drought were not available.",,CSV
202603,1,0,202603,31,2359,210525,1317967,ARKANSAS,5,2026,March,Drought,Z,29,SEBASTIAN,TSA,01-MAR-26 00:00:00,CST-6,31-MAR-26 23:59:00,0,0,0,0,0.00K,0.00K,Drought Monitor,,,,,,,,,,,,,,,,,,,,,,"Much of northwest and west central Arkansas experienced below average precipitation for the month of March, with some of the area receiving as little as 25 to 50 percent of monthly average rainfall amounts. Rainfall amounts ranged from one to one and a half inches across portions of Sebastian and Franklin Counties, to as much as five to six and a half inches across portions of Benton and Carroll Counties. These dry conditions, compounding on several months of dry weather, allowed the drought that developed across portions of the region in January to expand further in March. Severe (D2) drought conditions developed across all of Benton, Carroll, Washington, Madison, Crawford, Franklin, and Sebastian Counties. Extreme (D3) drought conditions remained across portions of Benton and Carroll Counties during the month. Monetary damage estimates as a result of the drought were not available.",,CSV
202603,11,30,202603,11,30,211081,1318912,ARKANSAS,5,2026,March,Thunderstorm Wind,C,131,SEBASTIAN,TSA,11-MAR-26 00:30:00,CST-6,11-MAR-26 00:30:00,0,0,0,0,0.00K,0.00K,Local Official,61.00,EG,,,,,,,,,,2.27,WSW,OAK PARK,2.27,WSW,OAK PARK,35.4185,-94.4178,35.4185,-94.4178,"Strong to severe thunderstorms developed into eastern Oklahoma during the late evening hours of the 10th, and moved into northwestern Arkansas during the early morning hours of the 11th. The thunderstorms developed ahead of a dry line to the west and a cold front to the north, as an upper level disturbance moved into the area. The strongest thunderstorms produced damaging wind.",Strong thunderstorm wind blew down a tree in the River Park area.,CSV
202603,11,30,202603,11,30,211081,1318908,ARKANSAS,5,2026,March,Thunderstorm Wind,C,131,SEBASTIAN,TSA,11-MAR-26 00:30:00,CST-6,11-MAR-26 00:30:00,0,0,0,0,0.00K,0.00K,Local Official,56.00,EG,,,,,,,,,,3,NW,RYE HILL,3,NW,RYE HILL,35.3007,-94.4076,35.3007,-94.4076,"Strong to severe thunderstorms developed into eastern Oklahoma during the late evening hours of the 10th, and moved into northwestern Arkansas during the early morning hours of the 11th. The thunderstorms developed ahead of a dry line to the west and a cold front to the north, as an upper level disturbance moved into the area. The strongest thunderstorms produced damaging wind.","Strong thunderstorm wind snapped large tree limbs, some blew onto area roads.",CSV
202603,11,32,202603,11,32,211081,1318910,ARKANSAS,5,2026,March,Thunderstorm Wind,C,131,SEBASTIAN,TSA,11-MAR-26 00:32:00,CST-6,11-MAR-26 00:32:00,0,0,0,0,0.00K,0.00K,Local Official,61.00,EG,,,,,,,,,,3,SE,FT SMITH,3,SE,FT SMITH,35.3493,-94.3824,35.3493,-94.3824,"Strong to severe thunderstorms developed into eastern Oklahoma during the late evening hours of the 10th, and moved into northwestern Arkansas during the early morning hours of the 11th. The thunderstorms developed ahead of a dry line to the west and a cold front to the north, as an upper level disturbance moved into the area. The strongest thunderstorms produced damaging wind.",Strong thunderstorm wind blew down a tree.,CSV
202603,11,30,202603,11,30,211081,1318913,ARKANSAS,5,2026,March,Thunderstorm Wind,C,131,SEBASTIAN,TSA,11-MAR-26 00:30:00,CST-6,11-MAR-26 00:30:00,0,0,0,0,0.00K,0.00K,Local Official,61.00,EG,,,,,,,,,,2.15,NNE,SOUTH FT SMITH,2.15,NNE,SOUTH FT SMITH,35.36,-94.39,35.36,-94.39,"Strong to severe thunderstorms developed into eastern Oklahoma during the late evening hours of the 10th, and moved into northwestern Arkansas during the early morning hours of the 11th. The thunderstorms developed ahead of a dry line to the west and a cold front to the north, as an upper level disturbance moved into the area. The strongest thunderstorms produced damaging wind.",Strong thunderstorm wind blew down a tree.,CSV
202603,11,50,202603,11,50,211081,1318877,ARKANSAS,5,2026,March,Thunderstorm Wind,C,33,CRAWFORD,TSA,11-MAR-26 00:50:00,CST-6,11-MAR-26 00:50:00,0,0,0,0,0.00K,0.00K,Emergency Manager,65.00,EG,,,,,,,,,,.06,WSW,MOUNTAINBURG,.06,WSW,MOUNTAINBURG,35.6296,-94.1709,35.6296,-94.1709,"Strong to severe thunderstorms developed into eastern Oklahoma during the late evening hours of the 10th, and moved into northwestern Arkansas during the early morning hours of the 11th. The thunderstorms developed ahead of a dry line to the west and a cold front to the north, as an upper level disturbance moved into the area. The strongest thunderstorms produced damaging wind.",Strong thunderstorm wind blew down trees onto Highway 71 in Mountainburg.,CSV
202603,12,630,202603,15,1913,212359,1328086,ARKANSAS,5,2026,March,Flood,C,147,WOODRUFF,LZK,12-MAR-26 06:30:00,CST-6,15-MAR-26 19:13:00,0,0,0,0,0.00K,0.00K,River/Stream Gage,,,Heavy Rain,,,,,,,,,.82,SSW,RIVERSIDE,.84,SSW,RIVERSIDE,35.2697,-91.2374,35.2693,-91.237,Heavy rainfall during the middle of March led to minor river flooding on the Cache River at Patterson.,"The Cache River experienced minor river flooding in mid-March with the Patterson gage cresting at 9.02 feet on March 15, 2026 at 5:45 PM CST.",CSV
202603,11,50,202603,11,50,211081,1318885,ARKANSAS,5,2026,March,Thunderstorm Wind,C,33,CRAWFORD,TSA,11-MAR-26 00:50:00,CST-6,11-MAR-26 00:50:00,0,0,0,0,0.00K,0.00K,Public,61.00,EG,,,,,,,,,,1.84,SSW,MOUNTAINBURG,1.84,SSW,MOUNTAINBURG,35.6041,-94.178,35.6041,-94.178,"Strong to severe thunderstorms developed into eastern Oklahoma during the late evening hours of the 10th, and moved into northwestern Arkansas during the early morning hours of the 11th. The thunderstorms developed ahead of a dry line to the west and a cold front to the north, as an upper level disturbance moved into the area. The strongest thunderstorms produced damaging wind.","Strong thunderstorm wind blew down a tree on Highway 71, southwest of Mountainburg.",CSV
202603,1,0,202603,31,2359,211812,1323733,ARKANSAS,5,2026,March,Drought,Z,27,POINSETT,MEG,01-MAR-26 00:00:00,CST-6,31-MAR-26 23:59:00,0,0,0,0,0.00K,0.00K,Drought Monitor,,,,,,,,,,,,,,,,,,,,,,"A persistent pocket of Exceptional Drought (D4) stubbornly held its ground over portions of Southwest Craighead and Northwest Poinsett counties. Surrounding these areas, Extreme Drought (D3) covered a significant portion of the Delta. While the winter season kept agricultural activity low, the lack of recharge for ponds and groundwater was evident. By late March, as temperatures spiked above normal and dry conditions continued, local officials began eyeing the spring planting season with caution. Burn bans were eventually implemented in several counties across northeast Arkansas as the landscape remained dangerously dry.",D3 Extreme Drought Conditions worsened to D4 Exceptional Drought in the northwest portion of county by the end of the month.,CSV
202603,1,0,202603,31,2359,211812,1323734,ARKANSAS,5,2026,March,Drought,Z,35,CROSS,MEG,01-MAR-26 00:00:00,CST-6,31-MAR-26 23:59:00,0,0,0,0,0.00K,0.00K,Drought Monitor,,,,,,,,,,,,,,,,,,,,,,"A persistent pocket of Exceptional Drought (D4) stubbornly held its ground over portions of Southwest Craighead and Northwest Poinsett counties. Surrounding these areas, Extreme Drought (D3) covered a significant portion of the Delta. While the winter season kept agricultural activity low, the lack of recharge for ponds and groundwater was evident. By late March, as temperatures spiked above normal and dry conditions continued, local officials began eyeing the spring planting season with caution. Burn bans were eventually implemented in several counties across northeast Arkansas as the landscape remained dangerously dry.",D2 Severe Drought Conditions worsened to D3 Extreme Drought throughout the county by the end of the month.,CSV
202603,1,0,202603,31,2359,211812,1323735,ARKANSAS,5,2026,March,Drought,Z,28,MISSISSIPPI,MEG,01-MAR-26 00:00:00,CST-6,31-MAR-26 23:59:00,0,0,0,0,0.00K,0.00K,Drought Monitor,,,,,,,,,,,,,,,,,,,,,,"A persistent pocket of Exceptional Drought (D4) stubbornly held its ground over portions of Southwest Craighead and Northwest Poinsett counties. Surrounding these areas, Extreme Drought (D3) covered a significant portion of the Delta. While the winter season kept agricultural activity low, the lack of recharge for ponds and groundwater was evident. By late March, as temperatures spiked above normal and dry conditions continued, local officials began eyeing the spring planting season with caution. Burn bans were eventually implemented in several counties across northeast Arkansas as the landscape remained dangerously dry.",D2 Severe Drought Conditions persisted in northwest portions of the county throughout the month.,CSV
202603,15,1545,202603,15,1545,212125,1326223,ARKANSAS,5,2026,March,Thunderstorm Wind,C,57,HEMPSTEAD,SHV,15-MAR-26 15:45:00,CST-6,15-MAR-26 15:45:00,0,0,0,0,0.00K,0.00K,911 Call Center,52.00,EG,,,,,,,,,,.57,E,MC CASKILL,.57,E,MC CASKILL,33.92,-93.64,33.92,-93.64,"Rapid thunderstorm initiation developed during the afternoon on March 15th as strong ascent occurred when a cold front interacted with a plume of returning surface moisture. Modest surface dew points in the lower to middle 60s amid steep mid-level lapse rates supported 1000-2000 J/kg of MUCAPE. 50+ knots of deep-layer shear also favored storm organization with a mixed mode of supercells and line segments. The surging nature of the front promoted rapid upscale growth into a QLCS before spreading eastward across the Red River Valley and into the Ark-La-Tex region. Strong low and mid-level shear between 200-300 m2/s2 supported embedded supercells, along with QLCS wind gusts. As a result, numerous reports of large hail and damaging wind gusts were recorded across Southwest Arkansas.",Trees and power lines downed in the vicinity of McCaskill.,CSV
202603,15,1600,202603,15,1600,212125,1326225,ARKANSAS,5,2026,March,Thunderstorm Wind,C,57,HEMPSTEAD,SHV,15-MAR-26 16:00:00,CST-6,15-MAR-26 16:00:00,0,0,0,0,0.00K,0.00K,911 Call Center,52.00,EG,,,,,,,,,,.58,E,HOPE,.58,E,HOPE,33.67,-93.59,33.67,-93.59,"Rapid thunderstorm initiation developed during the afternoon on March 15th as strong ascent occurred when a cold front interacted with a plume of returning surface moisture. Modest surface dew points in the lower to middle 60s amid steep mid-level lapse rates supported 1000-2000 J/kg of MUCAPE. 50+ knots of deep-layer shear also favored storm organization with a mixed mode of supercells and line segments. The surging nature of the front promoted rapid upscale growth into a QLCS before spreading eastward across the Red River Valley and into the Ark-La-Tex region. Strong low and mid-level shear between 200-300 m2/s2 supported embedded supercells, along with QLCS wind gusts. As a result, numerous reports of large hail and damaging wind gusts were recorded across Southwest Arkansas.",Trees and power lines downed throughout the city of Hope.,CSV
202603,15,1623,202603,15,1623,212125,1326228,ARKANSAS,5,2026,March,Thunderstorm Wind,C,91,MILLER,SHV,15-MAR-26 16:23:00,CST-6,15-MAR-26 16:23:00,0,0,0,0,0.00K,0.00K,Law Enforcement,52.00,EG,,,,,,,,,,.69,S,KIBLAH,.69,S,KIBLAH,33.04,-93.9,33.04,-93.9,"Rapid thunderstorm initiation developed during the afternoon on March 15th as strong ascent occurred when a cold front interacted with a plume of returning surface moisture. Modest surface dew points in the lower to middle 60s amid steep mid-level lapse rates supported 1000-2000 J/kg of MUCAPE. 50+ knots of deep-layer shear also favored storm organization with a mixed mode of supercells and line segments. The surging nature of the front promoted rapid upscale growth into a QLCS before spreading eastward across the Red River Valley and into the Ark-La-Tex region. Strong low and mid-level shear between 200-300 m2/s2 supported embedded supercells, along with QLCS wind gusts. As a result, numerous reports of large hail and damaging wind gusts were recorded across Southwest Arkansas.",Tree downed across Highway 71 near mile marker 1 in southern Miller County along with other sporadic downed trees across the county.,CSV
202603,15,1715,202603,15,1715,210473,1324052,ARKANSAS,5,2026,March,Hail,C,43,DREW,LZK,15-MAR-26 17:15:00,CST-6,15-MAR-26 17:15:00,0,0,0,0,0.00K,0.00K,Public,1.25,,,,,,,,,,,2.4,ENE,ROSE HILL,2.4,ENE,ROSE HILL,33.68,-91.78,33.68,-91.78,"A deepening surface low pressure system was centered over Illinois and an attendant cold front extended south-southwestward sweeping from west to east across Arkansas during the afternoon and evening hours of March 15, 2026. Multiple severe thunderstorms developed in a well-defined warm sector positioned across the state where storms matured and quickly became severe producing large hail, damaging wind gusts, and tornadoes.",Half-dollar sized hail fell north of the town of Monticello.,CSV
202603,15,1750,202603,15,1750,210473,1324053,ARKANSAS,5,2026,March,Hail,C,43,DREW,LZK,15-MAR-26 17:50:00,CST-6,15-MAR-26 17:50:00,0,0,0,0,0.00K,0.00K,Public,1.25,,,,,,,,,,,0,N,JEROME,0,N,JEROME,33.4,-91.47,33.4,-91.47,"A deepening surface low pressure system was centered over Illinois and an attendant cold front extended south-southwestward sweeping from west to east across Arkansas during the afternoon and evening hours of March 15, 2026. Multiple severe thunderstorms developed in a well-defined warm sector positioned across the state where storms matured and quickly became severe producing large hail, damaging wind gusts, and tornadoes.",Half-dollar sized hail fell in the town of Jerome.,CSV
202603,15,1800,202603,15,1800,210473,1324055,ARKANSAS,5,2026,March,Hail,C,41,DESHA,LZK,15-MAR-26 18:00:00,CST-6,15-MAR-26 18:00:00,0,0,0,0,0.00K,0.00K,Trained Spotter,2.00,,,,,,,,,,,.69,S,ROHWER,.69,S,ROHWER,33.76,-91.28,33.76,-91.28,"A deepening surface low pressure system was centered over Illinois and an attendant cold front extended south-southwestward sweeping from west to east across Arkansas during the afternoon and evening hours of March 15, 2026. Multiple severe thunderstorms developed in a well-defined warm sector positioned across the state where storms matured and quickly became severe producing large hail, damaging wind gusts, and tornadoes.",Lime-sized hail fell in the town of Rohwer.,CSV
202603,15,1817,202603,15,1817,210473,1324060,ARKANSAS,5,2026,March,Thunderstorm Wind,C,41,DESHA,LZK,15-MAR-26 18:17:00,CST-6,15-MAR-26 18:17:00,0,0,0,0,0.00K,0.00K,Mesonet,57.00,MG,,,,,,,,,,.69,N,PENDLETON,.69,N,PENDLETON,33.98,-91.38,33.98,-91.38,"A deepening surface low pressure system was centered over Illinois and an attendant cold front extended south-southwestward sweeping from west to east across Arkansas during the afternoon and evening hours of March 15, 2026. Multiple severe thunderstorms developed in a well-defined warm sector positioned across the state where storms matured and quickly became severe producing large hail, damaging wind gusts, and tornadoes.",The Mesonet station ARDO7 at Arkansas Highway 165 in Pendleton measured a thunderstorm wind gust of 66 mph.,CSV
202603,1,0,202603,31,2359,211812,1323736,ARKANSAS,5,2026,March,Drought,Z,48,ST. FRANCIS,MEG,01-MAR-26 00:00:00,CST-6,31-MAR-26 23:59:00,0,0,0,0,0.00K,0.00K,Drought Monitor,,,,,,,,,,,,,,,,,,,,,,"A persistent pocket of Exceptional Drought (D4) stubbornly held its ground over portions of Southwest Craighead and Northwest Poinsett counties. Surrounding these areas, Extreme Drought (D3) covered a significant portion of the Delta. While the winter season kept agricultural activity low, the lack of recharge for ponds and groundwater was evident. By late March, as temperatures spiked above normal and dry conditions continued, local officials began eyeing the spring planting season with caution. Burn bans were eventually implemented in several counties across northeast Arkansas as the landscape remained dangerously dry.",D2 Severe Drought Conditions worsened to D3 Extreme Drought Conditions in northwest portions of the county by the end of the month.,CSV
202603,1,0,202603,31,2359,211812,1323737,ARKANSAS,5,2026,March,Drought,Z,49,LEE,MEG,01-MAR-26 00:00:00,CST-6,31-MAR-26 23:59:00,0,0,0,0,0.00K,0.00K,Drought Monitor,,,,,,,,,,,,,,,,,,,,,,"A persistent pocket of Exceptional Drought (D4) stubbornly held its ground over portions of Southwest Craighead and Northwest Poinsett counties. Surrounding these areas, Extreme Drought (D3) covered a significant portion of the Delta. While the winter season kept agricultural activity low, the lack of recharge for ponds and groundwater was evident. By late March, as temperatures spiked above normal and dry conditions continued, local officials began eyeing the spring planting season with caution. Burn bans were eventually implemented in several counties across northeast Arkansas as the landscape remained dangerously dry.",D2 Severe Drought Conditions persisted across the county throughout the month.,CSV
202603,1,0,202603,31,2359,211812,1323738,ARKANSAS,5,2026,March,Drought,Z,58,PHILLIPS,MEG,01-MAR-26 00:00:00,CST-6,31-MAR-26 23:59:00,0,0,0,0,0.00K,0.00K,Drought Monitor,,,,,,,,,,,,,,,,,,,,,,"A persistent pocket of Exceptional Drought (D4) stubbornly held its ground over portions of Southwest Craighead and Northwest Poinsett counties. Surrounding these areas, Extreme Drought (D3) covered a significant portion of the Delta. While the winter season kept agricultural activity low, the lack of recharge for ponds and groundwater was evident. By late March, as temperatures spiked above normal and dry conditions continued, local officials began eyeing the spring planting season with caution. Burn bans were eventually implemented in several counties across northeast Arkansas as the landscape remained dangerously dry.",D2 Severe Drought Conditions persisted across the county throughout the month.,CSV
202603,15,1710,202603,15,1711,212008,1325133,ARKANSAS,5,2026,March,Thunderstorm Wind,C,21,CLAY,MEG,15-MAR-26 17:10:00,CST-6,15-MAR-26 17:11:00,0,0,0,0,0.00K,0.00K,Public,58.00,MG,,,,,,,,,,4,W,CORNING,4,W,CORNING,36.4,-90.6519,36.4,-90.6519,"A negatively tilted upper-level trough began to deepen as it moved from the northern Rockies into the Middle Mississippi Valley on Sunday afternoon, driving a potent cold front eastward. Mid-level heights also began to fall Sunday afternoon as impressive kinematics overspread the region. Moderately steep mid-level lapse rates greater than 7 C/km, along with SBCAPE values of 750-1200 J/kg and storm relative helicity values upwards of 300 m2/s2 developed ahead of the cold front. An impressive line of storms formed along and ahead of the cold front, producing a half dozen weak tornadoes, 75+ mph wind gusts, and large hail across the Mid-South.",A private weather station reported a 67 mph gust near the Corning airport.,CSV
202603,11,15,202603,11,15,212108,1325967,ARKANSAS,5,2026,March,Thunderstorm Wind,C,81,LITTLE RIVER,SHV,11-MAR-26 00:15:00,CST-6,11-MAR-26 00:15:00,0,0,0,0,0.00K,0.00K,Emergency Manager,52.00,EG,,,,,,,,,,.57,E,CERROGORDO,.57,E,CERROGORDO,33.92,-94.47,33.92,-94.47,"Scattered strong to severe thunderstorms extended from Southeast Oklahoma down across Central Texas late in the evening on March 10th and into the early morning on March 11th, with the most organized threat area over Northeast Texas into Southeast Oklahoma and Southwest Arkansas. Effective storm-relative helicity ahead of the prominent line of thunderstorms was quite favorable for low-level rotation, and instability was rather strong as well. The VAD wind profile from the Shreveport Doppler Radar indicated a very favorable hodograph for rotating storms with 0-1 km storm-relative helicity over 250 m2/s2. As a result, severe thunderstorms produced an isolated tornado and some damaging wind gusts in parts of Southwest Arkansas during the early morning hours on March 11th.",Three structures were damaged near the Arkansas/Oklahoma state line.,CSV
202603,15,1627,202603,15,1627,212125,1326231,ARKANSAS,5,2026,March,Thunderstorm Wind,C,99,NEVADA,SHV,15-MAR-26 16:27:00,CST-6,15-MAR-26 16:27:00,0,0,0,0,0.00K,0.00K,911 Call Center,52.00,EG,,,,,,,,,,.69,N,LANEBURG,.69,N,LANEBURG,33.69,-93.35,33.69,-93.35,"Rapid thunderstorm initiation developed during the afternoon on March 15th as strong ascent occurred when a cold front interacted with a plume of returning surface moisture. Modest surface dew points in the lower to middle 60s amid steep mid-level lapse rates supported 1000-2000 J/kg of MUCAPE. 50+ knots of deep-layer shear also favored storm organization with a mixed mode of supercells and line segments. The surging nature of the front promoted rapid upscale growth into a QLCS before spreading eastward across the Red River Valley and into the Ark-La-Tex region. Strong low and mid-level shear between 200-300 m2/s2 supported embedded supercells, along with QLCS wind gusts. As a result, numerous reports of large hail and damaging wind gusts were recorded across Southwest Arkansas.",Multiple trees downed across Highway 371 in Laneburg.,CSV
202603,15,1737,202603,15,1737,212125,1326233,ARKANSAS,5,2026,March,Thunderstorm Wind,C,139,UNION,SHV,15-MAR-26 17:37:00,CST-6,15-MAR-26 17:37:00,0,0,0,0,0.00K,0.00K,Law Enforcement,52.00,EG,,,,,,,,,,2.22,SE,HERMA,2.22,SE,HERMA,33.25,-92.6,33.25,-92.6,"Rapid thunderstorm initiation developed during the afternoon on March 15th as strong ascent occurred when a cold front interacted with a plume of returning surface moisture. Modest surface dew points in the lower to middle 60s amid steep mid-level lapse rates supported 1000-2000 J/kg of MUCAPE. 50+ knots of deep-layer shear also favored storm organization with a mixed mode of supercells and line segments. The surging nature of the front promoted rapid upscale growth into a QLCS before spreading eastward across the Red River Valley and into the Ark-La-Tex region. Strong low and mid-level shear between 200-300 m2/s2 supported embedded supercells, along with QLCS wind gusts. As a result, numerous reports of large hail and damaging wind gusts were recorded across Southwest Arkansas.",Tree downed on Champagnolle Road just northeast of El Dorado.,CSV
202603,15,1822,202603,15,1822,212125,1326234,ARKANSAS,5,2026,March,Thunderstorm Wind,C,139,UNION,SHV,15-MAR-26 18:22:00,CST-6,15-MAR-26 18:22:00,0,0,0,0,0.00K,0.00K,Law Enforcement,52.00,EG,,,,,,,,,,.9,NW,FELSENTHAL,.9,NW,FELSENTHAL,33.06,-92.16,33.06,-92.16,"Rapid thunderstorm initiation developed during the afternoon on March 15th as strong ascent occurred when a cold front interacted with a plume of returning surface moisture. Modest surface dew points in the lower to middle 60s amid steep mid-level lapse rates supported 1000-2000 J/kg of MUCAPE. 50+ knots of deep-layer shear also favored storm organization with a mixed mode of supercells and line segments. The surging nature of the front promoted rapid upscale growth into a QLCS before spreading eastward across the Red River Valley and into the Ark-La-Tex region. Strong low and mid-level shear between 200-300 m2/s2 supported embedded supercells, along with QLCS wind gusts. As a result, numerous reports of large hail and damaging wind gusts were recorded across Southwest Arkansas.",Tree downed across a road in the Felsenthal community.,CSV
202603,11,12,202603,11,14,212108,1326489,ARKANSAS,5,2026,March,Tornado,C,133,SEVIER,SHV,11-MAR-26 00:12:00,CST-6,11-MAR-26 00:14:00,0,0,0,0,25.00K,0.00K,NWS Storm Survey,,,,,EF1,0.52,85,,,,,1.71,WNW,KING,1.5,NW,KING,34.142,-94.3061,34.1457,-94.2982,"Scattered strong to severe thunderstorms extended from Southeast Oklahoma down across Central Texas late in the evening on March 10th and into the early morning on March 11th, with the most organized threat area over Northeast Texas into Southeast Oklahoma and Southwest Arkansas. Effective storm-relative helicity ahead of the prominent line of thunderstorms was quite favorable for low-level rotation, and instability was rather strong as well. The VAD wind profile from the Shreveport Doppler Radar indicated a very favorable hodograph for rotating storms with 0-1 km storm-relative helicity over 250 m2/s2. As a result, severe thunderstorms produced an isolated tornado and some damaging wind gusts in parts of Southwest Arkansas during the early morning hours on March 11th.","Early on the morning of March 11th, a line of severe thunderstorms moved into Sevier County, Arkansas. The line of thunderstorms produced a brief EF1 tornado with estimated maximum winds near 95 mph just east of U.S. Highway 71 southeast of Gillham. As the tornado touched down east of the highway, it damaged several large barns before it then snapped several hardwood trees in a downstream field. The tornado then crossed Kind Road where multiple trees were snapped and uprooted. As the tornado moved east of Kind Road, it damaged several more trees before quickly lifting.",CSV
202603,15,1702,202603,15,1709,210473,1326269,ARKANSAS,5,2026,March,Tornado,C,1,ARKANSAS,LZK,15-MAR-26 17:02:00,CST-6,15-MAR-26 17:09:00,0,0,0,0,0.00K,0.00K,NWS Storm Survey,,,,,EFU,2.36,50,,,,,2.4,ESE,ABELES,1.81,SSE,GOLDMAN,34.4183,-91.6303,34.4252,-91.5898,"A deepening surface low pressure system was centered over Illinois and an attendant cold front extended south-southwestward sweeping from west to east across Arkansas during the afternoon and evening hours of March 15, 2026. Multiple severe thunderstorms developed in a well-defined warm sector positioned across the state where storms matured and quickly became severe producing large hail, damaging wind gusts, and tornadoes.","This tornado began in an isolated patch of trees before moving into an open field. This tornado remained in an open field through its duration, causing no damage. Numerous trained spotters observed and recorded this tornado. NWS survey team inspected the area and found no damage, thus rating the tornado EFU.",CSV
202603,15,1643,202603,15,1653,210473,1326270,ARKANSAS,5,2026,March,Tornado,C,75,LAWRENCE,LZK,15-MAR-26 16:43:00,CST-6,15-MAR-26 16:53:00,0,0,0,0,0.00K,0.00K,NWS Storm Survey,,,,,EF1,10.41,200,,,,,1.41,SSE,CLOVER BEND,.66,SSW,PONDERS,35.9618,-91.0887,35.9919,-90.9063,"A deepening surface low pressure system was centered over Illinois and an attendant cold front extended south-southwestward sweeping from west to east across Arkansas during the afternoon and evening hours of March 15, 2026. Multiple severe thunderstorms developed in a well-defined warm sector positioned across the state where storms matured and quickly became severe producing large hail, damaging wind gusts, and tornadoes.","This tornado began along County Road 547 where it damaged several power poles. The tornado continued towards the northeast over mostly farmland along County Road 534. It then moved into the town of Minturn where numerous trees were uprooted or snapped. Additionally, a few mobile homes sustained roof damage. The tornado then crossed over Interstate 67 and Narrow Gauge Road where more trees were uprooted. As it continued to the northeast, it tracked over more farmland before causing minor roof damage to a barn off County Road 701. The tornado continued toward County Road 705 where it downed more trees and power poles before dissipating. This tornado was rated EF1 with estimated maximum winds of 105 mph.",CSV
202603,15,1745,202603,15,1745,210473,1326482,ARKANSAS,5,2026,March,Hail,C,1,ARKANSAS,LZK,15-MAR-26 17:45:00,CST-6,15-MAR-26 17:45:00,0,0,0,0,0.00K,0.00K,Public,0.75,,,,,,,,,,,1.14,W,ST CHARLES,1.14,W,ST CHARLES,34.37,-91.15,34.37,-91.15,"A deepening surface low pressure system was centered over Illinois and an attendant cold front extended south-southwestward sweeping from west to east across Arkansas during the afternoon and evening hours of March 15, 2026. Multiple severe thunderstorms developed in a well-defined warm sector positioned across the state where storms matured and quickly became severe producing large hail, damaging wind gusts, and tornadoes.",Penny-sized hail fell near the town of St. Charles.,CSV
202603,15,1712,202603,15,1716,212008,1325187,ARKANSAS,5,2026,March,Tornado,C,55,GREENE,MEG,15-MAR-26 17:12:00,CST-6,15-MAR-26 17:16:00,0,0,0,0,25.00K,0.00K,NWS Storm Survey,,,,,EF1,2.99,150,,,,,1.59,WSW,LAFE,1.44,ENE,LAFE,36.1873,-90.5438,36.2042,-90.4947,"A negatively tilted upper-level trough began to deepen as it moved from the northern Rockies into the Middle Mississippi Valley on Sunday afternoon, driving a potent cold front eastward. Mid-level heights also began to fall Sunday afternoon as impressive kinematics overspread the region. Moderately steep mid-level lapse rates greater than 7 C/km, along with SBCAPE values of 750-1200 J/kg and storm relative helicity values upwards of 300 m2/s2 developed ahead of the cold front. An impressive line of storms formed along and ahead of the cold front, producing a half dozen weak tornadoes, 75+ mph wind gusts, and large hail across the Mid-South.","The tornado touched down in a wooded area west of County Road 138 southwest of Lafe. Tree damage was noted as the tornado crossed County Road 138 with additional tree damage near County Road 151. The tornado continued northeast, causing minor roof damage to a residence near the intersection of Greene Roads 151 and 142. A small barn was also destroyed off Greene Road 142 near Highway 135. The tornado crossed Highway 135 and damaged a barn just south of Highway 34 E. This damage was consistent with a 90 mph EF1 tornado. The tornado lifted in a wooded area north of Highway 34 E.",CSV
202603,15,1713,202603,15,1716,212008,1325189,ARKANSAS,5,2026,March,Thunderstorm Wind,C,55,GREENE,MEG,15-MAR-26 17:13:00,CST-6,15-MAR-26 17:16:00,0,0,0,0,5.00K,0.00K,NWS Storm Survey,70.00,EG,,,,,,,,,,1.06,SSE,LAFE,1.64,E,LAFE,36.185,-90.516,36.196,-90.491,"A negatively tilted upper-level trough began to deepen as it moved from the northern Rockies into the Middle Mississippi Valley on Sunday afternoon, driving a potent cold front eastward. Mid-level heights also began to fall Sunday afternoon as impressive kinematics overspread the region. Moderately steep mid-level lapse rates greater than 7 C/km, along with SBCAPE values of 750-1200 J/kg and storm relative helicity values upwards of 300 m2/s2 developed ahead of the cold front. An impressive line of storms formed along and ahead of the cold front, producing a half dozen weak tornadoes, 75+ mph wind gusts, and large hail across the Mid-South.","The rear flank downdraft associated with the EF-1 tornado that struck Lafe, Arkansas uprooted trees and caused roof damage to a mobile home south of the tornado track.",CSV
202603,15,1714,202603,15,1719,212008,1325191,ARKANSAS,5,2026,March,Thunderstorm Wind,C,55,GREENE,MEG,15-MAR-26 17:14:00,CST-6,15-MAR-26 17:19:00,0,0,0,0,2.00K,0.00K,Amateur Radio,50.00,EG,,,,,,,,,,2.68,NNW,CENTER HILL,2.68,NNW,CENTER HILL,36.1177,-90.541,36.1177,-90.541,"A negatively tilted upper-level trough began to deepen as it moved from the northern Rockies into the Middle Mississippi Valley on Sunday afternoon, driving a potent cold front eastward. Mid-level heights also began to fall Sunday afternoon as impressive kinematics overspread the region. Moderately steep mid-level lapse rates greater than 7 C/km, along with SBCAPE values of 750-1200 J/kg and storm relative helicity values upwards of 300 m2/s2 developed ahead of the cold front. An impressive line of storms formed along and ahead of the cold front, producing a half dozen weak tornadoes, 75+ mph wind gusts, and large hail across the Mid-South.",Trees were knocked down across County Road 625 about one-half mile west of County Road 627.,CSV
202603,11,20,202603,11,20,212108,1325968,ARKANSAS,5,2026,March,Thunderstorm Wind,C,81,LITTLE RIVER,SHV,11-MAR-26 00:20:00,CST-6,11-MAR-26 00:20:00,0,0,0,0,0.00K,0.00K,Law Enforcement,52.00,EG,,,,,,,,,,.57,W,FOREMAN,.57,W,FOREMAN,33.72,-94.41,33.72,-94.41,"Scattered strong to severe thunderstorms extended from Southeast Oklahoma down across Central Texas late in the evening on March 10th and into the early morning on March 11th, with the most organized threat area over Northeast Texas into Southeast Oklahoma and Southwest Arkansas. Effective storm-relative helicity ahead of the prominent line of thunderstorms was quite favorable for low-level rotation, and instability was rather strong as well. The VAD wind profile from the Shreveport Doppler Radar indicated a very favorable hodograph for rotating storms with 0-1 km storm-relative helicity over 250 m2/s2. As a result, severe thunderstorms produced an isolated tornado and some damaging wind gusts in parts of Southwest Arkansas during the early morning hours on March 11th.",Large limbs downed near County Road 1 just outside of Foreman.,CSV
202603,15,1810,202603,15,1810,210473,1326483,ARKANSAS,5,2026,March,Thunderstorm Wind,C,41,DESHA,LZK,15-MAR-26 18:10:00,CST-6,15-MAR-26 18:10:00,0,0,0,0,0.00K,0.00K,Mesonet,57.00,MG,,,,,,,,,,.69,N,PENDLETON,.69,N,PENDLETON,33.98,-91.38,33.98,-91.38,"A deepening surface low pressure system was centered over Illinois and an attendant cold front extended south-southwestward sweeping from west to east across Arkansas during the afternoon and evening hours of March 15, 2026. Multiple severe thunderstorms developed in a well-defined warm sector positioned across the state where storms matured and quickly became severe producing large hail, damaging wind gusts, and tornadoes.",Corrects previous non-severe thunderstorm wind gust from this site as mesonet from Pendleton record measured wind gust of 66 mph.,CSV
202603,15,1625,202603,15,1625,210473,1326484,ARKANSAS,5,2026,March,Thunderstorm Wind,C,145,WHITE,LZK,15-MAR-26 16:25:00,CST-6,15-MAR-26 16:25:00,0,0,0,0,0.00K,0.00K,Fire Department/Rescue,56.00,EG,,,,,,,,,,0,N,ROSE BUD,0,N,ROSE BUD,35.33,-92.08,35.33,-92.08,"A deepening surface low pressure system was centered over Illinois and an attendant cold front extended south-southwestward sweeping from west to east across Arkansas during the afternoon and evening hours of March 15, 2026. Multiple severe thunderstorms developed in a well-defined warm sector positioned across the state where storms matured and quickly became severe producing large hail, damaging wind gusts, and tornadoes.",Three power poles were snapped in the community of Rose Bud.,CSV
202603,15,1635,202603,15,1635,210473,1326485,ARKANSAS,5,2026,March,Thunderstorm Wind,C,75,LAWRENCE,LZK,15-MAR-26 16:35:00,CST-6,15-MAR-26 16:35:00,0,0,0,0,0.00K,0.00K,Emergency Manager,52.00,EG,,,,,,,,,,1.81,ENE,STRAWBERRY,1.81,ENE,STRAWBERRY,35.98,-91.29,35.98,-91.29,"A deepening surface low pressure system was centered over Illinois and an attendant cold front extended south-southwestward sweeping from west to east across Arkansas during the afternoon and evening hours of March 15, 2026. Multiple severe thunderstorms developed in a well-defined warm sector positioned across the state where storms matured and quickly became severe producing large hail, damaging wind gusts, and tornadoes.",A few trees were knocked down near the community of Strawberry.,CSV
202603,15,1715,202603,15,1716,212008,1325194,ARKANSAS,5,2026,March,Thunderstorm Wind,C,31,CRAIGHEAD,MEG,15-MAR-26 17:15:00,CST-6,15-MAR-26 17:16:00,0,0,0,0,0.00K,0.00K,Amateur Radio,59.00,MG,,,,,,,,,,1.19,SE,VALLEY VIEW,1.19,SE,VALLEY VIEW,35.7688,-90.7139,35.7688,-90.7139,"A negatively tilted upper-level trough began to deepen as it moved from the northern Rockies into the Middle Mississippi Valley on Sunday afternoon, driving a potent cold front eastward. Mid-level heights also began to fall Sunday afternoon as impressive kinematics overspread the region. Moderately steep mid-level lapse rates greater than 7 C/km, along with SBCAPE values of 750-1200 J/kg and storm relative helicity values upwards of 300 m2/s2 developed ahead of the cold front. An impressive line of storms formed along and ahead of the cold front, producing a half dozen weak tornadoes, 75+ mph wind gusts, and large hail across the Mid-South.",A measured wind gust of 68 mph occurred at the Lawson Road and Culberhouse Street intersection on the south side of Jonesboro.,CSV
202603,15,1718,202603,15,1719,212008,1325195,ARKANSAS,5,2026,March,Thunderstorm Wind,C,31,CRAIGHEAD,MEG,15-MAR-26 17:18:00,CST-6,15-MAR-26 17:19:00,0,0,0,0,0.00K,0.00K,ASOS,65.00,MG,,,,,,,,,,0,N,(JBR)JONESBORO MUNI,0,N,(JBR)JONESBORO MUNI,35.83,-90.65,35.83,-90.65,"A negatively tilted upper-level trough began to deepen as it moved from the northern Rockies into the Middle Mississippi Valley on Sunday afternoon, driving a potent cold front eastward. Mid-level heights also began to fall Sunday afternoon as impressive kinematics overspread the region. Moderately steep mid-level lapse rates greater than 7 C/km, along with SBCAPE values of 750-1200 J/kg and storm relative helicity values upwards of 300 m2/s2 developed ahead of the cold front. An impressive line of storms formed along and ahead of the cold front, producing a half dozen weak tornadoes, 75+ mph wind gusts, and large hail across the Mid-South.",,CSV
202603,15,1719,202603,15,1724,212008,1325198,ARKANSAS,5,2026,March,Thunderstorm Wind,C,31,CRAIGHEAD,MEG,15-MAR-26 17:19:00,CST-6,15-MAR-26 17:24:00,0,0,0,0,12.00K,0.00K,Broadcast Media,50.00,EG,,,,,,,,,,.56,E,GLENDALE,1.32,ESE,AGGIE,35.85,-90.64,35.86,-90.63,"A negatively tilted upper-level trough began to deepen as it moved from the northern Rockies into the Middle Mississippi Valley on Sunday afternoon, driving a potent cold front eastward. Mid-level heights also began to fall Sunday afternoon as impressive kinematics overspread the region. Moderately steep mid-level lapse rates greater than 7 C/km, along with SBCAPE values of 750-1200 J/kg and storm relative helicity values upwards of 300 m2/s2 developed ahead of the cold front. An impressive line of storms formed along and ahead of the cold front, producing a half dozen weak tornadoes, 75+ mph wind gusts, and large hail across the Mid-South.","Straight line winds tore shingles off a roof on Edgemont Circle, and a carport was destroyed on Reno Street in Jonesboro.",CSV
202603,15,1722,202603,15,1727,212008,1325454,ARKANSAS,5,2026,March,Thunderstorm Wind,C,55,GREENE,MEG,15-MAR-26 17:22:00,CST-6,15-MAR-26 17:27:00,0,0,0,0,30.00K,0.00K,Law Enforcement,70.00,EG,,,,,,,,,,2.26,E,PARAGOULD,2.26,E,PARAGOULD,36.0483,-90.4396,36.0483,-90.4396,"A negatively tilted upper-level trough began to deepen as it moved from the northern Rockies into the Middle Mississippi Valley on Sunday afternoon, driving a potent cold front eastward. Mid-level heights also began to fall Sunday afternoon as impressive kinematics overspread the region. Moderately steep mid-level lapse rates greater than 7 C/km, along with SBCAPE values of 750-1200 J/kg and storm relative helicity values upwards of 300 m2/s2 developed ahead of the cold front. An impressive line of storms formed along and ahead of the cold front, producing a half dozen weak tornadoes, 75+ mph wind gusts, and large hail across the Mid-South.","Nine power poles were snapped on Highway 135 South, just south of 412 East.",CSV
202603,15,1724,202603,15,1726,212008,1325464,ARKANSAS,5,2026,March,Tornado,C,21,CLAY,MEG,15-MAR-26 17:24:00,CST-6,15-MAR-26 17:26:00,0,0,0,0,50.00K,0.00K,NWS Storm Survey,,,,,EF1,2.04,130,,,,,3.19,NW,RECTOR MUNI ARPT,1.68,NW,RECTOR,36.2877,-90.3532,36.2901,-90.3169,"A negatively tilted upper-level trough began to deepen as it moved from the northern Rockies into the Middle Mississippi Valley on Sunday afternoon, driving a potent cold front eastward. Mid-level heights also began to fall Sunday afternoon as impressive kinematics overspread the region. Moderately steep mid-level lapse rates greater than 7 C/km, along with SBCAPE values of 750-1200 J/kg and storm relative helicity values upwards of 300 m2/s2 developed ahead of the cold front. An impressive line of storms formed along and ahead of the cold front, producing a half dozen weak tornadoes, 75+ mph wind gusts, and large hail across the Mid-South.","A tornado touched down on county road 420 northwest of Rector, AR, where tree damage was observed. The tornado continued northeast, causing minor roof damage to a residence near the intersection of County Roads 420 and 418. In addition, roof uplift occurred to a metal outbuilding on the property. Damage was consistent with a 90 mph EF1 tornado. The tornado lifted shortly after crossing County Road 418.",CSV
202603,15,1747,202603,15,1752,212008,1325480,ARKANSAS,5,2026,March,Thunderstorm Wind,C,93,MISSISSIPPI,MEG,15-MAR-26 17:47:00,CST-6,15-MAR-26 17:52:00,0,0,0,0,15.00K,0.00K,Emergency Manager,61.00,EG,,,,,,,,,,.66,NW,MANILA,.66,NW,MANILA,35.8875,-90.1773,35.8875,-90.1773,"A negatively tilted upper-level trough began to deepen as it moved from the northern Rockies into the Middle Mississippi Valley on Sunday afternoon, driving a potent cold front eastward. Mid-level heights also began to fall Sunday afternoon as impressive kinematics overspread the region. Moderately steep mid-level lapse rates greater than 7 C/km, along with SBCAPE values of 750-1200 J/kg and storm relative helicity values upwards of 300 m2/s2 developed ahead of the cold front. An impressive line of storms formed along and ahead of the cold front, producing a half dozen weak tornadoes, 75+ mph wind gusts, and large hail across the Mid-South.",Roof damage and powerlines downed at the intersection of Beauchamp Street and West Lake Street.,CSV
202603,15,1727,202603,15,1732,212008,1325482,ARKANSAS,5,2026,March,Thunderstorm Wind,C,21,CLAY,MEG,15-MAR-26 17:27:00,CST-6,15-MAR-26 17:32:00,0,0,0,0,15.00K,0.00K,NWS Storm Survey,70.00,EG,,,,,,,,,,1.03,SSE,RECTOR,1.03,SSE,RECTOR,36.2557,-90.2946,36.2557,-90.2946,"A negatively tilted upper-level trough began to deepen as it moved from the northern Rockies into the Middle Mississippi Valley on Sunday afternoon, driving a potent cold front eastward. Mid-level heights also began to fall Sunday afternoon as impressive kinematics overspread the region. Moderately steep mid-level lapse rates greater than 7 C/km, along with SBCAPE values of 750-1200 J/kg and storm relative helicity values upwards of 300 m2/s2 developed ahead of the cold front. An impressive line of storms formed along and ahead of the cold front, producing a half dozen weak tornadoes, 75+ mph wind gusts, and large hail across the Mid-South.","An outbuilding was destroyed, and a second one was partially damaged near the intersection of South Dodd Street and West 13th Street. Several trees were also downed.",CSV
202603,7,843,202603,7,848,211691,1322984,ARKANSAS,5,2026,March,Thunderstorm Wind,C,55,GREENE,MEG,07-MAR-26 08:43:00,CST-6,07-MAR-26 08:48:00,0,0,0,0,12.00K,0.00K,911 Call Center,50.00,EG,,,,,,,,,,2.23,E,PARAGOULD,2.23,E,PARAGOULD,36.05,-90.44,36.05,-90.44,"A cold front provided lift while marginal atmospheric parameters were in place for scattered severe thunderstorms. The cold front ignited storms after 8 AM in northeast Arkansas with CAPE values on the order of 700-1200 J/kg, effective bulk wind shear values of around 30 kts, and mid-level lapse rates around 6-6.5 C/km. These parameters increased during the afternoon with peak heating. Thankfully, the front was clear of northeast Arkansas, and only a few thunderstorms became severe and produced damaging wind gusts.",Power poles (3-4) were knocked down on AR 135 Hwy S near the Twin Oaks Motel.,CSV
202603,15,1731,202603,15,1736,212008,1325484,ARKANSAS,5,2026,March,Thunderstorm Wind,C,21,CLAY,MEG,15-MAR-26 17:31:00,CST-6,15-MAR-26 17:36:00,0,0,0,0,15.00K,0.00K,NWS Storm Survey,70.00,EG,,,,,,,,,,2.28,NNW,HOLLY CORNER,2.28,NNW,HOLLY CORNER,36.3605,-90.2657,36.3605,-90.2657,"A negatively tilted upper-level trough began to deepen as it moved from the northern Rockies into the Middle Mississippi Valley on Sunday afternoon, driving a potent cold front eastward. Mid-level heights also began to fall Sunday afternoon as impressive kinematics overspread the region. Moderately steep mid-level lapse rates greater than 7 C/km, along with SBCAPE values of 750-1200 J/kg and storm relative helicity values upwards of 300 m2/s2 developed ahead of the cold front. An impressive line of storms formed along and ahead of the cold front, producing a half dozen weak tornadoes, 75+ mph wind gusts, and large hail across the Mid-South.",Significant damage to the roof of a home on County Road 461. Numerous trees were also damaged and/or uprooted. An outbuilding also sustained damage.,CSV
202603,15,1825,202603,15,1830,212008,1325487,ARKANSAS,5,2026,March,Thunderstorm Wind,C,35,CRITTENDEN,MEG,15-MAR-26 18:25:00,CST-6,15-MAR-26 18:30:00,0,0,0,0,10.00K,0.00K,Public,50.00,EG,,,,,,,,,,.89,SE,BLANTON,.89,SE,BLANTON,35.16,-90.16,35.16,-90.16,"A negatively tilted upper-level trough began to deepen as it moved from the northern Rockies into the Middle Mississippi Valley on Sunday afternoon, driving a potent cold front eastward. Mid-level heights also began to fall Sunday afternoon as impressive kinematics overspread the region. Moderately steep mid-level lapse rates greater than 7 C/km, along with SBCAPE values of 750-1200 J/kg and storm relative helicity values upwards of 300 m2/s2 developed ahead of the cold front. An impressive line of storms formed along and ahead of the cold front, producing a half dozen weak tornadoes, 75+ mph wind gusts, and large hail across the Mid-South.",Roof damage to a casino.,CSV
202603,15,1725,202603,15,1730,212008,1326542,ARKANSAS,5,2026,March,Thunderstorm Wind,C,31,CRAIGHEAD,MEG,15-MAR-26 17:25:00,CST-6,15-MAR-26 17:30:00,0,0,0,0,25.00K,0.00K,NWS Storm Survey,65.00,EG,,,,,,,,,,1.01,W,WHITBURG,.1,WNW,WHITBURG,35.8527,-90.5978,35.8507,-90.5816,"A negatively tilted upper-level trough began to deepen as it moved from the northern Rockies into the Middle Mississippi Valley on Sunday afternoon, driving a potent cold front eastward. Mid-level heights also began to fall Sunday afternoon as impressive kinematics overspread the region. Moderately steep mid-level lapse rates greater than 7 C/km, along with SBCAPE values of 750-1200 J/kg and storm relative helicity values upwards of 300 m2/s2 developed ahead of the cold front. An impressive line of storms formed along and ahead of the cold front, producing a half dozen weak tornadoes, 75+ mph wind gusts, and large hail across the Mid-South.","Straight line winds knocked down a tree, a utility pole, and caused outbuilding damage on Rogers Chapel Road. A tree was uprooted, and an outbuilding was damaged on CR 910. Some shingles were ripped off a house on CR 910.",CSV
202603,7,838,202603,7,843,211691,1322985,ARKANSAS,5,2026,March,Thunderstorm Wind,C,31,CRAIGHEAD,MEG,07-MAR-26 08:38:00,CST-6,07-MAR-26 08:43:00,0,0,0,0,2.00K,0.00K,Broadcast Media,50.00,EG,,,,,,,,,,.83,N,VALLEY VIEW,.83,N,VALLEY VIEW,35.792,-90.7307,35.792,-90.7307,"A cold front provided lift while marginal atmospheric parameters were in place for scattered severe thunderstorms. The cold front ignited storms after 8 AM in northeast Arkansas with CAPE values on the order of 700-1200 J/kg, effective bulk wind shear values of around 30 kts, and mid-level lapse rates around 6-6.5 C/km. These parameters increased during the afternoon with peak heating. Thankfully, the front was clear of northeast Arkansas, and only a few thunderstorms became severe and produced damaging wind gusts.","Downed trees on Mt. Carmel Drive, off of Southwest Drive.",CSV
202603,7,845,202603,7,850,211691,1322987,ARKANSAS,5,2026,March,Thunderstorm Wind,C,31,CRAIGHEAD,MEG,07-MAR-26 08:45:00,CST-6,07-MAR-26 08:50:00,0,0,0,0,0.00K,0.00K,ASOS,52.00,MG,,,,,,,,,,0,N,(JBR)JONESBORO MUNI,0,N,(JBR)JONESBORO MUNI,35.83,-90.65,35.83,-90.65,"A cold front provided lift while marginal atmospheric parameters were in place for scattered severe thunderstorms. The cold front ignited storms after 8 AM in northeast Arkansas with CAPE values on the order of 700-1200 J/kg, effective bulk wind shear values of around 30 kts, and mid-level lapse rates around 6-6.5 C/km. These parameters increased during the afternoon with peak heating. Thankfully, the front was clear of northeast Arkansas, and only a few thunderstorms became severe and produced damaging wind gusts.",,CSV
202603,15,1707,202603,15,1710,212008,1326545,ARKANSAS,5,2026,March,Thunderstorm Wind,C,55,GREENE,MEG,15-MAR-26 17:07:00,CST-6,15-MAR-26 17:10:00,0,0,0,0,5.00K,0.00K,NWS Storm Survey,65.00,EG,,,,,,,,,,.19,NNW,BEECH GROVE,.19,NNW,BEECH GROVE,36.1726,-90.6215,36.1726,-90.6215,"A negatively tilted upper-level trough began to deepen as it moved from the northern Rockies into the Middle Mississippi Valley on Sunday afternoon, driving a potent cold front eastward. Mid-level heights also began to fall Sunday afternoon as impressive kinematics overspread the region. Moderately steep mid-level lapse rates greater than 7 C/km, along with SBCAPE values of 750-1200 J/kg and storm relative helicity values upwards of 300 m2/s2 developed ahead of the cold front. An impressive line of storms formed along and ahead of the cold front, producing a half dozen weak tornadoes, 75+ mph wind gusts, and large hail across the Mid-South.",Straight-line winds knocked down numerous large branches and removed shingles from a house on CR 224.,CSV
202603,7,912,202603,7,917,211691,1322986,ARKANSAS,5,2026,March,Thunderstorm Wind,C,93,MISSISSIPPI,MEG,07-MAR-26 09:12:00,CST-6,07-MAR-26 09:17:00,0,0,0,0,2.00K,0.00K,Emergency Manager,50.00,EG,,,,,,,,,,.56,W,MANILA,.56,W,MANILA,35.88,-90.18,35.88,-90.18,"A cold front provided lift while marginal atmospheric parameters were in place for scattered severe thunderstorms. The cold front ignited storms after 8 AM in northeast Arkansas with CAPE values on the order of 700-1200 J/kg, effective bulk wind shear values of around 30 kts, and mid-level lapse rates around 6-6.5 C/km. These parameters increased during the afternoon with peak heating. Thankfully, the front was clear of northeast Arkansas, and only a few thunderstorms became severe and produced damaging wind gusts.",Downed trees along Buttercup Lane in Manila.,CSV
202603,4,1357,202603,4,1357,210471,1313492,ARKANSAS,5,2026,March,Hail,C,89,MARION,LZK,04-MAR-26 13:57:00,CST-6,04-MAR-26 13:57:00,0,0,0,0,0.00K,0.00K,Public,1.00,,,,,,,,,,,.89,NE,DODD CITY,.89,NE,DODD CITY,36.33,-92.79,36.33,-92.79,"A cold front moved into northern Arkansas from Missouri during the afternoon to evening timeframe on March 4, 2026 leading to the development of isolated thunderstorms. A few thunderstorms became severe and produced large hail.",Quarter-sized hail fell in the community of Dodd City.,CSV
202603,4,1418,202603,4,1418,210471,1313493,ARKANSAS,5,2026,March,Hail,C,89,MARION,LZK,04-MAR-26 14:18:00,CST-6,04-MAR-26 14:18:00,0,0,0,0,0.00K,0.00K,Public,1.00,,,,,,,,,,,1.31,WSW,BULL SHOALS,1.31,WSW,BULL SHOALS,36.37,-92.6,36.37,-92.6,"A cold front moved into northern Arkansas from Missouri during the afternoon to evening timeframe on March 4, 2026 leading to the development of isolated thunderstorms. A few thunderstorms became severe and produced large hail.",Quarter-sized hail fell near the town of Bull Shoals with a significant amount of hail falling leading to a few hail drifts.,CSV
202603,4,1558,202603,4,1558,210471,1313494,ARKANSAS,5,2026,March,Hail,C,49,FULTON,LZK,04-MAR-26 15:58:00,CST-6,04-MAR-26 15:58:00,0,0,0,0,0.00K,0.00K,Law Enforcement,1.00,,,,,,,,,,,.69,S,SALEM,.69,S,SALEM,36.36,-91.82,36.36,-91.82,"A cold front moved into northern Arkansas from Missouri during the afternoon to evening timeframe on March 4, 2026 leading to the development of isolated thunderstorms. A few thunderstorms became severe and produced large hail.",Quarter-sized hail fell at the 911 dispatch office in Salem.,CSV
202603,4,1655,202603,4,1655,210471,1313495,ARKANSAS,5,2026,March,Hail,C,135,SHARP,LZK,04-MAR-26 16:55:00,CST-6,04-MAR-26 16:55:00,0,0,0,0,0.00K,0.00K,Law Enforcement,1.00,,,,,,,,,,,3.47,NE,HARDY OZARK ACRES AR,3.47,NE,HARDY OZARK ACRES AR,36.33,-91.33,36.33,-91.33,"A cold front moved into northern Arkansas from Missouri during the afternoon to evening timeframe on March 4, 2026 leading to the development of isolated thunderstorms. A few thunderstorms became severe and produced large hail.",Quarter-sized hail fell to the northeast of the town of Hardy via firefighter.,CSV
202603,7,735,202603,7,735,210472,1314356,ARKANSAS,5,2026,March,Thunderstorm Wind,C,63,INDEPENDENCE,LZK,07-MAR-26 07:35:00,CST-6,07-MAR-26 07:35:00,0,0,0,0,0.00K,0.00K,Public,52.00,EG,,,,,,,,,,2.63,ENE,BATESVILLE,2.63,ENE,BATESVILLE,35.79,-91.61,35.79,-91.61,"A series of cold fronts would move across Arkansas over this period of severe weather which brought large hail, damaging wind gusts, flash flooding, and even produced a tornado near Fordyce. This bout of severe weather was spread across the entire state of Arkansas over this period.",Multiple trees were blown down around the town of Batesville.,CSV
202603,7,705,202603,7,705,210472,1314358,ARKANSAS,5,2026,March,Thunderstorm Wind,C,125,SALINE,LZK,07-MAR-26 07:05:00,CST-6,07-MAR-26 07:05:00,0,0,0,0,0.00K,0.00K,NWS Storm Survey,78.00,EG,,,,,,,,,,2.2,SW,GRAPE,2.2,SW,GRAPE,34.58,-92.68,34.58,-92.68,"A series of cold fronts would move across Arkansas over this period of severe weather which brought large hail, damaging wind gusts, flash flooding, and even produced a tornado near Fordyce. This bout of severe weather was spread across the entire state of Arkansas over this period.","A NWS Survey team observed damage consistent with a microburst as over 150 hardwood and softwood trees were knocked down, snapped, or uprooted in a rural area west of Benton.",CSV
202603,15,1658,202603,15,1703,212008,1325129,ARKANSAS,5,2026,March,Tornado,C,55,GREENE,MEG,15-MAR-26 16:58:00,CST-6,15-MAR-26 17:03:00,0,0,0,0,125.00K,0.00K,NWS Storm Survey,,,,,EF0,4.48,100,,,,,3.57,W,LIGHT,1.39,NNE,LIGHT,36.0657,-90.8137,36.0883,-90.7398,"A negatively tilted upper-level trough began to deepen as it moved from the northern Rockies into the Middle Mississippi Valley on Sunday afternoon, driving a potent cold front eastward. Mid-level heights also began to fall Sunday afternoon as impressive kinematics overspread the region. Moderately steep mid-level lapse rates greater than 7 C/km, along with SBCAPE values of 750-1200 J/kg and storm relative helicity values upwards of 300 m2/s2 developed ahead of the cold front. An impressive line of storms formed along and ahead of the cold front, producing a half dozen weak tornadoes, 75+ mph wind gusts, and large hail across the Mid-South.","A tornado began just south of Highway 412, damaging a grain bin and snapping a few trees along County Road 300. The tornado then caused damage to a camper along County Road 208. This tornado continued east-northeast and damaged an outbuilding on County Road 205 and caused tree damage at the intersection of County Road 205 and 214. This tornado resulted in EF-0 damage with 85 mph winds. The tornado lifted east of County Road 214.",CSV
202603,15,1707,202603,15,1710,212008,1325135,ARKANSAS,5,2026,March,Tornado,C,55,GREENE,MEG,15-MAR-26 17:07:00,CST-6,15-MAR-26 17:10:00,0,0,0,0,100.00K,0.00K,NWS Storm Survey,,,,,EF0,2.19,100,,,,,.62,N,BEECH GROVE,2.18,ENE,BEECH GROVE,36.1789,-90.6211,36.1817,-90.5837,"A negatively tilted upper-level trough began to deepen as it moved from the northern Rockies into the Middle Mississippi Valley on Sunday afternoon, driving a potent cold front eastward. Mid-level heights also began to fall Sunday afternoon as impressive kinematics overspread the region. Moderately steep mid-level lapse rates greater than 7 C/km, along with SBCAPE values of 750-1200 J/kg and storm relative helicity values upwards of 300 m2/s2 developed ahead of the cold front. An impressive line of storms formed along and ahead of the cold front, producing a half dozen weak tornadoes, 75+ mph wind gusts, and large hail across the Mid-South.","This tornado started along Highway 34 W and damaged the roof of a metal outbuilding and the roof of a residence. Some damage to tree branches in this area was also noted. The tornado moved eastward towards Greene Road 125, where additional tree damage occurred along with minor damage to a barn. This tornado was rated EF-0 with 80 mph winds. The tornado lifted in a wooded area near Greene Road 125.",CSV
202603,7,810,202603,7,810,210472,1314360,ARKANSAS,5,2026,March,Thunderstorm Wind,C,125,SALINE,LZK,07-MAR-26 08:10:00,CST-6,07-MAR-26 08:10:00,0,0,0,0,0.00K,0.00K,Emergency Manager,56.00,EG,,,,,,,,,,2.2,SW,GRAPE,2.2,SW,GRAPE,34.58,-92.68,34.58,-92.68,"A series of cold fronts would move across Arkansas over this period of severe weather which brought large hail, damaging wind gusts, flash flooding, and even produced a tornado near Fordyce. This bout of severe weather was spread across the entire state of Arkansas over this period.",Multiple trees were damaged and destroyed near the community of Grape.,CSV
202603,7,826,202603,7,826,210472,1314361,ARKANSAS,5,2026,March,Flash Flood,C,51,GARLAND,LZK,07-MAR-26 08:26:00,CST-6,07-MAR-26 08:26:00,0,0,0,0,0.00K,0.00K,Public,,,Heavy Rain,,,,,,,,,1.31,ESE,GARDNER,1.34,ESE,GARDNER,34.4704,-93.0602,34.4701,-93.0598,"A series of cold fronts would move across Arkansas over this period of severe weather which brought large hail, damaging wind gusts, flash flooding, and even produced a tornado near Fordyce. This bout of severe weather was spread across the entire state of Arkansas over this period.",Water ran over Central Avenue in Hot Springs preventing motorists from using the roadway.,CSV
202603,7,900,202603,7,900,210472,1314362,ARKANSAS,5,2026,March,Flash Flood,C,59,HOT SPRING,LZK,07-MAR-26 09:00:00,CST-6,07-MAR-26 09:00:00,0,0,0,0,0.00K,0.00K,Public,,,Heavy Rain,,,,,,,,,.45,E,POINT CEDAR,.43,ESE,POINT CEDAR,34.3301,-93.3122,34.3283,-93.3127,"A series of cold fronts would move across Arkansas over this period of severe weather which brought large hail, damaging wind gusts, flash flooding, and even produced a tornado near Fordyce. This bout of severe weather was spread across the entire state of Arkansas over this period.",High water blocked Arkansas Highway 84 in several locations.,CSV
202603,11,147,202603,11,147,210472,1314365,ARKANSAS,5,2026,March,Thunderstorm Wind,C,9,BOONE,LZK,11-MAR-26 01:47:00,CST-6,11-MAR-26 01:47:00,0,0,0,0,0.00K,0.00K,Public,52.00,EG,,,,,,,,,,1.77,SW,HOPEWELL,1.77,SW,HOPEWELL,36.31,-93.12,36.31,-93.12,"A series of cold fronts would move across Arkansas over this period of severe weather which brought large hail, damaging wind gusts, flash flooding, and even produced a tornado near Fordyce. This bout of severe weather was spread across the entire state of Arkansas over this period.",A small metal shed was damaged near Hopewell.,CSV
202603,11,608,202603,11,608,210472,1314367,ARKANSAS,5,2026,March,Thunderstorm Wind,C,25,CLEVELAND,LZK,11-MAR-26 06:08:00,CST-6,11-MAR-26 06:08:00,0,0,0,0,0.00K,0.00K,Law Enforcement,56.00,EG,,,,,,,,,,3.26,SSW,KINGSLAND,3.26,SSW,KINGSLAND,33.81,-92.33,33.81,-92.33,"A series of cold fronts would move across Arkansas over this period of severe weather which brought large hail, damaging wind gusts, flash flooding, and even produced a tornado near Fordyce. This bout of severe weather was spread across the entire state of Arkansas over this period.",Multiple trees were blown across Arkansas Highway 8 around Moro Creek.,CSV
202603,11,610,202603,11,610,210472,1314369,ARKANSAS,5,2026,March,Thunderstorm Wind,C,25,CLEVELAND,LZK,11-MAR-26 06:10:00,CST-6,11-MAR-26 06:10:00,0,0,0,0,0.00K,0.00K,Law Enforcement,56.00,EG,,,,,,,,,,0,N,SALINE,0,N,SALINE,33.88,-92.25,33.88,-92.25,"A series of cold fronts would move across Arkansas over this period of severe weather which brought large hail, damaging wind gusts, flash flooding, and even produced a tornado near Fordyce. This bout of severe weather was spread across the entire state of Arkansas over this period.",Multiple trees were blown down in the community of Kingsland.,CSV
202603,1,0,202603,31,2359,212156,1326491,ARKANSAS,5,2026,March,Drought,Z,72,COLUMBIA,SHV,01-MAR-26 00:00:00,CST-6,31-MAR-26 23:59:00,0,0,0,0,0.00K,0.00K,Drought Monitor,,,,,,,,,,,,,,,,,,,,,,"An extended period of below normal rainfall coupled with much above normal temperatures from Fall 2025 into Winter 2026 led to the continuation of severe (D2) and development of extreme (D3) drought conditions from the U.S. Drought Monitor across portions of Southwest Arkansas through the month of March. Rainfall amounts during March only averaged around 2 inches, which was less than half of the normal amount of rainfall for the month. Coupled with the consistently below normal rain observed since Fall 2025, considerable hardships from area agricultural producers continued, as pastures had become dormant early, forcing farmers to provide hay and other supplemental feed much earlier than normal, as well as water as multiple ponds had dried up. An increase in wildfires also persisted, with the above normal temperatures continuing the drying of fuels. Streamflow from area creeks and bayous also fell below to much below normal as well. As a result, extreme (D3) drought expanded throughout the month across the Southwest Arkansas counties bordering Southeast Oklahoma.",,CSV
202603,9,1120,202603,9,1120,210472,1314373,ARKANSAS,5,2026,March,Hail,C,69,JEFFERSON,LZK,09-MAR-26 11:20:00,CST-6,09-MAR-26 11:20:00,0,0,0,0,0.00K,0.00K,Emergency Manager,1.00,,,,,,,,,,,.69,N,WHITE HALL,.69,N,WHITE HALL,34.28,-92.1,34.28,-92.1,"A series of cold fronts would move across Arkansas over this period of severe weather which brought large hail, damaging wind gusts, flash flooding, and even produced a tornado near Fordyce. This bout of severe weather was spread across the entire state of Arkansas over this period.",Quarter-sized hail fell near the town of White Hall.,CSV
202603,11,1757,202603,11,1816,210472,1326477,ARKANSAS,5,2026,March,Tornado,C,13,CALHOUN,LZK,11-MAR-26 17:57:00,CST-6,11-MAR-26 18:16:00,0,0,0,0,0.00K,0.00K,NWS Storm Survey,,,,,EF1,14.58,200,LZK,AR,025,CLEVELAND,1.29,NNW,CHAMBERSVILLE,12.43,NE,LINDALE,33.7665,-92.4404,33.8756,-92.2229,"A series of cold fronts would move across Arkansas over this period of severe weather which brought large hail, damaging wind gusts, flash flooding, and even produced a tornado near Fordyce. This bout of severe weather was spread across the entire state of Arkansas over this period.","This tornado began east of US Highway 167, southwest of Fordyce. The tornado tracked northeast across several county roads as well as state Highway 274, Highway 205, Highway 8, Highway 97, and Highway 189. As the tornado moved across these areas it did extensive damage to pine trees as well as some hardwood trees. A few outbuildings were damaged and some minor roof damage was noted on a few residences. As the tornado moved across Highway 97 a few trees were knocked down onto the roadway. A two vehicle accident occurred due to this, with no reported injuries. The tornado ended around the Saline River. This tornado was rated EF1 with max wind gusts estimated of 105 mph.",CSV
202603,7,637,202603,7,637,210472,1326479,ARKANSAS,5,2026,March,Thunderstorm Wind,C,63,INDEPENDENCE,LZK,07-MAR-26 06:37:00,CST-6,07-MAR-26 06:37:00,0,0,0,0,0.00K,0.00K,NWS Storm Survey,78.00,EG,,,,,,,,,,.56,W,CHARLOTTE,.56,W,CHARLOTTE,35.82,-91.44,35.82,-91.44,"A series of cold fronts would move across Arkansas over this period of severe weather which brought large hail, damaging wind gusts, flash flooding, and even produced a tornado near Fordyce. This bout of severe weather was spread across the entire state of Arkansas over this period.",An NWS survey team found damage consistent with a strong microburst with estimated wind speed of 80 to 90 mph. Several trees and small structures were found damaged near the community of Charlotte.,CSV
202603,15,1450,202603,15,1450,210473,1314605,ARKANSAS,5,2026,March,Hail,C,5,BAXTER,LZK,15-MAR-26 14:50:00,CST-6,15-MAR-26 14:50:00,0,0,0,0,0.00K,0.00K,Public,1.00,,,,,,,,,,,1.31,ENE,GASSVILLE,1.31,ENE,GASSVILLE,36.29,-92.48,36.29,-92.48,"A deepening surface low pressure system was centered over Illinois and an attendant cold front extended south-southwestward sweeping from west to east across Arkansas during the afternoon and evening hours of March 15, 2026. Multiple severe thunderstorms developed in a well-defined warm sector positioned across the state where storms matured and quickly became severe producing large hail, damaging wind gusts, and tornadoes.",Quarter-sized hail fell in the community of Gassville.,CSV
202603,1,0,202603,31,2359,212156,1326492,ARKANSAS,5,2026,March,Drought,Z,51,HOWARD,SHV,01-MAR-26 00:00:00,CST-6,31-MAR-26 23:59:00,0,0,0,0,0.00K,0.00K,Drought Monitor,,,,,,,,,,,,,,,,,,,,,,"An extended period of below normal rainfall coupled with much above normal temperatures from Fall 2025 into Winter 2026 led to the continuation of severe (D2) and development of extreme (D3) drought conditions from the U.S. Drought Monitor across portions of Southwest Arkansas through the month of March. Rainfall amounts during March only averaged around 2 inches, which was less than half of the normal amount of rainfall for the month. Coupled with the consistently below normal rain observed since Fall 2025, considerable hardships from area agricultural producers continued, as pastures had become dormant early, forcing farmers to provide hay and other supplemental feed much earlier than normal, as well as water as multiple ponds had dried up. An increase in wildfires also persisted, with the above normal temperatures continuing the drying of fuels. Streamflow from area creeks and bayous also fell below to much below normal as well. As a result, extreme (D3) drought expanded throughout the month across the Southwest Arkansas counties bordering Southeast Oklahoma.",,CSV
202603,1,0,202603,31,2359,212156,1326493,ARKANSAS,5,2026,March,Drought,Z,71,LAFAYETTE,SHV,01-MAR-26 00:00:00,CST-6,31-MAR-26 23:59:00,0,0,0,0,0.00K,0.00K,Drought Monitor,,,,,,,,,,,,,,,,,,,,,,"An extended period of below normal rainfall coupled with much above normal temperatures from Fall 2025 into Winter 2026 led to the continuation of severe (D2) and development of extreme (D3) drought conditions from the U.S. Drought Monitor across portions of Southwest Arkansas through the month of March. Rainfall amounts during March only averaged around 2 inches, which was less than half of the normal amount of rainfall for the month. Coupled with the consistently below normal rain observed since Fall 2025, considerable hardships from area agricultural producers continued, as pastures had become dormant early, forcing farmers to provide hay and other supplemental feed much earlier than normal, as well as water as multiple ponds had dried up. An increase in wildfires also persisted, with the above normal temperatures continuing the drying of fuels. Streamflow from area creeks and bayous also fell below to much below normal as well. As a result, extreme (D3) drought expanded throughout the month across the Southwest Arkansas counties bordering Southeast Oklahoma.",,CSV
202603,15,1500,202603,15,1500,210473,1314608,ARKANSAS,5,2026,March,Hail,C,5,BAXTER,LZK,15-MAR-26 15:00:00,CST-6,15-MAR-26 15:00:00,0,0,0,0,0.00K,0.00K,Public,1.00,,,,,,,,,,,.69,N,HENDERSON,.69,N,HENDERSON,36.38,-92.23,36.38,-92.23,"A deepening surface low pressure system was centered over Illinois and an attendant cold front extended south-southwestward sweeping from west to east across Arkansas during the afternoon and evening hours of March 15, 2026. Multiple severe thunderstorms developed in a well-defined warm sector positioned across the state where storms matured and quickly became severe producing large hail, damaging wind gusts, and tornadoes.",Quarter-sized hail fell in Mountain Home with slightly smaller hail falling as well and accumulating a few inches deep in some spots.,CSV
202603,15,1553,202603,15,1553,210473,1314612,ARKANSAS,5,2026,March,Hail,C,109,PIKE,LZK,15-MAR-26 15:53:00,CST-6,15-MAR-26 15:53:00,0,0,0,0,0.00K,0.00K,COOP Observer,0.88,,,,,,,,,,,.57,W,ANTOINE,.57,W,ANTOINE,34.03,-93.43,34.03,-93.43,"A deepening surface low pressure system was centered over Illinois and an attendant cold front extended south-southwestward sweeping from west to east across Arkansas during the afternoon and evening hours of March 15, 2026. Multiple severe thunderstorms developed in a well-defined warm sector positioned across the state where storms matured and quickly became severe producing large hail, damaging wind gusts, and tornadoes.",Nickel-sized hail fell in the community of Antoine.,CSV
202603,15,1500,202603,15,1500,210473,1314614,ARKANSAS,5,2026,March,Hail,C,5,BAXTER,LZK,15-MAR-26 15:00:00,CST-6,15-MAR-26 15:00:00,0,0,0,0,0.00K,0.00K,Public,0.75,,,,,,,,,,,2.35,NNW,HENDERSON,2.35,NNW,HENDERSON,36.4,-92.25,36.4,-92.25,"A deepening surface low pressure system was centered over Illinois and an attendant cold front extended south-southwestward sweeping from west to east across Arkansas during the afternoon and evening hours of March 15, 2026. Multiple severe thunderstorms developed in a well-defined warm sector positioned across the state where storms matured and quickly became severe producing large hail, damaging wind gusts, and tornadoes.",Penny-sized hail fell in the community of Henderson.,CSV
202603,15,1503,202603,15,1503,210473,1314621,ARKANSAS,5,2026,March,Thunderstorm Wind,C,49,FULTON,LZK,15-MAR-26 15:03:00,CST-6,15-MAR-26 15:03:00,0,0,0,0,0.00K,0.00K,Public,56.00,EG,,,,,,,,,,0,N,VIDETTE,0,N,VIDETTE,36.43,-92.12,36.43,-92.12,"A deepening surface low pressure system was centered over Illinois and an attendant cold front extended south-southwestward sweeping from west to east across Arkansas during the afternoon and evening hours of March 15, 2026. Multiple severe thunderstorms developed in a well-defined warm sector positioned across the state where storms matured and quickly became severe producing large hail, damaging wind gusts, and tornadoes.",A small metal farm building was collapsed due to high winds in Vidette.,CSV
202603,15,1535,202603,15,1535,210473,1314622,ARKANSAS,5,2026,March,Thunderstorm Wind,C,105,PERRY,LZK,15-MAR-26 15:35:00,CST-6,15-MAR-26 15:35:00,0,0,0,0,0.00K,0.00K,Public,65.00,EG,,,,,,,,,,.69,N,HOUSTON,.69,N,HOUSTON,35.04,-92.7,35.04,-92.7,"A deepening surface low pressure system was centered over Illinois and an attendant cold front extended south-southwestward sweeping from west to east across Arkansas during the afternoon and evening hours of March 15, 2026. Multiple severe thunderstorms developed in a well-defined warm sector positioned across the state where storms matured and quickly became severe producing large hail, damaging wind gusts, and tornadoes.",A few trees were uprooted in the town of Houston.,CSV
202603,1,0,202603,31,2359,212156,1326494,ARKANSAS,5,2026,March,Drought,Z,59,LITTLE RIVER,SHV,01-MAR-26 00:00:00,CST-6,31-MAR-26 23:59:00,0,0,0,0,0.00K,0.00K,Drought Monitor,,,,,,,,,,,,,,,,,,,,,,"An extended period of below normal rainfall coupled with much above normal temperatures from Fall 2025 into Winter 2026 led to the continuation of severe (D2) and development of extreme (D3) drought conditions from the U.S. Drought Monitor across portions of Southwest Arkansas through the month of March. Rainfall amounts during March only averaged around 2 inches, which was less than half of the normal amount of rainfall for the month. Coupled with the consistently below normal rain observed since Fall 2025, considerable hardships from area agricultural producers continued, as pastures had become dormant early, forcing farmers to provide hay and other supplemental feed much earlier than normal, as well as water as multiple ponds had dried up. An increase in wildfires also persisted, with the above normal temperatures continuing the drying of fuels. Streamflow from area creeks and bayous also fell below to much below normal as well. As a result, extreme (D3) drought expanded throughout the month across the Southwest Arkansas counties bordering Southeast Oklahoma.",,CSV
202603,1,0,202603,31,2359,212156,1326495,ARKANSAS,5,2026,March,Drought,Z,70,MILLER,SHV,01-MAR-26 00:00:00,CST-6,31-MAR-26 23:59:00,0,0,0,0,0.00K,0.00K,Drought Monitor,,,,,,,,,,,,,,,,,,,,,,"An extended period of below normal rainfall coupled with much above normal temperatures from Fall 2025 into Winter 2026 led to the continuation of severe (D2) and development of extreme (D3) drought conditions from the U.S. Drought Monitor across portions of Southwest Arkansas through the month of March. Rainfall amounts during March only averaged around 2 inches, which was less than half of the normal amount of rainfall for the month. Coupled with the consistently below normal rain observed since Fall 2025, considerable hardships from area agricultural producers continued, as pastures had become dormant early, forcing farmers to provide hay and other supplemental feed much earlier than normal, as well as water as multiple ponds had dried up. An increase in wildfires also persisted, with the above normal temperatures continuing the drying of fuels. Streamflow from area creeks and bayous also fell below to much below normal as well. As a result, extreme (D3) drought expanded throughout the month across the Southwest Arkansas counties bordering Southeast Oklahoma.",,CSV
202603,15,1519,202603,15,1519,212125,1326207,ARKANSAS,5,2026,March,Hail,C,61,HOWARD,SHV,15-MAR-26 15:19:00,CST-6,15-MAR-26 15:19:00,0,0,0,0,0.00K,0.00K,Public,1.00,,,,,,,,,,,1.85,WNW,CORINTH,1.85,WNW,CORINTH,34.06,-93.86,34.06,-93.86,"Rapid thunderstorm initiation developed during the afternoon on March 15th as strong ascent occurred when a cold front interacted with a plume of returning surface moisture. Modest surface dew points in the lower to middle 60s amid steep mid-level lapse rates supported 1000-2000 J/kg of MUCAPE. 50+ knots of deep-layer shear also favored storm organization with a mixed mode of supercells and line segments. The surging nature of the front promoted rapid upscale growth into a QLCS before spreading eastward across the Red River Valley and into the Ark-La-Tex region. Strong low and mid-level shear between 200-300 m2/s2 supported embedded supercells, along with QLCS wind gusts. As a result, numerous reports of large hail and damaging wind gusts were recorded across Southwest Arkansas.","Quarter size hail reported near the intersection of Highway 369 and Landfill Road, via Mping.",CSV
202603,15,1554,202603,15,1554,210473,1314629,ARKANSAS,5,2026,March,Hail,C,45,FAULKNER,LZK,15-MAR-26 15:54:00,CST-6,15-MAR-26 15:54:00,0,0,0,0,0.00K,0.00K,Public,1.00,,,,,,,,,,,2.15,SSE,BELK CORNER,2.15,SSE,BELK CORNER,35.02,-92.47,35.02,-92.47,"A deepening surface low pressure system was centered over Illinois and an attendant cold front extended south-southwestward sweeping from west to east across Arkansas during the afternoon and evening hours of March 15, 2026. Multiple severe thunderstorms developed in a well-defined warm sector positioned across the state where storms matured and quickly became severe producing large hail, damaging wind gusts, and tornadoes.",Quarter-sized hail fell on the southern side of Conway.,CSV
202603,15,1555,202603,15,1555,210473,1314631,ARKANSAS,5,2026,March,Thunderstorm Wind,C,45,FAULKNER,LZK,15-MAR-26 15:55:00,CST-6,15-MAR-26 15:55:00,0,0,0,0,0.00K,0.00K,Amateur Radio,56.00,EG,,,,,,,,,,.69,N,PICKLES GAP,.69,N,PICKLES GAP,35.14,-92.4,35.14,-92.4,"A deepening surface low pressure system was centered over Illinois and an attendant cold front extended south-southwestward sweeping from west to east across Arkansas during the afternoon and evening hours of March 15, 2026. Multiple severe thunderstorms developed in a well-defined warm sector positioned across the state where storms matured and quickly became severe producing large hail, damaging wind gusts, and tornadoes.",A tin roof was blown off of a shed and multiple trees were blown down in this area north of Conway.,CSV
202603,15,1555,202603,15,1555,210473,1314636,ARKANSAS,5,2026,March,Thunderstorm Wind,C,45,FAULKNER,LZK,15-MAR-26 15:55:00,CST-6,15-MAR-26 15:55:00,0,0,0,0,0.00K,0.00K,Broadcast Media,56.00,EG,,,,,,,,,,1.38,S,GOLD CREEK,1.38,S,GOLD CREEK,35,-92.42,35,-92.42,"A deepening surface low pressure system was centered over Illinois and an attendant cold front extended south-southwestward sweeping from west to east across Arkansas during the afternoon and evening hours of March 15, 2026. Multiple severe thunderstorms developed in a well-defined warm sector positioned across the state where storms matured and quickly became severe producing large hail, damaging wind gusts, and tornadoes.",A tree was blown into powerlines along Arkansas Highway 365 near Gold Creek.,CSV
202603,15,1600,202603,15,1600,210473,1314637,ARKANSAS,5,2026,March,Hail,C,23,CLEBURNE,LZK,15-MAR-26 16:00:00,CST-6,15-MAR-26 16:00:00,0,0,0,0,0.00K,0.00K,Public,1.00,,,,,,,,,,,.69,N,STARK,.69,N,STARK,35.58,-92.18,35.58,-92.18,"A deepening surface low pressure system was centered over Illinois and an attendant cold front extended south-southwestward sweeping from west to east across Arkansas during the afternoon and evening hours of March 15, 2026. Multiple severe thunderstorms developed in a well-defined warm sector positioned across the state where storms matured and quickly became severe producing large hail, damaging wind gusts, and tornadoes.",Quarter-sized hail fell in the town of Greers Ferry.,CSV
202603,15,1600,202603,15,1600,210473,1314639,ARKANSAS,5,2026,March,Thunderstorm Wind,C,45,FAULKNER,LZK,15-MAR-26 16:00:00,CST-6,15-MAR-26 16:00:00,0,0,0,0,0.00K,0.00K,Emergency Manager,56.00,EG,,,,,,,,,,2.68,NW,HAMLET,2.68,NW,HAMLET,35.11,-92.35,35.11,-92.35,"A deepening surface low pressure system was centered over Illinois and an attendant cold front extended south-southwestward sweeping from west to east across Arkansas during the afternoon and evening hours of March 15, 2026. Multiple severe thunderstorms developed in a well-defined warm sector positioned across the state where storms matured and quickly became severe producing large hail, damaging wind gusts, and tornadoes.",A home in the neighborhood of Pickles Gap had two trees which fell onto the residence.,CSV
202603,1,0,202603,31,2359,212156,1326496,ARKANSAS,5,2026,March,Drought,Z,50,SEVIER,SHV,01-MAR-26 00:00:00,CST-6,31-MAR-26 23:59:00,0,0,0,0,0.00K,0.00K,Drought Monitor,,,,,,,,,,,,,,,,,,,,,,"An extended period of below normal rainfall coupled with much above normal temperatures from Fall 2025 into Winter 2026 led to the continuation of severe (D2) and development of extreme (D3) drought conditions from the U.S. Drought Monitor across portions of Southwest Arkansas through the month of March. Rainfall amounts during March only averaged around 2 inches, which was less than half of the normal amount of rainfall for the month. Coupled with the consistently below normal rain observed since Fall 2025, considerable hardships from area agricultural producers continued, as pastures had become dormant early, forcing farmers to provide hay and other supplemental feed much earlier than normal, as well as water as multiple ponds had dried up. An increase in wildfires also persisted, with the above normal temperatures continuing the drying of fuels. Streamflow from area creeks and bayous also fell below to much below normal as well. As a result, extreme (D3) drought expanded throughout the month across the Southwest Arkansas counties bordering Southeast Oklahoma.",,CSV
202603,1,0,202603,31,2359,212156,1326497,ARKANSAS,5,2026,March,Drought,Z,73,UNION,SHV,01-MAR-26 00:00:00,CST-6,31-MAR-26 23:59:00,0,0,0,0,0.00K,0.00K,Drought Monitor,,,,,,,,,,,,,,,,,,,,,,"An extended period of below normal rainfall coupled with much above normal temperatures from Fall 2025 into Winter 2026 led to the continuation of severe (D2) and development of extreme (D3) drought conditions from the U.S. Drought Monitor across portions of Southwest Arkansas through the month of March. Rainfall amounts during March only averaged around 2 inches, which was less than half of the normal amount of rainfall for the month. Coupled with the consistently below normal rain observed since Fall 2025, considerable hardships from area agricultural producers continued, as pastures had become dormant early, forcing farmers to provide hay and other supplemental feed much earlier than normal, as well as water as multiple ponds had dried up. An increase in wildfires also persisted, with the above normal temperatures continuing the drying of fuels. Streamflow from area creeks and bayous also fell below to much below normal as well. As a result, extreme (D3) drought expanded throughout the month across the Southwest Arkansas counties bordering Southeast Oklahoma.",,CSV
202603,15,1521,202603,15,1521,212125,1326209,ARKANSAS,5,2026,March,Hail,C,61,HOWARD,SHV,15-MAR-26 15:21:00,CST-6,15-MAR-26 15:21:00,0,0,0,0,0.00K,0.00K,Public,1.00,,,,,,,,,,,.57,W,CORINTH,.57,W,CORINTH,34.05,-93.84,34.05,-93.84,"Rapid thunderstorm initiation developed during the afternoon on March 15th as strong ascent occurred when a cold front interacted with a plume of returning surface moisture. Modest surface dew points in the lower to middle 60s amid steep mid-level lapse rates supported 1000-2000 J/kg of MUCAPE. 50+ knots of deep-layer shear also favored storm organization with a mixed mode of supercells and line segments. The surging nature of the front promoted rapid upscale growth into a QLCS before spreading eastward across the Red River Valley and into the Ark-La-Tex region. Strong low and mid-level shear between 200-300 m2/s2 supported embedded supercells, along with QLCS wind gusts. As a result, numerous reports of large hail and damaging wind gusts were recorded across Southwest Arkansas.","Quarter size hail reported along Whisenhunt Loop, via Mping.",CSV
202603,15,1732,202603,15,1732,212125,1326211,ARKANSAS,5,2026,March,Hail,C,139,UNION,SHV,15-MAR-26 17:32:00,CST-6,15-MAR-26 17:32:00,0,0,0,0,0.00K,0.00K,Broadcast Media,1.25,,,,,,,,,,,.58,W,NEWELL,.58,W,NEWELL,33.17,-92.76,33.17,-92.76,"Rapid thunderstorm initiation developed during the afternoon on March 15th as strong ascent occurred when a cold front interacted with a plume of returning surface moisture. Modest surface dew points in the lower to middle 60s amid steep mid-level lapse rates supported 1000-2000 J/kg of MUCAPE. 50+ knots of deep-layer shear also favored storm organization with a mixed mode of supercells and line segments. The surging nature of the front promoted rapid upscale growth into a QLCS before spreading eastward across the Red River Valley and into the Ark-La-Tex region. Strong low and mid-level shear between 200-300 m2/s2 supported embedded supercells, along with QLCS wind gusts. As a result, numerous reports of large hail and damaging wind gusts were recorded across Southwest Arkansas.",Half dollar size hail reported on Shuler Road just southwest of El Dorado.,CSV
202603,15,1735,202603,15,1735,212125,1326213,ARKANSAS,5,2026,March,Hail,C,139,UNION,SHV,15-MAR-26 17:35:00,CST-6,15-MAR-26 17:35:00,0,0,0,0,0.00K,0.00K,Broadcast Media,1.75,,,,,,,,,,,1.74,E,NEWELL,1.74,E,NEWELL,33.17,-92.72,33.17,-92.72,"Rapid thunderstorm initiation developed during the afternoon on March 15th as strong ascent occurred when a cold front interacted with a plume of returning surface moisture. Modest surface dew points in the lower to middle 60s amid steep mid-level lapse rates supported 1000-2000 J/kg of MUCAPE. 50+ knots of deep-layer shear also favored storm organization with a mixed mode of supercells and line segments. The surging nature of the front promoted rapid upscale growth into a QLCS before spreading eastward across the Red River Valley and into the Ark-La-Tex region. Strong low and mid-level shear between 200-300 m2/s2 supported embedded supercells, along with QLCS wind gusts. As a result, numerous reports of large hail and damaging wind gusts were recorded across Southwest Arkansas.",Ping pong ball to golf ball size hail reported in the Parkers Chapel community.,CSV
202603,15,1615,202603,15,1615,210473,1314643,ARKANSAS,5,2026,March,Thunderstorm Wind,C,59,HOT SPRING,LZK,15-MAR-26 16:15:00,CST-6,15-MAR-26 16:15:00,0,0,0,0,0.00K,0.00K,Public,56.00,EG,,,,,,,,,,.9,SW,MALVERN,.9,SW,MALVERN,34.36,-92.81,34.36,-92.81,"A deepening surface low pressure system was centered over Illinois and an attendant cold front extended south-southwestward sweeping from west to east across Arkansas during the afternoon and evening hours of March 15, 2026. Multiple severe thunderstorms developed in a well-defined warm sector positioned across the state where storms matured and quickly became severe producing large hail, damaging wind gusts, and tornadoes.",Multiple trees were blown down in the town of Malvern.,CSV
202603,15,1615,202603,15,1615,210473,1324017,ARKANSAS,5,2026,March,Thunderstorm Wind,C,45,FAULKNER,LZK,15-MAR-26 16:15:00,CST-6,15-MAR-26 16:15:00,0,0,0,0,0.00K,0.00K,Emergency Manager,56.00,EG,,,,,,,,,,.89,SW,ENOLA,.89,SW,ENOLA,35.19,-92.21,35.19,-92.21,"A deepening surface low pressure system was centered over Illinois and an attendant cold front extended south-southwestward sweeping from west to east across Arkansas during the afternoon and evening hours of March 15, 2026. Multiple severe thunderstorms developed in a well-defined warm sector positioned across the state where storms matured and quickly became severe producing large hail, damaging wind gusts, and tornadoes.",Two barns had their roofs removed by severe winds near the community of Enola.,CSV
202603,15,1620,202603,15,1620,210473,1324018,ARKANSAS,5,2026,March,Hail,C,23,CLEBURNE,LZK,15-MAR-26 16:20:00,CST-6,15-MAR-26 16:20:00,0,0,0,0,0.00K,0.00K,Public,0.75,,,,,,,,,,,1.49,SSW,HEBER SPGS,1.49,SSW,HEBER SPGS,35.48,-92.04,35.48,-92.04,"A deepening surface low pressure system was centered over Illinois and an attendant cold front extended south-southwestward sweeping from west to east across Arkansas during the afternoon and evening hours of March 15, 2026. Multiple severe thunderstorms developed in a well-defined warm sector positioned across the state where storms matured and quickly became severe producing large hail, damaging wind gusts, and tornadoes.",Penny sized hail fell near the town of Heber Springs.,CSV
202603,15,1623,202603,15,1623,210473,1324019,ARKANSAS,5,2026,March,Thunderstorm Wind,C,145,WHITE,LZK,15-MAR-26 16:23:00,CST-6,15-MAR-26 16:23:00,0,0,0,0,0.00K,0.00K,Fire Department/Rescue,56.00,EG,,,,,,,,,,0,N,ROSE BUD,0,N,ROSE BUD,35.33,-92.08,35.33,-92.08,"A deepening surface low pressure system was centered over Illinois and an attendant cold front extended south-southwestward sweeping from west to east across Arkansas during the afternoon and evening hours of March 15, 2026. Multiple severe thunderstorms developed in a well-defined warm sector positioned across the state where storms matured and quickly became severe producing large hail, damaging wind gusts, and tornadoes.","Multiple power poles were broken near Rose Bud leaving over 3,000 customers without power.",CSV
202603,15,1625,202603,15,1625,210473,1324020,ARKANSAS,5,2026,March,Thunderstorm Wind,C,53,GRANT,LZK,15-MAR-26 16:25:00,CST-6,15-MAR-26 16:25:00,0,0,0,0,0.00K,0.00K,Emergency Manager,56.00,EG,,,,,,,,,,1.38,S,FENTER,1.38,S,FENTER,34.36,-92.63,34.36,-92.63,"A deepening surface low pressure system was centered over Illinois and an attendant cold front extended south-southwestward sweeping from west to east across Arkansas during the afternoon and evening hours of March 15, 2026. Multiple severe thunderstorms developed in a well-defined warm sector positioned across the state where storms matured and quickly became severe producing large hail, damaging wind gusts, and tornadoes.",Trees and powerlines were blown down along Arkansas Highway 229 near Fenter.,CSV
202603,26,0,202603,31,2359,212157,1326498,ARKANSAS,5,2026,March,Drought,Z,60,HEMPSTEAD,SHV,26-MAR-26 00:00:00,CST-6,31-MAR-26 23:59:00,0,0,0,0,0.00K,0.00K,Drought Monitor,,,,,,,,,,,,,,,,,,,,,,"An extended period of below normal rainfall coupled with much above normal temperatures from Fall 2025 into Winter 2026 led to the development of severe (D2) drought conditions from the U.S. Drought Monitor across Hempstead and Nevada Counties in Southwest Arkansas by late March. Rainfall amounts during March only averaged around 2 inches, which was less than half of the normal amount of rainfall for the month. Coupled with the consistently below normal rain observed since Fall 2025, considerable hardships from area agricultural producers continued, as pastures had become dormant early, forcing farmers to provide hay and other supplemental feed much earlier than normal, as well as water as multiple ponds had dried up. An increase in wildfires also persisted, with the above normal temperatures continuing the drying of fuels. Streamflow from area creeks and bayous also fell below to much below normal as well. As a result, severe (D2) drought expanded across more of Southwest Arkansas by the end of the month.",,CSV
202603,26,0,202603,31,2359,212157,1326499,ARKANSAS,5,2026,March,Drought,Z,61,NEVADA,SHV,26-MAR-26 00:00:00,CST-6,31-MAR-26 23:59:00,0,0,0,0,0.00K,0.00K,Drought Monitor,,,,,,,,,,,,,,,,,,,,,,"An extended period of below normal rainfall coupled with much above normal temperatures from Fall 2025 into Winter 2026 led to the development of severe (D2) drought conditions from the U.S. Drought Monitor across Hempstead and Nevada Counties in Southwest Arkansas by late March. Rainfall amounts during March only averaged around 2 inches, which was less than half of the normal amount of rainfall for the month. Coupled with the consistently below normal rain observed since Fall 2025, considerable hardships from area agricultural producers continued, as pastures had become dormant early, forcing farmers to provide hay and other supplemental feed much earlier than normal, as well as water as multiple ponds had dried up. An increase in wildfires also persisted, with the above normal temperatures continuing the drying of fuels. Streamflow from area creeks and bayous also fell below to much below normal as well. As a result, severe (D2) drought expanded across more of Southwest Arkansas by the end of the month.",,CSV
202603,15,1738,202603,15,1738,212125,1326215,ARKANSAS,5,2026,March,Hail,C,139,UNION,SHV,15-MAR-26 17:38:00,CST-6,15-MAR-26 17:38:00,0,0,0,0,0.00K,0.00K,Public,1.00,,,,,,,,,,,2.37,NNE,EL DORADO,2.37,NNE,EL DORADO,33.23,-92.65,33.23,-92.65,"Rapid thunderstorm initiation developed during the afternoon on March 15th as strong ascent occurred when a cold front interacted with a plume of returning surface moisture. Modest surface dew points in the lower to middle 60s amid steep mid-level lapse rates supported 1000-2000 J/kg of MUCAPE. 50+ knots of deep-layer shear also favored storm organization with a mixed mode of supercells and line segments. The surging nature of the front promoted rapid upscale growth into a QLCS before spreading eastward across the Red River Valley and into the Ark-La-Tex region. Strong low and mid-level shear between 200-300 m2/s2 supported embedded supercells, along with QLCS wind gusts. As a result, numerous reports of large hail and damaging wind gusts were recorded across Southwest Arkansas.","Quarter size hail reported on the northeast side of El Dorado, via Mping.",CSV
202603,15,1447,202603,15,1447,212125,1326217,ARKANSAS,5,2026,March,Thunderstorm Wind,C,133,SEVIER,SHV,15-MAR-26 14:47:00,CST-6,15-MAR-26 14:47:00,0,0,0,0,0.00K,0.00K,Law Enforcement,52.00,EG,,,,,,,,,,0,N,AVON,0,N,AVON,34.08,-94.32,34.08,-94.32,"Rapid thunderstorm initiation developed during the afternoon on March 15th as strong ascent occurred when a cold front interacted with a plume of returning surface moisture. Modest surface dew points in the lower to middle 60s amid steep mid-level lapse rates supported 1000-2000 J/kg of MUCAPE. 50+ knots of deep-layer shear also favored storm organization with a mixed mode of supercells and line segments. The surging nature of the front promoted rapid upscale growth into a QLCS before spreading eastward across the Red River Valley and into the Ark-La-Tex region. Strong low and mid-level shear between 200-300 m2/s2 supported embedded supercells, along with QLCS wind gusts. As a result, numerous reports of large hail and damaging wind gusts were recorded across Southwest Arkansas.",Trees downed on power lines just north of De Queen.,CSV
202603,15,1458,202603,15,1458,212125,1326218,ARKANSAS,5,2026,March,Thunderstorm Wind,C,133,SEVIER,SHV,15-MAR-26 14:58:00,CST-6,15-MAR-26 14:58:00,0,0,0,0,0.00K,0.00K,Law Enforcement,52.00,EG,,,,,,,,,,.57,W,CENTRAL,.57,W,CENTRAL,33.9,-94.26,33.9,-94.26,"Rapid thunderstorm initiation developed during the afternoon on March 15th as strong ascent occurred when a cold front interacted with a plume of returning surface moisture. Modest surface dew points in the lower to middle 60s amid steep mid-level lapse rates supported 1000-2000 J/kg of MUCAPE. 50+ knots of deep-layer shear also favored storm organization with a mixed mode of supercells and line segments. The surging nature of the front promoted rapid upscale growth into a QLCS before spreading eastward across the Red River Valley and into the Ark-La-Tex region. Strong low and mid-level shear between 200-300 m2/s2 supported embedded supercells, along with QLCS wind gusts. As a result, numerous reports of large hail and damaging wind gusts were recorded across Southwest Arkansas.",Trees downed in the Central community between Horatio and Ben Lomond.,CSV
202603,15,1625,202603,15,1625,210473,1324021,ARKANSAS,5,2026,March,Hail,C,125,SALINE,LZK,15-MAR-26 16:25:00,CST-6,15-MAR-26 16:25:00,0,0,0,0,0.00K,0.00K,Public,1.00,,,,,,,,,,,2.15,SSE,TRASKWOOD,2.15,SSE,TRASKWOOD,34.42,-92.64,34.42,-92.64,"A deepening surface low pressure system was centered over Illinois and an attendant cold front extended south-southwestward sweeping from west to east across Arkansas during the afternoon and evening hours of March 15, 2026. Multiple severe thunderstorms developed in a well-defined warm sector positioned across the state where storms matured and quickly became severe producing large hail, damaging wind gusts, and tornadoes.",Quarter-sized hail fell near the community of Traskwood.,CSV
202603,15,1628,202603,15,1628,210473,1324023,ARKANSAS,5,2026,March,Hail,C,19,CLARK,LZK,15-MAR-26 16:28:00,CST-6,15-MAR-26 16:28:00,0,0,0,0,0.00K,0.00K,Public,1.00,,,,,,,,,,,.9,SE,GRIFFITHTOWN,.9,SE,GRIFFITHTOWN,34.04,-92.94,34.04,-92.94,"A deepening surface low pressure system was centered over Illinois and an attendant cold front extended south-southwestward sweeping from west to east across Arkansas during the afternoon and evening hours of March 15, 2026. Multiple severe thunderstorms developed in a well-defined warm sector positioned across the state where storms matured and quickly became severe producing large hail, damaging wind gusts, and tornadoes.",Quarter-sized hail fell near the community of Gravel Junction.,CSV
202603,15,1631,202603,15,1631,210473,1324027,ARKANSAS,5,2026,March,Thunderstorm Wind,C,119,PULASKI,LZK,15-MAR-26 16:31:00,CST-6,15-MAR-26 16:31:00,0,0,0,0,0.00K,0.00K,ASOS,50.00,MG,,,,,,,,,,0,N,(LIT)LITTLE ROCK ADA,0,N,(LIT)LITTLE ROCK ADA,34.73,-92.23,34.73,-92.23,"A deepening surface low pressure system was centered over Illinois and an attendant cold front extended south-southwestward sweeping from west to east across Arkansas during the afternoon and evening hours of March 15, 2026. Multiple severe thunderstorms developed in a well-defined warm sector positioned across the state where storms matured and quickly became severe producing large hail, damaging wind gusts, and tornadoes.","The ASOS at KLIT, Clinton National Airport/Adams Field in Little Rock recorded a measured wind gust of 58 mph.",CSV
202603,15,1633,202603,15,1633,210473,1324031,ARKANSAS,5,2026,March,Hail,C,69,JEFFERSON,LZK,15-MAR-26 16:33:00,CST-6,15-MAR-26 16:33:00,0,0,0,0,0.00K,0.00K,Public,0.75,,,,,,,,,,,.57,E,WHITE HALL,.57,E,WHITE HALL,34.27,-92.09,34.27,-92.09,"A deepening surface low pressure system was centered over Illinois and an attendant cold front extended south-southwestward sweeping from west to east across Arkansas during the afternoon and evening hours of March 15, 2026. Multiple severe thunderstorms developed in a well-defined warm sector positioned across the state where storms matured and quickly became severe producing large hail, damaging wind gusts, and tornadoes.",Penny sized hail fell near the town of White Hall.,CSV
202603,15,1645,202603,15,1645,210473,1324034,ARKANSAS,5,2026,March,Thunderstorm Wind,C,75,LAWRENCE,LZK,15-MAR-26 16:45:00,CST-6,15-MAR-26 16:45:00,0,0,0,0,0.00K,0.00K,Emergency Manager,61.00,EG,,,,,,,,,,.69,N,MINTURN,.69,N,MINTURN,35.98,-91.03,35.98,-91.03,"A deepening surface low pressure system was centered over Illinois and an attendant cold front extended south-southwestward sweeping from west to east across Arkansas during the afternoon and evening hours of March 15, 2026. Multiple severe thunderstorms developed in a well-defined warm sector positioned across the state where storms matured and quickly became severe producing large hail, damaging wind gusts, and tornadoes.",Multiple mobile homes had roofs completely torn off and several power poles fell in Minturn.,CSV
202603,1,0,202603,31,2359,211812,1323730,ARKANSAS,5,2026,March,Drought,Z,9,CLAY,MEG,01-MAR-26 00:00:00,CST-6,31-MAR-26 23:59:00,0,0,0,0,0.00K,0.00K,Drought Monitor,,,,,,,,,,,,,,,,,,,,,,"A persistent pocket of Exceptional Drought (D4) stubbornly held its ground over portions of Southwest Craighead and Northwest Poinsett counties. Surrounding these areas, Extreme Drought (D3) covered a significant portion of the Delta. While the winter season kept agricultural activity low, the lack of recharge for ponds and groundwater was evident. By late March, as temperatures spiked above normal and dry conditions continued, local officials began eyeing the spring planting season with caution. Burn bans were eventually implemented in several counties across northeast Arkansas as the landscape remained dangerously dry.",D3 Extreme Drought Conditions continued to spread across the county throughout the month.,CSV
202603,1,0,202603,31,2359,211812,1323731,ARKANSAS,5,2026,March,Drought,Z,18,GREENE,MEG,01-MAR-26 00:00:00,CST-6,31-MAR-26 23:59:00,0,0,0,0,0.00K,0.00K,Drought Monitor,,,,,,,,,,,,,,,,,,,,,,"A persistent pocket of Exceptional Drought (D4) stubbornly held its ground over portions of Southwest Craighead and Northwest Poinsett counties. Surrounding these areas, Extreme Drought (D3) covered a significant portion of the Delta. While the winter season kept agricultural activity low, the lack of recharge for ponds and groundwater was evident. By late March, as temperatures spiked above normal and dry conditions continued, local officials began eyeing the spring planting season with caution. Burn bans were eventually implemented in several counties across northeast Arkansas as the landscape remained dangerously dry.",D3 Extreme Drought Conditions continued to spread across the county throughout the month.,CSV
202603,1,0,202603,31,2359,211812,1323732,ARKANSAS,5,2026,March,Drought,Z,26,CRAIGHEAD,MEG,01-MAR-26 00:00:00,CST-6,31-MAR-26 23:59:00,0,0,0,0,0.00K,0.00K,Drought Monitor,,,,,,,,,,,,,,,,,,,,,,"A persistent pocket of Exceptional Drought (D4) stubbornly held its ground over portions of Southwest Craighead and Northwest Poinsett counties. Surrounding these areas, Extreme Drought (D3) covered a significant portion of the Delta. While the winter season kept agricultural activity low, the lack of recharge for ponds and groundwater was evident. By late March, as temperatures spiked above normal and dry conditions continued, local officials began eyeing the spring planting season with caution. Burn bans were eventually implemented in several counties across northeast Arkansas as the landscape remained dangerously dry.",D3 Extreme Drought Conditions worsened to D4 Exceptional Drought across the county by the end of the month.,CSV
202603,7,537,202603,7,545,211831,1326480,ARKANSAS,5,2026,March,Tornado,C,99,NEVADA,SHV,07-MAR-26 05:37:00,CST-6,07-MAR-26 05:45:00,1,0,0,0,100.00K,0.00K,NWS Storm Survey,,,,,EF2,2.73,345,,,,,2.14,W,WILLISVILLE,2.11,W,IRMA,33.5177,-93.3371,33.5532,-93.3164,"Strong to severe thunderstorms developed in advance of a cold front on the morning of March 7th from eastern Oklahoma into western Arkansas. Wind profiles were quite favorable for organized thunderstorms, with moderate deep-layer shear and effective storm-relative helicity near/above 250 m2/s2. Further analysis also indicated a modest increase in MLCAPE overnight into the early morning hours in the pre-frontal warm air regime, as rich low-level moisture was transported into the region from the southwest. This led to some intensification of convection prior to the arrival of the approaching cold front, with one thunderstorm producing a tornado near the Willisville community in southern Nevada County.","During the early morning hours on March 7th, a severe thunderstorm produced an EF2 tornado with estimated maximum winds of 125 mph just west of Willisville in Southern Nevada County, Arkansas. This storm also had a history of producing an earlier tornado in East Texas. The first sign of damage from the tornado was seen just south of the intersection of Highway 32 and County Road 9 near a large open field. The tornado brought down multiple large trees before heading northeast through the large open field. On the far northeast corner of the field is where tree damage picked up again, before tracking across Highway 32 just to the west of County Road 17. The more significant damage was found near County Road 122, County Road 17, and County Road 1702, where numerous structures sustained damage. A single wide mobile home was lifted off the rooted foundation and tossed around 100 feet before landing and being completely destroyed. There was one occupant in the residence who walked away from the incident with only minor injuries. It was at this location that the tornado was rated an EF2 with maximum winds of 125 mph. The tornado then went through another grove of trees before crossing County Road 17 just north of County Road 1702 where it destroyed a small garage/storage unit. Damage from this unit was scattered all throughout an open field all the way to County Road 124. It also brought down a number of very large trees as it crossed the road. As the tornado crossed over County Road 124, it appeared to have started to lift, as damage was more sporadic in a wide open field. The adjacent tree line at the end of the field along the path of the tornado had a few trees down, but there was no clear indication that the tornado remained on the ground beyond this point.",CSV
202603,15,1459,202603,15,1459,212125,1326220,ARKANSAS,5,2026,March,Thunderstorm Wind,C,61,HOWARD,SHV,15-MAR-26 14:59:00,CST-6,15-MAR-26 14:59:00,0,0,0,0,0.00K,0.00K,Law Enforcement,52.00,EG,,,,,,,,,,0,N,DIERKS,0,N,DIERKS,34.12,-94.02,34.12,-94.02,"Rapid thunderstorm initiation developed during the afternoon on March 15th as strong ascent occurred when a cold front interacted with a plume of returning surface moisture. Modest surface dew points in the lower to middle 60s amid steep mid-level lapse rates supported 1000-2000 J/kg of MUCAPE. 50+ knots of deep-layer shear also favored storm organization with a mixed mode of supercells and line segments. The surging nature of the front promoted rapid upscale growth into a QLCS before spreading eastward across the Red River Valley and into the Ark-La-Tex region. Strong low and mid-level shear between 200-300 m2/s2 supported embedded supercells, along with QLCS wind gusts. As a result, numerous reports of large hail and damaging wind gusts were recorded across Southwest Arkansas.",Trees downed in Dierks.,CSV
202603,15,1510,202603,15,1510,212125,1326221,ARKANSAS,5,2026,March,Thunderstorm Wind,C,61,HOWARD,SHV,15-MAR-26 15:10:00,CST-6,15-MAR-26 15:10:00,0,0,0,0,0.00K,0.00K,Law Enforcement,52.00,EG,,,,,,,,,,1.15,W,CENTER PT,1.15,W,CENTER PT,34.03,-93.95,34.03,-93.95,"Rapid thunderstorm initiation developed during the afternoon on March 15th as strong ascent occurred when a cold front interacted with a plume of returning surface moisture. Modest surface dew points in the lower to middle 60s amid steep mid-level lapse rates supported 1000-2000 J/kg of MUCAPE. 50+ knots of deep-layer shear also favored storm organization with a mixed mode of supercells and line segments. The surging nature of the front promoted rapid upscale growth into a QLCS before spreading eastward across the Red River Valley and into the Ark-La-Tex region. Strong low and mid-level shear between 200-300 m2/s2 supported embedded supercells, along with QLCS wind gusts. As a result, numerous reports of large hail and damaging wind gusts were recorded across Southwest Arkansas.",Trees downed in the Center Point community.,CSV
202603,15,1519,202603,15,1519,212125,1326222,ARKANSAS,5,2026,March,Thunderstorm Wind,C,61,HOWARD,SHV,15-MAR-26 15:19:00,CST-6,15-MAR-26 15:19:00,0,0,0,0,0.00K,0.00K,Law Enforcement,52.00,EG,,,,,,,,,,.69,N,NASHVILLE,.69,N,NASHVILLE,33.94,-93.85,33.94,-93.85,"Rapid thunderstorm initiation developed during the afternoon on March 15th as strong ascent occurred when a cold front interacted with a plume of returning surface moisture. Modest surface dew points in the lower to middle 60s amid steep mid-level lapse rates supported 1000-2000 J/kg of MUCAPE. 50+ knots of deep-layer shear also favored storm organization with a mixed mode of supercells and line segments. The surging nature of the front promoted rapid upscale growth into a QLCS before spreading eastward across the Red River Valley and into the Ark-La-Tex region. Strong low and mid-level shear between 200-300 m2/s2 supported embedded supercells, along with QLCS wind gusts. As a result, numerous reports of large hail and damaging wind gusts were recorded across Southwest Arkansas.",Trees downed in Nashville.,CSV
202603,15,1646,202603,15,1646,210473,1324035,ARKANSAS,5,2026,March,Thunderstorm Wind,C,75,LAWRENCE,LZK,15-MAR-26 16:46:00,CST-6,15-MAR-26 16:46:00,0,0,0,0,0.00K,0.00K,Emergency Manager,56.00,EG,,,,,,,,,,2.34,WSW,PONDERS,2.34,WSW,PONDERS,35.99,-90.94,35.99,-90.94,"A deepening surface low pressure system was centered over Illinois and an attendant cold front extended south-southwestward sweeping from west to east across Arkansas during the afternoon and evening hours of March 15, 2026. Multiple severe thunderstorms developed in a well-defined warm sector positioned across the state where storms matured and quickly became severe producing large hail, damaging wind gusts, and tornadoes.",Multiple power poles fell in the vicinity of Sedgwick.,CSV
202603,15,1647,202603,15,1647,210473,1324036,ARKANSAS,5,2026,March,Hail,C,85,LONOKE,LZK,15-MAR-26 16:47:00,CST-6,15-MAR-26 16:47:00,0,0,0,0,0.00K,0.00K,Public,0.75,,,,,,,,,,,.89,SW,WOODLAWN,.89,SW,WOODLAWN,34.91,-91.89,34.91,-91.89,"A deepening surface low pressure system was centered over Illinois and an attendant cold front extended south-southwestward sweeping from west to east across Arkansas during the afternoon and evening hours of March 15, 2026. Multiple severe thunderstorms developed in a well-defined warm sector positioned across the state where storms matured and quickly became severe producing large hail, damaging wind gusts, and tornadoes.",Penny sized hail fell near the community of Woodlawn.,CSV
202603,15,1650,202603,15,1650,210473,1324039,ARKANSAS,5,2026,March,Hail,C,25,CLEVELAND,LZK,15-MAR-26 16:50:00,CST-6,15-MAR-26 16:50:00,0,0,0,0,0.00K,0.00K,Public,1.75,,,,,,,,,,,1.8,NW,RYE,1.8,NW,RYE,33.75,-92,33.75,-92,"A deepening surface low pressure system was centered over Illinois and an attendant cold front extended south-southwestward sweeping from west to east across Arkansas during the afternoon and evening hours of March 15, 2026. Multiple severe thunderstorms developed in a well-defined warm sector positioned across the state where storms matured and quickly became severe producing large hail, damaging wind gusts, and tornadoes.",Golf-ball sized hail fell in the town of Rye.,CSV
202603,15,1650,202603,15,1650,210473,1324043,ARKANSAS,5,2026,March,Thunderstorm Wind,C,75,LAWRENCE,LZK,15-MAR-26 16:50:00,CST-6,15-MAR-26 16:50:00,0,0,0,0,0.00K,0.00K,Mesonet,67.00,MG,,,,,,,,,,.69,N,MINTURN,.69,N,MINTURN,35.98,-91.03,35.98,-91.03,"A deepening surface low pressure system was centered over Illinois and an attendant cold front extended south-southwestward sweeping from west to east across Arkansas during the afternoon and evening hours of March 15, 2026. Multiple severe thunderstorms developed in a well-defined warm sector positioned across the state where storms matured and quickly became severe producing large hail, damaging wind gusts, and tornadoes.",A Union Pacific Railroad Weather Station measured a wind gust of 77 mph near Minturn.,CSV
202603,15,1710,202603,15,1710,210473,1324048,ARKANSAS,5,2026,March,Thunderstorm Wind,C,1,ARKANSAS,LZK,15-MAR-26 17:10:00,CST-6,15-MAR-26 17:10:00,0,0,0,0,0.00K,0.00K,Public,56.00,EG,,,,,,,,,,0,N,STUTTGART,0,N,STUTTGART,34.5,-91.55,34.5,-91.55,"A deepening surface low pressure system was centered over Illinois and an attendant cold front extended south-southwestward sweeping from west to east across Arkansas during the afternoon and evening hours of March 15, 2026. Multiple severe thunderstorms developed in a well-defined warm sector positioned across the state where storms matured and quickly became severe producing large hail, damaging wind gusts, and tornadoes.",Several trees were blown down across the town of Stuttgart.,CSV
202602,1,0,202602,28,2359,211176,1319419,ARKANSAS,5,2026,February,Drought,Z,73,UNION,SHV,01-FEB-26 00:00:00,CST-6,28-FEB-26 23:59:00,0,0,0,0,0.00K,0.00K,Drought Monitor,,,,,,,,,,,,,,,,,,,,,,"An extended period of below normal rainfall coupled with much above normal temperatures from Fall 2025 into Winter 2026 led to the continuation of severe (D2) and development of extreme (D3) drought conditions from the U.S. Drought Monitor across portions of Southwest Arkansas through the month of February. Rainfall amounts during February only tallied to 0.50-2.00+ inches, which was less than half of the normal amount of rainfall for the month. Coupled with the consistently below normal rain observed since Fall 2025, considerable hardships from area agricultural producers continued, as pastures had become dormant early, forcing farmers to provide hay and other supplemental feed much earlier than normal, as well as water as multiple ponds had dried up. An increase in wildfires also persisted, with the above normal temperatures continuing the drying of fuels. Streamflow from area creeks and bayous also fell below to much below normal as well. As a result, extreme (D3) drought developed across Northern Howard County Arkansas by the second week of the month.",,CSV
202602,19,0,202602,28,2359,211185,1319463,ARKANSAS,5,2026,February,Drought,Z,70,MILLER,SHV,19-FEB-26 00:00:00,CST-6,28-FEB-26 23:59:00,0,0,0,0,0.00K,0.00K,Drought Monitor,,,,,,,,,,,,,,,,,,,,,,"Persistently dry conditions coupled with much above normal temperatures from Fall 2025 into Winter 2026 led to the development of severe (D2) drought conditions from the U.S. Drought Monitor across much of Miller and Lafayette Counties in Southwest Arkansas by the third week of February, which persisted through the end of the month. Rainfall amounts during February only tallied to 0.50-1.25 inches, which was near or less than a quarter of the normal amount of rainfall for the month. Coupled with the consistently below normal rain observed since Fall 2025, considerable hardships from area agricultural producers developed, as pastures had become dormant early, forcing farmers to provide hay and other supplemental feed much earlier than normal, as well as water as multiple ponds had dried up. An increase in wildfires was also observed, with the above normal temperatures continuing the drying of fuels. Streamflow from area creeks and bayous also fell below to much below normal as well.",,CSV
202602,19,0,202602,28,2359,211185,1319464,ARKANSAS,5,2026,February,Drought,Z,71,LAFAYETTE,SHV,19-FEB-26 00:00:00,CST-6,28-FEB-26 23:59:00,0,0,0,0,0.00K,0.00K,Drought Monitor,,,,,,,,,,,,,,,,,,,,,,"Persistently dry conditions coupled with much above normal temperatures from Fall 2025 into Winter 2026 led to the development of severe (D2) drought conditions from the U.S. Drought Monitor across much of Miller and Lafayette Counties in Southwest Arkansas by the third week of February, which persisted through the end of the month. Rainfall amounts during February only tallied to 0.50-1.25 inches, which was near or less than a quarter of the normal amount of rainfall for the month. Coupled with the consistently below normal rain observed since Fall 2025, considerable hardships from area agricultural producers developed, as pastures had become dormant early, forcing farmers to provide hay and other supplemental feed much earlier than normal, as well as water as multiple ponds had dried up. An increase in wildfires was also observed, with the above normal temperatures continuing the drying of fuels. Streamflow from area creeks and bayous also fell below to much below normal as well.",,CSV
202602,26,1754,202602,26,1754,210730,1315955,ARKANSAS,5,2026,February,Hail,C,117,PRAIRIE,LZK,26-FEB-26 17:54:00,CST-6,26-FEB-26 17:54:00,0,0,0,0,0.00K,0.00K,Public,1.00,,,,,,,,,,,.89,NW,FOUR MILE CORNER,.89,NW,FOUR MILE CORNER,34.98,-91.56,34.98,-91.56,A cold front moved from north to south across the state of Arkansas and produced strong storms with a couple of severe thunderstorms noted as well.,Quarter-sized hail fell just west of the town of Des Arc.,CSV
202602,1,0,202602,28,2359,209762,1313905,ARKANSAS,5,2026,February,Drought,Z,1,BENTON,TSA,01-FEB-26 00:00:00,CST-6,28-FEB-26 23:59:00,0,0,0,0,0.00K,0.00K,Drought Monitor,,,,,,,,,,,,,,,,,,,,,,"Northwest Arkansas experienced only one rainfall event during the month of February. During this mid-month event, rainfall across the region ranged from one tenth to one half inch across portions of Benton and Carroll Counties to as much as two to three inches across portions of Sebastian and Crawford Counties. The rainfall that fell across northwest Arkansas in February was below average monthly amounts for the region, with much of Benton and Carroll Counties only receiving between 10 and 25 percent of average monthly precipitation. These dry conditions, compounding on several months of dry weather, allowed the drought that developed across portions of the region in January to expand in February. Severe (D2) drought conditions developed across all of Benton and Carroll Counties and into portions of Washington and Madison Counties. Extreme (D3) drought conditions developed into portions of Benton and Carroll Counties during the month. Monetary damage estimates as a result of the drought were not available.",,CSV
202602,1,0,202602,28,2359,209762,1313906,ARKANSAS,5,2026,February,Drought,Z,2,CARROLL,TSA,01-FEB-26 00:00:00,CST-6,28-FEB-26 23:59:00,0,0,0,0,0.00K,0.00K,Drought Monitor,,,,,,,,,,,,,,,,,,,,,,"Northwest Arkansas experienced only one rainfall event during the month of February. During this mid-month event, rainfall across the region ranged from one tenth to one half inch across portions of Benton and Carroll Counties to as much as two to three inches across portions of Sebastian and Crawford Counties. The rainfall that fell across northwest Arkansas in February was below average monthly amounts for the region, with much of Benton and Carroll Counties only receiving between 10 and 25 percent of average monthly precipitation. These dry conditions, compounding on several months of dry weather, allowed the drought that developed across portions of the region in January to expand in February. Severe (D2) drought conditions developed across all of Benton and Carroll Counties and into portions of Washington and Madison Counties. Extreme (D3) drought conditions developed into portions of Benton and Carroll Counties during the month. Monetary damage estimates as a result of the drought were not available.",,CSV
202602,1,0,202602,28,2359,209762,1313907,ARKANSAS,5,2026,February,Drought,Z,10,WASHINGTON,TSA,01-FEB-26 00:00:00,CST-6,28-FEB-26 23:59:00,0,0,0,0,0.00K,0.00K,Drought Monitor,,,,,,,,,,,,,,,,,,,,,,"Northwest Arkansas experienced only one rainfall event during the month of February. During this mid-month event, rainfall across the region ranged from one tenth to one half inch across portions of Benton and Carroll Counties to as much as two to three inches across portions of Sebastian and Crawford Counties. The rainfall that fell across northwest Arkansas in February was below average monthly amounts for the region, with much of Benton and Carroll Counties only receiving between 10 and 25 percent of average monthly precipitation. These dry conditions, compounding on several months of dry weather, allowed the drought that developed across portions of the region in January to expand in February. Severe (D2) drought conditions developed across all of Benton and Carroll Counties and into portions of Washington and Madison Counties. Extreme (D3) drought conditions developed into portions of Benton and Carroll Counties during the month. Monetary damage estimates as a result of the drought were not available.",,CSV
202602,1,0,202602,28,2359,209762,1313908,ARKANSAS,5,2026,February,Drought,Z,11,MADISON,TSA,01-FEB-26 00:00:00,CST-6,28-FEB-26 23:59:00,0,0,0,0,0.00K,0.00K,Drought Monitor,,,,,,,,,,,,,,,,,,,,,,"Northwest Arkansas experienced only one rainfall event during the month of February. During this mid-month event, rainfall across the region ranged from one tenth to one half inch across portions of Benton and Carroll Counties to as much as two to three inches across portions of Sebastian and Crawford Counties. The rainfall that fell across northwest Arkansas in February was below average monthly amounts for the region, with much of Benton and Carroll Counties only receiving between 10 and 25 percent of average monthly precipitation. These dry conditions, compounding on several months of dry weather, allowed the drought that developed across portions of the region in January to expand in February. Severe (D2) drought conditions developed across all of Benton and Carroll Counties and into portions of Washington and Madison Counties. Extreme (D3) drought conditions developed into portions of Benton and Carroll Counties during the month. Monetary damage estimates as a result of the drought were not available.",,CSV
202602,1,0,202602,28,2359,211176,1319416,ARKANSAS,5,2026,February,Drought,Z,59,LITTLE RIVER,SHV,01-FEB-26 00:00:00,CST-6,28-FEB-26 23:59:00,0,0,0,0,0.00K,0.00K,Drought Monitor,,,,,,,,,,,,,,,,,,,,,,"An extended period of below normal rainfall coupled with much above normal temperatures from Fall 2025 into Winter 2026 led to the continuation of severe (D2) and development of extreme (D3) drought conditions from the U.S. Drought Monitor across portions of Southwest Arkansas through the month of February. Rainfall amounts during February only tallied to 0.50-2.00+ inches, which was less than half of the normal amount of rainfall for the month. Coupled with the consistently below normal rain observed since Fall 2025, considerable hardships from area agricultural producers continued, as pastures had become dormant early, forcing farmers to provide hay and other supplemental feed much earlier than normal, as well as water as multiple ponds had dried up. An increase in wildfires also persisted, with the above normal temperatures continuing the drying of fuels. Streamflow from area creeks and bayous also fell below to much below normal as well. As a result, extreme (D3) drought developed across Northern Howard County Arkansas by the second week of the month.",,CSV
202602,1,0,202602,28,2359,211176,1319417,ARKANSAS,5,2026,February,Drought,Z,50,SEVIER,SHV,01-FEB-26 00:00:00,CST-6,28-FEB-26 23:59:00,0,0,0,0,0.00K,0.00K,Drought Monitor,,,,,,,,,,,,,,,,,,,,,,"An extended period of below normal rainfall coupled with much above normal temperatures from Fall 2025 into Winter 2026 led to the continuation of severe (D2) and development of extreme (D3) drought conditions from the U.S. Drought Monitor across portions of Southwest Arkansas through the month of February. Rainfall amounts during February only tallied to 0.50-2.00+ inches, which was less than half of the normal amount of rainfall for the month. Coupled with the consistently below normal rain observed since Fall 2025, considerable hardships from area agricultural producers continued, as pastures had become dormant early, forcing farmers to provide hay and other supplemental feed much earlier than normal, as well as water as multiple ponds had dried up. An increase in wildfires also persisted, with the above normal temperatures continuing the drying of fuels. Streamflow from area creeks and bayous also fell below to much below normal as well. As a result, extreme (D3) drought developed across Northern Howard County Arkansas by the second week of the month.",,CSV
202602,1,0,202602,28,2359,211176,1319418,ARKANSAS,5,2026,February,Drought,Z,51,HOWARD,SHV,01-FEB-26 00:00:00,CST-6,28-FEB-26 23:59:00,0,0,0,0,0.00K,0.00K,Drought Monitor,,,,,,,,,,,,,,,,,,,,,,"An extended period of below normal rainfall coupled with much above normal temperatures from Fall 2025 into Winter 2026 led to the continuation of severe (D2) and development of extreme (D3) drought conditions from the U.S. Drought Monitor across portions of Southwest Arkansas through the month of February. Rainfall amounts during February only tallied to 0.50-2.00+ inches, which was less than half of the normal amount of rainfall for the month. Coupled with the consistently below normal rain observed since Fall 2025, considerable hardships from area agricultural producers continued, as pastures had become dormant early, forcing farmers to provide hay and other supplemental feed much earlier than normal, as well as water as multiple ponds had dried up. An increase in wildfires also persisted, with the above normal temperatures continuing the drying of fuels. Streamflow from area creeks and bayous also fell below to much below normal as well. As a result, extreme (D3) drought developed across Northern Howard County Arkansas by the second week of the month.",,CSV
202601,23,2000,202601,25,1000,210140,1314653,ARKANSAS,5,2026,January,Winter Storm,Z,35,CROSS,MEG,23-JAN-26 20:00:00,CST-6,25-JAN-26 10:00:00,0,0,0,0,0.00K,0.00K,Trained Spotter,,,,,,,,,,,,,,,,,,,,,,"A significant winter weather event impacted the Mid-South from January 23rd through January 25th, 2026, driven by a classic southern-stream cyclone interacting with entrenched Arctic air across the region. A broad, positively tilted trough extending from the Central Plains into the Desert Southwest emerged on January 23rd. Downstream, strong surface high pressure was centered over the Midwest and Ohio Valley, promoting persistent cold air advection into the Lower Mississippi Valley and reinforcing a shallow subfreezing airmass.||Isentropic ascent intensified across the Mid-South beginning late January 23rd, as warm, moist air overran the shallow Arctic dome. This resulted in widespread precipitation developing from southwest to northeast across eastern Arkansas.||Thermal profiles across eastern Arkansas favored predominantly snow north of Interstate 40, however, with the development of the surface low, a shallow warm nose aloft overspread the area, causing a changeover to sleet. Poor road conditions continued for nearly two weeks after the storm, causing difficult travel and widespread school cancellations.",Sleet and snow accumulations of 4 to 6 inches.,CSV
202601,23,2100,202601,25,1000,210140,1314654,ARKANSAS,5,2026,January,Winter Storm,Z,49,LEE,MEG,23-JAN-26 21:00:00,CST-6,25-JAN-26 10:00:00,0,0,0,0,0.00K,0.00K,Trained Spotter,,,,,,,,,,,,,,,,,,,,,,"A significant winter weather event impacted the Mid-South from January 23rd through January 25th, 2026, driven by a classic southern-stream cyclone interacting with entrenched Arctic air across the region. A broad, positively tilted trough extending from the Central Plains into the Desert Southwest emerged on January 23rd. Downstream, strong surface high pressure was centered over the Midwest and Ohio Valley, promoting persistent cold air advection into the Lower Mississippi Valley and reinforcing a shallow subfreezing airmass.||Isentropic ascent intensified across the Mid-South beginning late January 23rd, as warm, moist air overran the shallow Arctic dome. This resulted in widespread precipitation developing from southwest to northeast across eastern Arkansas.||Thermal profiles across eastern Arkansas favored predominantly snow north of Interstate 40, however, with the development of the surface low, a shallow warm nose aloft overspread the area, causing a changeover to sleet. Poor road conditions continued for nearly two weeks after the storm, causing difficult travel and widespread school cancellations.",Sleet and snow accumulations of 5 to 6 inches.,CSV
202601,27,500,202601,27,900,210319,1313113,ARKANSAS,5,2026,January,Cold/Wind Chill,Z,18,GREENE,MEG,27-JAN-26 05:00:00,CST-6,27-JAN-26 09:00:00,0,0,0,0,0.00K,0.00K,AWOS,,,,,,,,,,,,,,,,,,,,,,"While the wintry precipitation created the initial impacts, it was the multi-day period of subfreezing temperatures that prolonged and, in many cases, worsened those impacts. The lack of meaningful thawing effectively extended the storm���s footprint from a 2���3 day event into a nearly week-long hazard across eastern Arkansas. Limited melting during the day and refreezing each night kept roads hazardous well beyond the end of precipitation, especially on secondary roads and bridges. Prolonged freezing temperatures increased the risk of burst pipes, particularly in homes and buildings without adequate insulation or during extended power outages. The duration of cold posed risks for hypothermia and exposure, especially for vulnerable populations.",Minimum wind chill value of -1F recorded.,CSV
202601,27,500,202601,27,900,210319,1313114,ARKANSAS,5,2026,January,Cold/Wind Chill,Z,27,POINSETT,MEG,27-JAN-26 05:00:00,CST-6,27-JAN-26 09:00:00,0,0,0,0,0.00K,0.00K,AWOS,,,,,,,,,,,,,,,,,,,,,,"While the wintry precipitation created the initial impacts, it was the multi-day period of subfreezing temperatures that prolonged and, in many cases, worsened those impacts. The lack of meaningful thawing effectively extended the storm���s footprint from a 2���3 day event into a nearly week-long hazard across eastern Arkansas. Limited melting during the day and refreezing each night kept roads hazardous well beyond the end of precipitation, especially on secondary roads and bridges. Prolonged freezing temperatures increased the risk of burst pipes, particularly in homes and buildings without adequate insulation or during extended power outages. The duration of cold posed risks for hypothermia and exposure, especially for vulnerable populations.",Minimum wind chill value of 0F recorded.,CSV
202601,27,500,202601,27,900,210319,1313115,ARKANSAS,5,2026,January,Cold/Wind Chill,Z,35,CROSS,MEG,27-JAN-26 05:00:00,CST-6,27-JAN-26 09:00:00,0,0,0,0,0.00K,0.00K,AWOS,,,,,,,,,,,,,,,,,,,,,,"While the wintry precipitation created the initial impacts, it was the multi-day period of subfreezing temperatures that prolonged and, in many cases, worsened those impacts. The lack of meaningful thawing effectively extended the storm���s footprint from a 2���3 day event into a nearly week-long hazard across eastern Arkansas. Limited melting during the day and refreezing each night kept roads hazardous well beyond the end of precipitation, especially on secondary roads and bridges. Prolonged freezing temperatures increased the risk of burst pipes, particularly in homes and buildings without adequate insulation or during extended power outages. The duration of cold posed risks for hypothermia and exposure, especially for vulnerable populations.",Minimum wind chill value of 0F recorded.,CSV
202601,23,2100,202601,25,1000,210140,1314655,ARKANSAS,5,2026,January,Winter Storm,Z,48,ST. FRANCIS,MEG,23-JAN-26 21:00:00,CST-6,25-JAN-26 10:00:00,0,0,0,0,0.00K,0.00K,Trained Spotter,,,,,,,,,,,,,,,,,,,,,,"A significant winter weather event impacted the Mid-South from January 23rd through January 25th, 2026, driven by a classic southern-stream cyclone interacting with entrenched Arctic air across the region. A broad, positively tilted trough extending from the Central Plains into the Desert Southwest emerged on January 23rd. Downstream, strong surface high pressure was centered over the Midwest and Ohio Valley, promoting persistent cold air advection into the Lower Mississippi Valley and reinforcing a shallow subfreezing airmass.||Isentropic ascent intensified across the Mid-South beginning late January 23rd, as warm, moist air overran the shallow Arctic dome. This resulted in widespread precipitation developing from southwest to northeast across eastern Arkansas.||Thermal profiles across eastern Arkansas favored predominantly snow north of Interstate 40, however, with the development of the surface low, a shallow warm nose aloft overspread the area, causing a changeover to sleet. Poor road conditions continued for nearly two weeks after the storm, causing difficult travel and widespread school cancellations.",Sleet and snow accumulations of 5 to 6 inches.,CSV
202601,23,2200,202601,25,1100,210140,1314656,ARKANSAS,5,2026,January,Winter Storm,Z,36,CRITTENDEN,MEG,23-JAN-26 22:00:00,CST-6,25-JAN-26 11:00:00,0,0,0,0,0.00K,0.00K,Trained Spotter,,,,,,,,,,,,,,,,,,,,,,"A significant winter weather event impacted the Mid-South from January 23rd through January 25th, 2026, driven by a classic southern-stream cyclone interacting with entrenched Arctic air across the region. A broad, positively tilted trough extending from the Central Plains into the Desert Southwest emerged on January 23rd. Downstream, strong surface high pressure was centered over the Midwest and Ohio Valley, promoting persistent cold air advection into the Lower Mississippi Valley and reinforcing a shallow subfreezing airmass.||Isentropic ascent intensified across the Mid-South beginning late January 23rd, as warm, moist air overran the shallow Arctic dome. This resulted in widespread precipitation developing from southwest to northeast across eastern Arkansas.||Thermal profiles across eastern Arkansas favored predominantly snow north of Interstate 40, however, with the development of the surface low, a shallow warm nose aloft overspread the area, causing a changeover to sleet. Poor road conditions continued for nearly two weeks after the storm, causing difficult travel and widespread school cancellations.",Sleet and snow accumulations of 4 to 6 inches.,CSV
202601,27,500,202601,27,900,210319,1313116,ARKANSAS,5,2026,January,Cold/Wind Chill,Z,48,ST. FRANCIS,MEG,27-JAN-26 05:00:00,CST-6,27-JAN-26 09:00:00,0,0,0,0,0.00K,0.00K,AWOS,,,,,,,,,,,,,,,,,,,,,,"While the wintry precipitation created the initial impacts, it was the multi-day period of subfreezing temperatures that prolonged and, in many cases, worsened those impacts. The lack of meaningful thawing effectively extended the storm���s footprint from a 2���3 day event into a nearly week-long hazard across eastern Arkansas. Limited melting during the day and refreezing each night kept roads hazardous well beyond the end of precipitation, especially on secondary roads and bridges. Prolonged freezing temperatures increased the risk of burst pipes, particularly in homes and buildings without adequate insulation or during extended power outages. The duration of cold posed risks for hypothermia and exposure, especially for vulnerable populations.",Minimum wind chill value of 1F recorded.,CSV
202601,27,500,202601,27,900,210319,1313117,ARKANSAS,5,2026,January,Cold/Wind Chill,Z,49,LEE,MEG,27-JAN-26 05:00:00,CST-6,27-JAN-26 09:00:00,0,0,0,0,0.00K,0.00K,AWOS,,,,,,,,,,,,,,,,,,,,,,"While the wintry precipitation created the initial impacts, it was the multi-day period of subfreezing temperatures that prolonged and, in many cases, worsened those impacts. The lack of meaningful thawing effectively extended the storm���s footprint from a 2���3 day event into a nearly week-long hazard across eastern Arkansas. Limited melting during the day and refreezing each night kept roads hazardous well beyond the end of precipitation, especially on secondary roads and bridges. Prolonged freezing temperatures increased the risk of burst pipes, particularly in homes and buildings without adequate insulation or during extended power outages. The duration of cold posed risks for hypothermia and exposure, especially for vulnerable populations.",Minimum wind chill value of 1F recorded.,CSV
202601,27,500,202601,27,900,210319,1313118,ARKANSAS,5,2026,January,Cold/Wind Chill,Z,58,PHILLIPS,MEG,27-JAN-26 05:00:00,CST-6,27-JAN-26 09:00:00,0,0,0,0,0.00K,0.00K,AWOS,,,,,,,,,,,,,,,,,,,,,,"While the wintry precipitation created the initial impacts, it was the multi-day period of subfreezing temperatures that prolonged and, in many cases, worsened those impacts. The lack of meaningful thawing effectively extended the storm���s footprint from a 2���3 day event into a nearly week-long hazard across eastern Arkansas. Limited melting during the day and refreezing each night kept roads hazardous well beyond the end of precipitation, especially on secondary roads and bridges. Prolonged freezing temperatures increased the risk of burst pipes, particularly in homes and buildings without adequate insulation or during extended power outages. The duration of cold posed risks for hypothermia and exposure, especially for vulnerable populations.",Minimum wind chill value of 5F recorded.,CSV
202601,23,2200,202601,25,1000,210140,1314657,ARKANSAS,5,2026,January,Winter Storm,Z,35,CROSS,MEG,23-JAN-26 22:00:00,CST-6,25-JAN-26 10:00:00,0,0,0,0,0.00K,0.00K,Trained Spotter,,,,,,,,,,,,,,,,,,,,,,"A significant winter weather event impacted the Mid-South from January 23rd through January 25th, 2026, driven by a classic southern-stream cyclone interacting with entrenched Arctic air across the region. A broad, positively tilted trough extending from the Central Plains into the Desert Southwest emerged on January 23rd. Downstream, strong surface high pressure was centered over the Midwest and Ohio Valley, promoting persistent cold air advection into the Lower Mississippi Valley and reinforcing a shallow subfreezing airmass.||Isentropic ascent intensified across the Mid-South beginning late January 23rd, as warm, moist air overran the shallow Arctic dome. This resulted in widespread precipitation developing from southwest to northeast across eastern Arkansas.||Thermal profiles across eastern Arkansas favored predominantly snow north of Interstate 40, however, with the development of the surface low, a shallow warm nose aloft overspread the area, causing a changeover to sleet. Poor road conditions continued for nearly two weeks after the storm, causing difficult travel and widespread school cancellations.",Snow and sleet accumulations of 5 to 7 inches.,CSV
202601,23,2300,202601,25,1000,210140,1314658,ARKANSAS,5,2026,January,Winter Storm,Z,27,POINSETT,MEG,23-JAN-26 23:00:00,CST-6,25-JAN-26 10:00:00,0,0,0,0,0.00K,0.00K,Trained Spotter,,,,,,,,,,,,,,,,,,,,,,"A significant winter weather event impacted the Mid-South from January 23rd through January 25th, 2026, driven by a classic southern-stream cyclone interacting with entrenched Arctic air across the region. A broad, positively tilted trough extending from the Central Plains into the Desert Southwest emerged on January 23rd. Downstream, strong surface high pressure was centered over the Midwest and Ohio Valley, promoting persistent cold air advection into the Lower Mississippi Valley and reinforcing a shallow subfreezing airmass.||Isentropic ascent intensified across the Mid-South beginning late January 23rd, as warm, moist air overran the shallow Arctic dome. This resulted in widespread precipitation developing from southwest to northeast across eastern Arkansas.||Thermal profiles across eastern Arkansas favored predominantly snow north of Interstate 40, however, with the development of the surface low, a shallow warm nose aloft overspread the area, causing a changeover to sleet. Poor road conditions continued for nearly two weeks after the storm, causing difficult travel and widespread school cancellations.",Snow and sleet accumulations of 5 to 7 inches.,CSV
202601,27,500,202601,27,900,210319,1313119,ARKANSAS,5,2026,January,Cold/Wind Chill,Z,26,CRAIGHEAD,MEG,27-JAN-26 05:00:00,CST-6,27-JAN-26 09:00:00,0,0,0,0,0.00K,0.00K,ASOS,,,,,,,,,,,,,,,,,,,,,,"While the wintry precipitation created the initial impacts, it was the multi-day period of subfreezing temperatures that prolonged and, in many cases, worsened those impacts. The lack of meaningful thawing effectively extended the storm���s footprint from a 2���3 day event into a nearly week-long hazard across eastern Arkansas. Limited melting during the day and refreezing each night kept roads hazardous well beyond the end of precipitation, especially on secondary roads and bridges. Prolonged freezing temperatures increased the risk of burst pipes, particularly in homes and buildings without adequate insulation or during extended power outages. The duration of cold posed risks for hypothermia and exposure, especially for vulnerable populations.",Minimum wind chill value of 0F recorded.,CSV
202601,27,500,202601,27,900,210319,1313120,ARKANSAS,5,2026,January,Cold/Wind Chill,Z,28,MISSISSIPPI,MEG,27-JAN-26 05:00:00,CST-6,27-JAN-26 09:00:00,0,0,0,0,0.00K,0.00K,ASOS,,,,,,,,,,,,,,,,,,,,,,"While the wintry precipitation created the initial impacts, it was the multi-day period of subfreezing temperatures that prolonged and, in many cases, worsened those impacts. The lack of meaningful thawing effectively extended the storm���s footprint from a 2���3 day event into a nearly week-long hazard across eastern Arkansas. Limited melting during the day and refreezing each night kept roads hazardous well beyond the end of precipitation, especially on secondary roads and bridges. Prolonged freezing temperatures increased the risk of burst pipes, particularly in homes and buildings without adequate insulation or during extended power outages. The duration of cold posed risks for hypothermia and exposure, especially for vulnerable populations.",Minimum wind chill value of -3F recorded.,CSV
202601,27,500,202601,27,900,210319,1313121,ARKANSAS,5,2026,January,Cold/Wind Chill,Z,36,CRITTENDEN,MEG,27-JAN-26 05:00:00,CST-6,27-JAN-26 09:00:00,0,0,0,0,0.00K,0.00K,ASOS,,,,,,,,,,,,,,,,,,,,,,"While the wintry precipitation created the initial impacts, it was the multi-day period of subfreezing temperatures that prolonged and, in many cases, worsened those impacts. The lack of meaningful thawing effectively extended the storm���s footprint from a 2���3 day event into a nearly week-long hazard across eastern Arkansas. Limited melting during the day and refreezing each night kept roads hazardous well beyond the end of precipitation, especially on secondary roads and bridges. Prolonged freezing temperatures increased the risk of burst pipes, particularly in homes and buildings without adequate insulation or during extended power outages. The duration of cold posed risks for hypothermia and exposure, especially for vulnerable populations.",Minimum wind chill value of -2F recorded.,CSV
202601,26,300,202601,26,1100,209650,1315552,ARKANSAS,5,2026,January,Extreme Cold/Wind Chill,Z,74,ASHLEY,JAN,26-JAN-26 03:00:00,CST-6,26-JAN-26 11:00:00,0,0,0,0,0.00K,0.00K,Official NWS Observations,,,,,,,,,,,,,,,,,,,,,,"A historically damaging ice and sleet storm occurred across portions of southeastern Arkansas and the surrounding region. Ice accumulations in Ashley and Chicot counties were up to 0.25 inches, and sleet accumulations up to 7 inches were measured in Ashley County. In these areas, the weight of the accumulation resulted in the collapse of several sheds, carports, gas station awnings and the roofs of some buildings. Sleet remained on the ground across much of Ashley and Chicot counties for an entire week, with some of the deeper sleet accumulations from Ashley County through Bolivar County persisting through at least Sunday, February 8th. Travel impacts persisted through Friday, January 30th in some areas. ||Bitter cold conditions followed the storm. Wind chills were as low as 4 degrees at Crossett. Note: At several area weather stations, the lowest wind chill was unavailable because the anemometer was frozen and unable to record wind speed data.",Wind chills across the county fell as low as -10 degrees during the early morning of January 26th.,CSV
202601,26,200,202601,26,1100,209650,1315553,ARKANSAS,5,2026,January,Extreme Cold/Wind Chill,Z,75,CHICOT,JAN,26-JAN-26 02:00:00,CST-6,26-JAN-26 11:00:00,0,0,0,0,0.00K,0.00K,Official NWS Observations,,,,,,,,,,,,,,,,,,,,,,"A historically damaging ice and sleet storm occurred across portions of southeastern Arkansas and the surrounding region. Ice accumulations in Ashley and Chicot counties were up to 0.25 inches, and sleet accumulations up to 7 inches were measured in Ashley County. In these areas, the weight of the accumulation resulted in the collapse of several sheds, carports, gas station awnings and the roofs of some buildings. Sleet remained on the ground across much of Ashley and Chicot counties for an entire week, with some of the deeper sleet accumulations from Ashley County through Bolivar County persisting through at least Sunday, February 8th. Travel impacts persisted through Friday, January 30th in some areas. ||Bitter cold conditions followed the storm. Wind chills were as low as 4 degrees at Crossett. Note: At several area weather stations, the lowest wind chill was unavailable because the anemometer was frozen and unable to record wind speed data.",Wind chills across the county fell as low as -15 degrees during the early morning of January 26th.,CSV
202601,23,2300,202601,25,1100,210140,1314659,ARKANSAS,5,2026,January,Winter Storm,Z,28,MISSISSIPPI,MEG,23-JAN-26 23:00:00,CST-6,25-JAN-26 11:00:00,0,0,0,0,0.00K,0.00K,Trained Spotter,,,,,,,,,,,,,,,,,,,,,,"A significant winter weather event impacted the Mid-South from January 23rd through January 25th, 2026, driven by a classic southern-stream cyclone interacting with entrenched Arctic air across the region. A broad, positively tilted trough extending from the Central Plains into the Desert Southwest emerged on January 23rd. Downstream, strong surface high pressure was centered over the Midwest and Ohio Valley, promoting persistent cold air advection into the Lower Mississippi Valley and reinforcing a shallow subfreezing airmass.||Isentropic ascent intensified across the Mid-South beginning late January 23rd, as warm, moist air overran the shallow Arctic dome. This resulted in widespread precipitation developing from southwest to northeast across eastern Arkansas.||Thermal profiles across eastern Arkansas favored predominantly snow north of Interstate 40, however, with the development of the surface low, a shallow warm nose aloft overspread the area, causing a changeover to sleet. Poor road conditions continued for nearly two weeks after the storm, causing difficult travel and widespread school cancellations.",Snow and sleet accumulations of 6 to 7 inches.,CSV
202601,23,2300,202601,25,1000,210140,1314660,ARKANSAS,5,2026,January,Winter Storm,Z,26,CRAIGHEAD,MEG,23-JAN-26 23:00:00,CST-6,25-JAN-26 10:00:00,0,0,0,0,0.00K,0.00K,Trained Spotter,,,,,,,,,,,,,,,,,,,,,,"A significant winter weather event impacted the Mid-South from January 23rd through January 25th, 2026, driven by a classic southern-stream cyclone interacting with entrenched Arctic air across the region. A broad, positively tilted trough extending from the Central Plains into the Desert Southwest emerged on January 23rd. Downstream, strong surface high pressure was centered over the Midwest and Ohio Valley, promoting persistent cold air advection into the Lower Mississippi Valley and reinforcing a shallow subfreezing airmass.||Isentropic ascent intensified across the Mid-South beginning late January 23rd, as warm, moist air overran the shallow Arctic dome. This resulted in widespread precipitation developing from southwest to northeast across eastern Arkansas.||Thermal profiles across eastern Arkansas favored predominantly snow north of Interstate 40, however, with the development of the surface low, a shallow warm nose aloft overspread the area, causing a changeover to sleet. Poor road conditions continued for nearly two weeks after the storm, causing difficult travel and widespread school cancellations.",Snow and sleet accumulations of 6 to 8 inches.,CSV
202601,23,2300,202601,25,1000,210140,1314662,ARKANSAS,5,2026,January,Winter Storm,Z,18,GREENE,MEG,23-JAN-26 23:00:00,CST-6,25-JAN-26 10:00:00,0,0,0,0,0.00K,0.00K,Trained Spotter,,,,,,,,,,,,,,,,,,,,,,"A significant winter weather event impacted the Mid-South from January 23rd through January 25th, 2026, driven by a classic southern-stream cyclone interacting with entrenched Arctic air across the region. A broad, positively tilted trough extending from the Central Plains into the Desert Southwest emerged on January 23rd. Downstream, strong surface high pressure was centered over the Midwest and Ohio Valley, promoting persistent cold air advection into the Lower Mississippi Valley and reinforcing a shallow subfreezing airmass.||Isentropic ascent intensified across the Mid-South beginning late January 23rd, as warm, moist air overran the shallow Arctic dome. This resulted in widespread precipitation developing from southwest to northeast across eastern Arkansas.||Thermal profiles across eastern Arkansas favored predominantly snow north of Interstate 40, however, with the development of the surface low, a shallow warm nose aloft overspread the area, causing a changeover to sleet. Poor road conditions continued for nearly two weeks after the storm, causing difficult travel and widespread school cancellations.",Snow and sleet accumulations of 6 to 8 inches.,CSV
202601,23,2300,202601,25,1000,210140,1314663,ARKANSAS,5,2026,January,Winter Storm,Z,9,CLAY,MEG,23-JAN-26 23:00:00,CST-6,25-JAN-26 10:00:00,0,0,0,0,0.00K,0.00K,Trained Spotter,,,,,,,,,,,,,,,,,,,,,,"A significant winter weather event impacted the Mid-South from January 23rd through January 25th, 2026, driven by a classic southern-stream cyclone interacting with entrenched Arctic air across the region. A broad, positively tilted trough extending from the Central Plains into the Desert Southwest emerged on January 23rd. Downstream, strong surface high pressure was centered over the Midwest and Ohio Valley, promoting persistent cold air advection into the Lower Mississippi Valley and reinforcing a shallow subfreezing airmass.||Isentropic ascent intensified across the Mid-South beginning late January 23rd, as warm, moist air overran the shallow Arctic dome. This resulted in widespread precipitation developing from southwest to northeast across eastern Arkansas.||Thermal profiles across eastern Arkansas favored predominantly snow north of Interstate 40, however, with the development of the surface low, a shallow warm nose aloft overspread the area, causing a changeover to sleet. Poor road conditions continued for nearly two weeks after the storm, causing difficult travel and widespread school cancellations.",Snow and sleet accumulations of 6 to 8 inches.,CSV
202601,31,500,202601,31,900,210435,1313361,ARKANSAS,5,2026,January,Cold/Wind Chill,Z,9,CLAY,MEG,31-JAN-26 05:00:00,CST-6,31-JAN-26 09:00:00,0,0,0,0,0.00K,0.00K,AWOS,,,,,,,,,,,,,,,,,,,,,,"A dry, mid-level shortwave aid in the push of another cold front in late January. Another arctic airmass residing behind this boundary resulting in another bitterly cold period. Cold temperatures combined with elevated northerly winds resulted in sub zero wind chill values across eastern Arkansas.",Minimum wind chill of -2 recorded.,CSV
202601,24,500,202601,24,900,210319,1312935,ARKANSAS,5,2026,January,Extreme Cold/Wind Chill,Z,9,CLAY,MEG,24-JAN-26 05:00:00,CST-6,24-JAN-26 09:00:00,0,0,0,0,0.00K,0.00K,AWOS,,,,,,,,,,,,,,,,,,,,,,"While the wintry precipitation created the initial impacts, it was the multi-day period of subfreezing temperatures that prolonged and, in many cases, worsened those impacts. The lack of meaningful thawing effectively extended the storm���s footprint from a 2���3 day event into a nearly week-long hazard across eastern Arkansas. Limited melting during the day and refreezing each night kept roads hazardous well beyond the end of precipitation, especially on secondary roads and bridges. Prolonged freezing temperatures increased the risk of burst pipes, particularly in homes and buildings without adequate insulation or during extended power outages. The duration of cold posed risks for hypothermia and exposure, especially for vulnerable populations.",Lowest wind chill observation of -10F.,CSV
202601,24,500,202601,24,900,210319,1312936,ARKANSAS,5,2026,January,Extreme Cold/Wind Chill,Z,18,GREENE,MEG,24-JAN-26 05:00:00,CST-6,24-JAN-26 09:00:00,0,0,0,0,0.00K,0.00K,AWOS,,,,,,,,,,,,,,,,,,,,,,"While the wintry precipitation created the initial impacts, it was the multi-day period of subfreezing temperatures that prolonged and, in many cases, worsened those impacts. The lack of meaningful thawing effectively extended the storm���s footprint from a 2���3 day event into a nearly week-long hazard across eastern Arkansas. Limited melting during the day and refreezing each night kept roads hazardous well beyond the end of precipitation, especially on secondary roads and bridges. Prolonged freezing temperatures increased the risk of burst pipes, particularly in homes and buildings without adequate insulation or during extended power outages. The duration of cold posed risks for hypothermia and exposure, especially for vulnerable populations.",Lowest wind chill observation of -10F.,CSV
202601,24,500,202601,24,900,210319,1312937,ARKANSAS,5,2026,January,Extreme Cold/Wind Chill,Z,26,CRAIGHEAD,MEG,24-JAN-26 05:00:00,CST-6,24-JAN-26 09:00:00,0,0,0,0,0.00K,0.00K,ASOS,,,,,,,,,,,,,,,,,,,,,,"While the wintry precipitation created the initial impacts, it was the multi-day period of subfreezing temperatures that prolonged and, in many cases, worsened those impacts. The lack of meaningful thawing effectively extended the storm���s footprint from a 2���3 day event into a nearly week-long hazard across eastern Arkansas. Limited melting during the day and refreezing each night kept roads hazardous well beyond the end of precipitation, especially on secondary roads and bridges. Prolonged freezing temperatures increased the risk of burst pipes, particularly in homes and buildings without adequate insulation or during extended power outages. The duration of cold posed risks for hypothermia and exposure, especially for vulnerable populations.",Lowest wind chill observation of -10F.,CSV
202601,31,500,202601,31,900,210435,1313362,ARKANSAS,5,2026,January,Cold/Wind Chill,Z,18,GREENE,MEG,31-JAN-26 05:00:00,CST-6,31-JAN-26 09:00:00,0,0,0,0,0.00K,0.00K,AWOS,,,,,,,,,,,,,,,,,,,,,,"A dry, mid-level shortwave aid in the push of another cold front in late January. Another arctic airmass residing behind this boundary resulting in another bitterly cold period. Cold temperatures combined with elevated northerly winds resulted in sub zero wind chill values across eastern Arkansas.",Minimum wind chill of -2 recorded.,CSV
202601,31,500,202601,31,900,210435,1313363,ARKANSAS,5,2026,January,Cold/Wind Chill,Z,27,POINSETT,MEG,31-JAN-26 05:00:00,CST-6,31-JAN-26 09:00:00,0,0,0,0,0.00K,0.00K,AWOS,,,,,,,,,,,,,,,,,,,,,,"A dry, mid-level shortwave aid in the push of another cold front in late January. Another arctic airmass residing behind this boundary resulting in another bitterly cold period. Cold temperatures combined with elevated northerly winds resulted in sub zero wind chill values across eastern Arkansas.",Minimum wind chill of 0 recorded.,CSV
202601,31,500,202601,31,900,210435,1313364,ARKANSAS,5,2026,January,Cold/Wind Chill,Z,35,CROSS,MEG,31-JAN-26 05:00:00,CST-6,31-JAN-26 09:00:00,0,0,0,0,0.00K,0.00K,AWOS,,,,,,,,,,,,,,,,,,,,,,"A dry, mid-level shortwave aid in the push of another cold front in late January. Another arctic airmass residing behind this boundary resulting in another bitterly cold period. Cold temperatures combined with elevated northerly winds resulted in sub zero wind chill values across eastern Arkansas.",Minimum wind chill of 0 recorded.,CSV
202601,31,500,202601,31,900,210435,1313365,ARKANSAS,5,2026,January,Cold/Wind Chill,Z,48,ST. FRANCIS,MEG,31-JAN-26 05:00:00,CST-6,31-JAN-26 09:00:00,0,0,0,0,0.00K,0.00K,AWOS,,,,,,,,,,,,,,,,,,,,,,"A dry, mid-level shortwave aid in the push of another cold front in late January. Another arctic airmass residing behind this boundary resulting in another bitterly cold period. Cold temperatures combined with elevated northerly winds resulted in sub zero wind chill values across eastern Arkansas.",Minimum wind chill of -1F recorded.,CSV
202601,31,500,202601,31,900,210435,1313366,ARKANSAS,5,2026,January,Cold/Wind Chill,Z,49,LEE,MEG,31-JAN-26 05:00:00,CST-6,31-JAN-26 09:00:00,0,0,0,0,0.00K,0.00K,AWOS,,,,,,,,,,,,,,,,,,,,,,"A dry, mid-level shortwave aid in the push of another cold front in late January. Another arctic airmass residing behind this boundary resulting in another bitterly cold period. Cold temperatures combined with elevated northerly winds resulted in sub zero wind chill values across eastern Arkansas.",Minimum wind chill of -1F recorded.,CSV
202601,31,500,202601,31,900,210435,1313367,ARKANSAS,5,2026,January,Cold/Wind Chill,Z,58,PHILLIPS,MEG,31-JAN-26 05:00:00,CST-6,31-JAN-26 09:00:00,0,0,0,0,0.00K,0.00K,AWOS,,,,,,,,,,,,,,,,,,,,,,"A dry, mid-level shortwave aid in the push of another cold front in late January. Another arctic airmass residing behind this boundary resulting in another bitterly cold period. Cold temperatures combined with elevated northerly winds resulted in sub zero wind chill values across eastern Arkansas.",Minimum wind chill of 1F recorded.,CSV
202601,31,500,202601,31,900,210435,1313368,ARKANSAS,5,2026,January,Cold/Wind Chill,Z,36,CRITTENDEN,MEG,31-JAN-26 05:00:00,CST-6,31-JAN-26 09:00:00,0,0,0,0,0.00K,0.00K,ASOS,,,,,,,,,,,,,,,,,,,,,,"A dry, mid-level shortwave aid in the push of another cold front in late January. Another arctic airmass residing behind this boundary resulting in another bitterly cold period. Cold temperatures combined with elevated northerly winds resulted in sub zero wind chill values across eastern Arkansas.",Minimum wind chill of 0F recorded.,CSV
202601,24,500,202601,24,900,210319,1312938,ARKANSAS,5,2026,January,Extreme Cold/Wind Chill,Z,35,CROSS,MEG,24-JAN-26 05:00:00,CST-6,24-JAN-26 09:00:00,0,0,0,0,0.00K,0.00K,AWOS,,,,,,,,,,,,,,,,,,,,,,"While the wintry precipitation created the initial impacts, it was the multi-day period of subfreezing temperatures that prolonged and, in many cases, worsened those impacts. The lack of meaningful thawing effectively extended the storm���s footprint from a 2���3 day event into a nearly week-long hazard across eastern Arkansas. Limited melting during the day and refreezing each night kept roads hazardous well beyond the end of precipitation, especially on secondary roads and bridges. Prolonged freezing temperatures increased the risk of burst pipes, particularly in homes and buildings without adequate insulation or during extended power outages. The duration of cold posed risks for hypothermia and exposure, especially for vulnerable populations.",Lowest wind chill observation of -9F.,CSV
202601,24,500,202601,24,900,210319,1312939,ARKANSAS,5,2026,January,Extreme Cold/Wind Chill,Z,27,POINSETT,MEG,24-JAN-26 05:00:00,CST-6,24-JAN-26 09:00:00,0,0,0,0,0.00K,0.00K,AWOS,,,,,,,,,,,,,,,,,,,,,,"While the wintry precipitation created the initial impacts, it was the multi-day period of subfreezing temperatures that prolonged and, in many cases, worsened those impacts. The lack of meaningful thawing effectively extended the storm���s footprint from a 2���3 day event into a nearly week-long hazard across eastern Arkansas. Limited melting during the day and refreezing each night kept roads hazardous well beyond the end of precipitation, especially on secondary roads and bridges. Prolonged freezing temperatures increased the risk of burst pipes, particularly in homes and buildings without adequate insulation or during extended power outages. The duration of cold posed risks for hypothermia and exposure, especially for vulnerable populations.",Lowest wind chill observation of -10F.,CSV
202601,24,500,202601,24,900,210319,1312940,ARKANSAS,5,2026,January,Extreme Cold/Wind Chill,Z,48,ST. FRANCIS,MEG,24-JAN-26 05:00:00,CST-6,24-JAN-26 09:00:00,0,0,0,0,0.00K,0.00K,AWOS,,,,,,,,,,,,,,,,,,,,,,"While the wintry precipitation created the initial impacts, it was the multi-day period of subfreezing temperatures that prolonged and, in many cases, worsened those impacts. The lack of meaningful thawing effectively extended the storm���s footprint from a 2���3 day event into a nearly week-long hazard across eastern Arkansas. Limited melting during the day and refreezing each night kept roads hazardous well beyond the end of precipitation, especially on secondary roads and bridges. Prolonged freezing temperatures increased the risk of burst pipes, particularly in homes and buildings without adequate insulation or during extended power outages. The duration of cold posed risks for hypothermia and exposure, especially for vulnerable populations.",Lowest wind chill observation of -6F.,CSV
202602,1,200,202602,1,400,210886,1317080,ARKANSAS,5,2026,February,Cold/Wind Chill,Z,9,CLAY,MEG,01-FEB-26 02:00:00,CST-6,01-FEB-26 04:00:00,0,0,0,0,0.00K,0.00K,AWOS,,,,,,,,,,,,,,,,,,,,,,A Canadian airmass encompassed the region on the morning of February 1. This airmass intensified to 1040mb allowing temperatures to fall below freezing to kick off the month. Clear skies and a light northerly wind resulted in wind chill values at 10 degrees or less across eastern Arkansas.,Minimum wind chill of -5F reported.,CSV
202602,1,200,202602,1,400,210886,1317082,ARKANSAS,5,2026,February,Cold/Wind Chill,Z,26,CRAIGHEAD,MEG,01-FEB-26 02:00:00,CST-6,01-FEB-26 04:00:00,0,0,0,0,0.00K,0.00K,ASOS,,,,,,,,,,,,,,,,,,,,,,A Canadian airmass encompassed the region on the morning of February 1. This airmass intensified to 1040mb allowing temperatures to fall below freezing to kick off the month. Clear skies and a light northerly wind resulted in wind chill values at 10 degrees or less across eastern Arkansas.,Minimum wind chill of 4F reported.,CSV
202602,1,200,202602,1,400,210886,1317083,ARKANSAS,5,2026,February,Cold/Wind Chill,Z,36,CRITTENDEN,MEG,01-FEB-26 02:00:00,CST-6,01-FEB-26 04:00:00,0,0,0,0,0.00K,0.00K,ASOS,,,,,,,,,,,,,,,,,,,,,,A Canadian airmass encompassed the region on the morning of February 1. This airmass intensified to 1040mb allowing temperatures to fall below freezing to kick off the month. Clear skies and a light northerly wind resulted in wind chill values at 10 degrees or less across eastern Arkansas.,Minimum wind chill of 4F reported.,CSV
202602,1,200,202602,1,400,210886,1317084,ARKANSAS,5,2026,February,Cold/Wind Chill,Z,35,CROSS,MEG,01-FEB-26 02:00:00,CST-6,01-FEB-26 04:00:00,0,0,0,0,0.00K,0.00K,AWOS,,,,,,,,,,,,,,,,,,,,,,A Canadian airmass encompassed the region on the morning of February 1. This airmass intensified to 1040mb allowing temperatures to fall below freezing to kick off the month. Clear skies and a light northerly wind resulted in wind chill values at 10 degrees or less across eastern Arkansas.,Minimum wind chill of 4F reported.,CSV
202601,31,500,202601,31,900,210435,1313369,ARKANSAS,5,2026,January,Cold/Wind Chill,Z,28,MISSISSIPPI,MEG,31-JAN-26 05:00:00,CST-6,31-JAN-26 09:00:00,0,0,0,0,0.00K,0.00K,ASOS,,,,,,,,,,,,,,,,,,,,,,"A dry, mid-level shortwave aid in the push of another cold front in late January. Another arctic airmass residing behind this boundary resulting in another bitterly cold period. Cold temperatures combined with elevated northerly winds resulted in sub zero wind chill values across eastern Arkansas.",Minimum wind chill of -3F recorded.,CSV
202601,31,500,202601,31,900,210435,1313370,ARKANSAS,5,2026,January,Cold/Wind Chill,Z,26,CRAIGHEAD,MEG,31-JAN-26 05:00:00,CST-6,31-JAN-26 09:00:00,0,0,0,0,0.00K,0.00K,ASOS,,,,,,,,,,,,,,,,,,,,,,"A dry, mid-level shortwave aid in the push of another cold front in late January. Another arctic airmass residing behind this boundary resulting in another bitterly cold period. Cold temperatures combined with elevated northerly winds resulted in sub zero wind chill values across eastern Arkansas.",Minimum wind chill of 0F recorded.,CSV
202601,24,500,202601,24,900,210319,1312941,ARKANSAS,5,2026,January,Cold/Wind Chill,Z,28,MISSISSIPPI,MEG,24-JAN-26 05:00:00,CST-6,24-JAN-26 09:00:00,0,0,0,0,0.00K,0.00K,ASOS,,,,,,,,,,,,,,,,,,,,,,"While the wintry precipitation created the initial impacts, it was the multi-day period of subfreezing temperatures that prolonged and, in many cases, worsened those impacts. The lack of meaningful thawing effectively extended the storm���s footprint from a 2���3 day event into a nearly week-long hazard across eastern Arkansas. Limited melting during the day and refreezing each night kept roads hazardous well beyond the end of precipitation, especially on secondary roads and bridges. Prolonged freezing temperatures increased the risk of burst pipes, particularly in homes and buildings without adequate insulation or during extended power outages. The duration of cold posed risks for hypothermia and exposure, especially for vulnerable populations.",Minimum windchill of -9F reported.,CSV
202601,24,500,202601,24,900,210319,1312942,ARKANSAS,5,2026,January,Cold/Wind Chill,Z,36,CRITTENDEN,MEG,24-JAN-26 05:00:00,CST-6,24-JAN-26 09:00:00,0,0,0,0,0.00K,0.00K,ASOS,,,,,,,,,,,,,,,,,,,,,,"While the wintry precipitation created the initial impacts, it was the multi-day period of subfreezing temperatures that prolonged and, in many cases, worsened those impacts. The lack of meaningful thawing effectively extended the storm���s footprint from a 2���3 day event into a nearly week-long hazard across eastern Arkansas. Limited melting during the day and refreezing each night kept roads hazardous well beyond the end of precipitation, especially on secondary roads and bridges. Prolonged freezing temperatures increased the risk of burst pipes, particularly in homes and buildings without adequate insulation or during extended power outages. The duration of cold posed risks for hypothermia and exposure, especially for vulnerable populations.",Minimum windchill of -3F reported.,CSV
202601,24,500,202601,24,900,210319,1312943,ARKANSAS,5,2026,January,Cold/Wind Chill,Z,49,LEE,MEG,24-JAN-26 05:00:00,CST-6,24-JAN-26 09:00:00,0,0,0,0,0.00K,0.00K,AWOS,,,,,,,,,,,,,,,,,,,,,,"While the wintry precipitation created the initial impacts, it was the multi-day period of subfreezing temperatures that prolonged and, in many cases, worsened those impacts. The lack of meaningful thawing effectively extended the storm���s footprint from a 2���3 day event into a nearly week-long hazard across eastern Arkansas. Limited melting during the day and refreezing each night kept roads hazardous well beyond the end of precipitation, especially on secondary roads and bridges. Prolonged freezing temperatures increased the risk of burst pipes, particularly in homes and buildings without adequate insulation or during extended power outages. The duration of cold posed risks for hypothermia and exposure, especially for vulnerable populations.",Minimum windchill of -3F reported.,CSV
202601,24,800,202601,25,1600,209650,1315284,ARKANSAS,5,2026,January,Winter Storm,Z,74,ASHLEY,JAN,24-JAN-26 08:00:00,CST-6,25-JAN-26 16:00:00,0,0,0,0,0.00K,0.00K,Emergency Manager,,,,,,,,,,,,,,,,,,,,,,"A historically damaging ice and sleet storm occurred across portions of southeastern Arkansas and the surrounding region. Ice accumulations in Ashley and Chicot counties were up to 0.25 inches, and sleet accumulations up to 7 inches were measured in Ashley County. In these areas, the weight of the accumulation resulted in the collapse of several sheds, carports, gas station awnings and the roofs of some buildings. Sleet remained on the ground across much of Ashley and Chicot counties for an entire week, with some of the deeper sleet accumulations from Ashley County through Bolivar County persisting through at least Sunday, February 8th. Travel impacts persisted through Friday, January 30th in some areas. ||Bitter cold conditions followed the storm. Wind chills were as low as 4 degrees at Crossett. Note: At several area weather stations, the lowest wind chill was unavailable because the anemometer was frozen and unable to record wind speed data.","A historically damaging ice storm occurred in Ashley County. Freezing rain accumulations were estimated to be 0.25 inches, with significant sleet accumulations as high as 6 to 7.",CSV
202601,24,820,202601,25,1700,209650,1315286,ARKANSAS,5,2026,January,Winter Storm,Z,75,CHICOT,JAN,24-JAN-26 08:20:00,CST-6,25-JAN-26 17:00:00,0,0,0,0,0.00K,0.00K,Department of Highways,,,,,,,,,,,,,,,,,,,,,,"A historically damaging ice and sleet storm occurred across portions of southeastern Arkansas and the surrounding region. Ice accumulations in Ashley and Chicot counties were up to 0.25 inches, and sleet accumulations up to 7 inches were measured in Ashley County. In these areas, the weight of the accumulation resulted in the collapse of several sheds, carports, gas station awnings and the roofs of some buildings. Sleet remained on the ground across much of Ashley and Chicot counties for an entire week, with some of the deeper sleet accumulations from Ashley County through Bolivar County persisting through at least Sunday, February 8th. Travel impacts persisted through Friday, January 30th in some areas. ||Bitter cold conditions followed the storm. Wind chills were as low as 4 degrees at Crossett. Note: At several area weather stations, the lowest wind chill was unavailable because the anemometer was frozen and unable to record wind speed data.","A historically damaging ice storm occurred in Chicot County. Freezing rain accumulations were estimated to be 0.25 inches, with significant sleet accumulations as high as 6 to 7.",CSV
202602,1,200,202602,1,400,210886,1317085,ARKANSAS,5,2026,February,Cold/Wind Chill,Z,18,GREENE,MEG,01-FEB-26 02:00:00,CST-6,01-FEB-26 04:00:00,0,0,0,0,0.00K,0.00K,AWOS,,,,,,,,,,,,,,,,,,,,,,A Canadian airmass encompassed the region on the morning of February 1. This airmass intensified to 1040mb allowing temperatures to fall below freezing to kick off the month. Clear skies and a light northerly wind resulted in wind chill values at 10 degrees or less across eastern Arkansas.,Minimum wind chill of 0F reported.,CSV
202602,1,200,202602,1,400,210886,1317086,ARKANSAS,5,2026,February,Cold/Wind Chill,Z,49,LEE,MEG,01-FEB-26 02:00:00,CST-6,01-FEB-26 04:00:00,0,0,0,0,0.00K,0.00K,AWOS,,,,,,,,,,,,,,,,,,,,,,A Canadian airmass encompassed the region on the morning of February 1. This airmass intensified to 1040mb allowing temperatures to fall below freezing to kick off the month. Clear skies and a light northerly wind resulted in wind chill values at 10 degrees or less across eastern Arkansas.,Minimum wind chill of 9F reported.,CSV
202602,1,200,202602,1,400,210886,1317087,ARKANSAS,5,2026,February,Cold/Wind Chill,Z,28,MISSISSIPPI,MEG,01-FEB-26 02:00:00,CST-6,01-FEB-26 04:00:00,0,0,0,0,0.00K,0.00K,ASOS,,,,,,,,,,,,,,,,,,,,,,A Canadian airmass encompassed the region on the morning of February 1. This airmass intensified to 1040mb allowing temperatures to fall below freezing to kick off the month. Clear skies and a light northerly wind resulted in wind chill values at 10 degrees or less across eastern Arkansas.,Minimum wind chill of -2F reported.,CSV
202602,1,200,202602,1,400,210886,1317088,ARKANSAS,5,2026,February,Cold/Wind Chill,Z,58,PHILLIPS,MEG,01-FEB-26 02:00:00,CST-6,01-FEB-26 04:00:00,0,0,0,0,0.00K,0.00K,AWOS,,,,,,,,,,,,,,,,,,,,,,A Canadian airmass encompassed the region on the morning of February 1. This airmass intensified to 1040mb allowing temperatures to fall below freezing to kick off the month. Clear skies and a light northerly wind resulted in wind chill values at 10 degrees or less across eastern Arkansas.,Minimum wind chill of 9F reported.,CSV
202602,1,200,202602,1,400,210886,1317089,ARKANSAS,5,2026,February,Cold/Wind Chill,Z,27,POINSETT,MEG,01-FEB-26 02:00:00,CST-6,01-FEB-26 04:00:00,0,0,0,0,0.00K,0.00K,AWOS,,,,,,,,,,,,,,,,,,,,,,A Canadian airmass encompassed the region on the morning of February 1. This airmass intensified to 1040mb allowing temperatures to fall below freezing to kick off the month. Clear skies and a light northerly wind resulted in wind chill values at 10 degrees or less across eastern Arkansas.,Minimum wind chill of 4F reported.,CSV
202602,1,200,202602,1,400,210886,1317090,ARKANSAS,5,2026,February,Cold/Wind Chill,Z,48,ST. FRANCIS,MEG,01-FEB-26 02:00:00,CST-6,01-FEB-26 04:00:00,0,0,0,0,0.00K,0.00K,AWOS,,,,,,,,,,,,,,,,,,,,,,A Canadian airmass encompassed the region on the morning of February 1. This airmass intensified to 1040mb allowing temperatures to fall below freezing to kick off the month. Clear skies and a light northerly wind resulted in wind chill values at 10 degrees or less across eastern Arkansas.,Minimum wind chill of 9F reported.,CSV
202602,16,745,202602,25,400,210734,1315956,ARKANSAS,5,2026,February,Flood,C,147,WOODRUFF,LZK,16-FEB-26 07:45:00,CST-6,25-FEB-26 04:00:00,0,0,0,0,0.00K,0.00K,River/Stream Gage,,,Heavy Rain,,,,,,,,,.79,SSW,RIVERSIDE,.82,SSW,RIVERSIDE,35.2701,-91.2369,35.2695,-91.2367,Heavy rains led to river flooding on the Cache River at Patterson during the mid to late part of February.,"The Cache River went into Minor flood stage in mid February and crested (in minor flood stage) at 10.18 feet on February 20, 2026 at 1200 CST.",CSV
202601,24,500,202601,24,900,210319,1312944,ARKANSAS,5,2026,January,Cold/Wind Chill,Z,58,PHILLIPS,MEG,24-JAN-26 05:00:00,CST-6,24-JAN-26 09:00:00,0,0,0,0,0.00K,0.00K,AWOS,,,,,,,,,,,,,,,,,,,,,,"While the wintry precipitation created the initial impacts, it was the multi-day period of subfreezing temperatures that prolonged and, in many cases, worsened those impacts. The lack of meaningful thawing effectively extended the storm���s footprint from a 2���3 day event into a nearly week-long hazard across eastern Arkansas. Limited melting during the day and refreezing each night kept roads hazardous well beyond the end of precipitation, especially on secondary roads and bridges. Prolonged freezing temperatures increased the risk of burst pipes, particularly in homes and buildings without adequate insulation or during extended power outages. The duration of cold posed risks for hypothermia and exposure, especially for vulnerable populations.",Minimum windchill of 0F reported.,CSV
202601,25,500,202601,25,900,210319,1312997,ARKANSAS,5,2026,January,Cold/Wind Chill,Z,9,CLAY,MEG,25-JAN-26 05:00:00,CST-6,25-JAN-26 09:00:00,0,0,0,0,0.00K,0.00K,AWOS,,,,,,,,,,,,,,,,,,,,,,"While the wintry precipitation created the initial impacts, it was the multi-day period of subfreezing temperatures that prolonged and, in many cases, worsened those impacts. The lack of meaningful thawing effectively extended the storm���s footprint from a 2���3 day event into a nearly week-long hazard across eastern Arkansas. Limited melting during the day and refreezing each night kept roads hazardous well beyond the end of precipitation, especially on secondary roads and bridges. Prolonged freezing temperatures increased the risk of burst pipes, particularly in homes and buildings without adequate insulation or during extended power outages. The duration of cold posed risks for hypothermia and exposure, especially for vulnerable populations.",Minimum wind chill of -3F reported.,CSV
202601,25,500,202601,25,900,210319,1312998,ARKANSAS,5,2026,January,Cold/Wind Chill,Z,18,GREENE,MEG,25-JAN-26 05:00:00,CST-6,25-JAN-26 09:00:00,0,0,0,0,0.00K,0.00K,AWOS,,,,,,,,,,,,,,,,,,,,,,"While the wintry precipitation created the initial impacts, it was the multi-day period of subfreezing temperatures that prolonged and, in many cases, worsened those impacts. The lack of meaningful thawing effectively extended the storm���s footprint from a 2���3 day event into a nearly week-long hazard across eastern Arkansas. Limited melting during the day and refreezing each night kept roads hazardous well beyond the end of precipitation, especially on secondary roads and bridges. Prolonged freezing temperatures increased the risk of burst pipes, particularly in homes and buildings without adequate insulation or during extended power outages. The duration of cold posed risks for hypothermia and exposure, especially for vulnerable populations.",Minimum wind chill of -2F reported.,CSV
202601,25,500,202601,25,900,210319,1312999,ARKANSAS,5,2026,January,Cold/Wind Chill,Z,26,CRAIGHEAD,MEG,25-JAN-26 05:00:00,CST-6,25-JAN-26 09:00:00,0,0,0,0,0.00K,0.00K,ASOS,,,,,,,,,,,,,,,,,,,,,,"While the wintry precipitation created the initial impacts, it was the multi-day period of subfreezing temperatures that prolonged and, in many cases, worsened those impacts. The lack of meaningful thawing effectively extended the storm���s footprint from a 2���3 day event into a nearly week-long hazard across eastern Arkansas. Limited melting during the day and refreezing each night kept roads hazardous well beyond the end of precipitation, especially on secondary roads and bridges. Prolonged freezing temperatures increased the risk of burst pipes, particularly in homes and buildings without adequate insulation or during extended power outages. The duration of cold posed risks for hypothermia and exposure, especially for vulnerable populations.",Minimum wind chill of -1F reported.,CSV
202601,25,500,202601,25,900,210319,1313000,ARKANSAS,5,2026,January,Cold/Wind Chill,Z,28,MISSISSIPPI,MEG,25-JAN-26 05:00:00,CST-6,25-JAN-26 09:00:00,0,0,0,0,0.00K,0.00K,ASOS,,,,,,,,,,,,,,,,,,,,,,"While the wintry precipitation created the initial impacts, it was the multi-day period of subfreezing temperatures that prolonged and, in many cases, worsened those impacts. The lack of meaningful thawing effectively extended the storm���s footprint from a 2���3 day event into a nearly week-long hazard across eastern Arkansas. Limited melting during the day and refreezing each night kept roads hazardous well beyond the end of precipitation, especially on secondary roads and bridges. Prolonged freezing temperatures increased the risk of burst pipes, particularly in homes and buildings without adequate insulation or during extended power outages. The duration of cold posed risks for hypothermia and exposure, especially for vulnerable populations.",Minimum wind chill of -8F reported.,CSV
202601,25,500,202601,25,900,210319,1313001,ARKANSAS,5,2026,January,Cold/Wind Chill,Z,36,CRITTENDEN,MEG,25-JAN-26 05:00:00,CST-6,25-JAN-26 09:00:00,0,0,0,0,0.00K,0.00K,ASOS,,,,,,,,,,,,,,,,,,,,,,"While the wintry precipitation created the initial impacts, it was the multi-day period of subfreezing temperatures that prolonged and, in many cases, worsened those impacts. The lack of meaningful thawing effectively extended the storm���s footprint from a 2���3 day event into a nearly week-long hazard across eastern Arkansas. Limited melting during the day and refreezing each night kept roads hazardous well beyond the end of precipitation, especially on secondary roads and bridges. Prolonged freezing temperatures increased the risk of burst pipes, particularly in homes and buildings without adequate insulation or during extended power outages. The duration of cold posed risks for hypothermia and exposure, especially for vulnerable populations.",Minimum wind chill of 0F reported.,CSV
202601,1,0,202601,31,2359,210136,1310556,ARKANSAS,5,2026,January,Drought,Z,18,GREENE,MEG,01-JAN-26 00:00:00,CST-6,31-JAN-26 23:59:00,0,0,0,0,0.00K,0.00K,Drought Monitor,,,,,,,,,,,,,,,,,,,,,,"January featured multiple precipitation events, including rainfall and a significant winter storm (snow/ice) late in the month, which affected much of the Mid-South. These events contributed to short-term surface moisture gains. Despite these events, precipitation was not sufficient or consistent enough to fully eliminate long-term deficits, especially in areas that experienced prolonged dryness during fall 2025.",Greene county suffered D2 Severe Drought conditions in early January before worsening to D3 Extreme Drought conditions by the end of the month.,CSV
202601,1,0,202601,31,2359,210136,1310557,ARKANSAS,5,2026,January,Drought,Z,26,CRAIGHEAD,MEG,01-JAN-26 00:00:00,CST-6,31-JAN-26 23:59:00,0,0,0,0,0.00K,0.00K,Drought Monitor,,,,,,,,,,,,,,,,,,,,,,"January featured multiple precipitation events, including rainfall and a significant winter storm (snow/ice) late in the month, which affected much of the Mid-South. These events contributed to short-term surface moisture gains. Despite these events, precipitation was not sufficient or consistent enough to fully eliminate long-term deficits, especially in areas that experienced prolonged dryness during fall 2025.",Craighead county suffered D2 Severe Drought conditions in early January before worsening to D3 Extreme Drought conditions by the end of the month.,CSV
202601,1,0,202601,31,2359,210136,1310558,ARKANSAS,5,2026,January,Drought,Z,27,POINSETT,MEG,01-JAN-26 00:00:00,CST-6,31-JAN-26 23:59:00,0,0,0,0,0.00K,0.00K,Drought Monitor,,,,,,,,,,,,,,,,,,,,,,"January featured multiple precipitation events, including rainfall and a significant winter storm (snow/ice) late in the month, which affected much of the Mid-South. These events contributed to short-term surface moisture gains. Despite these events, precipitation was not sufficient or consistent enough to fully eliminate long-term deficits, especially in areas that experienced prolonged dryness during fall 2025.",Poinsett county suffered D2 Severe Drought conditions in early January before worsening to D3 Extreme Drought conditions by the end of the month.,CSV
202601,6,0,202601,31,2359,210136,1310559,ARKANSAS,5,2026,January,Drought,Z,35,CROSS,MEG,06-JAN-26 00:00:00,CST-6,31-JAN-26 23:59:00,0,0,0,0,0.00K,0.00K,Drought Monitor,,,,,,,,,,,,,,,,,,,,,,"January featured multiple precipitation events, including rainfall and a significant winter storm (snow/ice) late in the month, which affected much of the Mid-South. These events contributed to short-term surface moisture gains. Despite these events, precipitation was not sufficient or consistent enough to fully eliminate long-term deficits, especially in areas that experienced prolonged dryness during fall 2025.",Cross county suffered D2 Severe Drought conditions in early January before worsening to D3 Extreme Drought conditions in the northwest portion of the county by the end of the month.,CSV
202601,6,0,202601,31,2359,210136,1310560,ARKANSAS,5,2026,January,Drought,Z,9,CLAY,MEG,06-JAN-26 00:00:00,CST-6,31-JAN-26 23:59:00,0,0,0,0,0.00K,0.00K,Drought Monitor,,,,,,,,,,,,,,,,,,,,,,"January featured multiple precipitation events, including rainfall and a significant winter storm (snow/ice) late in the month, which affected much of the Mid-South. These events contributed to short-term surface moisture gains. Despite these events, precipitation was not sufficient or consistent enough to fully eliminate long-term deficits, especially in areas that experienced prolonged dryness during fall 2025.",Clay county suffered D2 Severe Drought conditions through the entire month of January.,CSV
202601,25,500,202601,25,900,210319,1313002,ARKANSAS,5,2026,January,Cold/Wind Chill,Z,27,POINSETT,MEG,25-JAN-26 05:00:00,CST-6,25-JAN-26 09:00:00,0,0,0,0,0.00K,0.00K,AWOS,,,,,,,,,,,,,,,,,,,,,,"While the wintry precipitation created the initial impacts, it was the multi-day period of subfreezing temperatures that prolonged and, in many cases, worsened those impacts. The lack of meaningful thawing effectively extended the storm���s footprint from a 2���3 day event into a nearly week-long hazard across eastern Arkansas. Limited melting during the day and refreezing each night kept roads hazardous well beyond the end of precipitation, especially on secondary roads and bridges. Prolonged freezing temperatures increased the risk of burst pipes, particularly in homes and buildings without adequate insulation or during extended power outages. The duration of cold posed risks for hypothermia and exposure, especially for vulnerable populations.",Minimum wind chill of -1F reported.,CSV
202601,25,500,202601,25,900,210319,1313003,ARKANSAS,5,2026,January,Cold/Wind Chill,Z,35,CROSS,MEG,25-JAN-26 05:00:00,CST-6,25-JAN-26 09:00:00,0,0,0,0,0.00K,0.00K,AWOS,,,,,,,,,,,,,,,,,,,,,,"While the wintry precipitation created the initial impacts, it was the multi-day period of subfreezing temperatures that prolonged and, in many cases, worsened those impacts. The lack of meaningful thawing effectively extended the storm���s footprint from a 2���3 day event into a nearly week-long hazard across eastern Arkansas. Limited melting during the day and refreezing each night kept roads hazardous well beyond the end of precipitation, especially on secondary roads and bridges. Prolonged freezing temperatures increased the risk of burst pipes, particularly in homes and buildings without adequate insulation or during extended power outages. The duration of cold posed risks for hypothermia and exposure, especially for vulnerable populations.",Minimum wind chill of -1F reported.,CSV
202601,25,500,202601,25,900,210319,1313004,ARKANSAS,5,2026,January,Cold/Wind Chill,Z,48,ST. FRANCIS,MEG,25-JAN-26 05:00:00,CST-6,25-JAN-26 09:00:00,0,0,0,0,0.00K,0.00K,AWOS,,,,,,,,,,,,,,,,,,,,,,"While the wintry precipitation created the initial impacts, it was the multi-day period of subfreezing temperatures that prolonged and, in many cases, worsened those impacts. The lack of meaningful thawing effectively extended the storm���s footprint from a 2���3 day event into a nearly week-long hazard across eastern Arkansas. Limited melting during the day and refreezing each night kept roads hazardous well beyond the end of precipitation, especially on secondary roads and bridges. Prolonged freezing temperatures increased the risk of burst pipes, particularly in homes and buildings without adequate insulation or during extended power outages. The duration of cold posed risks for hypothermia and exposure, especially for vulnerable populations.",Minimum wind chill of -1F reported.,CSV
202601,1,0,202601,31,2359,210136,1310562,ARKANSAS,5,2026,January,Drought,Z,28,MISSISSIPPI,MEG,01-JAN-26 00:00:00,CST-6,31-JAN-26 23:59:00,0,0,0,0,0.00K,0.00K,Drought Monitor,,,,,,,,,,,,,,,,,,,,,,"January featured multiple precipitation events, including rainfall and a significant winter storm (snow/ice) late in the month, which affected much of the Mid-South. These events contributed to short-term surface moisture gains. Despite these events, precipitation was not sufficient or consistent enough to fully eliminate long-term deficits, especially in areas that experienced prolonged dryness during fall 2025.","Mississippi county suffered D1 Moderate Drought in early January. On the January 13 Drought Monitor release, most of Mississippi county worsened to D2 Severe Drought Conditions. D2 Conditions persisted for the rest of the month.",CSV
202601,1,0,202601,31,2359,210136,1310563,ARKANSAS,5,2026,January,Drought,Z,58,PHILLIPS,MEG,01-JAN-26 00:00:00,CST-6,31-JAN-26 23:59:00,0,0,0,0,0.00K,0.00K,Drought Monitor,,,,,,,,,,,,,,,,,,,,,,"January featured multiple precipitation events, including rainfall and a significant winter storm (snow/ice) late in the month, which affected much of the Mid-South. These events contributed to short-term surface moisture gains. Despite these events, precipitation was not sufficient or consistent enough to fully eliminate long-term deficits, especially in areas that experienced prolonged dryness during fall 2025.","Phillips county suffered D1 Moderate Drought in early January. On the January 20 Drought Monitor release, most of southern Phillips county worsened to D2 Severe Drought Conditions. D2 Conditions persisted for the rest of the month.",CSV
202601,25,500,202601,25,900,210319,1313005,ARKANSAS,5,2026,January,Cold/Wind Chill,Z,49,LEE,MEG,25-JAN-26 05:00:00,CST-6,25-JAN-26 09:00:00,0,0,0,0,0.00K,0.00K,AWOS,,,,,,,,,,,,,,,,,,,,,,"While the wintry precipitation created the initial impacts, it was the multi-day period of subfreezing temperatures that prolonged and, in many cases, worsened those impacts. The lack of meaningful thawing effectively extended the storm���s footprint from a 2���3 day event into a nearly week-long hazard across eastern Arkansas. Limited melting during the day and refreezing each night kept roads hazardous well beyond the end of precipitation, especially on secondary roads and bridges. Prolonged freezing temperatures increased the risk of burst pipes, particularly in homes and buildings without adequate insulation or during extended power outages. The duration of cold posed risks for hypothermia and exposure, especially for vulnerable populations.",Minimum wind chill of 0F reported.,CSV
202601,26,500,202601,26,900,210319,1313006,ARKANSAS,5,2026,January,Cold/Wind Chill,Z,9,CLAY,MEG,26-JAN-26 05:00:00,CST-6,26-JAN-26 09:00:00,0,0,0,0,0.00K,0.00K,AWOS,,,,,,,,,,,,,,,,,,,,,,"While the wintry precipitation created the initial impacts, it was the multi-day period of subfreezing temperatures that prolonged and, in many cases, worsened those impacts. The lack of meaningful thawing effectively extended the storm���s footprint from a 2���3 day event into a nearly week-long hazard across eastern Arkansas. Limited melting during the day and refreezing each night kept roads hazardous well beyond the end of precipitation, especially on secondary roads and bridges. Prolonged freezing temperatures increased the risk of burst pipes, particularly in homes and buildings without adequate insulation or during extended power outages. The duration of cold posed risks for hypothermia and exposure, especially for vulnerable populations.",Minimum wind chill of -8F reported.,CSV
202601,26,500,202601,26,900,210319,1313007,ARKANSAS,5,2026,January,Cold/Wind Chill,Z,18,GREENE,MEG,26-JAN-26 05:00:00,CST-6,26-JAN-26 09:00:00,0,0,0,0,0.00K,0.00K,AWOS,,,,,,,,,,,,,,,,,,,,,,"While the wintry precipitation created the initial impacts, it was the multi-day period of subfreezing temperatures that prolonged and, in many cases, worsened those impacts. The lack of meaningful thawing effectively extended the storm���s footprint from a 2���3 day event into a nearly week-long hazard across eastern Arkansas. Limited melting during the day and refreezing each night kept roads hazardous well beyond the end of precipitation, especially on secondary roads and bridges. Prolonged freezing temperatures increased the risk of burst pipes, particularly in homes and buildings without adequate insulation or during extended power outages. The duration of cold posed risks for hypothermia and exposure, especially for vulnerable populations.",Minimum wind chill of -7F reported.,CSV
202601,26,500,202601,26,900,210319,1313008,ARKANSAS,5,2026,January,Cold/Wind Chill,Z,27,POINSETT,MEG,26-JAN-26 05:00:00,CST-6,26-JAN-26 09:00:00,0,0,0,0,0.00K,0.00K,AWOS,,,,,,,,,,,,,,,,,,,,,,"While the wintry precipitation created the initial impacts, it was the multi-day period of subfreezing temperatures that prolonged and, in many cases, worsened those impacts. The lack of meaningful thawing effectively extended the storm���s footprint from a 2���3 day event into a nearly week-long hazard across eastern Arkansas. Limited melting during the day and refreezing each night kept roads hazardous well beyond the end of precipitation, especially on secondary roads and bridges. Prolonged freezing temperatures increased the risk of burst pipes, particularly in homes and buildings without adequate insulation or during extended power outages. The duration of cold posed risks for hypothermia and exposure, especially for vulnerable populations.",Minimum wind chill of -5F reported.,CSV
202601,26,500,202601,26,900,210319,1313009,ARKANSAS,5,2026,January,Cold/Wind Chill,Z,35,CROSS,MEG,26-JAN-26 05:00:00,CST-6,26-JAN-26 09:00:00,0,0,0,0,0.00K,0.00K,AWOS,,,,,,,,,,,,,,,,,,,,,,"While the wintry precipitation created the initial impacts, it was the multi-day period of subfreezing temperatures that prolonged and, in many cases, worsened those impacts. The lack of meaningful thawing effectively extended the storm���s footprint from a 2���3 day event into a nearly week-long hazard across eastern Arkansas. Limited melting during the day and refreezing each night kept roads hazardous well beyond the end of precipitation, especially on secondary roads and bridges. Prolonged freezing temperatures increased the risk of burst pipes, particularly in homes and buildings without adequate insulation or during extended power outages. The duration of cold posed risks for hypothermia and exposure, especially for vulnerable populations.",Minimum wind chill of -4F reported.,CSV
202601,26,500,202601,26,900,210319,1313011,ARKANSAS,5,2026,January,Cold/Wind Chill,Z,48,ST. FRANCIS,MEG,26-JAN-26 05:00:00,CST-6,26-JAN-26 09:00:00,0,0,0,0,0.00K,0.00K,AWOS,,,,,,,,,,,,,,,,,,,,,,"While the wintry precipitation created the initial impacts, it was the multi-day period of subfreezing temperatures that prolonged and, in many cases, worsened those impacts. The lack of meaningful thawing effectively extended the storm���s footprint from a 2���3 day event into a nearly week-long hazard across eastern Arkansas. Limited melting during the day and refreezing each night kept roads hazardous well beyond the end of precipitation, especially on secondary roads and bridges. Prolonged freezing temperatures increased the risk of burst pipes, particularly in homes and buildings without adequate insulation or during extended power outages. The duration of cold posed risks for hypothermia and exposure, especially for vulnerable populations.",Minimum wind chill of -5F reported.,CSV
202602,12,0,202602,28,2359,211181,1319449,ARKANSAS,5,2026,February,Drought,Z,72,COLUMBIA,SHV,12-FEB-26 00:00:00,CST-6,28-FEB-26 23:59:00,0,0,0,0,0.00K,0.00K,Drought Monitor,,,,,,,,,,,,,,,,,,,,,,"Persistently dry conditions coupled with much above normal temperatures from Fall 2025 into Winter 2026 led to the development of severe (D2) drought conditions from the U.S. Drought Monitor across Columbia County in Southwest Arkansas by the second week of February, which persisted through the end of the month. Rainfall amounts during February only tallied to 1.00-2.00 inches, which was only half or less the normal amount of rainfall for the month. Coupled with the consistently below normal rain observed since Fall 2025, considerable hardships from area agricultural producers developed, as pastures had become dormant early, forcing farmers to provide hay and other supplemental feed much earlier than normal, as well as water as multiple ponds had dried up. An increase in wildfires were also observed, with the above normal temperatures continuing the drying of fuels. Streamflow from area creeks and bayous also fell below to much below normal as well.",,CSV
202601,26,500,202601,26,900,210319,1313012,ARKANSAS,5,2026,January,Cold/Wind Chill,Z,49,LEE,MEG,26-JAN-26 05:00:00,CST-6,26-JAN-26 09:00:00,0,0,0,0,0.00K,0.00K,AWOS,,,,,,,,,,,,,,,,,,,,,,"While the wintry precipitation created the initial impacts, it was the multi-day period of subfreezing temperatures that prolonged and, in many cases, worsened those impacts. The lack of meaningful thawing effectively extended the storm���s footprint from a 2���3 day event into a nearly week-long hazard across eastern Arkansas. Limited melting during the day and refreezing each night kept roads hazardous well beyond the end of precipitation, especially on secondary roads and bridges. Prolonged freezing temperatures increased the risk of burst pipes, particularly in homes and buildings without adequate insulation or during extended power outages. The duration of cold posed risks for hypothermia and exposure, especially for vulnerable populations.",Minimum wind chill of -3F reported.,CSV
202601,26,500,202601,26,900,210319,1313013,ARKANSAS,5,2026,January,Cold/Wind Chill,Z,58,PHILLIPS,MEG,26-JAN-26 05:00:00,CST-6,26-JAN-26 09:00:00,0,0,0,0,0.00K,0.00K,AWOS,,,,,,,,,,,,,,,,,,,,,,"While the wintry precipitation created the initial impacts, it was the multi-day period of subfreezing temperatures that prolonged and, in many cases, worsened those impacts. The lack of meaningful thawing effectively extended the storm���s footprint from a 2���3 day event into a nearly week-long hazard across eastern Arkansas. Limited melting during the day and refreezing each night kept roads hazardous well beyond the end of precipitation, especially on secondary roads and bridges. Prolonged freezing temperatures increased the risk of burst pipes, particularly in homes and buildings without adequate insulation or during extended power outages. The duration of cold posed risks for hypothermia and exposure, especially for vulnerable populations.",Minimum wind chill of 0F reported.,CSV
202601,26,500,202601,26,900,210319,1313014,ARKANSAS,5,2026,January,Cold/Wind Chill,Z,26,CRAIGHEAD,MEG,26-JAN-26 05:00:00,CST-6,26-JAN-26 09:00:00,0,0,0,0,0.00K,0.00K,ASOS,,,,,,,,,,,,,,,,,,,,,,"While the wintry precipitation created the initial impacts, it was the multi-day period of subfreezing temperatures that prolonged and, in many cases, worsened those impacts. The lack of meaningful thawing effectively extended the storm���s footprint from a 2���3 day event into a nearly week-long hazard across eastern Arkansas. Limited melting during the day and refreezing each night kept roads hazardous well beyond the end of precipitation, especially on secondary roads and bridges. Prolonged freezing temperatures increased the risk of burst pipes, particularly in homes and buildings without adequate insulation or during extended power outages. The duration of cold posed risks for hypothermia and exposure, especially for vulnerable populations.",Minimum wind chill of -6F reported.,CSV
202601,26,500,202601,26,900,210319,1313015,ARKANSAS,5,2026,January,Cold/Wind Chill,Z,28,MISSISSIPPI,MEG,26-JAN-26 05:00:00,CST-6,26-JAN-26 09:00:00,0,0,0,0,0.00K,0.00K,ASOS,,,,,,,,,,,,,,,,,,,,,,"While the wintry precipitation created the initial impacts, it was the multi-day period of subfreezing temperatures that prolonged and, in many cases, worsened those impacts. The lack of meaningful thawing effectively extended the storm���s footprint from a 2���3 day event into a nearly week-long hazard across eastern Arkansas. Limited melting during the day and refreezing each night kept roads hazardous well beyond the end of precipitation, especially on secondary roads and bridges. Prolonged freezing temperatures increased the risk of burst pipes, particularly in homes and buildings without adequate insulation or during extended power outages. The duration of cold posed risks for hypothermia and exposure, especially for vulnerable populations.",Minimum wind chill of -9F reported.,CSV
202601,26,500,202601,26,900,210319,1313016,ARKANSAS,5,2026,January,Cold/Wind Chill,Z,36,CRITTENDEN,MEG,26-JAN-26 05:00:00,CST-6,26-JAN-26 09:00:00,0,0,0,0,0.00K,0.00K,ASOS,,,,,,,,,,,,,,,,,,,,,,"While the wintry precipitation created the initial impacts, it was the multi-day period of subfreezing temperatures that prolonged and, in many cases, worsened those impacts. The lack of meaningful thawing effectively extended the storm���s footprint from a 2���3 day event into a nearly week-long hazard across eastern Arkansas. Limited melting during the day and refreezing each night kept roads hazardous well beyond the end of precipitation, especially on secondary roads and bridges. Prolonged freezing temperatures increased the risk of burst pipes, particularly in homes and buildings without adequate insulation or during extended power outages. The duration of cold posed risks for hypothermia and exposure, especially for vulnerable populations.",Minimum wind chill of -3F reported.,CSV
202601,27,500,202601,27,900,210319,1313112,ARKANSAS,5,2026,January,Cold/Wind Chill,Z,9,CLAY,MEG,27-JAN-26 05:00:00,CST-6,27-JAN-26 09:00:00,0,0,0,0,0.00K,0.00K,AWOS,,,,,,,,,,,,,,,,,,,,,,"While the wintry precipitation created the initial impacts, it was the multi-day period of subfreezing temperatures that prolonged and, in many cases, worsened those impacts. The lack of meaningful thawing effectively extended the storm���s footprint from a 2���3 day event into a nearly week-long hazard across eastern Arkansas. Limited melting during the day and refreezing each night kept roads hazardous well beyond the end of precipitation, especially on secondary roads and bridges. Prolonged freezing temperatures increased the risk of burst pipes, particularly in homes and buildings without adequate insulation or during extended power outages. The duration of cold posed risks for hypothermia and exposure, especially for vulnerable populations.",Minimum wind chill value of -1F recorded.,CSV
