BEGIN_YEARMONTH,BEGIN_DAY,BEGIN_TIME,END_YEARMONTH,END_DAY,END_TIME,EPISODE_ID,EVENT_ID,STATE,STATE_FIPS,YEAR,MONTH_NAME,EVENT_TYPE,CZ_TYPE,CZ_FIPS,CZ_NAME,WFO,BEGIN_DATE_TIME,CZ_TIMEZONE,END_DATE_TIME,INJURIES_DIRECT,INJURIES_INDIRECT,DEATHS_DIRECT,DEATHS_INDIRECT,DAMAGE_PROPERTY,DAMAGE_CROPS,SOURCE,MAGNITUDE,MAGNITUDE_TYPE,FLOOD_CAUSE,CATEGORY,TOR_F_SCALE,TOR_LENGTH,TOR_WIDTH,TOR_OTHER_WFO,TOR_OTHER_CZ_STATE,TOR_OTHER_CZ_FIPS,TOR_OTHER_CZ_NAME,BEGIN_RANGE,BEGIN_AZIMUTH,BEGIN_LOCATION,END_RANGE,END_AZIMUTH,END_LOCATION,BEGIN_LAT,BEGIN_LON,END_LAT,END_LON,EPISODE_NARRATIVE,EVENT_NARRATIVE,DATA_SOURCE
202601,24,2100,202601,25,1900,209243,1303835,INDIANA,18,2026,January,Winter Weather,Z,7,STEUBEN,IWX,24-JAN-26 21:00:00,EST-5,25-JAN-26 19:00:00,0,0,0,0,0.00K,0.00K,CoCoRaHS,,,,,,,,,,,,,,,,,,,,,,A long duration snow event produced 4 to 12 inches of fluffy snow accumulation late January 24th into January 25th.,Snow developed during the evening hours of January 24th and continued through the early evening hours of January 25th. The snow accumulated to between 4 and 6 inches and was fluffy in nature as temperatures were in the single digits and teens. Roads were snow covered and slick with reports of accidents and slide-offs across the region.,CSV
202601,24,2100,202601,25,1900,209243,1303836,INDIANA,18,2026,January,Winter Weather,Z,6,LAGRANGE,IWX,24-JAN-26 21:00:00,EST-5,25-JAN-26 19:00:00,0,0,0,0,0.00K,0.00K,CoCoRaHS,,,,,,,,,,,,,,,,,,,,,,A long duration snow event produced 4 to 12 inches of fluffy snow accumulation late January 24th into January 25th.,Snow developed during the evening hours of January 24th and continued through the early evening hours of January 25th. The snow accumulated to between 4 and 6 inches and was fluffy in nature as temperatures were in the single digits and teens. Roads were snow covered and slick with reports of accidents and slide-offs across the region.,CSV
202601,24,2000,202601,25,1800,209243,1303837,INDIANA,18,2026,January,Winter Weather,Z,5,ELKHART,IWX,24-JAN-26 20:00:00,EST-5,25-JAN-26 18:00:00,0,0,0,0,0.00K,0.00K,CoCoRaHS,,,,,,,,,,,,,,,,,,,,,,A long duration snow event produced 4 to 12 inches of fluffy snow accumulation late January 24th into January 25th.,Snow developed during the evening hours of January 24th and continued through the early evening hours of January 25th. The snow accumulated to between 4 and 6 inches and was fluffy in nature as temperatures were in the single digits and teens. Roads were snow covered and slick with reports of accidents and slide-offs across the region.,CSV
202601,24,2000,202601,25,1800,209243,1303838,INDIANA,18,2026,January,Winter Weather,Z,104,EASTERN ST. JOSEPH COUNTY,IWX,24-JAN-26 20:00:00,EST-5,25-JAN-26 18:00:00,0,0,0,0,0.00K,0.00K,CoCoRaHS,,,,,,,,,,,,,,,,,,,,,,A long duration snow event produced 4 to 12 inches of fluffy snow accumulation late January 24th into January 25th.,Snow developed during the evening hours of January 24th and continued through the early evening hours of January 25th. The snow accumulated to between 3 and 4 inches and was fluffy in nature as temperatures were in the single digits and teens. Roads were snow covered and slick with reports of accidents and slide-offs across the region.,CSV
202601,24,2000,202601,25,1800,209243,1303840,INDIANA,18,2026,January,Winter Weather,Z,204,WESTERN ST. JOSEPH COUNTY,IWX,24-JAN-26 20:00:00,EST-5,25-JAN-26 18:00:00,0,0,0,0,0.00K,0.00K,CoCoRaHS,,,,,,,,,,,,,,,,,,,,,,A long duration snow event produced 4 to 12 inches of fluffy snow accumulation late January 24th into January 25th.,Snow developed during the evening hours of January 24th and continued through the early evening hours of January 25th. The snow accumulated to between 3 and 4 inches and was fluffy in nature as temperatures were in the single digits and teens. Roads were snow covered and slick with reports of accidents and slide-offs across the region.,CSV
202601,24,1900,202601,25,1700,209243,1303844,INDIANA,18,2026,January,Winter Weather,Z,103,NORTHERN LA PORTE COUNTY,IWX,24-JAN-26 19:00:00,CST-6,25-JAN-26 17:00:00,0,0,0,0,0.00K,0.00K,CoCoRaHS,,,,,,,,,,,,,,,,,,,,,,A long duration snow event produced 4 to 12 inches of fluffy snow accumulation late January 24th into January 25th.,Snow developed during the evening hours of January 24th and continued through the early evening hours of January 25th. The snow accumulated to between 3 and 4 inches and was fluffy in nature as temperatures were in the single digits and teens. Roads were snow covered and slick with reports of accidents and slide-offs across the region.,CSV
202601,24,1900,202601,25,1700,209243,1303845,INDIANA,18,2026,January,Winter Weather,Z,203,SOUTHERN LA PORTE COUNTY,IWX,24-JAN-26 19:00:00,CST-6,25-JAN-26 17:00:00,0,0,0,0,0.00K,0.00K,CoCoRaHS,,,,,,,,,,,,,,,,,,,,,,A long duration snow event produced 4 to 12 inches of fluffy snow accumulation late January 24th into January 25th.,Snow developed during the evening hours of January 24th and continued through the early evening hours of January 25th. The snow accumulated to between 3 and 4 inches and was fluffy in nature as temperatures were in the single digits and teens. Roads were snow covered and slick with reports of accidents and slide-offs across the region.,CSV
202601,24,1800,202601,25,1700,209243,1303846,INDIANA,18,2026,January,Winter Weather,Z,12,STARKE,IWX,24-JAN-26 18:00:00,EST-5,25-JAN-26 17:00:00,0,0,0,0,0.00K,0.00K,CoCoRaHS,,,,,,,,,,,,,,,,,,,,,,A long duration snow event produced 4 to 12 inches of fluffy snow accumulation late January 24th into January 25th.,Snow developed during the evening hours of January 24th and continued through the early evening hours of January 25th. The snow accumulated to between 3 and 5 inches and was fluffy in nature as temperatures were in the single digits and teens. Roads were snow covered and slick with reports of accidents and slide-offs across the region.,CSV
202601,24,1800,202601,25,1700,209243,1303852,INDIANA,18,2026,January,Winter Weather,Z,13,PULASKI,IWX,24-JAN-26 18:00:00,EST-5,25-JAN-26 17:00:00,0,0,0,0,0.00K,0.00K,CoCoRaHS,,,,,,,,,,,,,,,,,,,,,,A long duration snow event produced 4 to 12 inches of fluffy snow accumulation late January 24th into January 25th.,Snow developed during the evening hours of January 24th and continued through the early evening hours of January 25th. The snow accumulated to between 4 and 6 inches and was fluffy in nature as temperatures were in the single digits and teens. Roads were snow covered and slick with reports of accidents and slide-offs across the region.,CSV
202601,24,1800,202601,25,1700,209243,1303853,INDIANA,18,2026,January,Winter Weather,Z,20,WHITE,IWX,24-JAN-26 18:00:00,EST-5,25-JAN-26 17:00:00,0,0,0,0,0.00K,0.00K,CoCoRaHS,,,,,,,,,,,,,,,,,,,,,,A long duration snow event produced 4 to 12 inches of fluffy snow accumulation late January 24th into January 25th.,Snow developed during the evening hours of January 24th and continued through the early evening hours of January 25th. The snow accumulated to between 5 and 6 inches and was fluffy in nature as temperatures were in the single digits and teens. Roads were snow covered and slick with reports of accidents and slide-offs across the region.,CSV
202601,24,1130,202601,25,2000,210224,1311179,INDIANA,18,2026,January,Winter Storm,Z,78,SCOTT,LMK,24-JAN-26 11:30:00,EST-5,25-JAN-26 20:00:00,0,0,0,0,,,Public,,,,,,,,,,,,,,,,,,,,,,"A major winter storm produced heavy snow and sleet accumulation in southern Indiana January 24-26, 2026. A strong low pressure system moved through the Ohio Valley. The storm featured strong frontogenetical forcing in the mid-levels of the atmosphere, which led to heavy snowfall rates and banding. A layer of warm air aloft streamed northward through central Kentucky and into far southern Indiana, changing precipitation over to sleet for a short period of time in some counties. The winter storm dropped a swath of heavy snow and sleet totaling 6 to 13 inches across southern Indiana. A frigid airmass moved in following the storm, contributing to enhanced societal impact due to a combination of snow-covered roads and dangerously cold wind chills. The impact of this winter storm was felt for weeks following the event.",Heavy snow and sleet totaling 8 to 11 inches fell across Scott County.,CSV
202601,24,1200,202601,25,2000,210224,1311181,INDIANA,18,2026,January,Winter Storm,Z,79,JEFFERSON,LMK,24-JAN-26 12:00:00,EST-5,25-JAN-26 20:00:00,0,0,0,0,,,CoCoRaHS,,,,,,,,,,,,,,,,,,,,,,"A major winter storm produced heavy snow and sleet accumulation in southern Indiana January 24-26, 2026. A strong low pressure system moved through the Ohio Valley. The storm featured strong frontogenetical forcing in the mid-levels of the atmosphere, which led to heavy snowfall rates and banding. A layer of warm air aloft streamed northward through central Kentucky and into far southern Indiana, changing precipitation over to sleet for a short period of time in some counties. The winter storm dropped a swath of heavy snow and sleet totaling 6 to 13 inches across southern Indiana. A frigid airmass moved in following the storm, contributing to enhanced societal impact due to a combination of snow-covered roads and dangerously cold wind chills. The impact of this winter storm was felt for weeks following the event.",Heavy snow and sleet totaling 9 to 12 inches fell in Jefferson County.,CSV
202601,14,900,202601,15,1000,209136,1303016,INDIANA,18,2026,January,Lake-Effect Snow,Z,204,WESTERN ST. JOSEPH COUNTY,IWX,14-JAN-26 09:00:00,EST-5,15-JAN-26 10:00:00,0,0,0,0,0.00K,0.00K,COOP Observer,,,,,,,,,,,,,,,,,,,,,,"An intense lake effect snow band produced dangerous travel and near whiteout conditions. Snowfall totals exceeded a foot in portions of Marshall, St. Joseph and eastern La Porte counties.","A single band of heavy lake effect developed behind an arctic front during the morning hours of January 14th, becoming nearly stationary and intensifying during the late afternoon through early morning hours of January 15th. Snowfall rates of more than 2 inches per hour were reported with near zero visibility. Snowfall totals across the country were generally greater than a foot, with a report of 13.0 inches in New Carlisle. There were innumerous slide-offs and crashes, with multi-vehicle crashes on the Indiana Toll Road.",CSV
202601,14,900,202601,15,1000,209136,1303017,INDIANA,18,2026,January,Lake-Effect Snow,Z,104,EASTERN ST. JOSEPH COUNTY,IWX,14-JAN-26 09:00:00,EST-5,15-JAN-26 10:00:00,0,0,0,0,0.00K,0.00K,Official NWS Observations,,,,,,,,,,,,,,,,,,,,,,"An intense lake effect snow band produced dangerous travel and near whiteout conditions. Snowfall totals exceeded a foot in portions of Marshall, St. Joseph and eastern La Porte counties.","A single band of heavy lake effect developed behind an arctic front during the morning hours of January 14th, becoming nearly stationary and intensifying during the late afternoon through early morning hours of January 15th. Snowfall rates of more than 2 inches per hour were reported with near zero visibility. Snowfall totals across the country were generally greater than a foot, with a report of 16.6 inches 1 mile northeast of Georgetown. There were innumerous slide-offs and crashes, with multi-vehicle crashes on the Indiana Toll Road.",CSV
202601,14,900,202601,15,1000,209136,1303018,INDIANA,18,2026,January,Lake-Effect Snow,Z,103,NORTHERN LA PORTE COUNTY,IWX,14-JAN-26 09:00:00,CST-6,15-JAN-26 10:00:00,0,0,0,0,0.00K,0.00K,CoCoRaHS,,,,,,,,,,,,,,,,,,,,,,"An intense lake effect snow band produced dangerous travel and near whiteout conditions. Snowfall totals exceeded a foot in portions of Marshall, St. Joseph and eastern La Porte counties.","A single band of heavy lake effect developed behind an arctic front during the morning hours of January 14th, becoming nearly stationary and intensifying during the late evening of January 14th into the early morning hours of January 15th. Snowfall rates of more than 2 inches per hour were reported with near zero visibility. Snowfall totals across the country were generally greater than a foot, with a report of 20.0 inches 3 miles north-northeast of Fish Lake. There were innumerous slide-offs and crashes, with multi-vehicle crashes on the Indiana Toll Road.",CSV
202601,14,900,202601,15,1000,209136,1303019,INDIANA,18,2026,January,Lake-Effect Snow,Z,203,SOUTHERN LA PORTE COUNTY,IWX,14-JAN-26 09:00:00,CST-6,15-JAN-26 10:00:00,0,0,0,0,0.00K,0.00K,CoCoRaHS,,,,,,,,,,,,,,,,,,,,,,"An intense lake effect snow band produced dangerous travel and near whiteout conditions. Snowfall totals exceeded a foot in portions of Marshall, St. Joseph and eastern La Porte counties.","A single band of heavy lake effect developed behind an arctic front during the morning hours of January 14th, becoming nearly stationary and intensifying during the late evening of January 14th into the early morning hours of January 15th. Snowfall rates of more than 2 inches per hour were reported with near zero visibility. Snowfall totals across generally ranged between 6 and 14 inches. There were innumerous slide-offs and crashes.",CSV
202601,14,900,202601,15,1000,209136,1303020,INDIANA,18,2026,January,Lake-Effect Snow,Z,12,STARKE,IWX,14-JAN-26 09:00:00,EST-5,15-JAN-26 10:00:00,0,0,0,0,0.00K,0.00K,Public,,,,,,,,,,,,,,,,,,,,,,"An intense lake effect snow band produced dangerous travel and near whiteout conditions. Snowfall totals exceeded a foot in portions of Marshall, St. Joseph and eastern La Porte counties.","A single band of heavy lake effect developed behind an arctic front during the morning hours of January 14th, becoming nearly stationary and intensifying during the late evening of January 14th into the early morning hours of January 15th. Snowfall rates of more than 2 inches per hour were reported with near zero visibility. Snowfall totals across generally ranged between 6 and 10 inches, with a report of 7.0 inches in Ober. There were innumerous slide-offs and crashes.",CSV
202601,24,2000,202601,25,1900,209243,1303815,INDIANA,18,2026,January,Winter Storm,Z,34,JAY,IWX,24-JAN-26 20:00:00,EST-5,25-JAN-26 19:00:00,0,0,0,0,0.00K,0.00K,Public,,,,,,,,,,,,,,,,,,,,,,A long duration snow event produced 4 to 12 inches of fluffy snow accumulation late January 24th into January 25th.,"Snow, moderate to heavy at times, developed during the evening hours of January 24th and continued through the early evening hours of January 25th. The snow accumulated to between 8 and 12 inches and was fluffy in nature as temperatures were in the single digits and teens. There was a report of 12.0 inches of total snow accumulation in New Mt Pleasant. Roads were snow covered and slick with numerous reports of accidents and slide-offs across the region.",CSV
202601,24,2000,202601,25,1900,209243,1303816,INDIANA,18,2026,January,Winter Storm,Z,33,BLACKFORD,IWX,24-JAN-26 20:00:00,EST-5,25-JAN-26 19:00:00,0,0,0,0,0.00K,0.00K,Public,,,,,,,,,,,,,,,,,,,,,,A long duration snow event produced 4 to 12 inches of fluffy snow accumulation late January 24th into January 25th.,"Snow, moderate to heavy at times, developed during the evening hours of January 24th and continued through the early evening hours of January 25th. The snow accumulated to between 8 and 12 inches and was fluffy in nature as temperatures were in the single digits and teens. Roads were snow covered and slick with numerous reports of accidents and slide-offs across the region.",CSV
202601,24,2000,202601,25,1900,209243,1303819,INDIANA,18,2026,January,Winter Storm,Z,27,ADAMS,IWX,24-JAN-26 20:00:00,EST-5,25-JAN-26 19:00:00,0,0,0,0,0.00K,0.00K,Trained Spotter,,,,,,,,,,,,,,,,,,,,,,A long duration snow event produced 4 to 12 inches of fluffy snow accumulation late January 24th into January 25th.,"Snow, moderate to heavy at times, developed during the evening hours of January 24th and continued through the early evening hours of January 25th. The snow accumulated to between 8 and 10 inches and was fluffy in nature as temperatures were in the single digits and teens. Roads were snow covered and slick with numerous reports of accidents and slide-offs across the region.",CSV
202601,24,2000,202601,25,1900,209243,1303820,INDIANA,18,2026,January,Winter Storm,Z,26,WELLS,IWX,24-JAN-26 20:00:00,EST-5,25-JAN-26 19:00:00,0,0,0,0,0.00K,0.00K,Public,,,,,,,,,,,,,,,,,,,,,,A long duration snow event produced 4 to 12 inches of fluffy snow accumulation late January 24th into January 25th.,"Snow, moderate to heavy at times, developed during the evening hours of January 24th and continued through the early evening hours of January 25th. The snow accumulated to between 7 and 10 inches and was fluffy in nature as temperatures were in the single digits and teens. There was a report of 7.9 inches 4 miles north-northwest of Uniondale. Roads were snow covered and slick with numerous reports of accidents and slide-offs across the region.",CSV
202601,25,2100,202601,26,500,209672,1307420,INDIANA,18,2026,January,Lake-Effect Snow,Z,103,NORTHERN LA PORTE COUNTY,IWX,25-JAN-26 21:00:00,CST-6,26-JAN-26 05:00:00,0,0,0,0,0.00K,0.00K,Broadcast Media,,,,,,,,,,,,,,,,,,,,,,An intense band of lake effect snow produced near whiteout conditions and 2 to 4 inch per hour snowfall rates during the late evening hours of January 25th into the morning of January 26th.,"A slow moving, lake effect snow band produced treacherous, nearly impossible travel due to intense snowfall rates and near zero visibility late January 25th into the morning hours of January 26th. Snowfall rates of 2 to 4 inches per hour were reported, with snowfall totals generally ranging between 8 and 14 inches across the county. There was a report of 12.4 inches of total snow accumulation 3 miles north-northeast of Fish Lake. Numerous schools and businesses were closed on January 26th with reports of slide-offs and accidents on area roads.",CSV
202601,25,2100,202601,26,500,209672,1307422,INDIANA,18,2026,January,Lake-Effect Snow,Z,203,SOUTHERN LA PORTE COUNTY,IWX,25-JAN-26 21:00:00,CST-6,26-JAN-26 05:00:00,0,0,0,0,0.00K,0.00K,Broadcast Media,,,,,,,,,,,,,,,,,,,,,,An intense band of lake effect snow produced near whiteout conditions and 2 to 4 inch per hour snowfall rates during the late evening hours of January 25th into the morning of January 26th.,"A slow moving, lake effect snow band produced treacherous, nearly impossible travel due to intense snowfall rates and near zero visibility late January 25th into the morning hours of January 26th. Snowfall rates of 2 to 4 inches per hour were reported, with snowfall totals generally ranging between 6 and 12 inches. Numerous schools and businesses were closed on January 26th with reports of slide-offs and accidents on area roads.",CSV
202601,14,1000,202601,15,500,209136,1303021,INDIANA,18,2026,January,Lake-Effect Snow,Z,14,MARSHALL,IWX,14-JAN-26 10:00:00,EST-5,15-JAN-26 05:00:00,0,0,0,0,0.00K,0.00K,Public,,,,,,,,,,,,,,,,,,,,,,"An intense lake effect snow band produced dangerous travel and near whiteout conditions. Snowfall totals exceeded a foot in portions of Marshall, St. Joseph and eastern La Porte counties.","A single band of heavy lake effect developed behind an arctic front during the morning hours of January 14th, becoming nearly stationary and intensifying during the late afternoon through early morning hours of January 15th. Snowfall rates of more than 2 inches per hour were reported with near zero visibility. Snowfall totals across the country generally ranged between 6 and 15 inches, with a report of 15.0 inches in Bourbon. There were innumerous slide-offs and crashes across the region.",CSV
202601,14,1000,202601,15,500,209136,1303022,INDIANA,18,2026,January,Lake-Effect Snow,Z,216,SOUTHERN KOSCIUSKO COUNTY,IWX,14-JAN-26 10:00:00,EST-5,15-JAN-26 05:00:00,0,0,0,0,0.00K,0.00K,Public,,,,,,,,,,,,,,,,,,,,,,"An intense lake effect snow band produced dangerous travel and near whiteout conditions. Snowfall totals exceeded a foot in portions of Marshall, St. Joseph and eastern La Porte counties.","A single band of heavy lake effect developed behind an arctic front during the morning hours of January 14th, becoming nearly stationary and intensifying during the late afternoon through early morning hours of January 15th into southwest Kosciusko County. Snowfall rates of more than 2 inches per hour were reported with near zero visibility. Snowfall totals across the country generally ranged between 5 and 12 inches, with a report of 10.0 in Mentone. There were innumerous slide-offs and crashes across the region.",CSV
202601,14,1000,202601,15,500,209136,1303023,INDIANA,18,2026,January,Lake-Effect Snow,Z,15,FULTON,IWX,14-JAN-26 10:00:00,EST-5,15-JAN-26 05:00:00,0,0,0,0,0.00K,0.00K,Public,,,,,,,,,,,,,,,,,,,,,,"An intense lake effect snow band produced dangerous travel and near whiteout conditions. Snowfall totals exceeded a foot in portions of Marshall, St. Joseph and eastern La Porte counties.","A single band of heavy lake effect developed behind an arctic front during the morning hours of January 14th, becoming nearly stationary and intensifying during the late afternoon through early morning hours of January 15th. Snowfall rates of more than 2 inches per hour were reported with near zero visibility. Snowfall totals across the country generally ranged between 5 and 10 inches, with a report of 7.0 inches in Rochester. There were innumerous slide-offs and crashes across the region.",CSV
202601,14,1100,202601,15,500,209136,1303024,INDIANA,18,2026,January,Lake-Effect Snow,Z,24,WABASH,IWX,14-JAN-26 11:00:00,EST-5,15-JAN-26 05:00:00,0,0,0,0,0.00K,0.00K,Emergency Manager,,,,,,,,,,,,,,,,,,,,,,"An intense lake effect snow band produced dangerous travel and near whiteout conditions. Snowfall totals exceeded a foot in portions of Marshall, St. Joseph and eastern La Porte counties.","A single band of heavy lake effect developed behind an arctic front during the morning hours of January 14th, becoming nearly stationary and intensifying during the late afternoon through early morning hours of January 15th. Snowfall rates of more than 2 inches per hour were reported with near zero visibility. Snowfall totals across the country generally ranged between 4 and 8 inches, with a report of 7.0 inches in Wabash. There were innumerous slide-offs and crashes across the region.",CSV
202601,24,2000,202601,25,1900,209243,1303821,INDIANA,18,2026,January,Winter Storm,Z,25,HUNTINGTON,IWX,24-JAN-26 20:00:00,EST-5,25-JAN-26 19:00:00,0,0,0,0,0.00K,0.00K,Trained Spotter,,,,,,,,,,,,,,,,,,,,,,A long duration snow event produced 4 to 12 inches of fluffy snow accumulation late January 24th into January 25th.,"Snow, moderate to heavy at times, developed during the evening hours of January 24th and continued through the early evening hours of January 25th. The snow accumulated to between 7 and 10 inches and was fluffy in nature as temperatures were in the single digits and teens. There was a report of 7.6 inches in Huntington. Roads were snow covered and slick with numerous reports of accidents and slide-offs across the region.",CSV
202601,24,2000,202601,25,1900,209243,1303822,INDIANA,18,2026,January,Winter Storm,Z,17,WHITLEY,IWX,24-JAN-26 20:00:00,EST-5,25-JAN-26 19:00:00,0,0,0,0,0.00K,0.00K,Trained Spotter,,,,,,,,,,,,,,,,,,,,,,A long duration snow event produced 4 to 12 inches of fluffy snow accumulation late January 24th into January 25th.,"Snow, moderate to heavy at times, developed during the evening hours of January 24th and continued through the early evening hours of January 25th. The snow accumulated to between 7 and 10 inches and was fluffy in nature as temperatures were in the single digits and teens. There was a report of 9.5 inches 1 mile southeast of Big Lake. Roads were snow covered and slick with numerous reports of accidents and slide-offs across the region.",CSV
202601,24,2100,202601,25,1900,209243,1303825,INDIANA,18,2026,January,Winter Storm,Z,8,NOBLE,IWX,24-JAN-26 21:00:00,EST-5,25-JAN-26 19:00:00,0,0,0,0,0.00K,0.00K,Trained Spotter,,,,,,,,,,,,,,,,,,,,,,A long duration snow event produced 4 to 12 inches of fluffy snow accumulation late January 24th into January 25th.,"Snow, moderate to heavy at times, developed during the evening hours of January 24th and continued through the early evening hours of January 25th. The snow accumulated to between 7 and 9 inches and was fluffy in nature as temperatures were in the single digits and teens. Roads were snow covered and slick with numerous reports of accidents and slide-offs across the region.",CSV
202601,24,2000,202601,25,1800,209243,1303826,INDIANA,18,2026,January,Winter Storm,Z,116,NORTHERN KOSCIUSKO COUNTY,IWX,24-JAN-26 20:00:00,EST-5,25-JAN-26 18:00:00,0,0,0,0,0.00K,0.00K,Official NWS Observations,,,,,,,,,,,,,,,,,,,,,,A long duration snow event produced 4 to 12 inches of fluffy snow accumulation late January 24th into January 25th.,"Snow, moderate to heavy at times, developed during the evening hours of January 24th and continued through the early evening hours of January 25th. The snow accumulated to between 6 and 8 inches and was fluffy in nature as temperatures were in the single digits and teens. There was a report of 7.4 inches 2 miles south-southeast of James Lake. Roads were snow covered and slick with numerous reports of accidents and slide-offs across the region.",CSV
202601,24,2000,202601,25,1800,209243,1303827,INDIANA,18,2026,January,Winter Storm,Z,216,SOUTHERN KOSCIUSKO COUNTY,IWX,24-JAN-26 20:00:00,EST-5,25-JAN-26 18:00:00,0,0,0,0,0.00K,0.00K,Official NWS Observations,,,,,,,,,,,,,,,,,,,,,,A long duration snow event produced 4 to 12 inches of fluffy snow accumulation late January 24th into January 25th.,"Snow, moderate to heavy at times, developed during the evening hours of January 24th and continued through the early evening hours of January 25th. The snow accumulated to between 6 and 8 inches and was fluffy in nature as temperatures were in the single digits and teens. There was a report of 7.0 inches 1 mile southeast of Winona Lake. Roads were snow covered and slick with numerous reports of accidents and slide-offs across the region.",CSV
202601,26,0,202601,26,800,209672,1307423,INDIANA,18,2026,January,Lake-Effect Snow,Z,204,WESTERN ST. JOSEPH COUNTY,IWX,26-JAN-26 00:00:00,EST-5,26-JAN-26 08:00:00,0,0,0,0,0.00K,0.00K,Public,,,,,,,,,,,,,,,,,,,,,,An intense band of lake effect snow produced near whiteout conditions and 2 to 4 inch per hour snowfall rates during the late evening hours of January 25th into the morning of January 26th.,"A slow moving, lake effect snow band produced treacherous, nearly impossible travel due to intense snowfall rates and near zero visibility during the morning hours of January 26th. Snowfall rates of 2 to 4 inches per hour were reported, with snowfall totals generally ranging between 8 and 14 inches. There was a report of 13.5 inches of total snow accumulation in New Carlisle. Numerous schools and businesses were closed on January 26th with reports of slide-offs and accidents on area roads.",CSV
202601,26,200,202601,26,1000,209672,1307424,INDIANA,18,2026,January,Lake-Effect Snow,Z,104,EASTERN ST. JOSEPH COUNTY,IWX,26-JAN-26 02:00:00,EST-5,26-JAN-26 10:00:00,0,0,0,0,0.00K,0.00K,Official NWS Observations,,,,,,,,,,,,,,,,,,,,,,An intense band of lake effect snow produced near whiteout conditions and 2 to 4 inch per hour snowfall rates during the late evening hours of January 25th into the morning of January 26th.,"A slow moving, lake effect snow band produced treacherous, nearly impossible travel due to intense snowfall rates and near zero visibility during the morning hours of January 26th. Snowfall rates of 2 to 4 inches per hour were reported, with snowfall totals generally ranging between 6 and 12 inches. There was a report of 9.2 inches of total snow accumulation in South Bend. Numerous schools and businesses were closed on January 26th with reports of slide-offs and accidents on area roads.",CSV
202601,24,2000,202601,25,1800,209243,1303828,INDIANA,18,2026,January,Winter Storm,Z,14,MARSHALL,IWX,24-JAN-26 20:00:00,EST-5,25-JAN-26 18:00:00,0,0,0,0,0.00K,0.00K,Public,,,,,,,,,,,,,,,,,,,,,,A long duration snow event produced 4 to 12 inches of fluffy snow accumulation late January 24th into January 25th.,"Snow, moderate to heavy at times, developed during the evening hours of January 24th and continued through the early evening hours of January 25th. The snow accumulated to between 6 and 8 inches and was fluffy in nature as temperatures were in the single digits and teens. There was a report of 7.0 inches in Tippecanoe. Roads were snow covered and slick with numerous reports of accidents and slide-offs across the region.",CSV
202601,24,2000,202601,25,1800,209243,1303829,INDIANA,18,2026,January,Winter Storm,Z,15,FULTON,IWX,24-JAN-26 20:00:00,EST-5,25-JAN-26 18:00:00,0,0,0,0,0.00K,0.00K,COOP Observer,,,,,,,,,,,,,,,,,,,,,,A long duration snow event produced 4 to 12 inches of fluffy snow accumulation late January 24th into January 25th.,"Snow, moderate to heavy at times, developed during the evening hours of January 24th and continued through the early evening hours of January 25th. The snow accumulated to between 6 and 8 inches and was fluffy in nature as temperatures were in the single digits and teens. There was a report of 7.5 inches in Rochester. Roads were snow covered and slick with numerous reports of accidents and slide-offs across the region.",CSV
202601,24,1900,202601,25,1700,209243,1303830,INDIANA,18,2026,January,Winter Storm,Z,22,CASS,IWX,24-JAN-26 19:00:00,EST-5,25-JAN-26 17:00:00,0,0,0,0,0.00K,0.00K,Public,,,,,,,,,,,,,,,,,,,,,,A long duration snow event produced 4 to 12 inches of fluffy snow accumulation late January 24th into January 25th.,"Snow, moderate to heavy at times, developed during the evening hours of January 24th and continued through the early evening hours of January 25th. The snow accumulated to between 6 and 8 inches and was fluffy in nature as temperatures were in the single digits and teens. There was a report of 8.0 inches in Clymers. Roads were snow covered and slick with numerous reports of accidents and slide-offs across the region.",CSV
202601,24,1900,202601,25,1700,209243,1303832,INDIANA,18,2026,January,Winter Storm,Z,23,MIAMI,IWX,24-JAN-26 19:00:00,EST-5,25-JAN-26 17:00:00,0,0,0,0,0.00K,0.00K,Public,,,,,,,,,,,,,,,,,,,,,,A long duration snow event produced 4 to 12 inches of fluffy snow accumulation late January 24th into January 25th.,"Snow, moderate to heavy at times, developed during the evening hours of January 24th and continued through the early evening hours of January 25th. The snow accumulated to between 6 and 8 inches and was fluffy in nature as temperatures were in the single digits and teens. There was a report of 7.0 inches 2 miles north of Peru. Roads were snow covered and slick with numerous reports of accidents and slide-offs across the region.",CSV
202601,24,1900,202601,25,1700,209243,1303833,INDIANA,18,2026,January,Winter Storm,Z,24,WABASH,IWX,24-JAN-26 19:00:00,EST-5,25-JAN-26 17:00:00,0,0,0,0,0.00K,0.00K,Public,,,,,,,,,,,,,,,,,,,,,,A long duration snow event produced 4 to 12 inches of fluffy snow accumulation late January 24th into January 25th.,"Snow, moderate to heavy at times, developed during the evening hours of January 24th and continued through the early evening hours of January 25th. The snow accumulated to between 6 and 8 inches and was fluffy in nature as temperatures were in the single digits and teens. There was a report of 7.0 inches in North Manchester. Roads were snow covered and slick with numerous reports of accidents and slide-offs across the region.",CSV
202601,24,2000,202601,26,300,210235,1311353,INDIANA,18,2026,January,Winter Storm,Z,74,DEARBORN,ILN,24-JAN-26 20:00:00,EST-5,26-JAN-26 03:00:00,0,0,0,0,,,CoCoRaHS,,,,,,,,,,,,,,,,,,,,,,A strong winter storm began Saturday night and continued through Sunday as it passed over an entrenched arctic airmass. A strengthening surface low over the Tennessee Valley combined with upper level dynamics to produce snowfall of up to a foot in some areas.,The observer 4 miles west-southwest of Aurora measured 11.2 inches of snow.,CSV
202601,24,700,202601,25,2000,210224,1311161,INDIANA,18,2026,January,Winter Storm,Z,83,DUBOIS,LMK,24-JAN-26 07:00:00,EST-5,25-JAN-26 20:00:00,0,0,0,0,,,Trained Spotter,,,,,,,,,,,,,,,,,,,,,,"A major winter storm produced heavy snow and sleet accumulation in southern Indiana January 24-26, 2026. A strong low pressure system moved through the Ohio Valley. The storm featured strong frontogenetical forcing in the mid-levels of the atmosphere, which led to heavy snowfall rates and banding. A layer of warm air aloft streamed northward through central Kentucky and into far southern Indiana, changing precipitation over to sleet for a short period of time in some counties. The winter storm dropped a swath of heavy snow and sleet totaling 6 to 13 inches across southern Indiana. A frigid airmass moved in following the storm, contributing to enhanced societal impact due to a combination of snow-covered roads and dangerously cold wind chills. The impact of this winter storm was felt for weeks following the event.",Heavy snow and sleet totaling 9 to 13 inches fell across Dubois County.,CSV
202601,24,2000,202601,26,300,210235,1311354,INDIANA,18,2026,January,Winter Storm,Z,58,FAYETTE,ILN,24-JAN-26 20:00:00,EST-5,26-JAN-26 03:00:00,0,0,0,0,,,Emergency Manager,,,,,,,,,,,,,,,,,,,,,,A strong winter storm began Saturday night and continued through Sunday as it passed over an entrenched arctic airmass. A strengthening surface low over the Tennessee Valley combined with upper level dynamics to produce snowfall of up to a foot in some areas.,The EMA measured 11 inches of snow 5 miles north-northwest of Laurel.,CSV
202601,24,2000,202601,26,300,210235,1311357,INDIANA,18,2026,January,Winter Storm,Z,73,RIPLEY,ILN,24-JAN-26 20:00:00,EST-5,26-JAN-26 03:00:00,0,0,0,0,,,CoCoRaHS,,,,,,,,,,,,,,,,,,,,,,A strong winter storm began Saturday night and continued through Sunday as it passed over an entrenched arctic airmass. A strengthening surface low over the Tennessee Valley combined with upper level dynamics to produce snowfall of up to a foot in some areas.,The observer east of Sunman measured 14.6 inches of snow.,CSV
202601,24,2000,202601,26,300,210235,1311358,INDIANA,18,2026,January,Winter Storm,Z,80,SWITZERLAND,ILN,24-JAN-26 20:00:00,EST-5,26-JAN-26 03:00:00,0,0,0,0,,,Emergency Manager,,,,,,,,,,,,,,,,,,,,,,A strong winter storm began Saturday night and continued through Sunday as it passed over an entrenched arctic airmass. A strengthening surface low over the Tennessee Valley combined with upper level dynamics to produce snowfall of up to a foot in some areas.,"In Vevay, 8.5 inches of snow was measured.",CSV
202601,24,2000,202601,26,300,210235,1311359,INDIANA,18,2026,January,Winter Storm,Z,59,UNION,ILN,24-JAN-26 20:00:00,EST-5,26-JAN-26 03:00:00,0,0,0,0,,,COOP Observer,,,,,,,,,,,,,,,,,,,,,,A strong winter storm began Saturday night and continued through Sunday as it passed over an entrenched arctic airmass. A strengthening surface low over the Tennessee Valley combined with upper level dynamics to produce snowfall of up to a foot in some areas.,The observer in Liberty measured 12.4 inches of snow.,CSV
202601,24,2000,202601,26,300,210235,1311360,INDIANA,18,2026,January,Winter Storm,Z,50,WAYNE,ILN,24-JAN-26 20:00:00,EST-5,26-JAN-26 03:00:00,0,0,0,0,,,Emergency Manager,,,,,,,,,,,,,,,,,,,,,,A strong winter storm began Saturday night and continued through Sunday as it passed over an entrenched arctic airmass. A strengthening surface low over the Tennessee Valley combined with upper level dynamics to produce snowfall of up to a foot in some areas.,The EMA measured 10 inches of snow in Richmond.,CSV
202601,14,1200,202601,14,1800,209140,1303034,INDIANA,18,2026,January,Winter Weather,Z,17,WHITLEY,IWX,14-JAN-26 12:00:00,EST-5,14-JAN-26 18:00:00,0,0,0,0,0.00K,0.00K,Official NWS Observations,,,,,,,,,,,,,,,,,,,,,,A wintry mix changed over to snow as temperatures plunged well below freezing behind an arctic front. This created an icy flash freeze environment under a half inch to two inches of snow.,"An arctic cold front moved through with a mixture of sleet and rain changing to a period of snow. Snow accumulations were generally an inch or two at best. However, the cold air rushing in with the front and snow allowed the wet pavement to freeze in the afternoon and early evening. This resulted in reports of slide-offs and accidents across the region.",CSV
202601,14,1200,202601,14,1800,209140,1303035,INDIANA,18,2026,January,Winter Weather,Z,18,ALLEN,IWX,14-JAN-26 12:00:00,EST-5,14-JAN-26 18:00:00,0,0,0,0,0.00K,0.00K,Broadcast Media,,,,,,,,,,,,,,,,,,,,,,A wintry mix changed over to snow as temperatures plunged well below freezing behind an arctic front. This created an icy flash freeze environment under a half inch to two inches of snow.,"An arctic cold front moved through with a mixture of sleet and rain changing to a period of snow. Snow accumulations were generally an inch or two at best. However, the cold air rushing in with the front and snow allowed the wet pavement to freeze in the afternoon and early evening. This resulted in reports of slide-offs and accidents across the region, with a few accidents leading to brief closures on Interstate 69.",CSV
202601,14,1200,202601,14,1800,209140,1303037,INDIANA,18,2026,January,Winter Weather,Z,25,HUNTINGTON,IWX,14-JAN-26 12:00:00,EST-5,14-JAN-26 18:00:00,0,0,0,0,0.00K,0.00K,Emergency Manager,,,,,,,,,,,,,,,,,,,,,,A wintry mix changed over to snow as temperatures plunged well below freezing behind an arctic front. This created an icy flash freeze environment under a half inch to two inches of snow.,"An arctic cold front moved through with a mixture of sleet and rain changing to a period of snow. Snow accumulations were generally an inch or two at best. However, the cold air rushing in with the front and snow allowed the wet pavement to freeze in the afternoon and early evening. This resulted in reports of slide-offs and accidents across the region.",CSV
202601,14,1200,202601,14,1800,209140,1303038,INDIANA,18,2026,January,Winter Weather,Z,26,WELLS,IWX,14-JAN-26 12:00:00,EST-5,14-JAN-26 18:00:00,0,0,0,0,0.00K,0.00K,Trained Spotter,,,,,,,,,,,,,,,,,,,,,,A wintry mix changed over to snow as temperatures plunged well below freezing behind an arctic front. This created an icy flash freeze environment under a half inch to two inches of snow.,"An arctic cold front moved through with a mixture of sleet and rain changing to a period of snow. Snow accumulations were generally an inch or two at best. However, the cold air rushing in with the front and snow allowed the wet pavement to freeze in the afternoon and early evening. This resulted in reports of slide-offs and accidents across the region.",CSV
202601,24,1100,202601,25,2000,210224,1311164,INDIANA,18,2026,January,Winter Storm,Z,76,ORANGE,LMK,24-JAN-26 11:00:00,EST-5,25-JAN-26 20:00:00,0,0,0,0,,,Public,,,,,,,,,,,,,,,,,,,,,,"A major winter storm produced heavy snow and sleet accumulation in southern Indiana January 24-26, 2026. A strong low pressure system moved through the Ohio Valley. The storm featured strong frontogenetical forcing in the mid-levels of the atmosphere, which led to heavy snowfall rates and banding. A layer of warm air aloft streamed northward through central Kentucky and into far southern Indiana, changing precipitation over to sleet for a short period of time in some counties. The winter storm dropped a swath of heavy snow and sleet totaling 6 to 13 inches across southern Indiana. A frigid airmass moved in following the storm, contributing to enhanced societal impact due to a combination of snow-covered roads and dangerously cold wind chills. The impact of this winter storm was felt for weeks following the event.",Heavy snow totaling 10 to 13 inches fell across Orange County.,CSV
202601,24,1100,202601,25,2000,210224,1311166,INDIANA,18,2026,January,Winter Storm,Z,77,WASHINGTON,LMK,24-JAN-26 11:00:00,EST-5,25-JAN-26 20:00:00,0,0,0,0,,,CoCoRaHS,,,,,,,,,,,,,,,,,,,,,,"A major winter storm produced heavy snow and sleet accumulation in southern Indiana January 24-26, 2026. A strong low pressure system moved through the Ohio Valley. The storm featured strong frontogenetical forcing in the mid-levels of the atmosphere, which led to heavy snowfall rates and banding. A layer of warm air aloft streamed northward through central Kentucky and into far southern Indiana, changing precipitation over to sleet for a short period of time in some counties. The winter storm dropped a swath of heavy snow and sleet totaling 6 to 13 inches across southern Indiana. A frigid airmass moved in following the storm, contributing to enhanced societal impact due to a combination of snow-covered roads and dangerously cold wind chills. The impact of this winter storm was felt for weeks following the event.",Heavy snow and sleet totaling 8 to 13 inches fell across Washington County.,CSV
202601,24,1000,202601,25,2000,210224,1311167,INDIANA,18,2026,January,Winter Storm,Z,89,PERRY,LMK,24-JAN-26 10:00:00,EST-5,25-JAN-26 20:00:00,0,0,0,0,,,CoCoRaHS,,,,,,,,,,,,,,,,,,,,,,"A major winter storm produced heavy snow and sleet accumulation in southern Indiana January 24-26, 2026. A strong low pressure system moved through the Ohio Valley. The storm featured strong frontogenetical forcing in the mid-levels of the atmosphere, which led to heavy snowfall rates and banding. A layer of warm air aloft streamed northward through central Kentucky and into far southern Indiana, changing precipitation over to sleet for a short period of time in some counties. The winter storm dropped a swath of heavy snow and sleet totaling 6 to 13 inches across southern Indiana. A frigid airmass moved in following the storm, contributing to enhanced societal impact due to a combination of snow-covered roads and dangerously cold wind chills. The impact of this winter storm was felt for weeks following the event.",Heavy snow and sleet totaling 6 to 12 inches fell across Perry County.,CSV
202601,14,1100,202601,14,1700,209140,1303028,INDIANA,18,2026,January,Winter Weather,Z,5,ELKHART,IWX,14-JAN-26 11:00:00,EST-5,14-JAN-26 17:00:00,0,0,0,0,0.00K,0.00K,Broadcast Media,,,,,,,,,,,,,,,,,,,,,,A wintry mix changed over to snow as temperatures plunged well below freezing behind an arctic front. This created an icy flash freeze environment under a half inch to two inches of snow.,"An arctic cold front moved through with a mixture of sleet and rain changing to a period of snow. Snow accumulations were generally an inch or two at best. However, the cold air rushing in with the front and snow allowed the wet pavement to freeze late morning into the afternoon and early evening. This resulted in reports of slide-offs and accidents across the region, with a 30 car pileup reported on the Indiana Toll Road. Several people were taken to the hospital with non-life threatening injuries.",CSV
202601,14,1100,202601,14,1700,209140,1303029,INDIANA,18,2026,January,Winter Weather,Z,6,LAGRANGE,IWX,14-JAN-26 11:00:00,EST-5,14-JAN-26 17:00:00,0,0,0,0,0.00K,0.00K,Broadcast Media,,,,,,,,,,,,,,,,,,,,,,A wintry mix changed over to snow as temperatures plunged well below freezing behind an arctic front. This created an icy flash freeze environment under a half inch to two inches of snow.,"An arctic cold front moved through with a mixture of sleet and rain changing to a period of snow. Snow accumulations were generally an inch or two at best. However, the cold air rushing in with the front and snow allowed the wet pavement to freeze late morning into the afternoon and early evening. This resulted in reports of slide-offs and accidents across the region.",CSV
202601,14,1200,202601,14,1800,209140,1303039,INDIANA,18,2026,January,Winter Weather,Z,27,ADAMS,IWX,14-JAN-26 12:00:00,EST-5,14-JAN-26 18:00:00,0,0,0,0,0.00K,0.00K,Trained Spotter,,,,,,,,,,,,,,,,,,,,,,A wintry mix changed over to snow as temperatures plunged well below freezing behind an arctic front. This created an icy flash freeze environment under a half inch to two inches of snow.,"An arctic cold front moved through with a mixture of sleet and rain changing to a period of snow. Snow accumulations were generally an inch or two at best. However, the cold air rushing in with the front and snow allowed the wet pavement to freeze in the afternoon and early evening. This resulted in reports of slide-offs and accidents across the region.",CSV
202601,24,1130,202601,25,2000,210224,1311170,INDIANA,18,2026,January,Winter Storm,Z,90,HARRISON,LMK,24-JAN-26 11:30:00,EST-5,25-JAN-26 20:00:00,0,0,0,0,,,CoCoRaHS,,,,,,,,,,,,,,,,,,,,,,"A major winter storm produced heavy snow and sleet accumulation in southern Indiana January 24-26, 2026. A strong low pressure system moved through the Ohio Valley. The storm featured strong frontogenetical forcing in the mid-levels of the atmosphere, which led to heavy snowfall rates and banding. A layer of warm air aloft streamed northward through central Kentucky and into far southern Indiana, changing precipitation over to sleet for a short period of time in some counties. The winter storm dropped a swath of heavy snow and sleet totaling 6 to 13 inches across southern Indiana. A frigid airmass moved in following the storm, contributing to enhanced societal impact due to a combination of snow-covered roads and dangerously cold wind chills. The impact of this winter storm was felt for weeks following the event.",Heavy snow and sleet totaling 6 to 8 inches fell across Harrison County.,CSV
202601,24,1130,202601,25,2000,210224,1311171,INDIANA,18,2026,January,Winter Storm,Z,91,FLOYD,LMK,24-JAN-26 11:30:00,EST-5,25-JAN-26 20:00:00,0,0,0,0,,,CoCoRaHS,,,,,,,,,,,,,,,,,,,,,,"A major winter storm produced heavy snow and sleet accumulation in southern Indiana January 24-26, 2026. A strong low pressure system moved through the Ohio Valley. The storm featured strong frontogenetical forcing in the mid-levels of the atmosphere, which led to heavy snowfall rates and banding. A layer of warm air aloft streamed northward through central Kentucky and into far southern Indiana, changing precipitation over to sleet for a short period of time in some counties. The winter storm dropped a swath of heavy snow and sleet totaling 6 to 13 inches across southern Indiana. A frigid airmass moved in following the storm, contributing to enhanced societal impact due to a combination of snow-covered roads and dangerously cold wind chills. The impact of this winter storm was felt for weeks following the event.",Heavy snow and sleet totaling 6 to 9 inches fell across Floyd County.,CSV
202601,24,1130,202601,25,2000,210224,1311176,INDIANA,18,2026,January,Winter Storm,Z,92,CLARK,LMK,24-JAN-26 11:30:00,EST-5,25-JAN-26 20:00:00,0,0,0,0,,,Law Enforcement,,,,,,,,,,,,,,,,,,,,,,"A major winter storm produced heavy snow and sleet accumulation in southern Indiana January 24-26, 2026. A strong low pressure system moved through the Ohio Valley. The storm featured strong frontogenetical forcing in the mid-levels of the atmosphere, which led to heavy snowfall rates and banding. A layer of warm air aloft streamed northward through central Kentucky and into far southern Indiana, changing precipitation over to sleet for a short period of time in some counties. The winter storm dropped a swath of heavy snow and sleet totaling 6 to 13 inches across southern Indiana. A frigid airmass moved in following the storm, contributing to enhanced societal impact due to a combination of snow-covered roads and dangerously cold wind chills. The impact of this winter storm was felt for weeks following the event.",Heavy snow and sleet totaling 6 to 10 inches fell across Clark County.,CSV
202601,14,1100,202601,14,1700,209140,1303030,INDIANA,18,2026,January,Winter Weather,Z,7,STEUBEN,IWX,14-JAN-26 11:00:00,EST-5,14-JAN-26 17:00:00,0,0,0,0,0.00K,0.00K,Broadcast Media,,,,,,,,,,,,,,,,,,,,,,A wintry mix changed over to snow as temperatures plunged well below freezing behind an arctic front. This created an icy flash freeze environment under a half inch to two inches of snow.,"An arctic cold front moved through with a mixture of sleet and rain changing to a period of snow. Snow accumulations were generally an inch or two at best. However, the cold air rushing in with the front and snow allowed the wet pavement to freeze late morning into the afternoon and early evening. This resulted in reports of slide-offs and accidents across the region, with numerous accidents that briefly closed portions of Interstate 69 in northeast Indiana.",CSV
202601,14,1200,202601,14,1800,209140,1303031,INDIANA,18,2026,January,Winter Weather,Z,9,DE KALB,IWX,14-JAN-26 12:00:00,EST-5,14-JAN-26 18:00:00,0,0,0,0,0.00K,0.00K,Broadcast Media,,,,,,,,,,,,,,,,,,,,,,A wintry mix changed over to snow as temperatures plunged well below freezing behind an arctic front. This created an icy flash freeze environment under a half inch to two inches of snow.,"An arctic cold front moved through with a mixture of sleet and rain changing to a period of snow. Snow accumulations were generally an inch or two at best. However, the cold air rushing in with the front and snow allowed the wet pavement to freeze in the afternoon and early evening. This resulted in reports of slide-offs and accidents across the region, with numerous accidents that briefly closed portions of Interstate 69 in northeast Indiana.",CSV
202601,14,1100,202601,14,1800,209140,1303032,INDIANA,18,2026,January,Winter Weather,Z,8,NOBLE,IWX,14-JAN-26 11:00:00,EST-5,14-JAN-26 18:00:00,0,0,0,0,0.00K,0.00K,Trained Spotter,,,,,,,,,,,,,,,,,,,,,,A wintry mix changed over to snow as temperatures plunged well below freezing behind an arctic front. This created an icy flash freeze environment under a half inch to two inches of snow.,"An arctic cold front moved through with a mixture of sleet and rain changing to a period of snow. Snow accumulations were generally an inch or two at best. However, the cold air rushing in with the front and snow allowed the wet pavement to freeze in the afternoon and early evening. This resulted in reports of slide-offs and accidents across the region.",CSV
202601,14,1100,202601,14,1700,209140,1303033,INDIANA,18,2026,January,Winter Weather,Z,116,NORTHERN KOSCIUSKO COUNTY,IWX,14-JAN-26 11:00:00,EST-5,14-JAN-26 17:00:00,0,0,0,0,0.00K,0.00K,Official NWS Observations,,,,,,,,,,,,,,,,,,,,,,A wintry mix changed over to snow as temperatures plunged well below freezing behind an arctic front. This created an icy flash freeze environment under a half inch to two inches of snow.,"An arctic cold front moved through with a mixture of sleet and rain changing to a period of snow. Snow accumulations were generally an inch or two at best. However, the cold air rushing in with the front and snow allowed the wet pavement to freeze in the afternoon and early evening. This resulted in reports of slide-offs and accidents across the region.",CSV
202601,24,2000,202601,25,1900,209243,1303817,INDIANA,18,2026,January,Winter Storm,Z,32,GRANT,IWX,24-JAN-26 20:00:00,EST-5,25-JAN-26 19:00:00,0,0,0,0,0.00K,0.00K,Trained Spotter,,,,,,,,,,,,,,,,,,,,,,A long duration snow event produced 4 to 12 inches of fluffy snow accumulation late January 24th into January 25th.,"Snow, moderate to heavy at times, developed during the evening hours of January 24th and continued through the early evening hours of January 25th. The snow accumulated to between 8 and 10 inches and was fluffy in nature as temperatures were in the single digits and teens. There was a report of 10.0 inches 3 miles southeast of Van Buren. Roads were snow covered and slick with numerous reports of accidents and slide-offs across the region.",CSV
202601,24,2000,202601,25,1900,209243,1303823,INDIANA,18,2026,January,Winter Storm,Z,18,ALLEN,IWX,24-JAN-26 20:00:00,EST-5,25-JAN-26 19:00:00,0,0,0,0,0.00K,0.00K,Official NWS Observations,,,,,,,,,,,,,,,,,,,,,,A long duration snow event produced 4 to 12 inches of fluffy snow accumulation late January 24th into January 25th.,"Snow, moderate to heavy at times, developed during the evening hours of January 24th and continued through the early evening hours of January 25th. The snow accumulated to between 7 and 10 inches and was fluffy in nature as temperatures were in the single digits and teens. There was a report of 9.4 inches in Fort Wayne. Roads were snow covered and slick with numerous reports of accidents and slide-offs across the region.",CSV
202601,24,2100,202601,25,1900,209243,1303824,INDIANA,18,2026,January,Winter Storm,Z,9,DE KALB,IWX,24-JAN-26 21:00:00,EST-5,25-JAN-26 19:00:00,0,0,0,0,0.00K,0.00K,Trained Spotter,,,,,,,,,,,,,,,,,,,,,,A long duration snow event produced 4 to 12 inches of fluffy snow accumulation late January 24th into January 25th.,"Snow, moderate to heavy at times, developed during the evening hours of January 24th and continued through the early evening hours of January 25th. The snow accumulated to between 7 and 9 inches and was fluffy in nature as temperatures were in the single digits and teens. There was a report of 8.5 inches 1 mile southeast of Garret. Roads were snow covered and slick with numerous reports of accidents and slide-offs across the region.",CSV
202601,1,0,202601,31,2359,208481,1305015,INDIANA,18,2026,January,Drought,Z,31,HOWARD,IND,01-JAN-26 00:00:00,EST-5,31-JAN-26 23:59:00,0,0,0,0,,,Drought Monitor,,,,,,,,,,,,,,,,,,,,,,"Overall dry conditions that had resulted in Extreme Drought (D3) over north-central Indiana by late 2025 generally expanded and intensified throughout January 2026. While D2 and D3 levels were maintained from the previous month, a significant degradation occurred on the January 6th update, where D3 intensity expanded across the heart of the region. These drought conditions remained entrenched without improvement through the end of the month and continued into at least February 2026.||This status quo included a primary sub-region where D3 conditions expanded to cover the entirety of Howard County and much of Carroll and Delaware counties. Significant expansion of Severe Drought (D2) was also noted, moving to encompass the remainder of Clinton, Hamilton, and Vermillion counties. Meanwhile, D2 intensity was maintained across northern Henry County and northwestern Vigo County, with a small additional expansion into north-central Vigo. In the northeast, Tipton County saw an intensification as D3 pushed into its northern portions, while D3 remained fixed in the far northwestern corner of Randolph County.||Precipitation throughout January for these areas was critically low, with many totals falling between 0.75 and 1.25 inches. Specifically, Carroll, Randolph, and Howard counties saw meager totals of 0.75 to 1.10 inches, which directly triggered the expansion of D3 intensity. Even in areas like Henry County, which received a slightly higher 1.50 to 2.25 inches, the moisture was not enough to warrant improvement. These sustained deficits, often totaling less than 50% of normal monthly rainfall, ensured that the drought not only persisted but worsened across the central Indiana landscape.","Precipitation totaled only around 1.1 inches across the month of January. This maintained D2 conditions across much of Howard county with D3 conditions in the rest. On the January 6th update, D3 expanded to cover the remainder of the county. These drought conditions continued into at least February 2026.",CSV
202601,1,0,202601,31,2359,208481,1305017,INDIANA,18,2026,January,Drought,Z,39,HAMILTON,IND,01-JAN-26 00:00:00,EST-5,31-JAN-26 23:59:00,0,0,0,0,,,Drought Monitor,,,,,,,,,,,,,,,,,,,,,,"Overall dry conditions that had resulted in Extreme Drought (D3) over north-central Indiana by late 2025 generally expanded and intensified throughout January 2026. While D2 and D3 levels were maintained from the previous month, a significant degradation occurred on the January 6th update, where D3 intensity expanded across the heart of the region. These drought conditions remained entrenched without improvement through the end of the month and continued into at least February 2026.||This status quo included a primary sub-region where D3 conditions expanded to cover the entirety of Howard County and much of Carroll and Delaware counties. Significant expansion of Severe Drought (D2) was also noted, moving to encompass the remainder of Clinton, Hamilton, and Vermillion counties. Meanwhile, D2 intensity was maintained across northern Henry County and northwestern Vigo County, with a small additional expansion into north-central Vigo. In the northeast, Tipton County saw an intensification as D3 pushed into its northern portions, while D3 remained fixed in the far northwestern corner of Randolph County.||Precipitation throughout January for these areas was critically low, with many totals falling between 0.75 and 1.25 inches. Specifically, Carroll, Randolph, and Howard counties saw meager totals of 0.75 to 1.10 inches, which directly triggered the expansion of D3 intensity. Even in areas like Henry County, which received a slightly higher 1.50 to 2.25 inches, the moisture was not enough to warrant improvement. These sustained deficits, often totaling less than 50% of normal monthly rainfall, ensured that the drought not only persisted but worsened across the central Indiana landscape.","Precipitation totaled only around 0.75 to 1.25 inches across the month of January. This maintained D2 conditions across far northeastern Hamilton county. On the January 6th update, D2 expanded to cover much of the county. These drought conditions continued into at least February 2026.",CSV
202601,18,1730,202601,19,1400,209412,1305175,INDIANA,18,2026,January,Winter Weather,Z,104,EASTERN ST. JOSEPH COUNTY,IWX,18-JAN-26 17:30:00,EST-5,19-JAN-26 14:00:00,0,0,0,0,0.00K,0.00K,Official NWS Observations,,,,,,,,,,,,,,,,,,,,,,System snow overspread far northern Indiana during the evening hours of January 18th which was followed by periods of lake effect snow on January 19th behind an arctic front. Storm total snowfall accumulations ranged from 2 to 4 inches across portions of far northern Indiana generally along and north of Interstate 80. Strong winds coupled with the snow and blowing snow produced significant visibility reductions at times and hazardous travel conditions.,"Light system snow during the late afternoon and evening of January 18th was followed by bands of lake effect snow.  The combination of west wind gusts of 30 to 40 mph and the snowfall resulted in significant visibility reductions at times due to snow and blowing snow. Storm total snow accumulations were in the 2 to 4 inch range. A report of 3 inches of snow was received in South Bend, IN.  Numerous slide-offs and accidents were reported across the region.  In addition, wind chills dropped to as cold as 20 below during the early morning hours of January 19th extending into early afternoon.",CSV
202601,18,1800,202601,19,1400,209412,1305183,INDIANA,18,2026,January,Winter Weather,Z,7,STEUBEN,IWX,18-JAN-26 18:00:00,EST-5,19-JAN-26 14:00:00,0,0,0,0,0.00K,0.00K,CoCoRaHS,,,,,,,,,,,,,,,,,,,,,,System snow overspread far northern Indiana during the evening hours of January 18th which was followed by periods of lake effect snow on January 19th behind an arctic front. Storm total snowfall accumulations ranged from 2 to 4 inches across portions of far northern Indiana generally along and north of Interstate 80. Strong winds coupled with the snow and blowing snow produced significant visibility reductions at times and hazardous travel conditions.,"Light system snow during the late afternoon and evening of January 18th was followed by bands of lake effect snow.  The combination of west wind gusts of 30 to 40 mph and the snowfall resulted in significant visibility reductions at times due to snow and blowing snow. While storm total snow accumulations only ranged from 1 to 2 inches, the combination of snow and blowing snow produced hazardous travel conditions. A band of snow affected the area during the early morning hours of January 19th producing brief snowfall rates of 1 inch per hour.  Numerous slide-offs and accidents were reported across the region.  In addition, wind chills dropped to as cold as 20 below during the early morning hours of January 19th extending into early afternoon.",CSV
202601,6,700,202601,31,2359,209382,1305051,INDIANA,18,2026,January,Drought,Z,28,WARREN,IND,06-JAN-26 07:00:00,EST-5,31-JAN-26 23:59:00,0,0,0,0,,,Drought Monitor,,,,,,,,,,,,,,,,,,,,,,"Overall dry conditions that had resulted in lingering drought across central Indiana generally expanded and intensified to Severe Drought (D2) by January 6th, 2026. This expansion brought D2 intensity into portions of 6 additional central Indiana counties, with these drought conditions then maintained without any significant improvement through the remainder of the month. These conditions continued to persist into at least February 2026.||This status quo included a newly expanded sub-region that held D2 over the entirety of Fountain, Warren, and Tippecanoe counties, as well as nearly all of Montgomery and Boone counties, excluding only their far southern reaches. Additionally, the expansion of D2 drought reached into northwestern Parke County. This westward and southward creep of Severe Drought conditions effectively bridged gaps between existing dry zones, creating a broader footprint of D2 intensity across the western portion of the state.||Precipitation throughout January for these areas was notably sparse, with totals ranging from only 0.75 to 1.50 inches. Specifically, areas like Fountain and Tippecanoe counties saw extremely low totals of 0.75 to 1.10 inches, which was not enough to warrant any improvement or prevent the expansion of drought intensity. Even in areas like Montgomery and Boone counties, where totals reached up to 1.60 or 1.80 inches, the moisture was insufficient to stave off the D2 designation, ensuring the drought status remained entrenched heading into February.",Precipitation totaled only around 1.50 inches across the month of January. This led to the expansion of D2 drought into the entirety of Warren county on January 6th. These drought conditions continued into at least February 2026.,CSV
202601,1,0,202601,31,2359,208481,1305032,INDIANA,18,2026,January,Drought,Z,42,RANDOLPH,IND,01-JAN-26 00:00:00,EST-5,31-JAN-26 23:59:00,0,0,0,0,,,Drought Monitor,,,,,,,,,,,,,,,,,,,,,,"Overall dry conditions that had resulted in Extreme Drought (D3) over north-central Indiana by late 2025 generally expanded and intensified throughout January 2026. While D2 and D3 levels were maintained from the previous month, a significant degradation occurred on the January 6th update, where D3 intensity expanded across the heart of the region. These drought conditions remained entrenched without improvement through the end of the month and continued into at least February 2026.||This status quo included a primary sub-region where D3 conditions expanded to cover the entirety of Howard County and much of Carroll and Delaware counties. Significant expansion of Severe Drought (D2) was also noted, moving to encompass the remainder of Clinton, Hamilton, and Vermillion counties. Meanwhile, D2 intensity was maintained across northern Henry County and northwestern Vigo County, with a small additional expansion into north-central Vigo. In the northeast, Tipton County saw an intensification as D3 pushed into its northern portions, while D3 remained fixed in the far northwestern corner of Randolph County.||Precipitation throughout January for these areas was critically low, with many totals falling between 0.75 and 1.25 inches. Specifically, Carroll, Randolph, and Howard counties saw meager totals of 0.75 to 1.10 inches, which directly triggered the expansion of D3 intensity. Even in areas like Henry County, which received a slightly higher 1.50 to 2.25 inches, the moisture was not enough to warrant improvement. These sustained deficits, often totaling less than 50% of normal monthly rainfall, ensured that the drought not only persisted but worsened across the central Indiana landscape.",Precipitation totaled only around 0.75 to 1.00 inches across the month of January. This maintained D2 conditions across portions of Randolph county with D3 conditions in the far northwest. These drought conditions continued into at least February 2026.,CSV
202601,18,1800,202601,19,1400,209412,1305180,INDIANA,18,2026,January,Winter Weather,Z,6,LAGRANGE,IWX,18-JAN-26 18:00:00,EST-5,19-JAN-26 14:00:00,0,0,0,0,0.00K,0.00K,CoCoRaHS,,,,,,,,,,,,,,,,,,,,,,System snow overspread far northern Indiana during the evening hours of January 18th which was followed by periods of lake effect snow on January 19th behind an arctic front. Storm total snowfall accumulations ranged from 2 to 4 inches across portions of far northern Indiana generally along and north of Interstate 80. Strong winds coupled with the snow and blowing snow produced significant visibility reductions at times and hazardous travel conditions.,"Light system snow during the late afternoon and evening of January 18th was followed by bands of lake effect snow.  The combination of west wind gusts of 30 to 40 mph and the snowfall resulted in significant visibility reductions at times due to snow and blowing snow. While storm total snow accumulations only ranged from 1 to 2 inches, the combination of snow and blowing snow produced hazardous travel conditions. A band of snow affected the area during the early morning hours of January 19th producing brief snowfall rates of 1 inch per hour.  Numerous slide-offs and accidents were reported across the region.  In addition, wind chills dropped to as cold as 20 below during the early morning hours of January 19th extending into early afternoon.",CSV
202601,6,700,202601,31,2359,209382,1305052,INDIANA,18,2026,January,Drought,Z,29,TIPPECANOE,IND,06-JAN-26 07:00:00,EST-5,31-JAN-26 23:59:00,0,0,0,0,,,Drought Monitor,,,,,,,,,,,,,,,,,,,,,,"Overall dry conditions that had resulted in lingering drought across central Indiana generally expanded and intensified to Severe Drought (D2) by January 6th, 2026. This expansion brought D2 intensity into portions of 6 additional central Indiana counties, with these drought conditions then maintained without any significant improvement through the remainder of the month. These conditions continued to persist into at least February 2026.||This status quo included a newly expanded sub-region that held D2 over the entirety of Fountain, Warren, and Tippecanoe counties, as well as nearly all of Montgomery and Boone counties, excluding only their far southern reaches. Additionally, the expansion of D2 drought reached into northwestern Parke County. This westward and southward creep of Severe Drought conditions effectively bridged gaps between existing dry zones, creating a broader footprint of D2 intensity across the western portion of the state.||Precipitation throughout January for these areas was notably sparse, with totals ranging from only 0.75 to 1.50 inches. Specifically, areas like Fountain and Tippecanoe counties saw extremely low totals of 0.75 to 1.10 inches, which was not enough to warrant any improvement or prevent the expansion of drought intensity. Even in areas like Montgomery and Boone counties, where totals reached up to 1.60 or 1.80 inches, the moisture was insufficient to stave off the D2 designation, ensuring the drought status remained entrenched heading into February.",Precipitation totaled only around 0.80 to 1.10 inches across the month of January. This led to the expansion of D2 drought into the entirety of Tippecanoe county on January 6th. These drought conditions continued into at least February 2026.,CSV
202601,1,0,202601,31,2359,208481,1305035,INDIANA,18,2026,January,Drought,Z,43,VERMILLION,IND,01-JAN-26 00:00:00,EST-5,31-JAN-26 23:59:00,0,0,0,0,,,Drought Monitor,,,,,,,,,,,,,,,,,,,,,,"Overall dry conditions that had resulted in Extreme Drought (D3) over north-central Indiana by late 2025 generally expanded and intensified throughout January 2026. While D2 and D3 levels were maintained from the previous month, a significant degradation occurred on the January 6th update, where D3 intensity expanded across the heart of the region. These drought conditions remained entrenched without improvement through the end of the month and continued into at least February 2026.||This status quo included a primary sub-region where D3 conditions expanded to cover the entirety of Howard County and much of Carroll and Delaware counties. Significant expansion of Severe Drought (D2) was also noted, moving to encompass the remainder of Clinton, Hamilton, and Vermillion counties. Meanwhile, D2 intensity was maintained across northern Henry County and northwestern Vigo County, with a small additional expansion into north-central Vigo. In the northeast, Tipton County saw an intensification as D3 pushed into its northern portions, while D3 remained fixed in the far northwestern corner of Randolph County.||Precipitation throughout January for these areas was critically low, with many totals falling between 0.75 and 1.25 inches. Specifically, Carroll, Randolph, and Howard counties saw meager totals of 0.75 to 1.10 inches, which directly triggered the expansion of D3 intensity. Even in areas like Henry County, which received a slightly higher 1.50 to 2.25 inches, the moisture was not enough to warrant improvement. These sustained deficits, often totaling less than 50% of normal monthly rainfall, ensured that the drought not only persisted but worsened across the central Indiana landscape.","Precipitation totaled only around 1.00 inches across the month of January. This maintained D2 conditions across far southwestern Vermillion county. On the January 6th update, D2 expanded to cover the remainder of the county. These drought conditions continued into at least February 2026.",CSV
202601,6,700,202601,6,2359,209382,1305053,INDIANA,18,2026,January,Drought,Z,36,MONTGOMERY,IND,06-JAN-26 07:00:00,EST-5,06-JAN-26 23:59:00,0,0,0,0,,,Drought Monitor,,,,,,,,,,,,,,,,,,,,,,"Overall dry conditions that had resulted in lingering drought across central Indiana generally expanded and intensified to Severe Drought (D2) by January 6th, 2026. This expansion brought D2 intensity into portions of 6 additional central Indiana counties, with these drought conditions then maintained without any significant improvement through the remainder of the month. These conditions continued to persist into at least February 2026.||This status quo included a newly expanded sub-region that held D2 over the entirety of Fountain, Warren, and Tippecanoe counties, as well as nearly all of Montgomery and Boone counties, excluding only their far southern reaches. Additionally, the expansion of D2 drought reached into northwestern Parke County. This westward and southward creep of Severe Drought conditions effectively bridged gaps between existing dry zones, creating a broader footprint of D2 intensity across the western portion of the state.||Precipitation throughout January for these areas was notably sparse, with totals ranging from only 0.75 to 1.50 inches. Specifically, areas like Fountain and Tippecanoe counties saw extremely low totals of 0.75 to 1.10 inches, which was not enough to warrant any improvement or prevent the expansion of drought intensity. Even in areas like Montgomery and Boone counties, where totals reached up to 1.60 or 1.80 inches, the moisture was insufficient to stave off the D2 designation, ensuring the drought status remained entrenched heading into February.",Precipitation totaled only around 1.00 to 1.80 inches across the month of January. This led to the expansion of D2 drought into all but far southern Montgomery county on January 6th. These drought conditions continued into at least February 2026.,CSV
202601,1,0,202601,31,2359,208481,1305036,INDIANA,18,2026,January,Drought,Z,51,VIGO,IND,01-JAN-26 00:00:00,EST-5,31-JAN-26 23:59:00,0,0,0,0,,,Drought Monitor,,,,,,,,,,,,,,,,,,,,,,"Overall dry conditions that had resulted in Extreme Drought (D3) over north-central Indiana by late 2025 generally expanded and intensified throughout January 2026. While D2 and D3 levels were maintained from the previous month, a significant degradation occurred on the January 6th update, where D3 intensity expanded across the heart of the region. These drought conditions remained entrenched without improvement through the end of the month and continued into at least February 2026.||This status quo included a primary sub-region where D3 conditions expanded to cover the entirety of Howard County and much of Carroll and Delaware counties. Significant expansion of Severe Drought (D2) was also noted, moving to encompass the remainder of Clinton, Hamilton, and Vermillion counties. Meanwhile, D2 intensity was maintained across northern Henry County and northwestern Vigo County, with a small additional expansion into north-central Vigo. In the northeast, Tipton County saw an intensification as D3 pushed into its northern portions, while D3 remained fixed in the far northwestern corner of Randolph County.||Precipitation throughout January for these areas was critically low, with many totals falling between 0.75 and 1.25 inches. Specifically, Carroll, Randolph, and Howard counties saw meager totals of 0.75 to 1.10 inches, which directly triggered the expansion of D3 intensity. Even in areas like Henry County, which received a slightly higher 1.50 to 2.25 inches, the moisture was not enough to warrant improvement. These sustained deficits, often totaling less than 50% of normal monthly rainfall, ensured that the drought not only persisted but worsened across the central Indiana landscape.","Precipitation totaled only around 0.90 to 1.10 inches across the month of January. This maintained D2 conditions across northwestern Vigo county. On the January 6th update, there was a very small expansion across north central Vigo county. These drought conditions continued into at least February 2026.",CSV
202601,6,700,202601,6,2359,209382,1305054,INDIANA,18,2026,January,Drought,Z,37,BOONE,IND,06-JAN-26 07:00:00,EST-5,06-JAN-26 23:59:00,0,0,0,0,0.00K,0.00K,Drought Monitor,,,,,,,,,,,,,,,,,,,,,,"Overall dry conditions that had resulted in lingering drought across central Indiana generally expanded and intensified to Severe Drought (D2) by January 6th, 2026. This expansion brought D2 intensity into portions of 6 additional central Indiana counties, with these drought conditions then maintained without any significant improvement through the remainder of the month. These conditions continued to persist into at least February 2026.||This status quo included a newly expanded sub-region that held D2 over the entirety of Fountain, Warren, and Tippecanoe counties, as well as nearly all of Montgomery and Boone counties, excluding only their far southern reaches. Additionally, the expansion of D2 drought reached into northwestern Parke County. This westward and southward creep of Severe Drought conditions effectively bridged gaps between existing dry zones, creating a broader footprint of D2 intensity across the western portion of the state.||Precipitation throughout January for these areas was notably sparse, with totals ranging from only 0.75 to 1.50 inches. Specifically, areas like Fountain and Tippecanoe counties saw extremely low totals of 0.75 to 1.10 inches, which was not enough to warrant any improvement or prevent the expansion of drought intensity. Even in areas like Montgomery and Boone counties, where totals reached up to 1.60 or 1.80 inches, the moisture was insufficient to stave off the D2 designation, ensuring the drought status remained entrenched heading into February.",Precipitation totaled only around 1.00 to 1.60 inches across the month of January. This led to the expansion of D2 drought into all but far southern Boone county on January 6th. These drought conditions continued into at least February 2026.,CSV
202601,1,0,202601,31,2359,208481,1311378,INDIANA,18,2026,January,Drought,Z,40,MADISON,IND,01-JAN-26 00:00:00,EST-5,31-JAN-26 23:59:00,0,0,0,0,,,Drought Monitor,,,,,,,,,,,,,,,,,,,,,,"Overall dry conditions that had resulted in Extreme Drought (D3) over north-central Indiana by late 2025 generally expanded and intensified throughout January 2026. While D2 and D3 levels were maintained from the previous month, a significant degradation occurred on the January 6th update, where D3 intensity expanded across the heart of the region. These drought conditions remained entrenched without improvement through the end of the month and continued into at least February 2026.||This status quo included a primary sub-region where D3 conditions expanded to cover the entirety of Howard County and much of Carroll and Delaware counties. Significant expansion of Severe Drought (D2) was also noted, moving to encompass the remainder of Clinton, Hamilton, and Vermillion counties. Meanwhile, D2 intensity was maintained across northern Henry County and northwestern Vigo County, with a small additional expansion into north-central Vigo. In the northeast, Tipton County saw an intensification as D3 pushed into its northern portions, while D3 remained fixed in the far northwestern corner of Randolph County.||Precipitation throughout January for these areas was critically low, with many totals falling between 0.75 and 1.25 inches. Specifically, Carroll, Randolph, and Howard counties saw meager totals of 0.75 to 1.10 inches, which directly triggered the expansion of D3 intensity. Even in areas like Henry County, which received a slightly higher 1.50 to 2.25 inches, the moisture was not enough to warrant improvement. These sustained deficits, often totaling less than 50% of normal monthly rainfall, ensured that the drought not only persisted but worsened across the central Indiana landscape.","Precipitation totaled only around 1.00 to 1.25 inches across the month of January. This maintained D2 conditions across the northern half of Madison county. On the January 6th update, D3 expanded to cover much of the rest of the northern portion of the county with D2 conditions elsewhere. These drought conditions continued into at least February 2026.",CSV
202601,7,700,202601,31,2359,209382,1305049,INDIANA,18,2026,January,Drought,Z,44,PARKE,IND,07-JAN-26 07:00:00,EST-5,31-JAN-26 23:59:00,0,0,0,0,,,Drought Monitor,,,,,,,,,,,,,,,,,,,,,,"Overall dry conditions that had resulted in lingering drought across central Indiana generally expanded and intensified to Severe Drought (D2) by January 6th, 2026. This expansion brought D2 intensity into portions of 6 additional central Indiana counties, with these drought conditions then maintained without any significant improvement through the remainder of the month. These conditions continued to persist into at least February 2026.||This status quo included a newly expanded sub-region that held D2 over the entirety of Fountain, Warren, and Tippecanoe counties, as well as nearly all of Montgomery and Boone counties, excluding only their far southern reaches. Additionally, the expansion of D2 drought reached into northwestern Parke County. This westward and southward creep of Severe Drought conditions effectively bridged gaps between existing dry zones, creating a broader footprint of D2 intensity across the western portion of the state.||Precipitation throughout January for these areas was notably sparse, with totals ranging from only 0.75 to 1.50 inches. Specifically, areas like Fountain and Tippecanoe counties saw extremely low totals of 0.75 to 1.10 inches, which was not enough to warrant any improvement or prevent the expansion of drought intensity. Even in areas like Montgomery and Boone counties, where totals reached up to 1.60 or 1.80 inches, the moisture was insufficient to stave off the D2 designation, ensuring the drought status remained entrenched heading into February.",Precipitation totaled only around 1.10 to 1.50 inches across the month of January. This led to the expansion of D2 drought into northwestern Parke county on January 6th. These drought conditions continued into at least February 2026.,CSV
202601,1,0,202601,31,2359,208481,1305013,INDIANA,18,2026,January,Drought,Z,21,CARROLL,IND,01-JAN-26 00:00:00,EST-5,31-JAN-26 23:59:00,0,0,0,0,,,Drought Monitor,,,,,,,,,,,,,,,,,,,,,,"Overall dry conditions that had resulted in Extreme Drought (D3) over north-central Indiana by late 2025 generally expanded and intensified throughout January 2026. While D2 and D3 levels were maintained from the previous month, a significant degradation occurred on the January 6th update, where D3 intensity expanded across the heart of the region. These drought conditions remained entrenched without improvement through the end of the month and continued into at least February 2026.||This status quo included a primary sub-region where D3 conditions expanded to cover the entirety of Howard County and much of Carroll and Delaware counties. Significant expansion of Severe Drought (D2) was also noted, moving to encompass the remainder of Clinton, Hamilton, and Vermillion counties. Meanwhile, D2 intensity was maintained across northern Henry County and northwestern Vigo County, with a small additional expansion into north-central Vigo. In the northeast, Tipton County saw an intensification as D3 pushed into its northern portions, while D3 remained fixed in the far northwestern corner of Randolph County.||Precipitation throughout January for these areas was critically low, with many totals falling between 0.75 and 1.25 inches. Specifically, Carroll, Randolph, and Howard counties saw meager totals of 0.75 to 1.10 inches, which directly triggered the expansion of D3 intensity. Even in areas like Henry County, which received a slightly higher 1.50 to 2.25 inches, the moisture was not enough to warrant improvement. These sustained deficits, often totaling less than 50% of normal monthly rainfall, ensured that the drought not only persisted but worsened across the central Indiana landscape.","Precipitation totaled only around 0.75 inches across the month of January. This maintained D2 conditions across much of Carroll county with D3 conditions in the northeast. On the January 6th update, D3 expanded to cover much of the county. These drought conditions continued into at least February 2026.",CSV
202601,1,0,202601,31,2359,208481,1305016,INDIANA,18,2026,January,Drought,Z,38,TIPTON,IND,01-JAN-26 00:00:00,EST-5,31-JAN-26 23:59:00,0,0,0,0,,,Drought Monitor,,,,,,,,,,,,,,,,,,,,,,"Overall dry conditions that had resulted in Extreme Drought (D3) over north-central Indiana by late 2025 generally expanded and intensified throughout January 2026. While D2 and D3 levels were maintained from the previous month, a significant degradation occurred on the January 6th update, where D3 intensity expanded across the heart of the region. These drought conditions remained entrenched without improvement through the end of the month and continued into at least February 2026.||This status quo included a primary sub-region where D3 conditions expanded to cover the entirety of Howard County and much of Carroll and Delaware counties. Significant expansion of Severe Drought (D2) was also noted, moving to encompass the remainder of Clinton, Hamilton, and Vermillion counties. Meanwhile, D2 intensity was maintained across northern Henry County and northwestern Vigo County, with a small additional expansion into north-central Vigo. In the northeast, Tipton County saw an intensification as D3 pushed into its northern portions, while D3 remained fixed in the far northwestern corner of Randolph County.||Precipitation throughout January for these areas was critically low, with many totals falling between 0.75 and 1.25 inches. Specifically, Carroll, Randolph, and Howard counties saw meager totals of 0.75 to 1.10 inches, which directly triggered the expansion of D3 intensity. Even in areas like Henry County, which received a slightly higher 1.50 to 2.25 inches, the moisture was not enough to warrant improvement. These sustained deficits, often totaling less than 50% of normal monthly rainfall, ensured that the drought not only persisted but worsened across the central Indiana landscape.","Precipitation totaled only around 1.1 inches across the month of January. This maintained D2 conditions across much of Tipton county. On the January 6th update, D3 expanded into the northern portion of the county with D2 elsewhere. These drought conditions continued into at least February 2026.",CSV
202601,18,1700,202601,19,800,209412,1305171,INDIANA,18,2026,January,Winter Weather,Z,103,NORTHERN LA PORTE COUNTY,IWX,18-JAN-26 17:00:00,CST-6,19-JAN-26 08:00:00,0,0,0,0,0.00K,0.00K,CoCoRaHS,,,,,,,,,,,,,,,,,,,,,,System snow overspread far northern Indiana during the evening hours of January 18th which was followed by periods of lake effect snow on January 19th behind an arctic front. Storm total snowfall accumulations ranged from 2 to 4 inches across portions of far northern Indiana generally along and north of Interstate 80. Strong winds coupled with the snow and blowing snow produced significant visibility reductions at times and hazardous travel conditions.,"Light system snow during the late afternoon and evening of January 18th was followed by bands of lake effect snow.  The combination of west wind gusts of 30 to 40 mph and the snowfall resulted in significant visibility reductions at times due to snow and blowing snow. Storm total snow accumulations were in the 2 to 4 inch range. A report of 4 inches of snow was received 1.9 miles north northeast of Mill Creek, IN.  Numerous slide-offs and accidents were reported across the region.  In addition, wind chills dropped to as cold as 20 below during the early morning hours of January 19th extending into early afternoon.",CSV
202601,18,1700,202601,19,1300,209412,1305174,INDIANA,18,2026,January,Winter Weather,Z,204,WESTERN ST. JOSEPH COUNTY,IWX,18-JAN-26 17:00:00,EST-5,19-JAN-26 13:00:00,0,0,0,0,0.00K,0.00K,CoCoRaHS,,,,,,,,,,,,,,,,,,,,,,System snow overspread far northern Indiana during the evening hours of January 18th which was followed by periods of lake effect snow on January 19th behind an arctic front. Storm total snowfall accumulations ranged from 2 to 4 inches across portions of far northern Indiana generally along and north of Interstate 80. Strong winds coupled with the snow and blowing snow produced significant visibility reductions at times and hazardous travel conditions.,"Light system snow during the late afternoon and evening of January 18th was followed by bands of lake effect snow.  The combination of west wind gusts of 30 to 40 mph and the snowfall resulted in significant visibility reductions at times due to snow and blowing snow. Storm total snow accumulations were in the 2 to 4 inch range.    Numerous slide-offs and accidents were reported across the region.  In addition, wind chills dropped to as cold as 20 below during the early morning hours of January 19th extending into early afternoon.",CSV
202601,6,700,202601,31,2359,209382,1305050,INDIANA,18,2026,January,Drought,Z,35,FOUNTAIN,IND,06-JAN-26 07:00:00,EST-5,31-JAN-26 23:59:00,0,0,0,0,,,Drought Monitor,,,,,,,,,,,,,,,,,,,,,,"Overall dry conditions that had resulted in lingering drought across central Indiana generally expanded and intensified to Severe Drought (D2) by January 6th, 2026. This expansion brought D2 intensity into portions of 6 additional central Indiana counties, with these drought conditions then maintained without any significant improvement through the remainder of the month. These conditions continued to persist into at least February 2026.||This status quo included a newly expanded sub-region that held D2 over the entirety of Fountain, Warren, and Tippecanoe counties, as well as nearly all of Montgomery and Boone counties, excluding only their far southern reaches. Additionally, the expansion of D2 drought reached into northwestern Parke County. This westward and southward creep of Severe Drought conditions effectively bridged gaps between existing dry zones, creating a broader footprint of D2 intensity across the western portion of the state.||Precipitation throughout January for these areas was notably sparse, with totals ranging from only 0.75 to 1.50 inches. Specifically, areas like Fountain and Tippecanoe counties saw extremely low totals of 0.75 to 1.10 inches, which was not enough to warrant any improvement or prevent the expansion of drought intensity. Even in areas like Montgomery and Boone counties, where totals reached up to 1.60 or 1.80 inches, the moisture was insufficient to stave off the D2 designation, ensuring the drought status remained entrenched heading into February.",Precipitation totaled only around 0.75 inches across the month of January. This led to the expansion of D2 drought into the entirety of Fountain county on January 6th. These drought conditions continued into at least February 2026.,CSV
202601,24,1600,202601,25,1900,209603,1309865,INDIANA,18,2026,January,Heavy Snow,Z,48,HANCOCK,IND,24-JAN-26 16:00:00,EST-5,25-JAN-26 19:00:00,0,0,0,0,,,Park/Forest Service,,,,,,,,,,,,,,,,,,,,,,"A large-strong low pressure system produced heavy snow across central Indiana January 24th through January 25th. Over a foot of snow fell in most counties across south-central Indiana. Indianapolis broke the daily record snowfall total on January 25th with 9.1 inches. The heavy snow led to 29 Travel Warnings, 9 Travel Watches, and 1 Travel Advisory.||Indiana State Police in the Indianapolis district alone responded to 264 crashes (33 with injuries), 158 slide-offs, and 529 motorist assists for vehicles stuck in snow or broken down from Saturday afternoon on January 24th through Tuesday morning on January 27th. Any accidents responded to by local entities would have been in addition to this number.",Snowfall amounts ranged from 10.0 to 12.5 inches. A Travel Warning was issued for the county due to the impacts of snow on road conditions.,CSV
202601,24,1500,202601,25,1830,209603,1309866,INDIANA,18,2026,January,Heavy Snow,Z,46,HENDRICKS,IND,24-JAN-26 15:00:00,EST-5,25-JAN-26 18:30:00,0,0,0,0,,,CoCoRaHS,,,,,,,,,,,,,,,,,,,,,,"A large-strong low pressure system produced heavy snow across central Indiana January 24th through January 25th. Over a foot of snow fell in most counties across south-central Indiana. Indianapolis broke the daily record snowfall total on January 25th with 9.1 inches. The heavy snow led to 29 Travel Warnings, 9 Travel Watches, and 1 Travel Advisory.||Indiana State Police in the Indianapolis district alone responded to 264 crashes (33 with injuries), 158 slide-offs, and 529 motorist assists for vehicles stuck in snow or broken down from Saturday afternoon on January 24th through Tuesday morning on January 27th. Any accidents responded to by local entities would have been in addition to this number.",Snowfall amounts ranged from 9.6 to 11.4 inches. A Travel Warning was issued for the county due to the impacts of snow on road conditions.,CSV
202601,24,1600,202601,25,1900,209603,1309867,INDIANA,18,2026,January,Heavy Snow,Z,49,HENRY,IND,24-JAN-26 16:00:00,EST-5,25-JAN-26 19:00:00,0,0,0,0,,,CoCoRaHS,,,,,,,,,,,,,,,,,,,,,,"A large-strong low pressure system produced heavy snow across central Indiana January 24th through January 25th. Over a foot of snow fell in most counties across south-central Indiana. Indianapolis broke the daily record snowfall total on January 25th with 9.1 inches. The heavy snow led to 29 Travel Warnings, 9 Travel Watches, and 1 Travel Advisory.||Indiana State Police in the Indianapolis district alone responded to 264 crashes (33 with injuries), 158 slide-offs, and 529 motorist assists for vehicles stuck in snow or broken down from Saturday afternoon on January 24th through Tuesday morning on January 27th. Any accidents responded to by local entities would have been in addition to this number.",Snowfall amounts ranged from 9.3 to 12.0 inches. A Travel Warning was issued for the county due to the impacts of snow on road conditions.,CSV
202601,24,1800,202601,25,1800,209603,1309868,INDIANA,18,2026,January,Heavy Snow,Z,31,HOWARD,IND,24-JAN-26 18:00:00,EST-5,25-JAN-26 18:00:00,0,0,0,0,,,CoCoRaHS,,,,,,,,,,,,,,,,,,,,,,"A large-strong low pressure system produced heavy snow across central Indiana January 24th through January 25th. Over a foot of snow fell in most counties across south-central Indiana. Indianapolis broke the daily record snowfall total on January 25th with 9.1 inches. The heavy snow led to 29 Travel Warnings, 9 Travel Watches, and 1 Travel Advisory.||Indiana State Police in the Indianapolis district alone responded to 264 crashes (33 with injuries), 158 slide-offs, and 529 motorist assists for vehicles stuck in snow or broken down from Saturday afternoon on January 24th through Tuesday morning on January 27th. Any accidents responded to by local entities would have been in addition to this number.",Snowfall amounts ranged from 6.4 to 8.0 inches. A Travel Watch was issued for the county due to the impacts of snow on road conditions.,CSV
202601,24,1500,202601,25,1900,209603,1309869,INDIANA,18,2026,January,Heavy Snow,Z,71,JACKSON,IND,24-JAN-26 15:00:00,EST-5,25-JAN-26 19:00:00,0,0,0,0,,,Trained Spotter,,,,,,,,,,,,,,,,,,,,,,"A large-strong low pressure system produced heavy snow across central Indiana January 24th through January 25th. Over a foot of snow fell in most counties across south-central Indiana. Indianapolis broke the daily record snowfall total on January 25th with 9.1 inches. The heavy snow led to 29 Travel Warnings, 9 Travel Watches, and 1 Travel Advisory.||Indiana State Police in the Indianapolis district alone responded to 264 crashes (33 with injuries), 158 slide-offs, and 529 motorist assists for vehicles stuck in snow or broken down from Saturday afternoon on January 24th through Tuesday morning on January 27th. Any accidents responded to by local entities would have been in addition to this number.",Snowfall amounts ranged from 14.0 to 16.0 inches. A Travel Warning was issued for the county due to the impacts of snow on road conditions.,CSV
202601,24,1600,202601,25,1900,209603,1309870,INDIANA,18,2026,January,Heavy Snow,Z,72,JENNINGS,IND,24-JAN-26 16:00:00,EST-5,25-JAN-26 19:00:00,0,0,0,0,,,CoCoRaHS,,,,,,,,,,,,,,,,,,,,,,"A large-strong low pressure system produced heavy snow across central Indiana January 24th through January 25th. Over a foot of snow fell in most counties across south-central Indiana. Indianapolis broke the daily record snowfall total on January 25th with 9.1 inches. The heavy snow led to 29 Travel Warnings, 9 Travel Watches, and 1 Travel Advisory.||Indiana State Police in the Indianapolis district alone responded to 264 crashes (33 with injuries), 158 slide-offs, and 529 motorist assists for vehicles stuck in snow or broken down from Saturday afternoon on January 24th through Tuesday morning on January 27th. Any accidents responded to by local entities would have been in addition to this number.",Snowfall amounts ranged from 10.0 to 13.0 inches. A Travel Warning was issued for the county due to the impacts of snow on road conditions.,CSV
202601,14,1200,202601,14,1600,209197,1313229,INDIANA,18,2026,January,Strong Wind,Z,82,PIKE,PAH,14-JAN-26 12:00:00,CST-6,14-JAN-26 16:00:00,0,0,0,0,1.00K,0.00K,AWOS,35.00,EG,,,,,,,,,,,,,,,,,,,,Breezy northwesterly winds behind a cold front resulted in gusts reaching up to around 40mph in Southwest Indiana during the midday to afternoon hours as high pressure moved towards the Midwest.,,CSV
202601,14,1200,202601,14,1600,209197,1313230,INDIANA,18,2026,January,Strong Wind,Z,87,WARRICK,PAH,14-JAN-26 12:00:00,CST-6,14-JAN-26 16:00:00,0,0,0,0,1.00K,0.00K,AWOS,35.00,EG,,,,,,,,,,,,,,,,,,,,Breezy northwesterly winds behind a cold front resulted in gusts reaching up to around 40mph in Southwest Indiana during the midday to afternoon hours as high pressure moved towards the Midwest.,,CSV
202601,14,1200,202601,14,1600,209197,1313231,INDIANA,18,2026,January,Strong Wind,Z,86,VANDERBURGH,PAH,14-JAN-26 12:00:00,CST-6,14-JAN-26 16:00:00,0,0,0,0,1.00K,0.00K,ASOS,36.00,MG,,,,,,,,,,,,,,,,,,,,Breezy northwesterly winds behind a cold front resulted in gusts reaching up to around 40mph in Southwest Indiana during the midday to afternoon hours as high pressure moved towards the Midwest.,,CSV
202601,24,1530,202601,25,1900,209603,1309871,INDIANA,18,2026,January,Heavy Snow,Z,55,JOHNSON,IND,24-JAN-26 15:30:00,EST-5,25-JAN-26 19:00:00,0,0,0,0,,,CoCoRaHS,,,,,,,,,,,,,,,,,,,,,,"A large-strong low pressure system produced heavy snow across central Indiana January 24th through January 25th. Over a foot of snow fell in most counties across south-central Indiana. Indianapolis broke the daily record snowfall total on January 25th with 9.1 inches. The heavy snow led to 29 Travel Warnings, 9 Travel Watches, and 1 Travel Advisory.||Indiana State Police in the Indianapolis district alone responded to 264 crashes (33 with injuries), 158 slide-offs, and 529 motorist assists for vehicles stuck in snow or broken down from Saturday afternoon on January 24th through Tuesday morning on January 27th. Any accidents responded to by local entities would have been in addition to this number.",Snowfall amounts ranged from 10.0 to 13.7 inches. A Travel Warning was issued for the county due to the impacts of snow on road conditions.,CSV
202601,24,1230,202601,25,1800,209603,1309872,INDIANA,18,2026,January,Heavy Snow,Z,67,KNOX,IND,24-JAN-26 12:30:00,EST-5,25-JAN-26 18:00:00,0,0,0,0,,,NWS Employee,,,,,,,,,,,,,,,,,,,,,,"A large-strong low pressure system produced heavy snow across central Indiana January 24th through January 25th. Over a foot of snow fell in most counties across south-central Indiana. Indianapolis broke the daily record snowfall total on January 25th with 9.1 inches. The heavy snow led to 29 Travel Warnings, 9 Travel Watches, and 1 Travel Advisory.||Indiana State Police in the Indianapolis district alone responded to 264 crashes (33 with injuries), 158 slide-offs, and 529 motorist assists for vehicles stuck in snow or broken down from Saturday afternoon on January 24th through Tuesday morning on January 27th. Any accidents responded to by local entities would have been in addition to this number.",Snowfall amounts ranged from 11.0 to 16.0 inches. A Travel Warning was issued for the county due to the impacts of snow on road conditions.,CSV
202601,24,1400,202601,25,1830,209603,1309873,INDIANA,18,2026,January,Heavy Snow,Z,70,LAWRENCE,IND,24-JAN-26 14:00:00,EST-5,25-JAN-26 18:30:00,0,0,0,0,,,CoCoRaHS,,,,,,,,,,,,,,,,,,,,,,"A large-strong low pressure system produced heavy snow across central Indiana January 24th through January 25th. Over a foot of snow fell in most counties across south-central Indiana. Indianapolis broke the daily record snowfall total on January 25th with 9.1 inches. The heavy snow led to 29 Travel Warnings, 9 Travel Watches, and 1 Travel Advisory.||Indiana State Police in the Indianapolis district alone responded to 264 crashes (33 with injuries), 158 slide-offs, and 529 motorist assists for vehicles stuck in snow or broken down from Saturday afternoon on January 24th through Tuesday morning on January 27th. Any accidents responded to by local entities would have been in addition to this number.",Snowfall amounts ranged from 10.8 to 16.0 inches. A Travel Warning was issued for the county due to the impacts of snow on road conditions.,CSV
202601,23,1700,202601,24,1000,209208,1307253,INDIANA,18,2026,January,Cold/Wind Chill,Z,81,GIBSON,PAH,23-JAN-26 17:00:00,CST-6,24-JAN-26 10:00:00,0,0,0,0,0.00K,0.00K,ASOS,,,,,,,,,,,,,,,,,,,,,,"A strong cold front moved across southwest Indiana, followed by a ridge of high pressure that originated from Siberia, bringing prolonged sub-freezing temperatures beginning on the 23rd. Breezy northerly winds with gusts over 20 mph caused wind chills to plummet between -5 to -12 degrees during the evening hours and continued into the morning of the 24th. A lull in the dangerous wind chills occurred on the 25th when a major winter storm was ongoing.",,CSV
202601,24,2000,202601,26,300,210235,1311355,INDIANA,18,2026,January,Winter Storm,Z,66,FRANKLIN,ILN,24-JAN-26 20:00:00,EST-5,26-JAN-26 03:00:00,0,0,0,0,,,911 Call Center,,,,,,,,,,,,,,,,,,,,,,A strong winter storm began Saturday night and continued through Sunday as it passed over an entrenched arctic airmass. A strengthening surface low over the Tennessee Valley combined with upper level dynamics to produce snowfall of up to a foot in some areas.,A dispatcher measured 15.5 inches of snow 6 miles south-southeast of Laurel.,CSV
202601,24,2000,202601,26,300,210235,1311356,INDIANA,18,2026,January,Winter Storm,Z,75,OHIO,ILN,24-JAN-26 20:00:00,EST-5,26-JAN-26 03:00:00,0,0,0,0,,,911 Call Center,,,,,,,,,,,,,,,,,,,,,,A strong winter storm began Saturday night and continued through Sunday as it passed over an entrenched arctic airmass. A strengthening surface low over the Tennessee Valley combined with upper level dynamics to produce snowfall of up to a foot in some areas.,"In Rising Sun, 8.5 inches of snow was measured.",CSV
202601,31,400,202601,31,1000,209234,1310366,INDIANA,18,2026,January,Cold/Wind Chill,Z,81,GIBSON,PAH,31-JAN-26 04:00:00,CST-6,31-JAN-26 10:00:00,0,0,0,0,0.00K,0.00K,ASOS,,,,,,,,,,,,,,,,,,,,,,"An Arctic cold front moved through southwest Indiana on the morning of the 30th, bringing cold temperatures down to the teens. Blustery northwest winds caused wind chills to fall around -5 to -7 on the morning of the 31st. Dangerous wind chills were variable across the region with Spencer County remaining above threshold.",,CSV
202601,31,100,202601,31,1000,209234,1310367,INDIANA,18,2026,January,Cold/Wind Chill,Z,82,PIKE,PAH,31-JAN-26 01:00:00,CST-6,31-JAN-26 10:00:00,0,0,0,0,0.00K,0.00K,ASOS,,,,,,,,,,,,,,,,,,,,,,"An Arctic cold front moved through southwest Indiana on the morning of the 30th, bringing cold temperatures down to the teens. Blustery northwest winds caused wind chills to fall around -5 to -7 on the morning of the 31st. Dangerous wind chills were variable across the region with Spencer County remaining above threshold.",,CSV
202601,31,600,202601,31,1000,209234,1310368,INDIANA,18,2026,January,Cold/Wind Chill,Z,85,POSEY,PAH,31-JAN-26 06:00:00,CST-6,31-JAN-26 10:00:00,0,0,0,0,0.00K,0.00K,ASOS,,,,,,,,,,,,,,,,,,,,,,"An Arctic cold front moved through southwest Indiana on the morning of the 30th, bringing cold temperatures down to the teens. Blustery northwest winds caused wind chills to fall around -5 to -7 on the morning of the 31st. Dangerous wind chills were variable across the region with Spencer County remaining above threshold.",,CSV
202601,31,400,202601,31,1000,209234,1310369,INDIANA,18,2026,January,Cold/Wind Chill,Z,86,VANDERBURGH,PAH,31-JAN-26 04:00:00,CST-6,31-JAN-26 10:00:00,0,0,0,0,0.00K,0.00K,ASOS,,,,,,,,,,,,,,,,,,,,,,"An Arctic cold front moved through southwest Indiana on the morning of the 30th, bringing cold temperatures down to the teens. Blustery northwest winds caused wind chills to fall around -5 to -7 on the morning of the 31st. Dangerous wind chills were variable across the region with Spencer County remaining above threshold.",,CSV
202601,31,400,202601,31,1000,209234,1310370,INDIANA,18,2026,January,Cold/Wind Chill,Z,87,WARRICK,PAH,31-JAN-26 04:00:00,CST-6,31-JAN-26 10:00:00,0,0,0,0,0.00K,0.00K,ASOS,,,,,,,,,,,,,,,,,,,,,,"An Arctic cold front moved through southwest Indiana on the morning of the 30th, bringing cold temperatures down to the teens. Blustery northwest winds caused wind chills to fall around -5 to -7 on the morning of the 31st. Dangerous wind chills were variable across the region with Spencer County remaining above threshold.",,CSV
202601,24,1600,202601,25,1900,209603,1309874,INDIANA,18,2026,January,Heavy Snow,Z,40,MADISON,IND,24-JAN-26 16:00:00,EST-5,25-JAN-26 19:00:00,0,0,0,0,,,CoCoRaHS,,,,,,,,,,,,,,,,,,,,,,"A large-strong low pressure system produced heavy snow across central Indiana January 24th through January 25th. Over a foot of snow fell in most counties across south-central Indiana. Indianapolis broke the daily record snowfall total on January 25th with 9.1 inches. The heavy snow led to 29 Travel Warnings, 9 Travel Watches, and 1 Travel Advisory.||Indiana State Police in the Indianapolis district alone responded to 264 crashes (33 with injuries), 158 slide-offs, and 529 motorist assists for vehicles stuck in snow or broken down from Saturday afternoon on January 24th through Tuesday morning on January 27th. Any accidents responded to by local entities would have been in addition to this number.",Snowfall amounts ranged from 9.0 to 11.5 inches. A Travel Warning was issued for the county due to the impacts of snow on road conditions.,CSV
202601,24,1400,202601,25,1830,209603,1309876,INDIANA,18,2026,January,Heavy Snow,Z,69,MARTIN,IND,24-JAN-26 14:00:00,EST-5,25-JAN-26 18:30:00,0,0,0,0,,,CoCoRaHS,,,,,,,,,,,,,,,,,,,,,,"A large-strong low pressure system produced heavy snow across central Indiana January 24th through January 25th. Over a foot of snow fell in most counties across south-central Indiana. Indianapolis broke the daily record snowfall total on January 25th with 9.1 inches. The heavy snow led to 29 Travel Warnings, 9 Travel Watches, and 1 Travel Advisory.||Indiana State Police in the Indianapolis district alone responded to 264 crashes (33 with injuries), 158 slide-offs, and 529 motorist assists for vehicles stuck in snow or broken down from Saturday afternoon on January 24th through Tuesday morning on January 27th. Any accidents responded to by local entities would have been in addition to this number.",Snowfall amounts ranged from 11.9 to 14.0 inches. A Travel Warning was issued for the county due to the impacts of snow on road conditions.,CSV
202601,24,1430,202601,25,1830,209603,1309877,INDIANA,18,2026,January,Heavy Snow,Z,62,MONROE,IND,24-JAN-26 14:30:00,EST-5,25-JAN-26 18:30:00,0,0,0,0,,,CoCoRaHS,,,,,,,,,,,,,,,,,,,,,,"A large-strong low pressure system produced heavy snow across central Indiana January 24th through January 25th. Over a foot of snow fell in most counties across south-central Indiana. Indianapolis broke the daily record snowfall total on January 25th with 9.1 inches. The heavy snow led to 29 Travel Warnings, 9 Travel Watches, and 1 Travel Advisory.||Indiana State Police in the Indianapolis district alone responded to 264 crashes (33 with injuries), 158 slide-offs, and 529 motorist assists for vehicles stuck in snow or broken down from Saturday afternoon on January 24th through Tuesday morning on January 27th. Any accidents responded to by local entities would have been in addition to this number.",Snowfall amounts ranged from 11.0 to 14.5 inches. A Travel Warning was issued for the county due to the impacts of snow on road conditions.,CSV
202601,23,1700,202601,24,1000,209208,1307255,INDIANA,18,2026,January,Cold/Wind Chill,Z,82,PIKE,PAH,23-JAN-26 17:00:00,CST-6,24-JAN-26 10:00:00,0,0,0,0,0.00K,0.00K,ASOS,,,,,,,,,,,,,,,,,,,,,,"A strong cold front moved across southwest Indiana, followed by a ridge of high pressure that originated from Siberia, bringing prolonged sub-freezing temperatures beginning on the 23rd. Breezy northerly winds with gusts over 20 mph caused wind chills to plummet between -5 to -12 degrees during the evening hours and continued into the morning of the 24th. A lull in the dangerous wind chills occurred on the 25th when a major winter storm was ongoing.",,CSV
202601,23,1800,202601,24,1000,209208,1307256,INDIANA,18,2026,January,Cold/Wind Chill,Z,85,POSEY,PAH,23-JAN-26 18:00:00,CST-6,24-JAN-26 10:00:00,0,0,0,0,0.00K,0.00K,ASOS,,,,,,,,,,,,,,,,,,,,,,"A strong cold front moved across southwest Indiana, followed by a ridge of high pressure that originated from Siberia, bringing prolonged sub-freezing temperatures beginning on the 23rd. Breezy northerly winds with gusts over 20 mph caused wind chills to plummet between -5 to -12 degrees during the evening hours and continued into the morning of the 24th. A lull in the dangerous wind chills occurred on the 25th when a major winter storm was ongoing.",,CSV
202601,23,1800,202601,24,1000,209208,1307257,INDIANA,18,2026,January,Cold/Wind Chill,Z,86,VANDERBURGH,PAH,23-JAN-26 18:00:00,CST-6,24-JAN-26 10:00:00,0,0,0,0,0.00K,0.00K,ASOS,,,,,,,,,,,,,,,,,,,,,,"A strong cold front moved across southwest Indiana, followed by a ridge of high pressure that originated from Siberia, bringing prolonged sub-freezing temperatures beginning on the 23rd. Breezy northerly winds with gusts over 20 mph caused wind chills to plummet between -5 to -12 degrees during the evening hours and continued into the morning of the 24th. A lull in the dangerous wind chills occurred on the 25th when a major winter storm was ongoing.",,CSV
202601,23,1800,202601,24,900,209208,1307258,INDIANA,18,2026,January,Cold/Wind Chill,Z,87,WARRICK,PAH,23-JAN-26 18:00:00,CST-6,24-JAN-26 09:00:00,0,0,0,0,0.00K,0.00K,ASOS,,,,,,,,,,,,,,,,,,,,,,"A strong cold front moved across southwest Indiana, followed by a ridge of high pressure that originated from Siberia, bringing prolonged sub-freezing temperatures beginning on the 23rd. Breezy northerly winds with gusts over 20 mph caused wind chills to plummet between -5 to -12 degrees during the evening hours and continued into the morning of the 24th. A lull in the dangerous wind chills occurred on the 25th when a major winter storm was ongoing.",,CSV
202601,23,1900,202601,24,800,209208,1307260,INDIANA,18,2026,January,Cold/Wind Chill,Z,88,SPENCER,PAH,23-JAN-26 19:00:00,CST-6,24-JAN-26 08:00:00,0,0,0,0,0.00K,0.00K,ASOS,,,,,,,,,,,,,,,,,,,,,,"A strong cold front moved across southwest Indiana, followed by a ridge of high pressure that originated from Siberia, bringing prolonged sub-freezing temperatures beginning on the 23rd. Breezy northerly winds with gusts over 20 mph caused wind chills to plummet between -5 to -12 degrees during the evening hours and continued into the morning of the 24th. A lull in the dangerous wind chills occurred on the 25th when a major winter storm was ongoing.",,CSV
202601,25,2200,202601,27,600,209212,1307900,INDIANA,18,2026,January,Extreme Cold/Wind Chill,Z,81,GIBSON,PAH,25-JAN-26 22:00:00,CST-6,27-JAN-26 06:00:00,0,0,0,0,0.00K,0.00K,ASOS,,,,,,,,,,,,,,,,,,,,,,"A cold air mass with sub-freezing temperatures that originated from Siberia was reinforced by a major winter storm that brought a snowpack across portions of southwest Indiana on the 25th. Breezy west to northwest winds with occasional gusts around 20 mph caused dangerous intervals of wind chills between -15 to locally -18 in Vanderburgh County, IN on the 26th. Dangerous wind chills eventually came to an end during the morning hours of the 27th with wind chill values warming above -5.",,CSV
202601,25,2300,202601,27,800,209212,1307901,INDIANA,18,2026,January,Extreme Cold/Wind Chill,Z,82,PIKE,PAH,25-JAN-26 23:00:00,CST-6,27-JAN-26 08:00:00,0,0,0,0,0.00K,0.00K,ASOS,,,,,,,,,,,,,,,,,,,,,,"A cold air mass with sub-freezing temperatures that originated from Siberia was reinforced by a major winter storm that brought a snowpack across portions of southwest Indiana on the 25th. Breezy west to northwest winds with occasional gusts around 20 mph caused dangerous intervals of wind chills between -15 to locally -18 in Vanderburgh County, IN on the 26th. Dangerous wind chills eventually came to an end during the morning hours of the 27th with wind chill values warming above -5.",,CSV
202601,25,2200,202601,27,600,209212,1307902,INDIANA,18,2026,January,Extreme Cold/Wind Chill,Z,85,POSEY,PAH,25-JAN-26 22:00:00,CST-6,27-JAN-26 06:00:00,0,0,0,0,0.00K,0.00K,ASOS,,,,,,,,,,,,,,,,,,,,,,"A cold air mass with sub-freezing temperatures that originated from Siberia was reinforced by a major winter storm that brought a snowpack across portions of southwest Indiana on the 25th. Breezy west to northwest winds with occasional gusts around 20 mph caused dangerous intervals of wind chills between -15 to locally -18 in Vanderburgh County, IN on the 26th. Dangerous wind chills eventually came to an end during the morning hours of the 27th with wind chill values warming above -5.",,CSV
202601,25,2300,202601,27,800,209212,1307903,INDIANA,18,2026,January,Extreme Cold/Wind Chill,Z,86,VANDERBURGH,PAH,25-JAN-26 23:00:00,CST-6,27-JAN-26 08:00:00,0,0,0,0,0.00K,0.00K,ASOS,,,,,,,,,,,,,,,,,,,,,,"A cold air mass with sub-freezing temperatures that originated from Siberia was reinforced by a major winter storm that brought a snowpack across portions of southwest Indiana on the 25th. Breezy west to northwest winds with occasional gusts around 20 mph caused dangerous intervals of wind chills between -15 to locally -18 in Vanderburgh County, IN on the 26th. Dangerous wind chills eventually came to an end during the morning hours of the 27th with wind chill values warming above -5.",,CSV
202601,19,800,202601,19,900,209601,1306657,INDIANA,18,2026,January,Extreme Cold/Wind Chill,Z,28,WARREN,IND,19-JAN-26 08:00:00,EST-5,19-JAN-26 09:00:00,0,0,0,0,,,Mesonet,,,,,,,,,,,,,,,,,,,,,,"Following a period of active winter weather, much of central Indiana remained entrenched in a cold, arctic air mass as the 19th began. While ambient temperatures were not as deep into the negatives as previous events, a tightening pressure gradient across the region resulted in significantly higher wind speeds, which served as the primary driver for hazardous conditions.||West-northwest winds gusting to around 25-30 mph across central Indiana ushered in the cold by mid-morning on the 19th, with ambient lows holding steady at mainly single digit degrees across the impacted northern and central zones. These intense breezes led to a primary period of criteria wind chills for several counties, including Warren, Montgomery, Clinton, and Tipton. Wind chills fell to -20 to -25 within the 19th 0800-1100 EST period, with the most severe conditions observed in Montgomery County where the combination of single digit air and 25 mph sustained winds produced a -25 wind chill.","Temperatures on the morning of the 19th were as low as 4F, while gusty winds were sustained as high as 24 mph...resulting in extreme wind chills as low as -21F.",CSV
202601,19,900,202601,19,1100,209601,1306658,INDIANA,18,2026,January,Extreme Cold/Wind Chill,Z,36,MONTGOMERY,IND,19-JAN-26 09:00:00,EST-5,19-JAN-26 11:00:00,0,0,0,0,,,Mesonet,,,,,,,,,,,,,,,,,,,,,,"Following a period of active winter weather, much of central Indiana remained entrenched in a cold, arctic air mass as the 19th began. While ambient temperatures were not as deep into the negatives as previous events, a tightening pressure gradient across the region resulted in significantly higher wind speeds, which served as the primary driver for hazardous conditions.||West-northwest winds gusting to around 25-30 mph across central Indiana ushered in the cold by mid-morning on the 19th, with ambient lows holding steady at mainly single digit degrees across the impacted northern and central zones. These intense breezes led to a primary period of criteria wind chills for several counties, including Warren, Montgomery, Clinton, and Tipton. Wind chills fell to -20 to -25 within the 19th 0800-1100 EST period, with the most severe conditions observed in Montgomery County where the combination of single digit air and 25 mph sustained winds produced a -25 wind chill.","Temperatures on the morning of the 19th were as low as 4F, while gusty winds were sustained as high as 25 mph...resulting in extreme wind chills as low as -25F.",CSV
202601,14,745,202601,14,1200,209785,1308724,INDIANA,18,2026,January,Winter Weather,Z,1,LAKE,LOT,14-JAN-26 07:45:00,CST-6,14-JAN-26 12:00:00,0,0,0,0,0.00K,0.00K,Trained Spotter,,,,,,,,,,,,,,,,,,,,,,"A strong cold front moved across northwest Indiana during the morning of January 14th with a band of heavy snow and snow squalls.  Wind gusts were between 40 mph and 50 mph with a few higher gusts, including a gust to 58 mph near Lake Station. Visibility was reported to be near zero in many locations. A band of lake effect snow then move across far northwest Indiana through early afternoon. Snowfall amounts were 2 to 4 inches near Lake Michigan and 1 to 2 inches elsewhere.",,CSV
202601,14,745,202601,14,1300,209785,1308726,INDIANA,18,2026,January,Winter Weather,Z,2,PORTER,LOT,14-JAN-26 07:45:00,CST-6,14-JAN-26 13:00:00,0,0,0,0,0.00K,0.00K,Trained Spotter,,,,,,,,,,,,,,,,,,,,,,"A strong cold front moved across northwest Indiana during the morning of January 14th with a band of heavy snow and snow squalls.  Wind gusts were between 40 mph and 50 mph with a few higher gusts, including a gust to 58 mph near Lake Station. Visibility was reported to be near zero in many locations. A band of lake effect snow then move across far northwest Indiana through early afternoon. Snowfall amounts were 2 to 4 inches near Lake Michigan and 1 to 2 inches elsewhere.",,CSV
202601,24,1500,202601,25,1800,209603,1309878,INDIANA,18,2026,January,Heavy Snow,Z,36,MONTGOMERY,IND,24-JAN-26 15:00:00,EST-5,25-JAN-26 18:00:00,0,0,0,0,,,COOP Observer,,,,,,,,,,,,,,,,,,,,,,"A large-strong low pressure system produced heavy snow across central Indiana January 24th through January 25th. Over a foot of snow fell in most counties across south-central Indiana. Indianapolis broke the daily record snowfall total on January 25th with 9.1 inches. The heavy snow led to 29 Travel Warnings, 9 Travel Watches, and 1 Travel Advisory.||Indiana State Police in the Indianapolis district alone responded to 264 crashes (33 with injuries), 158 slide-offs, and 529 motorist assists for vehicles stuck in snow or broken down from Saturday afternoon on January 24th through Tuesday morning on January 27th. Any accidents responded to by local entities would have been in addition to this number.",Snowfall amounts up to 8.7 inches were reported. A Travel Watch was issued for the county due to the impacts of snow on road conditions.,CSV
202601,24,1500,202601,25,1830,209603,1309879,INDIANA,18,2026,January,Heavy Snow,Z,54,MORGAN,IND,24-JAN-26 15:00:00,EST-5,25-JAN-26 18:30:00,0,0,0,0,,,CoCoRaHS,,,,,,,,,,,,,,,,,,,,,,"A large-strong low pressure system produced heavy snow across central Indiana January 24th through January 25th. Over a foot of snow fell in most counties across south-central Indiana. Indianapolis broke the daily record snowfall total on January 25th with 9.1 inches. The heavy snow led to 29 Travel Warnings, 9 Travel Watches, and 1 Travel Advisory.||Indiana State Police in the Indianapolis district alone responded to 264 crashes (33 with injuries), 158 slide-offs, and 529 motorist assists for vehicles stuck in snow or broken down from Saturday afternoon on January 24th through Tuesday morning on January 27th. Any accidents responded to by local entities would have been in addition to this number.",Snowfall amounts ranged from 10.0 to 13.5 inches. A Travel Warning was issued for the county due to the impacts of snow on road conditions.,CSV
202601,24,1430,202601,25,1800,209603,1309880,INDIANA,18,2026,January,Heavy Snow,Z,53,OWEN,IND,24-JAN-26 14:30:00,EST-5,25-JAN-26 18:00:00,0,0,0,0,,,CoCoRaHS,,,,,,,,,,,,,,,,,,,,,,"A large-strong low pressure system produced heavy snow across central Indiana January 24th through January 25th. Over a foot of snow fell in most counties across south-central Indiana. Indianapolis broke the daily record snowfall total on January 25th with 9.1 inches. The heavy snow led to 29 Travel Warnings, 9 Travel Watches, and 1 Travel Advisory.||Indiana State Police in the Indianapolis district alone responded to 264 crashes (33 with injuries), 158 slide-offs, and 529 motorist assists for vehicles stuck in snow or broken down from Saturday afternoon on January 24th through Tuesday morning on January 27th. Any accidents responded to by local entities would have been in addition to this number.",Snowfall amounts ranged from 11.0 to 12.9 inches. A Travel Warning was issued for the county due to the impacts of snow on road conditions.,CSV
202601,25,2300,202601,27,800,209212,1307904,INDIANA,18,2026,January,Extreme Cold/Wind Chill,Z,87,WARRICK,PAH,25-JAN-26 23:00:00,CST-6,27-JAN-26 08:00:00,0,0,0,0,0.00K,0.00K,ASOS,,,,,,,,,,,,,,,,,,,,,,"A cold air mass with sub-freezing temperatures that originated from Siberia was reinforced by a major winter storm that brought a snowpack across portions of southwest Indiana on the 25th. Breezy west to northwest winds with occasional gusts around 20 mph caused dangerous intervals of wind chills between -15 to locally -18 in Vanderburgh County, IN on the 26th. Dangerous wind chills eventually came to an end during the morning hours of the 27th with wind chill values warming above -5.",,CSV
202601,25,2300,202601,27,800,209212,1307905,INDIANA,18,2026,January,Extreme Cold/Wind Chill,Z,88,SPENCER,PAH,25-JAN-26 23:00:00,CST-6,27-JAN-26 08:00:00,0,0,0,0,0.00K,0.00K,ASOS,,,,,,,,,,,,,,,,,,,,,,"A cold air mass with sub-freezing temperatures that originated from Siberia was reinforced by a major winter storm that brought a snowpack across portions of southwest Indiana on the 25th. Breezy west to northwest winds with occasional gusts around 20 mph caused dangerous intervals of wind chills between -15 to locally -18 in Vanderburgh County, IN on the 26th. Dangerous wind chills eventually came to an end during the morning hours of the 27th with wind chill values warming above -5.",,CSV
202601,19,1000,202601,19,1100,209601,1306659,INDIANA,18,2026,January,Extreme Cold/Wind Chill,Z,30,CLINTON,IND,19-JAN-26 10:00:00,EST-5,19-JAN-26 11:00:00,0,0,0,0,,,Mesonet,,,,,,,,,,,,,,,,,,,,,,"Following a period of active winter weather, much of central Indiana remained entrenched in a cold, arctic air mass as the 19th began. While ambient temperatures were not as deep into the negatives as previous events, a tightening pressure gradient across the region resulted in significantly higher wind speeds, which served as the primary driver for hazardous conditions.||West-northwest winds gusting to around 25-30 mph across central Indiana ushered in the cold by mid-morning on the 19th, with ambient lows holding steady at mainly single digit degrees across the impacted northern and central zones. These intense breezes led to a primary period of criteria wind chills for several counties, including Warren, Montgomery, Clinton, and Tipton. Wind chills fell to -20 to -25 within the 19th 0800-1100 EST period, with the most severe conditions observed in Montgomery County where the combination of single digit air and 25 mph sustained winds produced a -25 wind chill.","Temperatures on the morning of the 19th were as low as 4F, while gusty winds were sustained as high as 26 mph...resulting in extreme wind chills as low as -20F.",CSV
202601,19,1000,202601,19,1100,209601,1306660,INDIANA,18,2026,January,Extreme Cold/Wind Chill,Z,38,TIPTON,IND,19-JAN-26 10:00:00,EST-5,19-JAN-26 11:00:00,0,0,0,0,,,Mesonet,,,,,,,,,,,,,,,,,,,,,,"Following a period of active winter weather, much of central Indiana remained entrenched in a cold, arctic air mass as the 19th began. While ambient temperatures were not as deep into the negatives as previous events, a tightening pressure gradient across the region resulted in significantly higher wind speeds, which served as the primary driver for hazardous conditions.||West-northwest winds gusting to around 25-30 mph across central Indiana ushered in the cold by mid-morning on the 19th, with ambient lows holding steady at mainly single digit degrees across the impacted northern and central zones. These intense breezes led to a primary period of criteria wind chills for several counties, including Warren, Montgomery, Clinton, and Tipton. Wind chills fell to -20 to -25 within the 19th 0800-1100 EST period, with the most severe conditions observed in Montgomery County where the combination of single digit air and 25 mph sustained winds produced a -25 wind chill.","Temperatures on the morning of the 19th were as low as 4F, while gusty winds were sustained as high as 29 mph...resulting in extreme wind chills as low as -20F.",CSV
202601,14,830,202601,14,1030,209785,1308727,INDIANA,18,2026,January,Winter Weather,Z,10,NEWTON,LOT,14-JAN-26 08:30:00,CST-6,14-JAN-26 10:30:00,0,0,0,0,0.00K,0.00K,Trained Spotter,,,,,,,,,,,,,,,,,,,,,,"A strong cold front moved across northwest Indiana during the morning of January 14th with a band of heavy snow and snow squalls.  Wind gusts were between 40 mph and 50 mph with a few higher gusts, including a gust to 58 mph near Lake Station. Visibility was reported to be near zero in many locations. A band of lake effect snow then move across far northwest Indiana through early afternoon. Snowfall amounts were 2 to 4 inches near Lake Michigan and 1 to 2 inches elsewhere.",,CSV
202601,14,830,202601,14,1030,209785,1308728,INDIANA,18,2026,January,Winter Weather,Z,11,JASPER,LOT,14-JAN-26 08:30:00,CST-6,14-JAN-26 10:30:00,0,0,0,0,0.00K,0.00K,Trained Spotter,,,,,,,,,,,,,,,,,,,,,,"A strong cold front moved across northwest Indiana during the morning of January 14th with a band of heavy snow and snow squalls.  Wind gusts were between 40 mph and 50 mph with a few higher gusts, including a gust to 58 mph near Lake Station. Visibility was reported to be near zero in many locations. A band of lake effect snow then move across far northwest Indiana through early afternoon. Snowfall amounts were 2 to 4 inches near Lake Michigan and 1 to 2 inches elsewhere.",,CSV
202601,14,1030,202601,14,1200,209785,1308729,INDIANA,18,2026,January,Winter Weather,Z,19,BENTON,LOT,14-JAN-26 10:30:00,EST-5,14-JAN-26 12:00:00,0,0,0,0,0.00K,0.00K,Trained Spotter,,,,,,,,,,,,,,,,,,,,,,"A strong cold front moved across northwest Indiana during the morning of January 14th with a band of heavy snow and snow squalls.  Wind gusts were between 40 mph and 50 mph with a few higher gusts, including a gust to 58 mph near Lake Station. Visibility was reported to be near zero in many locations. A band of lake effect snow then move across far northwest Indiana through early afternoon. Snowfall amounts were 2 to 4 inches near Lake Michigan and 1 to 2 inches elsewhere.",,CSV
202601,14,930,202601,14,930,209785,1308730,INDIANA,18,2026,January,High Wind,Z,2,PORTER,LOT,14-JAN-26 09:30:00,CST-6,14-JAN-26 09:30:00,0,0,0,0,0.00K,0.00K,Public,50.00,MG,,,,,,,,,,,,,,,,,,,,"A strong cold front moved across northwest Indiana during the morning of January 14th with a band of heavy snow and snow squalls.  Wind gusts were between 40 mph and 50 mph with a few higher gusts, including a gust to 58 mph near Lake Station. Visibility was reported to be near zero in many locations. A band of lake effect snow then move across far northwest Indiana through early afternoon. Snowfall amounts were 2 to 4 inches near Lake Michigan and 1 to 2 inches elsewhere.",A personal weather station near Lake Station measured a wind gust to 58 mph.,CSV
202601,24,1430,202601,25,1800,209603,1309881,INDIANA,18,2026,January,Heavy Snow,Z,44,PARKE,IND,24-JAN-26 14:30:00,EST-5,25-JAN-26 18:00:00,0,0,0,0,,,CoCoRaHS,,,,,,,,,,,,,,,,,,,,,,"A large-strong low pressure system produced heavy snow across central Indiana January 24th through January 25th. Over a foot of snow fell in most counties across south-central Indiana. Indianapolis broke the daily record snowfall total on January 25th with 9.1 inches. The heavy snow led to 29 Travel Warnings, 9 Travel Watches, and 1 Travel Advisory.||Indiana State Police in the Indianapolis district alone responded to 264 crashes (33 with injuries), 158 slide-offs, and 529 motorist assists for vehicles stuck in snow or broken down from Saturday afternoon on January 24th through Tuesday morning on January 27th. Any accidents responded to by local entities would have been in addition to this number.",Snowfall amounts up to 7.8 inches were reported. A Travel Watch was issued for the county due to the impacts of snow on road conditions.,CSV
202601,24,1500,202601,25,1800,209603,1309882,INDIANA,18,2026,January,Heavy Snow,Z,45,PUTNAM,IND,24-JAN-26 15:00:00,EST-5,25-JAN-26 18:00:00,0,0,0,0,,,CoCoRaHS,,,,,,,,,,,,,,,,,,,,,,"A large-strong low pressure system produced heavy snow across central Indiana January 24th through January 25th. Over a foot of snow fell in most counties across south-central Indiana. Indianapolis broke the daily record snowfall total on January 25th with 9.1 inches. The heavy snow led to 29 Travel Warnings, 9 Travel Watches, and 1 Travel Advisory.||Indiana State Police in the Indianapolis district alone responded to 264 crashes (33 with injuries), 158 slide-offs, and 529 motorist assists for vehicles stuck in snow or broken down from Saturday afternoon on January 24th through Tuesday morning on January 27th. Any accidents responded to by local entities would have been in addition to this number.",Snowfall amounts ranged from 8.1 to 11.4 inches. A Travel Warning was issued for the county due to the impacts of snow on road conditions.,CSV
202601,24,1600,202601,25,1930,209603,1309883,INDIANA,18,2026,January,Heavy Snow,Z,42,RANDOLPH,IND,24-JAN-26 16:00:00,EST-5,25-JAN-26 19:30:00,0,0,0,0,,,CoCoRaHS,,,,,,,,,,,,,,,,,,,,,,"A large-strong low pressure system produced heavy snow across central Indiana January 24th through January 25th. Over a foot of snow fell in most counties across south-central Indiana. Indianapolis broke the daily record snowfall total on January 25th with 9.1 inches. The heavy snow led to 29 Travel Warnings, 9 Travel Watches, and 1 Travel Advisory.||Indiana State Police in the Indianapolis district alone responded to 264 crashes (33 with injuries), 158 slide-offs, and 529 motorist assists for vehicles stuck in snow or broken down from Saturday afternoon on January 24th through Tuesday morning on January 27th. Any accidents responded to by local entities would have been in addition to this number.",Snowfall amounts ranged from 7.6 to 11.0 inches. A Travel Warning was issued for the county due to the impacts of snow on road conditions.,CSV
202601,23,830,202601,23,930,209602,1311191,INDIANA,18,2026,January,Extreme Cold/Wind Chill,Z,30,CLINTON,IND,23-JAN-26 08:30:00,EST-5,23-JAN-26 09:30:00,0,0,0,0,,,Mesonet,,,,,,,,,,,,,,,,,,,,,,"Following a period of sub-zero temperatures and lingering impacts from previous winter weather, most central Indiana counties remained under a deep arctic influence as the 23rd began. Skies remained relatively clear overnight as a potent arctic high-pressure system, centered over the Midwest, dominated the regional weather pattern.||West-northwest winds, sustained at 15���20 mph and gusting higher at times, ushered in a secondary surge of arctic air by pre-dawn on the 23rd. Ambient temperatures bottomed out between -2��F and 1��F across the northern and western tiers of central Indiana. These persistent breezes led to a primary period of criteria wind chills for several counties, including Warren, Clinton, Fountain, Tippecanoe, and Montgomery. Wind chills plummeted to between -21��F and -24��F within the 23rd 0730���1100 EST period, with the most extreme conditions centered in Montgomery County.","Temperatures on the morning of the 23rd were as low as 0F, while gusty winds were sustained as high as 17 mph...resulting in extreme wind chills as low as -21F.",CSV
202601,23,1000,202601,23,1100,209602,1311192,INDIANA,18,2026,January,Extreme Cold/Wind Chill,Z,36,MONTGOMERY,IND,23-JAN-26 10:00:00,EST-5,23-JAN-26 11:00:00,0,0,0,0,,,Mesonet,,,,,,,,,,,,,,,,,,,,,,"Following a period of sub-zero temperatures and lingering impacts from previous winter weather, most central Indiana counties remained under a deep arctic influence as the 23rd began. Skies remained relatively clear overnight as a potent arctic high-pressure system, centered over the Midwest, dominated the regional weather pattern.||West-northwest winds, sustained at 15���20 mph and gusting higher at times, ushered in a secondary surge of arctic air by pre-dawn on the 23rd. Ambient temperatures bottomed out between -2��F and 1��F across the northern and western tiers of central Indiana. These persistent breezes led to a primary period of criteria wind chills for several counties, including Warren, Clinton, Fountain, Tippecanoe, and Montgomery. Wind chills plummeted to between -21��F and -24��F within the 23rd 0730���1100 EST period, with the most extreme conditions centered in Montgomery County.","Temperatures on the morning of the 23rd were as low as -2F, while gusty winds were sustained as high as 18 mph...resulting in extreme wind chills as low as -24F.",CSV
202601,24,1600,202601,25,1900,209603,1309884,INDIANA,18,2026,January,Heavy Snow,Z,57,RUSH,IND,24-JAN-26 16:00:00,EST-5,25-JAN-26 19:00:00,0,0,0,0,,,CoCoRaHS,,,,,,,,,,,,,,,,,,,,,,"A large-strong low pressure system produced heavy snow across central Indiana January 24th through January 25th. Over a foot of snow fell in most counties across south-central Indiana. Indianapolis broke the daily record snowfall total on January 25th with 9.1 inches. The heavy snow led to 29 Travel Warnings, 9 Travel Watches, and 1 Travel Advisory.||Indiana State Police in the Indianapolis district alone responded to 264 crashes (33 with injuries), 158 slide-offs, and 529 motorist assists for vehicles stuck in snow or broken down from Saturday afternoon on January 24th through Tuesday morning on January 27th. Any accidents responded to by local entities would have been in addition to this number.",Snowfall amounts up to 12.0 inches were reported. A Travel Warning was issued for the county due to the impacts of snow on road conditions.,CSV
202601,24,1600,202601,25,1900,209603,1309885,INDIANA,18,2026,January,Heavy Snow,Z,56,SHELBY,IND,24-JAN-26 16:00:00,EST-5,25-JAN-26 19:00:00,0,0,0,0,,,CoCoRaHS,,,,,,,,,,,,,,,,,,,,,,"A large-strong low pressure system produced heavy snow across central Indiana January 24th through January 25th. Over a foot of snow fell in most counties across south-central Indiana. Indianapolis broke the daily record snowfall total on January 25th with 9.1 inches. The heavy snow led to 29 Travel Warnings, 9 Travel Watches, and 1 Travel Advisory.||Indiana State Police in the Indianapolis district alone responded to 264 crashes (33 with injuries), 158 slide-offs, and 529 motorist assists for vehicles stuck in snow or broken down from Saturday afternoon on January 24th through Tuesday morning on January 27th. Any accidents responded to by local entities would have been in addition to this number.",Snowfall amounts up to 13.0 inches were reported. A Travel Warning was issued for the county due to the impacts of snow on road conditions.,CSV
202601,24,1400,202601,25,1800,209603,1309886,INDIANA,18,2026,January,Heavy Snow,Z,60,SULLIVAN,IND,24-JAN-26 14:00:00,EST-5,25-JAN-26 18:00:00,0,0,0,0,,,CoCoRaHS,,,,,,,,,,,,,,,,,,,,,,"A large-strong low pressure system produced heavy snow across central Indiana January 24th through January 25th. Over a foot of snow fell in most counties across south-central Indiana. Indianapolis broke the daily record snowfall total on January 25th with 9.1 inches. The heavy snow led to 29 Travel Warnings, 9 Travel Watches, and 1 Travel Advisory.||Indiana State Police in the Indianapolis district alone responded to 264 crashes (33 with injuries), 158 slide-offs, and 529 motorist assists for vehicles stuck in snow or broken down from Saturday afternoon on January 24th through Tuesday morning on January 27th. Any accidents responded to by local entities would have been in addition to this number.",Snowfall amounts ranged from 10.5 to 14.0 inches. A Travel Warning was issued for the county due to the impacts of snow on road conditions.,CSV
202601,23,930,202601,23,1030,209602,1311193,INDIANA,18,2026,January,Extreme Cold/Wind Chill,Z,29,TIPPECANOE,IND,23-JAN-26 09:30:00,EST-5,23-JAN-26 10:30:00,0,0,0,0,,,Mesonet,,,,,,,,,,,,,,,,,,,,,,"Following a period of sub-zero temperatures and lingering impacts from previous winter weather, most central Indiana counties remained under a deep arctic influence as the 23rd began. Skies remained relatively clear overnight as a potent arctic high-pressure system, centered over the Midwest, dominated the regional weather pattern.||West-northwest winds, sustained at 15���20 mph and gusting higher at times, ushered in a secondary surge of arctic air by pre-dawn on the 23rd. Ambient temperatures bottomed out between -2��F and 1��F across the northern and western tiers of central Indiana. These persistent breezes led to a primary period of criteria wind chills for several counties, including Warren, Clinton, Fountain, Tippecanoe, and Montgomery. Wind chills plummeted to between -21��F and -24��F within the 23rd 0730���1100 EST period, with the most extreme conditions centered in Montgomery County.","Temperatures on the morning of the 23rd were as low as 1F, while gusty winds were sustained as high as 20 mph...resulting in extreme wind chills as low as -21F.",CSV
202601,23,900,202601,23,1000,209602,1311194,INDIANA,18,2026,January,Extreme Cold/Wind Chill,Z,35,FOUNTAIN,IND,23-JAN-26 09:00:00,EST-5,23-JAN-26 10:00:00,0,0,0,0,,,Mesonet,,,,,,,,,,,,,,,,,,,,,,"Following a period of sub-zero temperatures and lingering impacts from previous winter weather, most central Indiana counties remained under a deep arctic influence as the 23rd began. Skies remained relatively clear overnight as a potent arctic high-pressure system, centered over the Midwest, dominated the regional weather pattern.||West-northwest winds, sustained at 15���20 mph and gusting higher at times, ushered in a secondary surge of arctic air by pre-dawn on the 23rd. Ambient temperatures bottomed out between -2��F and 1��F across the northern and western tiers of central Indiana. These persistent breezes led to a primary period of criteria wind chills for several counties, including Warren, Clinton, Fountain, Tippecanoe, and Montgomery. Wind chills plummeted to between -21��F and -24��F within the 23rd 0730���1100 EST period, with the most extreme conditions centered in Montgomery County.","Temperatures on the morning of the 23rd were as low as -1F, while gusty winds were sustained as high as 19 mph...resulting in extreme wind chills as low as -23F.",CSV
202601,23,500,202601,24,800,209789,1308964,INDIANA,18,2026,January,Extreme Cold/Wind Chill,Z,1,LAKE,LOT,23-JAN-26 05:00:00,CST-6,24-JAN-26 08:00:00,0,0,0,0,0.00K,0.00K,AWOS,,,,,,,,,,,,,,,,,,,,,,Bitterly cold air moved across northwest Indiana on January 23rd and January 24th with wind chills 20 below to 30 below zero.,,CSV
202601,23,600,202601,24,800,209789,1308965,INDIANA,18,2026,January,Cold/Wind Chill,Z,2,PORTER,LOT,23-JAN-26 06:00:00,CST-6,24-JAN-26 08:00:00,0,0,0,0,0.00K,0.00K,ASOS,,,,,,,,,,,,,,,,,,,,,,Bitterly cold air moved across northwest Indiana on January 23rd and January 24th with wind chills 20 below to 30 below zero.,,CSV
202601,23,500,202601,24,800,209789,1308966,INDIANA,18,2026,January,Cold/Wind Chill,Z,10,NEWTON,LOT,23-JAN-26 05:00:00,CST-6,24-JAN-26 08:00:00,0,0,0,0,0.00K,0.00K,AWOS,,,,,,,,,,,,,,,,,,,,,,Bitterly cold air moved across northwest Indiana on January 23rd and January 24th with wind chills 20 below to 30 below zero.,,CSV
202601,23,600,202601,24,800,209789,1308967,INDIANA,18,2026,January,Cold/Wind Chill,Z,11,JASPER,LOT,23-JAN-26 06:00:00,CST-6,24-JAN-26 08:00:00,0,0,0,0,0.00K,0.00K,AWOS,,,,,,,,,,,,,,,,,,,,,,Bitterly cold air moved across northwest Indiana on January 23rd and January 24th with wind chills 20 below to 30 below zero.,,CSV
202601,23,700,202601,24,800,209789,1308968,INDIANA,18,2026,January,Cold/Wind Chill,Z,19,BENTON,LOT,23-JAN-26 07:00:00,EST-5,24-JAN-26 08:00:00,0,0,0,0,0.00K,0.00K,AWOS,,,,,,,,,,,,,,,,,,,,,,Bitterly cold air moved across northwest Indiana on January 23rd and January 24th with wind chills 20 below to 30 below zero.,,CSV
202601,24,1600,202601,25,1800,209603,1309887,INDIANA,18,2026,January,Heavy Snow,Z,29,TIPPECANOE,IND,24-JAN-26 16:00:00,EST-5,25-JAN-26 18:00:00,0,0,0,0,,,CoCoRaHS,,,,,,,,,,,,,,,,,,,,,,"A large-strong low pressure system produced heavy snow across central Indiana January 24th through January 25th. Over a foot of snow fell in most counties across south-central Indiana. Indianapolis broke the daily record snowfall total on January 25th with 9.1 inches. The heavy snow led to 29 Travel Warnings, 9 Travel Watches, and 1 Travel Advisory.||Indiana State Police in the Indianapolis district alone responded to 264 crashes (33 with injuries), 158 slide-offs, and 529 motorist assists for vehicles stuck in snow or broken down from Saturday afternoon on January 24th through Tuesday morning on January 27th. Any accidents responded to by local entities would have been in addition to this number.",Snowfall amounts ranged from 6.2 to 7.4 inches. A Travel Advisory was issued for the county due to the impacts of snow on road conditions.,CSV
202601,24,1600,202601,25,1830,209603,1309888,INDIANA,18,2026,January,Heavy Snow,Z,38,TIPTON,IND,24-JAN-26 16:00:00,EST-5,25-JAN-26 18:30:00,0,0,0,0,,,CoCoRaHS,,,,,,,,,,,,,,,,,,,,,,"A large-strong low pressure system produced heavy snow across central Indiana January 24th through January 25th. Over a foot of snow fell in most counties across south-central Indiana. Indianapolis broke the daily record snowfall total on January 25th with 9.1 inches. The heavy snow led to 29 Travel Warnings, 9 Travel Watches, and 1 Travel Advisory.||Indiana State Police in the Indianapolis district alone responded to 264 crashes (33 with injuries), 158 slide-offs, and 529 motorist assists for vehicles stuck in snow or broken down from Saturday afternoon on January 24th through Tuesday morning on January 27th. Any accidents responded to by local entities would have been in addition to this number.",Snowfall amounts up to 10.0 inches were reported. A Travel Watch was issued for the county due to the impacts of snow on road conditions.,CSV
202601,24,1430,202601,25,1800,209603,1309889,INDIANA,18,2026,January,Heavy Snow,Z,43,VERMILLION,IND,24-JAN-26 14:30:00,EST-5,25-JAN-26 18:00:00,0,0,0,0,,,CoCoRaHS,,,,,,,,,,,,,,,,,,,,,,"A large-strong low pressure system produced heavy snow across central Indiana January 24th through January 25th. Over a foot of snow fell in most counties across south-central Indiana. Indianapolis broke the daily record snowfall total on January 25th with 9.1 inches. The heavy snow led to 29 Travel Warnings, 9 Travel Watches, and 1 Travel Advisory.||Indiana State Police in the Indianapolis district alone responded to 264 crashes (33 with injuries), 158 slide-offs, and 529 motorist assists for vehicles stuck in snow or broken down from Saturday afternoon on January 24th through Tuesday morning on January 27th. Any accidents responded to by local entities would have been in addition to this number.",Snowfall amounts up to 6.5 inches were reported. A Travel Warning was issued for the county due to the impacts of snow on road conditions.,CSV
202601,23,730,202601,23,830,209602,1311195,INDIANA,18,2026,January,Extreme Cold/Wind Chill,Z,28,WARREN,IND,23-JAN-26 07:30:00,EST-5,23-JAN-26 08:30:00,0,0,0,0,,,Mesonet,,,,,,,,,,,,,,,,,,,,,,"Following a period of sub-zero temperatures and lingering impacts from previous winter weather, most central Indiana counties remained under a deep arctic influence as the 23rd began. Skies remained relatively clear overnight as a potent arctic high-pressure system, centered over the Midwest, dominated the regional weather pattern.||West-northwest winds, sustained at 15���20 mph and gusting higher at times, ushered in a secondary surge of arctic air by pre-dawn on the 23rd. Ambient temperatures bottomed out between -2��F and 1��F across the northern and western tiers of central Indiana. These persistent breezes led to a primary period of criteria wind chills for several counties, including Warren, Clinton, Fountain, Tippecanoe, and Montgomery. Wind chills plummeted to between -21��F and -24��F within the 23rd 0730���1100 EST period, with the most extreme conditions centered in Montgomery County.","Temperatures on the morning of the 23rd were as low as -1F, while gusty winds were sustained as high as 19 mph...resulting in extreme wind chills as low as -23F.",CSV
202601,1,0,202601,31,2359,208481,1305020,INDIANA,18,2026,January,Drought,Z,41,DELAWARE,IND,01-JAN-26 00:00:00,EST-5,31-JAN-26 23:59:00,0,0,0,0,,,Drought Monitor,,,,,,,,,,,,,,,,,,,,,,"Overall dry conditions that had resulted in Extreme Drought (D3) over north-central Indiana by late 2025 generally expanded and intensified throughout January 2026. While D2 and D3 levels were maintained from the previous month, a significant degradation occurred on the January 6th update, where D3 intensity expanded across the heart of the region. These drought conditions remained entrenched without improvement through the end of the month and continued into at least February 2026.||This status quo included a primary sub-region where D3 conditions expanded to cover the entirety of Howard County and much of Carroll and Delaware counties. Significant expansion of Severe Drought (D2) was also noted, moving to encompass the remainder of Clinton, Hamilton, and Vermillion counties. Meanwhile, D2 intensity was maintained across northern Henry County and northwestern Vigo County, with a small additional expansion into north-central Vigo. In the northeast, Tipton County saw an intensification as D3 pushed into its northern portions, while D3 remained fixed in the far northwestern corner of Randolph County.||Precipitation throughout January for these areas was critically low, with many totals falling between 0.75 and 1.25 inches. Specifically, Carroll, Randolph, and Howard counties saw meager totals of 0.75 to 1.10 inches, which directly triggered the expansion of D3 intensity. Even in areas like Henry County, which received a slightly higher 1.50 to 2.25 inches, the moisture was not enough to warrant improvement. These sustained deficits, often totaling less than 50% of normal monthly rainfall, ensured that the drought not only persisted but worsened across the central Indiana landscape.","Precipitation totaled only around 1.00 to 1.25 inches across the month of January. This maintained D3 conditions across northeast Delaware county with D2 conditions in the rest. On the January 6th update, D3 expanded to cover much of the rest of the northern portion of the county. These drought conditions continued into at least February 2026.",CSV
202601,6,700,202601,31,2359,209780,1308675,INDIANA,18,2026,January,Drought,Z,19,BENTON,LOT,06-JAN-26 07:00:00,EST-5,31-JAN-26 23:59:00,0,0,0,0,0.00K,0.00K,Drought Monitor,,,,,,,,,,,,,,,,,,,,,,Severe drought conditions developed across Benton County in west central Indiana in early January and continued through the end of the month.,,CSV
202601,30,1700,202601,30,2300,209792,1308699,INDIANA,18,2026,January,Winter Storm,Z,1,LAKE,LOT,30-JAN-26 17:00:00,CST-6,30-JAN-26 23:00:00,0,0,0,0,0.00K,0.00K,Public,,,,,,,,,,,,,,,,,,,,,,Lake effect snow developed during the early evening of January 30th across far northwest Indiana and continued into the early morning hours of January 31st.  Storm total snowfall amounts included 11.0 inches near Dune Acres; 10.0 inches in Porter; 9.0 inches in Chesterton; 8.0 inches three miles southeast of South Haven; 7.8 inches near Valparaiso and 6.7 inches near Hobart.,,CSV
202601,30,1800,202601,31,230,209792,1308700,INDIANA,18,2026,January,Winter Storm,Z,2,PORTER,LOT,30-JAN-26 18:00:00,CST-6,31-JAN-26 02:30:00,0,0,0,0,0.00K,0.00K,Trained Spotter,,,,,,,,,,,,,,,,,,,,,,Lake effect snow developed during the early evening of January 30th across far northwest Indiana and continued into the early morning hours of January 31st.  Storm total snowfall amounts included 11.0 inches near Dune Acres; 10.0 inches in Porter; 9.0 inches in Chesterton; 8.0 inches three miles southeast of South Haven; 7.8 inches near Valparaiso and 6.7 inches near Hobart.,,CSV
202601,24,1400,202601,25,1800,209603,1309890,INDIANA,18,2026,January,Heavy Snow,Z,51,VIGO,IND,24-JAN-26 14:00:00,EST-5,25-JAN-26 18:00:00,0,0,0,0,,,CoCoRaHS,,,,,,,,,,,,,,,,,,,,,,"A large-strong low pressure system produced heavy snow across central Indiana January 24th through January 25th. Over a foot of snow fell in most counties across south-central Indiana. Indianapolis broke the daily record snowfall total on January 25th with 9.1 inches. The heavy snow led to 29 Travel Warnings, 9 Travel Watches, and 1 Travel Advisory.||Indiana State Police in the Indianapolis district alone responded to 264 crashes (33 with injuries), 158 slide-offs, and 529 motorist assists for vehicles stuck in snow or broken down from Saturday afternoon on January 24th through Tuesday morning on January 27th. Any accidents responded to by local entities would have been in addition to this number.",Snowfall amounts ranged from 8.0 to 10.5 inches. A Travel Warning was issued for the county due to the impacts of snow on road conditions.,CSV
202601,24,1600,202601,25,1700,209603,1309891,INDIANA,18,2026,January,Heavy Snow,Z,28,WARREN,IND,24-JAN-26 16:00:00,EST-5,25-JAN-26 17:00:00,0,0,0,0,,,COOP Observer,,,,,,,,,,,,,,,,,,,,,,"A large-strong low pressure system produced heavy snow across central Indiana January 24th through January 25th. Over a foot of snow fell in most counties across south-central Indiana. Indianapolis broke the daily record snowfall total on January 25th with 9.1 inches. The heavy snow led to 29 Travel Warnings, 9 Travel Watches, and 1 Travel Advisory.||Indiana State Police in the Indianapolis district alone responded to 264 crashes (33 with injuries), 158 slide-offs, and 529 motorist assists for vehicles stuck in snow or broken down from Saturday afternoon on January 24th through Tuesday morning on January 27th. Any accidents responded to by local entities would have been in addition to this number.","Snowfall amounts up to only 3.5 inches were reported within the county, but up to 6.8 inches of snow was observed right along the southeast border of the county. This strongly suggest there were higher snowfall amounts exceeding 5 inches across southern portions of the county. A Travel Watch was issued for the county due to the impacts of snow on road conditions.",CSV
202601,1,0,202601,31,2359,208481,1305014,INDIANA,18,2026,January,Drought,Z,30,CLINTON,IND,01-JAN-26 00:00:00,EST-5,31-JAN-26 23:59:00,0,0,0,0,,,Drought Monitor,,,,,,,,,,,,,,,,,,,,,,"Overall dry conditions that had resulted in Extreme Drought (D3) over north-central Indiana by late 2025 generally expanded and intensified throughout January 2026. While D2 and D3 levels were maintained from the previous month, a significant degradation occurred on the January 6th update, where D3 intensity expanded across the heart of the region. These drought conditions remained entrenched without improvement through the end of the month and continued into at least February 2026.||This status quo included a primary sub-region where D3 conditions expanded to cover the entirety of Howard County and much of Carroll and Delaware counties. Significant expansion of Severe Drought (D2) was also noted, moving to encompass the remainder of Clinton, Hamilton, and Vermillion counties. Meanwhile, D2 intensity was maintained across northern Henry County and northwestern Vigo County, with a small additional expansion into north-central Vigo. In the northeast, Tipton County saw an intensification as D3 pushed into its northern portions, while D3 remained fixed in the far northwestern corner of Randolph County.||Precipitation throughout January for these areas was critically low, with many totals falling between 0.75 and 1.25 inches. Specifically, Carroll, Randolph, and Howard counties saw meager totals of 0.75 to 1.10 inches, which directly triggered the expansion of D3 intensity. Even in areas like Henry County, which received a slightly higher 1.50 to 2.25 inches, the moisture was not enough to warrant improvement. These sustained deficits, often totaling less than 50% of normal monthly rainfall, ensured that the drought not only persisted but worsened across the central Indiana landscape.","Precipitation totaled only around 1.25 inches across the month of January. This maintained D2 conditions across northeastern Clinton county. On the January 6th update, D2 expanded to cover the remainder of the county. These drought conditions continued into at least February 2026.",CSV
202601,24,1200,202601,25,1700,209230,1304900,INDIANA,18,2026,January,Heavy Snow,Z,81,GIBSON,PAH,24-JAN-26 12:00:00,CST-6,25-JAN-26 17:00:00,0,0,0,0,0.00K,0.00K,Emergency Manager,,,,,,,,,,,,,,,,,,,,,,"A major winter storm that brought Evansville's 2nd largest snowstorm on record impacted southwest Indiana on the 24th with light to moderate snow developing around midday. After a brief lull overnight, moderate to heavy snow developed with a second wave that continued into the morning hours of the 25th. A brief period of sleet had occurred as above freezing temperatures aloft advected north. Colder air wrapped around on the backside, allowing for precipitation to transition back to all snow before ending during the early evening hours. Between 7 to 14 inches of snow and sleet was observed with the lowest totals occurring in Spencer County, IN where the greatest mixing had fallen. ||Significant travel impacts occurred with snow instantly accumulating on all surfaces due to temperatures only in the upper single digits and teens during the bulk of the event. Emergency dispatchers fielded 653 calls in Vanderburgh County, IN with deputies and firefighters responding to dozens of traffic accidents and medical emergencies. Near Evansville at Boeke and Vogel, a 52 year old woman who was driving under the influence was stuck in the snow with a tire coming off the rim of their car during the early morning hours of the 25th. Gibson County, IN issued an Emergency Declaration in line with the state of Indiana, in addition to a travel warning. Wind gusts around 20 to 25 mph led to blowing and drifting snow that led to travel becoming extremely dangerous. The extreme cold after the event hampered clean-up efforts and made snow removal extremely difficult. Key Impacts: transportation delays, traffic accidents, government closures.",,CSV
202601,24,1300,202601,25,1800,209230,1304901,INDIANA,18,2026,January,Heavy Snow,Z,82,PIKE,PAH,24-JAN-26 13:00:00,CST-6,25-JAN-26 18:00:00,0,0,0,0,0.00K,0.00K,Trained Spotter,,,,,,,,,,,,,,,,,,,,,,"A major winter storm that brought Evansville's 2nd largest snowstorm on record impacted southwest Indiana on the 24th with light to moderate snow developing around midday. After a brief lull overnight, moderate to heavy snow developed with a second wave that continued into the morning hours of the 25th. A brief period of sleet had occurred as above freezing temperatures aloft advected north. Colder air wrapped around on the backside, allowing for precipitation to transition back to all snow before ending during the early evening hours. Between 7 to 14 inches of snow and sleet was observed with the lowest totals occurring in Spencer County, IN where the greatest mixing had fallen. ||Significant travel impacts occurred with snow instantly accumulating on all surfaces due to temperatures only in the upper single digits and teens during the bulk of the event. Emergency dispatchers fielded 653 calls in Vanderburgh County, IN with deputies and firefighters responding to dozens of traffic accidents and medical emergencies. Near Evansville at Boeke and Vogel, a 52 year old woman who was driving under the influence was stuck in the snow with a tire coming off the rim of their car during the early morning hours of the 25th. Gibson County, IN issued an Emergency Declaration in line with the state of Indiana, in addition to a travel warning. Wind gusts around 20 to 25 mph led to blowing and drifting snow that led to travel becoming extremely dangerous. The extreme cold after the event hampered clean-up efforts and made snow removal extremely difficult. Key Impacts: transportation delays, traffic accidents, government closures.",,CSV
202601,1,0,202601,31,2359,208481,1305034,INDIANA,18,2026,January,Drought,Z,49,HENRY,IND,01-JAN-26 00:00:00,EST-5,31-JAN-26 23:59:00,0,0,0,0,,,Drought Monitor,,,,,,,,,,,,,,,,,,,,,,"Overall dry conditions that had resulted in Extreme Drought (D3) over north-central Indiana by late 2025 generally expanded and intensified throughout January 2026. While D2 and D3 levels were maintained from the previous month, a significant degradation occurred on the January 6th update, where D3 intensity expanded across the heart of the region. These drought conditions remained entrenched without improvement through the end of the month and continued into at least February 2026.||This status quo included a primary sub-region where D3 conditions expanded to cover the entirety of Howard County and much of Carroll and Delaware counties. Significant expansion of Severe Drought (D2) was also noted, moving to encompass the remainder of Clinton, Hamilton, and Vermillion counties. Meanwhile, D2 intensity was maintained across northern Henry County and northwestern Vigo County, with a small additional expansion into north-central Vigo. In the northeast, Tipton County saw an intensification as D3 pushed into its northern portions, while D3 remained fixed in the far northwestern corner of Randolph County.||Precipitation throughout January for these areas was critically low, with many totals falling between 0.75 and 1.25 inches. Specifically, Carroll, Randolph, and Howard counties saw meager totals of 0.75 to 1.10 inches, which directly triggered the expansion of D3 intensity. Even in areas like Henry County, which received a slightly higher 1.50 to 2.25 inches, the moisture was not enough to warrant improvement. These sustained deficits, often totaling less than 50% of normal monthly rainfall, ensured that the drought not only persisted but worsened across the central Indiana landscape.",Precipitation totaled only around 1.5 to 2.25 inches across the month of January. This maintained D2 conditions across far northern Henry county. These drought conditions continued into at least February 2026.,CSV
202601,24,1000,202601,25,1500,209230,1304902,INDIANA,18,2026,January,Heavy Snow,Z,85,POSEY,PAH,24-JAN-26 10:00:00,CST-6,25-JAN-26 15:00:00,0,0,0,0,0.00K,0.00K,Trained Spotter,,,,,,,,,,,,,,,,,,,,,,"A major winter storm that brought Evansville's 2nd largest snowstorm on record impacted southwest Indiana on the 24th with light to moderate snow developing around midday. After a brief lull overnight, moderate to heavy snow developed with a second wave that continued into the morning hours of the 25th. A brief period of sleet had occurred as above freezing temperatures aloft advected north. Colder air wrapped around on the backside, allowing for precipitation to transition back to all snow before ending during the early evening hours. Between 7 to 14 inches of snow and sleet was observed with the lowest totals occurring in Spencer County, IN where the greatest mixing had fallen. ||Significant travel impacts occurred with snow instantly accumulating on all surfaces due to temperatures only in the upper single digits and teens during the bulk of the event. Emergency dispatchers fielded 653 calls in Vanderburgh County, IN with deputies and firefighters responding to dozens of traffic accidents and medical emergencies. Near Evansville at Boeke and Vogel, a 52 year old woman who was driving under the influence was stuck in the snow with a tire coming off the rim of their car during the early morning hours of the 25th. Gibson County, IN issued an Emergency Declaration in line with the state of Indiana, in addition to a travel warning. Wind gusts around 20 to 25 mph led to blowing and drifting snow that led to travel becoming extremely dangerous. The extreme cold after the event hampered clean-up efforts and made snow removal extremely difficult. Key Impacts: transportation delays, traffic accidents, government closures.",,CSV
202601,24,1100,202601,25,1700,209230,1304903,INDIANA,18,2026,January,Heavy Snow,Z,86,VANDERBURGH,PAH,24-JAN-26 11:00:00,CST-6,25-JAN-26 17:00:00,0,0,0,0,300.00K,0.00K,Official NWS Observations,,,,,,,,,,,,,,,,,,,,,,"A major winter storm that brought Evansville's 2nd largest snowstorm on record impacted southwest Indiana on the 24th with light to moderate snow developing around midday. After a brief lull overnight, moderate to heavy snow developed with a second wave that continued into the morning hours of the 25th. A brief period of sleet had occurred as above freezing temperatures aloft advected north. Colder air wrapped around on the backside, allowing for precipitation to transition back to all snow before ending during the early evening hours. Between 7 to 14 inches of snow and sleet was observed with the lowest totals occurring in Spencer County, IN where the greatest mixing had fallen. ||Significant travel impacts occurred with snow instantly accumulating on all surfaces due to temperatures only in the upper single digits and teens during the bulk of the event. Emergency dispatchers fielded 653 calls in Vanderburgh County, IN with deputies and firefighters responding to dozens of traffic accidents and medical emergencies. Near Evansville at Boeke and Vogel, a 52 year old woman who was driving under the influence was stuck in the snow with a tire coming off the rim of their car during the early morning hours of the 25th. Gibson County, IN issued an Emergency Declaration in line with the state of Indiana, in addition to a travel warning. Wind gusts around 20 to 25 mph led to blowing and drifting snow that led to travel becoming extremely dangerous. The extreme cold after the event hampered clean-up efforts and made snow removal extremely difficult. Key Impacts: transportation delays, traffic accidents, government closures.",,CSV
202601,24,1200,202601,25,1700,209230,1304904,INDIANA,18,2026,January,Heavy Snow,Z,87,WARRICK,PAH,24-JAN-26 12:00:00,CST-6,25-JAN-26 17:00:00,0,0,0,0,0.00K,0.00K,Emergency Manager,,,,,,,,,,,,,,,,,,,,,,"A major winter storm that brought Evansville's 2nd largest snowstorm on record impacted southwest Indiana on the 24th with light to moderate snow developing around midday. After a brief lull overnight, moderate to heavy snow developed with a second wave that continued into the morning hours of the 25th. A brief period of sleet had occurred as above freezing temperatures aloft advected north. Colder air wrapped around on the backside, allowing for precipitation to transition back to all snow before ending during the early evening hours. Between 7 to 14 inches of snow and sleet was observed with the lowest totals occurring in Spencer County, IN where the greatest mixing had fallen. ||Significant travel impacts occurred with snow instantly accumulating on all surfaces due to temperatures only in the upper single digits and teens during the bulk of the event. Emergency dispatchers fielded 653 calls in Vanderburgh County, IN with deputies and firefighters responding to dozens of traffic accidents and medical emergencies. Near Evansville at Boeke and Vogel, a 52 year old woman who was driving under the influence was stuck in the snow with a tire coming off the rim of their car during the early morning hours of the 25th. Gibson County, IN issued an Emergency Declaration in line with the state of Indiana, in addition to a travel warning. Wind gusts around 20 to 25 mph led to blowing and drifting snow that led to travel becoming extremely dangerous. The extreme cold after the event hampered clean-up efforts and made snow removal extremely difficult. Key Impacts: transportation delays, traffic accidents, government closures.",,CSV
202601,24,1200,202601,25,1700,209230,1304905,INDIANA,18,2026,January,Winter Storm,Z,88,SPENCER,PAH,24-JAN-26 12:00:00,CST-6,25-JAN-26 17:00:00,0,0,0,0,0.00K,0.00K,Trained Spotter,,,,,,,,,,,,,,,,,,,,,,"A major winter storm that brought Evansville's 2nd largest snowstorm on record impacted southwest Indiana on the 24th with light to moderate snow developing around midday. After a brief lull overnight, moderate to heavy snow developed with a second wave that continued into the morning hours of the 25th. A brief period of sleet had occurred as above freezing temperatures aloft advected north. Colder air wrapped around on the backside, allowing for precipitation to transition back to all snow before ending during the early evening hours. Between 7 to 14 inches of snow and sleet was observed with the lowest totals occurring in Spencer County, IN where the greatest mixing had fallen. ||Significant travel impacts occurred with snow instantly accumulating on all surfaces due to temperatures only in the upper single digits and teens during the bulk of the event. Emergency dispatchers fielded 653 calls in Vanderburgh County, IN with deputies and firefighters responding to dozens of traffic accidents and medical emergencies. Near Evansville at Boeke and Vogel, a 52 year old woman who was driving under the influence was stuck in the snow with a tire coming off the rim of their car during the early morning hours of the 25th. Gibson County, IN issued an Emergency Declaration in line with the state of Indiana, in addition to a travel warning. Wind gusts around 20 to 25 mph led to blowing and drifting snow that led to travel becoming extremely dangerous. The extreme cold after the event hampered clean-up efforts and made snow removal extremely difficult. Key Impacts: transportation delays, traffic accidents, government closures.",,CSV
202601,19,800,202601,19,1200,209787,1308829,INDIANA,18,2026,January,Cold/Wind Chill,Z,2,PORTER,LOT,19-JAN-26 08:00:00,CST-6,19-JAN-26 12:00:00,0,0,0,0,0.00K,0.00K,ASOS,,,,,,,,,,,,,,,,,,,,,,Very cold air moved across northwest Indiana during the morning of January 19th with wind chills 20 below to 25 below zero.,,CSV
202601,19,800,202601,19,1100,209787,1308828,INDIANA,18,2026,January,Cold/Wind Chill,Z,1,LAKE,LOT,19-JAN-26 08:00:00,CST-6,19-JAN-26 11:00:00,0,0,0,0,0.00K,0.00K,AWOS,,,,,,,,,,,,,,,,,,,,,,Very cold air moved across northwest Indiana during the morning of January 19th with wind chills 20 below to 25 below zero.,,CSV
202601,24,1600,202601,25,1900,209603,1309853,INDIANA,18,2026,January,Heavy Snow,Z,64,BARTHOLOMEW,IND,24-JAN-26 16:00:00,EST-5,25-JAN-26 19:00:00,0,0,0,0,,,CoCoRaHS,,,,,,,,,,,,,,,,,,,,,,"A large-strong low pressure system produced heavy snow across central Indiana January 24th through January 25th. Over a foot of snow fell in most counties across south-central Indiana. Indianapolis broke the daily record snowfall total on January 25th with 9.1 inches. The heavy snow led to 29 Travel Warnings, 9 Travel Watches, and 1 Travel Advisory.||Indiana State Police in the Indianapolis district alone responded to 264 crashes (33 with injuries), 158 slide-offs, and 529 motorist assists for vehicles stuck in snow or broken down from Saturday afternoon on January 24th through Tuesday morning on January 27th. Any accidents responded to by local entities would have been in addition to this number.",Snowfall amounts ranged from 12.0 to 14.8 inches. A Travel Warning was issued for the county due to the impacts of snow on road conditions.,CSV
202601,24,1500,202601,25,1830,209603,1309854,INDIANA,18,2026,January,Heavy Snow,Z,37,BOONE,IND,24-JAN-26 15:00:00,EST-5,25-JAN-26 18:30:00,0,0,0,0,,,CoCoRaHS,,,,,,,,,,,,,,,,,,,,,,"A large-strong low pressure system produced heavy snow across central Indiana January 24th through January 25th. Over a foot of snow fell in most counties across south-central Indiana. Indianapolis broke the daily record snowfall total on January 25th with 9.1 inches. The heavy snow led to 29 Travel Warnings, 9 Travel Watches, and 1 Travel Advisory.||Indiana State Police in the Indianapolis district alone responded to 264 crashes (33 with injuries), 158 slide-offs, and 529 motorist assists for vehicles stuck in snow or broken down from Saturday afternoon on January 24th through Tuesday morning on January 27th. Any accidents responded to by local entities would have been in addition to this number.",Snowfall amounts ranged from 8.0 to 10.6 inches. A Travel Warning was issued for the county due to the impacts of snow on road conditions.,CSV
202601,24,1500,202601,25,1830,209603,1309855,INDIANA,18,2026,January,Heavy Snow,Z,63,BROWN,IND,24-JAN-26 15:00:00,EST-5,25-JAN-26 18:30:00,0,0,0,0,,,CoCoRaHS,,,,,,,,,,,,,,,,,,,,,,"A large-strong low pressure system produced heavy snow across central Indiana January 24th through January 25th. Over a foot of snow fell in most counties across south-central Indiana. Indianapolis broke the daily record snowfall total on January 25th with 9.1 inches. The heavy snow led to 29 Travel Warnings, 9 Travel Watches, and 1 Travel Advisory.||Indiana State Police in the Indianapolis district alone responded to 264 crashes (33 with injuries), 158 slide-offs, and 529 motorist assists for vehicles stuck in snow or broken down from Saturday afternoon on January 24th through Tuesday morning on January 27th. Any accidents responded to by local entities would have been in addition to this number.",Snowfall amounts ranged from 11.5 to 13.9 inches. A Travel Warning was issued for the county due to the impacts of snow on road conditions.,CSV
202601,24,1800,202601,25,1800,209603,1309856,INDIANA,18,2026,January,Heavy Snow,Z,21,CARROLL,IND,24-JAN-26 18:00:00,EST-5,25-JAN-26 18:00:00,0,0,0,0,,,COOP Observer,,,,,,,,,,,,,,,,,,,,,,"A large-strong low pressure system produced heavy snow across central Indiana January 24th through January 25th. Over a foot of snow fell in most counties across south-central Indiana. Indianapolis broke the daily record snowfall total on January 25th with 9.1 inches. The heavy snow led to 29 Travel Warnings, 9 Travel Watches, and 1 Travel Advisory.||Indiana State Police in the Indianapolis district alone responded to 264 crashes (33 with injuries), 158 slide-offs, and 529 motorist assists for vehicles stuck in snow or broken down from Saturday afternoon on January 24th through Tuesday morning on January 27th. Any accidents responded to by local entities would have been in addition to this number.",Snowfall amounts up to 8.5 inches were reported. A Travel Watch was issued for the county due to the impacts of snow on road conditions.,CSV
202601,24,1400,202601,25,1800,209603,1309857,INDIANA,18,2026,January,Heavy Snow,Z,52,CLAY,IND,24-JAN-26 14:00:00,EST-5,25-JAN-26 18:00:00,0,0,0,0,,,CoCoRaHS,,,,,,,,,,,,,,,,,,,,,,"A large-strong low pressure system produced heavy snow across central Indiana January 24th through January 25th. Over a foot of snow fell in most counties across south-central Indiana. Indianapolis broke the daily record snowfall total on January 25th with 9.1 inches. The heavy snow led to 29 Travel Warnings, 9 Travel Watches, and 1 Travel Advisory.||Indiana State Police in the Indianapolis district alone responded to 264 crashes (33 with injuries), 158 slide-offs, and 529 motorist assists for vehicles stuck in snow or broken down from Saturday afternoon on January 24th through Tuesday morning on January 27th. Any accidents responded to by local entities would have been in addition to this number.",Snowfall amounts ranged from 9.7 to 12.0 inches. A Travel Warning was issued for the county due to the impacts of snow on road conditions.,CSV
202601,24,1600,202601,25,1830,209603,1309858,INDIANA,18,2026,January,Heavy Snow,Z,30,CLINTON,IND,24-JAN-26 16:00:00,EST-5,25-JAN-26 18:30:00,0,0,0,0,,,CoCoRaHS,,,,,,,,,,,,,,,,,,,,,,"A large-strong low pressure system produced heavy snow across central Indiana January 24th through January 25th. Over a foot of snow fell in most counties across south-central Indiana. Indianapolis broke the daily record snowfall total on January 25th with 9.1 inches. The heavy snow led to 29 Travel Warnings, 9 Travel Watches, and 1 Travel Advisory.||Indiana State Police in the Indianapolis district alone responded to 264 crashes (33 with injuries), 158 slide-offs, and 529 motorist assists for vehicles stuck in snow or broken down from Saturday afternoon on January 24th through Tuesday morning on January 27th. Any accidents responded to by local entities would have been in addition to this number.",Snowfall amounts ranged from 7.0 to 9.5 inches. A Travel Watch was issued for the county due to the impacts of snow on road conditions.,CSV
202601,21,400,202601,21,800,209201,1311659,INDIANA,18,2026,January,Winter Weather,Z,88,SPENCER,PAH,21-JAN-26 04:00:00,CST-6,21-JAN-26 08:00:00,0,0,0,0,0.00K,0.00K,AWOS,,,,,,,,,,,,,,,,,,,,,,"A light wintry mix developed during the early morning hours of the 21st across portions of southwest Indiana. Temperatures were highly variable across the region between 32-36 degrees, but colder ground temperatures allowed for areas of light freezing rain to develop before temperatures quickly warmed that day, resulting in slippery and icy conditions on roadways. Key Impacts: transportation delays.",,CSV
202601,21,400,202601,21,800,209201,1312140,INDIANA,18,2026,January,Winter Weather,Z,87,WARRICK,PAH,21-JAN-26 04:00:00,CST-6,21-JAN-26 08:00:00,0,0,0,0,0.00K,0.00K,AWOS,,,,,,,,,,,,,,,,,,,,,,"A light wintry mix developed during the early morning hours of the 21st across portions of southwest Indiana. Temperatures were highly variable across the region between 32-36 degrees, but colder ground temperatures allowed for areas of light freezing rain to develop before temperatures quickly warmed that day, resulting in slippery and icy conditions on roadways. Key Impacts: transportation delays.",,CSV
202601,24,1600,202601,25,2200,209791,1308984,INDIANA,18,2026,January,Winter Storm,Z,2,PORTER,LOT,24-JAN-26 16:00:00,CST-6,25-JAN-26 22:00:00,0,0,0,0,0.00K,0.00K,Trained Spotter,,,,,,,,,,,,,,,,,,,,,,"Snow spread across northwest Indiana during the afternoon of January 24th and continued through the evening of January 25th as it transitioned to lake effect snow.  Snowfall amounts were generally in the 4 to 6 inch range with higher amounts near Lake Michigan, which included 9.0 inches in Valparaiso and 8.1 inches in Hobart.",,CSV
202601,24,1600,202601,25,1800,209791,1308986,INDIANA,18,2026,January,Winter Weather,Z,10,NEWTON,LOT,24-JAN-26 16:00:00,CST-6,25-JAN-26 18:00:00,0,0,0,0,0.00K,0.00K,Trained Spotter,,,,,,,,,,,,,,,,,,,,,,"Snow spread across northwest Indiana during the afternoon of January 24th and continued through the evening of January 25th as it transitioned to lake effect snow.  Snowfall amounts were generally in the 4 to 6 inch range with higher amounts near Lake Michigan, which included 9.0 inches in Valparaiso and 8.1 inches in Hobart.",,CSV
202601,24,1600,202601,25,1900,209791,1308987,INDIANA,18,2026,January,Winter Weather,Z,11,JASPER,LOT,24-JAN-26 16:00:00,CST-6,25-JAN-26 19:00:00,0,0,0,0,0.00K,0.00K,Trained Spotter,,,,,,,,,,,,,,,,,,,,,,"Snow spread across northwest Indiana during the afternoon of January 24th and continued through the evening of January 25th as it transitioned to lake effect snow.  Snowfall amounts were generally in the 4 to 6 inch range with higher amounts near Lake Michigan, which included 9.0 inches in Valparaiso and 8.1 inches in Hobart.",,CSV
202601,24,1600,202601,25,1600,209791,1308988,INDIANA,18,2026,January,Winter Weather,Z,19,BENTON,LOT,24-JAN-26 16:00:00,EST-5,25-JAN-26 16:00:00,0,0,0,0,0.00K,0.00K,Trained Spotter,,,,,,,,,,,,,,,,,,,,,,"Snow spread across northwest Indiana during the afternoon of January 24th and continued through the evening of January 25th as it transitioned to lake effect snow.  Snowfall amounts were generally in the 4 to 6 inch range with higher amounts near Lake Michigan, which included 9.0 inches in Valparaiso and 8.1 inches in Hobart.",,CSV
202601,24,1600,202601,25,2000,209791,1308989,INDIANA,18,2026,January,Winter Storm,Z,1,LAKE,LOT,24-JAN-26 16:00:00,CST-6,25-JAN-26 20:00:00,0,0,0,0,0.00K,0.00K,Trained Spotter,,,,,,,,,,,,,,,,,,,,,,"Snow spread across northwest Indiana during the afternoon of January 24th and continued through the evening of January 25th as it transitioned to lake effect snow.  Snowfall amounts were generally in the 4 to 6 inch range with higher amounts near Lake Michigan, which included 9.0 inches in Valparaiso and 8.1 inches in Hobart.",,CSV
202601,24,1230,202601,25,1800,209603,1309859,INDIANA,18,2026,January,Heavy Snow,Z,68,DAVIESS,IND,24-JAN-26 12:30:00,EST-5,25-JAN-26 18:00:00,0,0,0,0,,,CoCoRaHS,,,,,,,,,,,,,,,,,,,,,,"A large-strong low pressure system produced heavy snow across central Indiana January 24th through January 25th. Over a foot of snow fell in most counties across south-central Indiana. Indianapolis broke the daily record snowfall total on January 25th with 9.1 inches. The heavy snow led to 29 Travel Warnings, 9 Travel Watches, and 1 Travel Advisory.||Indiana State Police in the Indianapolis district alone responded to 264 crashes (33 with injuries), 158 slide-offs, and 529 motorist assists for vehicles stuck in snow or broken down from Saturday afternoon on January 24th through Tuesday morning on January 27th. Any accidents responded to by local entities would have been in addition to this number.",Snowfall amounts ranged from 13.0 to 14.7 inches. A Travel Warning was issued for the county due to the impacts of snow on road conditions.,CSV
202601,24,1600,202601,25,1900,209603,1309860,INDIANA,18,2026,January,Heavy Snow,Z,65,DECATUR,IND,24-JAN-26 16:00:00,EST-5,25-JAN-26 19:00:00,0,0,0,0,,,CoCoRaHS,,,,,,,,,,,,,,,,,,,,,,"A large-strong low pressure system produced heavy snow across central Indiana January 24th through January 25th. Over a foot of snow fell in most counties across south-central Indiana. Indianapolis broke the daily record snowfall total on January 25th with 9.1 inches. The heavy snow led to 29 Travel Warnings, 9 Travel Watches, and 1 Travel Advisory.||Indiana State Police in the Indianapolis district alone responded to 264 crashes (33 with injuries), 158 slide-offs, and 529 motorist assists for vehicles stuck in snow or broken down from Saturday afternoon on January 24th through Tuesday morning on January 27th. Any accidents responded to by local entities would have been in addition to this number.",Snowfall amounts up to 13.5 inches were reported. A Travel Warning was issued for the county due to the impacts of snow on road conditions.,CSV
202601,24,1600,202601,25,1900,209603,1309861,INDIANA,18,2026,January,Heavy Snow,Z,41,DELAWARE,IND,24-JAN-26 16:00:00,EST-5,25-JAN-26 19:00:00,0,0,0,0,,,CoCoRaHS,,,,,,,,,,,,,,,,,,,,,,"A large-strong low pressure system produced heavy snow across central Indiana January 24th through January 25th. Over a foot of snow fell in most counties across south-central Indiana. Indianapolis broke the daily record snowfall total on January 25th with 9.1 inches. The heavy snow led to 29 Travel Warnings, 9 Travel Watches, and 1 Travel Advisory.||Indiana State Police in the Indianapolis district alone responded to 264 crashes (33 with injuries), 158 slide-offs, and 529 motorist assists for vehicles stuck in snow or broken down from Saturday afternoon on January 24th through Tuesday morning on January 27th. Any accidents responded to by local entities would have been in addition to this number.",Snowfall amounts ranged from 9.1 to 11.5 inches. A Travel Watch was issued for the county due to the impacts of snow on road conditions.,CSV
202601,24,1500,202601,25,1700,209603,1309862,INDIANA,18,2026,January,Heavy Snow,Z,35,FOUNTAIN,IND,24-JAN-26 15:00:00,EST-5,25-JAN-26 17:00:00,0,0,0,0,,,CoCoRaHS,,,,,,,,,,,,,,,,,,,,,,"A large-strong low pressure system produced heavy snow across central Indiana January 24th through January 25th. Over a foot of snow fell in most counties across south-central Indiana. Indianapolis broke the daily record snowfall total on January 25th with 9.1 inches. The heavy snow led to 29 Travel Warnings, 9 Travel Watches, and 1 Travel Advisory.||Indiana State Police in the Indianapolis district alone responded to 264 crashes (33 with injuries), 158 slide-offs, and 529 motorist assists for vehicles stuck in snow or broken down from Saturday afternoon on January 24th through Tuesday morning on January 27th. Any accidents responded to by local entities would have been in addition to this number.","Snowfall amounts up to 6.8 inches were reported, but higher amounts likely fell across southern portions of the county. A Travel Watch was issued for the county due to the impacts of snow on road conditions.",CSV
202601,24,1400,202601,25,1800,209603,1309863,INDIANA,18,2026,January,Heavy Snow,Z,61,GREENE,IND,24-JAN-26 14:00:00,EST-5,25-JAN-26 18:00:00,0,0,0,0,,,Emergency Manager,,,,,,,,,,,,,,,,,,,,,,"A large-strong low pressure system produced heavy snow across central Indiana January 24th through January 25th. Over a foot of snow fell in most counties across south-central Indiana. Indianapolis broke the daily record snowfall total on January 25th with 9.1 inches. The heavy snow led to 29 Travel Warnings, 9 Travel Watches, and 1 Travel Advisory.||Indiana State Police in the Indianapolis district alone responded to 264 crashes (33 with injuries), 158 slide-offs, and 529 motorist assists for vehicles stuck in snow or broken down from Saturday afternoon on January 24th through Tuesday morning on January 27th. Any accidents responded to by local entities would have been in addition to this number.",Snowfall amounts ranged from 11.5 to 14.8 inches. A Travel Warning was issued for the county due to the impacts of snow on road conditions.,CSV
202601,24,1600,202601,25,1900,209603,1309864,INDIANA,18,2026,January,Heavy Snow,Z,39,HAMILTON,IND,24-JAN-26 16:00:00,EST-5,25-JAN-26 19:00:00,0,0,0,0,,,CoCoRaHS,,,,,,,,,,,,,,,,,,,,,,"A large-strong low pressure system produced heavy snow across central Indiana January 24th through January 25th. Over a foot of snow fell in most counties across south-central Indiana. Indianapolis broke the daily record snowfall total on January 25th with 9.1 inches. The heavy snow led to 29 Travel Warnings, 9 Travel Watches, and 1 Travel Advisory.||Indiana State Police in the Indianapolis district alone responded to 264 crashes (33 with injuries), 158 slide-offs, and 529 motorist assists for vehicles stuck in snow or broken down from Saturday afternoon on January 24th through Tuesday morning on January 27th. Any accidents responded to by local entities would have been in addition to this number.",Snowfall amounts ranged from 7.5 to 11.8 inches. A Travel Warning was issued for the county due to the impacts of snow on road conditions.,CSV
202603,22,1917,202603,22,1918,211839,1323844,INDIANA,18,2026,March,Hail,C,9,BLACKFORD,IWX,22-MAR-26 19:17:00,EST-5,22-MAR-26 19:18:00,0,0,0,0,1.00K,0.00K,Amateur Radio,1.00,,,,,,,,,,,2.52,ENE,HARTFORD CITY,2.52,ENE,HARTFORD CITY,40.47,-85.33,40.47,-85.33,"A slow-moving boundary was the focus for afternoon thunderstorms as the day's capping inversion lifted. Pea and dime-size hail reports were common, with a handful of reports for 1 inch hail or larger.",,CSV
202603,22,1919,202603,22,1920,211839,1323845,INDIANA,18,2026,March,Hail,C,9,BLACKFORD,IWX,22-MAR-26 19:19:00,EST-5,22-MAR-26 19:20:00,0,0,0,0,0.00K,0.00K,Public,1.00,,,,,,,,,,,.87,NE,HARTFORD CITY,.87,NE,HARTFORD CITY,40.46,-85.36,40.46,-85.36,"A slow-moving boundary was the focus for afternoon thunderstorms as the day's capping inversion lifted. Pea and dime-size hail reports were common, with a handful of reports for 1 inch hail or larger.",,CSV
202603,22,1925,202603,22,1926,211839,1323846,INDIANA,18,2026,March,Hail,C,75,JAY,IWX,22-MAR-26 19:25:00,EST-5,22-MAR-26 19:26:00,0,0,0,0,1.00K,0.00K,Public,1.00,,,,,,,,,,,0,N,PLEASANT RIDGE,0,N,PLEASANT RIDGE,40.48,-84.98,40.48,-84.98,"A slow-moving boundary was the focus for afternoon thunderstorms as the day's capping inversion lifted. Pea and dime-size hail reports were common, with a handful of reports for 1 inch hail or larger.",Photo on Facebook shows quarter size hail.,CSV
202603,22,1930,202603,22,1931,211839,1323847,INDIANA,18,2026,March,Hail,C,53,GRANT,IWX,22-MAR-26 19:30:00,EST-5,22-MAR-26 19:31:00,0,0,0,0,1.00K,0.00K,Public,1.00,,,,,,,,,,,.87,NE,RIGDON,.87,NE,RIGDON,40.39,-85.77,40.39,-85.77,"A slow-moving boundary was the focus for afternoon thunderstorms as the day's capping inversion lifted. Pea and dime-size hail reports were common, with a handful of reports for 1 inch hail or larger.",Video on X shows hail ranging from dime-size to quarter-size. Hail duration was 5 minutes.,CSV
202603,22,1933,202603,22,1934,211839,1323848,INDIANA,18,2026,March,Hail,C,53,GRANT,IWX,22-MAR-26 19:33:00,EST-5,22-MAR-26 19:34:00,0,0,0,0,0.00K,0.00K,Public,1.00,,,,,,,,,,,2.14,SSE,HACKLEMAN,2.14,SSE,HACKLEMAN,40.39,-85.74,40.39,-85.74,"A slow-moving boundary was the focus for afternoon thunderstorms as the day's capping inversion lifted. Pea and dime-size hail reports were common, with a handful of reports for 1 inch hail or larger.",,CSV
202603,13,1314,202603,13,1900,211838,1323893,INDIANA,18,2026,March,High Wind,Z,26,WELLS,IWX,13-MAR-26 13:14:00,EST-5,13-MAR-26 19:00:00,0,0,0,0,0.00K,0.00K,Public,61.00,EG,,,,,,,,,,,,,,,,,,,,"An area of low pressure from Green Bay to Lake Huron, meausring 988mb, produced widespread wind gusts of 60 to 70 mph. This resulted in property damage and numerous reports of blown-over semi-trucks.",Member of the public reported a 70 mph wind gust.,CSV
202603,13,909,202603,13,1900,211838,1323895,INDIANA,18,2026,March,High Wind,Z,12,STARKE,IWX,13-MAR-26 09:09:00,EST-5,13-MAR-26 19:00:00,0,0,0,0,0.00K,0.00K,Public,54.00,MG,,,,,,,,,,,,,,,,,,,,"An area of low pressure from Green Bay to Lake Huron, meausring 988mb, produced widespread wind gusts of 60 to 70 mph. This resulted in property damage and numerous reports of blown-over semi-trucks.",Automated station KOXI Knox - Starke Co. Airport.,CSV
202603,13,1030,202603,13,1900,211838,1323901,INDIANA,18,2026,March,High Wind,Z,23,MIAMI,IWX,13-MAR-26 10:30:00,EST-5,13-MAR-26 19:00:00,0,0,0,0,0.00K,0.00K,AWOS,51.00,MG,,,,,,,,,,,,,,,,,,,,"An area of low pressure from Green Bay to Lake Huron, meausring 988mb, produced widespread wind gusts of 60 to 70 mph. This resulted in property damage and numerous reports of blown-over semi-trucks.",Grissom Airforce Base AWOS recorded a 59 mph wind gust.,CSV
202603,13,1129,202603,13,1900,211838,1323998,INDIANA,18,2026,March,High Wind,Z,32,GRANT,IWX,13-MAR-26 11:29:00,EST-5,13-MAR-26 19:00:00,0,0,0,0,7.50K,0.00K,Emergency Manager,52.00,EG,,,,,,,,,,,,,,,,,,,,"An area of low pressure from Green Bay to Lake Huron, meausring 988mb, produced widespread wind gusts of 60 to 70 mph. This resulted in property damage and numerous reports of blown-over semi-trucks.",Power lines down and roof damage at the Mississinewa High School. KMZZ AWOS recorded wind gusts of 56 to 58 mph.,CSV
202603,1,0,202603,31,700,210075,1316484,INDIANA,18,2026,March,Drought,Z,38,TIPTON,IND,01-MAR-26 00:00:00,EST-5,31-MAR-26 07:00:00,0,0,0,0,,,Drought Monitor,,,,,,,,,,,,,,,,,,,,,,"Overall dry conditions that had peaked with widespread Extreme Drought (D3) in early March 2026 generally dissipated or significantly improved throughout the remainder of the month. While the month began with an intensification on March 3rd that expanded D3 across counties like Carroll, Clinton, and Howard, a pattern of heavy rainfall triggered weekly improvements. By the March 31st update, Severe Drought (D2) and Extreme Drought (D3) had been completely removed from nearly all 17 previously affected counties.||This dramatic shift included the total elimination of D2/D3 conditions in a broad sub-region covering Warren, Vermillion, Fountain, Vigo, Parke, Montgomery, Boone, Clinton, Howard, Tipton, Hamilton, Madison, Delaware, Henry, and Randolph counties. By the end of the month, the only remaining vestiges of the winter drought were limited to the northern half of Carroll County and a small sliver of northern Tippecanoe County, which both remained in D2. In the eastern corridor, D3 conditions���which had been steady for months���were systematically trimmed back between March 10th and March 24th before finally being removed.||Precipitation throughout March was exceptionally high for these areas, with totals ranging from 4 to as much as 9 inches. Specifically, western counties like Warren and Fountain saw deluge amounts of 9 inches, while the central corridor from Vigo to Boone received 6 to 8.5 inches, providing the necessary moisture to end the drought status by mid-month. Even in the more stubborn drought areas of the northeast, such as Delaware and Howard counties, monthly totals of 4 to 5.5 inches neared or exceeded double the normal rainfall, finally allowing for the termination of severe drought conditions. The remaining counties in D2 would see improvements out of severe drought in early April.",D3 conditions at the start of the month for much of the county remained in a steady state before heavy rains began to trim the D3 back down on the March 10th issuance and weekly afterwards through the end of the month. D3 drought ended on the 24th with D2 drought ending on the 31st. Rainfall amounts over the month were as much as 5 to 6.5 inches which allowed for the end of severe drought conditions.,CSV
202603,10,1833,202603,10,1839,210342,1320575,INDIANA,18,2026,March,Tornado,C,73,JASPER,LOT,10-MAR-26 18:33:00,CST-6,10-MAR-26 18:39:00,0,0,0,0,0.00K,0.00K,NWS Storm Survey,,,,,EF1,1.63,1550,,,,,.7,SSW,FOREST CITY,.96,NE,FOREST CITY,41.1808,-87.2757,41.1992,-87.2562,"A powerful supercell thunderstorm tracked an EF-3 tornado across northern Newton and northwestern Jasper counties and another EF-1 tornado through northern Jasper County during the evening of March 10th. The EF-3 destroyed a number of homes and caused significant damage to many other homes, businesses, and infrastructure, especially in the town of Lake Village where two fatalities occurred as a result of the storm. Additional severe thunderstorms later in the evening brought one inch hail to northern Lake and Porter counties.","A destructive EF-3 tornado was nearing the end of its lifecycle upon briefly moving into northwest Jasper County and dissipated shortly thereafter. After forming in Kankakee County and causing EF-3 caliber damage in Kankakee and Newton counties, this tornado crossed into far northwestern Jasper County between W 1100 N Road and W 1200 N Road. Along N 1200 W Road just east of I-65, a continuous corridor of trees was entirely uprooted, a few outbuildings were damaged, and the roof was removed from a house. In the community of Forest City, a continuous corridor of trees was uprooted, and a few residences had shingles removed. The tornado diminished in intensity as it moved northeast toward N 1100 W Road, and then dissipated just south of the intersection of N 1100 W Road and W 1300 N Road. The tornado resulted in three fatalities and around a dozen injuries, though none reported in Jasper County. The damage sustained in Jasper County was found to be on the order of EF-1 strength.",CSV
202603,13,1049,202603,13,1900,211838,1324002,INDIANA,18,2026,March,High Wind,Z,5,ELKHART,IWX,13-MAR-26 10:49:00,EST-5,13-MAR-26 19:00:00,0,0,0,0,0.00K,0.00K,ASOS,55.00,MG,,,,,,,,,,,,,,,,,,,,"An area of low pressure from Green Bay to Lake Huron, meausring 988mb, produced widespread wind gusts of 60 to 70 mph. This resulted in property damage and numerous reports of blown-over semi-trucks.","Recorded wind gusts from Goshen Airport, KGSH.",CSV
202603,1,0,202603,10,700,210075,1316485,INDIANA,18,2026,March,Drought,Z,39,HAMILTON,IND,01-MAR-26 00:00:00,EST-5,10-MAR-26 07:00:00,0,0,0,0,,,Drought Monitor,,,,,,,,,,,,,,,,,,,,,,"Overall dry conditions that had peaked with widespread Extreme Drought (D3) in early March 2026 generally dissipated or significantly improved throughout the remainder of the month. While the month began with an intensification on March 3rd that expanded D3 across counties like Carroll, Clinton, and Howard, a pattern of heavy rainfall triggered weekly improvements. By the March 31st update, Severe Drought (D2) and Extreme Drought (D3) had been completely removed from nearly all 17 previously affected counties.||This dramatic shift included the total elimination of D2/D3 conditions in a broad sub-region covering Warren, Vermillion, Fountain, Vigo, Parke, Montgomery, Boone, Clinton, Howard, Tipton, Hamilton, Madison, Delaware, Henry, and Randolph counties. By the end of the month, the only remaining vestiges of the winter drought were limited to the northern half of Carroll County and a small sliver of northern Tippecanoe County, which both remained in D2. In the eastern corridor, D3 conditions���which had been steady for months���were systematically trimmed back between March 10th and March 24th before finally being removed.||Precipitation throughout March was exceptionally high for these areas, with totals ranging from 4 to as much as 9 inches. Specifically, western counties like Warren and Fountain saw deluge amounts of 9 inches, while the central corridor from Vigo to Boone received 6 to 8.5 inches, providing the necessary moisture to end the drought status by mid-month. Even in the more stubborn drought areas of the northeast, such as Delaware and Howard counties, monthly totals of 4 to 5.5 inches neared or exceeded double the normal rainfall, finally allowing for the termination of severe drought conditions. The remaining counties in D2 would see improvements out of severe drought in early April.",D2 conditions at the start of the month ended on the March 10th issuance as a result of heavy rain in the early portions of the month. Rainfall amounts over the month were as much as 5 to 6.5 inches which allowed for the end of severe drought conditions.,CSV
202603,4,944,202603,4,944,210077,1316495,INDIANA,18,2026,March,Hail,C,83,KNOX,IND,04-MAR-26 09:44:00,EST-5,04-MAR-26 09:44:00,0,0,0,0,,,Public,1.25,,,,,,,,,,,.54,W,OAKTOWN,.54,W,OAKTOWN,38.87,-87.44,38.87,-87.44,"Between the evening of March 3 and the late hours of March 4, 2026, a significant hydrologic event unfolded across central Indiana as a stalled frontal boundary interacted with a highly anomalous moisture profile. Driven by a robust 50-knot low-level jet, precipitable water values surged to nearly 1.30 inches���well above the 90th percentile for early March. While the Storm Prediction Center initially identified a low-probability severe threat, the environment was dominated by deep-layer moisture transport and training convective elements, leading to widespread 48-hour rainfall totals of 4 to 6 inches.",,CSV
202603,4,1014,202603,4,1014,210077,1316496,INDIANA,18,2026,March,Hail,C,27,DAVIESS,IND,04-MAR-26 10:14:00,EST-5,04-MAR-26 10:14:00,0,0,0,0,,,Public,1.00,,,,,,,,,,,2.56,WSW,ELNORA,2.56,WSW,ELNORA,38.85,-87.12,38.85,-87.12,"Between the evening of March 3 and the late hours of March 4, 2026, a significant hydrologic event unfolded across central Indiana as a stalled frontal boundary interacted with a highly anomalous moisture profile. Driven by a robust 50-knot low-level jet, precipitable water values surged to nearly 1.30 inches���well above the 90th percentile for early March. While the Storm Prediction Center initially identified a low-probability severe threat, the environment was dominated by deep-layer moisture transport and training convective elements, leading to widespread 48-hour rainfall totals of 4 to 6 inches.",,CSV
202603,15,1300,202603,16,800,211561,1321847,INDIANA,18,2026,March,Strong Wind,Z,73,RIPLEY,ILN,15-MAR-26 13:00:00,EST-5,16-MAR-26 08:00:00,0,0,0,0,,,911 Call Center,48.00,EG,,,,,,,,,,,,,,,,,,,,"A surface low in the Central Plains moved northeast into the Great Lakes late on Sunday the 15th. Ahead of its attendant cold front that passed later in the evening, a low level jet developed in the late morning and moved east. Daytime heating gave added energy to mix the lower levels of the atmosphere and bring strong winds from this feature to the surface.",Several trees and power lines were blown down across the county.,CSV
202603,6,1800,202603,6,2045,210338,1312616,INDIANA,18,2026,March,Flash Flood,C,89,LAKE,LOT,06-MAR-26 18:00:00,CST-6,06-MAR-26 20:45:00,0,0,0,0,0.00K,0.00K,Public,,,Heavy Rain,,,,,,,,,2.25,N,DYER,.58,SSW,GRIFFITH,41.5226,-87.5217,41.5226,-87.4355,Scattered thunderstorms moved across northwest Indiana during the afternoon and early evening of March 6th producing heavy rain and localized flooding.,Several roads were flooded in Munster. Hart Ditch at Munster reached minor flood stage. Minor street flooding was reported in Highland.,CSV
202603,1,0,202603,31,700,210075,1316486,INDIANA,18,2026,March,Drought,Z,40,MADISON,IND,01-MAR-26 00:00:00,EST-5,31-MAR-26 07:00:00,0,0,0,0,,,Drought Monitor,,,,,,,,,,,,,,,,,,,,,,"Overall dry conditions that had peaked with widespread Extreme Drought (D3) in early March 2026 generally dissipated or significantly improved throughout the remainder of the month. While the month began with an intensification on March 3rd that expanded D3 across counties like Carroll, Clinton, and Howard, a pattern of heavy rainfall triggered weekly improvements. By the March 31st update, Severe Drought (D2) and Extreme Drought (D3) had been completely removed from nearly all 17 previously affected counties.||This dramatic shift included the total elimination of D2/D3 conditions in a broad sub-region covering Warren, Vermillion, Fountain, Vigo, Parke, Montgomery, Boone, Clinton, Howard, Tipton, Hamilton, Madison, Delaware, Henry, and Randolph counties. By the end of the month, the only remaining vestiges of the winter drought were limited to the northern half of Carroll County and a small sliver of northern Tippecanoe County, which both remained in D2. In the eastern corridor, D3 conditions���which had been steady for months���were systematically trimmed back between March 10th and March 24th before finally being removed.||Precipitation throughout March was exceptionally high for these areas, with totals ranging from 4 to as much as 9 inches. Specifically, western counties like Warren and Fountain saw deluge amounts of 9 inches, while the central corridor from Vigo to Boone received 6 to 8.5 inches, providing the necessary moisture to end the drought status by mid-month. Even in the more stubborn drought areas of the northeast, such as Delaware and Howard counties, monthly totals of 4 to 5.5 inches neared or exceeded double the normal rainfall, finally allowing for the termination of severe drought conditions. The remaining counties in D2 would see improvements out of severe drought in early April.",D3 conditions at the start of the month for much of the county remained in a steady state before heavy rains began to trim the D3 back down on the March 10th issuance and weekly afterwards through the end of the month. D3 drought ended on the 24th with D2 drought ending on the 31st. Rainfall amounts over the month were as much as 5 to 6 inches which allowed for the end of severe drought conditions.,CSV
202603,15,1300,202603,16,800,211561,1321848,INDIANA,18,2026,March,Strong Wind,Z,50,WAYNE,ILN,15-MAR-26 13:00:00,EST-5,16-MAR-26 08:00:00,0,0,0,0,,,AWOS,43.00,MG,,,,,,,,,,,,,,,,,,,,"A surface low in the Central Plains moved northeast into the Great Lakes late on Sunday the 15th. Ahead of its attendant cold front that passed later in the evening, a low level jet developed in the late morning and moved east. Daytime heating gave added energy to mix the lower levels of the atmosphere and bring strong winds from this feature to the surface.","The Richmond Municipal Airport twice measured a gust to 49 mph. The first occurred at 12:15 pm EST, and the second at 11:35 pm EST.",CSV
202603,15,1300,202603,16,800,211561,1321849,INDIANA,18,2026,March,Strong Wind,Z,66,FRANKLIN,ILN,15-MAR-26 13:00:00,EST-5,16-MAR-26 08:00:00,0,0,0,0,,,AWOS,39.00,MG,,,,,,,,,,,,,,,,,,,,"A surface low in the Central Plains moved northeast into the Great Lakes late on Sunday the 15th. Ahead of its attendant cold front that passed later in the evening, a low level jet developed in the late morning and moved east. Daytime heating gave added energy to mix the lower levels of the atmosphere and bring strong winds from this feature to the surface.",The Batesville airport KHLB measured a gust to 45 mph.,CSV
202603,26,1551,202603,26,1552,210772,1316227,INDIANA,18,2026,March,Hail,C,89,LAKE,LOT,26-MAR-26 15:51:00,CST-6,26-MAR-26 15:52:00,0,0,0,0,0.00K,0.00K,Trained Spotter,1.00,,,,,,,,,,,1.73,NE,HIGHLAND,1.73,NE,HIGHLAND,41.57,-87.43,41.57,-87.43,Scattered thunderstorms moved across northwest Indiana during the afternoon and evening of March 26th producing isolated large hail.,,CSV
202603,1,0,202603,31,700,210336,1316226,INDIANA,18,2026,March,Drought,Z,19,BENTON,LOT,01-MAR-26 00:00:00,EST-5,31-MAR-26 07:00:00,0,0,0,0,0.00K,0.00K,Drought Monitor,,,,,,,,,,,,,,,,,,,,,,Severe to extreme drought conditions continued across Benton County in west central Indiana through most of March. Extreme drought conditions eased by the middle of March with severe drought conditions ending at the end of March.,,CSV
202603,1,0,202603,31,700,210075,1316487,INDIANA,18,2026,March,Drought,Z,41,DELAWARE,IND,01-MAR-26 00:00:00,EST-5,31-MAR-26 07:00:00,0,0,0,0,,,Drought Monitor,,,,,,,,,,,,,,,,,,,,,,"Overall dry conditions that had peaked with widespread Extreme Drought (D3) in early March 2026 generally dissipated or significantly improved throughout the remainder of the month. While the month began with an intensification on March 3rd that expanded D3 across counties like Carroll, Clinton, and Howard, a pattern of heavy rainfall triggered weekly improvements. By the March 31st update, Severe Drought (D2) and Extreme Drought (D3) had been completely removed from nearly all 17 previously affected counties.||This dramatic shift included the total elimination of D2/D3 conditions in a broad sub-region covering Warren, Vermillion, Fountain, Vigo, Parke, Montgomery, Boone, Clinton, Howard, Tipton, Hamilton, Madison, Delaware, Henry, and Randolph counties. By the end of the month, the only remaining vestiges of the winter drought were limited to the northern half of Carroll County and a small sliver of northern Tippecanoe County, which both remained in D2. In the eastern corridor, D3 conditions���which had been steady for months���were systematically trimmed back between March 10th and March 24th before finally being removed.||Precipitation throughout March was exceptionally high for these areas, with totals ranging from 4 to as much as 9 inches. Specifically, western counties like Warren and Fountain saw deluge amounts of 9 inches, while the central corridor from Vigo to Boone received 6 to 8.5 inches, providing the necessary moisture to end the drought status by mid-month. Even in the more stubborn drought areas of the northeast, such as Delaware and Howard counties, monthly totals of 4 to 5.5 inches neared or exceeded double the normal rainfall, finally allowing for the termination of severe drought conditions. The remaining counties in D2 would see improvements out of severe drought in early April.",D3 conditions at the start of the month for much of the county remained in a steady state before heavy rains began to trim the D3 back down on the March 10th issuance and weekly afterwards through the end of the month. D3 drought ended on the 17th with D2 drought ending on the 31st. Rainfall amounts over the month were as much as 4 to 5.5 inches which allowed for the end of severe drought conditions.,CSV
202603,13,1000,202603,13,1800,211357,1320439,INDIANA,18,2026,March,High Wind,Z,73,RIPLEY,ILN,13-MAR-26 10:00:00,EST-5,13-MAR-26 18:00:00,0,0,0,0,,,Mesonet,50.00,MG,,,,,,,,,,,,,,,,,,,,"A deep low pressure system tracked east through the Great Lakes, combining with a low level jet over the Ohio Valley that shifted east in the afternoon.",A gust to 58 mph was measured at Penntown. The EMA reported that multiple large trees were blown down. Osgood was hit hardest.,CSV
202603,10,2113,202603,10,2115,210342,1320593,INDIANA,18,2026,March,Hail,C,89,LAKE,LOT,10-MAR-26 21:13:00,CST-6,10-MAR-26 21:15:00,0,0,0,0,0.00K,0.00K,Public,1.00,,,,,,,,,,,0,N,HOBART,0,N,HOBART,41.53,-87.25,41.53,-87.25,"A powerful supercell thunderstorm tracked an EF-3 tornado across northern Newton and northwestern Jasper counties and another EF-1 tornado through northern Jasper County during the evening of March 10th. The EF-3 destroyed a number of homes and caused significant damage to many other homes, businesses, and infrastructure, especially in the town of Lake Village where two fatalities occurred as a result of the storm. Additional severe thunderstorms later in the evening brought one inch hail to northern Lake and Porter counties.",,CSV
202603,10,2131,202603,10,2132,210342,1320594,INDIANA,18,2026,March,Hail,C,127,PORTER,LOT,10-MAR-26 21:31:00,CST-6,10-MAR-26 21:32:00,0,0,0,0,0.00K,0.00K,Public,1.00,,,,,,,,,,,1.73,SE,BURDICK,1.73,SE,BURDICK,41.58,-86.96,41.58,-86.96,"A powerful supercell thunderstorm tracked an EF-3 tornado across northern Newton and northwestern Jasper counties and another EF-1 tornado through northern Jasper County during the evening of March 10th. The EF-3 destroyed a number of homes and caused significant damage to many other homes, businesses, and infrastructure, especially in the town of Lake Village where two fatalities occurred as a result of the storm. Additional severe thunderstorms later in the evening brought one inch hail to northern Lake and Porter counties.",,CSV
202603,1,0,202603,10,700,210075,1316488,INDIANA,18,2026,March,Drought,Z,49,HENRY,IND,01-MAR-26 00:00:00,EST-5,10-MAR-26 07:00:00,0,0,0,0,,,Drought Monitor,,,,,,,,,,,,,,,,,,,,,,"Overall dry conditions that had peaked with widespread Extreme Drought (D3) in early March 2026 generally dissipated or significantly improved throughout the remainder of the month. While the month began with an intensification on March 3rd that expanded D3 across counties like Carroll, Clinton, and Howard, a pattern of heavy rainfall triggered weekly improvements. By the March 31st update, Severe Drought (D2) and Extreme Drought (D3) had been completely removed from nearly all 17 previously affected counties.||This dramatic shift included the total elimination of D2/D3 conditions in a broad sub-region covering Warren, Vermillion, Fountain, Vigo, Parke, Montgomery, Boone, Clinton, Howard, Tipton, Hamilton, Madison, Delaware, Henry, and Randolph counties. By the end of the month, the only remaining vestiges of the winter drought were limited to the northern half of Carroll County and a small sliver of northern Tippecanoe County, which both remained in D2. In the eastern corridor, D3 conditions���which had been steady for months���were systematically trimmed back between March 10th and March 24th before finally being removed.||Precipitation throughout March was exceptionally high for these areas, with totals ranging from 4 to as much as 9 inches. Specifically, western counties like Warren and Fountain saw deluge amounts of 9 inches, while the central corridor from Vigo to Boone received 6 to 8.5 inches, providing the necessary moisture to end the drought status by mid-month. Even in the more stubborn drought areas of the northeast, such as Delaware and Howard counties, monthly totals of 4 to 5.5 inches neared or exceeded double the normal rainfall, finally allowing for the termination of severe drought conditions. The remaining counties in D2 would see improvements out of severe drought in early April.",D2 conditions at the start of the month ended on the March 10th issuance as a result of heavy rain in the early portions of the month. Rainfall amounts over the month were as much as 6 to 7 inches which allowed for the end of severe drought conditions.,CSV
202603,13,1240,202603,13,1240,210345,1318463,INDIANA,18,2026,March,High Wind,Z,11,JASPER,LOT,13-MAR-26 12:40:00,CST-6,13-MAR-26 12:40:00,0,0,0,0,0.00K,0.00K,Law Enforcement,50.00,EG,,,,,,,,,,,,,,,,,,,,High winds developed across northwest Indiana during the morning of March 13th and continued into the early afternoon.,A semi truck was blown over near mile marker 222 which blocked traffic and caused southbound Interstate 65 to be closed.  A second semi truck was blown over into a ditch on northbound Interstate 65 near mile marker 238.,CSV
202603,13,750,202603,13,1050,210345,1318698,INDIANA,18,2026,March,High Wind,Z,1,LAKE,LOT,13-MAR-26 07:50:00,CST-6,13-MAR-26 10:50:00,0,0,0,0,0.00K,0.00K,AWOS,63.00,MG,,,,,,,,,,,,,,,,,,,,High winds developed across northwest Indiana during the morning of March 13th and continued into the early afternoon.,Winds gusted above 58 mph for several hours at the Gary Airport with a peak gust to 72 mph.,CSV
202603,10,2131,202603,10,2132,210342,1320595,INDIANA,18,2026,March,Hail,C,127,PORTER,LOT,10-MAR-26 21:31:00,CST-6,10-MAR-26 21:32:00,0,0,0,0,0.00K,0.00K,Public,1.00,,,,,,,,,,,2.81,N,COBURG,2.81,N,COBURG,41.56,-86.96,41.56,-86.96,"A powerful supercell thunderstorm tracked an EF-3 tornado across northern Newton and northwestern Jasper counties and another EF-1 tornado through northern Jasper County during the evening of March 10th. The EF-3 destroyed a number of homes and caused significant damage to many other homes, businesses, and infrastructure, especially in the town of Lake Village where two fatalities occurred as a result of the storm. Additional severe thunderstorms later in the evening brought one inch hail to northern Lake and Porter counties.",,CSV
202603,10,1843,202603,10,1844,210342,1320591,INDIANA,18,2026,March,Hail,C,73,JASPER,LOT,10-MAR-26 18:43:00,CST-6,10-MAR-26 18:44:00,0,0,0,0,0.00K,0.00K,Amateur Radio,1.00,,,,,,,,,,,0,N,WHEATFIELD,0,N,WHEATFIELD,41.19,-87.05,41.19,-87.05,"A powerful supercell thunderstorm tracked an EF-3 tornado across northern Newton and northwestern Jasper counties and another EF-1 tornado through northern Jasper County during the evening of March 10th. The EF-3 destroyed a number of homes and caused significant damage to many other homes, businesses, and infrastructure, especially in the town of Lake Village where two fatalities occurred as a result of the storm. Additional severe thunderstorms later in the evening brought one inch hail to northern Lake and Porter counties.",,CSV
202603,10,1829,202603,10,1830,210342,1320592,INDIANA,18,2026,March,Hail,C,73,JASPER,LOT,10-MAR-26 18:29:00,CST-6,10-MAR-26 18:30:00,0,0,0,0,0.00K,0.00K,Amateur Radio,1.00,,,,,,,,,,,1.48,NNW,DEMOTTE,1.48,NNW,DEMOTTE,41.21,-87.21,41.21,-87.21,"A powerful supercell thunderstorm tracked an EF-3 tornado across northern Newton and northwestern Jasper counties and another EF-1 tornado through northern Jasper County during the evening of March 10th. The EF-3 destroyed a number of homes and caused significant damage to many other homes, businesses, and infrastructure, especially in the town of Lake Village where two fatalities occurred as a result of the storm. Additional severe thunderstorms later in the evening brought one inch hail to northern Lake and Porter counties.",,CSV
202603,13,1000,202603,13,1800,211357,1320452,INDIANA,18,2026,March,High Wind,Z,50,WAYNE,ILN,13-MAR-26 10:00:00,EST-5,13-MAR-26 18:00:00,0,0,0,0,,,AWOS,51.00,MG,,,,,,,,,,,,,,,,,,,,"A deep low pressure system tracked east through the Great Lakes, combining with a low level jet over the Ohio Valley that shifted east in the afternoon.",Richmond municipal airport.,CSV
202603,1,0,202603,31,700,210075,1316376,INDIANA,18,2026,March,Drought,Z,28,WARREN,IND,01-MAR-26 00:00:00,EST-5,31-MAR-26 07:00:00,0,0,0,0,,,Drought Monitor,,,,,,,,,,,,,,,,,,,,,,"Overall dry conditions that had peaked with widespread Extreme Drought (D3) in early March 2026 generally dissipated or significantly improved throughout the remainder of the month. While the month began with an intensification on March 3rd that expanded D3 across counties like Carroll, Clinton, and Howard, a pattern of heavy rainfall triggered weekly improvements. By the March 31st update, Severe Drought (D2) and Extreme Drought (D3) had been completely removed from nearly all 17 previously affected counties.||This dramatic shift included the total elimination of D2/D3 conditions in a broad sub-region covering Warren, Vermillion, Fountain, Vigo, Parke, Montgomery, Boone, Clinton, Howard, Tipton, Hamilton, Madison, Delaware, Henry, and Randolph counties. By the end of the month, the only remaining vestiges of the winter drought were limited to the northern half of Carroll County and a small sliver of northern Tippecanoe County, which both remained in D2. In the eastern corridor, D3 conditions���which had been steady for months���were systematically trimmed back between March 10th and March 24th before finally being removed.||Precipitation throughout March was exceptionally high for these areas, with totals ranging from 4 to as much as 9 inches. Specifically, western counties like Warren and Fountain saw deluge amounts of 9 inches, while the central corridor from Vigo to Boone received 6 to 8.5 inches, providing the necessary moisture to end the drought status by mid-month. Even in the more stubborn drought areas of the northeast, such as Delaware and Howard counties, monthly totals of 4 to 5.5 inches neared or exceeded double the normal rainfall, finally allowing for the termination of severe drought conditions. The remaining counties in D2 would see improvements out of severe drought in early April.",D2 conditions at the start of the month worsened to D3 on March 3rd before heavy rains trimmed the drought levels weekly until ending on the 31st. Rainfall amounts over the month were as much as 9 inches which allowed for the end of severe drought conditions.,CSV
202603,1,0,202603,31,700,210075,1316489,INDIANA,18,2026,March,Drought,Z,42,RANDOLPH,IND,01-MAR-26 00:00:00,EST-5,31-MAR-26 07:00:00,0,0,0,0,,,Drought Monitor,,,,,,,,,,,,,,,,,,,,,,"Overall dry conditions that had peaked with widespread Extreme Drought (D3) in early March 2026 generally dissipated or significantly improved throughout the remainder of the month. While the month began with an intensification on March 3rd that expanded D3 across counties like Carroll, Clinton, and Howard, a pattern of heavy rainfall triggered weekly improvements. By the March 31st update, Severe Drought (D2) and Extreme Drought (D3) had been completely removed from nearly all 17 previously affected counties.||This dramatic shift included the total elimination of D2/D3 conditions in a broad sub-region covering Warren, Vermillion, Fountain, Vigo, Parke, Montgomery, Boone, Clinton, Howard, Tipton, Hamilton, Madison, Delaware, Henry, and Randolph counties. By the end of the month, the only remaining vestiges of the winter drought were limited to the northern half of Carroll County and a small sliver of northern Tippecanoe County, which both remained in D2. In the eastern corridor, D3 conditions���which had been steady for months���were systematically trimmed back between March 10th and March 24th before finally being removed.||Precipitation throughout March was exceptionally high for these areas, with totals ranging from 4 to as much as 9 inches. Specifically, western counties like Warren and Fountain saw deluge amounts of 9 inches, while the central corridor from Vigo to Boone received 6 to 8.5 inches, providing the necessary moisture to end the drought status by mid-month. Even in the more stubborn drought areas of the northeast, such as Delaware and Howard counties, monthly totals of 4 to 5.5 inches neared or exceeded double the normal rainfall, finally allowing for the termination of severe drought conditions. The remaining counties in D2 would see improvements out of severe drought in early April.",D3 conditions at the start of the month for much of the county remained in a steady state before heavy rains began to trim the D3 back down on the March 10th issuance and weekly afterwards through the end of the month. D3 drought ended on the 10th with D2 drought ending on the 31st. Rainfall amounts over the month were as much as 5 to 7 inches which allowed for the end of severe drought conditions.,CSV
202603,13,1250,202603,13,1350,210345,1318700,INDIANA,18,2026,March,High Wind,Z,1,LAKE,LOT,13-MAR-26 12:50:00,CST-6,13-MAR-26 13:50:00,0,0,0,0,0.00K,0.00K,AWOS,54.00,MG,,,,,,,,,,,,,,,,,,,,High winds developed across northwest Indiana during the morning of March 13th and continued into the early afternoon.,Winds gusted above 58 mph for one hour at the Gary Airport with a peak gust to 62 mph.,CSV
202603,13,148,202603,13,148,210345,1318701,INDIANA,18,2026,March,High Wind,Z,2,PORTER,LOT,13-MAR-26 01:48:00,CST-6,13-MAR-26 01:48:00,0,0,0,0,0.00K,0.00K,ASOS,55.00,MG,,,,,,,,,,,,,,,,,,,,High winds developed across northwest Indiana during the morning of March 13th and continued into the early afternoon.,A wind gust to 63 mph was measured at the Valparaiso Airport.,CSV
202603,13,838,202603,13,838,210345,1318702,INDIANA,18,2026,March,High Wind,Z,2,PORTER,LOT,13-MAR-26 08:38:00,CST-6,13-MAR-26 08:38:00,0,0,0,0,0.00K,0.00K,ASOS,55.00,MG,,,,,,,,,,,,,,,,,,,,High winds developed across northwest Indiana during the morning of March 13th and continued into the early afternoon.,A wind gust to 63 mph was measured at the Valparaiso Airport.,CSV
202603,13,929,202603,13,929,210345,1318703,INDIANA,18,2026,March,High Wind,Z,2,PORTER,LOT,13-MAR-26 09:29:00,CST-6,13-MAR-26 09:29:00,0,0,0,0,0.00K,0.00K,ASOS,52.00,MG,,,,,,,,,,,,,,,,,,,,High winds developed across northwest Indiana during the morning of March 13th and continued into the early afternoon.,A wind gust to 60 mph was measured at the Valparaiso Airport.,CSV
202603,13,1019,202603,13,1900,211838,1324001,INDIANA,18,2026,March,High Wind,Z,18,ALLEN,IWX,13-MAR-26 10:19:00,EST-5,13-MAR-26 19:00:00,0,0,0,0,0.00K,0.00K,ASOS,61.00,MG,,,,,,,,,,,,,,,,,,,,"An area of low pressure from Green Bay to Lake Huron, meausring 988mb, produced widespread wind gusts of 60 to 70 mph. This resulted in property damage and numerous reports of blown-over semi-trucks.",Wind gusts of 59 mph to 70 mph recorded at Fort Wayne Int'l Airport. Also received reports of small trees and branches down near Aboite.,CSV
202603,13,1015,202603,13,1900,211838,1323999,INDIANA,18,2026,March,High Wind,Z,15,FULTON,IWX,13-MAR-26 10:15:00,EST-5,13-MAR-26 19:00:00,0,0,0,0,0.00K,0.00K,AWOS,57.00,MG,,,,,,,,,,,,,,,,,,,,"An area of low pressure from Green Bay to Lake Huron, meausring 988mb, produced widespread wind gusts of 60 to 70 mph. This resulted in property damage and numerous reports of blown-over semi-trucks.","Automated station at Rochester, KRCR.",CSV
202603,13,328,202603,13,1900,211838,1323899,INDIANA,18,2026,March,High Wind,Z,204,WESTERN ST. JOSEPH COUNTY,IWX,13-MAR-26 03:28:00,EST-5,13-MAR-26 19:00:00,0,0,0,0,1.00K,0.00K,ASOS,59.00,MG,,,,,,,,,,,,,,,,,,,,"An area of low pressure from Green Bay to Lake Huron, meausring 988mb, produced widespread wind gusts of 60 to 70 mph. This resulted in property damage and numerous reports of blown-over semi-trucks.",Automated station KSBN recorded wind gusts between 60 and 70 mph.  Reports received of a damaged traffic signal pole and tree branches down around South Bend and the Indian Village neighborhood.,CSV
202603,13,947,202603,13,1900,211838,1323908,INDIANA,18,2026,March,High Wind,Z,34,JAY,IWX,13-MAR-26 09:47:00,EST-5,13-MAR-26 19:00:00,1,0,0,0,15.00K,0.00K,Emergency Manager,51.00,MG,,,,,,,,,,,,,,,,,,,,"An area of low pressure from Green Bay to Lake Huron, meausring 988mb, produced widespread wind gusts of 60 to 70 mph. This resulted in property damage and numerous reports of blown-over semi-trucks.",Huntington AWOS recorded a 59 mph wind gust. Emergency Manager reported a tree blown down onto a house in Huntington. No injuries reported. They also reported power lines down around the county.,CSV
202603,13,1000,202603,13,1800,211363,1320476,INDIANA,18,2026,March,Strong Wind,Z,66,FRANKLIN,ILN,13-MAR-26 10:00:00,EST-5,13-MAR-26 18:00:00,0,0,0,0,,,Mesonet,39.00,EG,,,,,,,,,,,,,,,,,,,,"A deep low pressure system tracked east through the Great Lakes, combining with a low level jet over the Ohio Valley that shifted east in the afternoon.",The CWOP observer in Laurel recorded a 45 mph gust.,CSV
202603,13,1000,202603,13,1800,211363,1320477,INDIANA,18,2026,March,Strong Wind,Z,80,SWITZERLAND,ILN,13-MAR-26 10:00:00,EST-5,13-MAR-26 18:00:00,0,0,0,0,,,Mesonet,43.00,MG,,,,,,,,,,,,,,,,,,,,"A deep low pressure system tracked east through the Great Lakes, combining with a low level jet over the Ohio Valley that shifted east in the afternoon.",An observer in Vevay recorded a 49 mph gust.,CSV
202603,13,1000,202603,13,1800,211363,1320478,INDIANA,18,2026,March,Strong Wind,Z,50,WAYNE,ILN,13-MAR-26 10:00:00,EST-5,13-MAR-26 18:00:00,0,0,0,0,,,Mesonet,41.00,MG,,,,,,,,,,,,,,,,,,,,"A deep low pressure system tracked east through the Great Lakes, combining with a low level jet over the Ohio Valley that shifted east in the afternoon.",The CWOP observer in Economy recorded a 47 mph gust.,CSV
202603,1,0,202603,17,700,210075,1316474,INDIANA,18,2026,March,Drought,Z,43,VERMILLION,IND,01-MAR-26 00:00:00,EST-5,17-MAR-26 07:00:00,0,0,0,0,,,Drought Monitor,,,,,,,,,,,,,,,,,,,,,,"Overall dry conditions that had peaked with widespread Extreme Drought (D3) in early March 2026 generally dissipated or significantly improved throughout the remainder of the month. While the month began with an intensification on March 3rd that expanded D3 across counties like Carroll, Clinton, and Howard, a pattern of heavy rainfall triggered weekly improvements. By the March 31st update, Severe Drought (D2) and Extreme Drought (D3) had been completely removed from nearly all 17 previously affected counties.||This dramatic shift included the total elimination of D2/D3 conditions in a broad sub-region covering Warren, Vermillion, Fountain, Vigo, Parke, Montgomery, Boone, Clinton, Howard, Tipton, Hamilton, Madison, Delaware, Henry, and Randolph counties. By the end of the month, the only remaining vestiges of the winter drought were limited to the northern half of Carroll County and a small sliver of northern Tippecanoe County, which both remained in D2. In the eastern corridor, D3 conditions���which had been steady for months���were systematically trimmed back between March 10th and March 24th before finally being removed.||Precipitation throughout March was exceptionally high for these areas, with totals ranging from 4 to as much as 9 inches. Specifically, western counties like Warren and Fountain saw deluge amounts of 9 inches, while the central corridor from Vigo to Boone received 6 to 8.5 inches, providing the necessary moisture to end the drought status by mid-month. Even in the more stubborn drought areas of the northeast, such as Delaware and Howard counties, monthly totals of 4 to 5.5 inches neared or exceeded double the normal rainfall, finally allowing for the termination of severe drought conditions. The remaining counties in D2 would see improvements out of severe drought in early April.",D2 conditions at the start of the month worsened to D3 on March 3rd before heavy rains trimmed the drought levels weekly until ending on the 17th. Rainfall amounts over the month were as much as 6 to 8 inches which allowed for the end of severe drought conditions.,CSV
202603,5,1002,202603,5,1202,211265,1320005,INDIANA,18,2026,March,Flood,C,137,RIPLEY,ILN,05-MAR-26 10:02:00,EST-5,05-MAR-26 12:02:00,0,0,0,0,0.00K,0.00K,Emergency Manager,,,Heavy Rain,,,,,,,,,2.02,NNW,FRIENDSHIP,2.3,NE,OLEAN,38.9978,-85.1617,38.9996,-85.1854,"A warm front lifted through the Ohio Valley, prompting showers and thunderstorms in a warm and moist airmass. Some storms produced locally heavy rainfall, leading to instances of flooding and high water.",S Cave Hill Road was closed due to high water for about two miles between S County Road 350 E and IN-62.,CSV
202603,11,816,202603,11,818,211264,1319995,INDIANA,18,2026,March,Thunderstorm Wind,C,137,RIPLEY,ILN,11-MAR-26 08:16:00,EST-5,11-MAR-26 08:18:00,0,0,0,0,8.00K,0.00K,Emergency Manager,45.00,EG,,,,,,,,,,2.62,NE,NAPOLEON,2.62,NE,NAPOLEON,39.23,-85.3,39.23,-85.3,"A low pressure system moved through the Ohio Valley region, pulling a cold front through the area. Showers and thunderstorms developed out in front of and along the front. Some storms produced instances of damaging wind gusts and heavy rainfall, leading to isolated flooding.","Multiple trees were downed across a roadway. Additionally, the trees knocked down several power lines.",CSV
202603,11,819,202603,11,821,211264,1319996,INDIANA,18,2026,March,Thunderstorm Wind,C,137,RIPLEY,ILN,11-MAR-26 08:19:00,EST-5,11-MAR-26 08:21:00,0,0,0,0,3.00K,0.00K,Emergency Manager,45.00,EG,,,,,,,,,,1.48,SSW,BATESVILLE,1.48,SSW,BATESVILLE,39.28,-85.23,39.28,-85.23,"A low pressure system moved through the Ohio Valley region, pulling a cold front through the area. Showers and thunderstorms developed out in front of and along the front. Some storms produced instances of damaging wind gusts and heavy rainfall, leading to isolated flooding.","A large tree, about one foot in diameter, was downed across a roadway. The tree knocked down several power lines.",CSV
202603,11,827,202603,11,829,211264,1319997,INDIANA,18,2026,March,Thunderstorm Wind,C,137,RIPLEY,ILN,11-MAR-26 08:27:00,EST-5,11-MAR-26 08:29:00,0,0,0,0,2.00K,0.00K,Emergency Manager,50.00,EG,,,,,,,,,,.8,NNE,SUNMAN,.8,NNE,SUNMAN,39.2407,-85.0946,39.2407,-85.0946,"A low pressure system moved through the Ohio Valley region, pulling a cold front through the area. Showers and thunderstorms developed out in front of and along the front. Some storms produced instances of damaging wind gusts and heavy rainfall, leading to isolated flooding.",A power pole was downed across Meridian Street.,CSV
202603,13,1000,202603,13,1900,211838,1323904,INDIANA,18,2026,March,High Wind,Z,116,NORTHERN KOSCIUSKO COUNTY,IWX,13-MAR-26 10:00:00,EST-5,13-MAR-26 19:00:00,1,0,0,0,18.00K,0.00K,Emergency Manager,52.00,EG,,,,,,,,,,,,,,,,,,,,"An area of low pressure from Green Bay to Lake Huron, meausring 988mb, produced widespread wind gusts of 60 to 70 mph. This resulted in property damage and numerous reports of blown-over semi-trucks.",Power poles snapped and blocking Highway 13. Reports of roof damage in the county and at least one vehicle overturned. 1 Injury when tree fell onto someone working on a car outdoors.,CSV
202603,13,1003,202603,13,1900,211838,1323891,INDIANA,18,2026,March,High Wind,Z,17,WHITLEY,IWX,13-MAR-26 10:03:00,EST-5,13-MAR-26 19:00:00,0,0,0,0,1.00K,0.00K,Public,52.00,EG,,,,,,,,,,,,,,,,,,,,"An area of low pressure from Green Bay to Lake Huron, meausring 988mb, produced widespread wind gusts of 60 to 70 mph. This resulted in property damage and numerous reports of blown-over semi-trucks.",Report received of a gutter ripped off a building.,CSV
202603,1,0,202603,24,700,210075,1316475,INDIANA,18,2026,March,Drought,Z,35,FOUNTAIN,IND,01-MAR-26 00:00:00,EST-5,24-MAR-26 07:00:00,0,0,0,0,,,Drought Monitor,,,,,,,,,,,,,,,,,,,,,,"Overall dry conditions that had peaked with widespread Extreme Drought (D3) in early March 2026 generally dissipated or significantly improved throughout the remainder of the month. While the month began with an intensification on March 3rd that expanded D3 across counties like Carroll, Clinton, and Howard, a pattern of heavy rainfall triggered weekly improvements. By the March 31st update, Severe Drought (D2) and Extreme Drought (D3) had been completely removed from nearly all 17 previously affected counties.||This dramatic shift included the total elimination of D2/D3 conditions in a broad sub-region covering Warren, Vermillion, Fountain, Vigo, Parke, Montgomery, Boone, Clinton, Howard, Tipton, Hamilton, Madison, Delaware, Henry, and Randolph counties. By the end of the month, the only remaining vestiges of the winter drought were limited to the northern half of Carroll County and a small sliver of northern Tippecanoe County, which both remained in D2. In the eastern corridor, D3 conditions���which had been steady for months���were systematically trimmed back between March 10th and March 24th before finally being removed.||Precipitation throughout March was exceptionally high for these areas, with totals ranging from 4 to as much as 9 inches. Specifically, western counties like Warren and Fountain saw deluge amounts of 9 inches, while the central corridor from Vigo to Boone received 6 to 8.5 inches, providing the necessary moisture to end the drought status by mid-month. Even in the more stubborn drought areas of the northeast, such as Delaware and Howard counties, monthly totals of 4 to 5.5 inches neared or exceeded double the normal rainfall, finally allowing for the termination of severe drought conditions. The remaining counties in D2 would see improvements out of severe drought in early April.",D2 conditions at the start of the month worsened to D3 on March 3rd before heavy rains trimmed the drought levels weekly until ending on the 31st. Rainfall amounts over the month were as much as 9 inches which allowed for the end of severe drought conditions.,CSV
202603,11,838,202603,11,840,211264,1319998,INDIANA,18,2026,March,Thunderstorm Wind,C,41,FAYETTE,ILN,11-MAR-26 08:38:00,EST-5,11-MAR-26 08:40:00,0,0,0,0,10.00K,0.00K,Emergency Manager,50.00,EG,,,,,,,,,,2.33,NNW,FAIRVIEW,2.33,NNW,FAIRVIEW,39.71,-85.3,39.71,-85.3,"A low pressure system moved through the Ohio Valley region, pulling a cold front through the area. Showers and thunderstorms developed out in front of and along the front. Some storms produced instances of damaging wind gusts and heavy rainfall, leading to isolated flooding.","A property in the 4300 block of County Road 850 W sustained damage where siding was pulled off of several agriculture buildings, a barn was damaged, and three power poles were broken off at ground level.",CSV
202603,11,853,202603,11,855,211264,1319999,INDIANA,18,2026,March,Thunderstorm Wind,C,177,WAYNE,ILN,11-MAR-26 08:53:00,EST-5,11-MAR-26 08:55:00,0,0,0,0,15.00K,0.00K,Emergency Manager,55.00,EG,,,,,,,,,,1.48,SSE,RICHMOND,1.48,SSE,RICHMOND,39.81,-84.89,39.81,-84.89,"A low pressure system moved through the Ohio Valley region, pulling a cold front through the area. Showers and thunderstorms developed out in front of and along the front. Some storms produced instances of damaging wind gusts and heavy rainfall, leading to isolated flooding.",A roof was blown off of a building on South 8th Street.,CSV
202603,11,1655,202603,11,1855,211264,1320001,INDIANA,18,2026,March,Flood,C,47,FRANKLIN,ILN,11-MAR-26 16:55:00,EST-5,11-MAR-26 18:55:00,0,0,0,0,0.00K,0.00K,State Official,,,Heavy Rain,,,,,,,,,2.54,ESE,ANDERSONVILLE,2.83,ESE,ANDERSONVILLE,39.48,-85.26,39.4807,-85.2532,"A low pressure system moved through the Ohio Valley region, pulling a cold front through the area. Showers and thunderstorms developed out in front of and along the front. Some storms produced instances of damaging wind gusts and heavy rainfall, leading to isolated flooding.",Bulltown Road was closed due to high water over the roadway.,CSV
202603,11,1655,202603,11,1855,211264,1320002,INDIANA,18,2026,March,Flood,C,47,FRANKLIN,ILN,11-MAR-26 16:55:00,EST-5,11-MAR-26 18:55:00,0,0,0,0,0.00K,0.00K,State Official,,,Heavy Rain,,,,,,,,,2.75,WNW,LAUREL,2.65,WNW,LAUREL,39.51,-85.23,39.5092,-85.2282,"A low pressure system moved through the Ohio Valley region, pulling a cold front through the area. Showers and thunderstorms developed out in front of and along the front. Some storms produced instances of damaging wind gusts and heavy rainfall, leading to isolated flooding.",Tee Hill Road was closed due to high water over the roadway.,CSV
202603,13,1718,202603,13,1900,211838,1323905,INDIANA,18,2026,March,High Wind,Z,34,JAY,IWX,13-MAR-26 17:18:00,EST-5,13-MAR-26 19:00:00,1,0,0,0,28.00K,0.00K,Emergency Manager,52.00,EG,,,,,,,,,,,,,,,,,,,,"An area of low pressure from Green Bay to Lake Huron, meausring 988mb, produced widespread wind gusts of 60 to 70 mph. This resulted in property damage and numerous reports of blown-over semi-trucks.",Report of a barn roof damaged near Blaine and a tree was uprooted onto a mobile home near Portland. Semi truck blown over near Bluff Point.,CSV
202603,10,1935,202603,10,1936,210933,1317748,INDIANA,18,2026,March,Tornado,C,149,STARKE,IWX,10-MAR-26 19:35:00,CST-6,10-MAR-26 19:36:00,0,0,0,0,35.00K,0.00K,NWS Storm Survey,,,,,EF0,0.7,150,,,,,2.68,WNW,TOTO,2.28,NW,TOTO,41.2655,-86.7473,41.2697,-86.7351,"On the evening of March 10th, a discrete supercell moved from Illinois into northwest Indiana. It produced an EF-2 tornado in Starke County with maximum winds of 115 mph, prompting a rare Tornado Emergency for the area near Knox, IN. Following the initial supercell, a line of storms moved through on the morning of March 11th. Training storms produced significant rainfall between 1 and 3, with localized amounts reaching 4-5, resulting in Flash Flood Warnings and Flood Advisories.","Video obtained from storm chasers claiming to be on the south-|southeast side of the parent mesocyclone clearly show two|distinct tornadoes occurring at the same time. One larger circulation|with numerous power flashes, with a smaller 2nd circulation off to |the southwest. Based on the unusual damage path that the NWS damage |assessment uncovered, this aligns with the idea that a small, |short-lived circulation formed on the southern periphery of the |large wedge tornado, producing brief EF-0 damage before dissipating.",CSV
202603,1,0,202603,10,700,210075,1316476,INDIANA,18,2026,March,Drought,Z,51,VIGO,IND,01-MAR-26 00:00:00,EST-5,10-MAR-26 07:00:00,0,0,0,0,,,Drought Monitor,,,,,,,,,,,,,,,,,,,,,,"Overall dry conditions that had peaked with widespread Extreme Drought (D3) in early March 2026 generally dissipated or significantly improved throughout the remainder of the month. While the month began with an intensification on March 3rd that expanded D3 across counties like Carroll, Clinton, and Howard, a pattern of heavy rainfall triggered weekly improvements. By the March 31st update, Severe Drought (D2) and Extreme Drought (D3) had been completely removed from nearly all 17 previously affected counties.||This dramatic shift included the total elimination of D2/D3 conditions in a broad sub-region covering Warren, Vermillion, Fountain, Vigo, Parke, Montgomery, Boone, Clinton, Howard, Tipton, Hamilton, Madison, Delaware, Henry, and Randolph counties. By the end of the month, the only remaining vestiges of the winter drought were limited to the northern half of Carroll County and a small sliver of northern Tippecanoe County, which both remained in D2. In the eastern corridor, D3 conditions���which had been steady for months���were systematically trimmed back between March 10th and March 24th before finally being removed.||Precipitation throughout March was exceptionally high for these areas, with totals ranging from 4 to as much as 9 inches. Specifically, western counties like Warren and Fountain saw deluge amounts of 9 inches, while the central corridor from Vigo to Boone received 6 to 8.5 inches, providing the necessary moisture to end the drought status by mid-month. Even in the more stubborn drought areas of the northeast, such as Delaware and Howard counties, monthly totals of 4 to 5.5 inches neared or exceeded double the normal rainfall, finally allowing for the termination of severe drought conditions. The remaining counties in D2 would see improvements out of severe drought in early April.",D2 conditions at the start of the month ended on the March 10th issuance as a result of heavy rain in the early portions of the month. Rainfall amounts over the month were as much as 7 to 8.5 inches which allowed for the end of severe drought conditions.,CSV
202603,10,1907,202603,10,1943,210933,1317749,INDIANA,18,2026,March,Tornado,C,149,STARKE,IWX,10-MAR-26 19:07:00,CST-6,10-MAR-26 19:43:00,0,0,0,0,0.00K,0.00K,NWS Storm Survey,,,,,EF2,15.52,1200,,,,,2.14,WSW,LOMAX,1.57,NNW,KNOX,41.2391,-86.9185,41.3202,-86.644,"On the evening of March 10th, a discrete supercell moved from Illinois into northwest Indiana. It produced an EF-2 tornado in Starke County with maximum winds of 115 mph, prompting a rare Tornado Emergency for the area near Knox, IN. Following the initial supercell, a line of storms moved through on the morning of March 11th. Training storms produced significant rainfall between 1 and 3, with localized amounts reaching 4-5, resulting in Flash Flood Warnings and Flood Advisories.","Based on radar, an NWS Survey and reports from numerous spotter|and emergency management officials, one final tornado has been|confirmed with a cyclic supercell that originated in eastern|Illinois. The tornado quickly developed about 3 miles northeast|of the end of the Wheatfield, IN tornado, starting southwest of|the intersection of US 421 and CR W 400 S where 2 large pole|barns suffered extensive damage, as well as 3 empty grain bins.|The debris was carried up to a half mile downstream. Videos and|eyewitness reports indicate a large cone shaped funnel continued|northeast causing damage to trees, some center pivot irrigation|systems and a few other barns and homes, eventually crossing|State Road 39 near CR W 150 S. It then continued over mainly over|unplanted fields before causing some additional damage at SR|8 and CR N 250 E. It lifted just southeast of the Starke county|airport. The tornado has a few areas which suggested some multi|vortex funnels caused damage in the larger swath. After careful|analysis, along with storm chaser video footage and high|resolution satellite data, it was determined that a second weaker|tornado touched down south of Jackson for a brief period of time.",CSV
202603,10,1937,202603,10,1938,210933,1317753,INDIANA,18,2026,March,Thunderstorm Wind,C,149,STARKE,IWX,10-MAR-26 19:37:00,CST-6,10-MAR-26 19:38:00,0,0,0,0,35.00K,0.00K,Amateur Radio,65.00,EG,,,,,,,,,,1.25,WSW,BREMS,1.25,WSW,BREMS,41.32,-86.72,41.32,-86.72,"On the evening of March 10th, a discrete supercell moved from Illinois into northwest Indiana. It produced an EF-2 tornado in Starke County with maximum winds of 115 mph, prompting a rare Tornado Emergency for the area near Knox, IN. Following the initial supercell, a line of storms moved through on the morning of March 11th. Training storms produced significant rainfall between 1 and 3, with localized amounts reaching 4-5, resulting in Flash Flood Warnings and Flood Advisories.","Report of a barn destroyed, with debris on SR 8 west of the Starke County Airport.",CSV
202603,11,106,202603,11,107,210933,1317754,INDIANA,18,2026,March,Thunderstorm Wind,C,85,KOSCIUSKO,IWX,11-MAR-26 01:06:00,EST-5,11-MAR-26 01:07:00,0,0,0,0,1.00K,0.00K,Emergency Manager,52.00,EG,,,,,,,,,,1.97,NE,NORTH WEBSTER,1.97,NE,NORTH WEBSTER,41.3382,-85.6708,41.3382,-85.6708,"On the evening of March 10th, a discrete supercell moved from Illinois into northwest Indiana. It produced an EF-2 tornado in Starke County with maximum winds of 115 mph, prompting a rare Tornado Emergency for the area near Knox, IN. Following the initial supercell, a line of storms moved through on the morning of March 11th. Training storms produced significant rainfall between 1 and 3, with localized amounts reaching 4-5, resulting in Flash Flood Warnings and Flood Advisories.",Emergency manager reports tree down across the road.,CSV
202603,10,2050,202603,10,2051,210933,1317756,INDIANA,18,2026,March,Thunderstorm Wind,C,141,ST. JOSEPH,IWX,10-MAR-26 20:50:00,EST-5,10-MAR-26 20:51:00,0,0,0,0,0.00K,0.00K,ASOS,52.00,MG,,,,,,,,,,0,N,(SBN)MICHIANA ARPT S,0,N,(SBN)MICHIANA ARPT S,41.7,-86.32,41.7,-86.32,"On the evening of March 10th, a discrete supercell moved from Illinois into northwest Indiana. It produced an EF-2 tornado in Starke County with maximum winds of 115 mph, prompting a rare Tornado Emergency for the area near Knox, IN. Following the initial supercell, a line of storms moved through on the morning of March 11th. Training storms produced significant rainfall between 1 and 3, with localized amounts reaching 4-5, resulting in Flash Flood Warnings and Flood Advisories.",,CSV
202603,11,33,202603,11,34,210933,1317757,INDIANA,18,2026,March,Thunderstorm Wind,C,39,ELKHART,IWX,11-MAR-26 00:33:00,EST-5,11-MAR-26 00:34:00,0,0,0,0,0.00K,0.00K,ASOS,51.00,MG,,,,,,,,,,.86,NW,BENTON,.86,NW,BENTON,41.53,-85.78,41.53,-85.78,"On the evening of March 10th, a discrete supercell moved from Illinois into northwest Indiana. It produced an EF-2 tornado in Starke County with maximum winds of 115 mph, prompting a rare Tornado Emergency for the area near Knox, IN. Following the initial supercell, a line of storms moved through on the morning of March 11th. Training storms produced significant rainfall between 1 and 3, with localized amounts reaching 4-5, resulting in Flash Flood Warnings and Flood Advisories.",,CSV
202603,11,200,202603,11,300,210933,1324007,INDIANA,18,2026,March,Flood,C,99,MARSHALL,IWX,11-MAR-26 02:00:00,EST-5,11-MAR-26 03:00:00,0,0,0,0,5.00K,0.00K,Emergency Manager,,,Heavy Rain,,,,,,,,,0,N,AYR,.28,S,AYR,41.45,-86.08,41.446,-86.0798,"On the evening of March 10th, a discrete supercell moved from Illinois into northwest Indiana. It produced an EF-2 tornado in Starke County with maximum winds of 115 mph, prompting a rare Tornado Emergency for the area near Knox, IN. Following the initial supercell, a line of storms moved through on the morning of March 11th. Training storms produced significant rainfall between 1 and 3, with localized amounts reaching 4-5, resulting in Flash Flood Warnings and Flood Advisories.",Road closed with a vehicle accident due to high water.,CSV
202603,11,635,202603,11,638,211865,1324003,INDIANA,18,2026,March,Tornado,C,179,WELLS,IWX,11-MAR-26 06:35:00,EST-5,11-MAR-26 06:38:00,0,0,0,0,50.00K,0.00K,NWS Storm Survey,,,,,EF0,2.59,30,,,,,1.66,W,VERA CRUZ,.85,NE,VERA CRUZ,40.6983,-85.1116,40.7098,-85.0702,"A strong cold front swept through on March 11th, causing temperatures to plummet from the 60s into the 30s. A squall line (QLCS) developed ahead of the front, bringing damaging winds and embedded tornadoes to Wells and Jay counties in eastern Indiana.","A weak circulation touched down in an open field southwest of the|intersection of CR S 600 E and E 350 S. The tornado moved|northeast causing damage to a pole barn which lost its roof as|well as had leaning walls. Debris impacted an adjacent pole barn|with the pieces of metal being carried downstream into a yard|just to the east of the above noted intersection. The circulation|continued across mainly unplanted fields, but drone imagery|indicated a narrow area of very light scouring in the field and|inflow into the tornado. A tree fell onto SR 116 near E 300 S,|which a car ran into to. It then continued northeast before|lifting near the county line at S 700 W-1. A small garage was|shifted off its foundation as the garage door was impacted by the|winds as it dissipated.",CSV
202603,11,816,202603,11,819,211865,1324004,INDIANA,18,2026,March,Tornado,C,75,JAY,IWX,11-MAR-26 08:16:00,EST-5,11-MAR-26 08:19:00,0,0,0,0,150.00K,0.00K,NWS Storm Survey,,,,,EF0,3.9,200,,,,,2.18,S,REDKEY,1.18,SSW,NEW MT PLEASANT,40.3185,-85.1515,40.3352,-85.0812,"A strong cold front swept through on March 11th, causing temperatures to plummet from the 60s into the 30s. A squall line (QLCS) developed ahead of the front, bringing damaging winds and embedded tornadoes to Wells and Jay counties in eastern Indiana.","A tornado touched down south of CR W 800 S and west of SR 1,|crossing the road and snapping 3 power poles. On the northern|edge, a barn suffered door damage, a few downed trees and damage|to a greenhouse. The tornado moved NE, crossing W 800 S and|causing roof damage to a home as well as some tree damage on a|few properties. As it was passing northwest of the intersection|of CR W 800 S and S 700 W, it caused roof damage to the roof of a|pole barn with debris being carried roughly 350 yards to the|east. The final damage was noted at 2 animal barns on S 600 W|where roof lost was noted, the most extensive being on the west|side of S 600 W where the metal roofing was carried into an|adjacent field. No damage was noted beyond this area.",CSV
202603,1,0,202603,10,700,210075,1316477,INDIANA,18,2026,March,Drought,Z,44,PARKE,IND,01-MAR-26 00:00:00,EST-5,10-MAR-26 07:00:00,0,0,0,0,,,Drought Monitor,,,,,,,,,,,,,,,,,,,,,,"Overall dry conditions that had peaked with widespread Extreme Drought (D3) in early March 2026 generally dissipated or significantly improved throughout the remainder of the month. While the month began with an intensification on March 3rd that expanded D3 across counties like Carroll, Clinton, and Howard, a pattern of heavy rainfall triggered weekly improvements. By the March 31st update, Severe Drought (D2) and Extreme Drought (D3) had been completely removed from nearly all 17 previously affected counties.||This dramatic shift included the total elimination of D2/D3 conditions in a broad sub-region covering Warren, Vermillion, Fountain, Vigo, Parke, Montgomery, Boone, Clinton, Howard, Tipton, Hamilton, Madison, Delaware, Henry, and Randolph counties. By the end of the month, the only remaining vestiges of the winter drought were limited to the northern half of Carroll County and a small sliver of northern Tippecanoe County, which both remained in D2. In the eastern corridor, D3 conditions���which had been steady for months���were systematically trimmed back between March 10th and March 24th before finally being removed.||Precipitation throughout March was exceptionally high for these areas, with totals ranging from 4 to as much as 9 inches. Specifically, western counties like Warren and Fountain saw deluge amounts of 9 inches, while the central corridor from Vigo to Boone received 6 to 8.5 inches, providing the necessary moisture to end the drought status by mid-month. Even in the more stubborn drought areas of the northeast, such as Delaware and Howard counties, monthly totals of 4 to 5.5 inches neared or exceeded double the normal rainfall, finally allowing for the termination of severe drought conditions. The remaining counties in D2 would see improvements out of severe drought in early April.",D2 conditions at the start of the month ended on the March 10th issuance as a result of heavy rain in the early portions of the month. Rainfall amounts over the month were as much as 7 to 8.5 inches which allowed for the end of severe drought conditions.,CSV
202603,6,1257,202603,6,1258,210303,1317724,INDIANA,18,2026,March,Hail,C,91,LA PORTE,IWX,06-MAR-26 12:57:00,CST-6,06-MAR-26 12:58:00,0,0,0,0,1.00K,0.00K,Public,1.75,,,,,,,,,,,.69,N,WESTVILLE,.69,N,WESTVILLE,41.56,-86.9,41.56,-86.9,A supercell thunderstorm moved through La Porte County on the afternoon of March 6 and produced 1.75 inch diameter hail. The storm went on to produce multiple tornadoes in southern Michigan.,"Received a report from the public of 1.75 inch diamater hail near Westville, IN.",CSV
202603,15,1518,202603,15,2200,211873,1324154,INDIANA,18,2026,March,High Wind,Z,18,ALLEN,IWX,15-MAR-26 15:18:00,EST-5,15-MAR-26 22:00:00,0,0,0,0,0.00K,0.00K,ASOS,56.00,MG,,,,,,,,,,,,,,,,,,,,"A 985mb low pressure moved through the region. The associated cold front sent temperatures plummeting from the 60s to 70s down into the 20s and 30s. Prior to the cold front, gusty wind of 45 to 50 mph where common, but there were a couple of instances of 55 mph to 60 mph wind gusts.",Measured gust at Fort Wayne Int'l Airport.,CSV
202603,15,1514,202603,15,2200,211873,1324155,INDIANA,18,2026,March,High Wind,Z,27,ADAMS,IWX,15-MAR-26 15:14:00,EST-5,15-MAR-26 22:00:00,0,0,0,0,0.00K,0.00K,ASOS,51.00,MG,,,,,,,,,,,,,,,,,,,,"A 985mb low pressure moved through the region. The associated cold front sent temperatures plummeting from the 60s to 70s down into the 20s and 30s. Prior to the cold front, gusty wind of 45 to 50 mph where common, but there were a couple of instances of 55 mph to 60 mph wind gusts.",Measured at Goshen Airport.,CSV
202603,1,0,202603,31,2359,210075,1316478,INDIANA,18,2026,March,Drought,Z,29,TIPPECANOE,IND,01-MAR-26 00:00:00,EST-5,31-MAR-26 23:59:00,0,0,0,0,,,Drought Monitor,,,,,,,,,,,,,,,,,,,,,,"Overall dry conditions that had peaked with widespread Extreme Drought (D3) in early March 2026 generally dissipated or significantly improved throughout the remainder of the month. While the month began with an intensification on March 3rd that expanded D3 across counties like Carroll, Clinton, and Howard, a pattern of heavy rainfall triggered weekly improvements. By the March 31st update, Severe Drought (D2) and Extreme Drought (D3) had been completely removed from nearly all 17 previously affected counties.||This dramatic shift included the total elimination of D2/D3 conditions in a broad sub-region covering Warren, Vermillion, Fountain, Vigo, Parke, Montgomery, Boone, Clinton, Howard, Tipton, Hamilton, Madison, Delaware, Henry, and Randolph counties. By the end of the month, the only remaining vestiges of the winter drought were limited to the northern half of Carroll County and a small sliver of northern Tippecanoe County, which both remained in D2. In the eastern corridor, D3 conditions���which had been steady for months���were systematically trimmed back between March 10th and March 24th before finally being removed.||Precipitation throughout March was exceptionally high for these areas, with totals ranging from 4 to as much as 9 inches. Specifically, western counties like Warren and Fountain saw deluge amounts of 9 inches, while the central corridor from Vigo to Boone received 6 to 8.5 inches, providing the necessary moisture to end the drought status by mid-month. Even in the more stubborn drought areas of the northeast, such as Delaware and Howard counties, monthly totals of 4 to 5.5 inches neared or exceeded double the normal rainfall, finally allowing for the termination of severe drought conditions. The remaining counties in D2 would see improvements out of severe drought in early April.","D2 conditions at the start of the month worsened to D3 on March 3rd before heavy rains trimmed the drought levels weekly through the end of the month. By the March 31st issuance, only a small sliver of northern Tippecanoe county remained in D2. Rainfall amounts over the month were as much as 4 to 6 inches which allowed for the improvement of severe drought conditions.",CSV
202603,1,0,202603,17,700,210075,1316479,INDIANA,18,2026,March,Drought,Z,36,MONTGOMERY,IND,01-MAR-26 00:00:00,EST-5,17-MAR-26 07:00:00,0,0,0,0,,,Drought Monitor,,,,,,,,,,,,,,,,,,,,,,"Overall dry conditions that had peaked with widespread Extreme Drought (D3) in early March 2026 generally dissipated or significantly improved throughout the remainder of the month. While the month began with an intensification on March 3rd that expanded D3 across counties like Carroll, Clinton, and Howard, a pattern of heavy rainfall triggered weekly improvements. By the March 31st update, Severe Drought (D2) and Extreme Drought (D3) had been completely removed from nearly all 17 previously affected counties.||This dramatic shift included the total elimination of D2/D3 conditions in a broad sub-region covering Warren, Vermillion, Fountain, Vigo, Parke, Montgomery, Boone, Clinton, Howard, Tipton, Hamilton, Madison, Delaware, Henry, and Randolph counties. By the end of the month, the only remaining vestiges of the winter drought were limited to the northern half of Carroll County and a small sliver of northern Tippecanoe County, which both remained in D2. In the eastern corridor, D3 conditions���which had been steady for months���were systematically trimmed back between March 10th and March 24th before finally being removed.||Precipitation throughout March was exceptionally high for these areas, with totals ranging from 4 to as much as 9 inches. Specifically, western counties like Warren and Fountain saw deluge amounts of 9 inches, while the central corridor from Vigo to Boone received 6 to 8.5 inches, providing the necessary moisture to end the drought status by mid-month. Even in the more stubborn drought areas of the northeast, such as Delaware and Howard counties, monthly totals of 4 to 5.5 inches neared or exceeded double the normal rainfall, finally allowing for the termination of severe drought conditions. The remaining counties in D2 would see improvements out of severe drought in early April.",D2 conditions at the start of the month worsened to D3 for the northwestern portions of the county on March 3rd before heavy rains trimmed the drought levels weekly until ending on the 10th. Rainfall amounts over the month were as much as 6 to 7 inches which allowed for the end of severe drought conditions.,CSV
202603,5,627,202603,5,827,211265,1320003,INDIANA,18,2026,March,Flood,C,47,FRANKLIN,ILN,05-MAR-26 06:27:00,EST-5,05-MAR-26 08:27:00,0,0,0,0,0.00K,0.00K,State Official,,,Heavy Rain,,,,,,,,,1.74,WNW,BROOKVILLE,1.57,WNW,BROOKVILLE,39.43,-85.05,39.4283,-85.0474,"A warm front lifted through the Ohio Valley, prompting showers and thunderstorms in a warm and moist airmass. Some storms produced locally heavy rainfall, leading to instances of flooding and high water.",Levee Road was closed due to high water. Several additional roads were closed due to high water in the vicinity.,CSV
202603,5,700,202603,5,900,211265,1320004,INDIANA,18,2026,March,Flood,C,137,RIPLEY,ILN,05-MAR-26 07:00:00,EST-5,05-MAR-26 09:00:00,0,0,0,0,0.00K,0.00K,State Official,,,Heavy Rain,,,,,,,,,.87,SW,BATESVILLE,.68,SSW,BATESVILLE,39.29,-85.23,39.2917,-85.227,"A warm front lifted through the Ohio Valley, prompting showers and thunderstorms in a warm and moist airmass. Some storms produced locally heavy rainfall, leading to instances of flooding and high water.",Areas of high water were reported over the roadway between E County Road 1400 N and IN-229.,CSV
202603,1,0,202603,31,2359,210075,1316480,INDIANA,18,2026,March,Drought,Z,21,CARROLL,IND,01-MAR-26 00:00:00,EST-5,31-MAR-26 23:59:00,0,0,0,0,,,Drought Monitor,,,,,,,,,,,,,,,,,,,,,,"Overall dry conditions that had peaked with widespread Extreme Drought (D3) in early March 2026 generally dissipated or significantly improved throughout the remainder of the month. While the month began with an intensification on March 3rd that expanded D3 across counties like Carroll, Clinton, and Howard, a pattern of heavy rainfall triggered weekly improvements. By the March 31st update, Severe Drought (D2) and Extreme Drought (D3) had been completely removed from nearly all 17 previously affected counties.||This dramatic shift included the total elimination of D2/D3 conditions in a broad sub-region covering Warren, Vermillion, Fountain, Vigo, Parke, Montgomery, Boone, Clinton, Howard, Tipton, Hamilton, Madison, Delaware, Henry, and Randolph counties. By the end of the month, the only remaining vestiges of the winter drought were limited to the northern half of Carroll County and a small sliver of northern Tippecanoe County, which both remained in D2. In the eastern corridor, D3 conditions���which had been steady for months���were systematically trimmed back between March 10th and March 24th before finally being removed.||Precipitation throughout March was exceptionally high for these areas, with totals ranging from 4 to as much as 9 inches. Specifically, western counties like Warren and Fountain saw deluge amounts of 9 inches, while the central corridor from Vigo to Boone received 6 to 8.5 inches, providing the necessary moisture to end the drought status by mid-month. Even in the more stubborn drought areas of the northeast, such as Delaware and Howard counties, monthly totals of 4 to 5.5 inches neared or exceeded double the normal rainfall, finally allowing for the termination of severe drought conditions. The remaining counties in D2 would see improvements out of severe drought in early April.",D3 conditions at the start of the month for much of the county worsened on March 3rd to cover the entire county before heavy rains began to trim the D3 back down on the March 17th issuance and weekly afterwards through the end of the month. D3 conditions ended on the March 24th issuance with D2 limited to just the northern half of the county by the end of the month Rainfall amounts over the month were as much as 5 inches which allowed for the improvement of severe drought conditions.,CSV
202603,1,0,202603,31,700,210075,1316481,INDIANA,18,2026,March,Drought,Z,30,CLINTON,IND,01-MAR-26 00:00:00,EST-5,31-MAR-26 07:00:00,0,0,0,0,,,Drought Monitor,,,,,,,,,,,,,,,,,,,,,,"Overall dry conditions that had peaked with widespread Extreme Drought (D3) in early March 2026 generally dissipated or significantly improved throughout the remainder of the month. While the month began with an intensification on March 3rd that expanded D3 across counties like Carroll, Clinton, and Howard, a pattern of heavy rainfall triggered weekly improvements. By the March 31st update, Severe Drought (D2) and Extreme Drought (D3) had been completely removed from nearly all 17 previously affected counties.||This dramatic shift included the total elimination of D2/D3 conditions in a broad sub-region covering Warren, Vermillion, Fountain, Vigo, Parke, Montgomery, Boone, Clinton, Howard, Tipton, Hamilton, Madison, Delaware, Henry, and Randolph counties. By the end of the month, the only remaining vestiges of the winter drought were limited to the northern half of Carroll County and a small sliver of northern Tippecanoe County, which both remained in D2. In the eastern corridor, D3 conditions���which had been steady for months���were systematically trimmed back between March 10th and March 24th before finally being removed.||Precipitation throughout March was exceptionally high for these areas, with totals ranging from 4 to as much as 9 inches. Specifically, western counties like Warren and Fountain saw deluge amounts of 9 inches, while the central corridor from Vigo to Boone received 6 to 8.5 inches, providing the necessary moisture to end the drought status by mid-month. Even in the more stubborn drought areas of the northeast, such as Delaware and Howard counties, monthly totals of 4 to 5.5 inches neared or exceeded double the normal rainfall, finally allowing for the termination of severe drought conditions. The remaining counties in D2 would see improvements out of severe drought in early April.",D3 conditions at the start of the month for much of the county worsened on March 3rd to cover most of the entire county before heavy rains began to trim the D3 back down on the March 17th issuance and weekly afterwards through the end of the month. D3 drought ended on the 24th with D2 drought ending on the 31st. Rainfall amounts over the month were as much as 6 to 8 inches which allowed for the end of severe drought conditions.,CSV
202603,1,0,202603,10,700,210075,1316482,INDIANA,18,2026,March,Drought,Z,37,BOONE,IND,01-MAR-26 00:00:00,EST-5,10-MAR-26 07:00:00,0,0,0,0,,,Drought Monitor,,,,,,,,,,,,,,,,,,,,,,"Overall dry conditions that had peaked with widespread Extreme Drought (D3) in early March 2026 generally dissipated or significantly improved throughout the remainder of the month. While the month began with an intensification on March 3rd that expanded D3 across counties like Carroll, Clinton, and Howard, a pattern of heavy rainfall triggered weekly improvements. By the March 31st update, Severe Drought (D2) and Extreme Drought (D3) had been completely removed from nearly all 17 previously affected counties.||This dramatic shift included the total elimination of D2/D3 conditions in a broad sub-region covering Warren, Vermillion, Fountain, Vigo, Parke, Montgomery, Boone, Clinton, Howard, Tipton, Hamilton, Madison, Delaware, Henry, and Randolph counties. By the end of the month, the only remaining vestiges of the winter drought were limited to the northern half of Carroll County and a small sliver of northern Tippecanoe County, which both remained in D2. In the eastern corridor, D3 conditions���which had been steady for months���were systematically trimmed back between March 10th and March 24th before finally being removed.||Precipitation throughout March was exceptionally high for these areas, with totals ranging from 4 to as much as 9 inches. Specifically, western counties like Warren and Fountain saw deluge amounts of 9 inches, while the central corridor from Vigo to Boone received 6 to 8.5 inches, providing the necessary moisture to end the drought status by mid-month. Even in the more stubborn drought areas of the northeast, such as Delaware and Howard counties, monthly totals of 4 to 5.5 inches neared or exceeded double the normal rainfall, finally allowing for the termination of severe drought conditions. The remaining counties in D2 would see improvements out of severe drought in early April.",D2 conditions at the start of the month ended on the March 10th issuance as a result of heavy rain in the early portions of the month. Rainfall amounts over the month were as much as 6 to 7 inches which allowed for the end of severe drought conditions.,CSV
202603,22,1818,202603,22,1819,211839,1323832,INDIANA,18,2026,March,Hail,C,17,CASS,IWX,22-MAR-26 18:18:00,EST-5,22-MAR-26 18:19:00,0,0,0,0,1.00K,0.00K,Emergency Manager,1.00,,,,,,,,,,,.52,W,GALVESTON,.52,W,GALVESTON,40.58,-86.19,40.58,-86.19,"A slow-moving boundary was the focus for afternoon thunderstorms as the day's capping inversion lifted. Pea and dime-size hail reports were common, with a handful of reports for 1 inch hail or larger.",Photo from Emergency Management indicates quarter-size hail.,CSV
202603,22,1822,202603,22,1823,211839,1323834,INDIANA,18,2026,March,Hail,C,103,MIAMI,IWX,22-MAR-26 18:22:00,EST-5,22-MAR-26 18:23:00,0,0,0,0,1.00K,0.00K,Public,1.00,,,,,,,,,,,1.74,NE,WAWPECONG,1.74,NE,WAWPECONG,40.6,-86.03,40.6,-86.03,"A slow-moving boundary was the focus for afternoon thunderstorms as the day's capping inversion lifted. Pea and dime-size hail reports were common, with a handful of reports for 1 inch hail or larger.","Video on Facebook shows hail, ranging from dime to quarter-size.",CSV
202603,22,1841,202603,22,1842,211839,1323835,INDIANA,18,2026,March,Hail,C,53,GRANT,IWX,22-MAR-26 18:41:00,EST-5,22-MAR-26 18:42:00,0,0,0,0,1.00K,0.00K,Public,1.00,,,,,,,,,,,2.76,N,SHADY HILLS,2.76,N,SHADY HILLS,40.61,-85.67,40.61,-85.67,"A slow-moving boundary was the focus for afternoon thunderstorms as the day's capping inversion lifted. Pea and dime-size hail reports were common, with a handful of reports for 1 inch hail or larger.",A member of the public reports 1 inch diameter hail.,CSV
202603,22,1906,202603,22,1907,211839,1323836,INDIANA,18,2026,March,Hail,C,53,GRANT,IWX,22-MAR-26 19:06:00,EST-5,22-MAR-26 19:07:00,0,0,0,0,1.00K,0.00K,Public,1.00,,,,,,,,,,,1.26,WNW,UPLAND,1.26,WNW,UPLAND,40.48,-85.5,40.48,-85.5,"A slow-moving boundary was the focus for afternoon thunderstorms as the day's capping inversion lifted. Pea and dime-size hail reports were common, with a handful of reports for 1 inch hail or larger.",Photo on Facebook shows quarter-size hail.,CSV
202603,22,1910,202603,22,1911,211839,1323837,INDIANA,18,2026,March,Hail,C,53,GRANT,IWX,22-MAR-26 19:10:00,EST-5,22-MAR-26 19:11:00,0,0,0,0,1.00K,0.00K,Trained Spotter,1.00,,,,,,,,,,,1.72,ESE,UPLAND,1.72,ESE,UPLAND,40.46,-85.45,40.46,-85.45,"A slow-moving boundary was the focus for afternoon thunderstorms as the day's capping inversion lifted. Pea and dime-size hail reports were common, with a handful of reports for 1 inch hail or larger.",,CSV
202603,22,1910,202603,22,1911,211839,1323839,INDIANA,18,2026,March,Hail,C,53,GRANT,IWX,22-MAR-26 19:10:00,EST-5,22-MAR-26 19:11:00,0,0,0,0,1.00K,0.00K,Public,1.00,,,,,,,,,,,1.26,ESE,UPLAND,1.26,ESE,UPLAND,40.46,-85.46,40.46,-85.46,"A slow-moving boundary was the focus for afternoon thunderstorms as the day's capping inversion lifted. Pea and dime-size hail reports were common, with a handful of reports for 1 inch hail or larger.",Photo on Facebook shows quarter size hail.,CSV
202603,22,1913,202603,22,1914,211839,1323840,INDIANA,18,2026,March,Hail,C,53,GRANT,IWX,22-MAR-26 19:13:00,EST-5,22-MAR-26 19:14:00,0,0,0,0,0.00K,0.00K,Broadcast Media,1.00,,,,,,,,,,,3.18,SSW,UPLAND,3.18,SSW,UPLAND,40.43,-85.51,40.43,-85.51,"A slow-moving boundary was the focus for afternoon thunderstorms as the day's capping inversion lifted. Pea and dime-size hail reports were common, with a handful of reports for 1 inch hail or larger.",,CSV
202603,22,1915,202603,22,1916,211839,1323841,INDIANA,18,2026,March,Hail,C,9,BLACKFORD,IWX,22-MAR-26 19:15:00,EST-5,22-MAR-26 19:16:00,0,0,0,0,1.00K,0.00K,Public,1.50,,,,,,,,,,,0,N,HARTFORD CITY,0,N,HARTFORD CITY,40.45,-85.37,40.45,-85.37,"A slow-moving boundary was the focus for afternoon thunderstorms as the day's capping inversion lifted. Pea and dime-size hail reports were common, with a handful of reports for 1 inch hail or larger.",Photo on Facebook shows hail up to 1.5 inches in diameter.,CSV
202603,22,1916,202603,22,1917,211839,1323842,INDIANA,18,2026,March,Hail,C,9,BLACKFORD,IWX,22-MAR-26 19:16:00,EST-5,22-MAR-26 19:17:00,0,0,0,0,0.00K,0.00K,Broadcast Media,1.25,,,,,,,,,,,0,N,HARTFORD CITY,0,N,HARTFORD CITY,40.45,-85.37,40.45,-85.37,"A slow-moving boundary was the focus for afternoon thunderstorms as the day's capping inversion lifted. Pea and dime-size hail reports were common, with a handful of reports for 1 inch hail or larger.",,CSV
202603,1,0,202603,31,700,210075,1316483,INDIANA,18,2026,March,Drought,Z,31,HOWARD,IND,01-MAR-26 00:00:00,EST-5,31-MAR-26 07:00:00,0,0,0,0,,,Drought Monitor,,,,,,,,,,,,,,,,,,,,,,"Overall dry conditions that had peaked with widespread Extreme Drought (D3) in early March 2026 generally dissipated or significantly improved throughout the remainder of the month. While the month began with an intensification on March 3rd that expanded D3 across counties like Carroll, Clinton, and Howard, a pattern of heavy rainfall triggered weekly improvements. By the March 31st update, Severe Drought (D2) and Extreme Drought (D3) had been completely removed from nearly all 17 previously affected counties.||This dramatic shift included the total elimination of D2/D3 conditions in a broad sub-region covering Warren, Vermillion, Fountain, Vigo, Parke, Montgomery, Boone, Clinton, Howard, Tipton, Hamilton, Madison, Delaware, Henry, and Randolph counties. By the end of the month, the only remaining vestiges of the winter drought were limited to the northern half of Carroll County and a small sliver of northern Tippecanoe County, which both remained in D2. In the eastern corridor, D3 conditions���which had been steady for months���were systematically trimmed back between March 10th and March 24th before finally being removed.||Precipitation throughout March was exceptionally high for these areas, with totals ranging from 4 to as much as 9 inches. Specifically, western counties like Warren and Fountain saw deluge amounts of 9 inches, while the central corridor from Vigo to Boone received 6 to 8.5 inches, providing the necessary moisture to end the drought status by mid-month. Even in the more stubborn drought areas of the northeast, such as Delaware and Howard counties, monthly totals of 4 to 5.5 inches neared or exceeded double the normal rainfall, finally allowing for the termination of severe drought conditions. The remaining counties in D2 would see improvements out of severe drought in early April.",D3 conditions at the start of the month for the entire county began to improve starting with the 17th issuance and weekly afterwards through the end of the month. D3 conditions ended on the March 24th issuance with D2 ending on the 31st. Rainfall amounts over the month were as much as 4 to 5 inches which allowed for the end of severe drought conditions.,CSV
202604,27,1552,202604,27,1552,211277,1330651,INDIANA,18,2026,April,Thunderstorm Wind,C,71,JACKSON,IND,27-APR-26 15:52:00,EST-5,27-APR-26 15:52:00,0,0,0,0,500.00K,,Broadcast Media,55.00,EG,,,,,,,,,,.54,E,CORTLAND,.54,E,CORTLAND,38.97,-85.96,38.97,-85.96,"On April 27, 2026, an upper-level shortwave trough and an associated deepening surface low-pressure system tracked across the Midwest. South of the low's path, a sufficiently unstable warm sector surged into central Indiana, characterized by rich boundary-layer moisture and strong low and deep layer wind shear. This setup supported multiple rounds of severe convection resulting in numerous damaging wind gusts or large hail reports. Three tornadoes also occurred between Jackson and Morgan Counties, along with flash flooding in Knox and Marion Counties.",Thunderstorm wind gusts downed 30 power poles and damaged house roofs.,CSV
202604,27,1604,202604,27,1604,211277,1330652,INDIANA,18,2026,April,Thunderstorm Wind,C,71,JACKSON,IND,27-APR-26 16:04:00,EST-5,27-APR-26 16:04:00,0,0,0,0,,,Public,52.00,MG,,,,,,,,,,1.07,E,ROCKFORD,1.07,E,ROCKFORD,38.98,-85.88,38.98,-85.88,"On April 27, 2026, an upper-level shortwave trough and an associated deepening surface low-pressure system tracked across the Midwest. South of the low's path, a sufficiently unstable warm sector surged into central Indiana, characterized by rich boundary-layer moisture and strong low and deep layer wind shear. This setup supported multiple rounds of severe convection resulting in numerous damaging wind gusts or large hail reports. Three tornadoes also occurred between Jackson and Morgan Counties, along with flash flooding in Knox and Marion Counties.",A 60 mph thunderstorm wind gust was measured by the public.,CSV
202604,27,1543,202604,27,1543,211277,1330781,INDIANA,18,2026,April,Thunderstorm Wind,C,83,KNOX,IND,27-APR-26 15:43:00,EST-5,27-APR-26 15:43:00,0,0,0,0,1.00K,,COOP Observer,50.00,EG,,,,,,,,,,3.31,WSW,BRUCEVILLE,3.31,WSW,BRUCEVILLE,38.74,-87.48,38.74,-87.48,"On April 27, 2026, an upper-level shortwave trough and an associated deepening surface low-pressure system tracked across the Midwest. South of the low's path, a sufficiently unstable warm sector surged into central Indiana, characterized by rich boundary-layer moisture and strong low and deep layer wind shear. This setup supported multiple rounds of severe convection resulting in numerous damaging wind gusts or large hail reports. Three tornadoes also occurred between Jackson and Morgan Counties, along with flash flooding in Knox and Marion Counties.",Tree downed at the Southwest Purdue Agricultural Center by thunderstorm wind gusts.,CSV
202604,27,1915,202604,27,1915,211277,1330783,INDIANA,18,2026,April,Thunderstorm Wind,C,121,PARKE,IND,27-APR-26 19:15:00,EST-5,27-APR-26 19:15:00,0,0,0,0,,,Amateur Radio,52.00,EG,,,,,,,,,,.87,SW,BELLMORE,.87,SW,BELLMORE,39.76,-87.11,39.76,-87.11,"On April 27, 2026, an upper-level shortwave trough and an associated deepening surface low-pressure system tracked across the Midwest. South of the low's path, a sufficiently unstable warm sector surged into central Indiana, characterized by rich boundary-layer moisture and strong low and deep layer wind shear. This setup supported multiple rounds of severe convection resulting in numerous damaging wind gusts or large hail reports. Three tornadoes also occurred between Jackson and Morgan Counties, along with flash flooding in Knox and Marion Counties.",A 60 mph thunderstorm wind gust was estimated at this location.,CSV
202603,10,1804,202603,10,1833,210342,1320574,INDIANA,18,2026,March,Tornado,C,111,NEWTON,LOT,10-MAR-26 18:04:00,CST-6,10-MAR-26 18:33:00,10,0,2,0,0.00K,0.00K,NWS Storm Survey,,,,,EF3,13.63,1550,LOT,IN,073,JASPER,3.91,WSW,(C98) LAKE VILLAGE AIRPORT,1.62,NNE,ROSELAWN,41.1238,-87.5266,41.1808,-87.2757,"A powerful supercell thunderstorm tracked an EF-3 tornado across northern Newton and northwestern Jasper counties and another EF-1 tornado through northern Jasper County during the evening of March 10th. The EF-3 destroyed a number of homes and caused significant damage to many other homes, businesses, and infrastructure, especially in the town of Lake Village where two fatalities occurred as a result of the storm. Additional severe thunderstorms later in the evening brought one inch hail to northern Lake and Porter counties.","A destructive EF-3 tornado with estimated peak winds of 160 mph impacted portions of Newton and northwest Jasper Counties, most notably the community of Lake Village. After forming and causing EF-3 damage in Kankakee County, Illinois, this tornado crossed into Newton County between W 800 N Road and W 900 N Road near N 650 W Road. Upon entering the county, the tornado destroyed multiple outbuildings and significantly damaged multiple homes. On N 600 W Road, multiple homes were completely destroyed with debris blown clear of the foundations, consistent with EF-3 caliber winds. Nearby forested areas had almost all trees snapped or uprooted with some trees remaining standing with only stubs of a few large branches remaining, likely due to extensive lifted debris. Multiple homes were damaged, and a farm outbuilding was destroyed along N 500 W Road and along and near N 400 W Road. As the tornado crossed US-41 into the south side of Lake Village, it widened to approximately 1100 yards while damaging the roof and canopy of a gas station and a nearby retail building. Further north along N 300 W Road, multiple blocks of homes had significant roof damage and almost all trees were uprooted or snapped. The tornado continued eastward into a wooded area near the Lugene Links Golf Course, where a continuous corridor of trees was entirely uprooted. As the tornado neared W 950 N Road and N 150 W Road, a few homes were damaged, and a farm outbuilding was completely destroyed. The tornado continued to produce damage to trees and outbuildings as it traveled northeastward through mainly rural portions of northern Newton County and northern portions of Roselawn. The tornado continued into Jasper County and dissipated shortly thereafter. It was on the ground for over 35 miles and, at its peak, spanned a half mile in diameter. The storm destroyed numerous homes and resulted in around a dozen injuries and three fatalities: one in Kankakee County and the other two near Lake Village.",CSV
202603,16,800,202603,17,1200,211979,1324855,INDIANA,18,2026,March,Winter Weather,Z,104,EASTERN ST. JOSEPH COUNTY,IWX,16-MAR-26 08:00:00,EST-5,17-MAR-26 12:00:00,0,0,0,0,0.00K,0.00K,CoCoRaHS,,,,,,,,,,,,,,,,,,,,,,"In the wake of a cold front that produced widespread 60 mph wind gusts and severe thunderstorms, lake effect snow developed. Periods of significantly reduced visibilities were noted well inland across portions of La Porte, St. Joseph, and Elkhart Counties across northern Indiana due to the combination of snow and strong wind gusts. Storm total snowfall amount were generally in the 2 to 5 inch range across these locations with locally higher amount closer to 6 inches closer to the Indiana Michigan stateline.","The combination of periods of moderate to heavy lake effect snow and gusty winds of 30 to 40 mph led to significantly reduced visibilities at times along with slick road conditions. A CoCoRaHS observer 1.8 ENE of Granger reported 6.0 inches of snow. Outside of this specific location, snowfall amounts ranged from 2 to 4 inches. Numerous accidents and slide-offs were reported.",CSV
202603,16,800,202603,17,1200,211979,1325567,INDIANA,18,2026,March,Winter Weather,Z,204,WESTERN ST. JOSEPH COUNTY,IWX,16-MAR-26 08:00:00,EST-5,17-MAR-26 12:00:00,0,0,0,0,0.00K,0.00K,CoCoRaHS,,,,,,,,,,,,,,,,,,,,,,"In the wake of a cold front that produced widespread 60 mph wind gusts and severe thunderstorms, lake effect snow developed. Periods of significantly reduced visibilities were noted well inland across portions of La Porte, St. Joseph, and Elkhart Counties across northern Indiana due to the combination of snow and strong wind gusts. Storm total snowfall amount were generally in the 2 to 5 inch range across these locations with locally higher amount closer to 6 inches closer to the Indiana Michigan stateline.",The combination of periods of moderate to heavy lake effect snow and gusty winds of 30 to 40 mph led to significantly reduced visibilities at times along with slick road conditions. Snowfall amounts ranged from 2 to 4 inches.,CSV
202603,15,2315,202603,15,2315,212056,1326997,INDIANA,18,2026,March,Thunderstorm Wind,C,19,CLARK,LMK,15-MAR-26 23:15:00,EST-5,15-MAR-26 23:15:00,0,0,0,0,0.00K,0.00K,Public,50.00,EG,,,,,,,,,,1.43,NNW,HAPS ARPT,1.43,NNW,HAPS ARPT,38.3473,-85.7847,38.3473,-85.7847,"During the late evening and overnight hours March 15th into March 16th, a strong upper level trough and associated cold front moved across the Ohio Valley. Ahead of the cold front, temperatures were in the 70s with dew point temperatures in the upper 50s and low 60s. This corridor of modest low-level destabilization contained between 250 and 500 J/kg of MLCAPE which was oriented immediately ahead of the surface front and the main line of showers and thunderstorms. With a corridor of 80 knot mid-level winds approaching from the west, effective bulk shear was between 40 and 50 knots for this event, creating a typical high-shear, low-CAPE setup for central Kentucky and southern Indiana. Given that the primary forcing mechanism was lifting along the cold front, convection evolved into a quasi-linear convective system that moved across southern Indiana during the late evening hours on March 15th into the early morning hours on March 16th. The main observed severe hazard was wind damage from straight-line winds, with scattered damage to trees and power lines being observed across southern Indiana. Brief mesovortices developed within the line of storms, prompting a tornado warning; however, no tornadoes were observed in southern Indiana during this event. The line of storms pushed east of the area by around 2 AM on March 16th, with much cooler air rushing into the area behind the cold front.",A tree was down on Payne Koehler Road.,CSV
202603,15,2317,202603,15,2317,212056,1326998,INDIANA,18,2026,March,Thunderstorm Wind,C,19,CLARK,LMK,15-MAR-26 23:17:00,EST-5,15-MAR-26 23:17:00,0,0,0,0,0.00K,0.00K,Public,50.00,EG,,,,,,,,,,1.46,N,MEMPHIS,1.46,N,MEMPHIS,38.5011,-85.771,38.5011,-85.771,"During the late evening and overnight hours March 15th into March 16th, a strong upper level trough and associated cold front moved across the Ohio Valley. Ahead of the cold front, temperatures were in the 70s with dew point temperatures in the upper 50s and low 60s. This corridor of modest low-level destabilization contained between 250 and 500 J/kg of MLCAPE which was oriented immediately ahead of the surface front and the main line of showers and thunderstorms. With a corridor of 80 knot mid-level winds approaching from the west, effective bulk shear was between 40 and 50 knots for this event, creating a typical high-shear, low-CAPE setup for central Kentucky and southern Indiana. Given that the primary forcing mechanism was lifting along the cold front, convection evolved into a quasi-linear convective system that moved across southern Indiana during the late evening hours on March 15th into the early morning hours on March 16th. The main observed severe hazard was wind damage from straight-line winds, with scattered damage to trees and power lines being observed across southern Indiana. Brief mesovortices developed within the line of storms, prompting a tornado warning; however, no tornadoes were observed in southern Indiana during this event. The line of storms pushed east of the area by around 2 AM on March 16th, with much cooler air rushing into the area behind the cold front.",A tree blew down on southbound Interstate 65 near the 16.4 mile marker.,CSV
202603,13,1030,202603,13,1230,210117,1324165,INDIANA,18,2026,March,High Wind,Z,29,TIPPECANOE,IND,13-MAR-26 10:30:00,EST-5,13-MAR-26 12:30:00,0,0,0,0,,,ASOS,50.00,MG,,,,,,,,,,,,,,,,,,,,"On March 13, 2026, a potent late-winter occluded storm system tracked across the Great Lakes while slowly filling, from early morning at 985 mb in northeastern Wisconsin, to late day at 989 mb over the northern Lower Peninsula of Michigan.  The system's cold front crossed northern and northeastern portions of central Indiana from 1000 to 1230EST.||Both an earlier corresponding low-level jet stream axis and a later tighter surface pressure gradient crossed the region, promoting widespread gusty winds veering from southwest to west-northwest while gusting to 45 to 57 mph.  When these two features briefly overlapped following the frontal passage, through midday to early afternoon hours, and also coupled with increased boundary layer mixing under plentiful sun, isolated highest wind gusts reached 58-67 mph.  Winds subsided quickly through evening hours.||This unusually intense gradient wind episode for the central Indiana region included measured gusts of 58+ mph at seven reporting stations;  four reports from Tipton County to Delaware County of semi trucks traveling on north-south roads being blown over to the east;  and widely scattered tree, power line, and minor property (mainly roof) damage that was most prevalent in Delaware County.",A non-thunderstorm wind gust measured 58 mph from due west at 1054EST by KLAF Purdue University Airport.,CSV
202603,13,1000,202603,13,1400,210117,1324166,INDIANA,18,2026,March,High Wind,Z,21,CARROLL,IND,13-MAR-26 10:00:00,EST-5,13-MAR-26 14:00:00,0,0,0,0,1.00K,,Trained Spotter,50.00,EG,,,,,,,,,,,,,,,,,,,,"On March 13, 2026, a potent late-winter occluded storm system tracked across the Great Lakes while slowly filling, from early morning at 985 mb in northeastern Wisconsin, to late day at 989 mb over the northern Lower Peninsula of Michigan.  The system's cold front crossed northern and northeastern portions of central Indiana from 1000 to 1230EST.||Both an earlier corresponding low-level jet stream axis and a later tighter surface pressure gradient crossed the region, promoting widespread gusty winds veering from southwest to west-northwest while gusting to 45 to 57 mph.  When these two features briefly overlapped following the frontal passage, through midday to early afternoon hours, and also coupled with increased boundary layer mixing under plentiful sun, isolated highest wind gusts reached 58-67 mph.  Winds subsided quickly through evening hours.||This unusually intense gradient wind episode for the central Indiana region included measured gusts of 58+ mph at seven reporting stations;  four reports from Tipton County to Delaware County of semi trucks traveling on north-south roads being blown over to the east;  and widely scattered tree, power line, and minor property (mainly roof) damage that was most prevalent in Delaware County.",A non-thunderstorm wind gust at 1323EST downed tree branch near Camden.,CSV
202603,22,2027,202603,22,2027,210300,1322501,INDIANA,18,2026,March,Hail,C,119,OWEN,IND,22-MAR-26 20:27:00,EST-5,22-MAR-26 20:27:00,0,0,0,0,,,Public,0.88,,,,,,,,,,,.87,NE,PATRICKSBURG,.87,NE,PATRICKSBURG,39.31,-86.96,39.31,-86.96,"On the evening of March 22, 2026, an upper-level disturbance and an associated cold front swept across Central Indiana, triggering a broad swath of severe thunderstorms. Convection first initiated in the northern portions of the IND CWA, with the first reports of quarter-sized hail occurring in Howard and Madison counties. As the evening progressed, these storms moved into an environment characterized by moderate instability and strong vertical wind shear, allowing cells to become highly organized. The activity eventually evolved into a mixture of discrete supercells and organized line segments that tracked southeastward through the Indianapolis metro area and into southern Indiana.||The primary hazards associated with this event were large hail and damaging straight-line winds. The most significant hail report occurred in Knox County near Bicknell, where stones up to 2.00 inches in diameter were observed. Widespread hail ranging from 1.25 to 1.75 inches was also reported across Randolph, Marion, Sullivan, Daviess, and Martin counties. As the storms transitioned into a more linear configuration, wind damage became more prevalent. A peak measured gust of 64 mph was recorded in Jackson County, while a 62 mph gust was measured in Monroe County.",Thunderstorm wind gusts up to 35 mph were also estimated at this location.,CSV
202603,22,2033,202603,22,2033,210300,1322502,INDIANA,18,2026,March,Hail,C,109,MORGAN,IND,22-MAR-26 20:33:00,EST-5,22-MAR-26 20:33:00,0,0,0,0,,,Amateur Radio,1.00,,,,,,,,,,,0,N,MONROVIA,0,N,MONROVIA,39.58,-86.48,39.58,-86.48,"On the evening of March 22, 2026, an upper-level disturbance and an associated cold front swept across Central Indiana, triggering a broad swath of severe thunderstorms. Convection first initiated in the northern portions of the IND CWA, with the first reports of quarter-sized hail occurring in Howard and Madison counties. As the evening progressed, these storms moved into an environment characterized by moderate instability and strong vertical wind shear, allowing cells to become highly organized. The activity eventually evolved into a mixture of discrete supercells and organized line segments that tracked southeastward through the Indianapolis metro area and into southern Indiana.||The primary hazards associated with this event were large hail and damaging straight-line winds. The most significant hail report occurred in Knox County near Bicknell, where stones up to 2.00 inches in diameter were observed. Widespread hail ranging from 1.25 to 1.75 inches was also reported across Randolph, Marion, Sullivan, Daviess, and Martin counties. As the storms transitioned into a more linear configuration, wind damage became more prevalent. A peak measured gust of 64 mph was recorded in Jackson County, while a 62 mph gust was measured in Monroe County.",Wind gusts up to 25 mph were also estimated at this location.,CSV
202603,15,2201,202603,15,2201,210083,1321936,INDIANA,18,2026,March,Thunderstorm Wind,C,109,MORGAN,IND,15-MAR-26 22:01:00,EST-5,15-MAR-26 22:01:00,0,0,0,0,,,Public,51.00,MG,,,,,,,,,,.87,SE,MARTINSVILLE,.87,SE,MARTINSVILLE,39.42,-86.42,39.42,-86.42,"On the afternoon of March 15, 2026, a strong and deepening upper-level trough strengthened an already potent 990 mb surface low as it crossed the northwestern Midwest into the southern Great Lakes.  The resultant surface gradient over central Indiana produced non-thunderstorm wind gusts that caused tree, powerline, and/or power pole damage in 10 local counties. Some structural damage was also reported and a 59 mph non-thunderstorm gust was measured at the Shelbyville Airport ASOS.   ||A few hours later, during the 15th evening, a fast-moving quasi-linear convective system (QLCS) then swept across central Indiana ahead of a cold front, fueled by a potent 55-knot low-level jet and strong synoptic forcing. Despite modest instability, a high-shear environment allowed the line to maintain intensity as it tracked from Knox County at o Henry County. The Storm Prediction Center had placed the region under a Slight Risk, citing the potential for damaging straight-line winds. This was realized as a peak gust of 71 mph (62 knots) was measured in Marion County, while the Indianapolis International Airport (KIND) recorded a 58 mph gust.||The resulting damage was widespread, primarily affecting timber and utility infrastructure. A significant swath of downed trees and power lines stretched from Manilla to Arlington in Rush County. Structural impacts were also noted, including shingle damage in Madison County and a fence destroyed in Johnson County. Throughout the event, multiple state roads���including SR 32 and SR 45���were obstructed by fallen trees, and large pine trees up to 1.5 feet in diameter were snapped in Bartholomew County, reflecting the intensity of the straight-line winds.",A 59 mph thunderstorm wind gust was measured at this location.,CSV
202603,15,1300,202603,15,1500,210083,1324452,INDIANA,18,2026,March,High Wind,Z,40,MADISON,IND,15-MAR-26 13:00:00,EST-5,15-MAR-26 15:00:00,0,0,0,0,40.00K,0.00K,Emergency Manager,50.00,EG,,,,,,,,,,,,,,,,,,,,"On the afternoon of March 15, 2026, a strong and deepening upper-level trough strengthened an already potent 990 mb surface low as it crossed the northwestern Midwest into the southern Great Lakes.  The resultant surface gradient over central Indiana produced non-thunderstorm wind gusts that caused tree, powerline, and/or power pole damage in 10 local counties. Some structural damage was also reported and a 59 mph non-thunderstorm gust was measured at the Shelbyville Airport ASOS.   ||A few hours later, during the 15th evening, a fast-moving quasi-linear convective system (QLCS) then swept across central Indiana ahead of a cold front, fueled by a potent 55-knot low-level jet and strong synoptic forcing. Despite modest instability, a high-shear environment allowed the line to maintain intensity as it tracked from Knox County at o Henry County. The Storm Prediction Center had placed the region under a Slight Risk, citing the potential for damaging straight-line winds. This was realized as a peak gust of 71 mph (62 knots) was measured in Marion County, while the Indianapolis International Airport (KIND) recorded a 58 mph gust.||The resulting damage was widespread, primarily affecting timber and utility infrastructure. A significant swath of downed trees and power lines stretched from Manilla to Arlington in Rush County. Structural impacts were also noted, including shingle damage in Madison County and a fence destroyed in Johnson County. Throughout the event, multiple state roads���including SR 32 and SR 45���were obstructed by fallen trees, and large pine trees up to 1.5 feet in diameter were snapped in Bartholomew County, reflecting the intensity of the straight-line winds.",Non-thunderstorm wind gusts downed trees and powerlines throughout the county. EMA response units were also assisting with a field fire.,CSV
202604,27,2010,202604,27,2010,211277,1330786,INDIANA,18,2026,April,Thunderstorm Wind,C,165,VERMILLION,IND,27-APR-26 20:10:00,EST-5,27-APR-26 20:10:00,0,0,0,0,1.00K,,State Official,50.00,EG,,,,,,,,,,2.53,ENE,RILEYSBURG,2.53,ENE,RILEYSBURG,40.12,-87.49,40.12,-87.49,"On April 27, 2026, an upper-level shortwave trough and an associated deepening surface low-pressure system tracked across the Midwest. South of the low's path, a sufficiently unstable warm sector surged into central Indiana, characterized by rich boundary-layer moisture and strong low and deep layer wind shear. This setup supported multiple rounds of severe convection resulting in numerous damaging wind gusts or large hail reports. Three tornadoes also occurred between Jackson and Morgan Counties, along with flash flooding in Knox and Marion Counties.",Thunderstorm wind gusts downed a tree onto a road.,CSV
202604,27,2027,202604,27,2027,211277,1330824,INDIANA,18,2026,April,Thunderstorm Wind,C,157,TIPPECANOE,IND,27-APR-26 20:27:00,EST-5,27-APR-26 20:27:00,0,0,0,0,30.00K,,Public,52.00,EG,,,,,,,,,,1.38,S,(LAF)PURDUE UNIV LAF,1.38,S,(LAF)PURDUE UNIV LAF,40.4,-86.93,40.4,-86.93,"On April 27, 2026, an upper-level shortwave trough and an associated deepening surface low-pressure system tracked across the Midwest. South of the low's path, a sufficiently unstable warm sector surged into central Indiana, characterized by rich boundary-layer moisture and strong low and deep layer wind shear. This setup supported multiple rounds of severe convection resulting in numerous damaging wind gusts or large hail reports. Three tornadoes also occurred between Jackson and Morgan Counties, along with flash flooding in Knox and Marion Counties.",Thunderstorm wind gusts snapped and uprooted multiple trees. Multiple power lines were also downed.,CSV
202604,27,2027,202604,27,2027,211277,1330825,INDIANA,18,2026,April,Thunderstorm Wind,C,157,TIPPECANOE,IND,27-APR-26 20:27:00,EST-5,27-APR-26 20:27:00,0,0,0,0,,,ASOS,52.00,MG,,,,,,,,,,.69,S,(LAF)PURDUE UNIV LAF,.69,S,(LAF)PURDUE UNIV LAF,40.41,-86.93,40.41,-86.93,"On April 27, 2026, an upper-level shortwave trough and an associated deepening surface low-pressure system tracked across the Midwest. South of the low's path, a sufficiently unstable warm sector surged into central Indiana, characterized by rich boundary-layer moisture and strong low and deep layer wind shear. This setup supported multiple rounds of severe convection resulting in numerous damaging wind gusts or large hail reports. Three tornadoes also occurred between Jackson and Morgan Counties, along with flash flooding in Knox and Marion Counties.",KLAF ASOS measured a 52 kt or 60 mph wind gust.,CSV
202604,27,2038,202604,27,2038,211277,1330826,INDIANA,18,2026,April,Hail,C,107,MONTGOMERY,IND,27-APR-26 20:38:00,EST-5,27-APR-26 20:38:00,0,0,0,0,,,Amateur Radio,1.75,,,,,,,,,,,2.22,WSW,KIRKPATRICK,2.22,WSW,KIRKPATRICK,40.19,-86.86,40.19,-86.86,"On April 27, 2026, an upper-level shortwave trough and an associated deepening surface low-pressure system tracked across the Midwest. South of the low's path, a sufficiently unstable warm sector surged into central Indiana, characterized by rich boundary-layer moisture and strong low and deep layer wind shear. This setup supported multiple rounds of severe convection resulting in numerous damaging wind gusts or large hail reports. Three tornadoes also occurred between Jackson and Morgan Counties, along with flash flooding in Knox and Marion Counties.",Thunderstorm wind gusts estimated around 50 to 55 mph were also reported.,CSV
202603,15,2318,202603,15,2318,212056,1326999,INDIANA,18,2026,March,Thunderstorm Wind,C,19,CLARK,LMK,15-MAR-26 23:18:00,EST-5,15-MAR-26 23:18:00,0,0,0,0,0.00K,0.00K,Public,50.00,EG,,,,,,,,,,.78,NNE,MEMPHIS,.78,NNE,MEMPHIS,38.4899,-85.7629,38.4899,-85.7629,"During the late evening and overnight hours March 15th into March 16th, a strong upper level trough and associated cold front moved across the Ohio Valley. Ahead of the cold front, temperatures were in the 70s with dew point temperatures in the upper 50s and low 60s. This corridor of modest low-level destabilization contained between 250 and 500 J/kg of MLCAPE which was oriented immediately ahead of the surface front and the main line of showers and thunderstorms. With a corridor of 80 knot mid-level winds approaching from the west, effective bulk shear was between 40 and 50 knots for this event, creating a typical high-shear, low-CAPE setup for central Kentucky and southern Indiana. Given that the primary forcing mechanism was lifting along the cold front, convection evolved into a quasi-linear convective system that moved across southern Indiana during the late evening hours on March 15th into the early morning hours on March 16th. The main observed severe hazard was wind damage from straight-line winds, with scattered damage to trees and power lines being observed across southern Indiana. Brief mesovortices developed within the line of storms, prompting a tornado warning; however, no tornadoes were observed in southern Indiana during this event. The line of storms pushed east of the area by around 2 AM on March 16th, with much cooler air rushing into the area behind the cold front.",There was a tree down on US 31.,CSV
202603,15,2321,202603,15,2321,212056,1327000,INDIANA,18,2026,March,Thunderstorm Wind,C,77,JEFFERSON,LMK,15-MAR-26 23:21:00,EST-5,15-MAR-26 23:21:00,0,0,0,0,0.00K,0.00K,Emergency Manager,53.00,EG,,,,,,,,,,1.23,ENE,ANTIOCH GRANGE,1.23,ENE,ANTIOCH GRANGE,38.7383,-85.4498,38.7383,-85.4498,"During the late evening and overnight hours March 15th into March 16th, a strong upper level trough and associated cold front moved across the Ohio Valley. Ahead of the cold front, temperatures were in the 70s with dew point temperatures in the upper 50s and low 60s. This corridor of modest low-level destabilization contained between 250 and 500 J/kg of MLCAPE which was oriented immediately ahead of the surface front and the main line of showers and thunderstorms. With a corridor of 80 knot mid-level winds approaching from the west, effective bulk shear was between 40 and 50 knots for this event, creating a typical high-shear, low-CAPE setup for central Kentucky and southern Indiana. Given that the primary forcing mechanism was lifting along the cold front, convection evolved into a quasi-linear convective system that moved across southern Indiana during the late evening hours on March 15th into the early morning hours on March 16th. The main observed severe hazard was wind damage from straight-line winds, with scattered damage to trees and power lines being observed across southern Indiana. Brief mesovortices developed within the line of storms, prompting a tornado warning; however, no tornadoes were observed in southern Indiana during this event. The line of storms pushed east of the area by around 2 AM on March 16th, with much cooler air rushing into the area behind the cold front.",There were a couple of trees down at the intersection of State Road 256 and State Road 56.,CSV
202603,13,1200,202603,13,1400,210117,1324167,INDIANA,18,2026,March,High Wind,Z,31,HOWARD,IND,13-MAR-26 12:00:00,EST-5,13-MAR-26 14:00:00,0,0,0,0,,,AWOS,53.00,MG,,,,,,,,,,,,,,,,,,,,"On March 13, 2026, a potent late-winter occluded storm system tracked across the Great Lakes while slowly filling, from early morning at 985 mb in northeastern Wisconsin, to late day at 989 mb over the northern Lower Peninsula of Michigan.  The system's cold front crossed northern and northeastern portions of central Indiana from 1000 to 1230EST.||Both an earlier corresponding low-level jet stream axis and a later tighter surface pressure gradient crossed the region, promoting widespread gusty winds veering from southwest to west-northwest while gusting to 45 to 57 mph.  When these two features briefly overlapped following the frontal passage, through midday to early afternoon hours, and also coupled with increased boundary layer mixing under plentiful sun, isolated highest wind gusts reached 58-67 mph.  Winds subsided quickly through evening hours.||This unusually intense gradient wind episode for the central Indiana region included measured gusts of 58+ mph at seven reporting stations;  four reports from Tipton County to Delaware County of semi trucks traveling on north-south roads being blown over to the east;  and widely scattered tree, power line, and minor property (mainly roof) damage that was most prevalent in Delaware County.","A non-thunderstorm wind gust measured 62 mph from the west at 1330EST by KOKK Kokomo Municipal Airport.  Previous to this peak gust, other non-thunderstorm gusts to 59 mph were observed during 1050-1056EST.",CSV
202603,13,1200,202603,13,1330,210117,1324168,INDIANA,18,2026,March,High Wind,Z,38,TIPTON,IND,13-MAR-26 12:00:00,EST-5,13-MAR-26 13:30:00,0,0,0,0,50.00K,,Public,56.00,EG,,,,,,,,,,,,,,,,,,,,"On March 13, 2026, a potent late-winter occluded storm system tracked across the Great Lakes while slowly filling, from early morning at 985 mb in northeastern Wisconsin, to late day at 989 mb over the northern Lower Peninsula of Michigan.  The system's cold front crossed northern and northeastern portions of central Indiana from 1000 to 1230EST.||Both an earlier corresponding low-level jet stream axis and a later tighter surface pressure gradient crossed the region, promoting widespread gusty winds veering from southwest to west-northwest while gusting to 45 to 57 mph.  When these two features briefly overlapped following the frontal passage, through midday to early afternoon hours, and also coupled with increased boundary layer mixing under plentiful sun, isolated highest wind gusts reached 58-67 mph.  Winds subsided quickly through evening hours.||This unusually intense gradient wind episode for the central Indiana region included measured gusts of 58+ mph at seven reporting stations;  four reports from Tipton County to Delaware County of semi trucks traveling on north-south roads being blown over to the east;  and widely scattered tree, power line, and minor property (mainly roof) damage that was most prevalent in Delaware County.","A non-thunderstorm wind gust, prior to 1309EST, blew over a semi truck and trailer on US Highway 31 near Indiana Route 28.",CSV
202603,22,2033,202603,22,2033,210300,1322503,INDIANA,18,2026,March,Hail,C,153,SULLIVAN,IND,22-MAR-26 20:33:00,EST-5,22-MAR-26 20:33:00,0,0,0,0,,,Public,1.50,,,,,,,,,,,3.82,W,CARLISLE,3.82,W,CARLISLE,38.96,-87.47,38.96,-87.47,"On the evening of March 22, 2026, an upper-level disturbance and an associated cold front swept across Central Indiana, triggering a broad swath of severe thunderstorms. Convection first initiated in the northern portions of the IND CWA, with the first reports of quarter-sized hail occurring in Howard and Madison counties. As the evening progressed, these storms moved into an environment characterized by moderate instability and strong vertical wind shear, allowing cells to become highly organized. The activity eventually evolved into a mixture of discrete supercells and organized line segments that tracked southeastward through the Indianapolis metro area and into southern Indiana.||The primary hazards associated with this event were large hail and damaging straight-line winds. The most significant hail report occurred in Knox County near Bicknell, where stones up to 2.00 inches in diameter were observed. Widespread hail ranging from 1.25 to 1.75 inches was also reported across Randolph, Marion, Sullivan, Daviess, and Martin counties. As the storms transitioned into a more linear configuration, wind damage became more prevalent. A peak measured gust of 64 mph was recorded in Jackson County, while a 62 mph gust was measured in Monroe County.",Thunderstorm wind gusts up to 60 mph were also estimated at this location.,CSV
202603,22,2031,202603,22,2031,210300,1322504,INDIANA,18,2026,March,Thunderstorm Wind,C,35,DELAWARE,IND,22-MAR-26 20:31:00,EST-5,22-MAR-26 20:31:00,0,0,0,0,,,Public,52.00,EG,,,,,,,,,,1.26,WNW,DEVON PARK,1.26,WNW,DEVON PARK,40.24,-85.45,40.24,-85.45,"On the evening of March 22, 2026, an upper-level disturbance and an associated cold front swept across Central Indiana, triggering a broad swath of severe thunderstorms. Convection first initiated in the northern portions of the IND CWA, with the first reports of quarter-sized hail occurring in Howard and Madison counties. As the evening progressed, these storms moved into an environment characterized by moderate instability and strong vertical wind shear, allowing cells to become highly organized. The activity eventually evolved into a mixture of discrete supercells and organized line segments that tracked southeastward through the Indianapolis metro area and into southern Indiana.||The primary hazards associated with this event were large hail and damaging straight-line winds. The most significant hail report occurred in Knox County near Bicknell, where stones up to 2.00 inches in diameter were observed. Widespread hail ranging from 1.25 to 1.75 inches was also reported across Randolph, Marion, Sullivan, Daviess, and Martin counties. As the storms transitioned into a more linear configuration, wind damage became more prevalent. A peak measured gust of 64 mph was recorded in Jackson County, while a 62 mph gust was measured in Monroe County.",A 60 mph thunderstorm wind gust was estimated at this location. Also hail up to 0.75 inches was also estimated.,CSV
202603,15,2220,202603,15,2220,210083,1321941,INDIANA,18,2026,March,Thunderstorm Wind,C,81,JOHNSON,IND,15-MAR-26 22:20:00,EST-5,15-MAR-26 22:20:00,0,0,0,0,20.00K,0.00K,Public,55.00,EG,,,,,,,,,,1.6,W,FRANKLIN,1.6,W,FRANKLIN,39.48,-86.08,39.48,-86.08,"On the afternoon of March 15, 2026, a strong and deepening upper-level trough strengthened an already potent 990 mb surface low as it crossed the northwestern Midwest into the southern Great Lakes.  The resultant surface gradient over central Indiana produced non-thunderstorm wind gusts that caused tree, powerline, and/or power pole damage in 10 local counties. Some structural damage was also reported and a 59 mph non-thunderstorm gust was measured at the Shelbyville Airport ASOS.   ||A few hours later, during the 15th evening, a fast-moving quasi-linear convective system (QLCS) then swept across central Indiana ahead of a cold front, fueled by a potent 55-knot low-level jet and strong synoptic forcing. Despite modest instability, a high-shear environment allowed the line to maintain intensity as it tracked from Knox County at o Henry County. The Storm Prediction Center had placed the region under a Slight Risk, citing the potential for damaging straight-line winds. This was realized as a peak gust of 71 mph (62 knots) was measured in Marion County, while the Indianapolis International Airport (KIND) recorded a 58 mph gust.||The resulting damage was widespread, primarily affecting timber and utility infrastructure. A significant swath of downed trees and power lines stretched from Manilla to Arlington in Rush County. Structural impacts were also noted, including shingle damage in Madison County and a fence destroyed in Johnson County. Throughout the event, multiple state roads���including SR 32 and SR 45���were obstructed by fallen trees, and large pine trees up to 1.5 feet in diameter were snapped in Bartholomew County, reflecting the intensity of the straight-line winds.",Grill thrown by thunderstorm winds from patio into yard. Fence was also broken.,CSV
202603,15,1230,202603,15,1430,210083,1324451,INDIANA,18,2026,March,High Wind,Z,41,DELAWARE,IND,15-MAR-26 12:30:00,EST-5,15-MAR-26 14:30:00,0,0,0,0,40.00K,0.00K,Emergency Manager,52.00,EG,,,,,,,,,,,,,,,,,,,,"On the afternoon of March 15, 2026, a strong and deepening upper-level trough strengthened an already potent 990 mb surface low as it crossed the northwestern Midwest into the southern Great Lakes.  The resultant surface gradient over central Indiana produced non-thunderstorm wind gusts that caused tree, powerline, and/or power pole damage in 10 local counties. Some structural damage was also reported and a 59 mph non-thunderstorm gust was measured at the Shelbyville Airport ASOS.   ||A few hours later, during the 15th evening, a fast-moving quasi-linear convective system (QLCS) then swept across central Indiana ahead of a cold front, fueled by a potent 55-knot low-level jet and strong synoptic forcing. Despite modest instability, a high-shear environment allowed the line to maintain intensity as it tracked from Knox County at o Henry County. The Storm Prediction Center had placed the region under a Slight Risk, citing the potential for damaging straight-line winds. This was realized as a peak gust of 71 mph (62 knots) was measured in Marion County, while the Indianapolis International Airport (KIND) recorded a 58 mph gust.||The resulting damage was widespread, primarily affecting timber and utility infrastructure. A significant swath of downed trees and power lines stretched from Manilla to Arlington in Rush County. Structural impacts were also noted, including shingle damage in Madison County and a fence destroyed in Johnson County. Throughout the event, multiple state roads���including SR 32 and SR 45���were obstructed by fallen trees, and large pine trees up to 1.5 feet in diameter were snapped in Bartholomew County, reflecting the intensity of the straight-line winds.",Non-thunderstorm wind gusts downed multiple trees and powerlines across the county.,CSV
202604,27,2057,202604,27,2057,211277,1330827,INDIANA,18,2026,April,Thunderstorm Wind,C,11,BOONE,IND,27-APR-26 20:57:00,EST-5,27-APR-26 20:57:00,0,0,0,0,1.00K,,Amateur Radio,50.00,EG,,,,,,,,,,2.81,N,THORNTOWN,2.81,N,THORNTOWN,40.17,-86.61,40.17,-86.61,"On April 27, 2026, an upper-level shortwave trough and an associated deepening surface low-pressure system tracked across the Midwest. South of the low's path, a sufficiently unstable warm sector surged into central Indiana, characterized by rich boundary-layer moisture and strong low and deep layer wind shear. This setup supported multiple rounds of severe convection resulting in numerous damaging wind gusts or large hail reports. Three tornadoes also occurred between Jackson and Morgan Counties, along with flash flooding in Knox and Marion Counties.",Thunderstorm wind gusts downed a 20 to 24 inch live tree limb.,CSV
202604,27,2057,202604,27,2057,211277,1330828,INDIANA,18,2026,April,Thunderstorm Wind,C,11,BOONE,IND,27-APR-26 20:57:00,EST-5,27-APR-26 20:57:00,0,0,0,0,1.00K,,Amateur Radio,50.00,EG,,,,,,,,,,1.74,NE,THORNTOWN,1.74,NE,THORNTOWN,40.15,-86.58,40.15,-86.58,"On April 27, 2026, an upper-level shortwave trough and an associated deepening surface low-pressure system tracked across the Midwest. South of the low's path, a sufficiently unstable warm sector surged into central Indiana, characterized by rich boundary-layer moisture and strong low and deep layer wind shear. This setup supported multiple rounds of severe convection resulting in numerous damaging wind gusts or large hail reports. Three tornadoes also occurred between Jackson and Morgan Counties, along with flash flooding in Knox and Marion Counties.",Thunderstorm wind gusts downed an 18 to 20 inch healthy tree limb.,CSV
202604,27,2100,202604,27,2100,211277,1330829,INDIANA,18,2026,April,Thunderstorm Wind,C,23,CLINTON,IND,27-APR-26 21:00:00,EST-5,27-APR-26 21:00:00,0,0,0,0,,,Amateur Radio,52.00,EG,,,,,,,,,,1.26,ENE,CLINTON CO ARPT,1.26,ENE,CLINTON CO ARPT,40.28,-86.55,40.28,-86.55,"On April 27, 2026, an upper-level shortwave trough and an associated deepening surface low-pressure system tracked across the Midwest. South of the low's path, a sufficiently unstable warm sector surged into central Indiana, characterized by rich boundary-layer moisture and strong low and deep layer wind shear. This setup supported multiple rounds of severe convection resulting in numerous damaging wind gusts or large hail reports. Three tornadoes also occurred between Jackson and Morgan Counties, along with flash flooding in Knox and Marion Counties.",A 60 mph thunderstorm wind gust was estimated at this location.,CSV
202604,27,2104,202604,27,2104,211277,1330831,INDIANA,18,2026,April,Thunderstorm Wind,C,165,VERMILLION,IND,27-APR-26 21:04:00,EST-5,27-APR-26 21:04:00,0,0,0,0,,,Amateur Radio,61.00,EG,,,,,,,,,,1.27,ESE,KLONDYKE,1.27,ESE,KLONDYKE,39.66,-87.43,39.66,-87.43,"On April 27, 2026, an upper-level shortwave trough and an associated deepening surface low-pressure system tracked across the Midwest. South of the low's path, a sufficiently unstable warm sector surged into central Indiana, characterized by rich boundary-layer moisture and strong low and deep layer wind shear. This setup supported multiple rounds of severe convection resulting in numerous damaging wind gusts or large hail reports. Three tornadoes also occurred between Jackson and Morgan Counties, along with flash flooding in Knox and Marion Counties.",Thunderstorm wind gusts between 60 to 70 mph were estimated at this location.,CSV
202603,13,1200,202603,13,1330,210117,1324169,INDIANA,18,2026,March,High Wind,Z,39,HAMILTON,IND,13-MAR-26 12:00:00,EST-5,13-MAR-26 13:30:00,0,0,0,0,2.00K,,Public,50.00,EG,,,,,,,,,,,,,,,,,,,,"On March 13, 2026, a potent late-winter occluded storm system tracked across the Great Lakes while slowly filling, from early morning at 985 mb in northeastern Wisconsin, to late day at 989 mb over the northern Lower Peninsula of Michigan.  The system's cold front crossed northern and northeastern portions of central Indiana from 1000 to 1230EST.||Both an earlier corresponding low-level jet stream axis and a later tighter surface pressure gradient crossed the region, promoting widespread gusty winds veering from southwest to west-northwest while gusting to 45 to 57 mph.  When these two features briefly overlapped following the frontal passage, through midday to early afternoon hours, and also coupled with increased boundary layer mixing under plentiful sun, isolated highest wind gusts reached 58-67 mph.  Winds subsided quickly through evening hours.||This unusually intense gradient wind episode for the central Indiana region included measured gusts of 58+ mph at seven reporting stations;  four reports from Tipton County to Delaware County of semi trucks traveling on north-south roads being blown over to the east;  and widely scattered tree, power line, and minor property (mainly roof) damage that was most prevalent in Delaware County.",Non-thunderstorm wind gusts around 1200EST downed numerous tree branches in Noblesville.,CSV
202603,13,1200,202603,13,1330,210117,1324239,INDIANA,18,2026,March,High Wind,Z,47,MARION,IND,13-MAR-26 12:00:00,EST-5,13-MAR-26 13:30:00,0,0,0,0,20.00K,,ASOS,54.00,MG,,,,,,,,,,,,,,,,,,,,"On March 13, 2026, a potent late-winter occluded storm system tracked across the Great Lakes while slowly filling, from early morning at 985 mb in northeastern Wisconsin, to late day at 989 mb over the northern Lower Peninsula of Michigan.  The system's cold front crossed northern and northeastern portions of central Indiana from 1000 to 1230EST.||Both an earlier corresponding low-level jet stream axis and a later tighter surface pressure gradient crossed the region, promoting widespread gusty winds veering from southwest to west-northwest while gusting to 45 to 57 mph.  When these two features briefly overlapped following the frontal passage, through midday to early afternoon hours, and also coupled with increased boundary layer mixing under plentiful sun, isolated highest wind gusts reached 58-67 mph.  Winds subsided quickly through evening hours.||This unusually intense gradient wind episode for the central Indiana region included measured gusts of 58+ mph at seven reporting stations;  four reports from Tipton County to Delaware County of semi trucks traveling on north-south roads being blown over to the east;  and widely scattered tree, power line, and minor property (mainly roof) damage that was most prevalent in Delaware County.",A non-thunderstorm wind gust measured 62 mph from due west at 1249EST by KIND Indianapolis International Airport.  A large tree was blown down on the second story of a house at 1210EST next to Butler University.  Minor wind damage also occurred at broadcast media about 1 mile northeast of Eagle Creek Park.,CSV
202603,22,2036,202603,22,2036,210300,1322505,INDIANA,18,2026,March,Hail,C,35,DELAWARE,IND,22-MAR-26 20:36:00,EST-5,22-MAR-26 20:36:00,0,0,0,0,,,Public,1.00,,,,,,,,,,,1.38,N,MUNCIE,1.38,N,MUNCIE,40.2,-85.4,40.2,-85.4,"On the evening of March 22, 2026, an upper-level disturbance and an associated cold front swept across Central Indiana, triggering a broad swath of severe thunderstorms. Convection first initiated in the northern portions of the IND CWA, with the first reports of quarter-sized hail occurring in Howard and Madison counties. As the evening progressed, these storms moved into an environment characterized by moderate instability and strong vertical wind shear, allowing cells to become highly organized. The activity eventually evolved into a mixture of discrete supercells and organized line segments that tracked southeastward through the Indianapolis metro area and into southern Indiana.||The primary hazards associated with this event were large hail and damaging straight-line winds. The most significant hail report occurred in Knox County near Bicknell, where stones up to 2.00 inches in diameter were observed. Widespread hail ranging from 1.25 to 1.75 inches was also reported across Randolph, Marion, Sullivan, Daviess, and Martin counties. As the storms transitioned into a more linear configuration, wind damage became more prevalent. A peak measured gust of 64 mph was recorded in Jackson County, while a 62 mph gust was measured in Monroe County.",,CSV
202603,22,2042,202603,22,2042,210300,1322506,INDIANA,18,2026,March,Hail,C,35,DELAWARE,IND,22-MAR-26 20:42:00,EST-5,22-MAR-26 20:42:00,0,0,0,0,,,Public,1.00,,,,,,,,,,,2.33,SSE,SMITHFIELD,2.33,SSE,SMITHFIELD,40.14,-85.25,40.14,-85.25,"On the evening of March 22, 2026, an upper-level disturbance and an associated cold front swept across Central Indiana, triggering a broad swath of severe thunderstorms. Convection first initiated in the northern portions of the IND CWA, with the first reports of quarter-sized hail occurring in Howard and Madison counties. As the evening progressed, these storms moved into an environment characterized by moderate instability and strong vertical wind shear, allowing cells to become highly organized. The activity eventually evolved into a mixture of discrete supercells and organized line segments that tracked southeastward through the Indianapolis metro area and into southern Indiana.||The primary hazards associated with this event were large hail and damaging straight-line winds. The most significant hail report occurred in Knox County near Bicknell, where stones up to 2.00 inches in diameter were observed. Widespread hail ranging from 1.25 to 1.75 inches was also reported across Randolph, Marion, Sullivan, Daviess, and Martin counties. As the storms transitioned into a more linear configuration, wind damage became more prevalent. A peak measured gust of 64 mph was recorded in Jackson County, while a 62 mph gust was measured in Monroe County.",,CSV
202603,15,2216,202603,15,2216,210083,1321943,INDIANA,18,2026,March,Thunderstorm Wind,C,97,MARION,IND,15-MAR-26 22:16:00,EST-5,15-MAR-26 22:16:00,0,0,0,0,0.00K,0.00K,ASOS,50.00,MG,,,,,,,,,,1.06,W,INDIANAPOLIS INTL AR,1.06,W,INDIANAPOLIS INTL AR,39.72,-86.3,39.72,-86.3,"On the afternoon of March 15, 2026, a strong and deepening upper-level trough strengthened an already potent 990 mb surface low as it crossed the northwestern Midwest into the southern Great Lakes.  The resultant surface gradient over central Indiana produced non-thunderstorm wind gusts that caused tree, powerline, and/or power pole damage in 10 local counties. Some structural damage was also reported and a 59 mph non-thunderstorm gust was measured at the Shelbyville Airport ASOS.   ||A few hours later, during the 15th evening, a fast-moving quasi-linear convective system (QLCS) then swept across central Indiana ahead of a cold front, fueled by a potent 55-knot low-level jet and strong synoptic forcing. Despite modest instability, a high-shear environment allowed the line to maintain intensity as it tracked from Knox County at o Henry County. The Storm Prediction Center had placed the region under a Slight Risk, citing the potential for damaging straight-line winds. This was realized as a peak gust of 71 mph (62 knots) was measured in Marion County, while the Indianapolis International Airport (KIND) recorded a 58 mph gust.||The resulting damage was widespread, primarily affecting timber and utility infrastructure. A significant swath of downed trees and power lines stretched from Manilla to Arlington in Rush County. Structural impacts were also noted, including shingle damage in Madison County and a fence destroyed in Johnson County. Throughout the event, multiple state roads���including SR 32 and SR 45���were obstructed by fallen trees, and large pine trees up to 1.5 feet in diameter were snapped in Bartholomew County, reflecting the intensity of the straight-line winds.",A 58 mph thunderstorm wind gust was measured at the KIND ASOS.,CSV
202603,15,1200,202603,15,1400,210083,1324455,INDIANA,18,2026,March,High Wind,Z,60,SULLIVAN,IND,15-MAR-26 12:00:00,EST-5,15-MAR-26 14:00:00,0,0,0,0,5.00K,0.00K,Public,50.00,EG,,,,,,,,,,,,,,,,,,,,"On the afternoon of March 15, 2026, a strong and deepening upper-level trough strengthened an already potent 990 mb surface low as it crossed the northwestern Midwest into the southern Great Lakes.  The resultant surface gradient over central Indiana produced non-thunderstorm wind gusts that caused tree, powerline, and/or power pole damage in 10 local counties. Some structural damage was also reported and a 59 mph non-thunderstorm gust was measured at the Shelbyville Airport ASOS.   ||A few hours later, during the 15th evening, a fast-moving quasi-linear convective system (QLCS) then swept across central Indiana ahead of a cold front, fueled by a potent 55-knot low-level jet and strong synoptic forcing. Despite modest instability, a high-shear environment allowed the line to maintain intensity as it tracked from Knox County at o Henry County. The Storm Prediction Center had placed the region under a Slight Risk, citing the potential for damaging straight-line winds. This was realized as a peak gust of 71 mph (62 knots) was measured in Marion County, while the Indianapolis International Airport (KIND) recorded a 58 mph gust.||The resulting damage was widespread, primarily affecting timber and utility infrastructure. A significant swath of downed trees and power lines stretched from Manilla to Arlington in Rush County. Structural impacts were also noted, including shingle damage in Madison County and a fence destroyed in Johnson County. Throughout the event, multiple state roads���including SR 32 and SR 45���were obstructed by fallen trees, and large pine trees up to 1.5 feet in diameter were snapped in Bartholomew County, reflecting the intensity of the straight-line winds.",Non-thunderstorm wind gusts caused damage to a carport in Sullivan.,CSV
202604,27,2103,202604,27,2103,211277,1330832,INDIANA,18,2026,April,Thunderstorm Wind,C,23,CLINTON,IND,27-APR-26 21:03:00,EST-5,27-APR-26 21:03:00,0,0,0,0,1.00K,,Amateur Radio,50.00,EG,,,,,,,,,,2.81,N,MICHIGANTOWN,2.81,N,MICHIGANTOWN,40.37,-86.39,40.37,-86.39,"On April 27, 2026, an upper-level shortwave trough and an associated deepening surface low-pressure system tracked across the Midwest. South of the low's path, a sufficiently unstable warm sector surged into central Indiana, characterized by rich boundary-layer moisture and strong low and deep layer wind shear. This setup supported multiple rounds of severe convection resulting in numerous damaging wind gusts or large hail reports. Three tornadoes also occurred between Jackson and Morgan Counties, along with flash flooding in Knox and Marion Counties.",Thunderstorm wind gusts downed an 18 inch tree.,CSV
202604,27,2110,202604,27,2110,211277,1330833,INDIANA,18,2026,April,Thunderstorm Wind,C,167,VIGO,IND,27-APR-26 21:10:00,EST-5,27-APR-26 21:10:00,0,0,0,0,,,Public,61.00,EG,,,,,,,,,,.53,E,HUF SKY KING ARPT,.53,E,HUF SKY KING ARPT,39.55,-87.37,39.55,-87.37,"On April 27, 2026, an upper-level shortwave trough and an associated deepening surface low-pressure system tracked across the Midwest. South of the low's path, a sufficiently unstable warm sector surged into central Indiana, characterized by rich boundary-layer moisture and strong low and deep layer wind shear. This setup supported multiple rounds of severe convection resulting in numerous damaging wind gusts or large hail reports. Three tornadoes also occurred between Jackson and Morgan Counties, along with flash flooding in Knox and Marion Counties.",Thunderstorm wind gusts were estimated to be around 60 to 70 mph by the public.,CSV
202604,27,2124,202604,27,2124,211277,1330840,INDIANA,18,2026,April,Thunderstorm Wind,C,159,TIPTON,IND,27-APR-26 21:24:00,EST-5,27-APR-26 21:24:00,0,0,0,0,15.00K,,Amateur Radio,50.00,EG,,,,,,,,,,1.74,NE,GOLDSMITH,1.74,NE,GOLDSMITH,40.3,-86.13,40.3,-86.13,"On April 27, 2026, an upper-level shortwave trough and an associated deepening surface low-pressure system tracked across the Midwest. South of the low's path, a sufficiently unstable warm sector surged into central Indiana, characterized by rich boundary-layer moisture and strong low and deep layer wind shear. This setup supported multiple rounds of severe convection resulting in numerous damaging wind gusts or large hail reports. Three tornadoes also occurred between Jackson and Morgan Counties, along with flash flooding in Knox and Marion Counties.",Thunderstorm wind gusts flipped a semi-truck on US 31.,CSV
202604,27,2124,202604,27,2124,211277,1330841,INDIANA,18,2026,April,Thunderstorm Wind,C,67,HOWARD,IND,27-APR-26 21:24:00,EST-5,27-APR-26 21:24:00,0,0,0,0,,,Public,61.00,EG,,,,,,,,,,2.1,W,GUY,2.1,W,GUY,40.43,-86.01,40.43,-86.01,"On April 27, 2026, an upper-level shortwave trough and an associated deepening surface low-pressure system tracked across the Midwest. South of the low's path, a sufficiently unstable warm sector surged into central Indiana, characterized by rich boundary-layer moisture and strong low and deep layer wind shear. This setup supported multiple rounds of severe convection resulting in numerous damaging wind gusts or large hail reports. Three tornadoes also occurred between Jackson and Morgan Counties, along with flash flooding in Knox and Marion Counties.",Thunderstorm wind gusts up to 70 mph estimated by the public.,CSV
202603,13,1200,202603,13,1400,210117,1324240,INDIANA,18,2026,March,High Wind,Z,40,MADISON,IND,13-MAR-26 12:00:00,EST-5,13-MAR-26 14:00:00,0,0,0,0,75.00K,,Emergency Manager,56.00,EG,,,,,,,,,,,,,,,,,,,,"On March 13, 2026, a potent late-winter occluded storm system tracked across the Great Lakes while slowly filling, from early morning at 985 mb in northeastern Wisconsin, to late day at 989 mb over the northern Lower Peninsula of Michigan.  The system's cold front crossed northern and northeastern portions of central Indiana from 1000 to 1230EST.||Both an earlier corresponding low-level jet stream axis and a later tighter surface pressure gradient crossed the region, promoting widespread gusty winds veering from southwest to west-northwest while gusting to 45 to 57 mph.  When these two features briefly overlapped following the frontal passage, through midday to early afternoon hours, and also coupled with increased boundary layer mixing under plentiful sun, isolated highest wind gusts reached 58-67 mph.  Winds subsided quickly through evening hours.||This unusually intense gradient wind episode for the central Indiana region included measured gusts of 58+ mph at seven reporting stations;  four reports from Tipton County to Delaware County of semi trucks traveling on north-south roads being blown over to the east;  and widely scattered tree, power line, and minor property (mainly roof) damage that was most prevalent in Delaware County.","A non-thunderstorm wind gust, prior to 1303EST, blew over a semi truck and trailer on Indiana Route 37 at County Road 1550 North.  Minor damage also occurred to a building's brick facade in downtown Anderson.",CSV
202603,13,1100,202603,13,1200,210117,1324241,INDIANA,18,2026,March,High Wind,Z,56,SHELBY,IND,13-MAR-26 11:00:00,EST-5,13-MAR-26 12:00:00,0,0,0,0,,,ASOS,50.00,EG,,,,,,,,,,,,,,,,,,,,"On March 13, 2026, a potent late-winter occluded storm system tracked across the Great Lakes while slowly filling, from early morning at 985 mb in northeastern Wisconsin, to late day at 989 mb over the northern Lower Peninsula of Michigan.  The system's cold front crossed northern and northeastern portions of central Indiana from 1000 to 1230EST.||Both an earlier corresponding low-level jet stream axis and a later tighter surface pressure gradient crossed the region, promoting widespread gusty winds veering from southwest to west-northwest while gusting to 45 to 57 mph.  When these two features briefly overlapped following the frontal passage, through midday to early afternoon hours, and also coupled with increased boundary layer mixing under plentiful sun, isolated highest wind gusts reached 58-67 mph.  Winds subsided quickly through evening hours.||This unusually intense gradient wind episode for the central Indiana region included measured gusts of 58+ mph at seven reporting stations;  four reports from Tipton County to Delaware County of semi trucks traveling on north-south roads being blown over to the east;  and widely scattered tree, power line, and minor property (mainly roof) damage that was most prevalent in Delaware County.",A non-thunderstorm wind gust measured 58 mph from the west at 1126EST by KGEZ Shelbyville Municipal Airport.,CSV
202603,22,2042,202603,22,2042,210300,1322507,INDIANA,18,2026,March,Hail,C,83,KNOX,IND,22-MAR-26 20:42:00,EST-5,22-MAR-26 20:42:00,0,0,0,0,,,Trained Spotter,1.00,,,,,,,,,,,.88,NE,BRUCEVILLE,.88,NE,BRUCEVILLE,38.76,-87.41,38.76,-87.41,"On the evening of March 22, 2026, an upper-level disturbance and an associated cold front swept across Central Indiana, triggering a broad swath of severe thunderstorms. Convection first initiated in the northern portions of the IND CWA, with the first reports of quarter-sized hail occurring in Howard and Madison counties. As the evening progressed, these storms moved into an environment characterized by moderate instability and strong vertical wind shear, allowing cells to become highly organized. The activity eventually evolved into a mixture of discrete supercells and organized line segments that tracked southeastward through the Indianapolis metro area and into southern Indiana.||The primary hazards associated with this event were large hail and damaging straight-line winds. The most significant hail report occurred in Knox County near Bicknell, where stones up to 2.00 inches in diameter were observed. Widespread hail ranging from 1.25 to 1.75 inches was also reported across Randolph, Marion, Sullivan, Daviess, and Martin counties. As the storms transitioned into a more linear configuration, wind damage became more prevalent. A peak measured gust of 64 mph was recorded in Jackson County, while a 62 mph gust was measured in Monroe County.",,CSV
202603,22,2045,202603,22,2045,210300,1322509,INDIANA,18,2026,March,Hail,C,81,JOHNSON,IND,22-MAR-26 20:45:00,EST-5,22-MAR-26 20:45:00,0,0,0,0,,,Public,1.00,,,,,,,,,,,2.11,NW,FRANKLIN,2.11,NW,FRANKLIN,39.5,-86.08,39.5,-86.08,"On the evening of March 22, 2026, an upper-level disturbance and an associated cold front swept across Central Indiana, triggering a broad swath of severe thunderstorms. Convection first initiated in the northern portions of the IND CWA, with the first reports of quarter-sized hail occurring in Howard and Madison counties. As the evening progressed, these storms moved into an environment characterized by moderate instability and strong vertical wind shear, allowing cells to become highly organized. The activity eventually evolved into a mixture of discrete supercells and organized line segments that tracked southeastward through the Indianapolis metro area and into southern Indiana.||The primary hazards associated with this event were large hail and damaging straight-line winds. The most significant hail report occurred in Knox County near Bicknell, where stones up to 2.00 inches in diameter were observed. Widespread hail ranging from 1.25 to 1.75 inches was also reported across Randolph, Marion, Sullivan, Daviess, and Martin counties. As the storms transitioned into a more linear configuration, wind damage became more prevalent. A peak measured gust of 64 mph was recorded in Jackson County, while a 62 mph gust was measured in Monroe County.",,CSV
202603,15,2220,202603,15,2220,210083,1321944,INDIANA,18,2026,March,Thunderstorm Wind,C,97,MARION,IND,15-MAR-26 22:20:00,EST-5,15-MAR-26 22:20:00,0,0,0,0,,,Trained Spotter,62.00,MG,,,,,,,,,,2.24,WNW,HOMECROFT,2.24,WNW,HOMECROFT,39.68,-86.17,39.68,-86.17,"On the afternoon of March 15, 2026, a strong and deepening upper-level trough strengthened an already potent 990 mb surface low as it crossed the northwestern Midwest into the southern Great Lakes.  The resultant surface gradient over central Indiana produced non-thunderstorm wind gusts that caused tree, powerline, and/or power pole damage in 10 local counties. Some structural damage was also reported and a 59 mph non-thunderstorm gust was measured at the Shelbyville Airport ASOS.   ||A few hours later, during the 15th evening, a fast-moving quasi-linear convective system (QLCS) then swept across central Indiana ahead of a cold front, fueled by a potent 55-knot low-level jet and strong synoptic forcing. Despite modest instability, a high-shear environment allowed the line to maintain intensity as it tracked from Knox County at o Henry County. The Storm Prediction Center had placed the region under a Slight Risk, citing the potential for damaging straight-line winds. This was realized as a peak gust of 71 mph (62 knots) was measured in Marion County, while the Indianapolis International Airport (KIND) recorded a 58 mph gust.||The resulting damage was widespread, primarily affecting timber and utility infrastructure. A significant swath of downed trees and power lines stretched from Manilla to Arlington in Rush County. Structural impacts were also noted, including shingle damage in Madison County and a fence destroyed in Johnson County. Throughout the event, multiple state roads���including SR 32 and SR 45���were obstructed by fallen trees, and large pine trees up to 1.5 feet in diameter were snapped in Bartholomew County, reflecting the intensity of the straight-line winds.",A 71 mph thunderstorm wind gust was measured at this location.,CSV
202603,15,1200,202603,15,1400,210083,1324449,INDIANA,18,2026,March,High Wind,Z,57,RUSH,IND,15-MAR-26 12:00:00,EST-5,15-MAR-26 14:00:00,0,0,0,0,60.00K,0.00K,Emergency Manager,52.00,EG,,,,,,,,,,,,,,,,,,,,"On the afternoon of March 15, 2026, a strong and deepening upper-level trough strengthened an already potent 990 mb surface low as it crossed the northwestern Midwest into the southern Great Lakes.  The resultant surface gradient over central Indiana produced non-thunderstorm wind gusts that caused tree, powerline, and/or power pole damage in 10 local counties. Some structural damage was also reported and a 59 mph non-thunderstorm gust was measured at the Shelbyville Airport ASOS.   ||A few hours later, during the 15th evening, a fast-moving quasi-linear convective system (QLCS) then swept across central Indiana ahead of a cold front, fueled by a potent 55-knot low-level jet and strong synoptic forcing. Despite modest instability, a high-shear environment allowed the line to maintain intensity as it tracked from Knox County at o Henry County. The Storm Prediction Center had placed the region under a Slight Risk, citing the potential for damaging straight-line winds. This was realized as a peak gust of 71 mph (62 knots) was measured in Marion County, while the Indianapolis International Airport (KIND) recorded a 58 mph gust.||The resulting damage was widespread, primarily affecting timber and utility infrastructure. A significant swath of downed trees and power lines stretched from Manilla to Arlington in Rush County. Structural impacts were also noted, including shingle damage in Madison County and a fence destroyed in Johnson County. Throughout the event, multiple state roads���including SR 32 and SR 45���were obstructed by fallen trees, and large pine trees up to 1.5 feet in diameter were snapped in Bartholomew County, reflecting the intensity of the straight-line winds.",Non-thunderstorm wind gusts downed several trees and power poles across the county.,CSV
202604,27,2143,202604,27,2143,211277,1330842,INDIANA,18,2026,April,Thunderstorm Wind,C,97,MARION,IND,27-APR-26 21:43:00,EST-5,27-APR-26 21:43:00,0,0,0,0,5.00K,,Trained Spotter,52.00,EG,,,,,,,,,,1.38,N,CASTLETON,1.38,N,CASTLETON,39.92,-86.05,39.92,-86.05,"On April 27, 2026, an upper-level shortwave trough and an associated deepening surface low-pressure system tracked across the Midwest. South of the low's path, a sufficiently unstable warm sector surged into central Indiana, characterized by rich boundary-layer moisture and strong low and deep layer wind shear. This setup supported multiple rounds of severe convection resulting in numerous damaging wind gusts or large hail reports. Three tornadoes also occurred between Jackson and Morgan Counties, along with flash flooding in Knox and Marion Counties.",Thunderstorm wind gusts downed multiple trees.,CSV
202604,27,2155,202604,27,2155,211277,1330853,INDIANA,18,2026,April,Thunderstorm Wind,C,109,MORGAN,IND,27-APR-26 21:55:00,EST-5,27-APR-26 21:55:00,0,0,0,0,,,Public,53.00,MG,,,,,,,,,,.87,SE,MARTINSVILLE,.87,SE,MARTINSVILLE,39.42,-86.42,39.42,-86.42,"On April 27, 2026, an upper-level shortwave trough and an associated deepening surface low-pressure system tracked across the Midwest. South of the low's path, a sufficiently unstable warm sector surged into central Indiana, characterized by rich boundary-layer moisture and strong low and deep layer wind shear. This setup supported multiple rounds of severe convection resulting in numerous damaging wind gusts or large hail reports. Three tornadoes also occurred between Jackson and Morgan Counties, along with flash flooding in Knox and Marion Counties.",A 61 mph thunderstorm wind gust was measured by the public.,CSV
202604,27,2202,202604,27,2202,211277,1330858,INDIANA,18,2026,April,Thunderstorm Wind,C,97,MARION,IND,27-APR-26 22:02:00,EST-5,27-APR-26 22:02:00,0,0,0,0,1.00K,,Amateur Radio,50.00,EG,,,,,,,,,,1.74,WSW,NEW BETHEL,1.74,WSW,NEW BETHEL,39.69,-86.05,39.69,-86.05,"On April 27, 2026, an upper-level shortwave trough and an associated deepening surface low-pressure system tracked across the Midwest. South of the low's path, a sufficiently unstable warm sector surged into central Indiana, characterized by rich boundary-layer moisture and strong low and deep layer wind shear. This setup supported multiple rounds of severe convection resulting in numerous damaging wind gusts or large hail reports. Three tornadoes also occurred between Jackson and Morgan Counties, along with flash flooding in Knox and Marion Counties.",Thunderstorm wind gusts downed an 18 inch diameter tree.,CSV
202604,27,2210,202604,27,2210,211277,1330859,INDIANA,18,2026,April,Thunderstorm Wind,C,83,KNOX,IND,27-APR-26 22:10:00,EST-5,27-APR-26 22:10:00,0,0,0,0,3.00K,,Emergency Manager,50.00,EG,,,,,,,,,,.54,E,VINCENNES,.54,E,VINCENNES,38.68,-87.51,38.68,-87.51,"On April 27, 2026, an upper-level shortwave trough and an associated deepening surface low-pressure system tracked across the Midwest. South of the low's path, a sufficiently unstable warm sector surged into central Indiana, characterized by rich boundary-layer moisture and strong low and deep layer wind shear. This setup supported multiple rounds of severe convection resulting in numerous damaging wind gusts or large hail reports. Three tornadoes also occurred between Jackson and Morgan Counties, along with flash flooding in Knox and Marion Counties.",Thunderstorm wind gusts downed two trees.,CSV
202603,13,1200,202603,13,1300,210117,1324242,INDIANA,18,2026,March,High Wind,Z,41,DELAWARE,IND,13-MAR-26 12:00:00,EST-5,13-MAR-26 13:00:00,0,0,0,0,200.00K,,ASOS,58.00,MG,,,,,,,,,,,,,,,,,,,,"On March 13, 2026, a potent late-winter occluded storm system tracked across the Great Lakes while slowly filling, from early morning at 985 mb in northeastern Wisconsin, to late day at 989 mb over the northern Lower Peninsula of Michigan.  The system's cold front crossed northern and northeastern portions of central Indiana from 1000 to 1230EST.||Both an earlier corresponding low-level jet stream axis and a later tighter surface pressure gradient crossed the region, promoting widespread gusty winds veering from southwest to west-northwest while gusting to 45 to 57 mph.  When these two features briefly overlapped following the frontal passage, through midday to early afternoon hours, and also coupled with increased boundary layer mixing under plentiful sun, isolated highest wind gusts reached 58-67 mph.  Winds subsided quickly through evening hours.||This unusually intense gradient wind episode for the central Indiana region included measured gusts of 58+ mph at seven reporting stations;  four reports from Tipton County to Delaware County of semi trucks traveling on north-south roads being blown over to the east;  and widely scattered tree, power line, and minor property (mainly roof) damage that was most prevalent in Delaware County.","A non-thunderstorm wind gust measured 67 mph from the west at 1308EST by KMIE Delaware County Airport.  Non-thunderstorm winds downed multiple trees and power lines throughout the county, blocking roadways.  Winds also blew over two semi trucks and trailers on Interstate Route 69, one heading northbound immediately northwest of Daleville, and another southbound near the Pipe Creek Rest Area northwest of Gaston.  Winds also caused roof and shingles damage to apartments, buildings and homes on the south side of Muncie.  A severe gradient wind gust of 58 mph was also measured at 1340EST by a mesonet station southwest of Mount Pleasant.",CSV
202603,11,700,202603,11,700,210118,1323599,INDIANA,18,2026,March,Thunderstorm Wind,C,63,HENDRICKS,IND,11-MAR-26 07:00:00,EST-5,11-MAR-26 07:00:00,0,0,0,0,80.00K,0.00K,Trained Spotter,61.00,EG,,,,,,,,,,.53,E,LIZTON,.53,E,LIZTON,39.88,-86.54,39.88,-86.54,"On the morning of March 11, 2026, an unseasonably warm and moist airmass with strong deep-layer shear produced a severe weather outbreak. A quasi-linear convective system (QLCS) pushed across central Indiana producing widespread damaging wind gusts with significant tree damage and some structural damage. There were also a few reports of flooded roads across portions of south-central Indiana.",Thunderstorm wind gusts downed multiple trees and branches. A long section of chain link fence was torn off its support pole at Tri West Middle School. School also had damage to athletic facilities and a shed. Some shingles were also torn off a home across the street and a nearby family pole barn was destroyed with significant roof damage.,CSV
202603,11,707,202603,11,707,210118,1323601,INDIANA,18,2026,March,Thunderstorm Wind,C,55,GREENE,IND,11-MAR-26 07:07:00,EST-5,11-MAR-26 07:07:00,0,0,0,0,30.00K,0.00K,Public,56.00,EG,,,,,,,,,,.87,NE,LINTON,.87,NE,LINTON,39.04,-87.16,39.04,-87.16,"On the morning of March 11, 2026, an unseasonably warm and moist airmass with strong deep-layer shear produced a severe weather outbreak. A quasi-linear convective system (QLCS) pushed across central Indiana producing widespread damaging wind gusts with significant tree damage and some structural damage. There were also a few reports of flooded roads across portions of south-central Indiana.",Thunderstorm wind gusts caused damage to a roof and billboard.,CSV
202603,22,2045,202603,22,2045,210300,1322510,INDIANA,18,2026,March,Hail,C,83,KNOX,IND,22-MAR-26 20:45:00,EST-5,22-MAR-26 20:45:00,0,0,0,0,,,Public,2.00,,,,,,,,,,,.54,W,BICKNELL,.54,W,BICKNELL,38.78,-87.31,38.78,-87.31,"On the evening of March 22, 2026, an upper-level disturbance and an associated cold front swept across Central Indiana, triggering a broad swath of severe thunderstorms. Convection first initiated in the northern portions of the IND CWA, with the first reports of quarter-sized hail occurring in Howard and Madison counties. As the evening progressed, these storms moved into an environment characterized by moderate instability and strong vertical wind shear, allowing cells to become highly organized. The activity eventually evolved into a mixture of discrete supercells and organized line segments that tracked southeastward through the Indianapolis metro area and into southern Indiana.||The primary hazards associated with this event were large hail and damaging straight-line winds. The most significant hail report occurred in Knox County near Bicknell, where stones up to 2.00 inches in diameter were observed. Widespread hail ranging from 1.25 to 1.75 inches was also reported across Randolph, Marion, Sullivan, Daviess, and Martin counties. As the storms transitioned into a more linear configuration, wind damage became more prevalent. A peak measured gust of 64 mph was recorded in Jackson County, while a 62 mph gust was measured in Monroe County.",Numerous hail reports near Bicknell and the surrounding countryside of hail up to 2 inches.,CSV
202603,22,2054,202603,22,2054,210300,1322511,INDIANA,18,2026,March,Hail,C,27,DAVIESS,IND,22-MAR-26 20:54:00,EST-5,22-MAR-26 20:54:00,0,0,0,0,,,CoCoRaHS,1.00,,,,,,,,,,,1.48,SSW,PLAINVILLE,1.48,SSW,PLAINVILLE,38.78,-87.16,38.78,-87.16,"On the evening of March 22, 2026, an upper-level disturbance and an associated cold front swept across Central Indiana, triggering a broad swath of severe thunderstorms. Convection first initiated in the northern portions of the IND CWA, with the first reports of quarter-sized hail occurring in Howard and Madison counties. As the evening progressed, these storms moved into an environment characterized by moderate instability and strong vertical wind shear, allowing cells to become highly organized. The activity eventually evolved into a mixture of discrete supercells and organized line segments that tracked southeastward through the Indianapolis metro area and into southern Indiana.||The primary hazards associated with this event were large hail and damaging straight-line winds. The most significant hail report occurred in Knox County near Bicknell, where stones up to 2.00 inches in diameter were observed. Widespread hail ranging from 1.25 to 1.75 inches was also reported across Randolph, Marion, Sullivan, Daviess, and Martin counties. As the storms transitioned into a more linear configuration, wind damage became more prevalent. A peak measured gust of 64 mph was recorded in Jackson County, while a 62 mph gust was measured in Monroe County.",,CSV
202603,15,2220,202603,15,2220,210083,1321946,INDIANA,18,2026,March,Thunderstorm Wind,C,5,BARTHOLOMEW,IND,15-MAR-26 22:20:00,EST-5,15-MAR-26 22:20:00,0,0,0,0,5.00K,0.00K,Trained Spotter,52.00,EG,,,,,,,,,,.87,SE,RIVERVIEW ACRES,.87,SE,RIVERVIEW ACRES,39.24,-85.91,39.24,-85.91,"On the afternoon of March 15, 2026, a strong and deepening upper-level trough strengthened an already potent 990 mb surface low as it crossed the northwestern Midwest into the southern Great Lakes.  The resultant surface gradient over central Indiana produced non-thunderstorm wind gusts that caused tree, powerline, and/or power pole damage in 10 local counties. Some structural damage was also reported and a 59 mph non-thunderstorm gust was measured at the Shelbyville Airport ASOS.   ||A few hours later, during the 15th evening, a fast-moving quasi-linear convective system (QLCS) then swept across central Indiana ahead of a cold front, fueled by a potent 55-knot low-level jet and strong synoptic forcing. Despite modest instability, a high-shear environment allowed the line to maintain intensity as it tracked from Knox County at o Henry County. The Storm Prediction Center had placed the region under a Slight Risk, citing the potential for damaging straight-line winds. This was realized as a peak gust of 71 mph (62 knots) was measured in Marion County, while the Indianapolis International Airport (KIND) recorded a 58 mph gust.||The resulting damage was widespread, primarily affecting timber and utility infrastructure. A significant swath of downed trees and power lines stretched from Manilla to Arlington in Rush County. Structural impacts were also noted, including shingle damage in Madison County and a fence destroyed in Johnson County. Throughout the event, multiple state roads���including SR 32 and SR 45���were obstructed by fallen trees, and large pine trees up to 1.5 feet in diameter were snapped in Bartholomew County, reflecting the intensity of the straight-line winds.",A 1.5 ft diameter pine tree snapped by thunderstorm wind gusts 7 ft off the ground along with another tree snapped nearby.,CSV
202603,15,1200,202603,15,1400,210083,1324448,INDIANA,18,2026,March,High Wind,Z,64,BARTHOLOMEW,IND,15-MAR-26 12:00:00,EST-5,15-MAR-26 14:00:00,0,0,0,0,40.00K,0.00K,Emergency Manager,52.00,EG,,,,,,,,,,,,,,,,,,,,"On the afternoon of March 15, 2026, a strong and deepening upper-level trough strengthened an already potent 990 mb surface low as it crossed the northwestern Midwest into the southern Great Lakes.  The resultant surface gradient over central Indiana produced non-thunderstorm wind gusts that caused tree, powerline, and/or power pole damage in 10 local counties. Some structural damage was also reported and a 59 mph non-thunderstorm gust was measured at the Shelbyville Airport ASOS.   ||A few hours later, during the 15th evening, a fast-moving quasi-linear convective system (QLCS) then swept across central Indiana ahead of a cold front, fueled by a potent 55-knot low-level jet and strong synoptic forcing. Despite modest instability, a high-shear environment allowed the line to maintain intensity as it tracked from Knox County at o Henry County. The Storm Prediction Center had placed the region under a Slight Risk, citing the potential for damaging straight-line winds. This was realized as a peak gust of 71 mph (62 knots) was measured in Marion County, while the Indianapolis International Airport (KIND) recorded a 58 mph gust.||The resulting damage was widespread, primarily affecting timber and utility infrastructure. A significant swath of downed trees and power lines stretched from Manilla to Arlington in Rush County. Structural impacts were also noted, including shingle damage in Madison County and a fence destroyed in Johnson County. Throughout the event, multiple state roads���including SR 32 and SR 45���were obstructed by fallen trees, and large pine trees up to 1.5 feet in diameter were snapped in Bartholomew County, reflecting the intensity of the straight-line winds.",Non-thunderstorm wind gusts downed multiple trees and wires across the county.,CSV
202604,27,2217,202604,27,2217,211277,1330860,INDIANA,18,2026,April,Thunderstorm Wind,C,83,KNOX,IND,27-APR-26 22:17:00,EST-5,27-APR-26 22:17:00,0,0,0,0,1.00K,,Emergency Manager,50.00,EG,,,,,,,,,,.88,NE,BRUCEVILLE,.88,NE,BRUCEVILLE,38.76,-87.41,38.76,-87.41,"On April 27, 2026, an upper-level shortwave trough and an associated deepening surface low-pressure system tracked across the Midwest. South of the low's path, a sufficiently unstable warm sector surged into central Indiana, characterized by rich boundary-layer moisture and strong low and deep layer wind shear. This setup supported multiple rounds of severe convection resulting in numerous damaging wind gusts or large hail reports. Three tornadoes also occurred between Jackson and Morgan Counties, along with flash flooding in Knox and Marion Counties.",Thunderstorm wind gusts downed a tree onto a road.,CSV
202604,27,2218,202604,27,2218,211277,1330861,INDIANA,18,2026,April,Thunderstorm Wind,C,145,SHELBY,IND,27-APR-26 22:18:00,EST-5,27-APR-26 22:18:00,0,0,0,0,40.00K,,Law Enforcement,55.00,EG,,,,,,,,,,.53,W,FAIRLAND,.53,W,FAIRLAND,39.58,-85.88,39.58,-85.88,"On April 27, 2026, an upper-level shortwave trough and an associated deepening surface low-pressure system tracked across the Midwest. South of the low's path, a sufficiently unstable warm sector surged into central Indiana, characterized by rich boundary-layer moisture and strong low and deep layer wind shear. This setup supported multiple rounds of severe convection resulting in numerous damaging wind gusts or large hail reports. Three tornadoes also occurred between Jackson and Morgan Counties, along with flash flooding in Knox and Marion Counties.",Thunderstorm wind gusts knocked over irrigation leg and also caused damage to trees and powerlines.,CSV
202604,27,2230,202604,27,2230,211277,1330862,INDIANA,18,2026,April,Thunderstorm Wind,C,145,SHELBY,IND,27-APR-26 22:30:00,EST-5,27-APR-26 22:30:00,0,0,0,0,,,ASOS,51.00,MG,,,,,,,,,,0,N,SHELBYVILLE MUNI ARP,0,N,SHELBYVILLE MUNI ARP,39.58,-85.8,39.58,-85.8,"On April 27, 2026, an upper-level shortwave trough and an associated deepening surface low-pressure system tracked across the Midwest. South of the low's path, a sufficiently unstable warm sector surged into central Indiana, characterized by rich boundary-layer moisture and strong low and deep layer wind shear. This setup supported multiple rounds of severe convection resulting in numerous damaging wind gusts or large hail reports. Three tornadoes also occurred between Jackson and Morgan Counties, along with flash flooding in Knox and Marion Counties.",Shelbyville ASOS KGEZ measured a 59 mph thunderstorm wind gust.,CSV
202604,27,2217,202604,27,2217,211277,1330863,INDIANA,18,2026,April,Thunderstorm Wind,C,105,MONROE,IND,27-APR-26 22:17:00,EST-5,27-APR-26 22:17:00,0,0,0,0,20.00K,,State Official,52.00,EG,,,,,,,,,,3.5,N,ELWREN,3.5,N,ELWREN,39.17,-86.68,39.17,-86.68,"On April 27, 2026, an upper-level shortwave trough and an associated deepening surface low-pressure system tracked across the Midwest. South of the low's path, a sufficiently unstable warm sector surged into central Indiana, characterized by rich boundary-layer moisture and strong low and deep layer wind shear. This setup supported multiple rounds of severe convection resulting in numerous damaging wind gusts or large hail reports. Three tornadoes also occurred between Jackson and Morgan Counties, along with flash flooding in Knox and Marion Counties.",Thunderstorm wind gusts downed a tree onto a home which allowed rain water to flood basement.,CSV
202603,11,717,202603,11,717,210118,1323602,INDIANA,18,2026,March,Thunderstorm Wind,C,133,PUTNAM,IND,11-MAR-26 07:17:00,EST-5,11-MAR-26 07:17:00,0,0,0,0,4.00K,0.00K,Public,52.00,EG,,,,,,,,,,0,N,CLOVERDALE,0,N,CLOVERDALE,39.52,-86.8,39.52,-86.8,"On the morning of March 11, 2026, an unseasonably warm and moist airmass with strong deep-layer shear produced a severe weather outbreak. A quasi-linear convective system (QLCS) pushed across central Indiana producing widespread damaging wind gusts with significant tree damage and some structural damage. There were also a few reports of flooded roads across portions of south-central Indiana.",Thunderstorm wind gusts downed multiple trees.,CSV
202603,11,716,202603,11,716,210118,1323603,INDIANA,18,2026,March,Thunderstorm Wind,C,11,BOONE,IND,11-MAR-26 07:16:00,EST-5,11-MAR-26 07:16:00,0,0,0,0,,0.00K,Public,59.00,MG,,,,,,,,,,1.38,N,EAGLE VLG,1.38,N,EAGLE VLG,39.97,-86.27,39.97,-86.27,"On the morning of March 11, 2026, an unseasonably warm and moist airmass with strong deep-layer shear produced a severe weather outbreak. A quasi-linear convective system (QLCS) pushed across central Indiana producing widespread damaging wind gusts with significant tree damage and some structural damage. There were also a few reports of flooded roads across portions of south-central Indiana.",A 68 mph thunderstorm wind gust was measured.,CSV
202603,11,725,202603,11,725,210118,1323604,INDIANA,18,2026,March,Thunderstorm Wind,C,97,MARION,IND,11-MAR-26 07:25:00,EST-5,11-MAR-26 07:25:00,0,0,0,0,10.00K,0.00K,Amateur Radio,52.00,EG,,,,,,,,,,.87,SW,WILLIAMS CREEK,.87,SW,WILLIAMS CREEK,39.89,-86.16,39.89,-86.16,"On the morning of March 11, 2026, an unseasonably warm and moist airmass with strong deep-layer shear produced a severe weather outbreak. A quasi-linear convective system (QLCS) pushed across central Indiana producing widespread damaging wind gusts with significant tree damage and some structural damage. There were also a few reports of flooded roads across portions of south-central Indiana.",Thunderstorm wind gusts downed powerlines.,CSV
202603,11,727,202603,11,727,210118,1323605,INDIANA,18,2026,March,Thunderstorm Wind,C,97,MARION,IND,11-MAR-26 07:27:00,EST-5,11-MAR-26 07:27:00,0,0,0,0,5.00K,0.00K,Amateur Radio,52.00,EG,,,,,,,,,,.87,SW,ALLISONVILLE,.87,SW,ALLISONVILLE,39.89,-86.09,39.89,-86.09,"On the morning of March 11, 2026, an unseasonably warm and moist airmass with strong deep-layer shear produced a severe weather outbreak. A quasi-linear convective system (QLCS) pushed across central Indiana producing widespread damaging wind gusts with significant tree damage and some structural damage. There were also a few reports of flooded roads across portions of south-central Indiana.",Thunderstorm wind gusts downed multiple trees.,CSV
202603,11,728,202603,11,728,210118,1323606,INDIANA,18,2026,March,Thunderstorm Wind,C,97,MARION,IND,11-MAR-26 07:28:00,EST-5,11-MAR-26 07:28:00,0,0,0,0,3.00K,0.00K,Trained Spotter,52.00,EG,,,,,,,,,,0,N,MERIDIAN HILLS,0,N,MERIDIAN HILLS,39.88,-86.15,39.88,-86.15,"On the morning of March 11, 2026, an unseasonably warm and moist airmass with strong deep-layer shear produced a severe weather outbreak. A quasi-linear convective system (QLCS) pushed across central Indiana producing widespread damaging wind gusts with significant tree damage and some structural damage. There were also a few reports of flooded roads across portions of south-central Indiana.",Garage door was blown in by thunderstorm wind gusts.,CSV
202603,22,2101,202603,22,2101,210300,1322512,INDIANA,18,2026,March,Thunderstorm Wind,C,105,MONROE,IND,22-MAR-26 21:01:00,EST-5,22-MAR-26 21:01:00,0,0,0,0,0.00K,0.00K,Public,54.00,MG,,,,,,,,,,2.96,NNE,HANDY,2.96,NNE,HANDY,39.14,-86.46,39.14,-86.46,"On the evening of March 22, 2026, an upper-level disturbance and an associated cold front swept across Central Indiana, triggering a broad swath of severe thunderstorms. Convection first initiated in the northern portions of the IND CWA, with the first reports of quarter-sized hail occurring in Howard and Madison counties. As the evening progressed, these storms moved into an environment characterized by moderate instability and strong vertical wind shear, allowing cells to become highly organized. The activity eventually evolved into a mixture of discrete supercells and organized line segments that tracked southeastward through the Indianapolis metro area and into southern Indiana.||The primary hazards associated with this event were large hail and damaging straight-line winds. The most significant hail report occurred in Knox County near Bicknell, where stones up to 2.00 inches in diameter were observed. Widespread hail ranging from 1.25 to 1.75 inches was also reported across Randolph, Marion, Sullivan, Daviess, and Martin counties. As the storms transitioned into a more linear configuration, wind damage became more prevalent. A peak measured gust of 64 mph was recorded in Jackson County, while a 62 mph gust was measured in Monroe County.",A 62 mph thunderstorm wind gust was measured at this location.,CSV
202603,22,2102,202603,22,2102,210300,1322513,INDIANA,18,2026,March,Hail,C,59,HANCOCK,IND,22-MAR-26 21:02:00,EST-5,22-MAR-26 21:02:00,0,0,0,0,,,Public,1.00,,,,,,,,,,,.87,SE,GREENFIELD,.87,SE,GREENFIELD,39.77,-85.77,39.77,-85.77,"On the evening of March 22, 2026, an upper-level disturbance and an associated cold front swept across Central Indiana, triggering a broad swath of severe thunderstorms. Convection first initiated in the northern portions of the IND CWA, with the first reports of quarter-sized hail occurring in Howard and Madison counties. As the evening progressed, these storms moved into an environment characterized by moderate instability and strong vertical wind shear, allowing cells to become highly organized. The activity eventually evolved into a mixture of discrete supercells and organized line segments that tracked southeastward through the Indianapolis metro area and into southern Indiana.||The primary hazards associated with this event were large hail and damaging straight-line winds. The most significant hail report occurred in Knox County near Bicknell, where stones up to 2.00 inches in diameter were observed. Widespread hail ranging from 1.25 to 1.75 inches was also reported across Randolph, Marion, Sullivan, Daviess, and Martin counties. As the storms transitioned into a more linear configuration, wind damage became more prevalent. A peak measured gust of 64 mph was recorded in Jackson County, while a 62 mph gust was measured in Monroe County.",,CSV
202603,15,2222,202603,15,2222,210083,1321947,INDIANA,18,2026,March,Thunderstorm Wind,C,97,MARION,IND,15-MAR-26 22:22:00,EST-5,15-MAR-26 22:22:00,0,0,0,0,,,Emergency Manager,50.00,MG,,,,,,,,,,.87,NW,INDIANAPOLIS,.87,NW,INDIANAPOLIS,39.79,-86.16,39.79,-86.16,"On the afternoon of March 15, 2026, a strong and deepening upper-level trough strengthened an already potent 990 mb surface low as it crossed the northwestern Midwest into the southern Great Lakes.  The resultant surface gradient over central Indiana produced non-thunderstorm wind gusts that caused tree, powerline, and/or power pole damage in 10 local counties. Some structural damage was also reported and a 59 mph non-thunderstorm gust was measured at the Shelbyville Airport ASOS.   ||A few hours later, during the 15th evening, a fast-moving quasi-linear convective system (QLCS) then swept across central Indiana ahead of a cold front, fueled by a potent 55-knot low-level jet and strong synoptic forcing. Despite modest instability, a high-shear environment allowed the line to maintain intensity as it tracked from Knox County at o Henry County. The Storm Prediction Center had placed the region under a Slight Risk, citing the potential for damaging straight-line winds. This was realized as a peak gust of 71 mph (62 knots) was measured in Marion County, while the Indianapolis International Airport (KIND) recorded a 58 mph gust.||The resulting damage was widespread, primarily affecting timber and utility infrastructure. A significant swath of downed trees and power lines stretched from Manilla to Arlington in Rush County. Structural impacts were also noted, including shingle damage in Madison County and a fence destroyed in Johnson County. Throughout the event, multiple state roads���including SR 32 and SR 45���were obstructed by fallen trees, and large pine trees up to 1.5 feet in diameter were snapped in Bartholomew County, reflecting the intensity of the straight-line winds.",A 58 mph thunderstorm wind gust was measured at this location.,CSV
202603,15,1100,202603,15,1500,210083,1324446,INDIANA,18,2026,March,High Wind,Z,56,SHELBY,IND,15-MAR-26 11:00:00,EST-5,15-MAR-26 15:00:00,0,0,0,0,40.00K,,ASOS,50.00,MG,,,,,,,,,,,,,,,,,,,,"On the afternoon of March 15, 2026, a strong and deepening upper-level trough strengthened an already potent 990 mb surface low as it crossed the northwestern Midwest into the southern Great Lakes.  The resultant surface gradient over central Indiana produced non-thunderstorm wind gusts that caused tree, powerline, and/or power pole damage in 10 local counties. Some structural damage was also reported and a 59 mph non-thunderstorm gust was measured at the Shelbyville Airport ASOS.   ||A few hours later, during the 15th evening, a fast-moving quasi-linear convective system (QLCS) then swept across central Indiana ahead of a cold front, fueled by a potent 55-knot low-level jet and strong synoptic forcing. Despite modest instability, a high-shear environment allowed the line to maintain intensity as it tracked from Knox County at o Henry County. The Storm Prediction Center had placed the region under a Slight Risk, citing the potential for damaging straight-line winds. This was realized as a peak gust of 71 mph (62 knots) was measured in Marion County, while the Indianapolis International Airport (KIND) recorded a 58 mph gust.||The resulting damage was widespread, primarily affecting timber and utility infrastructure. A significant swath of downed trees and power lines stretched from Manilla to Arlington in Rush County. Structural impacts were also noted, including shingle damage in Madison County and a fence destroyed in Johnson County. Throughout the event, multiple state roads���including SR 32 and SR 45���were obstructed by fallen trees, and large pine trees up to 1.5 feet in diameter were snapped in Bartholomew County, reflecting the intensity of the straight-line winds.","A 58 mph non-thunderstorm wind gust measured at 1238EST by KGEZ Shelbyville Municipal Airport. Law enforcement reported telephone poles broken at the ground and blocking the US 52 east bound lane 3 miles east-southeast of Morristown, as well as a tree downed.",CSV
202604,27,2235,202604,27,2235,211277,1330864,INDIANA,18,2026,April,Thunderstorm Wind,C,93,LAWRENCE,IND,27-APR-26 22:35:00,EST-5,27-APR-26 22:35:00,0,0,0,0,50.00K,,COOP Observer,52.00,EG,,,,,,,,,,1.75,NE,FAYETTEVILLE,1.75,NE,FAYETTEVILLE,38.89,-86.56,38.89,-86.56,"On April 27, 2026, an upper-level shortwave trough and an associated deepening surface low-pressure system tracked across the Midwest. South of the low's path, a sufficiently unstable warm sector surged into central Indiana, characterized by rich boundary-layer moisture and strong low and deep layer wind shear. This setup supported multiple rounds of severe convection resulting in numerous damaging wind gusts or large hail reports. Three tornadoes also occurred between Jackson and Morgan Counties, along with flash flooding in Knox and Marion Counties.",Thunderstorm wind gusts downed dozens of trees across Lawrence County. One tree was downed onto powerlines.,CSV
202604,27,2235,202604,27,2235,211277,1330865,INDIANA,18,2026,April,Thunderstorm Wind,C,35,DELAWARE,IND,27-APR-26 22:35:00,EST-5,27-APR-26 22:35:00,0,0,0,0,5.00K,,State Official,50.00,EG,,,,,,,,,,1.58,W,COUNTRY TERRACE,1.58,W,COUNTRY TERRACE,40.18,-85.31,40.18,-85.31,"On April 27, 2026, an upper-level shortwave trough and an associated deepening surface low-pressure system tracked across the Midwest. South of the low's path, a sufficiently unstable warm sector surged into central Indiana, characterized by rich boundary-layer moisture and strong low and deep layer wind shear. This setup supported multiple rounds of severe convection resulting in numerous damaging wind gusts or large hail reports. Three tornadoes also occurred between Jackson and Morgan Counties, along with flash flooding in Knox and Marion Counties.",Thunderstorm wind gusts downed a tree onto a house.,CSV
202604,27,2245,202604,27,2245,211277,1330866,INDIANA,18,2026,April,Thunderstorm Wind,C,13,BROWN,IND,27-APR-26 22:45:00,EST-5,27-APR-26 22:45:00,0,0,0,0,10.00K,,Public,52.00,EG,,,,,,,,,,1.28,WNW,CHRISTIANSBURG,1.28,WNW,CHRISTIANSBURG,39.09,-86.19,39.09,-86.19,"On April 27, 2026, an upper-level shortwave trough and an associated deepening surface low-pressure system tracked across the Midwest. South of the low's path, a sufficiently unstable warm sector surged into central Indiana, characterized by rich boundary-layer moisture and strong low and deep layer wind shear. This setup supported multiple rounds of severe convection resulting in numerous damaging wind gusts or large hail reports. Three tornadoes also occurred between Jackson and Morgan Counties, along with flash flooding in Knox and Marion Counties.",Thunderstorm wind gusts downed multiple trees.,CSV
202604,27,2300,202604,27,2300,211277,1330867,INDIANA,18,2026,April,Thunderstorm Wind,C,5,BARTHOLOMEW,IND,27-APR-26 23:00:00,EST-5,27-APR-26 23:00:00,0,0,0,0,20.00K,,Emergency Manager,52.00,EG,,,,,,,,,,1.75,ENE,OGILVILLE,1.75,ENE,OGILVILLE,39.14,-85.99,39.14,-85.99,"On April 27, 2026, an upper-level shortwave trough and an associated deepening surface low-pressure system tracked across the Midwest. South of the low's path, a sufficiently unstable warm sector surged into central Indiana, characterized by rich boundary-layer moisture and strong low and deep layer wind shear. This setup supported multiple rounds of severe convection resulting in numerous damaging wind gusts or large hail reports. Three tornadoes also occurred between Jackson and Morgan Counties, along with flash flooding in Knox and Marion Counties.",Thunderstorm wind gusts downed a tree onto a camper. Additional sporadic damage reported in the western and southern portions of the county.,CSV
202604,1,1516,202604,1,1516,213528,1337707,INDIANA,18,2026,April,Thunderstorm Wind,C,77,JEFFERSON,LMK,01-APR-26 15:16:00,EST-5,01-APR-26 15:16:00,0,0,0,0,0.00K,0.00K,911 Call Center,50.00,EG,,,,,,,,,,1.44,WNW,CENTRAL,1.44,WNW,CENTRAL,38.7778,-85.3547,38.7778,-85.3547,Convection along a southwest to northeast oriented cold front blew a tree down in southern Indiana.,A tree was blocking North K Road and Old State Road 62.,CSV
202603,11,732,202603,11,732,210118,1323607,INDIANA,18,2026,March,Thunderstorm Wind,C,57,HAMILTON,IND,11-MAR-26 07:32:00,EST-5,11-MAR-26 07:32:00,0,0,0,0,1.00K,0.00K,Amateur Radio,50.00,EG,,,,,,,,,,1.38,S,RIVERWOOD,1.38,S,RIVERWOOD,40.08,-85.97,40.08,-85.97,"On the morning of March 11, 2026, an unseasonably warm and moist airmass with strong deep-layer shear produced a severe weather outbreak. A quasi-linear convective system (QLCS) pushed across central Indiana producing widespread damaging wind gusts with significant tree damage and some structural damage. There were also a few reports of flooded roads across portions of south-central Indiana.",Thunderstorm wind gusts downed a large tree limb which blocked the road.,CSV
202603,11,734,202603,11,734,210118,1323608,INDIANA,18,2026,March,Thunderstorm Wind,C,55,GREENE,IND,11-MAR-26 07:34:00,EST-5,11-MAR-26 07:34:00,0,0,0,0,2.00K,0.00K,Public,50.00,EG,,,,,,,,,,0,N,KOLEEN,0,N,KOLEEN,38.97,-86.83,38.97,-86.83,"On the morning of March 11, 2026, an unseasonably warm and moist airmass with strong deep-layer shear produced a severe weather outbreak. A quasi-linear convective system (QLCS) pushed across central Indiana producing widespread damaging wind gusts with significant tree damage and some structural damage. There were also a few reports of flooded roads across portions of south-central Indiana.",Thunderstorm wind gusts downed a tree.,CSV
202603,11,735,202603,11,735,210118,1323609,INDIANA,18,2026,March,Thunderstorm Wind,C,97,MARION,IND,11-MAR-26 07:35:00,EST-5,11-MAR-26 07:35:00,0,0,0,0,20.00K,0.00K,Public,52.00,EG,,,,,,,,,,2.12,E,CASTLETON,2.12,E,CASTLETON,39.9,-86.01,39.9,-86.01,"On the morning of March 11, 2026, an unseasonably warm and moist airmass with strong deep-layer shear produced a severe weather outbreak. A quasi-linear convective system (QLCS) pushed across central Indiana producing widespread damaging wind gusts with significant tree damage and some structural damage. There were also a few reports of flooded roads across portions of south-central Indiana.",Thunderstorm wind gusts downed a large tree onto a house.,CSV
202603,11,740,202603,11,740,210118,1323610,INDIANA,18,2026,March,Thunderstorm Wind,C,105,MONROE,IND,11-MAR-26 07:40:00,EST-5,11-MAR-26 07:40:00,0,0,0,0,1.00K,0.00K,Public,50.00,EG,,,,,,,,,,1.27,ENE,HUNTERS,1.27,ENE,HUNTERS,39.18,-86.56,39.18,-86.56,"On the morning of March 11, 2026, an unseasonably warm and moist airmass with strong deep-layer shear produced a severe weather outbreak. A quasi-linear convective system (QLCS) pushed across central Indiana producing widespread damaging wind gusts with significant tree damage and some structural damage. There were also a few reports of flooded roads across portions of south-central Indiana.",Thunderstorm wind gusts downed several tree limbs.,CSV
202603,11,748,202603,11,748,210118,1323611,INDIANA,18,2026,March,Thunderstorm Wind,C,95,MADISON,IND,11-MAR-26 07:48:00,EST-5,11-MAR-26 07:48:00,0,0,0,0,120.00K,0.00K,Emergency Manager,56.00,EG,,,,,,,,,,0,N,PENDLETON,0,N,PENDLETON,40,-85.75,40,-85.75,"On the morning of March 11, 2026, an unseasonably warm and moist airmass with strong deep-layer shear produced a severe weather outbreak. A quasi-linear convective system (QLCS) pushed across central Indiana producing widespread damaging wind gusts with significant tree damage and some structural damage. There were also a few reports of flooded roads across portions of south-central Indiana.",Thunderstorm wind gusts downed several trees and poles which were blocking roads. Structural damage to roofs of houses was also reported.,CSV
202603,22,2104,202603,22,2104,210300,1322514,INDIANA,18,2026,March,Hail,C,27,DAVIESS,IND,22-MAR-26 21:04:00,EST-5,22-MAR-26 21:04:00,0,0,0,0,,,Public,1.75,,,,,,,,,,,1.28,WSW,BLACK OAK,1.28,WSW,BLACK OAK,38.66,-87.1,38.66,-87.1,"On the evening of March 22, 2026, an upper-level disturbance and an associated cold front swept across Central Indiana, triggering a broad swath of severe thunderstorms. Convection first initiated in the northern portions of the IND CWA, with the first reports of quarter-sized hail occurring in Howard and Madison counties. As the evening progressed, these storms moved into an environment characterized by moderate instability and strong vertical wind shear, allowing cells to become highly organized. The activity eventually evolved into a mixture of discrete supercells and organized line segments that tracked southeastward through the Indianapolis metro area and into southern Indiana.||The primary hazards associated with this event were large hail and damaging straight-line winds. The most significant hail report occurred in Knox County near Bicknell, where stones up to 2.00 inches in diameter were observed. Widespread hail ranging from 1.25 to 1.75 inches was also reported across Randolph, Marion, Sullivan, Daviess, and Martin counties. As the storms transitioned into a more linear configuration, wind damage became more prevalent. A peak measured gust of 64 mph was recorded in Jackson County, while a 62 mph gust was measured in Monroe County.",Nearby areas also saw hail up to 1 inch.,CSV
202603,22,2113,202603,22,2113,210300,1322515,INDIANA,18,2026,March,Hail,C,101,MARTIN,IND,22-MAR-26 21:13:00,EST-5,22-MAR-26 21:13:00,0,0,0,0,,,Public,1.75,,,,,,,,,,,.54,W,LOOGOOTEE,.54,W,LOOGOOTEE,38.67,-86.91,38.67,-86.91,"On the evening of March 22, 2026, an upper-level disturbance and an associated cold front swept across Central Indiana, triggering a broad swath of severe thunderstorms. Convection first initiated in the northern portions of the IND CWA, with the first reports of quarter-sized hail occurring in Howard and Madison counties. As the evening progressed, these storms moved into an environment characterized by moderate instability and strong vertical wind shear, allowing cells to become highly organized. The activity eventually evolved into a mixture of discrete supercells and organized line segments that tracked southeastward through the Indianapolis metro area and into southern Indiana.||The primary hazards associated with this event were large hail and damaging straight-line winds. The most significant hail report occurred in Knox County near Bicknell, where stones up to 2.00 inches in diameter were observed. Widespread hail ranging from 1.25 to 1.75 inches was also reported across Randolph, Marion, Sullivan, Daviess, and Martin counties. As the storms transitioned into a more linear configuration, wind damage became more prevalent. A peak measured gust of 64 mph was recorded in Jackson County, while a 62 mph gust was measured in Monroe County.",Numerous reports nearby up to 1.75 inches.,CSV
202603,15,2225,202603,15,2225,210083,1321948,INDIANA,18,2026,March,Thunderstorm Wind,C,145,SHELBY,IND,15-MAR-26 22:25:00,EST-5,15-MAR-26 22:25:00,0,0,0,0,2.00K,0.00K,Public,50.00,EG,,,,,,,,,,1.74,ESE,MT AUBURN,1.74,ESE,MT AUBURN,39.39,-85.87,39.39,-85.87,"On the afternoon of March 15, 2026, a strong and deepening upper-level trough strengthened an already potent 990 mb surface low as it crossed the northwestern Midwest into the southern Great Lakes.  The resultant surface gradient over central Indiana produced non-thunderstorm wind gusts that caused tree, powerline, and/or power pole damage in 10 local counties. Some structural damage was also reported and a 59 mph non-thunderstorm gust was measured at the Shelbyville Airport ASOS.   ||A few hours later, during the 15th evening, a fast-moving quasi-linear convective system (QLCS) then swept across central Indiana ahead of a cold front, fueled by a potent 55-knot low-level jet and strong synoptic forcing. Despite modest instability, a high-shear environment allowed the line to maintain intensity as it tracked from Knox County at o Henry County. The Storm Prediction Center had placed the region under a Slight Risk, citing the potential for damaging straight-line winds. This was realized as a peak gust of 71 mph (62 knots) was measured in Marion County, while the Indianapolis International Airport (KIND) recorded a 58 mph gust.||The resulting damage was widespread, primarily affecting timber and utility infrastructure. A significant swath of downed trees and power lines stretched from Manilla to Arlington in Rush County. Structural impacts were also noted, including shingle damage in Madison County and a fence destroyed in Johnson County. Throughout the event, multiple state roads���including SR 32 and SR 45���were obstructed by fallen trees, and large pine trees up to 1.5 feet in diameter were snapped in Bartholomew County, reflecting the intensity of the straight-line winds.",A tree was downed by thunderstorm wind gusts.,CSV
202604,27,2301,202604,27,2301,211277,1330868,INDIANA,18,2026,April,Thunderstorm Wind,C,5,BARTHOLOMEW,IND,27-APR-26 23:01:00,EST-5,27-APR-26 23:01:00,0,0,0,0,1.00K,,Amateur Radio,50.00,EG,,,,,,,,,,1.61,E,OGILVILLE,1.61,E,OGILVILLE,39.13,-85.99,39.13,-85.99,"On April 27, 2026, an upper-level shortwave trough and an associated deepening surface low-pressure system tracked across the Midwest. South of the low's path, a sufficiently unstable warm sector surged into central Indiana, characterized by rich boundary-layer moisture and strong low and deep layer wind shear. This setup supported multiple rounds of severe convection resulting in numerous damaging wind gusts or large hail reports. Three tornadoes also occurred between Jackson and Morgan Counties, along with flash flooding in Knox and Marion Counties.",Thunderstorm wind gusts downed a 15 inch diameter tree.,CSV
202604,27,2305,202604,27,2305,211277,1330869,INDIANA,18,2026,April,Thunderstorm Wind,C,71,JACKSON,IND,27-APR-26 23:05:00,EST-5,27-APR-26 23:05:00,0,0,0,0,,,Public,55.00,MG,,,,,,,,,,.54,E,FREEMAN ARPT,.54,E,FREEMAN ARPT,38.92,-85.91,38.92,-85.91,"On April 27, 2026, an upper-level shortwave trough and an associated deepening surface low-pressure system tracked across the Midwest. South of the low's path, a sufficiently unstable warm sector surged into central Indiana, characterized by rich boundary-layer moisture and strong low and deep layer wind shear. This setup supported multiple rounds of severe convection resulting in numerous damaging wind gusts or large hail reports. Three tornadoes also occurred between Jackson and Morgan Counties, along with flash flooding in Knox and Marion Counties.",KSER AWOS measured a 63 mph thunderstorm wind gust.,CSV
202604,27,1544,202604,27,1549,211277,1332011,INDIANA,18,2026,April,Tornado,C,71,JACKSON,IND,27-APR-26 15:44:00,EST-5,27-APR-26 15:49:00,0,0,0,0,300.00K,,NWS Storm Survey,,,,,EF1,3.71,100,,,,,2.12,SW,BOBTOWN,1.28,ENE,BOBTOWN,39,-85.98,39.03,-85.93,"On April 27, 2026, an upper-level shortwave trough and an associated deepening surface low-pressure system tracked across the Midwest. South of the low's path, a sufficiently unstable warm sector surged into central Indiana, characterized by rich boundary-layer moisture and strong low and deep layer wind shear. This setup supported multiple rounds of severe convection resulting in numerous damaging wind gusts or large hail reports. Three tornadoes also occurred between Jackson and Morgan Counties, along with flash flooding in Knox and Marion Counties.",An EF-1 Tornado with a path length of 3.71 miles and path width of 100 yards moved through this area. The estimated peak winds were 105 mph with damage including snapped trees and two barns destroyed. The tornado touched down just east of Co Road 300E where multiple trees were snapped about 15 to 20 ft above ground. The tornado then moved northeast and caused substantial damage to barns and to at least one home across a three to four mile path before lifting near Co Road 600E to the north of County Road 1000N. The tornado may not have been on the ground continuously for the whole track.,CSV
202604,27,1916,202604,27,2016,212460,1329331,INDIANA,18,2026,April,Flash Flood,C,19,CLARK,LMK,27-APR-26 19:16:00,EST-5,27-APR-26 20:16:00,0,0,0,0,0.00K,0.00K,Emergency Manager,,,Heavy Rain,,,,,,,,,.73,N,BONNENBURGER,.93,NNW,BONNENBURGER,38.2904,-85.7523,38.2927,-85.7555,"On April 27th, as a low pressure system moved east towards the Lower Ohio Valley, the system's warm front brought a line of convection east along the Ohio River and Interstate 64. This produced widespread wind damage with limited flash flooding throughout southern Indiana.",The roadway was flooded at the viaduct at the corner of Eastern Boulevard and Sodrel Drive.,CSV
202604,27,2025,202604,27,2125,212460,1329332,INDIANA,18,2026,April,Flash Flood,C,43,FLOYD,LMK,27-APR-26 20:25:00,EST-5,27-APR-26 21:25:00,0,0,0,0,0.00K,0.00K,Broadcast Media,,,Heavy Rain,,,,,,,,,1.83,SW,NEW ALBANY,1.77,SW,NEW ALBANY,38.2847,-85.8276,38.2852,-85.8265,"On April 27th, as a low pressure system moved east towards the Lower Ohio Valley, the system's warm front brought a line of convection east along the Ohio River and Interstate 64. This produced widespread wind damage with limited flash flooding throughout southern Indiana.",The on ramp from Spring Street to Interstate 64 West was closed due to flooding.,CSV
202604,27,2030,202604,27,2130,212460,1329333,INDIANA,18,2026,April,Flash Flood,C,117,ORANGE,LMK,27-APR-26 20:30:00,EST-5,27-APR-26 21:30:00,0,0,0,0,0.00K,0.00K,Broadcast Media,,,Heavy Rain,,,,,,,,,2.14,SSW,BRAXTON,2.03,SSW,BRAXTON,38.52,-86.51,38.5218,-86.5106,"On April 27th, as a low pressure system moved east towards the Lower Ohio Valley, the system's warm front brought a line of convection east along the Ohio River and Interstate 64. This produced widespread wind damage with limited flash flooding throughout southern Indiana.",County Road 240 South was closed due to high water at Log Creek.,CSV
202604,28,2000,202604,30,2359,212707,1331157,INDIANA,18,2026,April,Flood,C,125,PIKE,PAH,28-APR-26 20:00:00,EST-5,30-APR-26 23:59:00,0,0,0,0,0.00K,0.00K,River/Stream Gage,,,Heavy Rain,,,,,,,,,3,NNW,BOWMAN,5,NNW,UNION,38.5447,-87.3648,38.5303,-87.4635,"Torrential training showers and thunderstorms along the White River basin on the 27th, including a zone of 3-5 inches from Lawrenceville, IL (3.28) to Washington, IN (3.59) and Bedford, IN (4.83), resulted in river levels rising into minor flood at Petersburg and Hazleton by the end of the month, with minor flooding continuing into May. Impacts were limited to bottomland agricultural areas and oil wells, along with some rural roads.","Minor flooding began at the end of April along the White River near Petersburg. Impacts were mainly limited to low-lying agricultural lands and low oil fields, with portions of several county roads flooded. Flooding continued into May.",CSV
202604,29,1215,202604,30,2359,212707,1332144,INDIANA,18,2026,April,Flood,C,51,GIBSON,PAH,29-APR-26 12:15:00,CST-6,30-APR-26 23:59:00,0,0,0,0,0.00K,0.00K,River/Stream Gage,,,Heavy Rain,,,,,,,,,2,NE,HAZLETON,2,NNW,PATOKA,38.4965,-87.5057,38.4492,-87.6025,"Torrential training showers and thunderstorms along the White River basin on the 27th, including a zone of 3-5 inches from Lawrenceville, IL (3.28) to Washington, IN (3.59) and Bedford, IN (4.83), resulted in river levels rising into minor flood at Petersburg and Hazleton by the end of the month, with minor flooding continuing into May. Impacts were limited to bottomland agricultural areas and oil wells, along with some rural roads.","Minor flooding began at the end of April along the White River near Hazleton. Impacts were mainly limited to low-lying agricultural lands and low oil fields, with portions of a few low-lying roads flooded. Flooding continued into May.",CSV
202603,3,1938,202603,3,1938,210076,1316492,INDIANA,18,2026,March,Hail,C,63,HENDRICKS,IND,03-MAR-26 19:38:00,EST-5,03-MAR-26 19:38:00,0,0,0,0,,,Public,1.00,,,,,,,,,,,1.38,S,AVON,1.38,S,AVON,39.75,-86.4,39.75,-86.4,"On the evening of March 3, 2026, central Indiana experienced a wave of isolated severe weather fueled by record-breaking warmth and high humidity. The most significant severe report occurred in Hendricks County, where intense storms dropped 1 inch hail that was thick enough to completely cover road surfaces in areas like Avon. While the storms were scattered, they packed enough punch to create hazardous driving conditions and frequent cloud-to-ground lightning across the Interstate 74 corridor.||In addition to the hail, heavy rainfall led to localized flash flooding that caused significant disruptions in the southern suburbs. Near New Whiteland, rapid water accumulation forced the closure of several roads and led to a dangerous situation where a vehicle became stranded in floodwaters. This evening of activity was a precursor to a larger regional flooding event, as the 2 to 4 inches of rain saturated the ground and caused several local rivers to rise rapidly toward flood stage over the following 24 hours.",A large volume of hail which covered the roadways.,CSV
202603,3,2101,202603,3,2301,210076,1316494,INDIANA,18,2026,March,Flood,C,81,JOHNSON,IND,03-MAR-26 21:01:00,EST-5,03-MAR-26 23:01:00,0,0,0,0,25.00K,0.00K,Public,,,Heavy Rain,,,,,,,,,1.27,WSW,NEW WHITELAND,1.41,S,NEW WHITELAND,39.5414,-86.1211,39.5298,-86.0967,"On the evening of March 3, 2026, central Indiana experienced a wave of isolated severe weather fueled by record-breaking warmth and high humidity. The most significant severe report occurred in Hendricks County, where intense storms dropped 1 inch hail that was thick enough to completely cover road surfaces in areas like Avon. While the storms were scattered, they packed enough punch to create hazardous driving conditions and frequent cloud-to-ground lightning across the Interstate 74 corridor.||In addition to the hail, heavy rainfall led to localized flash flooding that caused significant disruptions in the southern suburbs. Near New Whiteland, rapid water accumulation forced the closure of several roads and led to a dangerous situation where a vehicle became stranded in floodwaters. This evening of activity was a precursor to a larger regional flooding event, as the 2 to 4 inches of rain saturated the ground and caused several local rivers to rise rapidly toward flood stage over the following 24 hours.",Standing water caused vehicles to become stranded on roads with at least one road closed by the high water.,CSV
202603,11,751,202603,11,751,210118,1323612,INDIANA,18,2026,March,Thunderstorm Wind,C,95,MADISON,IND,11-MAR-26 07:51:00,EST-5,11-MAR-26 07:51:00,0,0,0,0,5.00K,0.00K,Emergency Manager,54.00,EG,,,,,,,,,,.69,S,ANDERSON ACE ARPT,.69,S,ANDERSON ACE ARPT,40.04,-85.67,40.04,-85.67,"On the morning of March 11, 2026, an unseasonably warm and moist airmass with strong deep-layer shear produced a severe weather outbreak. A quasi-linear convective system (QLCS) pushed across central Indiana producing widespread damaging wind gusts with significant tree damage and some structural damage. There were also a few reports of flooded roads across portions of south-central Indiana.",Thunderstorm wind gusts downed many large tree limbs.,CSV
202603,11,746,202603,11,746,210118,1323613,INDIANA,18,2026,March,Thunderstorm Wind,C,95,MADISON,IND,11-MAR-26 07:46:00,EST-5,11-MAR-26 07:46:00,0,0,0,0,,0.00K,Trained Spotter,50.00,MG,,,,,,,,,,1.26,WSW,PROSPERITY,1.26,WSW,PROSPERITY,40.17,-85.69,40.17,-85.69,"On the morning of March 11, 2026, an unseasonably warm and moist airmass with strong deep-layer shear produced a severe weather outbreak. A quasi-linear convective system (QLCS) pushed across central Indiana producing widespread damaging wind gusts with significant tree damage and some structural damage. There were also a few reports of flooded roads across portions of south-central Indiana.",A 58 mph thunderstorm wind gust was measured by a trained spotter.,CSV
202603,11,755,202603,11,755,210118,1323614,INDIANA,18,2026,March,Thunderstorm Wind,C,35,DELAWARE,IND,11-MAR-26 07:55:00,EST-5,11-MAR-26 07:55:00,0,0,0,0,10.00K,0.00K,Amateur Radio,56.00,EG,,,,,,,,,,3.24,WNW,YORKTOWN,3.24,WNW,YORKTOWN,40.18,-85.56,40.18,-85.56,"On the morning of March 11, 2026, an unseasonably warm and moist airmass with strong deep-layer shear produced a severe weather outbreak. A quasi-linear convective system (QLCS) pushed across central Indiana producing widespread damaging wind gusts with significant tree damage and some structural damage. There were also a few reports of flooded roads across portions of south-central Indiana.",Scattered healthy pine trees approximately 2 ft in diameter were snapped by thunderstorm wind gusts.,CSV
202603,11,755,202603,11,755,210118,1323615,INDIANA,18,2026,March,Thunderstorm Wind,C,35,DELAWARE,IND,11-MAR-26 07:55:00,EST-5,11-MAR-26 07:55:00,0,0,0,0,25.00K,,Amateur Radio,52.00,EG,,,,,,,,,,.53,E,DALEVILLE,.53,E,DALEVILLE,40.12,-85.56,40.12,-85.56,"On the morning of March 11, 2026, an unseasonably warm and moist airmass with strong deep-layer shear produced a severe weather outbreak. A quasi-linear convective system (QLCS) pushed across central Indiana producing widespread damaging wind gusts with significant tree damage and some structural damage. There were also a few reports of flooded roads across portions of south-central Indiana.",Thunderstorm wind gusts caused tree damage and roof damage to a pole barn.,CSV
202603,11,758,202603,11,758,210118,1323616,INDIANA,18,2026,March,Thunderstorm Wind,C,35,DELAWARE,IND,11-MAR-26 07:58:00,EST-5,11-MAR-26 07:58:00,0,0,0,0,40.00K,,Emergency Manager,56.00,EG,,,,,,,,,,3.24,WNW,YORKTOWN,3.24,WNW,YORKTOWN,40.18,-85.56,40.18,-85.56,"On the morning of March 11, 2026, an unseasonably warm and moist airmass with strong deep-layer shear produced a severe weather outbreak. A quasi-linear convective system (QLCS) pushed across central Indiana producing widespread damaging wind gusts with significant tree damage and some structural damage. There were also a few reports of flooded roads across portions of south-central Indiana.",Thunderstorm wind gusts downed multiple trees and powerlines. A pole barn was also damaged.,CSV
202603,22,2120,202603,22,2120,210300,1322516,INDIANA,18,2026,March,Hail,C,101,MARTIN,IND,22-MAR-26 21:20:00,EST-5,22-MAR-26 21:20:00,0,0,0,0,,,Public,1.75,,,,,,,,,,,2.14,SSE,WHITFIELD,2.14,SSE,WHITFIELD,38.59,-86.91,38.59,-86.91,"On the evening of March 22, 2026, an upper-level disturbance and an associated cold front swept across Central Indiana, triggering a broad swath of severe thunderstorms. Convection first initiated in the northern portions of the IND CWA, with the first reports of quarter-sized hail occurring in Howard and Madison counties. As the evening progressed, these storms moved into an environment characterized by moderate instability and strong vertical wind shear, allowing cells to become highly organized. The activity eventually evolved into a mixture of discrete supercells and organized line segments that tracked southeastward through the Indianapolis metro area and into southern Indiana.||The primary hazards associated with this event were large hail and damaging straight-line winds. The most significant hail report occurred in Knox County near Bicknell, where stones up to 2.00 inches in diameter were observed. Widespread hail ranging from 1.25 to 1.75 inches was also reported across Randolph, Marion, Sullivan, Daviess, and Martin counties. As the storms transitioned into a more linear configuration, wind damage became more prevalent. A peak measured gust of 64 mph was recorded in Jackson County, while a 62 mph gust was measured in Monroe County.",,CSV
202603,22,2126,202603,22,2126,210300,1322689,INDIANA,18,2026,March,Thunderstorm Wind,C,13,BROWN,IND,22-MAR-26 21:26:00,EST-5,22-MAR-26 21:26:00,0,0,0,0,2.00K,0.00K,Public,50.00,EG,,,,,,,,,,.87,SE,CHRISTIANSBURG,.87,SE,CHRISTIANSBURG,39.07,-86.16,39.07,-86.16,"On the evening of March 22, 2026, an upper-level disturbance and an associated cold front swept across Central Indiana, triggering a broad swath of severe thunderstorms. Convection first initiated in the northern portions of the IND CWA, with the first reports of quarter-sized hail occurring in Howard and Madison counties. As the evening progressed, these storms moved into an environment characterized by moderate instability and strong vertical wind shear, allowing cells to become highly organized. The activity eventually evolved into a mixture of discrete supercells and organized line segments that tracked southeastward through the Indianapolis metro area and into southern Indiana.||The primary hazards associated with this event were large hail and damaging straight-line winds. The most significant hail report occurred in Knox County near Bicknell, where stones up to 2.00 inches in diameter were observed. Widespread hail ranging from 1.25 to 1.75 inches was also reported across Randolph, Marion, Sullivan, Daviess, and Martin counties. As the storms transitioned into a more linear configuration, wind damage became more prevalent. A peak measured gust of 64 mph was recorded in Jackson County, while a 62 mph gust was measured in Monroe County.",Several large tree limbs downed by thunderstorm wind gusts.,CSV
202603,15,2237,202603,15,2237,210083,1321949,INDIANA,18,2026,March,Thunderstorm Wind,C,57,HAMILTON,IND,15-MAR-26 22:37:00,EST-5,15-MAR-26 22:37:00,0,0,0,0,10.00K,0.00K,Fire Department/Rescue,54.00,EG,,,,,,,,,,2.81,N,DEMING,2.81,N,DEMING,40.16,-86.09,40.16,-86.09,"On the afternoon of March 15, 2026, a strong and deepening upper-level trough strengthened an already potent 990 mb surface low as it crossed the northwestern Midwest into the southern Great Lakes.  The resultant surface gradient over central Indiana produced non-thunderstorm wind gusts that caused tree, powerline, and/or power pole damage in 10 local counties. Some structural damage was also reported and a 59 mph non-thunderstorm gust was measured at the Shelbyville Airport ASOS.   ||A few hours later, during the 15th evening, a fast-moving quasi-linear convective system (QLCS) then swept across central Indiana ahead of a cold front, fueled by a potent 55-knot low-level jet and strong synoptic forcing. Despite modest instability, a high-shear environment allowed the line to maintain intensity as it tracked from Knox County at o Henry County. The Storm Prediction Center had placed the region under a Slight Risk, citing the potential for damaging straight-line winds. This was realized as a peak gust of 71 mph (62 knots) was measured in Marion County, while the Indianapolis International Airport (KIND) recorded a 58 mph gust.||The resulting damage was widespread, primarily affecting timber and utility infrastructure. A significant swath of downed trees and power lines stretched from Manilla to Arlington in Rush County. Structural impacts were also noted, including shingle damage in Madison County and a fence destroyed in Johnson County. Throughout the event, multiple state roads���including SR 32 and SR 45���were obstructed by fallen trees, and large pine trees up to 1.5 feet in diameter were snapped in Bartholomew County, reflecting the intensity of the straight-line winds.",Two utility poles were blown down by thunderstorm winds near East 256th Street and Carson road.,CSV
202604,27,2154,202604,27,2155,211277,1333633,INDIANA,18,2026,April,Tornado,C,109,MORGAN,IND,27-APR-26 21:54:00,EST-5,27-APR-26 21:55:00,0,0,0,0,20.00K,,NWS Storm Survey,,,,,EF0,0.84,50,,,,,.57,NNE,FIVE PTS,1.2,NE,FIVE PTS,39.588,-86.3173,39.5903,-86.3018,"On April 27, 2026, an upper-level shortwave trough and an associated deepening surface low-pressure system tracked across the Midwest. South of the low's path, a sufficiently unstable warm sector surged into central Indiana, characterized by rich boundary-layer moisture and strong low and deep layer wind shear. This setup supported multiple rounds of severe convection resulting in numerous damaging wind gusts or large hail reports. Three tornadoes also occurred between Jackson and Morgan Counties, along with flash flooding in Knox and Marion Counties.","This second tornado in northeastern Morgan County was an EF-0 that began as the first Morgan County tornado ended, at 2154 EST.  This EF-0 spin-up tracked for almost a mile to the east-northeast through the Five Points area, from 115 yards south-southwest of the intersection of North Kitchen Road and East Sping Lake Road, to the northern end of Ruth Lane.  Tracking nearly-parallel to, while slowly crossing, East Spring Lake Road, the tornado snapped or uprooted several large healthy hardwood and softwood trees, with ground spallter being found on several homes and barns.  Peak winds were 85 mph.",CSV
202604,27,2150,202604,27,2154,211277,1333634,INDIANA,18,2026,April,Tornado,C,109,MORGAN,IND,27-APR-26 21:50:00,EST-5,27-APR-26 21:54:00,0,0,0,0,50.00K,,NWS Storm Survey,,,,,EF1,2.73,150,,,,,1.15,NE,MOORESVILLE ARPT,1.31,N,FIVE PTS,39.5931,-86.3668,39.5988,-86.3163,"On April 27, 2026, an upper-level shortwave trough and an associated deepening surface low-pressure system tracked across the Midwest. South of the low's path, a sufficiently unstable warm sector surged into central Indiana, characterized by rich boundary-layer moisture and strong low and deep layer wind shear. This setup supported multiple rounds of severe convection resulting in numerous damaging wind gusts or large hail reports. Three tornadoes also occurred between Jackson and Morgan Counties, along with flash flooding in Knox and Marion Counties.","This second tornado of the episode, was the first tornado in northeastern Morgan County, an EF-1 which tracked to the east-northeast for almost three miles, from a neighborhood on the south-southeast side of Mooresville, to a point about 3 miles east-southeast of the center of the town.  Touching down in the White Lick Creek floodplain, the spin-up snapped or uprooted hardwood and softwood trees in the neighborhood west of Rooker Road from Wilson Drive to Daniel Street, as well as east of Indiana Route 144 when the tornado tracked along, and then to the north of Neitzel Road.  Peak winds were 105 mph.",CSV
202604,27,2159,202604,27,2159,211277,1334977,INDIANA,18,2026,April,Thunderstorm Wind,C,81,JOHNSON,IND,27-APR-26 21:59:00,EST-5,27-APR-26 21:59:00,0,0,0,0,1.00K,,Amateur Radio,50.00,EG,,,,,,,,,,1.38,N,KINDER,1.38,N,KINDER,39.57,-86.2,39.57,-86.2,"On April 27, 2026, an upper-level shortwave trough and an associated deepening surface low-pressure system tracked across the Midwest. South of the low's path, a sufficiently unstable warm sector surged into central Indiana, characterized by rich boundary-layer moisture and strong low and deep layer wind shear. This setup supported multiple rounds of severe convection resulting in numerous damaging wind gusts or large hail reports. Three tornadoes also occurred between Jackson and Morgan Counties, along with flash flooding in Knox and Marion Counties.",Thunderstorm wind gusts downed a three inch tree limb.,CSV
202604,27,2100,202604,27,2200,212460,1329369,INDIANA,18,2026,April,Flash Flood,C,77,JEFFERSON,LMK,27-APR-26 21:00:00,EST-5,27-APR-26 22:00:00,0,0,0,0,0.00K,0.00K,911 Call Center,,,Heavy Rain,,,,,,,,,.33,NNE,NORTH MADISON,.43,NNE,NORTH MADISON,38.7743,-85.3974,38.776,-85.3978,"On April 27th, as a low pressure system moved east towards the Lower Ohio Valley, the system's warm front brought a line of convection east along the Ohio River and Interstate 64. This produced widespread wind damage with limited flash flooding throughout southern Indiana.",Clifty Drive closed at Cragmont Street due to water over the road.,CSV
202604,27,2105,202604,27,2205,212460,1329370,INDIANA,18,2026,April,Flash Flood,C,117,ORANGE,LMK,27-APR-26 21:05:00,EST-5,27-APR-26 22:05:00,0,0,0,0,0.00K,0.00K,911 Call Center,,,Heavy Rain,,,,,,,,,1.35,ESE,FRENCH LICK,.71,WNW,FRENTRESSTOWN,38.54,-86.5984,38.5334,-86.6423,"On April 27th, as a low pressure system moved east towards the Lower Ohio Valley, the system's warm front brought a line of convection east along the Ohio River and Interstate 64. This produced widespread wind damage with limited flash flooding throughout southern Indiana.",There was a water rescue after a car ended up in a creek in French Lick.,CSV
202604,27,2110,202604,27,2210,212460,1329379,INDIANA,18,2026,April,Flash Flood,C,77,JEFFERSON,LMK,27-APR-26 21:10:00,EST-5,27-APR-26 22:10:00,0,0,0,0,0.00K,0.00K,Broadcast Media,,,Heavy Rain,,,,,,,,,.35,E,HANOVER,.18,SE,ANTIOCH GRANGE,38.7202,-85.4635,38.7279,-85.4681,"On April 27th, as a low pressure system moved east towards the Lower Ohio Valley, the system's warm front brought a line of convection east along the Ohio River and Interstate 64. This produced widespread wind damage with limited flash flooding throughout southern Indiana.",There were reports of flooding along State Road 56 between Hanover and Madison.,CSV
202604,27,2150,202604,27,2250,212460,1329380,INDIANA,18,2026,April,Flash Flood,C,143,SCOTT,LMK,27-APR-26 21:50:00,EST-5,27-APR-26 22:50:00,0,0,0,0,0.00K,0.00K,911 Call Center,,,Heavy Rain,,,,,,,,,.6,NW,SCOTTSBURG,.63,NW,SCOTTSBURG,38.6851,-85.7789,38.686,-85.7789,"On April 27th, as a low pressure system moved east towards the Lower Ohio Valley, the system's warm front brought a line of convection east along the Ohio River and Interstate 64. This produced widespread wind damage with limited flash flooding throughout southern Indiana.",There was high water at the intersection of State Road 56 and US 31.,CSV
202604,27,1315,202604,27,1315,212460,1329381,INDIANA,18,2026,April,Hail,C,37,DUBOIS,LMK,27-APR-26 13:15:00,EST-5,27-APR-26 13:15:00,0,0,0,0,0.00K,0.00K,Trained Spotter,1.75,,,,,,,,,,,.54,W,HOLLAND,.54,W,HOLLAND,38.25,-87.04,38.25,-87.04,"On April 27th, as a low pressure system moved east towards the Lower Ohio Valley, the system's warm front brought a line of convection east along the Ohio River and Interstate 64. This produced widespread wind damage with limited flash flooding throughout southern Indiana.",A couple of homes received hail damage.,CSV
202604,27,1834,202604,27,1834,212460,1329385,INDIANA,18,2026,April,Hail,C,117,ORANGE,LMK,27-APR-26 18:34:00,EST-5,27-APR-26 18:34:00,0,0,0,0,0.00K,0.00K,Trained Spotter,1.00,,,,,,,,,,,1.08,W,REGO,1.08,W,REGO,38.48,-86.34,38.48,-86.34,"On April 27th, as a low pressure system moved east towards the Lower Ohio Valley, the system's warm front brought a line of convection east along the Ohio River and Interstate 64. This produced widespread wind damage with limited flash flooding throughout southern Indiana.",,CSV
202604,27,1901,202604,27,1901,212460,1329388,INDIANA,18,2026,April,Hail,C,117,ORANGE,LMK,27-APR-26 19:01:00,EST-5,27-APR-26 19:01:00,0,0,0,0,0.00K,0.00K,Trained Spotter,1.50,,,,,,,,,,,.69,N,VALEENE,.69,N,VALEENE,38.44,-86.4,38.44,-86.4,"On April 27th, as a low pressure system moved east towards the Lower Ohio Valley, the system's warm front brought a line of convection east along the Ohio River and Interstate 64. This produced widespread wind damage with limited flash flooding throughout southern Indiana.",,CSV
202603,11,800,202603,11,800,210118,1323617,INDIANA,18,2026,March,Thunderstorm Wind,C,35,DELAWARE,IND,11-MAR-26 08:00:00,EST-5,11-MAR-26 08:00:00,0,0,0,0,,0.00K,Amateur Radio,50.00,MG,,,,,,,,,,0,N,WEST MUNCIE,0,N,WEST MUNCIE,40.17,-85.48,40.17,-85.48,"On the morning of March 11, 2026, an unseasonably warm and moist airmass with strong deep-layer shear produced a severe weather outbreak. A quasi-linear convective system (QLCS) pushed across central Indiana producing widespread damaging wind gusts with significant tree damage and some structural damage. There were also a few reports of flooded roads across portions of south-central Indiana.",A 58 mph thunderstorm wind gust was measured.,CSV
202603,11,805,202603,11,805,210118,1323681,INDIANA,18,2026,March,Thunderstorm Wind,C,81,JOHNSON,IND,11-MAR-26 08:05:00,EST-5,11-MAR-26 08:05:00,0,0,0,0,50.00K,0.00K,Public,52.00,EG,,,,,,,,,,2.54,ESE,AMITY,2.54,ESE,AMITY,39.41,-85.96,39.41,-85.96,"On the morning of March 11, 2026, an unseasonably warm and moist airmass with strong deep-layer shear produced a severe weather outbreak. A quasi-linear convective system (QLCS) pushed across central Indiana producing widespread damaging wind gusts with significant tree damage and some structural damage. There were also a few reports of flooded roads across portions of south-central Indiana.",Thunderstorm wind gusts flipped a semi-trailer truck on Interstate 65.,CSV
202603,11,827,202603,11,827,210118,1323682,INDIANA,18,2026,March,Thunderstorm Wind,C,139,RUSH,IND,11-MAR-26 08:27:00,EST-5,11-MAR-26 08:27:00,0,0,0,0,10.00K,0.00K,Emergency Manager,50.00,EG,,,,,,,,,,1.38,N,MOSCOW,1.38,N,MOSCOW,39.5,-85.55,39.5,-85.55,"On the morning of March 11, 2026, an unseasonably warm and moist airmass with strong deep-layer shear produced a severe weather outbreak. A quasi-linear convective system (QLCS) pushed across central Indiana producing widespread damaging wind gusts with significant tree damage and some structural damage. There were also a few reports of flooded roads across portions of south-central Indiana.",Thunderstorm wind gusts downed a power pole.,CSV
202603,11,836,202603,11,836,210118,1323683,INDIANA,18,2026,March,Thunderstorm Wind,C,139,RUSH,IND,11-MAR-26 08:36:00,EST-5,11-MAR-26 08:36:00,0,0,0,0,30.00K,0.00K,Emergency Manager,52.00,EG,,,,,,,,,,2.62,SW,MAUZY,2.62,SW,MAUZY,39.6,-85.36,39.6,-85.36,"On the morning of March 11, 2026, an unseasonably warm and moist airmass with strong deep-layer shear produced a severe weather outbreak. A quasi-linear convective system (QLCS) pushed across central Indiana producing widespread damaging wind gusts with significant tree damage and some structural damage. There were also a few reports of flooded roads across portions of south-central Indiana.",Thunderstorm wind gusts downed multiple trees and powerlines.,CSV
202603,11,842,202603,11,842,210118,1323684,INDIANA,18,2026,March,Thunderstorm Wind,C,135,RANDOLPH,IND,11-MAR-26 08:42:00,EST-5,11-MAR-26 08:42:00,0,0,0,0,150.00K,0.00K,Public,56.00,EG,,,,,,,,,,.53,W,UNION CITY,.53,W,UNION CITY,40.2,-84.83,40.2,-84.83,"On the morning of March 11, 2026, an unseasonably warm and moist airmass with strong deep-layer shear produced a severe weather outbreak. A quasi-linear convective system (QLCS) pushed across central Indiana producing widespread damaging wind gusts with significant tree damage and some structural damage. There were also a few reports of flooded roads across portions of south-central Indiana.",Thunderstorm wind gusts caused a covered bridge at Harter Park to collapse.,CSV
202603,22,2127,202603,22,2127,210300,1322691,INDIANA,18,2026,March,Thunderstorm Wind,C,71,JACKSON,IND,22-MAR-26 21:27:00,EST-5,22-MAR-26 21:27:00,0,0,0,0,,,Public,56.00,MG,,,,,,,,,,2.12,NE,HOUSTON,2.12,NE,HOUSTON,39.04,-86.15,39.04,-86.15,"On the evening of March 22, 2026, an upper-level disturbance and an associated cold front swept across Central Indiana, triggering a broad swath of severe thunderstorms. Convection first initiated in the northern portions of the IND CWA, with the first reports of quarter-sized hail occurring in Howard and Madison counties. As the evening progressed, these storms moved into an environment characterized by moderate instability and strong vertical wind shear, allowing cells to become highly organized. The activity eventually evolved into a mixture of discrete supercells and organized line segments that tracked southeastward through the Indianapolis metro area and into southern Indiana.||The primary hazards associated with this event were large hail and damaging straight-line winds. The most significant hail report occurred in Knox County near Bicknell, where stones up to 2.00 inches in diameter were observed. Widespread hail ranging from 1.25 to 1.75 inches was also reported across Randolph, Marion, Sullivan, Daviess, and Martin counties. As the storms transitioned into a more linear configuration, wind damage became more prevalent. A peak measured gust of 64 mph was recorded in Jackson County, while a 62 mph gust was measured in Monroe County.",A 64 mph thunderstorm wind gust was measured at this location.,CSV
202603,22,2122,202603,22,2122,210300,1322693,INDIANA,18,2026,March,Thunderstorm Wind,C,93,LAWRENCE,IND,22-MAR-26 21:22:00,EST-5,22-MAR-26 21:22:00,0,0,0,0,15.00K,0.00K,911 Call Center,50.00,EG,,,,,,,,,,.88,SW,BEDFORD,.88,SW,BEDFORD,38.86,-86.49,38.86,-86.49,"On the evening of March 22, 2026, an upper-level disturbance and an associated cold front swept across Central Indiana, triggering a broad swath of severe thunderstorms. Convection first initiated in the northern portions of the IND CWA, with the first reports of quarter-sized hail occurring in Howard and Madison counties. As the evening progressed, these storms moved into an environment characterized by moderate instability and strong vertical wind shear, allowing cells to become highly organized. The activity eventually evolved into a mixture of discrete supercells and organized line segments that tracked southeastward through the Indianapolis metro area and into southern Indiana.||The primary hazards associated with this event were large hail and damaging straight-line winds. The most significant hail report occurred in Knox County near Bicknell, where stones up to 2.00 inches in diameter were observed. Widespread hail ranging from 1.25 to 1.75 inches was also reported across Randolph, Marion, Sullivan, Daviess, and Martin counties. As the storms transitioned into a more linear configuration, wind damage became more prevalent. A peak measured gust of 64 mph was recorded in Jackson County, while a 62 mph gust was measured in Monroe County.",Thunderstorm wind gusts blew out a transformer and downed at least one power pole.,CSV
202603,15,2242,202603,15,2242,210083,1321950,INDIANA,18,2026,March,Thunderstorm Wind,C,95,MADISON,IND,15-MAR-26 22:42:00,EST-5,15-MAR-26 22:42:00,0,0,0,0,2.00K,0.00K,Emergency Manager,50.00,EG,,,,,,,,,,.87,NE,LAPEL,.87,NE,LAPEL,40.08,-85.84,40.08,-85.84,"On the afternoon of March 15, 2026, a strong and deepening upper-level trough strengthened an already potent 990 mb surface low as it crossed the northwestern Midwest into the southern Great Lakes.  The resultant surface gradient over central Indiana produced non-thunderstorm wind gusts that caused tree, powerline, and/or power pole damage in 10 local counties. Some structural damage was also reported and a 59 mph non-thunderstorm gust was measured at the Shelbyville Airport ASOS.   ||A few hours later, during the 15th evening, a fast-moving quasi-linear convective system (QLCS) then swept across central Indiana ahead of a cold front, fueled by a potent 55-knot low-level jet and strong synoptic forcing. Despite modest instability, a high-shear environment allowed the line to maintain intensity as it tracked from Knox County at o Henry County. The Storm Prediction Center had placed the region under a Slight Risk, citing the potential for damaging straight-line winds. This was realized as a peak gust of 71 mph (62 knots) was measured in Marion County, while the Indianapolis International Airport (KIND) recorded a 58 mph gust.||The resulting damage was widespread, primarily affecting timber and utility infrastructure. A significant swath of downed trees and power lines stretched from Manilla to Arlington in Rush County. Structural impacts were also noted, including shingle damage in Madison County and a fence destroyed in Johnson County. Throughout the event, multiple state roads���including SR 32 and SR 45���were obstructed by fallen trees, and large pine trees up to 1.5 feet in diameter were snapped in Bartholomew County, reflecting the intensity of the straight-line winds.",Tree downed by thunderstorm wind gusts across State Road 32.,CSV
202604,24,1514,202604,24,1514,211276,1333640,INDIANA,18,2026,April,Thunderstorm Wind,C,63,HENDRICKS,IND,24-APR-26 15:14:00,EST-5,24-APR-26 15:14:00,0,0,0,0,50.00K,0.00K,911 Call Center,56.00,EG,,,,,,,,,,.69,S,CENTER VLY,.69,S,CENTER VLY,39.62,-86.48,39.62,-86.48,"On April 24th's late day, a broad and deep stacked area of low pressure over northwestern North America, carried a trailing weak cold front and secondary disturbance across the western Midwest with a much weaker area of surface low pressure over the Lower Peninsula of Michigan.  This placed central Indiana in the warm sector of the secondary disturbance, where a brief overlap of up to 1200 J/kg of CAPE to the west, and moderately strong vertical wind shear to the east produced a single severe cell that crossed the Indianapolis Metro before rotating, east of the city to Henry County.",Semi truck blown over on Indiana Route 39 by thunderstorm winds.,CSV
202604,24,1537,202604,24,1537,211276,1333641,INDIANA,18,2026,April,Thunderstorm Wind,C,97,MARION,IND,24-APR-26 15:37:00,EST-5,24-APR-26 15:37:00,0,0,0,0,5.00K,0.00K,ASOS,51.00,MG,,,,,,,,,,.34,SSW,(IND)INDNPLS INTL AR,.34,SSW,(IND)INDNPLS INTL AR,39.7252,-86.2816,39.7252,-86.2816,"On April 24th's late day, a broad and deep stacked area of low pressure over northwestern North America, carried a trailing weak cold front and secondary disturbance across the western Midwest with a much weaker area of surface low pressure over the Lower Peninsula of Michigan.  This placed central Indiana in the warm sector of the secondary disturbance, where a brief overlap of up to 1200 J/kg of CAPE to the west, and moderately strong vertical wind shear to the east produced a single severe cell that crossed the Indianapolis Metro before rotating, east of the city to Henry County.","Thunderstorm wind gust measured at KIND Indianapolis Intl Airport;  less than a mle to the south-southeast, several small empty shipping containers were blown across Perimeter Road.",CSV
202604,24,1644,202604,24,1644,211276,1333642,INDIANA,18,2026,April,Thunderstorm Wind,C,65,HENRY,IND,24-APR-26 16:44:00,EST-5,24-APR-26 16:44:00,0,0,0,0,50.00K,0.00K,911 Call Center,56.00,EG,,,,,,,,,,0,N,KENNARD,0,N,KENNARD,39.9,-85.52,39.9,-85.52,"On April 24th's late day, a broad and deep stacked area of low pressure over northwestern North America, carried a trailing weak cold front and secondary disturbance across the western Midwest with a much weaker area of surface low pressure over the Lower Peninsula of Michigan.  This placed central Indiana in the warm sector of the secondary disturbance, where a brief overlap of up to 1200 J/kg of CAPE to the west, and moderately strong vertical wind shear to the east produced a single severe cell that crossed the Indianapolis Metro before rotating, east of the city to Henry County.","Multiple trees, power poles and lines downed in Henry County from thunderstorm winds, with this damage focused from Shirley to Kennard.",CSV
202604,27,1528,202604,27,1528,211277,1330649,INDIANA,18,2026,April,Hail,C,101,MARTIN,IND,27-APR-26 15:28:00,EST-5,27-APR-26 15:28:00,0,0,0,0,,,Public,1.00,,,,,,,,,,,.63,W,BRAMBLE,.63,W,BRAMBLE,38.7799,-86.9117,38.7799,-86.9117,"On April 27, 2026, an upper-level shortwave trough and an associated deepening surface low-pressure system tracked across the Midwest. South of the low's path, a sufficiently unstable warm sector surged into central Indiana, characterized by rich boundary-layer moisture and strong low and deep layer wind shear. This setup supported multiple rounds of severe convection resulting in numerous damaging wind gusts or large hail reports. Three tornadoes also occurred between Jackson and Morgan Counties, along with flash flooding in Knox and Marion Counties.",,CSV
202604,27,1605,202604,27,1605,212460,1329391,INDIANA,18,2026,April,Thunderstorm Wind,C,117,ORANGE,LMK,27-APR-26 16:05:00,EST-5,27-APR-26 16:05:00,0,0,0,0,0.00K,0.00K,911 Call Center,55.00,EG,,,,,,,,,,.88,SE,FRENCH LICK,.88,SE,FRENCH LICK,38.54,-86.61,38.54,-86.61,"On April 27th, as a low pressure system moved east towards the Lower Ohio Valley, the system's warm front brought a line of convection east along the Ohio River and Interstate 64. This produced widespread wind damage with limited flash flooding throughout southern Indiana.",There were multiple trees down just south of French Lick along State Road 145.,CSV
202604,27,1654,202604,27,1654,212460,1329392,INDIANA,18,2026,April,Thunderstorm Wind,C,77,JEFFERSON,LMK,27-APR-26 16:54:00,EST-5,27-APR-26 16:54:00,0,0,0,0,0.00K,0.00K,911 Call Center,53.00,EG,,,,,,,,,,1.38,S,CENTRAL,1.38,S,CENTRAL,38.7503,-85.3339,38.7503,-85.3339,"On April 27th, as a low pressure system moved east towards the Lower Ohio Valley, the system's warm front brought a line of convection east along the Ohio River and Interstate 64. This produced widespread wind damage with limited flash flooding throughout southern Indiana.",There were several trees and power lines down along Eagle Hollow Road.,CSV
202604,27,1731,202604,27,1731,212460,1329393,INDIANA,18,2026,April,Thunderstorm Wind,C,117,ORANGE,LMK,27-APR-26 17:31:00,EST-5,27-APR-26 17:31:00,0,0,0,0,0.00K,0.00K,911 Call Center,53.00,EG,,,,,,,,,,1.12,ESE,YOUNGS CREEK,1.12,ESE,YOUNGS CREEK,38.4759,-86.4801,38.4759,-86.4801,"On April 27th, as a low pressure system moved east towards the Lower Ohio Valley, the system's warm front brought a line of convection east along the Ohio River and Interstate 64. This produced widespread wind damage with limited flash flooding throughout southern Indiana.",There were multiple trees down in Greenfield Township near West County Road 560 South.,CSV
202604,27,1805,202604,27,1805,212460,1335736,INDIANA,18,2026,April,Thunderstorm Wind,C,43,FLOYD,LMK,27-APR-26 18:05:00,EST-5,27-APR-26 18:05:00,0,0,0,0,,0.00K,Fire Department/Rescue,53.00,EG,,,,,,,,,,2.13,N,FLOYDS KNOBS,2.13,N,FLOYDS KNOBS,38.3505,-85.8646,38.3505,-85.8646,"On April 27th, as a low pressure system moved east towards the Lower Ohio Valley, the system's warm front brought a line of convection east along the Ohio River and Interstate 64. This produced widespread wind damage with limited flash flooding throughout southern Indiana.",There were power lines and a tree down on St. Marys Road.,CSV
202604,27,1905,202604,27,1905,212460,1335748,INDIANA,18,2026,April,Thunderstorm Wind,C,43,FLOYD,LMK,27-APR-26 19:05:00,EST-5,27-APR-26 19:05:00,0,0,0,0,,0.00K,Emergency Manager,53.00,EG,,,,,,,,,,2.07,WSW,GREENVILLE,2.07,WSW,GREENVILLE,38.3672,-86.0146,38.3672,-86.0146,"On April 27th, as a low pressure system moved east towards the Lower Ohio Valley, the system's warm front brought a line of convection east along the Ohio River and Interstate 64. This produced widespread wind damage with limited flash flooding throughout southern Indiana.",A vehicle fell on a vehicle near Bradford Road and Kiesler Road.,CSV
202604,27,1820,202604,27,1820,212460,1335751,INDIANA,18,2026,April,Thunderstorm Wind,C,19,CLARK,LMK,27-APR-26 18:20:00,EST-5,27-APR-26 18:20:00,0,0,0,0,0.00K,0.00K,Trained Spotter,53.00,EG,,,,,,,,,,1.31,WSW,WATSON,1.31,WSW,WATSON,38.3434,-85.7227,38.3434,-85.7227,"On April 27th, as a low pressure system moved east towards the Lower Ohio Valley, the system's warm front brought a line of convection east along the Ohio River and Interstate 64. This produced widespread wind damage with limited flash flooding throughout southern Indiana.",A large tree fell along the 3500 block of Stenger Lane.,CSV
202604,27,1824,202604,27,1824,212460,1335753,INDIANA,18,2026,April,Thunderstorm Wind,C,19,CLARK,LMK,27-APR-26 18:24:00,EST-5,27-APR-26 18:24:00,0,0,0,0,0.00K,0.00K,Emergency Manager,53.00,EG,,,,,,,,,,1.23,NNE,BONNENBURGER,1.23,NNE,BONNENBURGER,38.2964,-85.7411,38.2964,-85.7411,"On April 27th, as a low pressure system moved east towards the Lower Ohio Valley, the system's warm front brought a line of convection east along the Ohio River and Interstate 64. This produced widespread wind damage with limited flash flooding throughout southern Indiana.",A tree fell on a home on the 300 block of Myrtle Street.,CSV
202603,11,843,202603,11,843,210118,1323685,INDIANA,18,2026,March,Thunderstorm Wind,C,135,RANDOLPH,IND,11-MAR-26 08:43:00,EST-5,11-MAR-26 08:43:00,0,0,0,0,120.00K,0.00K,Trained Spotter,56.00,EG,,,,,,,,,,0,N,UNION CITY,0,N,UNION CITY,40.2,-84.82,40.2,-84.82,"On the morning of March 11, 2026, an unseasonably warm and moist airmass with strong deep-layer shear produced a severe weather outbreak. A quasi-linear convective system (QLCS) pushed across central Indiana producing widespread damaging wind gusts with significant tree damage and some structural damage. There were also a few reports of flooded roads across portions of south-central Indiana.",Thunderstorm wind gusts caused damage to the roof and A/C unit of Union City Jr/Sr High School.,CSV
202603,11,1330,202603,11,1530,210118,1324290,INDIANA,18,2026,March,Flood,C,83,KNOX,IND,11-MAR-26 13:30:00,EST-5,11-MAR-26 15:30:00,0,0,0,0,5.00K,0.00K,Emergency Manager,,,Heavy Rain,,,,,,,,,.94,W,FREELANDVILLE,1.96,SW,FREELANDVILLE,38.8722,-87.3172,38.8475,-87.3222,"On the morning of March 11, 2026, an unseasonably warm and moist airmass with strong deep-layer shear produced a severe weather outbreak. A quasi-linear convective system (QLCS) pushed across central Indiana producing widespread damaging wind gusts with significant tree damage and some structural damage. There were also a few reports of flooded roads across portions of south-central Indiana.",High water report on State road 159 near Stoelting Road.,CSV
202603,11,1330,202603,11,1530,210118,1324291,INDIANA,18,2026,March,Flood,C,13,BROWN,IND,11-MAR-26 13:30:00,EST-5,11-MAR-26 15:30:00,0,0,0,0,10.00K,0.00K,Public,,,Heavy Rain,,,,,,,,,1.31,NE,BELMONT,1.05,ENE,BELMONT,39.1641,-86.3337,39.1581,-86.3334,"On the morning of March 11, 2026, an unseasonably warm and moist airmass with strong deep-layer shear produced a severe weather outbreak. A quasi-linear convective system (QLCS) pushed across central Indiana producing widespread damaging wind gusts with significant tree damage and some structural damage. There were also a few reports of flooded roads across portions of south-central Indiana.",Roadway flooding reported along Indiana Route 46 from Bloomington to Nashville. Creeks and drainage ditches were at capacity and some were overflowing.,CSV
202603,22,1852,202603,22,1852,210300,1322463,INDIANA,18,2026,March,Hail,C,67,HOWARD,IND,22-MAR-26 18:52:00,EST-5,22-MAR-26 18:52:00,0,0,0,0,,,Trained Spotter,1.00,,,,,,,,,,,1.38,N,(OKK)KOKOMO MUNI ARP,1.38,N,(OKK)KOKOMO MUNI ARP,40.55,-86.07,40.55,-86.07,"On the evening of March 22, 2026, an upper-level disturbance and an associated cold front swept across Central Indiana, triggering a broad swath of severe thunderstorms. Convection first initiated in the northern portions of the IND CWA, with the first reports of quarter-sized hail occurring in Howard and Madison counties. As the evening progressed, these storms moved into an environment characterized by moderate instability and strong vertical wind shear, allowing cells to become highly organized. The activity eventually evolved into a mixture of discrete supercells and organized line segments that tracked southeastward through the Indianapolis metro area and into southern Indiana.||The primary hazards associated with this event were large hail and damaging straight-line winds. The most significant hail report occurred in Knox County near Bicknell, where stones up to 2.00 inches in diameter were observed. Widespread hail ranging from 1.25 to 1.75 inches was also reported across Randolph, Marion, Sullivan, Daviess, and Martin counties. As the storms transitioned into a more linear configuration, wind damage became more prevalent. A peak measured gust of 64 mph was recorded in Jackson County, while a 62 mph gust was measured in Monroe County.",,CSV
202603,22,2148,202603,22,2148,210300,1322694,INDIANA,18,2026,March,Thunderstorm Wind,C,71,JACKSON,IND,22-MAR-26 21:48:00,EST-5,22-MAR-26 21:48:00,0,0,0,0,10.00K,0.00K,911 Call Center,50.00,EG,,,,,,,,,,1.28,ESE,SEYMOUR,1.28,ESE,SEYMOUR,38.96,-85.88,38.96,-85.88,"On the evening of March 22, 2026, an upper-level disturbance and an associated cold front swept across Central Indiana, triggering a broad swath of severe thunderstorms. Convection first initiated in the northern portions of the IND CWA, with the first reports of quarter-sized hail occurring in Howard and Madison counties. As the evening progressed, these storms moved into an environment characterized by moderate instability and strong vertical wind shear, allowing cells to become highly organized. The activity eventually evolved into a mixture of discrete supercells and organized line segments that tracked southeastward through the Indianapolis metro area and into southern Indiana.||The primary hazards associated with this event were large hail and damaging straight-line winds. The most significant hail report occurred in Knox County near Bicknell, where stones up to 2.00 inches in diameter were observed. Widespread hail ranging from 1.25 to 1.75 inches was also reported across Randolph, Marion, Sullivan, Daviess, and Martin counties. As the storms transitioned into a more linear configuration, wind damage became more prevalent. A peak measured gust of 64 mph was recorded in Jackson County, while a 62 mph gust was measured in Monroe County.",Multiple trees downed by thunderstorm wind gusts.,CSV
202603,22,2153,202603,22,2153,210300,1322696,INDIANA,18,2026,March,Thunderstorm Wind,C,71,JACKSON,IND,22-MAR-26 21:53:00,EST-5,22-MAR-26 21:53:00,0,0,0,0,10.00K,0.00K,911 Call Center,50.00,EG,,,,,,,,,,.88,NW,FLEMING,.88,NW,FLEMING,38.98,-85.83,38.98,-85.83,"On the evening of March 22, 2026, an upper-level disturbance and an associated cold front swept across Central Indiana, triggering a broad swath of severe thunderstorms. Convection first initiated in the northern portions of the IND CWA, with the first reports of quarter-sized hail occurring in Howard and Madison counties. As the evening progressed, these storms moved into an environment characterized by moderate instability and strong vertical wind shear, allowing cells to become highly organized. The activity eventually evolved into a mixture of discrete supercells and organized line segments that tracked southeastward through the Indianapolis metro area and into southern Indiana.||The primary hazards associated with this event were large hail and damaging straight-line winds. The most significant hail report occurred in Knox County near Bicknell, where stones up to 2.00 inches in diameter were observed. Widespread hail ranging from 1.25 to 1.75 inches was also reported across Randolph, Marion, Sullivan, Daviess, and Martin counties. As the storms transitioned into a more linear configuration, wind damage became more prevalent. A peak measured gust of 64 mph was recorded in Jackson County, while a 62 mph gust was measured in Monroe County.",Multiple trees downed by thunderstorm wind gusts.,CSV
202603,15,2242,202603,15,2242,210083,1321951,INDIANA,18,2026,March,Thunderstorm Wind,C,139,RUSH,IND,15-MAR-26 22:42:00,EST-5,15-MAR-26 22:42:00,0,0,0,0,150.00K,0.00K,Emergency Manager,60.00,EG,,,,,,,,,,.87,SW,MANILLA,.87,SW,MANILLA,39.57,-85.63,39.57,-85.63,"On the afternoon of March 15, 2026, a strong and deepening upper-level trough strengthened an already potent 990 mb surface low as it crossed the northwestern Midwest into the southern Great Lakes.  The resultant surface gradient over central Indiana produced non-thunderstorm wind gusts that caused tree, powerline, and/or power pole damage in 10 local counties. Some structural damage was also reported and a 59 mph non-thunderstorm gust was measured at the Shelbyville Airport ASOS.   ||A few hours later, during the 15th evening, a fast-moving quasi-linear convective system (QLCS) then swept across central Indiana ahead of a cold front, fueled by a potent 55-knot low-level jet and strong synoptic forcing. Despite modest instability, a high-shear environment allowed the line to maintain intensity as it tracked from Knox County at o Henry County. The Storm Prediction Center had placed the region under a Slight Risk, citing the potential for damaging straight-line winds. This was realized as a peak gust of 71 mph (62 knots) was measured in Marion County, while the Indianapolis International Airport (KIND) recorded a 58 mph gust.||The resulting damage was widespread, primarily affecting timber and utility infrastructure. A significant swath of downed trees and power lines stretched from Manilla to Arlington in Rush County. Structural impacts were also noted, including shingle damage in Madison County and a fence destroyed in Johnson County. Throughout the event, multiple state roads���including SR 32 and SR 45���were obstructed by fallen trees, and large pine trees up to 1.5 feet in diameter were snapped in Bartholomew County, reflecting the intensity of the straight-line winds.",Numerous trees and power lines downed across a swath stretching from Manilla to near Arlington.,CSV
202604,24,1540,202604,24,1540,211276,1333643,INDIANA,18,2026,April,Thunderstorm Wind,C,97,MARION,IND,24-APR-26 15:40:00,EST-5,24-APR-26 15:40:00,1,0,0,0,75.00K,0.00K,Emergency Manager,55.00,EG,,,,,,,,,,.87,SE,LYNHURST,.87,SE,LYNHURST,39.76,-86.24,39.76,-86.24,"On April 24th's late day, a broad and deep stacked area of low pressure over northwestern North America, carried a trailing weak cold front and secondary disturbance across the western Midwest with a much weaker area of surface low pressure over the Lower Peninsula of Michigan.  This placed central Indiana in the warm sector of the secondary disturbance, where a brief overlap of up to 1200 J/kg of CAPE to the west, and moderately strong vertical wind shear to the east produced a single severe cell that crossed the Indianapolis Metro before rotating, east of the city to Henry County.",Thunderstorm winds downed numerous trees with multiple trees on trailer homes in Garden City area along US Highway 36 and one person injured.,CSV
202604,24,1545,202604,24,1545,211276,1333644,INDIANA,18,2026,April,Thunderstorm Wind,C,97,MARION,IND,24-APR-26 15:45:00,EST-5,24-APR-26 15:45:00,0,0,0,0,100.00K,0.00K,Emergency Manager,55.00,EG,,,,,,,,,,1.48,NNE,INDIANAPOLIS,1.48,NNE,INDIANAPOLIS,39.8,-86.14,39.8,-86.14,"On April 24th's late day, a broad and deep stacked area of low pressure over northwestern North America, carried a trailing weak cold front and secondary disturbance across the western Midwest with a much weaker area of surface low pressure over the Lower Peninsula of Michigan.  This placed central Indiana in the warm sector of the secondary disturbance, where a brief overlap of up to 1200 J/kg of CAPE to the west, and moderately strong vertical wind shear to the east produced a single severe cell that crossed the Indianapolis Metro before rotating, east of the city to Henry County.","Thunderstorm winds produced scattered downed trees across the mainly northern portion of downtown Indianapolis, from the IU-Indianapolis campus and Military Park to east side of downtown and the near northside where trees fell onto multiple houses;  damage occurred as far northwest as Montcalm and 16th Streets.|||Trees reported on multiple houses near  northside of indianapolis.",CSV
202604,27,1940,202604,27,1940,211277,1330785,INDIANA,18,2026,April,Thunderstorm Wind,C,107,MONTGOMERY,IND,27-APR-26 19:40:00,EST-5,27-APR-26 19:40:00,0,0,0,0,30.00K,,State Official,52.00,EG,,,,,,,,,,3.45,S,NEW ROSS,3.45,S,NEW ROSS,39.92,-86.72,39.92,-86.72,"On April 27, 2026, an upper-level shortwave trough and an associated deepening surface low-pressure system tracked across the Midwest. South of the low's path, a sufficiently unstable warm sector surged into central Indiana, characterized by rich boundary-layer moisture and strong low and deep layer wind shear. This setup supported multiple rounds of severe convection resulting in numerous damaging wind gusts or large hail reports. Three tornadoes also occurred between Jackson and Morgan Counties, along with flash flooding in Knox and Marion Counties.",Thunderstorm wind gusts downed trees and powerlines.,CSV
202604,27,1827,202604,27,1827,212460,1335754,INDIANA,18,2026,April,Thunderstorm Wind,C,19,CLARK,LMK,27-APR-26 18:27:00,EST-5,27-APR-26 18:27:00,0,0,0,0,,0.00K,Emergency Manager,53.00,EG,,,,,,,,,,.47,N,UTICA,.47,N,UTICA,38.3368,-85.6504,38.3368,-85.6504,"On April 27th, as a low pressure system moved east towards the Lower Ohio Valley, the system's warm front brought a line of convection east along the Ohio River and Interstate 64. This produced widespread wind damage with limited flash flooding throughout southern Indiana.",A tree brought down power lines at the corner of Market Street and 2nd Street.,CSV
202604,27,1908,202604,27,1908,212460,1335755,INDIANA,18,2026,April,Thunderstorm Wind,C,19,CLARK,LMK,27-APR-26 19:08:00,EST-5,27-APR-26 19:08:00,0,0,0,0,0.00K,0.00K,Emergency Manager,53.00,EG,,,,,,,,,,1.51,WSW,WATSON,1.51,WSW,WATSON,38.3384,-85.7236,38.3384,-85.7236,"On April 27th, as a low pressure system moved east towards the Lower Ohio Valley, the system's warm front brought a line of convection east along the Ohio River and Interstate 64. This produced widespread wind damage with limited flash flooding throughout southern Indiana.",A tree fell across Hay Market Drive.,CSV
202604,27,1908,202604,27,1908,212460,1335757,INDIANA,18,2026,April,Thunderstorm Wind,C,19,CLARK,LMK,27-APR-26 19:08:00,EST-5,27-APR-26 19:08:00,0,0,0,0,,0.00K,Emergency Manager,53.00,EG,,,,,,,,,,1.01,E,CEMENTVILLE,1.01,E,CEMENTVILLE,38.3492,-85.7314,38.3492,-85.7314,"On April 27th, as a low pressure system moved east towards the Lower Ohio Valley, the system's warm front brought a line of convection east along the Ohio River and Interstate 64. This produced widespread wind damage with limited flash flooding throughout southern Indiana.",Power lines were down along Coopers Lane.,CSV
202604,27,1947,202604,27,1947,212460,1335759,INDIANA,18,2026,April,Thunderstorm Wind,C,175,WASHINGTON,LMK,27-APR-26 19:47:00,EST-5,27-APR-26 19:47:00,0,0,0,0,0.00K,0.00K,911 Call Center,53.00,EG,,,,,,,,,,.54,WNW,FREDDRICKSBURG,.54,WNW,FREDDRICKSBURG,38.4339,-86.1886,38.4339,-86.1886,"On April 27th, as a low pressure system moved east towards the Lower Ohio Valley, the system's warm front brought a line of convection east along the Ohio River and Interstate 64. This produced widespread wind damage with limited flash flooding throughout southern Indiana.",Trees fell down near East Washington Street.,CSV
202604,27,1907,202604,27,1907,212460,1335760,INDIANA,18,2026,April,Thunderstorm Wind,C,175,WASHINGTON,LMK,27-APR-26 19:07:00,EST-5,27-APR-26 19:07:00,0,0,0,0,0.00K,0.00K,911 Call Center,53.00,EG,,,,,,,,,,1.71,WNW,MARTINSBURG,1.71,WNW,MARTINSBURG,38.4611,-86.0582,38.4611,-86.0582,"On April 27th, as a low pressure system moved east towards the Lower Ohio Valley, the system's warm front brought a line of convection east along the Ohio River and Interstate 64. This produced widespread wind damage with limited flash flooding throughout southern Indiana.",There were multiple trees down near Dutch Creek Road.,CSV
202604,27,1947,202604,27,1947,212460,1335761,INDIANA,18,2026,April,Thunderstorm Wind,C,175,WASHINGTON,LMK,27-APR-26 19:47:00,EST-5,27-APR-26 19:47:00,0,0,0,0,0.00K,0.00K,911 Call Center,53.00,EG,,,,,,,,,,.91,WNW,FREDDRICKSBURG,.91,WNW,FREDDRICKSBURG,38.4361,-86.1949,38.4361,-86.1949,"On April 27th, as a low pressure system moved east towards the Lower Ohio Valley, the system's warm front brought a line of convection east along the Ohio River and Interstate 64. This produced widespread wind damage with limited flash flooding throughout southern Indiana.",Trees fell near Reunion Street.,CSV
202604,27,1838,202604,27,1838,212460,1335803,INDIANA,18,2026,April,Thunderstorm Wind,C,61,HARRISON,LMK,27-APR-26 18:38:00,EST-5,27-APR-26 18:38:00,0,0,0,0,0.00K,0.00K,Emergency Manager,53.00,EG,,,,,,,,,,2.82,WNW,DEPAUW,2.82,WNW,DEPAUW,38.3407,-86.2702,38.3407,-86.2702,"On April 27th, as a low pressure system moved east towards the Lower Ohio Valley, the system's warm front brought a line of convection east along the Ohio River and Interstate 64. This produced widespread wind damage with limited flash flooding throughout southern Indiana.",Two foot diameter trees were blown down near Milltown.,CSV
202603,4,2100,202603,4,2200,210077,1316497,INDIANA,18,2026,March,Flash Flood,C,79,JENNINGS,IND,04-MAR-26 21:00:00,EST-5,04-MAR-26 22:00:00,0,0,0,0,150.00K,0.00K,911 Call Center,,,Heavy Rain,,,,,,,,,2.19,NNW,ZENAS,1.53,N,ZENAS,39.1464,-85.4925,39.1421,-85.4708,"Between the evening of March 3 and the late hours of March 4, 2026, a significant hydrologic event unfolded across central Indiana as a stalled frontal boundary interacted with a highly anomalous moisture profile. Driven by a robust 50-knot low-level jet, precipitable water values surged to nearly 1.30 inches���well above the 90th percentile for early March. While the Storm Prediction Center initially identified a low-probability severe threat, the environment was dominated by deep-layer moisture transport and training convective elements, leading to widespread 48-hour rainfall totals of 4 to 6 inches.",Heavy rains washed out a bridge on County Road 1100 North at Wolf Creek.,CSV
202603,22,1935,202603,22,1935,210300,1322464,INDIANA,18,2026,March,Hail,C,95,MADISON,IND,22-MAR-26 19:35:00,EST-5,22-MAR-26 19:35:00,0,0,0,0,,,Public,1.00,,,,,,,,,,,1.05,W,SUMMITVILLE,1.05,W,SUMMITVILLE,40.33,-85.65,40.33,-85.65,"On the evening of March 22, 2026, an upper-level disturbance and an associated cold front swept across Central Indiana, triggering a broad swath of severe thunderstorms. Convection first initiated in the northern portions of the IND CWA, with the first reports of quarter-sized hail occurring in Howard and Madison counties. As the evening progressed, these storms moved into an environment characterized by moderate instability and strong vertical wind shear, allowing cells to become highly organized. The activity eventually evolved into a mixture of discrete supercells and organized line segments that tracked southeastward through the Indianapolis metro area and into southern Indiana.||The primary hazards associated with this event were large hail and damaging straight-line winds. The most significant hail report occurred in Knox County near Bicknell, where stones up to 2.00 inches in diameter were observed. Widespread hail ranging from 1.25 to 1.75 inches was also reported across Randolph, Marion, Sullivan, Daviess, and Martin counties. As the storms transitioned into a more linear configuration, wind damage became more prevalent. A peak measured gust of 64 mph was recorded in Jackson County, while a 62 mph gust was measured in Monroe County.",,CSV
202603,22,1953,202603,22,1953,210300,1322473,INDIANA,18,2026,March,Hail,C,35,DELAWARE,IND,22-MAR-26 19:53:00,EST-5,22-MAR-26 19:53:00,0,0,0,0,,,Trained Spotter,1.00,,,,,,,,,,,.53,W,DESOTO,.53,W,DESOTO,40.25,-85.29,40.25,-85.29,"On the evening of March 22, 2026, an upper-level disturbance and an associated cold front swept across Central Indiana, triggering a broad swath of severe thunderstorms. Convection first initiated in the northern portions of the IND CWA, with the first reports of quarter-sized hail occurring in Howard and Madison counties. As the evening progressed, these storms moved into an environment characterized by moderate instability and strong vertical wind shear, allowing cells to become highly organized. The activity eventually evolved into a mixture of discrete supercells and organized line segments that tracked southeastward through the Indianapolis metro area and into southern Indiana.||The primary hazards associated with this event were large hail and damaging straight-line winds. The most significant hail report occurred in Knox County near Bicknell, where stones up to 2.00 inches in diameter were observed. Widespread hail ranging from 1.25 to 1.75 inches was also reported across Randolph, Marion, Sullivan, Daviess, and Martin counties. As the storms transitioned into a more linear configuration, wind damage became more prevalent. A peak measured gust of 64 mph was recorded in Jackson County, while a 62 mph gust was measured in Monroe County.",,CSV
202603,26,1755,202603,26,1755,210509,1322450,INDIANA,18,2026,March,Thunderstorm Wind,C,23,CLINTON,IND,26-MAR-26 17:55:00,EST-5,26-MAR-26 17:55:00,0,0,0,0,,,AWOS,52.00,MG,,,,,,,,,,.53,E,CLINTON CO ARPT,.53,E,CLINTON CO ARPT,40.27,-86.56,40.27,-86.56,"On March 26, 2026, a potent cold front tracked across central Indiana, interacting with a warm and unstable airmass to trigger severe storms.  Severe thunderstorms developed rapidly, producing large hail and damaging wind gusts across northern central Indiana that downed trees and power lines, leading to over 1,700 power outages as residents dealt with the abrupt onset of hazardous weather.||Significant structural damage was observed, including a destroyed pole barn and a garage roof failure in Clinton County. While the environment supported supercellular rotation and prompted numerous tornado warnings, the only severe modes were straight-line damaging winds and large hail, with reports of 1.5-inch hail in Veedersburg. The convective activity gradually weakened as it progressed south of the I-70 corridor and encountered a more stable airmass, effectively concluding the active weather event for the region.",A 60 mph thunderstorm wind gust was measured at the KFKR AWOS.,CSV
202603,26,1756,202603,26,1756,210509,1322451,INDIANA,18,2026,March,Thunderstorm Wind,C,23,CLINTON,IND,26-MAR-26 17:56:00,EST-5,26-MAR-26 17:56:00,0,0,0,0,2.00K,0.00K,Public,50.00,EG,,,,,,,,,,.53,E,FRANKFORT,.53,E,FRANKFORT,40.28,-86.51,40.28,-86.51,"On March 26, 2026, a potent cold front tracked across central Indiana, interacting with a warm and unstable airmass to trigger severe storms.  Severe thunderstorms developed rapidly, producing large hail and damaging wind gusts across northern central Indiana that downed trees and power lines, leading to over 1,700 power outages as residents dealt with the abrupt onset of hazardous weather.||Significant structural damage was observed, including a destroyed pole barn and a garage roof failure in Clinton County. While the environment supported supercellular rotation and prompted numerous tornado warnings, the only severe modes were straight-line damaging winds and large hail, with reports of 1.5-inch hail in Veedersburg. The convective activity gradually weakened as it progressed south of the I-70 corridor and encountered a more stable airmass, effectively concluding the active weather event for the region.",A small tree was snapped by thunderstorm wind gusts near its base.,CSV
202603,26,1802,202603,26,1802,210509,1322453,INDIANA,18,2026,March,Thunderstorm Wind,C,23,CLINTON,IND,26-MAR-26 18:02:00,EST-5,26-MAR-26 18:02:00,0,0,0,0,250.00K,0.00K,Public,55.00,EG,,,,,,,,,,.87,NW,BOYLESTON,.87,NW,BOYLESTON,40.29,-86.39,40.29,-86.39,"On March 26, 2026, a potent cold front tracked across central Indiana, interacting with a warm and unstable airmass to trigger severe storms.  Severe thunderstorms developed rapidly, producing large hail and damaging wind gusts across northern central Indiana that downed trees and power lines, leading to over 1,700 power outages as residents dealt with the abrupt onset of hazardous weather.||Significant structural damage was observed, including a destroyed pole barn and a garage roof failure in Clinton County. While the environment supported supercellular rotation and prompted numerous tornado warnings, the only severe modes were straight-line damaging winds and large hail, with reports of 1.5-inch hail in Veedersburg. The convective activity gradually weakened as it progressed south of the I-70 corridor and encountered a more stable airmass, effectively concluding the active weather event for the region.","Numerous trees, limbs, and utility poles were blown down by thunderstorm winds across the county.",CSV
202603,15,2258,202603,15,2258,210083,1321952,INDIANA,18,2026,March,Thunderstorm Wind,C,95,MADISON,IND,15-MAR-26 22:58:00,EST-5,15-MAR-26 22:58:00,0,0,0,0,10.00K,0.00K,Public,52.00,EG,,,,,,,,,,1.38,N,ALEXANDRIA,1.38,N,ALEXANDRIA,40.29,-85.67,40.29,-85.67,"On the afternoon of March 15, 2026, a strong and deepening upper-level trough strengthened an already potent 990 mb surface low as it crossed the northwestern Midwest into the southern Great Lakes.  The resultant surface gradient over central Indiana produced non-thunderstorm wind gusts that caused tree, powerline, and/or power pole damage in 10 local counties. Some structural damage was also reported and a 59 mph non-thunderstorm gust was measured at the Shelbyville Airport ASOS.   ||A few hours later, during the 15th evening, a fast-moving quasi-linear convective system (QLCS) then swept across central Indiana ahead of a cold front, fueled by a potent 55-knot low-level jet and strong synoptic forcing. Despite modest instability, a high-shear environment allowed the line to maintain intensity as it tracked from Knox County at o Henry County. The Storm Prediction Center had placed the region under a Slight Risk, citing the potential for damaging straight-line winds. This was realized as a peak gust of 71 mph (62 knots) was measured in Marion County, while the Indianapolis International Airport (KIND) recorded a 58 mph gust.||The resulting damage was widespread, primarily affecting timber and utility infrastructure. A significant swath of downed trees and power lines stretched from Manilla to Arlington in Rush County. Structural impacts were also noted, including shingle damage in Madison County and a fence destroyed in Johnson County. Throughout the event, multiple state roads���including SR 32 and SR 45���were obstructed by fallen trees, and large pine trees up to 1.5 feet in diameter were snapped in Bartholomew County, reflecting the intensity of the straight-line winds.",Shingles blown off of a roof due to thunderstorm wind gusts. A tree was also downed nearby.,CSV
202604,27,2345,202604,28,15,211277,1334969,INDIANA,18,2026,April,Flash Flood,C,97,MARION,IND,27-APR-26 23:45:00,EST-5,28-APR-26 00:15:00,0,0,0,0,0.00K,0.00K,Public,,,Heavy Rain,,,,,,,,,.87,W,IND SHANK ARPT,.59,WSW,SPEEDWAY,39.8277,-86.2661,39.7783,-86.2609,"On April 27, 2026, an upper-level shortwave trough and an associated deepening surface low-pressure system tracked across the Midwest. South of the low's path, a sufficiently unstable warm sector surged into central Indiana, characterized by rich boundary-layer moisture and strong low and deep layer wind shear. This setup supported multiple rounds of severe convection resulting in numerous damaging wind gusts or large hail reports. Three tornadoes also occurred between Jackson and Morgan Counties, along with flash flooding in Knox and Marion Counties.",Underpass flooded due to heavy rainfall from thunderstorms.,CSV
202604,27,1652,202604,27,2052,211277,1334957,INDIANA,18,2026,April,Flash Flood,C,83,KNOX,IND,27-APR-26 16:52:00,EST-5,27-APR-26 20:52:00,0,0,0,0,0.00K,0.00K,Public,,,Heavy Rain,,,,,,,,,1.99,N,VINCENNES,.55,SW,VINCENNES,38.7086,-87.5157,38.6743,-87.527,"On April 27, 2026, an upper-level shortwave trough and an associated deepening surface low-pressure system tracked across the Midwest. South of the low's path, a sufficiently unstable warm sector surged into central Indiana, characterized by rich boundary-layer moisture and strong low and deep layer wind shear. This setup supported multiple rounds of severe convection resulting in numerous damaging wind gusts or large hail reports. Three tornadoes also occurred between Jackson and Morgan Counties, along with flash flooding in Knox and Marion Counties.",Several roads closed or flooded across the city of Vincennes.,CSV
202604,27,1849,202604,27,1849,212460,1335804,INDIANA,18,2026,April,Thunderstorm Wind,C,61,HARRISON,LMK,27-APR-26 18:49:00,EST-5,27-APR-26 18:49:00,0,0,0,0,0.00K,0.00K,911 Call Center,53.00,EG,,,,,,,,,,.35,NW,RAMSEY,.35,NW,RAMSEY,38.3234,-86.1548,38.3234,-86.1548,"On April 27th, as a low pressure system moved east towards the Lower Ohio Valley, the system's warm front brought a line of convection east along the Ohio River and Interstate 64. This produced widespread wind damage with limited flash flooding throughout southern Indiana.",Multiple trees were down across northern Harrison County.,CSV
202604,27,1825,202604,27,1825,212460,1335807,INDIANA,18,2026,April,Thunderstorm Wind,C,25,CRAWFORD,LMK,27-APR-26 18:25:00,EST-5,27-APR-26 18:25:00,0,0,0,0,0.00K,0.00K,Emergency Manager,53.00,EG,,,,,,,,,,1.24,WNW,ENGLISH,1.24,WNW,ENGLISH,38.3384,-86.4902,38.3384,-86.4902,"On April 27th, as a low pressure system moved east towards the Lower Ohio Valley, the system's warm front brought a line of convection east along the Ohio River and Interstate 64. This produced widespread wind damage with limited flash flooding throughout southern Indiana.","There were numerous trees down along State Road 64, west of English.",CSV
202604,27,2257,202604,27,2257,212460,1335809,INDIANA,18,2026,April,Thunderstorm Wind,C,37,DUBOIS,LMK,27-APR-26 22:57:00,EST-5,27-APR-26 22:57:00,0,0,0,0,0.00K,0.00K,911 Call Center,53.00,EG,,,,,,,,,,1.48,SW,KELLERVILLE,1.48,SW,KELLERVILLE,38.4647,-86.8492,38.4647,-86.8492,"On April 27th, as a low pressure system moved east towards the Lower Ohio Valley, the system's warm front brought a line of convection east along the Ohio River and Interstate 64. This produced widespread wind damage with limited flash flooding throughout southern Indiana.",A tree was blocking both lanes of North 300 East Road.,CSV
202604,27,2257,202604,27,2257,212460,1335810,INDIANA,18,2026,April,Thunderstorm Wind,C,37,DUBOIS,LMK,27-APR-26 22:57:00,EST-5,27-APR-26 22:57:00,0,0,0,0,0.00K,0.00K,911 Call Center,53.00,EG,,,,,,,,,,1.54,WSW,THALES,1.54,WSW,THALES,38.5124,-86.8268,38.5124,-86.8268,"On April 27th, as a low pressure system moved east towards the Lower Ohio Valley, the system's warm front brought a line of convection east along the Ohio River and Interstate 64. This produced widespread wind damage with limited flash flooding throughout southern Indiana.",There was a tree down on the 8900 block of North 400 East Road.,CSV
202604,27,2258,202604,27,2258,212460,1335811,INDIANA,18,2026,April,Thunderstorm Wind,C,37,DUBOIS,LMK,27-APR-26 22:58:00,EST-5,27-APR-26 22:58:00,0,0,0,0,0.00K,0.00K,911 Call Center,53.00,EG,,,,,,,,,,2.38,S,IRELAND,2.38,S,IRELAND,38.3856,-87.0029,38.3856,-87.0029,"On April 27th, as a low pressure system moved east towards the Lower Ohio Valley, the system's warm front brought a line of convection east along the Ohio River and Interstate 64. This produced widespread wind damage with limited flash flooding throughout southern Indiana.",A tree was down blocking one lane of West Stewart Road.,CSV
202604,27,1838,202604,27,1838,212460,1335828,INDIANA,18,2026,April,Thunderstorm Wind,C,25,CRAWFORD,LMK,27-APR-26 18:38:00,EST-5,27-APR-26 18:38:00,0,0,0,0,0.00K,0.00K,Emergency Manager,53.00,EG,,,,,,,,,,1.54,E,HOGTOWN,1.54,E,HOGTOWN,38.3719,-86.2917,38.3719,-86.2917,"On April 27th, as a low pressure system moved east towards the Lower Ohio Valley, the system's warm front brought a line of convection east along the Ohio River and Interstate 64. This produced widespread wind damage with limited flash flooding throughout southern Indiana.","There was tree damage along Liberty View Road, north of Milltown.",CSV
202604,25,0,202604,25,600,212713,1331137,INDIANA,18,2026,April,Dense Fog,Z,82,PIKE,PAH,25-APR-26 00:00:00,CST-6,25-APR-26 06:00:00,0,0,0,0,0.00K,0.00K,AWOS,,,,,,,,,,,,,,,,,,,,,,"Calm winds and clearing skies behind a cold frontal passage resulted in dense fog formation in portions of Southwestern Indiana overnight into the early morning of the 25th. Fog duration was longest in areas to the east, closer to Huntingburg, IN and Tell City, KY.",,CSV
202604,2,1100,202604,2,1700,212514,1332888,INDIANA,18,2026,April,Strong Wind,Z,86,VANDERBURGH,PAH,02-APR-26 11:00:00,CST-6,02-APR-26 17:00:00,0,0,0,0,1.00K,0.00K,ASOS,41.00,MG,,,,,,,,,,,,,,,,,,,,"With low pressure strengthening and tracking northeastward towards Chicago, the Quad State region experienced breezy southerly to southeasterly winds throughout the daytime hours. Spotty wind gusts to 40+mph were observed in Southwest Indiana, with the strongest gust measured 47mph at the Evansville Regional Airport's ASOS site. Showers and a few thunderstorms moved eastward across Southwest Indiana during the early evening hours.",,CSV
202603,10,1843,202603,10,1906,210342,1318817,INDIANA,18,2026,March,Tornado,C,73,JASPER,LOT,10-MAR-26 18:43:00,CST-6,10-MAR-26 19:06:00,3,0,0,0,0.00K,0.00K,NWS Storm Survey,,,,,EF1,10.46,900,,,,,1.58,NE,KNIMAN,2.02,ESE,DUNNS BRIDGE,41.1559,-87.1182,41.2106,-86.9333,"A powerful supercell thunderstorm tracked an EF-3 tornado across northern Newton and northwestern Jasper counties and another EF-1 tornado through northern Jasper County during the evening of March 10th. The EF-3 destroyed a number of homes and caused significant damage to many other homes, businesses, and infrastructure, especially in the town of Lake Village where two fatalities occurred as a result of the storm. Additional severe thunderstorms later in the evening brought one inch hail to northern Lake and Porter counties.","An EF-1 tornado with estimated peak winds of 110 mph tracked across northern Jasper County south of Stoutsburg, Wheatfield, and Dunns Bridge. This tornado began about 2 miles south of Stoutsburg along CR W 1000 N, where there was damage noted to a solar panel field and power poles. The tornado moved east-northeast, causing damage to a farmstead on CR N 200 W. The most significant damage from this tornado was noted just south of Wheatfield on the 0-100 block of CR W 1100 N and on the 1100 block of State Route 49, where numerous homes sustained considerable damage and numerous trees and power poles were downed. The tornado continued to damage solar panel fields, trees, power poles, and farmsteads as it moved toward the Starke County line, passing through the unincorporated community of Tefft. The tornado dissipated before reaching Starke County on the 500 block of CR E 1350 N. Three minor injuries were reported with the tornado.",CSV
202603,15,2130,202603,15,2130,212056,1326947,INDIANA,18,2026,March,Thunderstorm Wind,C,37,DUBOIS,LMK,15-MAR-26 21:30:00,EST-5,15-MAR-26 21:30:00,0,0,0,0,,0.00K,Fire Department/Rescue,53.00,EG,,,,,,,,,,1.73,SSW,HUNTINGBURG,1.73,SSW,HUNTINGBURG,38.2761,-86.9594,38.2761,-86.9594,"During the late evening and overnight hours March 15th into March 16th, a strong upper level trough and associated cold front moved across the Ohio Valley. Ahead of the cold front, temperatures were in the 70s with dew point temperatures in the upper 50s and low 60s. This corridor of modest low-level destabilization contained between 250 and 500 J/kg of MLCAPE which was oriented immediately ahead of the surface front and the main line of showers and thunderstorms. With a corridor of 80 knot mid-level winds approaching from the west, effective bulk shear was between 40 and 50 knots for this event, creating a typical high-shear, low-CAPE setup for central Kentucky and southern Indiana. Given that the primary forcing mechanism was lifting along the cold front, convection evolved into a quasi-linear convective system that moved across southern Indiana during the late evening hours on March 15th into the early morning hours on March 16th. The main observed severe hazard was wind damage from straight-line winds, with scattered damage to trees and power lines being observed across southern Indiana. Brief mesovortices developed within the line of storms, prompting a tornado warning; however, no tornadoes were observed in southern Indiana during this event. The line of storms pushed east of the area by around 2 AM on March 16th, with much cooler air rushing into the area behind the cold front.",There was a power pole and tree down and on fire on the 1100 block of Ridgewood Drive.,CSV
202603,22,1950,202603,22,1950,210300,1322479,INDIANA,18,2026,March,Hail,C,121,PARKE,IND,22-MAR-26 19:50:00,EST-5,22-MAR-26 19:50:00,0,0,0,0,,,Public,1.00,,,,,,,,,,,1.48,SSE,BLOOMINGDALE,1.48,SSE,BLOOMINGDALE,39.81,-87.24,39.81,-87.24,"On the evening of March 22, 2026, an upper-level disturbance and an associated cold front swept across Central Indiana, triggering a broad swath of severe thunderstorms. Convection first initiated in the northern portions of the IND CWA, with the first reports of quarter-sized hail occurring in Howard and Madison counties. As the evening progressed, these storms moved into an environment characterized by moderate instability and strong vertical wind shear, allowing cells to become highly organized. The activity eventually evolved into a mixture of discrete supercells and organized line segments that tracked southeastward through the Indianapolis metro area and into southern Indiana.||The primary hazards associated with this event were large hail and damaging straight-line winds. The most significant hail report occurred in Knox County near Bicknell, where stones up to 2.00 inches in diameter were observed. Widespread hail ranging from 1.25 to 1.75 inches was also reported across Randolph, Marion, Sullivan, Daviess, and Martin counties. As the storms transitioned into a more linear configuration, wind damage became more prevalent. A peak measured gust of 64 mph was recorded in Jackson County, while a 62 mph gust was measured in Monroe County.",,CSV
202603,22,1954,202603,22,1954,210300,1322483,INDIANA,18,2026,March,Hail,C,135,RANDOLPH,IND,22-MAR-26 19:54:00,EST-5,22-MAR-26 19:54:00,0,0,0,0,,,Trained Spotter,1.25,,,,,,,,,,,2.11,W,FAIRVIEW,2.11,W,FAIRVIEW,40.3,-85.22,40.3,-85.22,"On the evening of March 22, 2026, an upper-level disturbance and an associated cold front swept across Central Indiana, triggering a broad swath of severe thunderstorms. Convection first initiated in the northern portions of the IND CWA, with the first reports of quarter-sized hail occurring in Howard and Madison counties. As the evening progressed, these storms moved into an environment characterized by moderate instability and strong vertical wind shear, allowing cells to become highly organized. The activity eventually evolved into a mixture of discrete supercells and organized line segments that tracked southeastward through the Indianapolis metro area and into southern Indiana.||The primary hazards associated with this event were large hail and damaging straight-line winds. The most significant hail report occurred in Knox County near Bicknell, where stones up to 2.00 inches in diameter were observed. Widespread hail ranging from 1.25 to 1.75 inches was also reported across Randolph, Marion, Sullivan, Daviess, and Martin counties. As the storms transitioned into a more linear configuration, wind damage became more prevalent. A peak measured gust of 64 mph was recorded in Jackson County, while a 62 mph gust was measured in Monroe County.",,CSV
202603,26,1812,202603,26,1812,210509,1322454,INDIANA,18,2026,March,Hail,C,107,MONTGOMERY,IND,26-MAR-26 18:12:00,EST-5,26-MAR-26 18:12:00,0,0,0,0,0.00K,,Amateur Radio,0.88,,,,,,,,,,,.69,N,LINDEN,.69,N,LINDEN,40.19,-86.9,40.19,-86.9,"On March 26, 2026, a potent cold front tracked across central Indiana, interacting with a warm and unstable airmass to trigger severe storms.  Severe thunderstorms developed rapidly, producing large hail and damaging wind gusts across northern central Indiana that downed trees and power lines, leading to over 1,700 power outages as residents dealt with the abrupt onset of hazardous weather.||Significant structural damage was observed, including a destroyed pole barn and a garage roof failure in Clinton County. While the environment supported supercellular rotation and prompted numerous tornado warnings, the only severe modes were straight-line damaging winds and large hail, with reports of 1.5-inch hail in Veedersburg. The convective activity gradually weakened as it progressed south of the I-70 corridor and encountered a more stable airmass, effectively concluding the active weather event for the region.",,CSV
202603,26,1813,202603,26,1813,210509,1322456,INDIANA,18,2026,March,Thunderstorm Wind,C,159,TIPTON,IND,26-MAR-26 18:13:00,EST-5,26-MAR-26 18:13:00,0,0,0,0,150.00K,0.00K,Fire Department/Rescue,55.00,EG,,,,,,,,,,1.05,E,GOLDSMITH,1.05,E,GOLDSMITH,40.28,-86.13,40.28,-86.13,"On March 26, 2026, a potent cold front tracked across central Indiana, interacting with a warm and unstable airmass to trigger severe storms.  Severe thunderstorms developed rapidly, producing large hail and damaging wind gusts across northern central Indiana that downed trees and power lines, leading to over 1,700 power outages as residents dealt with the abrupt onset of hazardous weather.||Significant structural damage was observed, including a destroyed pole barn and a garage roof failure in Clinton County. While the environment supported supercellular rotation and prompted numerous tornado warnings, the only severe modes were straight-line damaging winds and large hail, with reports of 1.5-inch hail in Veedersburg. The convective activity gradually weakened as it progressed south of the I-70 corridor and encountered a more stable airmass, effectively concluding the active weather event for the region.",A pole barn and trees were damaged by thunderstorm wind gusts. Nearby a garage roof was blown off and a fence was blown down. Numerous pictures showed visibility greatly reduced by dust from the strong winds.,CSV
202603,15,2306,202603,15,2306,210083,1321953,INDIANA,18,2026,March,Thunderstorm Wind,C,65,HENRY,IND,15-MAR-26 23:06:00,EST-5,15-MAR-26 23:06:00,0,0,0,0,2.00K,0.00K,Amateur Radio,50.00,EG,,,,,,,,,,1.27,WNW,STRAUGHN,1.27,WNW,STRAUGHN,39.83,-85.32,39.83,-85.32,"On the afternoon of March 15, 2026, a strong and deepening upper-level trough strengthened an already potent 990 mb surface low as it crossed the northwestern Midwest into the southern Great Lakes.  The resultant surface gradient over central Indiana produced non-thunderstorm wind gusts that caused tree, powerline, and/or power pole damage in 10 local counties. Some structural damage was also reported and a 59 mph non-thunderstorm gust was measured at the Shelbyville Airport ASOS.   ||A few hours later, during the 15th evening, a fast-moving quasi-linear convective system (QLCS) then swept across central Indiana ahead of a cold front, fueled by a potent 55-knot low-level jet and strong synoptic forcing. Despite modest instability, a high-shear environment allowed the line to maintain intensity as it tracked from Knox County at o Henry County. The Storm Prediction Center had placed the region under a Slight Risk, citing the potential for damaging straight-line winds. This was realized as a peak gust of 71 mph (62 knots) was measured in Marion County, while the Indianapolis International Airport (KIND) recorded a 58 mph gust.||The resulting damage was widespread, primarily affecting timber and utility infrastructure. A significant swath of downed trees and power lines stretched from Manilla to Arlington in Rush County. Structural impacts were also noted, including shingle damage in Madison County and a fence destroyed in Johnson County. Throughout the event, multiple state roads���including SR 32 and SR 45���were obstructed by fallen trees, and large pine trees up to 1.5 feet in diameter were snapped in Bartholomew County, reflecting the intensity of the straight-line winds.",A tree was downed by thunderstorm wind gusts.,CSV
202604,27,1310,202604,27,1310,211277,1330635,INDIANA,18,2026,April,Hail,C,27,DAVIESS,IND,27-APR-26 13:10:00,EST-5,27-APR-26 13:10:00,0,0,0,0,,,Public,1.00,,,,,,,,,,,.69,S,WASHINGTON,.69,S,WASHINGTON,38.66,-87.17,38.66,-87.17,"On April 27, 2026, an upper-level shortwave trough and an associated deepening surface low-pressure system tracked across the Midwest. South of the low's path, a sufficiently unstable warm sector surged into central Indiana, characterized by rich boundary-layer moisture and strong low and deep layer wind shear. This setup supported multiple rounds of severe convection resulting in numerous damaging wind gusts or large hail reports. Three tornadoes also occurred between Jackson and Morgan Counties, along with flash flooding in Knox and Marion Counties.",,CSV
202604,27,1328,202604,27,1328,211277,1330636,INDIANA,18,2026,April,Hail,C,27,DAVIESS,IND,27-APR-26 13:28:00,EST-5,27-APR-26 13:28:00,0,0,0,0,,,Public,1.00,,,,,,,,,,,.69,N,ELNORA,.69,N,ELNORA,38.88,-87.08,38.88,-87.08,"On April 27, 2026, an upper-level shortwave trough and an associated deepening surface low-pressure system tracked across the Midwest. South of the low's path, a sufficiently unstable warm sector surged into central Indiana, characterized by rich boundary-layer moisture and strong low and deep layer wind shear. This setup supported multiple rounds of severe convection resulting in numerous damaging wind gusts or large hail reports. Three tornadoes also occurred between Jackson and Morgan Counties, along with flash flooding in Knox and Marion Counties.",,CSV
202604,27,1344,202604,27,1344,211277,1330637,INDIANA,18,2026,April,Thunderstorm Wind,C,153,SULLIVAN,IND,27-APR-26 13:44:00,EST-5,27-APR-26 13:44:00,0,0,0,0,4.00K,,Public,50.00,EG,,,,,,,,,,0,N,SHELBURN,0,N,SHELBURN,39.18,-87.4,39.18,-87.4,"On April 27, 2026, an upper-level shortwave trough and an associated deepening surface low-pressure system tracked across the Midwest. South of the low's path, a sufficiently unstable warm sector surged into central Indiana, characterized by rich boundary-layer moisture and strong low and deep layer wind shear. This setup supported multiple rounds of severe convection resulting in numerous damaging wind gusts or large hail reports. Three tornadoes also occurred between Jackson and Morgan Counties, along with flash flooding in Knox and Marion Counties.",Several large tree limbs downed by thunderstorm wind gusts.,CSV
202604,25,0,202604,25,600,212713,1331138,INDIANA,18,2026,April,Dense Fog,Z,88,SPENCER,PAH,25-APR-26 00:00:00,CST-6,25-APR-26 06:00:00,0,0,0,0,0.00K,0.00K,AWOS,,,,,,,,,,,,,,,,,,,,,,"Calm winds and clearing skies behind a cold frontal passage resulted in dense fog formation in portions of Southwestern Indiana overnight into the early morning of the 25th. Fog duration was longest in areas to the east, closer to Huntingburg, IN and Tell City, KY.",,CSV
202604,25,100,202604,25,600,212713,1331139,INDIANA,18,2026,April,Dense Fog,Z,87,WARRICK,PAH,25-APR-26 01:00:00,CST-6,25-APR-26 06:00:00,0,0,0,0,0.00K,0.00K,AWOS,,,,,,,,,,,,,,,,,,,,,,"Calm winds and clearing skies behind a cold frontal passage resulted in dense fog formation in portions of Southwestern Indiana overnight into the early morning of the 25th. Fog duration was longest in areas to the east, closer to Huntingburg, IN and Tell City, KY.",,CSV
202604,25,230,202604,25,330,212713,1331140,INDIANA,18,2026,April,Dense Fog,Z,86,VANDERBURGH,PAH,25-APR-26 02:30:00,CST-6,25-APR-26 03:30:00,0,0,0,0,0.00K,0.00K,ASOS,,,,,,,,,,,,,,,,,,,,,,"Calm winds and clearing skies behind a cold frontal passage resulted in dense fog formation in portions of Southwestern Indiana overnight into the early morning of the 25th. Fog duration was longest in areas to the east, closer to Huntingburg, IN and Tell City, KY.",,CSV
202604,2,1200,202604,2,1700,212514,1332889,INDIANA,18,2026,April,Strong Wind,Z,85,POSEY,PAH,02-APR-26 12:00:00,CST-6,02-APR-26 17:00:00,0,0,0,0,1.00K,0.00K,AWOS,36.00,EG,,,,,,,,,,,,,,,,,,,,"With low pressure strengthening and tracking northeastward towards Chicago, the Quad State region experienced breezy southerly to southeasterly winds throughout the daytime hours. Spotty wind gusts to 40+mph were observed in Southwest Indiana, with the strongest gust measured 47mph at the Evansville Regional Airport's ASOS site. Showers and a few thunderstorms moved eastward across Southwest Indiana during the early evening hours.",,CSV
202603,16,330,202603,17,100,210922,1317572,INDIANA,18,2026,March,Winter Weather,Z,1,LAKE,LOT,16-MAR-26 03:30:00,CST-6,17-MAR-26 01:00:00,0,0,0,0,0.00K,0.00K,Trained Spotter,,,,,,,,,,,,,,,,,,,,,,Scattered snow showers moved across northwest Indiana beginning in the early morning of March 16th and continuing through the early morning of March 17th.  Snowfall amounts were generally 1 to 3 inches.  Strong winds caused significant blowing and drifting snow with near white out conditions at times in open and rural areas.,,CSV
202603,16,430,202603,17,100,210922,1317573,INDIANA,18,2026,March,Winter Weather,Z,2,PORTER,LOT,16-MAR-26 04:30:00,CST-6,17-MAR-26 01:00:00,0,0,0,0,0.00K,0.00K,Trained Spotter,,,,,,,,,,,,,,,,,,,,,,Scattered snow showers moved across northwest Indiana beginning in the early morning of March 16th and continuing through the early morning of March 17th.  Snowfall amounts were generally 1 to 3 inches.  Strong winds caused significant blowing and drifting snow with near white out conditions at times in open and rural areas.,,CSV
202603,16,600,202603,16,2000,210922,1317574,INDIANA,18,2026,March,Winter Weather,Z,10,NEWTON,LOT,16-MAR-26 06:00:00,CST-6,16-MAR-26 20:00:00,0,0,0,0,0.00K,0.00K,Trained Spotter,,,,,,,,,,,,,,,,,,,,,,Scattered snow showers moved across northwest Indiana beginning in the early morning of March 16th and continuing through the early morning of March 17th.  Snowfall amounts were generally 1 to 3 inches.  Strong winds caused significant blowing and drifting snow with near white out conditions at times in open and rural areas.,,CSV
202603,16,600,202603,16,2000,210922,1317575,INDIANA,18,2026,March,Winter Weather,Z,11,JASPER,LOT,16-MAR-26 06:00:00,CST-6,16-MAR-26 20:00:00,0,0,0,0,0.00K,0.00K,Trained Spotter,,,,,,,,,,,,,,,,,,,,,,Scattered snow showers moved across northwest Indiana beginning in the early morning of March 16th and continuing through the early morning of March 17th.  Snowfall amounts were generally 1 to 3 inches.  Strong winds caused significant blowing and drifting snow with near white out conditions at times in open and rural areas.,,CSV
202603,16,900,202603,16,1800,210922,1317576,INDIANA,18,2026,March,Winter Weather,Z,19,BENTON,LOT,16-MAR-26 09:00:00,EST-5,16-MAR-26 18:00:00,0,0,0,0,0.00K,0.00K,Trained Spotter,,,,,,,,,,,,,,,,,,,,,,Scattered snow showers moved across northwest Indiana beginning in the early morning of March 16th and continuing through the early morning of March 17th.  Snowfall amounts were generally 1 to 3 inches.  Strong winds caused significant blowing and drifting snow with near white out conditions at times in open and rural areas.,,CSV
202603,15,2143,202603,15,2143,212056,1326977,INDIANA,18,2026,March,Thunderstorm Wind,C,37,DUBOIS,LMK,15-MAR-26 21:43:00,EST-5,15-MAR-26 21:43:00,0,0,0,0,0.00K,0.00K,911 Call Center,53.00,EG,,,,,,,,,,2.14,SSW,KYANA,2.14,SSW,KYANA,38.27,-86.79,38.27,-86.79,"During the late evening and overnight hours March 15th into March 16th, a strong upper level trough and associated cold front moved across the Ohio Valley. Ahead of the cold front, temperatures were in the 70s with dew point temperatures in the upper 50s and low 60s. This corridor of modest low-level destabilization contained between 250 and 500 J/kg of MLCAPE which was oriented immediately ahead of the surface front and the main line of showers and thunderstorms. With a corridor of 80 knot mid-level winds approaching from the west, effective bulk shear was between 40 and 50 knots for this event, creating a typical high-shear, low-CAPE setup for central Kentucky and southern Indiana. Given that the primary forcing mechanism was lifting along the cold front, convection evolved into a quasi-linear convective system that moved across southern Indiana during the late evening hours on March 15th into the early morning hours on March 16th. The main observed severe hazard was wind damage from straight-line winds, with scattered damage to trees and power lines being observed across southern Indiana. Brief mesovortices developed within the line of storms, prompting a tornado warning; however, no tornadoes were observed in southern Indiana during this event. The line of storms pushed east of the area by around 2 AM on March 16th, with much cooler air rushing into the area behind the cold front.",A tree was blocking both lanes on the 7800 block of South 600 East.,CSV
202603,15,2145,202603,15,2145,212056,1326985,INDIANA,18,2026,March,Thunderstorm Wind,C,37,DUBOIS,LMK,15-MAR-26 21:45:00,EST-5,15-MAR-26 21:45:00,0,0,0,0,0.00K,0.00K,911 Call Center,53.00,EG,,,,,,,,,,1.85,SSW,ELLSWORTH,1.85,SSW,ELLSWORTH,38.4052,-86.7328,38.4052,-86.7328,"During the late evening and overnight hours March 15th into March 16th, a strong upper level trough and associated cold front moved across the Ohio Valley. Ahead of the cold front, temperatures were in the 70s with dew point temperatures in the upper 50s and low 60s. This corridor of modest low-level destabilization contained between 250 and 500 J/kg of MLCAPE which was oriented immediately ahead of the surface front and the main line of showers and thunderstorms. With a corridor of 80 knot mid-level winds approaching from the west, effective bulk shear was between 40 and 50 knots for this event, creating a typical high-shear, low-CAPE setup for central Kentucky and southern Indiana. Given that the primary forcing mechanism was lifting along the cold front, convection evolved into a quasi-linear convective system that moved across southern Indiana during the late evening hours on March 15th into the early morning hours on March 16th. The main observed severe hazard was wind damage from straight-line winds, with scattered damage to trees and power lines being observed across southern Indiana. Brief mesovortices developed within the line of storms, prompting a tornado warning; however, no tornadoes were observed in southern Indiana during this event. The line of storms pushed east of the area by around 2 AM on March 16th, with much cooler air rushing into the area behind the cold front.","A tree was in the roadway at East Ellsworth and North 900 East. There was another large tree, 2 feet in diameter, blocking both lanes on the 7800 block of East State Road 164.",CSV
202603,4,1500,202603,4,2200,210078,1324243,INDIANA,18,2026,March,Flood,C,5,BARTHOLOMEW,IND,04-MAR-26 15:00:00,EST-5,04-MAR-26 22:00:00,0,0,0,0,5.00K,0.00K,Broadcast Media,,,Heavy Rain,,,,,,,,,.67,S,EAST COLUMBUS,1.1,NE,BETHEL VLG,39.1904,-85.8812,39.1599,-85.9039,"During March 3 to March 7, 2026, large surface high pressure from the southeastern United States into the Atlantic focused a broad fetch of Gulf moisture northward into the Midwest.  A quasi-stationary frontal boundary near the Ohio Valley provided lift and focused, at times heavy rainfall over much of central Indiana, especially along the valley of the East Fork White River, and its tributaries northeast of Columbus through east-central central Indiana.||From the morning of the 3rd through dawn on the 4th, heavy rainfall over the watershed of the East Fork White's headwaters totaled mainly 2.00-3.75 inches.  Additional 1-day rainfall to dawn on the 5th, along the river's main stem from Columbus down through Martin County totaled generally 1.50-3.00 inches.  Further 2.5-day rainfall through late on the 7th was generally 1.00-2.00 inches along this main stem.  Overall 4.5-day rainfall totals were 4.00 to 6.00 inches for most portions of the entire East Fork White watershed.||Resultant widespread significant river flooding, including adjacent lowlands, from the Columbus area downstream through Jackson County, Lawrence County, and Martin County necessitated multiple water rescues.   Four persons over three counties perished when swept away by flood waters from the 6th to the 9th - three in motor vehicles and one in an airboat that encountered mechanical failure.","Clifty Creek, rose through minor flood stage late on the 4th in Columbus, which was amplified by additional isolated downpours during the afternoon that totaled mainly 0.10-0.50 inches.  Twelve homeless individuals and three dogs had to be water rescued from their encampment under the US Highway 31 bridge over Clifty Creek.",CSV
202603,22,1959,202603,22,1959,210300,1322489,INDIANA,18,2026,March,Hail,C,159,TIPTON,IND,22-MAR-26 19:59:00,EST-5,22-MAR-26 19:59:00,0,0,0,0,,,Public,1.25,,,,,,,,,,,1.38,N,JACKSONS,1.38,N,JACKSONS,40.35,-86.07,40.35,-86.07,"On the evening of March 22, 2026, an upper-level disturbance and an associated cold front swept across Central Indiana, triggering a broad swath of severe thunderstorms. Convection first initiated in the northern portions of the IND CWA, with the first reports of quarter-sized hail occurring in Howard and Madison counties. As the evening progressed, these storms moved into an environment characterized by moderate instability and strong vertical wind shear, allowing cells to become highly organized. The activity eventually evolved into a mixture of discrete supercells and organized line segments that tracked southeastward through the Indianapolis metro area and into southern Indiana.||The primary hazards associated with this event were large hail and damaging straight-line winds. The most significant hail report occurred in Knox County near Bicknell, where stones up to 2.00 inches in diameter were observed. Widespread hail ranging from 1.25 to 1.75 inches was also reported across Randolph, Marion, Sullivan, Daviess, and Martin counties. As the storms transitioned into a more linear configuration, wind damage became more prevalent. A peak measured gust of 64 mph was recorded in Jackson County, while a 62 mph gust was measured in Monroe County.",,CSV
202603,22,2006,202603,22,2006,210300,1322492,INDIANA,18,2026,March,Hail,C,135,RANDOLPH,IND,22-MAR-26 20:06:00,EST-5,22-MAR-26 20:06:00,0,0,0,0,,,Public,1.40,,,,,,,,,,,0,N,WINCHESTER,0,N,WINCHESTER,40.17,-84.98,40.17,-84.98,"On the evening of March 22, 2026, an upper-level disturbance and an associated cold front swept across Central Indiana, triggering a broad swath of severe thunderstorms. Convection first initiated in the northern portions of the IND CWA, with the first reports of quarter-sized hail occurring in Howard and Madison counties. As the evening progressed, these storms moved into an environment characterized by moderate instability and strong vertical wind shear, allowing cells to become highly organized. The activity eventually evolved into a mixture of discrete supercells and organized line segments that tracked southeastward through the Indianapolis metro area and into southern Indiana.||The primary hazards associated with this event were large hail and damaging straight-line winds. The most significant hail report occurred in Knox County near Bicknell, where stones up to 2.00 inches in diameter were observed. Widespread hail ranging from 1.25 to 1.75 inches was also reported across Randolph, Marion, Sullivan, Daviess, and Martin counties. As the storms transitioned into a more linear configuration, wind damage became more prevalent. A peak measured gust of 64 mph was recorded in Jackson County, while a 62 mph gust was measured in Monroe County.",,CSV
202603,26,1817,202603,26,1817,210509,1322457,INDIANA,18,2026,March,Thunderstorm Wind,C,159,TIPTON,IND,26-MAR-26 18:17:00,EST-5,26-MAR-26 18:17:00,0,0,0,0,2.00K,0.00K,Amateur Radio,50.00,EG,,,,,,,,,,.53,E,TIPTON,.53,E,TIPTON,40.28,-86.04,40.28,-86.04,"On March 26, 2026, a potent cold front tracked across central Indiana, interacting with a warm and unstable airmass to trigger severe storms.  Severe thunderstorms developed rapidly, producing large hail and damaging wind gusts across northern central Indiana that downed trees and power lines, leading to over 1,700 power outages as residents dealt with the abrupt onset of hazardous weather.||Significant structural damage was observed, including a destroyed pole barn and a garage roof failure in Clinton County. While the environment supported supercellular rotation and prompted numerous tornado warnings, the only severe modes were straight-line damaging winds and large hail, with reports of 1.5-inch hail in Veedersburg. The convective activity gradually weakened as it progressed south of the I-70 corridor and encountered a more stable airmass, effectively concluding the active weather event for the region.",A 4.5-inch diameter pine tree was downed by thunderstorm wind gusts.,CSV
202603,26,1846,202603,26,1846,210509,1322458,INDIANA,18,2026,March,Hail,C,45,FOUNTAIN,IND,26-MAR-26 18:46:00,EST-5,26-MAR-26 18:46:00,0,0,0,0,0.00K,,Public,1.50,,,,,,,,,,,.87,SE,VEEDERSBURG,.87,SE,VEEDERSBURG,40.11,-87.26,40.11,-87.26,"On March 26, 2026, a potent cold front tracked across central Indiana, interacting with a warm and unstable airmass to trigger severe storms.  Severe thunderstorms developed rapidly, producing large hail and damaging wind gusts across northern central Indiana that downed trees and power lines, leading to over 1,700 power outages as residents dealt with the abrupt onset of hazardous weather.||Significant structural damage was observed, including a destroyed pole barn and a garage roof failure in Clinton County. While the environment supported supercellular rotation and prompted numerous tornado warnings, the only severe modes were straight-line damaging winds and large hail, with reports of 1.5-inch hail in Veedersburg. The convective activity gradually weakened as it progressed south of the I-70 corridor and encountered a more stable airmass, effectively concluding the active weather event for the region.",,CSV
202603,26,1954,202603,26,1954,210509,1322459,INDIANA,18,2026,March,Hail,C,35,DELAWARE,IND,26-MAR-26 19:54:00,EST-5,26-MAR-26 19:54:00,0,0,0,0,0.00K,,Broadcast Media,0.88,,,,,,,,,,,.87,NE,WEST MUNCIE,.87,NE,WEST MUNCIE,40.18,-85.47,40.18,-85.47,"On March 26, 2026, a potent cold front tracked across central Indiana, interacting with a warm and unstable airmass to trigger severe storms.  Severe thunderstorms developed rapidly, producing large hail and damaging wind gusts across northern central Indiana that downed trees and power lines, leading to over 1,700 power outages as residents dealt with the abrupt onset of hazardous weather.||Significant structural damage was observed, including a destroyed pole barn and a garage roof failure in Clinton County. While the environment supported supercellular rotation and prompted numerous tornado warnings, the only severe modes were straight-line damaging winds and large hail, with reports of 1.5-inch hail in Veedersburg. The convective activity gradually weakened as it progressed south of the I-70 corridor and encountered a more stable airmass, effectively concluding the active weather event for the region.",,CSV
202603,15,1130,202603,15,1330,210083,1324447,INDIANA,18,2026,March,High Wind,Z,67,KNOX,IND,15-MAR-26 11:30:00,EST-5,15-MAR-26 13:30:00,0,0,0,0,60.00K,,Emergency Manager,50.00,EG,,,,,,,,,,,,,,,,,,,,"On the afternoon of March 15, 2026, a strong and deepening upper-level trough strengthened an already potent 990 mb surface low as it crossed the northwestern Midwest into the southern Great Lakes.  The resultant surface gradient over central Indiana produced non-thunderstorm wind gusts that caused tree, powerline, and/or power pole damage in 10 local counties. Some structural damage was also reported and a 59 mph non-thunderstorm gust was measured at the Shelbyville Airport ASOS.   ||A few hours later, during the 15th evening, a fast-moving quasi-linear convective system (QLCS) then swept across central Indiana ahead of a cold front, fueled by a potent 55-knot low-level jet and strong synoptic forcing. Despite modest instability, a high-shear environment allowed the line to maintain intensity as it tracked from Knox County at o Henry County. The Storm Prediction Center had placed the region under a Slight Risk, citing the potential for damaging straight-line winds. This was realized as a peak gust of 71 mph (62 knots) was measured in Marion County, while the Indianapolis International Airport (KIND) recorded a 58 mph gust.||The resulting damage was widespread, primarily affecting timber and utility infrastructure. A significant swath of downed trees and power lines stretched from Manilla to Arlington in Rush County. Structural impacts were also noted, including shingle damage in Madison County and a fence destroyed in Johnson County. Throughout the event, multiple state roads���including SR 32 and SR 45���were obstructed by fallen trees, and large pine trees up to 1.5 feet in diameter were snapped in Bartholomew County, reflecting the intensity of the straight-line winds.",Non-thunderstorm wind gusts downed several trees and powerlines across the county.,CSV
202604,27,1355,202604,27,1355,211277,1330638,INDIANA,18,2026,April,Hail,C,101,MARTIN,IND,27-APR-26 13:55:00,EST-5,27-APR-26 13:55:00,0,0,0,0,,,Public,1.00,,,,,,,,,,,0,N,INDIAN SPRS,0,N,INDIAN SPRS,38.8,-86.75,38.8,-86.75,"On April 27, 2026, an upper-level shortwave trough and an associated deepening surface low-pressure system tracked across the Midwest. South of the low's path, a sufficiently unstable warm sector surged into central Indiana, characterized by rich boundary-layer moisture and strong low and deep layer wind shear. This setup supported multiple rounds of severe convection resulting in numerous damaging wind gusts or large hail reports. Three tornadoes also occurred between Jackson and Morgan Counties, along with flash flooding in Knox and Marion Counties.",,CSV
202604,27,1401,202604,27,1401,211277,1330639,INDIANA,18,2026,April,Hail,C,93,LAWRENCE,IND,27-APR-26 14:01:00,EST-5,27-APR-26 14:01:00,0,0,0,0,,,Public,1.00,,,,,,,,,,,.88,SW,SILVERVILLE,.88,SW,SILVERVILLE,38.84,-86.66,38.84,-86.66,"On April 27, 2026, an upper-level shortwave trough and an associated deepening surface low-pressure system tracked across the Midwest. South of the low's path, a sufficiently unstable warm sector surged into central Indiana, characterized by rich boundary-layer moisture and strong low and deep layer wind shear. This setup supported multiple rounds of severe convection resulting in numerous damaging wind gusts or large hail reports. Three tornadoes also occurred between Jackson and Morgan Counties, along with flash flooding in Knox and Marion Counties.",,CSV
202604,27,1416,202604,27,1416,211277,1330640,INDIANA,18,2026,April,Hail,C,119,OWEN,IND,27-APR-26 14:16:00,EST-5,27-APR-26 14:16:00,0,0,0,0,,,Public,1.00,,,,,,,,,,,.69,N,PATRICKSBURG,.69,N,PATRICKSBURG,39.31,-86.97,39.31,-86.97,"On April 27, 2026, an upper-level shortwave trough and an associated deepening surface low-pressure system tracked across the Midwest. South of the low's path, a sufficiently unstable warm sector surged into central Indiana, characterized by rich boundary-layer moisture and strong low and deep layer wind shear. This setup supported multiple rounds of severe convection resulting in numerous damaging wind gusts or large hail reports. Three tornadoes also occurred between Jackson and Morgan Counties, along with flash flooding in Knox and Marion Counties.",,CSV
202604,27,1431,202604,27,1431,211277,1330641,INDIANA,18,2026,April,Thunderstorm Wind,C,55,GREENE,IND,27-APR-26 14:31:00,EST-5,27-APR-26 14:31:00,0,0,0,0,10.00K,,Emergency Manager,50.00,EG,,,,,,,,,,.54,W,BLOOMFIELD,.54,W,BLOOMFIELD,39.03,-86.94,39.03,-86.94,"On April 27, 2026, an upper-level shortwave trough and an associated deepening surface low-pressure system tracked across the Midwest. South of the low's path, a sufficiently unstable warm sector surged into central Indiana, characterized by rich boundary-layer moisture and strong low and deep layer wind shear. This setup supported multiple rounds of severe convection resulting in numerous damaging wind gusts or large hail reports. Three tornadoes also occurred between Jackson and Morgan Counties, along with flash flooding in Knox and Marion Counties.",Powerlines downed by thunderstorm wind gusts.,CSV
202603,15,2145,202603,15,2145,212056,1326986,INDIANA,18,2026,March,Thunderstorm Wind,C,37,DUBOIS,LMK,15-MAR-26 21:45:00,EST-5,15-MAR-26 21:45:00,0,0,0,0,,0.00K,Trained Spotter,55.00,EG,,,,,,,,,,1.76,SE,CUZCO,1.76,SE,CUZCO,38.46,-86.7,38.46,-86.7,"During the late evening and overnight hours March 15th into March 16th, a strong upper level trough and associated cold front moved across the Ohio Valley. Ahead of the cold front, temperatures were in the 70s with dew point temperatures in the upper 50s and low 60s. This corridor of modest low-level destabilization contained between 250 and 500 J/kg of MLCAPE which was oriented immediately ahead of the surface front and the main line of showers and thunderstorms. With a corridor of 80 knot mid-level winds approaching from the west, effective bulk shear was between 40 and 50 knots for this event, creating a typical high-shear, low-CAPE setup for central Kentucky and southern Indiana. Given that the primary forcing mechanism was lifting along the cold front, convection evolved into a quasi-linear convective system that moved across southern Indiana during the late evening hours on March 15th into the early morning hours on March 16th. The main observed severe hazard was wind damage from straight-line winds, with scattered damage to trees and power lines being observed across southern Indiana. Brief mesovortices developed within the line of storms, prompting a tornado warning; however, no tornadoes were observed in southern Indiana during this event. The line of storms pushed east of the area by around 2 AM on March 16th, with much cooler air rushing into the area behind the cold front.",There were several trees blown down and a roof blown off a small livestock shed.,CSV
202603,15,2229,202603,15,2229,212056,1326990,INDIANA,18,2026,March,Thunderstorm Wind,C,175,WASHINGTON,LMK,15-MAR-26 22:29:00,EST-5,15-MAR-26 22:29:00,0,0,0,0,,0.00K,Emergency Manager,53.00,EG,,,,,,,,,,.35,NNW,KOSSUTH,.35,NNW,KOSSUTH,38.7048,-86.1019,38.7048,-86.1019,"During the late evening and overnight hours March 15th into March 16th, a strong upper level trough and associated cold front moved across the Ohio Valley. Ahead of the cold front, temperatures were in the 70s with dew point temperatures in the upper 50s and low 60s. This corridor of modest low-level destabilization contained between 250 and 500 J/kg of MLCAPE which was oriented immediately ahead of the surface front and the main line of showers and thunderstorms. With a corridor of 80 knot mid-level winds approaching from the west, effective bulk shear was between 40 and 50 knots for this event, creating a typical high-shear, low-CAPE setup for central Kentucky and southern Indiana. Given that the primary forcing mechanism was lifting along the cold front, convection evolved into a quasi-linear convective system that moved across southern Indiana during the late evening hours on March 15th into the early morning hours on March 16th. The main observed severe hazard was wind damage from straight-line winds, with scattered damage to trees and power lines being observed across southern Indiana. Brief mesovortices developed within the line of storms, prompting a tornado warning; however, no tornadoes were observed in southern Indiana during this event. The line of storms pushed east of the area by around 2 AM on March 16th, with much cooler air rushing into the area behind the cold front.",Power lines were down on N Kossuth Road.,CSV
202603,6,600,202603,6,900,210078,1325868,INDIANA,18,2026,March,Flood,C,71,JACKSON,IND,06-MAR-26 06:00:00,EST-5,06-MAR-26 09:00:00,0,0,1,0,70.00K,0.00K,Broadcast Media,,,Heavy Rain,,,,,,,,,1.54,WNW,ROCKFORD,1.96,N,SHIELDS,38.9906,-85.9252,38.9483,-85.997,"During March 3 to March 7, 2026, large surface high pressure from the southeastern United States into the Atlantic focused a broad fetch of Gulf moisture northward into the Midwest.  A quasi-stationary frontal boundary near the Ohio Valley provided lift and focused, at times heavy rainfall over much of central Indiana, especially along the valley of the East Fork White River, and its tributaries northeast of Columbus through east-central central Indiana.||From the morning of the 3rd through dawn on the 4th, heavy rainfall over the watershed of the East Fork White's headwaters totaled mainly 2.00-3.75 inches.  Additional 1-day rainfall to dawn on the 5th, along the river's main stem from Columbus down through Martin County totaled generally 1.50-3.00 inches.  Further 2.5-day rainfall through late on the 7th was generally 1.00-2.00 inches along this main stem.  Overall 4.5-day rainfall totals were 4.00 to 6.00 inches for most portions of the entire East Fork White watershed.||Resultant widespread significant river flooding, including adjacent lowlands, from the Columbus area downstream through Jackson County, Lawrence County, and Martin County necessitated multiple water rescues.   Four persons over three counties perished when swept away by flood waters from the 6th to the 9th - three in motor vehicles and one in an airboat that encountered mechanical failure.","River flooding in northeastern Jackson County was exasperated locally by heavy rainfall during the overnight of the 4th-5th around 2.00 inches, with the East Fork White River later cresting at Seymour in major flood stage on the 5th evening.  On the 6th morning around 700EST, a man in an airboat near Courtland, while attempting to rescue individuals stranded in a submerged vehicle, died after the boat experienced mechanical issues, capsized, and was swept under a bridge.",CSV
202603,22,2009,202603,22,2009,210300,1322493,INDIANA,18,2026,March,Thunderstorm Wind,C,167,VIGO,IND,22-MAR-26 20:09:00,EST-5,22-MAR-26 20:09:00,0,0,0,0,,,911 Call Center,50.00,EG,,,,,,,,,,2.62,NE,RILEY,2.62,NE,RILEY,39.41,-87.27,39.41,-87.27,"On the evening of March 22, 2026, an upper-level disturbance and an associated cold front swept across Central Indiana, triggering a broad swath of severe thunderstorms. Convection first initiated in the northern portions of the IND CWA, with the first reports of quarter-sized hail occurring in Howard and Madison counties. As the evening progressed, these storms moved into an environment characterized by moderate instability and strong vertical wind shear, allowing cells to become highly organized. The activity eventually evolved into a mixture of discrete supercells and organized line segments that tracked southeastward through the Indianapolis metro area and into southern Indiana.||The primary hazards associated with this event were large hail and damaging straight-line winds. The most significant hail report occurred in Knox County near Bicknell, where stones up to 2.00 inches in diameter were observed. Widespread hail ranging from 1.25 to 1.75 inches was also reported across Randolph, Marion, Sullivan, Daviess, and Martin counties. As the storms transitioned into a more linear configuration, wind damage became more prevalent. A peak measured gust of 64 mph was recorded in Jackson County, while a 62 mph gust was measured in Monroe County.",Power lines were downed by thunderstorm wind gusts.,CSV
202603,22,2013,202603,22,2013,210300,1322496,INDIANA,18,2026,March,Hail,C,135,RANDOLPH,IND,22-MAR-26 20:13:00,EST-5,22-MAR-26 20:13:00,0,0,0,0,,,Public,1.00,,,,,,,,,,,.69,N,HARRISVILLE,.69,N,HARRISVILLE,40.19,-84.88,40.19,-84.88,"On the evening of March 22, 2026, an upper-level disturbance and an associated cold front swept across Central Indiana, triggering a broad swath of severe thunderstorms. Convection first initiated in the northern portions of the IND CWA, with the first reports of quarter-sized hail occurring in Howard and Madison counties. As the evening progressed, these storms moved into an environment characterized by moderate instability and strong vertical wind shear, allowing cells to become highly organized. The activity eventually evolved into a mixture of discrete supercells and organized line segments that tracked southeastward through the Indianapolis metro area and into southern Indiana.||The primary hazards associated with this event were large hail and damaging straight-line winds. The most significant hail report occurred in Knox County near Bicknell, where stones up to 2.00 inches in diameter were observed. Widespread hail ranging from 1.25 to 1.75 inches was also reported across Randolph, Marion, Sullivan, Daviess, and Martin counties. As the storms transitioned into a more linear configuration, wind damage became more prevalent. A peak measured gust of 64 mph was recorded in Jackson County, while a 62 mph gust was measured in Monroe County.",,CSV
202603,26,1854,202603,26,1854,210509,1322461,INDIANA,18,2026,March,Thunderstorm Wind,C,35,DELAWARE,IND,26-MAR-26 18:54:00,EST-5,26-MAR-26 18:54:00,0,0,0,0,5.00K,0.00K,Amateur Radio,52.00,EG,,,,,,,,,,2.22,WNW,MUNCIE,2.22,WNW,MUNCIE,40.19,-85.44,40.19,-85.44,"On March 26, 2026, a potent cold front tracked across central Indiana, interacting with a warm and unstable airmass to trigger severe storms.  Severe thunderstorms developed rapidly, producing large hail and damaging wind gusts across northern central Indiana that downed trees and power lines, leading to over 1,700 power outages as residents dealt with the abrupt onset of hazardous weather.||Significant structural damage was observed, including a destroyed pole barn and a garage roof failure in Clinton County. While the environment supported supercellular rotation and prompted numerous tornado warnings, the only severe modes were straight-line damaging winds and large hail, with reports of 1.5-inch hail in Veedersburg. The convective activity gradually weakened as it progressed south of the I-70 corridor and encountered a more stable airmass, effectively concluding the active weather event for the region.",A tree was downed by thunderstorm wind gusts onto a power line.,CSV
202603,15,2052,202603,15,2052,210083,1321926,INDIANA,18,2026,March,Thunderstorm Wind,C,83,KNOX,IND,15-MAR-26 20:52:00,EST-5,15-MAR-26 20:52:00,0,0,0,0,2.00K,0.00K,Law Enforcement,52.00,EG,,,,,,,,,,3.24,W,MONROE CITY,3.24,W,MONROE CITY,38.62,-87.41,38.62,-87.41,"On the afternoon of March 15, 2026, a strong and deepening upper-level trough strengthened an already potent 990 mb surface low as it crossed the northwestern Midwest into the southern Great Lakes.  The resultant surface gradient over central Indiana produced non-thunderstorm wind gusts that caused tree, powerline, and/or power pole damage in 10 local counties. Some structural damage was also reported and a 59 mph non-thunderstorm gust was measured at the Shelbyville Airport ASOS.   ||A few hours later, during the 15th evening, a fast-moving quasi-linear convective system (QLCS) then swept across central Indiana ahead of a cold front, fueled by a potent 55-knot low-level jet and strong synoptic forcing. Despite modest instability, a high-shear environment allowed the line to maintain intensity as it tracked from Knox County at o Henry County. The Storm Prediction Center had placed the region under a Slight Risk, citing the potential for damaging straight-line winds. This was realized as a peak gust of 71 mph (62 knots) was measured in Marion County, while the Indianapolis International Airport (KIND) recorded a 58 mph gust.||The resulting damage was widespread, primarily affecting timber and utility infrastructure. A significant swath of downed trees and power lines stretched from Manilla to Arlington in Rush County. Structural impacts were also noted, including shingle damage in Madison County and a fence destroyed in Johnson County. Throughout the event, multiple state roads���including SR 32 and SR 45���were obstructed by fallen trees, and large pine trees up to 1.5 feet in diameter were snapped in Bartholomew County, reflecting the intensity of the straight-line winds.",Tree of unknown size downed by thunderstorm wind gusts.,CSV
202603,15,1300,202603,15,1500,210083,1324456,INDIANA,18,2026,March,High Wind,Z,45,PUTNAM,IND,15-MAR-26 13:00:00,EST-5,15-MAR-26 15:00:00,0,0,0,0,100.00K,,Emergency Manager,52.00,EG,,,,,,,,,,,,,,,,,,,,"On the afternoon of March 15, 2026, a strong and deepening upper-level trough strengthened an already potent 990 mb surface low as it crossed the northwestern Midwest into the southern Great Lakes.  The resultant surface gradient over central Indiana produced non-thunderstorm wind gusts that caused tree, powerline, and/or power pole damage in 10 local counties. Some structural damage was also reported and a 59 mph non-thunderstorm gust was measured at the Shelbyville Airport ASOS.   ||A few hours later, during the 15th evening, a fast-moving quasi-linear convective system (QLCS) then swept across central Indiana ahead of a cold front, fueled by a potent 55-knot low-level jet and strong synoptic forcing. Despite modest instability, a high-shear environment allowed the line to maintain intensity as it tracked from Knox County at o Henry County. The Storm Prediction Center had placed the region under a Slight Risk, citing the potential for damaging straight-line winds. This was realized as a peak gust of 71 mph (62 knots) was measured in Marion County, while the Indianapolis International Airport (KIND) recorded a 58 mph gust.||The resulting damage was widespread, primarily affecting timber and utility infrastructure. A significant swath of downed trees and power lines stretched from Manilla to Arlington in Rush County. Structural impacts were also noted, including shingle damage in Madison County and a fence destroyed in Johnson County. Throughout the event, multiple state roads���including SR 32 and SR 45���were obstructed by fallen trees, and large pine trees up to 1.5 feet in diameter were snapped in Bartholomew County, reflecting the intensity of the straight-line winds.","Non-thunderstorm wind gusts downed multiple trees, power poles, and powerlines across the county with numerous power outages reported.",CSV
202604,27,1443,202604,27,1443,211277,1330642,INDIANA,18,2026,April,Thunderstorm Wind,C,105,MONROE,IND,27-APR-26 14:43:00,EST-5,27-APR-26 14:43:00,0,0,0,0,,,ASOS,53.00,MG,,,,,,,,,,0,N,(BMG)MNROE CO ARPT B,0,N,(BMG)MNROE CO ARPT B,39.15,-86.62,39.15,-86.62,"On April 27, 2026, an upper-level shortwave trough and an associated deepening surface low-pressure system tracked across the Midwest. South of the low's path, a sufficiently unstable warm sector surged into central Indiana, characterized by rich boundary-layer moisture and strong low and deep layer wind shear. This setup supported multiple rounds of severe convection resulting in numerous damaging wind gusts or large hail reports. Three tornadoes also occurred between Jackson and Morgan Counties, along with flash flooding in Knox and Marion Counties.",KBMG measured a 61 mph thunderstorm wind gust.,CSV
202604,27,1444,202604,27,1444,211277,1330643,INDIANA,18,2026,April,Hail,C,105,MONROE,IND,27-APR-26 14:44:00,EST-5,27-APR-26 14:44:00,0,0,0,0,,,Public,1.00,,,,,,,,,,,1.75,SE,KIRBY,1.75,SE,KIRBY,39.11,-86.58,39.11,-86.58,"On April 27, 2026, an upper-level shortwave trough and an associated deepening surface low-pressure system tracked across the Midwest. South of the low's path, a sufficiently unstable warm sector surged into central Indiana, characterized by rich boundary-layer moisture and strong low and deep layer wind shear. This setup supported multiple rounds of severe convection resulting in numerous damaging wind gusts or large hail reports. Three tornadoes also occurred between Jackson and Morgan Counties, along with flash flooding in Knox and Marion Counties.",,CSV
202604,27,1447,202604,27,1447,211277,1330644,INDIANA,18,2026,April,Hail,C,105,MONROE,IND,27-APR-26 14:47:00,EST-5,27-APR-26 14:47:00,0,0,0,0,,,Public,1.00,,,,,,,,,,,.54,W,BLOOMINGTON,.54,W,BLOOMINGTON,39.17,-86.53,39.17,-86.53,"On April 27, 2026, an upper-level shortwave trough and an associated deepening surface low-pressure system tracked across the Midwest. South of the low's path, a sufficiently unstable warm sector surged into central Indiana, characterized by rich boundary-layer moisture and strong low and deep layer wind shear. This setup supported multiple rounds of severe convection resulting in numerous damaging wind gusts or large hail reports. Three tornadoes also occurred between Jackson and Morgan Counties, along with flash flooding in Knox and Marion Counties.",,CSV
202604,27,1448,202604,27,1448,211277,1330645,INDIANA,18,2026,April,Hail,C,105,MONROE,IND,27-APR-26 14:48:00,EST-5,27-APR-26 14:48:00,0,0,0,0,,,Public,1.00,,,,,,,,,,,1.61,W,BLOOMINGTON,1.61,W,BLOOMINGTON,39.17,-86.55,39.17,-86.55,"On April 27, 2026, an upper-level shortwave trough and an associated deepening surface low-pressure system tracked across the Midwest. South of the low's path, a sufficiently unstable warm sector surged into central Indiana, characterized by rich boundary-layer moisture and strong low and deep layer wind shear. This setup supported multiple rounds of severe convection resulting in numerous damaging wind gusts or large hail reports. Three tornadoes also occurred between Jackson and Morgan Counties, along with flash flooding in Knox and Marion Counties.",,CSV
202603,15,2230,202603,15,2230,212056,1326991,INDIANA,18,2026,March,Thunderstorm Wind,C,175,WASHINGTON,LMK,15-MAR-26 22:30:00,EST-5,15-MAR-26 22:30:00,0,0,0,0,,0.00K,Emergency Manager,53.00,EG,,,,,,,,,,.58,NNW,SALEM,.58,NNW,SALEM,38.6082,-86.1021,38.6082,-86.1021,"During the late evening and overnight hours March 15th into March 16th, a strong upper level trough and associated cold front moved across the Ohio Valley. Ahead of the cold front, temperatures were in the 70s with dew point temperatures in the upper 50s and low 60s. This corridor of modest low-level destabilization contained between 250 and 500 J/kg of MLCAPE which was oriented immediately ahead of the surface front and the main line of showers and thunderstorms. With a corridor of 80 knot mid-level winds approaching from the west, effective bulk shear was between 40 and 50 knots for this event, creating a typical high-shear, low-CAPE setup for central Kentucky and southern Indiana. Given that the primary forcing mechanism was lifting along the cold front, convection evolved into a quasi-linear convective system that moved across southern Indiana during the late evening hours on March 15th into the early morning hours on March 16th. The main observed severe hazard was wind damage from straight-line winds, with scattered damage to trees and power lines being observed across southern Indiana. Brief mesovortices developed within the line of storms, prompting a tornado warning; however, no tornadoes were observed in southern Indiana during this event. The line of storms pushed east of the area by around 2 AM on March 16th, with much cooler air rushing into the area behind the cold front.",Power lines were down on Water Street in Salem.,CSV
202603,15,2251,202603,15,2251,212056,1326992,INDIANA,18,2026,March,Thunderstorm Wind,C,43,FLOYD,LMK,15-MAR-26 22:51:00,EST-5,15-MAR-26 22:51:00,0,0,0,0,0.00K,0.00K,Emergency Manager,50.00,EG,,,,,,,,,,1.91,WSW,GREENVILLE,1.91,WSW,GREENVILLE,38.3745,-86.0146,38.3745,-86.0146,"During the late evening and overnight hours March 15th into March 16th, a strong upper level trough and associated cold front moved across the Ohio Valley. Ahead of the cold front, temperatures were in the 70s with dew point temperatures in the upper 50s and low 60s. This corridor of modest low-level destabilization contained between 250 and 500 J/kg of MLCAPE which was oriented immediately ahead of the surface front and the main line of showers and thunderstorms. With a corridor of 80 knot mid-level winds approaching from the west, effective bulk shear was between 40 and 50 knots for this event, creating a typical high-shear, low-CAPE setup for central Kentucky and southern Indiana. Given that the primary forcing mechanism was lifting along the cold front, convection evolved into a quasi-linear convective system that moved across southern Indiana during the late evening hours on March 15th into the early morning hours on March 16th. The main observed severe hazard was wind damage from straight-line winds, with scattered damage to trees and power lines being observed across southern Indiana. Brief mesovortices developed within the line of storms, prompting a tornado warning; however, no tornadoes were observed in southern Indiana during this event. The line of storms pushed east of the area by around 2 AM on March 16th, with much cooler air rushing into the area behind the cold front.",A tree was blocking Kiesler Road.,CSV
202603,9,500,202603,9,2300,210078,1325899,INDIANA,18,2026,March,Flood,C,101,MARTIN,IND,09-MAR-26 05:00:00,EST-5,09-MAR-26 23:00:00,0,0,1,0,20.00K,0.00K,Broadcast Media,,,Heavy Rain,,,,,,,,,2.71,W,SHOALS,2.13,WNW,SHOALS,38.6643,-86.8297,38.6811,-86.8168,"During March 3 to March 7, 2026, large surface high pressure from the southeastern United States into the Atlantic focused a broad fetch of Gulf moisture northward into the Midwest.  A quasi-stationary frontal boundary near the Ohio Valley provided lift and focused, at times heavy rainfall over much of central Indiana, especially along the valley of the East Fork White River, and its tributaries northeast of Columbus through east-central central Indiana.||From the morning of the 3rd through dawn on the 4th, heavy rainfall over the watershed of the East Fork White's headwaters totaled mainly 2.00-3.75 inches.  Additional 1-day rainfall to dawn on the 5th, along the river's main stem from Columbus down through Martin County totaled generally 1.50-3.00 inches.  Further 2.5-day rainfall through late on the 7th was generally 1.00-2.00 inches along this main stem.  Overall 4.5-day rainfall totals were 4.00 to 6.00 inches for most portions of the entire East Fork White watershed.||Resultant widespread significant river flooding, including adjacent lowlands, from the Columbus area downstream through Jackson County, Lawrence County, and Martin County necessitated multiple water rescues.   Four persons over three counties perished when swept away by flood waters from the 6th to the 9th - three in motor vehicles and one in an airboat that encountered mechanical failure.","The East Fork White River, rising amid moderate flood stage at Shoals, inundated Sprout Springs Road, which swept an elderly man's truck off the road on the 9th, and while the vehicle's passenger was later rescued from a tree vine, search efforts continued for the man through following days.",CSV
202603,22,2013,202603,22,2013,210300,1322497,INDIANA,18,2026,March,Thunderstorm Wind,C,133,PUTNAM,IND,22-MAR-26 20:13:00,EST-5,22-MAR-26 20:13:00,0,0,0,0,2.00K,0.00K,911 Call Center,50.00,EG,,,,,,,,,,2.11,NW,BROAD PARK,2.11,NW,BROAD PARK,39.62,-86.7,39.62,-86.7,"On the evening of March 22, 2026, an upper-level disturbance and an associated cold front swept across Central Indiana, triggering a broad swath of severe thunderstorms. Convection first initiated in the northern portions of the IND CWA, with the first reports of quarter-sized hail occurring in Howard and Madison counties. As the evening progressed, these storms moved into an environment characterized by moderate instability and strong vertical wind shear, allowing cells to become highly organized. The activity eventually evolved into a mixture of discrete supercells and organized line segments that tracked southeastward through the Indianapolis metro area and into southern Indiana.||The primary hazards associated with this event were large hail and damaging straight-line winds. The most significant hail report occurred in Knox County near Bicknell, where stones up to 2.00 inches in diameter were observed. Widespread hail ranging from 1.25 to 1.75 inches was also reported across Randolph, Marion, Sullivan, Daviess, and Martin counties. As the storms transitioned into a more linear configuration, wind damage became more prevalent. A peak measured gust of 64 mph was recorded in Jackson County, while a 62 mph gust was measured in Monroe County.",A tree was downed by thunderstorm wind gusts.,CSV
202603,22,2045,202603,22,2045,210300,1322498,INDIANA,18,2026,March,Hail,C,95,MADISON,IND,22-MAR-26 20:45:00,EST-5,22-MAR-26 20:45:00,0,0,0,0,,,Public,1.00,,,,,,,,,,,1.26,WNW,ANDERSON ACE ARPT,1.26,WNW,ANDERSON ACE ARPT,40.06,-85.69,40.06,-85.69,"On the evening of March 22, 2026, an upper-level disturbance and an associated cold front swept across Central Indiana, triggering a broad swath of severe thunderstorms. Convection first initiated in the northern portions of the IND CWA, with the first reports of quarter-sized hail occurring in Howard and Madison counties. As the evening progressed, these storms moved into an environment characterized by moderate instability and strong vertical wind shear, allowing cells to become highly organized. The activity eventually evolved into a mixture of discrete supercells and organized line segments that tracked southeastward through the Indianapolis metro area and into southern Indiana.||The primary hazards associated with this event were large hail and damaging straight-line winds. The most significant hail report occurred in Knox County near Bicknell, where stones up to 2.00 inches in diameter were observed. Widespread hail ranging from 1.25 to 1.75 inches was also reported across Randolph, Marion, Sullivan, Daviess, and Martin counties. As the storms transitioned into a more linear configuration, wind damage became more prevalent. A peak measured gust of 64 mph was recorded in Jackson County, while a 62 mph gust was measured in Monroe County.",,CSV
202603,15,2146,202603,15,2146,210083,1321934,INDIANA,18,2026,March,Thunderstorm Wind,C,93,LAWRENCE,IND,15-MAR-26 21:46:00,EST-5,15-MAR-26 21:46:00,0,0,0,0,15.00K,0.00K,Public,52.00,EG,,,,,,,,,,.88,NE,HARTLEYVILLE,.88,NE,HARTLEYVILLE,38.81,-86.52,38.81,-86.52,"On the afternoon of March 15, 2026, a strong and deepening upper-level trough strengthened an already potent 990 mb surface low as it crossed the northwestern Midwest into the southern Great Lakes.  The resultant surface gradient over central Indiana produced non-thunderstorm wind gusts that caused tree, powerline, and/or power pole damage in 10 local counties. Some structural damage was also reported and a 59 mph non-thunderstorm gust was measured at the Shelbyville Airport ASOS.   ||A few hours later, during the 15th evening, a fast-moving quasi-linear convective system (QLCS) then swept across central Indiana ahead of a cold front, fueled by a potent 55-knot low-level jet and strong synoptic forcing. Despite modest instability, a high-shear environment allowed the line to maintain intensity as it tracked from Knox County at o Henry County. The Storm Prediction Center had placed the region under a Slight Risk, citing the potential for damaging straight-line winds. This was realized as a peak gust of 71 mph (62 knots) was measured in Marion County, while the Indianapolis International Airport (KIND) recorded a 58 mph gust.||The resulting damage was widespread, primarily affecting timber and utility infrastructure. A significant swath of downed trees and power lines stretched from Manilla to Arlington in Rush County. Structural impacts were also noted, including shingle damage in Madison County and a fence destroyed in Johnson County. Throughout the event, multiple state roads���including SR 32 and SR 45���were obstructed by fallen trees, and large pine trees up to 1.5 feet in diameter were snapped in Bartholomew County, reflecting the intensity of the straight-line winds.",Trees and power lines downed by thunderstorm wind gusts near the intersection of US Highway 50 and State Road 37.,CSV
202603,15,1630,202603,15,1830,210083,1324458,INDIANA,18,2026,March,High Wind,Z,42,RANDOLPH,IND,15-MAR-26 16:30:00,EST-5,15-MAR-26 18:30:00,0,0,0,0,40.00K,0.00K,Amateur Radio,52.00,EG,,,,,,,,,,,,,,,,,,,,"On the afternoon of March 15, 2026, a strong and deepening upper-level trough strengthened an already potent 990 mb surface low as it crossed the northwestern Midwest into the southern Great Lakes.  The resultant surface gradient over central Indiana produced non-thunderstorm wind gusts that caused tree, powerline, and/or power pole damage in 10 local counties. Some structural damage was also reported and a 59 mph non-thunderstorm gust was measured at the Shelbyville Airport ASOS.   ||A few hours later, during the 15th evening, a fast-moving quasi-linear convective system (QLCS) then swept across central Indiana ahead of a cold front, fueled by a potent 55-knot low-level jet and strong synoptic forcing. Despite modest instability, a high-shear environment allowed the line to maintain intensity as it tracked from Knox County at o Henry County. The Storm Prediction Center had placed the region under a Slight Risk, citing the potential for damaging straight-line winds. This was realized as a peak gust of 71 mph (62 knots) was measured in Marion County, while the Indianapolis International Airport (KIND) recorded a 58 mph gust.||The resulting damage was widespread, primarily affecting timber and utility infrastructure. A significant swath of downed trees and power lines stretched from Manilla to Arlington in Rush County. Structural impacts were also noted, including shingle damage in Madison County and a fence destroyed in Johnson County. Throughout the event, multiple state roads���including SR 32 and SR 45���were obstructed by fallen trees, and large pine trees up to 1.5 feet in diameter were snapped in Bartholomew County, reflecting the intensity of the straight-line winds.",Non-thunderstorm wind gusts downed an approximately 60 foot tall and 3 ft diameter tree on to a house.,CSV
202604,27,1454,202604,27,1454,211277,1330646,INDIANA,18,2026,April,Hail,C,105,MONROE,IND,27-APR-26 14:54:00,EST-5,27-APR-26 14:54:00,0,0,0,0,,,Public,1.25,,,,,,,,,,,.69,S,CLEAR CREEK,.69,S,CLEAR CREEK,39.11,-86.53,39.11,-86.53,"On April 27, 2026, an upper-level shortwave trough and an associated deepening surface low-pressure system tracked across the Midwest. South of the low's path, a sufficiently unstable warm sector surged into central Indiana, characterized by rich boundary-layer moisture and strong low and deep layer wind shear. This setup supported multiple rounds of severe convection resulting in numerous damaging wind gusts or large hail reports. Three tornadoes also occurred between Jackson and Morgan Counties, along with flash flooding in Knox and Marion Counties.",,CSV
202604,27,1457,202604,27,1457,211277,1330647,INDIANA,18,2026,April,Thunderstorm Wind,C,27,DAVIESS,IND,27-APR-26 14:57:00,EST-5,27-APR-26 14:57:00,0,0,0,0,,,Public,52.00,MG,,,,,,,,,,4.18,N,FARLEN,4.18,N,FARLEN,38.89,-86.92,38.89,-86.92,"On April 27, 2026, an upper-level shortwave trough and an associated deepening surface low-pressure system tracked across the Midwest. South of the low's path, a sufficiently unstable warm sector surged into central Indiana, characterized by rich boundary-layer moisture and strong low and deep layer wind shear. This setup supported multiple rounds of severe convection resulting in numerous damaging wind gusts or large hail reports. Three tornadoes also occurred between Jackson and Morgan Counties, along with flash flooding in Knox and Marion Counties.",A 60 mph thunderstorm wind gust was measured by the public.,CSV
202604,27,1502,202604,27,1502,211277,1330648,INDIANA,18,2026,April,Hail,C,105,MONROE,IND,27-APR-26 15:02:00,EST-5,27-APR-26 15:02:00,0,0,0,0,,,Public,1.00,,,,,,,,,,,1.48,SSE,BLOOMINGTON,1.48,SSE,BLOOMINGTON,39.15,-86.51,39.15,-86.51,"On April 27, 2026, an upper-level shortwave trough and an associated deepening surface low-pressure system tracked across the Midwest. South of the low's path, a sufficiently unstable warm sector surged into central Indiana, characterized by rich boundary-layer moisture and strong low and deep layer wind shear. This setup supported multiple rounds of severe convection resulting in numerous damaging wind gusts or large hail reports. Three tornadoes also occurred between Jackson and Morgan Counties, along with flash flooding in Knox and Marion Counties.",,CSV
202604,27,1543,202604,27,1543,211277,1330650,INDIANA,18,2026,April,Thunderstorm Wind,C,83,KNOX,IND,27-APR-26 15:43:00,EST-5,27-APR-26 15:43:00,0,0,0,0,2.00K,,Emergency Manager,50.00,EG,,,,,,,,,,3.81,NNE,VINCENNES,3.81,NNE,VINCENNES,38.73,-87.49,38.73,-87.49,"On April 27, 2026, an upper-level shortwave trough and an associated deepening surface low-pressure system tracked across the Midwest. South of the low's path, a sufficiently unstable warm sector surged into central Indiana, characterized by rich boundary-layer moisture and strong low and deep layer wind shear. This setup supported multiple rounds of severe convection resulting in numerous damaging wind gusts or large hail reports. Three tornadoes also occurred between Jackson and Morgan Counties, along with flash flooding in Knox and Marion Counties.",Tree downed over roadway by thunderstorm wind gusts.,CSV
202603,22,2154,202603,22,2154,210949,1325540,INDIANA,18,2026,March,Hail,C,117,ORANGE,LMK,22-MAR-26 21:54:00,EST-5,22-MAR-26 21:54:00,0,0,0,0,,,Emergency Manager,1.00,,,,,,,,,,,1.75,NW,REGO,1.75,NW,REGO,38.4989,-86.3416,38.4989,-86.3416,"During the mid-to-late evening hours on March 22nd, a strong cold front dropped across the Ohio Valley, bringing a sharp drop in temperatures in addition to isolated strong to severe thunderstorms. During the afternoon hours, temperatures surged to near record levels in the mid-to-upper 80s, though dewpoint temperatures remained in the low-to-mid 50s. As a result, as the front moved into the region, instability remained relatively limited, with 500-1000 J/kg mixed-layer CAPE present. The large dewpoint depressions did allow for unseasonably high amounts of downdraft CAPE, and a strong gust front combined with the cold front to produce 45-55 mph winds separate from thunderstorms across southern Indiana and northern Kentucky. Scattered cells did become strong enough to produce near-severe size hail across southern Indiana, with between half inch and quarter size hail reported across Orange, Washington, and Harrison County.","Nickel to quarter size hail was observed in the eastern part of Orange County, near the Rego community. In French Lick and Paoli, smaller hailstones covered the ground.",CSV
202603,22,2257,202603,22,2257,210949,1325541,INDIANA,18,2026,March,Hail,C,61,HARRISON,LMK,22-MAR-26 22:57:00,EST-5,22-MAR-26 22:57:00,0,0,0,0,,,Public,0.75,,,,,,,,,,,1.09,E,NEW MIDDLETOWN,1.09,E,NEW MIDDLETOWN,38.17,-86.03,38.17,-86.03,"During the mid-to-late evening hours on March 22nd, a strong cold front dropped across the Ohio Valley, bringing a sharp drop in temperatures in addition to isolated strong to severe thunderstorms. During the afternoon hours, temperatures surged to near record levels in the mid-to-upper 80s, though dewpoint temperatures remained in the low-to-mid 50s. As a result, as the front moved into the region, instability remained relatively limited, with 500-1000 J/kg mixed-layer CAPE present. The large dewpoint depressions did allow for unseasonably high amounts of downdraft CAPE, and a strong gust front combined with the cold front to produce 45-55 mph winds separate from thunderstorms across southern Indiana and northern Kentucky. Scattered cells did become strong enough to produce near-severe size hail across southern Indiana, with between half inch and quarter size hail reported across Orange, Washington, and Harrison County.",Dime sized hail reported near New Middletown.,CSV
202603,15,2252,202603,15,2252,212056,1326994,INDIANA,18,2026,March,Thunderstorm Wind,C,143,SCOTT,LMK,15-MAR-26 22:52:00,EST-5,15-MAR-26 22:52:00,0,0,0,0,,0.00K,Broadcast Media,60.00,EG,,,,,,,,,,1.29,WSW,SCOTTSBURG,1.29,WSW,SCOTTSBURG,38.6697,-85.7898,38.6697,-85.7898,"During the late evening and overnight hours March 15th into March 16th, a strong upper level trough and associated cold front moved across the Ohio Valley. Ahead of the cold front, temperatures were in the 70s with dew point temperatures in the upper 50s and low 60s. This corridor of modest low-level destabilization contained between 250 and 500 J/kg of MLCAPE which was oriented immediately ahead of the surface front and the main line of showers and thunderstorms. With a corridor of 80 knot mid-level winds approaching from the west, effective bulk shear was between 40 and 50 knots for this event, creating a typical high-shear, low-CAPE setup for central Kentucky and southern Indiana. Given that the primary forcing mechanism was lifting along the cold front, convection evolved into a quasi-linear convective system that moved across southern Indiana during the late evening hours on March 15th into the early morning hours on March 16th. The main observed severe hazard was wind damage from straight-line winds, with scattered damage to trees and power lines being observed across southern Indiana. Brief mesovortices developed within the line of storms, prompting a tornado warning; however, no tornadoes were observed in southern Indiana during this event. The line of storms pushed east of the area by around 2 AM on March 16th, with much cooler air rushing into the area behind the cold front.",The Scottsburg Water Department had its roof peeled back on the 700 block of West Lake Road West.,CSV
202603,15,2300,202603,15,2300,212056,1326996,INDIANA,18,2026,March,Thunderstorm Wind,C,19,CLARK,LMK,15-MAR-26 23:00:00,EST-5,15-MAR-26 23:00:00,0,0,0,0,,0.00K,Emergency Manager,55.00,EG,,,,,,,,,,.98,E,CEMENTVILLE,.98,E,CEMENTVILLE,38.3489,-85.732,38.3489,-85.732,"During the late evening and overnight hours March 15th into March 16th, a strong upper level trough and associated cold front moved across the Ohio Valley. Ahead of the cold front, temperatures were in the 70s with dew point temperatures in the upper 50s and low 60s. This corridor of modest low-level destabilization contained between 250 and 500 J/kg of MLCAPE which was oriented immediately ahead of the surface front and the main line of showers and thunderstorms. With a corridor of 80 knot mid-level winds approaching from the west, effective bulk shear was between 40 and 50 knots for this event, creating a typical high-shear, low-CAPE setup for central Kentucky and southern Indiana. Given that the primary forcing mechanism was lifting along the cold front, convection evolved into a quasi-linear convective system that moved across southern Indiana during the late evening hours on March 15th into the early morning hours on March 16th. The main observed severe hazard was wind damage from straight-line winds, with scattered damage to trees and power lines being observed across southern Indiana. Brief mesovortices developed within the line of storms, prompting a tornado warning; however, no tornadoes were observed in southern Indiana during this event. The line of storms pushed east of the area by around 2 AM on March 16th, with much cooler air rushing into the area behind the cold front.","A semi flipped over, blocking westbound Interstate 265 at mile marker 33.6.",CSV
202603,9,0,202603,9,900,210078,1325902,INDIANA,18,2026,March,Flood,C,93,LAWRENCE,IND,09-MAR-26 00:00:00,EST-5,09-MAR-26 09:00:00,0,0,2,0,20.00K,0.00K,Broadcast Media,,,Heavy Rain,,,,,,,,,.31,NNW,LAWRENCEPORT,.51,WSW,HELTONVILLE,38.7539,-86.3829,38.7776,-86.3791,"During March 3 to March 7, 2026, large surface high pressure from the southeastern United States into the Atlantic focused a broad fetch of Gulf moisture northward into the Midwest.  A quasi-stationary frontal boundary near the Ohio Valley provided lift and focused, at times heavy rainfall over much of central Indiana, especially along the valley of the East Fork White River, and its tributaries northeast of Columbus through east-central central Indiana.||From the morning of the 3rd through dawn on the 4th, heavy rainfall over the watershed of the East Fork White's headwaters totaled mainly 2.00-3.75 inches.  Additional 1-day rainfall to dawn on the 5th, along the river's main stem from Columbus down through Martin County totaled generally 1.50-3.00 inches.  Further 2.5-day rainfall through late on the 7th was generally 1.00-2.00 inches along this main stem.  Overall 4.5-day rainfall totals were 4.00 to 6.00 inches for most portions of the entire East Fork White watershed.||Resultant widespread significant river flooding, including adjacent lowlands, from the Columbus area downstream through Jackson County, Lawrence County, and Martin County necessitated multiple water rescues.   Four persons over three counties perished when swept away by flood waters from the 6th to the 9th - three in motor vehicles and one in an airboat that encountered mechanical failure.","The East Fork White River, while cresting in moderate flood stage in southeastern Lawrence County, swept away a truck carrying two people during the overnight early on the 9th.  Both occupants were found submerged in 8 feet of water west of the Tunnelton community near the intersection of Earl Road and Lawrenceport Road.",CSV
202603,22,2024,202603,22,2024,210300,1322499,INDIANA,18,2026,March,Hail,C,97,MARION,IND,22-MAR-26 20:24:00,EST-5,22-MAR-26 20:24:00,0,0,0,0,,,Public,1.50,,,,,,,,,,,2.17,ENE,SUNSHINE GARDENS,2.17,ENE,SUNSHINE GARDENS,39.6961,-86.1848,39.6961,-86.1848,"On the evening of March 22, 2026, an upper-level disturbance and an associated cold front swept across Central Indiana, triggering a broad swath of severe thunderstorms. Convection first initiated in the northern portions of the IND CWA, with the first reports of quarter-sized hail occurring in Howard and Madison counties. As the evening progressed, these storms moved into an environment characterized by moderate instability and strong vertical wind shear, allowing cells to become highly organized. The activity eventually evolved into a mixture of discrete supercells and organized line segments that tracked southeastward through the Indianapolis metro area and into southern Indiana.||The primary hazards associated with this event were large hail and damaging straight-line winds. The most significant hail report occurred in Knox County near Bicknell, where stones up to 2.00 inches in diameter were observed. Widespread hail ranging from 1.25 to 1.75 inches was also reported across Randolph, Marion, Sullivan, Daviess, and Martin counties. As the storms transitioned into a more linear configuration, wind damage became more prevalent. A peak measured gust of 64 mph was recorded in Jackson County, while a 62 mph gust was measured in Monroe County.",,CSV
202603,22,2026,202603,22,2026,210300,1322500,INDIANA,18,2026,March,Thunderstorm Wind,C,21,CLAY,IND,22-MAR-26 20:26:00,EST-5,22-MAR-26 20:26:00,0,0,0,0,,,Trained Spotter,52.00,EG,,,,,,,,,,2.14,NNE,CLAY CITY,2.14,NNE,CLAY CITY,39.3,-87.11,39.3,-87.11,"On the evening of March 22, 2026, an upper-level disturbance and an associated cold front swept across Central Indiana, triggering a broad swath of severe thunderstorms. Convection first initiated in the northern portions of the IND CWA, with the first reports of quarter-sized hail occurring in Howard and Madison counties. As the evening progressed, these storms moved into an environment characterized by moderate instability and strong vertical wind shear, allowing cells to become highly organized. The activity eventually evolved into a mixture of discrete supercells and organized line segments that tracked southeastward through the Indianapolis metro area and into southern Indiana.||The primary hazards associated with this event were large hail and damaging straight-line winds. The most significant hail report occurred in Knox County near Bicknell, where stones up to 2.00 inches in diameter were observed. Widespread hail ranging from 1.25 to 1.75 inches was also reported across Randolph, Marion, Sullivan, Daviess, and Martin counties. As the storms transitioned into a more linear configuration, wind damage became more prevalent. A peak measured gust of 64 mph was recorded in Jackson County, while a 62 mph gust was measured in Monroe County.",A 60 mph thunderstorm wind gust was estimated at this location.,CSV
202603,15,2153,202603,15,2153,210083,1321935,INDIANA,18,2026,March,Thunderstorm Wind,C,105,MONROE,IND,15-MAR-26 21:53:00,EST-5,15-MAR-26 21:53:00,0,0,0,0,2.00K,0.00K,Public,50.00,EG,,,,,,,,,,.54,W,UNIONVILLE,.54,W,UNIONVILLE,39.23,-86.43,39.23,-86.43,"On the afternoon of March 15, 2026, a strong and deepening upper-level trough strengthened an already potent 990 mb surface low as it crossed the northwestern Midwest into the southern Great Lakes.  The resultant surface gradient over central Indiana produced non-thunderstorm wind gusts that caused tree, powerline, and/or power pole damage in 10 local counties. Some structural damage was also reported and a 59 mph non-thunderstorm gust was measured at the Shelbyville Airport ASOS.   ||A few hours later, during the 15th evening, a fast-moving quasi-linear convective system (QLCS) then swept across central Indiana ahead of a cold front, fueled by a potent 55-knot low-level jet and strong synoptic forcing. Despite modest instability, a high-shear environment allowed the line to maintain intensity as it tracked from Knox County at o Henry County. The Storm Prediction Center had placed the region under a Slight Risk, citing the potential for damaging straight-line winds. This was realized as a peak gust of 71 mph (62 knots) was measured in Marion County, while the Indianapolis International Airport (KIND) recorded a 58 mph gust.||The resulting damage was widespread, primarily affecting timber and utility infrastructure. A significant swath of downed trees and power lines stretched from Manilla to Arlington in Rush County. Structural impacts were also noted, including shingle damage in Madison County and a fence destroyed in Johnson County. Throughout the event, multiple state roads���including SR 32 and SR 45���were obstructed by fallen trees, and large pine trees up to 1.5 feet in diameter were snapped in Bartholomew County, reflecting the intensity of the straight-line winds.",Tree downed by thunderstorm wind gusts near State Road 45.,CSV
202603,15,1330,202603,15,1530,210083,1324454,INDIANA,18,2026,March,High Wind,Z,62,MONROE,IND,15-MAR-26 13:30:00,EST-5,15-MAR-26 15:30:00,0,0,0,0,20.00K,0.00K,Amateur Radio,52.00,EG,,,,,,,,,,,,,,,,,,,,"On the afternoon of March 15, 2026, a strong and deepening upper-level trough strengthened an already potent 990 mb surface low as it crossed the northwestern Midwest into the southern Great Lakes.  The resultant surface gradient over central Indiana produced non-thunderstorm wind gusts that caused tree, powerline, and/or power pole damage in 10 local counties. Some structural damage was also reported and a 59 mph non-thunderstorm gust was measured at the Shelbyville Airport ASOS.   ||A few hours later, during the 15th evening, a fast-moving quasi-linear convective system (QLCS) then swept across central Indiana ahead of a cold front, fueled by a potent 55-knot low-level jet and strong synoptic forcing. Despite modest instability, a high-shear environment allowed the line to maintain intensity as it tracked from Knox County at o Henry County. The Storm Prediction Center had placed the region under a Slight Risk, citing the potential for damaging straight-line winds. This was realized as a peak gust of 71 mph (62 knots) was measured in Marion County, while the Indianapolis International Airport (KIND) recorded a 58 mph gust.||The resulting damage was widespread, primarily affecting timber and utility infrastructure. A significant swath of downed trees and power lines stretched from Manilla to Arlington in Rush County. Structural impacts were also noted, including shingle damage in Madison County and a fence destroyed in Johnson County. Throughout the event, multiple state roads���including SR 32 and SR 45���were obstructed by fallen trees, and large pine trees up to 1.5 feet in diameter were snapped in Bartholomew County, reflecting the intensity of the straight-line winds.",Non-thunderstorm wind gusts downed trees and powerlines in the county.,CSV
202604,13,1420,202604,13,1420,211375,1320514,INDIANA,18,2026,April,Thunderstorm Wind,C,127,PORTER,LOT,13-APR-26 14:20:00,CST-6,13-APR-26 14:20:00,0,0,0,0,0.00K,0.00K,ASOS,51.00,MG,,,,,,,,,,0,N,(VPZ) PORTER COUNTY REGIONAL AIRPORT,0,N,(VPZ) PORTER COUNTY REGIONAL AIRPORT,41.45,-87.01,41.45,-87.01,"Scattered thunderstorms moved across parts of northwest Indiana during the afternoon of April 13th, producing isolated hail and localized severe wind gusts.",,CSV
202604,13,1414,202604,13,1414,211375,1320515,INDIANA,18,2026,April,Thunderstorm Wind,C,111,NEWTON,LOT,13-APR-26 14:14:00,CST-6,13-APR-26 14:14:00,0,0,0,0,0.00K,0.00K,Public,50.00,MG,,,,,,,,,,2.93,SSW,ENOS,2.93,SSW,ENOS,40.98,-87.469,40.98,-87.469,"Scattered thunderstorms moved across parts of northwest Indiana during the afternoon of April 13th, producing isolated hail and localized severe wind gusts.",A personal weather station measured a wind gust to 58 mph.,CSV
202604,13,1443,202604,13,1445,211375,1320516,INDIANA,18,2026,April,Hail,C,73,JASPER,LOT,13-APR-26 14:43:00,CST-6,13-APR-26 14:45:00,0,0,0,0,0.00K,0.00K,Social Media,1.25,,,,,,,,,,,.87,SE,(RZL) JASPER COUNTY AIRPORT,.87,SE,(RZL) JASPER COUNTY AIRPORT,40.94,-87.17,40.94,-87.17,"Scattered thunderstorms moved across parts of northwest Indiana during the afternoon of April 13th, producing isolated hail and localized severe wind gusts.",A photo showed hail slightly larger than quarter size east of the Jasper County Fairgrounds.,CSV
202604,27,2300,202604,28,0,211023,1320599,INDIANA,18,2026,April,Flash Flood,C,155,SWITZERLAND,ILN,27-APR-26 23:00:00,EST-5,28-APR-26 00:00:00,0,0,0,0,2.00K,0.00K,State Official,,,Heavy Rain,,,,,,,,,1.06,ENE,BENNINGTON,1.45,ENE,BENNINGTON,38.857,-85.1325,38.8585,-85.1254,Thunderstorms developed during the evening hours as a low pressure system lifted northeast across the Great Lakes.,"Indian Creek was out of its banks, causing Nell Lee Road to be closed. A parked car was trapped in the high water.",CSV
202604,27,1706,202604,27,1708,211023,1320600,INDIANA,18,2026,April,Thunderstorm Wind,C,137,RIPLEY,ILN,27-APR-26 17:06:00,EST-5,27-APR-26 17:08:00,0,0,0,0,1.00K,0.00K,State Official,45.00,EG,,,,,,,,,,1.59,W,ELROD,1.59,W,ELROD,39.0534,-85.1993,39.0534,-85.1993,Thunderstorms developed during the evening hours as a low pressure system lifted northeast across the Great Lakes.,A tree was downed along East County Road 125 South.,CSV
202604,27,2252,202604,27,2254,211023,1320601,INDIANA,18,2026,April,Thunderstorm Wind,C,177,WAYNE,ILN,27-APR-26 22:52:00,EST-5,27-APR-26 22:54:00,0,0,0,0,2.00K,0.00K,State Official,45.00,EG,,,,,,,,,,.87,SE,HAGERSTOWN,.87,SE,HAGERSTOWN,39.91,-85.16,39.91,-85.16,Thunderstorms developed during the evening hours as a low pressure system lifted northeast across the Great Lakes.,A few power lines were downed.,CSV
202604,27,2300,202604,27,2302,211023,1320602,INDIANA,18,2026,April,Thunderstorm Wind,C,41,FAYETTE,ILN,27-APR-26 23:00:00,EST-5,27-APR-26 23:02:00,0,0,0,0,3.00K,0.00K,State Official,50.00,EG,,,,,,,,,,.3,N,HARRISBURG,.3,N,HARRISBURG,39.6844,-85.1795,39.6844,-85.1795,Thunderstorms developed during the evening hours as a low pressure system lifted northeast across the Great Lakes.,A few trees were downed just south of Fayette Central Elementary School.,CSV
202604,27,2302,202604,27,2304,211023,1320603,INDIANA,18,2026,April,Thunderstorm Wind,C,177,WAYNE,ILN,27-APR-26 23:02:00,EST-5,27-APR-26 23:04:00,0,0,0,0,1.00K,0.00K,State Official,45.00,EG,,,,,,,,,,.34,NNE,FOUNTAIN CITY,.34,NNE,FOUNTAIN CITY,39.9541,-84.9166,39.9541,-84.9166,Thunderstorms developed during the evening hours as a low pressure system lifted northeast across the Great Lakes.,A tree was downed in Fountain City.,CSV
202604,27,2312,202604,27,2314,211023,1320605,INDIANA,18,2026,April,Thunderstorm Wind,C,177,WAYNE,ILN,27-APR-26 23:12:00,EST-5,27-APR-26 23:14:00,0,0,0,0,3.00K,0.00K,State Official,50.00,EG,,,,,,,,,,1.22,SE,SPRING GROVE,1.22,SE,SPRING GROVE,39.8373,-84.864,39.8373,-84.864,Thunderstorms developed during the evening hours as a low pressure system lifted northeast across the Great Lakes.,A few trees were downed in Glen Miller Park.,CSV
202604,22,1411,202604,22,1412,212840,1331693,INDIANA,18,2026,April,Hail,C,49,FULTON,IWX,22-APR-26 14:11:00,EST-5,22-APR-26 14:12:00,0,0,0,0,0.00K,0.00K,Public,0.88,,,,,,,,,,,1.56,E,TALMA,1.56,E,TALMA,41.15,-86.1,41.15,-86.1,Discrete severe thunderstorms developed off of Lake Michigan and tracked southeast producing a few reports of quarter-sized hail.,Facebook report of nickel size hail in far northeast Fulton County southwest of Mentone.,CSV
202604,22,1420,202604,22,1421,212840,1331695,INDIANA,18,2026,April,Hail,C,85,KOSCIUSKO,IWX,22-APR-26 14:20:00,EST-5,22-APR-26 14:21:00,0,0,0,0,1.00K,0.00K,Public,1.00,,,,,,,,,,,1.04,W,SEVASTOPOL,1.04,W,SEVASTOPOL,41.13,-86.04,41.13,-86.04,Discrete severe thunderstorms developed off of Lake Michigan and tracked southeast producing a few reports of quarter-sized hail.,Photo on Facebook showing hailstones ranging from dime to quarter size on SR 19 near the West 700 South.,CSV
202604,22,1518,202604,22,1519,212840,1331698,INDIANA,18,2026,April,Hail,C,103,MIAMI,IWX,22-APR-26 15:18:00,EST-5,22-APR-26 15:19:00,0,0,0,0,1.00K,0.00K,Trained Spotter,1.00,,,,,,,,,,,.69,S,DENVER,.69,S,DENVER,40.86,-86.08,40.86,-86.08,Discrete severe thunderstorms developed off of Lake Michigan and tracked southeast producing a few reports of quarter-sized hail.,,CSV
202604,22,1530,202604,22,1531,212840,1331700,INDIANA,18,2026,April,Hail,C,169,WABASH,IWX,22-APR-26 15:30:00,EST-5,22-APR-26 15:31:00,0,0,0,0,0.00K,0.00K,Trained Spotter,0.88,,,,,,,,,,,0,N,NORTH MANCHESTER,0,N,NORTH MANCHESTER,41,-85.77,41,-85.77,Discrete severe thunderstorms developed off of Lake Michigan and tracked southeast producing a few reports of quarter-sized hail.,,CSV
202604,27,2340,202604,27,2342,211023,1320607,INDIANA,18,2026,April,Thunderstorm Wind,C,137,RIPLEY,ILN,27-APR-26 23:40:00,EST-5,27-APR-26 23:42:00,0,0,0,0,5.00K,0.00K,State Official,50.00,EG,,,,,,,,,,0,N,BATESVILLE,0,N,BATESVILLE,39.3,-85.22,39.3,-85.22,Thunderstorms developed during the evening hours as a low pressure system lifted northeast across the Great Lakes.,Several trees were downed in the Batesville area.,CSV
202604,27,2354,202604,27,2356,211023,1320608,INDIANA,18,2026,April,Thunderstorm Wind,C,47,FRANKLIN,ILN,27-APR-26 23:54:00,EST-5,27-APR-26 23:56:00,0,0,0,0,3.00K,0.00K,State Official,50.00,EG,,,,,,,,,,1.27,WNW,DREWERSBURG,1.27,WNW,DREWERSBURG,39.34,-84.84,39.34,-84.84,Thunderstorms developed during the evening hours as a low pressure system lifted northeast across the Great Lakes.,A few trees were downed in Drewersburg.,CSV
202604,28,10,202604,28,12,211023,1320609,INDIANA,18,2026,April,Thunderstorm Wind,C,47,FRANKLIN,ILN,28-APR-26 00:10:00,EST-5,28-APR-26 00:12:00,0,0,0,0,5.00K,0.00K,Emergency Manager,50.00,EG,,,,,,,,,,2.14,SSE,MT CARMEL,2.14,SSE,MT CARMEL,39.37,-84.86,39.37,-84.86,Thunderstorms developed during the evening hours as a low pressure system lifted northeast across the Great Lakes.,A couple of barns were damaged.,CSV
202604,27,2208,202604,27,2209,212994,1332971,INDIANA,18,2026,April,Thunderstorm Wind,C,9,BLACKFORD,IWX,27-APR-26 22:08:00,EST-5,27-APR-26 22:09:00,0,0,0,0,0.00K,0.00K,Emergency Manager,53.00,MG,,,,,,,,,,0,N,HARTFORD CITY,0,N,HARTFORD CITY,40.45,-85.37,40.45,-85.37,"On the evening of April 27, a line of severe storms moved into west-central Indiana, becoming a more organized QLCS. A few sporadic wind damage reports and a few measured 60-70 mph wind gusts occurred in Cass, Grant, and Blackford counties.",,CSV
202604,27,2153,202604,27,2154,212994,1332972,INDIANA,18,2026,April,Thunderstorm Wind,C,53,GRANT,IWX,27-APR-26 21:53:00,EST-5,27-APR-26 21:54:00,0,0,0,0,5.00K,0.00K,Public,61.00,EG,,,,,,,,,,.69,N,ARCANA,.69,N,ARCANA,40.54,-85.5,40.54,-85.5,"On the evening of April 27, a line of severe storms moved into west-central Indiana, becoming a more organized QLCS. A few sporadic wind damage reports and a few measured 60-70 mph wind gusts occurred in Cass, Grant, and Blackford counties.",Report of damage east of Eastbrook. Damage to a shed and fence at one home and a window blown out at another. A barn in the area also has damage.,CSV
202604,27,2150,202604,27,2151,212994,1332973,INDIANA,18,2026,April,Thunderstorm Wind,C,53,GRANT,IWX,27-APR-26 21:50:00,EST-5,27-APR-26 21:51:00,0,0,0,0,2.00K,0.00K,Public,52.00,EG,,,,,,,,,,1.26,ESE,SHADY HILLS,1.26,ESE,SHADY HILLS,40.56,-85.65,40.56,-85.65,"On the evening of April 27, a line of severe storms moved into west-central Indiana, becoming a more organized QLCS. A few sporadic wind damage reports and a few measured 60-70 mph wind gusts occurred in Cass, Grant, and Blackford counties.",Report of a tree down and damage to a porch on the east side of Marion.,CSV
202604,27,2150,202604,27,2151,212994,1332974,INDIANA,18,2026,April,Thunderstorm Wind,C,53,GRANT,IWX,27-APR-26 21:50:00,EST-5,27-APR-26 21:51:00,0,0,0,0,0.00K,0.00K,Public,62.00,MG,,,,,,,,,,1.48,SSW,DAVIS,1.48,SSW,DAVIS,40.56,-85.64,40.56,-85.64,"On the evening of April 27, a line of severe storms moved into west-central Indiana, becoming a more organized QLCS. A few sporadic wind damage reports and a few measured 60-70 mph wind gusts occurred in Cass, Grant, and Blackford counties.",Report of a 70.7 mph gust recorded on a personal weather station.,CSV
202604,27,2150,202604,27,2151,212994,1332975,INDIANA,18,2026,April,Thunderstorm Wind,C,53,GRANT,IWX,27-APR-26 21:50:00,EST-5,27-APR-26 21:51:00,0,0,0,0,1.00K,0.00K,Public,52.00,EG,,,,,,,,,,.87,NE,GAS CITY,.87,NE,GAS CITY,40.49,-85.61,40.49,-85.61,"On the evening of April 27, a line of severe storms moved into west-central Indiana, becoming a more organized QLCS. A few sporadic wind damage reports and a few measured 60-70 mph wind gusts occurred in Cass, Grant, and Blackford counties.",Video on Facebook shows a large tree falling in Gas City.,CSV
202604,27,2045,202604,27,2046,212994,1332976,INDIANA,18,2026,April,Thunderstorm Wind,C,17,CASS,IWX,27-APR-26 20:45:00,EST-5,27-APR-26 20:46:00,0,0,0,0,10.00K,0.00K,Emergency Manager,52.00,EG,,,,,,,,,,1.07,SSE,ADAMSBORO,1.07,SSE,ADAMSBORO,40.7659,-86.2617,40.7659,-86.2617,"On the evening of April 27, a line of severe storms moved into west-central Indiana, becoming a more organized QLCS. A few sporadic wind damage reports and a few measured 60-70 mph wind gusts occurred in Cass, Grant, and Blackford counties.",Trees and powerlines down on N CR 600 E between Logansport Rd and Division Rd.,CSV
202604,2,1830,202604,2,1831,212144,1326345,INDIANA,18,2026,April,Thunderstorm Wind,C,17,CASS,IWX,02-APR-26 18:30:00,EST-5,02-APR-26 18:31:00,0,0,0,0,7.50K,0.00K,Emergency Manager,56.00,EG,,,,,,,,,,2.96,WSW,ROYAL CENTER,2.96,WSW,ROYAL CENTER,40.85,-86.55,40.85,-86.55,A broken line of thunderstorms developed over Illinois in the afternoon and tracked into northern Indiana. Wind gusts of 55 mph to 65 mph were recorded resulting in at least one instance of tree and property damage.,Emergency manager reports that a roof was blown off of a barn.,CSV
202604,2,1849,202604,2,1850,212144,1326346,INDIANA,18,2026,April,Thunderstorm Wind,C,99,MARSHALL,IWX,02-APR-26 18:49:00,EST-5,02-APR-26 18:50:00,0,0,0,0,1.00K,0.00K,Emergency Manager,52.00,EG,,,,,,,,,,1.73,NE,INWOOD,1.73,NE,INWOOD,41.34,-86.18,41.34,-86.18,A broken line of thunderstorms developed over Illinois in the afternoon and tracked into northern Indiana. Wind gusts of 55 mph to 65 mph were recorded resulting in at least one instance of tree and property damage.,Emergency manager reports large tree down across the road.,CSV
202604,2,2054,202604,2,2055,212144,1326348,INDIANA,18,2026,April,Thunderstorm Wind,C,3,ALLEN,IWX,02-APR-26 20:54:00,EST-5,02-APR-26 20:55:00,0,0,0,0,0.00K,0.00K,ASOS,50.00,MG,,,,,,,,,,0,N,(FWA)BAER FLD FT WAY,0,N,(FWA)BAER FLD FT WAY,40.98,-85.18,40.98,-85.18,A broken line of thunderstorms developed over Illinois in the afternoon and tracked into northern Indiana. Wind gusts of 55 mph to 65 mph were recorded resulting in at least one instance of tree and property damage.,,CSV
202604,1,0,202604,7,700,210811,1322794,INDIANA,18,2026,April,Drought,Z,21,CARROLL,IND,01-APR-26 00:00:00,EST-5,07-APR-26 07:00:00,0,0,0,0,,,Drought Monitor,,,,,,,,,,,,,,,,,,,,,,"Prolonged Extreme Drought (D3) had been present across much of far northern central Indiana, including most of Carroll County, since the January 6th 2026 update, with all of Carroll County and northern Tippecanoe County also falling into D3 between the March 3rd and March 17th updates.  All of these areas improved to Severe Drought (D2) on March 24th, with further improvement occurring on March 31st when the area of D2 decreased to only portions of Carroll County near and north-northwest of Camden, and extreme north-centeral Tippecanoe County.||This final patch of D2 across central Indiana's northern-most one percent, lingered amid very heavy rainfall of 2.20 to 3.60 inches during a one-week period through the early morning of April 7th.  The corresponding weekly update saw this area undergo a rare two-intensity-level downgrade to D0 (Abnormally Dry).","April began with Severe Drought (D2) near and north-northwest of Camden, but following 2.20 to 3.60 inches of rainfall in only 1 week, on April 7th this area improved two drought intensity levels to Abnormally Dry (D0).",CSV
202604,1,0,202604,7,700,210811,1322795,INDIANA,18,2026,April,Drought,Z,29,TIPPECANOE,IND,01-APR-26 00:00:00,EST-5,07-APR-26 07:00:00,0,0,0,0,,,Drought Monitor,,,,,,,,,,,,,,,,,,,,,,"Prolonged Extreme Drought (D3) had been present across much of far northern central Indiana, including most of Carroll County, since the January 6th 2026 update, with all of Carroll County and northern Tippecanoe County also falling into D3 between the March 3rd and March 17th updates.  All of these areas improved to Severe Drought (D2) on March 24th, with further improvement occurring on March 31st when the area of D2 decreased to only portions of Carroll County near and north-northwest of Camden, and extreme north-centeral Tippecanoe County.||This final patch of D2 across central Indiana's northern-most one percent, lingered amid very heavy rainfall of 2.20 to 3.60 inches during a one-week period through the early morning of April 7th.  The corresponding weekly update saw this area undergo a rare two-intensity-level downgrade to D0 (Abnormally Dry).","April began with Severe Drought (D2) in extreme north-central parts of the county, but following 2.80 to 3.30 inches of rainfall in only 1 week, on April 7th this area improved two drought intensity levels to Abnormally Dry (D0).",CSV
202604,13,31,202604,13,31,210947,1322791,INDIANA,18,2026,April,High Wind,Z,47,MARION,IND,13-APR-26 00:31:00,EST-5,13-APR-26 00:31:00,0,0,0,0,,,ASOS,56.00,MG,,,,,,,,,,,,,,,,,,,,"On April 13th, a large trough of surface low pressure aligned from the central Plains to Ontario, combined with a very large surface ridge occupying the Deep South to the Atlantic Seaboard, to produce a strong surface pressure gradient across the Midwest.  Additionally, a small mid-level short wave trough, lifting from the Middle Mississippi Valley to the southern Great Lakes, induced a low-level jet stream over Indiana that produced 50-60 mph winds within 5,000 feet of the surface.  These very strong to marginally severe winds mixed down as gusts, including an observed 64 mph gust at the KIND Indianapolis Airport very early on the 13th.",,CSV
202604,21,1600,202604,21,2200,211197,1322796,INDIANA,18,2026,April,Wildfire,Z,40,MADISON,IND,21-APR-26 16:00:00,EST-5,21-APR-26 22:00:00,0,0,0,0,,,Emergency Manager,,,,,,,,,,,,,,,,,,,,,,"On April 21st, strong amplified high pressure along eastern North America promoted a robust surface gradient over Indiana, which produced southwesterly wind gusts of 25-40 mph through the afternoon to early evening.  Relative humidity in the Anderson area fell to the 15-20 percent range during 1515 to 1815LT, which combined with the higher wind gusts to promoted both the ignition and maintenance of a wildfire in central Madison County.","A field fire occurred for several late day to early evening hours within most of a 313 acre area between Indiana Route 9, and County Roads 200 West, 300 North and 400 North. The fire made travel difficult on local roads but did not impact any highways.  Fire fighters from multiple agencies contained the fire to where it burned itself out.",CSV
202604,15,1305,202604,15,1420,212828,1331615,INDIANA,18,2026,April,Flood,C,99,MARSHALL,IWX,15-APR-26 13:05:00,EST-5,15-APR-26 14:20:00,0,0,0,0,0.00K,0.00K,Emergency Manager,,,Heavy Rain,,,,,,,,,.52,E,PLYMOUTH,.91,E,PLYMOUTH,41.35,-86.31,41.3513,-86.3025,An area of thunderstorms moving out of Illinois intensified upon reaching north-central Indiana. Hail in excess of 2 inches in diameter was recorded along with at least one instance of damaging winds. Storms remained severe as they entered northwest Ohio.,"A majority appears to be in normally flood-prone areas, but it has also started to hit other areas too. Up to 3 vehicle rescues.",CSV
202604,27,1600,202604,27,1635,212995,1332992,INDIANA,18,2026,April,Strong Wind,Z,7,STEUBEN,IWX,27-APR-26 16:00:00,EST-5,27-APR-26 16:35:00,0,0,0,0,10.00K,0.00K,AWOS,40.00,MG,,,,,,,,,,,,,,,,,,,,"In the wake of convection earlier in the day, a meso-low moved through far northwest Indiana and southwest Michigan, producing a widespread swath of 45-55+ mph wind gusts. The highest wind gust report was a 70 mph gust that occurred at the South Bend Airport.",,CSV
202604,3,1613,202604,3,1613,210814,1322448,INDIANA,18,2026,April,Hail,C,171,WARREN,IND,03-APR-26 16:13:00,EST-5,03-APR-26 16:13:00,0,0,0,0,,,Public,1.00,,,,,,,,,,,4.55,E,GREENHILL,4.55,E,GREENHILL,40.45,-87.0934,40.45,-87.0934,"On April 3rd, severe thunderstorms swept through the central Indiana region, with Warren County specifically targeted by an isolated stronger storm that tracked across the county, producing 1 inch hail near the Tippecanoe County border. The hail was part of a broader severe system that also triggered tornado warnings in adjacent Benton County.",,CSV
202604,3,1710,202604,3,1710,210814,1322449,INDIANA,18,2026,April,Hail,C,171,WARREN,IND,03-APR-26 17:10:00,EST-5,03-APR-26 17:10:00,0,0,0,0,,,Public,0.88,,,,,,,,,,,3.93,ESE,GREENHILL,3.93,ESE,GREENHILL,40.43,-87.11,40.43,-87.11,"On April 3rd, severe thunderstorms swept through the central Indiana region, with Warren County specifically targeted by an isolated stronger storm that tracked across the county, producing 1 inch hail near the Tippecanoe County border. The hail was part of a broader severe system that also triggered tornado warnings in adjacent Benton County.",,CSV
202604,14,1615,202604,14,1615,210971,1322206,INDIANA,18,2026,April,Hail,C,11,BOONE,IND,14-APR-26 16:15:00,EST-5,14-APR-26 16:15:00,0,0,0,0,,,Public,1.50,,,,,,,,,,,1.48,NNE,MILLEDGEVILLE,1.48,NNE,MILLEDGEVILLE,39.99,-86.49,39.99,-86.49,"On April 14th, discrete rotating supercell thunderstorms tracking across central Indiana, produced significant hail across northern zones of the region. A prominent storm cell tracked from Lafayette through Marion, dropping golf ball ball-sized hail. Later in the afternoon, a complex of storms caused isolated wind damage in eastern Henry County.",,CSV
202604,14,1635,202604,14,1635,210971,1322207,INDIANA,18,2026,April,Hail,C,67,HOWARD,IND,14-APR-26 16:35:00,EST-5,14-APR-26 16:35:00,0,0,0,0,,,Trained Spotter,1.25,,,,,,,,,,,1.48,SSW,CASSVILLE,1.48,SSW,CASSVILLE,40.55,-86.13,40.55,-86.13,"On April 14th, discrete rotating supercell thunderstorms tracking across central Indiana, produced significant hail across northern zones of the region. A prominent storm cell tracked from Lafayette through Marion, dropping golf ball ball-sized hail. Later in the afternoon, a complex of storms caused isolated wind damage in eastern Henry County.",,CSV
202604,14,1635,202604,14,1635,210971,1322209,INDIANA,18,2026,April,Hail,C,67,HOWARD,IND,14-APR-26 16:35:00,EST-5,14-APR-26 16:35:00,0,0,0,0,,,Emergency Manager,1.75,,,,,,,,,,,1.48,SSW,CASSVILLE,1.48,SSW,CASSVILLE,40.55,-86.13,40.55,-86.13,"On April 14th, discrete rotating supercell thunderstorms tracking across central Indiana, produced significant hail across northern zones of the region. A prominent storm cell tracked from Lafayette through Marion, dropping golf ball ball-sized hail. Later in the afternoon, a complex of storms caused isolated wind damage in eastern Henry County.",,CSV
202604,14,1733,202604,14,1733,210971,1322210,INDIANA,18,2026,April,Thunderstorm Wind,C,65,HENRY,IND,14-APR-26 17:33:00,EST-5,14-APR-26 17:33:00,0,0,0,0,2.00K,0.00K,911 Call Center,50.00,EG,,,,,,,,,,.87,SW,LURAY,.87,SW,LURAY,40.06,-85.38,40.06,-85.38,"On April 14th, discrete rotating supercell thunderstorms tracking across central Indiana, produced significant hail across northern zones of the region. A prominent storm cell tracked from Lafayette through Marion, dropping golf ball ball-sized hail. Later in the afternoon, a complex of storms caused isolated wind damage in eastern Henry County.",Tree downed by thunderstorm wind gusts.,CSV
202604,15,1252,202604,15,1253,212828,1331616,INDIANA,18,2026,April,Hail,C,85,KOSCIUSKO,IWX,15-APR-26 12:52:00,EST-5,15-APR-26 12:53:00,0,0,0,0,1.00K,0.00K,Broadcast Media,2.00,,,,,,,,,,,0,N,CLAYPOOL,0,N,CLAYPOOL,41.13,-85.88,41.13,-85.88,An area of thunderstorms moving out of Illinois intensified upon reaching north-central Indiana. Hail in excess of 2 inches in diameter was recorded along with at least one instance of damaging winds. Storms remained severe as they entered northwest Ohio.,Broadcast media relayed a photo from the public of what is estimated to be between 2 and 2.25 inch hail in Claypool.,CSV
202604,15,1255,202604,15,1256,212828,1331617,INDIANA,18,2026,April,Hail,C,85,KOSCIUSKO,IWX,15-APR-26 12:55:00,EST-5,15-APR-26 12:56:00,0,0,0,0,1.00K,0.00K,Amateur Radio,1.25,,,,,,,,,,,.86,NE,CLAYPOOL,.86,NE,CLAYPOOL,41.14,-85.87,41.14,-85.87,An area of thunderstorms moving out of Illinois intensified upon reaching north-central Indiana. Hail in excess of 2 inches in diameter was recorded along with at least one instance of damaging winds. Storms remained severe as they entered northwest Ohio.,Hail ranging from marble to half dollar size reported on the northeast side of Claypool.,CSV
202604,15,1300,202604,15,1301,212828,1331618,INDIANA,18,2026,April,Hail,C,85,KOSCIUSKO,IWX,15-APR-26 13:00:00,EST-5,15-APR-26 13:01:00,0,0,0,0,1.00K,0.00K,Amateur Radio,1.00,,,,,,,,,,,2.5,ESE,WARSAW,2.5,ESE,WARSAW,41.21,-85.79,41.21,-85.79,An area of thunderstorms moving out of Illinois intensified upon reaching north-central Indiana. Hail in excess of 2 inches in diameter was recorded along with at least one instance of damaging winds. Storms remained severe as they entered northwest Ohio.,Amateur radio reports 1 inch hail at the Stonehenge Golf Course.,CSV
202604,15,1234,202604,15,1235,212828,1331619,INDIANA,18,2026,April,Thunderstorm Wind,C,49,FULTON,IWX,15-APR-26 12:34:00,EST-5,15-APR-26 12:35:00,0,0,0,0,8.00K,0.00K,Emergency Manager,52.00,EG,,,,,,,,,,1.48,SSE,ROCHESTER ARPT,1.48,SSE,ROCHESTER ARPT,41.05,-86.17,41.05,-86.17,An area of thunderstorms moving out of Illinois intensified upon reaching north-central Indiana. Hail in excess of 2 inches in diameter was recorded along with at least one instance of damaging winds. Storms remained severe as they entered northwest Ohio.,Emergency Management reports portions of a flat roof at Elks Lodge ripped off. Time estimated by radar.,CSV
202604,17,2351,202604,17,2353,212838,1331644,INDIANA,18,2026,April,Tornado,C,141,ST. JOSEPH,IWX,17-APR-26 23:51:00,EST-5,17-APR-26 23:53:00,0,0,0,0,0.00K,0.00K,NWS Storm Survey,,,,,EF0,1.28,200,,,,,3.56,N,(SBN)MICHIANA ARPT S,2.88,NW,ROSELAND,41.7515,-86.3158,41.7572,-86.2924,"A line of thunderstorms raced out of Illinois in the evening of April 17th. Prior to becoming outflow dominant and weakening east of South Bend, IN, the line of thunderstorms produced one tornado along with instances of damaging wind gusts.","A survey of damage near the Indiana/Michigan state line confirmed as disorganized tornado touched down on Adams Rd, between Mayflower and Portage Rd then quickly tracked across Portage Rd into 2 subdivisions on the east side of Portage Rd. Pockets of|tree damage occurred with the majority of any structure damage caused by falling trees. The tornado lifted east of Alpine Ridge Ct. Maximum winds were estimated at 80 mph.",CSV
202604,17,2346,202604,17,2347,212838,1331648,INDIANA,18,2026,April,Thunderstorm Wind,C,141,ST. JOSEPH,IWX,17-APR-26 23:46:00,EST-5,17-APR-26 23:47:00,0,0,0,0,15.00K,0.00K,Broadcast Media,56.00,EG,,,,,,,,,,.52,E,LYDICK,.52,E,LYDICK,41.7,-86.37,41.7,-86.37,"A line of thunderstorms raced out of Illinois in the evening of April 17th. Prior to becoming outflow dominant and weakening east of South Bend, IN, the line of thunderstorms produced one tornado along with instances of damaging wind gusts.",Broadcast media reports nine trees down. NWS damage survey determined evidence was inconclusive and damage was ruled straight-line winds of 60 to 70 mph.,CSV
202604,17,2217,202604,17,2218,212838,1331652,INDIANA,18,2026,April,Thunderstorm Wind,C,149,STARKE,IWX,17-APR-26 22:17:00,CST-6,17-APR-26 22:18:00,0,0,0,0,0.00K,0.00K,Public,52.00,EG,,,,,,,,,,.52,W,NORTH JUDSON,.52,W,NORTH JUDSON,41.22,-86.79,41.22,-86.79,"A line of thunderstorms raced out of Illinois in the evening of April 17th. Prior to becoming outflow dominant and weakening east of South Bend, IN, the line of thunderstorms produced one tornado along with instances of damaging wind gusts.",Public reports large tree limbs down.,CSV
202604,17,2232,202604,17,2233,212838,1331663,INDIANA,18,2026,April,Thunderstorm Wind,C,91,LA PORTE,IWX,17-APR-26 22:32:00,CST-6,17-APR-26 22:33:00,0,0,0,0,35.00K,0.00K,Trained Spotter,61.00,EG,,,,,,,,,,1.73,NW,MILL CREEK,1.73,NW,MILL CREEK,41.6,-86.55,41.6,-86.55,"A line of thunderstorms raced out of Illinois in the evening of April 17th. Prior to becoming outflow dominant and weakening east of South Bend, IN, the line of thunderstorms produced one tornado along with instances of damaging wind gusts.",Delayed report. A barn was blown down on CR-75 South just east of CR-775 East in LaPorte County.,CSV
202604,17,2338,202604,17,2339,212838,1331670,INDIANA,18,2026,April,Thunderstorm Wind,C,99,MARSHALL,IWX,17-APR-26 23:38:00,EST-5,17-APR-26 23:39:00,0,0,0,0,30.00K,0.00K,Emergency Manager,61.00,EG,,,,,,,,,,3.17,NNW,BURR OAK,3.17,NNW,BURR OAK,41.29,-86.45,41.29,-86.45,"A line of thunderstorms raced out of Illinois in the evening of April 17th. Prior to becoming outflow dominant and weakening east of South Bend, IN, the line of thunderstorms produced one tornado along with instances of damaging wind gusts.",Emergency manager reports power lines downed and snapped on State Road 8 between Upas and Union roads. Time estimated from radar.,CSV
202604,2,1859,202604,2,1900,212144,1326347,INDIANA,18,2026,April,Thunderstorm Wind,C,85,KOSCIUSKO,IWX,02-APR-26 18:59:00,EST-5,02-APR-26 19:00:00,0,0,0,0,0.00K,0.00K,Trained Spotter,55.00,MG,,,,,,,,,,.86,NW,MENTONE,.86,NW,MENTONE,41.18,-86.04,41.18,-86.04,A broken line of thunderstorms developed over Illinois in the afternoon and tracked into northern Indiana. Wind gusts of 55 mph to 65 mph were recorded resulting in at least one instance of tree and property damage.,Measured with an anemometer.,CSV
202604,17,2340,202604,17,2341,212838,1331676,INDIANA,18,2026,April,Thunderstorm Wind,C,99,MARSHALL,IWX,17-APR-26 23:40:00,EST-5,17-APR-26 23:41:00,0,0,0,0,2.00K,0.00K,Emergency Manager,61.00,EG,,,,,,,,,,2.14,NNW,TWIN LAKES,2.14,NNW,TWIN LAKES,41.33,-86.38,41.33,-86.38,"A line of thunderstorms raced out of Illinois in the evening of April 17th. Prior to becoming outflow dominant and weakening east of South Bend, IN, the line of thunderstorms produced one tornado along with instances of damaging wind gusts.",Emergency manager reports a few large trees downed.,CSV
202604,17,2346,202604,17,2347,212838,1331678,INDIANA,18,2026,April,Thunderstorm Wind,C,99,MARSHALL,IWX,17-APR-26 23:46:00,EST-5,17-APR-26 23:47:00,0,0,0,0,5.00K,0.00K,Emergency Manager,61.00,EG,,,,,,,,,,2.14,NNW,TWIN LAKES,2.14,NNW,TWIN LAKES,41.33,-86.38,41.33,-86.38,"A line of thunderstorms raced out of Illinois in the evening of April 17th. Prior to becoming outflow dominant and weakening east of South Bend, IN, the line of thunderstorms produced one tornado along with instances of damaging wind gusts.","Emergency Manager reported multiple trees down across the roadway west of Plymouth in Marshall County, Indiana.",CSV
202604,17,2355,202604,17,2356,212838,1331679,INDIANA,18,2026,April,Thunderstorm Wind,C,49,FULTON,IWX,17-APR-26 23:55:00,EST-5,17-APR-26 23:56:00,0,0,0,0,0.00K,0.00K,AWOS,51.00,MG,,,,,,,,,,0,N,ROCHESTER ARPT,0,N,ROCHESTER ARPT,41.07,-86.18,41.07,-86.18,"A line of thunderstorms raced out of Illinois in the evening of April 17th. Prior to becoming outflow dominant and weakening east of South Bend, IN, the line of thunderstorms produced one tornado along with instances of damaging wind gusts.",,CSV
202604,27,1445,202604,27,1530,212995,1332985,INDIANA,18,2026,April,Strong Wind,Z,103,NORTHERN LA PORTE COUNTY,IWX,27-APR-26 14:45:00,CST-6,27-APR-26 15:30:00,0,0,0,0,10.00K,0.00K,Trained Spotter,43.00,EG,,,,,,,,,,,,,,,,,,,,"In the wake of convection earlier in the day, a meso-low moved through far northwest Indiana and southwest Michigan, producing a widespread swath of 45-55+ mph wind gusts. The highest wind gust report was a 70 mph gust that occurred at the South Bend Airport.","Trained spotter estimated 50 to 55 mph wind gusts. KPPO recorded a 52 mph wind gust. As a result, numerous reports were received of trees and powerlines down, as well as large branches down in and around La Porte.",CSV
202604,27,1527,202604,27,1600,212995,1332988,INDIANA,18,2026,April,High Wind,Z,104,EASTERN ST. JOSEPH COUNTY,IWX,27-APR-26 15:27:00,EST-5,27-APR-26 16:00:00,0,0,0,0,10.00K,0.00K,ASOS,61.00,MG,,,,,,,,,,,,,,,,,,,,"In the wake of convection earlier in the day, a meso-low moved through far northwest Indiana and southwest Michigan, producing a widespread swath of 45-55+ mph wind gusts. The highest wind gust report was a 70 mph gust that occurred at the South Bend Airport.","A 70 mph wind gust was recorded at KSBN. Received numerous calls of trees, powerlines, and large branches down in and around the greater South Bend area.",CSV
202604,27,1550,202604,27,1630,212995,1332989,INDIANA,18,2026,April,Strong Wind,Z,5,ELKHART,IWX,27-APR-26 15:50:00,EST-5,27-APR-26 16:30:00,0,0,0,0,10.00K,0.00K,Public,43.00,EG,,,,,,,,,,,,,,,,,,,,"In the wake of convection earlier in the day, a meso-low moved through far northwest Indiana and southwest Michigan, producing a widespread swath of 45-55+ mph wind gusts. The highest wind gust report was a 70 mph gust that occurred at the South Bend Airport.","A member of the public reported numerous trees down around Simonton Lake. Nearby ASOS, KGSH, recorded a 43 mph wind gust.",CSV
202604,27,1550,202604,27,1630,212995,1332990,INDIANA,18,2026,April,Strong Wind,Z,116,NORTHERN KOSCIUSKO COUNTY,IWX,27-APR-26 15:50:00,EST-5,27-APR-26 16:30:00,0,0,0,0,1.00K,0.00K,Public,43.00,EG,,,,,,,,,,,,,,,,,,,,"In the wake of convection earlier in the day, a meso-low moved through far northwest Indiana and southwest Michigan, producing a widespread swath of 45-55+ mph wind gusts. The highest wind gust report was a 70 mph gust that occurred at the South Bend Airport.",A member of the public reported a very large tree and numerous branches down |in Oswego.,CSV
202604,27,1550,202604,27,1630,212995,1332991,INDIANA,18,2026,April,Strong Wind,Z,8,NOBLE,IWX,27-APR-26 15:50:00,EST-5,27-APR-26 16:30:00,0,0,0,0,10.00K,0.00K,Emergency Manager,43.00,EG,,,,,,,,,,,,,,,,,,,,"In the wake of convection earlier in the day, a meso-low moved through far northwest Indiana and southwest Michigan, producing a widespread swath of 45-55+ mph wind gusts. The highest wind gust report was a 70 mph gust that occurred at the South Bend Airport.","Emergency manager reports several trees are down, blocking roads in Noble County.",CSV
202604,27,1700,202604,27,1735,212995,1333348,INDIANA,18,2026,April,Strong Wind,Z,32,GRANT,IWX,27-APR-26 17:00:00,EST-5,27-APR-26 17:35:00,0,0,0,0,5.00K,0.00K,Trained Spotter,43.00,EG,,,,,,,,,,,,,,,,,,,,"In the wake of convection earlier in the day, a meso-low moved through far northwest Indiana and southwest Michigan, producing a widespread swath of 45-55+ mph wind gusts. The highest wind gust report was a 70 mph gust that occurred at the South Bend Airport.",Trained spotter estimates 50-55 mph wind gusts with minor shingle damage noted to |homes in the area.,CSV
202604,27,1245,202604,27,1330,211385,1334324,INDIANA,18,2026,April,High Wind,Z,1,LAKE,LOT,27-APR-26 12:45:00,CST-6,27-APR-26 13:30:00,0,0,0,0,0.00K,0.00K,Public,52.00,EG,,,,,,,,,,,,,,,,,,,,"A line of showers and embedded thunderstorms moved across northwest Indiana during the late morning and early afternoon of April 27th.  On the back side of this precipitation, a wake low developed, producing wind gusts between as high as 60 mph, which blew down trees, tree limbs and power lines.  Scattered thunderstorms moved across west central Indiana during the evening of April 27th producing isolated wind damage.","Multiple reports of downed power poles and trees, including some snapped at the base, came out of the vicinity of St. John, Cedar Lake, and Crown Point. Southeast of Schererville, a few trees were downed onto homes. One vehicle was struck by a falling power pole in St. John.",CSV
202604,27,1300,202604,27,1330,211385,1334326,INDIANA,18,2026,April,High Wind,Z,2,PORTER,LOT,27-APR-26 13:00:00,CST-6,27-APR-26 13:30:00,0,0,0,0,0.00K,0.00K,Public,50.00,EG,,,,,,,,,,,,,,,,,,,,"A line of showers and embedded thunderstorms moved across northwest Indiana during the late morning and early afternoon of April 27th.  On the back side of this precipitation, a wake low developed, producing wind gusts between as high as 60 mph, which blew down trees, tree limbs and power lines.  Scattered thunderstorms moved across west central Indiana during the evening of April 27th producing isolated wind damage.",Multiple large branches and at least one tree were downed near Portage.,CSV
202604,27,1315,202604,27,1345,211385,1334327,INDIANA,18,2026,April,High Wind,Z,2,PORTER,LOT,27-APR-26 13:15:00,CST-6,27-APR-26 13:45:00,0,0,0,0,0.00K,0.00K,Public,50.00,EG,,,,,,,,,,,,,,,,,,,,"A line of showers and embedded thunderstorms moved across northwest Indiana during the late morning and early afternoon of April 27th.  On the back side of this precipitation, a wake low developed, producing wind gusts between as high as 60 mph, which blew down trees, tree limbs and power lines.  Scattered thunderstorms moved across west central Indiana during the evening of April 27th producing isolated wind damage.",A 95-foot tall radio tower collapsed near Lincolnway and Yellowstone roads in Valparaiso. Large tree limbs were also reported down nearby.,CSV
202604,27,1905,202604,27,1905,211385,1334328,INDIANA,18,2026,April,Thunderstorm Wind,C,7,BENTON,LOT,27-APR-26 19:05:00,EST-5,27-APR-26 19:05:00,0,0,0,0,0.00K,0.00K,Public,52.00,MG,,,,,,,,,,3.77,WSW,FOWLER,3.77,WSW,FOWLER,40.59,-87.38,40.59,-87.38,"A line of showers and embedded thunderstorms moved across northwest Indiana during the late morning and early afternoon of April 27th.  On the back side of this precipitation, a wake low developed, producing wind gusts between as high as 60 mph, which blew down trees, tree limbs and power lines.  Scattered thunderstorms moved across west central Indiana during the evening of April 27th producing isolated wind damage.",,CSV
202602,15,2200,202602,16,900,210585,1316899,INDIANA,18,2026,February,Dense Fog,Z,81,GIBSON,PAH,15-FEB-26 22:00:00,CST-6,16-FEB-26 09:00:00,0,0,0,0,0.00K,0.00K,AWOS,,,,,,,,,,,,,,,,,,,,,,"Clearing skies and light winds under high pressure, along with lingering low-level moisture, allowed for widespread dense fog formation to develop late evening across Southwest Indiana. Dense fog continued until the mid-morning hours. Most locations reported low temperatures slightly below freezing but no reports were made of freezing fog development.",,CSV
202602,15,2200,202602,16,900,210585,1316901,INDIANA,18,2026,February,Dense Fog,Z,82,PIKE,PAH,15-FEB-26 22:00:00,CST-6,16-FEB-26 09:00:00,0,0,0,0,0.00K,0.00K,AWOS,,,,,,,,,,,,,,,,,,,,,,"Clearing skies and light winds under high pressure, along with lingering low-level moisture, allowed for widespread dense fog formation to develop late evening across Southwest Indiana. Dense fog continued until the mid-morning hours. Most locations reported low temperatures slightly below freezing but no reports were made of freezing fog development.",,CSV
202602,15,2300,202602,16,900,210585,1316902,INDIANA,18,2026,February,Dense Fog,Z,85,POSEY,PAH,15-FEB-26 23:00:00,CST-6,16-FEB-26 09:00:00,0,0,0,0,0.00K,0.00K,AWOS,,,,,,,,,,,,,,,,,,,,,,"Clearing skies and light winds under high pressure, along with lingering low-level moisture, allowed for widespread dense fog formation to develop late evening across Southwest Indiana. Dense fog continued until the mid-morning hours. Most locations reported low temperatures slightly below freezing but no reports were made of freezing fog development.",,CSV
202602,15,2300,202602,16,1000,210585,1316903,INDIANA,18,2026,February,Dense Fog,Z,88,SPENCER,PAH,15-FEB-26 23:00:00,CST-6,16-FEB-26 10:00:00,0,0,0,0,0.00K,0.00K,AWOS,,,,,,,,,,,,,,,,,,,,,,"Clearing skies and light winds under high pressure, along with lingering low-level moisture, allowed for widespread dense fog formation to develop late evening across Southwest Indiana. Dense fog continued until the mid-morning hours. Most locations reported low temperatures slightly below freezing but no reports were made of freezing fog development.",,CSV
202602,15,2300,202602,16,1000,210585,1316904,INDIANA,18,2026,February,Dense Fog,Z,87,WARRICK,PAH,15-FEB-26 23:00:00,CST-6,16-FEB-26 10:00:00,0,0,0,0,0.00K,0.00K,AWOS,,,,,,,,,,,,,,,,,,,,,,"Clearing skies and light winds under high pressure, along with lingering low-level moisture, allowed for widespread dense fog formation to develop late evening across Southwest Indiana. Dense fog continued until the mid-morning hours. Most locations reported low temperatures slightly below freezing but no reports were made of freezing fog development.",,CSV
202602,16,0,202602,16,930,210585,1316905,INDIANA,18,2026,February,Dense Fog,Z,86,VANDERBURGH,PAH,16-FEB-26 00:00:00,CST-6,16-FEB-26 09:30:00,0,0,0,0,0.00K,0.00K,ASOS,,,,,,,,,,,,,,,,,,,,,,"Clearing skies and light winds under high pressure, along with lingering low-level moisture, allowed for widespread dense fog formation to develop late evening across Southwest Indiana. Dense fog continued until the mid-morning hours. Most locations reported low temperatures slightly below freezing but no reports were made of freezing fog development.",,CSV
202602,19,337,202602,19,337,210698,1317183,INDIANA,18,2026,February,Hail,C,15,CARROLL,IND,19-FEB-26 03:37:00,EST-5,19-FEB-26 03:37:00,0,0,0,0,,,Public,1.00,,,,,,,,,,,1.49,NE,SLEETH,1.49,NE,SLEETH,40.6474,-86.6833,40.6474,-86.6833,"A strengthening storm system lifted through the Middle Mississippi Valley on the 19th, dragging its warm frontal zone northward through the Midwest, and bringing near-record high temperatures and anomalous dewpoints into central Indiana.  Multiple rounds of severe weather occurred over the region, from early morning large hail in two far-northern zones, covering roads in Warren County, to more organized evening severe weather from rotating supercell thunderstorms.  Through the evening of the 19th, the destabilized atmosphere combined with a stregthening low-level jet stream that progressed eastward into the region, boosting 0-1 km wind shear as high as 300 m2/s2.  A resultant cluster of discrete late-day to evening supercells were focused along the frontal zone, near or south of the Interstate 70 corridor, and produced scattered large hail over 6 counties and isolated wind damage to trees and/or power poles in 4 counties.  ||A stronger supercell with a history of producing two weak tornadoes in Crawford County, Illinois, continued into central Indiana, spawning an EF-0 tornado in Sullivan County, an intense EF-2 just west of Bloomington that caused extensive structural damage to homes, apartments, and airport facilities, and a brief EF-U in Decatur County;  this cell also produced ping-pong ball (1.50-inch diameter) sized hail in Greene and Monroe Counties.",,CSV
202604,17,2135,202604,17,2135,211381,1333994,INDIANA,18,2026,April,Thunderstorm Wind,C,89,LAKE,LOT,17-APR-26 21:35:00,CST-6,17-APR-26 21:35:00,0,0,0,0,0.00K,0.00K,Social Media,56.00,EG,,,,,,,,,,1.48,E,KREITZBURG,0,N,ST JOHN,41.434,-87.4918,41.45,-87.47,A line of severe thunderstorms moved across northwest Indiana during the late evening of April 17th producing scattered wind damage and three tornadoes.,Numerous tree branches were downed around and southwest of St. John.,CSV
202604,17,2145,202604,17,2145,211381,1333997,INDIANA,18,2026,April,Thunderstorm Wind,C,111,NEWTON,LOT,17-APR-26 21:45:00,CST-6,17-APR-26 21:45:00,0,0,0,0,0.00K,0.00K,Emergency Manager,56.00,EG,,,,,,,,,,1.73,N,EFFNER,1.7,N,KENTLAND,40.7948,-87.5247,40.7946,-87.4405,A line of severe thunderstorms moved across northwest Indiana during the late evening of April 17th producing scattered wind damage and three tornadoes.,Numerous power lines and poles were downed south of CR 1300S extending from State Line Rd to US-41.,CSV
202604,17,2149,202604,17,2149,211381,1333999,INDIANA,18,2026,April,Thunderstorm Wind,C,127,PORTER,LOT,17-APR-26 21:49:00,CST-6,17-APR-26 21:49:00,0,0,0,0,0.00K,0.00K,Social Media,52.00,EG,,,,,,,,,,1.55,E,BEATRICE,1.55,E,BEATRICE,41.43,-87.16,41.43,-87.16,A line of severe thunderstorms moved across northwest Indiana during the late evening of April 17th producing scattered wind damage and three tornadoes.,A one foot diameter hardwood tree was uprooted near Lakes of the Four Seasons.,CSV
202604,17,2207,202604,17,2207,211381,1334000,INDIANA,18,2026,April,Thunderstorm Wind,C,127,PORTER,LOT,17-APR-26 22:07:00,CST-6,17-APR-26 22:07:00,0,0,0,0,0.00K,0.00K,Public,50.00,MG,,,,,,,,,,2.76,S,CLANRICARDE,2.76,S,CLANRICARDE,41.25,-86.95,41.25,-86.95,A line of severe thunderstorms moved across northwest Indiana during the late evening of April 17th producing scattered wind damage and three tornadoes.,,CSV
202602,1,0,202602,28,2359,209579,1311365,INDIANA,18,2026,February,Drought,Z,51,VIGO,IND,01-FEB-26 00:00:00,EST-5,28-FEB-26 23:59:00,0,0,0,0,,,Drought Monitor,,,,,,,,,,,,,,,,,,,,,,"The severe to extreme drought conditions that became entrenched across central Indiana during the winter of 2025-2026 persisted through the month of February. While January had seen a significant degradation and expansion of drought intensity, February was characterized by a stagnant status quo, where meager precipitation totals prevented any meaningful recovery. Extreme Drought (D3) remained fixed across the north-central corridor, while Severe Drought (D2) continued to blanket much of the surrounding West Central and Central Indiana counties.||The most intense conditions remained centered on Howard County, which stayed entirely within D3 intensity throughout the month. This Extreme Drought also maintained its grip on much of Carroll and Delaware counties, the northern half of Tipton County, and the northern third of Madison County. Furthermore, D3 conditions remained fixed in the far northwestern corner of Randolph County and northeastern Clinton County. Surrounding these areas, D2 conditions were maintained across the entirety of Warren, Tippecanoe, Fountain, and Vermillion counties, as well as the majority of Boone, Hamilton, and Montgomery counties. On the southern fringe of the drought���s extent, D2 intensity persisted in northwestern Parke, northwestern Vigo, and northern Henry counties.||Precipitation throughout February was once again critically low, frequently falling well below 50% of monthly norms. The driest conditions were observed in the northwest, where Warren County recorded less than a tenth of an inch of liquid equivalent, and Tippecanoe County saw only around 0.20 inches. Other hard-hit areas, including Carroll, Howard, and Delaware counties, saw totals struggle to reach 1.00 inch. While southern and eastern fringes like Henry and Parke counties received slightly higher totals ranging from 1.50 to 2.00 inches, the moisture was insufficient to overcome the long-term deficits. While D2 conditions were proscribed to end in March for several counties���including Vigo, Hamilton, and Boone���the drought remained firmly established for the majority of the region as the month concluded.",Precipitation totaled only around 1.20 to 1.60 inches across the month of February. This maintained D2 conditions across northwestern Vigo county. D2 conditions would end with the March 10th drought monitor update.,CSV
202602,1,0,202602,28,2359,209579,1311366,INDIANA,18,2026,February,Drought,Z,43,VERMILLION,IND,01-FEB-26 00:00:00,EST-5,28-FEB-26 23:59:00,0,0,0,0,,,Drought Monitor,,,,,,,,,,,,,,,,,,,,,,"The severe to extreme drought conditions that became entrenched across central Indiana during the winter of 2025-2026 persisted through the month of February. While January had seen a significant degradation and expansion of drought intensity, February was characterized by a stagnant status quo, where meager precipitation totals prevented any meaningful recovery. Extreme Drought (D3) remained fixed across the north-central corridor, while Severe Drought (D2) continued to blanket much of the surrounding West Central and Central Indiana counties.||The most intense conditions remained centered on Howard County, which stayed entirely within D3 intensity throughout the month. This Extreme Drought also maintained its grip on much of Carroll and Delaware counties, the northern half of Tipton County, and the northern third of Madison County. Furthermore, D3 conditions remained fixed in the far northwestern corner of Randolph County and northeastern Clinton County. Surrounding these areas, D2 conditions were maintained across the entirety of Warren, Tippecanoe, Fountain, and Vermillion counties, as well as the majority of Boone, Hamilton, and Montgomery counties. On the southern fringe of the drought���s extent, D2 intensity persisted in northwestern Parke, northwestern Vigo, and northern Henry counties.||Precipitation throughout February was once again critically low, frequently falling well below 50% of monthly norms. The driest conditions were observed in the northwest, where Warren County recorded less than a tenth of an inch of liquid equivalent, and Tippecanoe County saw only around 0.20 inches. Other hard-hit areas, including Carroll, Howard, and Delaware counties, saw totals struggle to reach 1.00 inch. While southern and eastern fringes like Henry and Parke counties received slightly higher totals ranging from 1.50 to 2.00 inches, the moisture was insufficient to overcome the long-term deficits. While D2 conditions were proscribed to end in March for several counties���including Vigo, Hamilton, and Boone���the drought remained firmly established for the majority of the region as the month concluded.",Precipitation totaled only around 1.00 to 1.40 inches across the month of February. This maintained D2 conditions across all of Vermillion county. D2 conditions would end with the March 17th drought monitor update.,CSV
202602,1,0,202602,28,2359,209579,1311367,INDIANA,18,2026,February,Drought,Z,28,WARREN,IND,01-FEB-26 00:00:00,EST-5,28-FEB-26 23:59:00,0,0,0,0,,,Drought Monitor,,,,,,,,,,,,,,,,,,,,,,"The severe to extreme drought conditions that became entrenched across central Indiana during the winter of 2025-2026 persisted through the month of February. While January had seen a significant degradation and expansion of drought intensity, February was characterized by a stagnant status quo, where meager precipitation totals prevented any meaningful recovery. Extreme Drought (D3) remained fixed across the north-central corridor, while Severe Drought (D2) continued to blanket much of the surrounding West Central and Central Indiana counties.||The most intense conditions remained centered on Howard County, which stayed entirely within D3 intensity throughout the month. This Extreme Drought also maintained its grip on much of Carroll and Delaware counties, the northern half of Tipton County, and the northern third of Madison County. Furthermore, D3 conditions remained fixed in the far northwestern corner of Randolph County and northeastern Clinton County. Surrounding these areas, D2 conditions were maintained across the entirety of Warren, Tippecanoe, Fountain, and Vermillion counties, as well as the majority of Boone, Hamilton, and Montgomery counties. On the southern fringe of the drought���s extent, D2 intensity persisted in northwestern Parke, northwestern Vigo, and northern Henry counties.||Precipitation throughout February was once again critically low, frequently falling well below 50% of monthly norms. The driest conditions were observed in the northwest, where Warren County recorded less than a tenth of an inch of liquid equivalent, and Tippecanoe County saw only around 0.20 inches. Other hard-hit areas, including Carroll, Howard, and Delaware counties, saw totals struggle to reach 1.00 inch. While southern and eastern fringes like Henry and Parke counties received slightly higher totals ranging from 1.50 to 2.00 inches, the moisture was insufficient to overcome the long-term deficits. While D2 conditions were proscribed to end in March for several counties���including Vigo, Hamilton, and Boone���the drought remained firmly established for the majority of the region as the month concluded.",Precipitation totaled less than a tenth of an inch across the month of February. This maintained D2 conditions across all of Warren county. These drought conditions continued into at least March 2026.,CSV
202602,1,0,202602,28,2359,209579,1311368,INDIANA,18,2026,February,Drought,Z,35,FOUNTAIN,IND,01-FEB-26 00:00:00,EST-5,28-FEB-26 23:59:00,0,0,0,0,,,Drought Monitor,,,,,,,,,,,,,,,,,,,,,,"The severe to extreme drought conditions that became entrenched across central Indiana during the winter of 2025-2026 persisted through the month of February. While January had seen a significant degradation and expansion of drought intensity, February was characterized by a stagnant status quo, where meager precipitation totals prevented any meaningful recovery. Extreme Drought (D3) remained fixed across the north-central corridor, while Severe Drought (D2) continued to blanket much of the surrounding West Central and Central Indiana counties.||The most intense conditions remained centered on Howard County, which stayed entirely within D3 intensity throughout the month. This Extreme Drought also maintained its grip on much of Carroll and Delaware counties, the northern half of Tipton County, and the northern third of Madison County. Furthermore, D3 conditions remained fixed in the far northwestern corner of Randolph County and northeastern Clinton County. Surrounding these areas, D2 conditions were maintained across the entirety of Warren, Tippecanoe, Fountain, and Vermillion counties, as well as the majority of Boone, Hamilton, and Montgomery counties. On the southern fringe of the drought���s extent, D2 intensity persisted in northwestern Parke, northwestern Vigo, and northern Henry counties.||Precipitation throughout February was once again critically low, frequently falling well below 50% of monthly norms. The driest conditions were observed in the northwest, where Warren County recorded less than a tenth of an inch of liquid equivalent, and Tippecanoe County saw only around 0.20 inches. Other hard-hit areas, including Carroll, Howard, and Delaware counties, saw totals struggle to reach 1.00 inch. While southern and eastern fringes like Henry and Parke counties received slightly higher totals ranging from 1.50 to 2.00 inches, the moisture was insufficient to overcome the long-term deficits. While D2 conditions were proscribed to end in March for several counties���including Vigo, Hamilton, and Boone���the drought remained firmly established for the majority of the region as the month concluded.",Precipitation totaled only around 0.40 inches across the month of February. This maintained D2 conditions across the entire county through the month of February. These drought conditions continued into at least March 2026.,CSV
202602,1,0,202602,28,2359,209579,1311369,INDIANA,18,2026,February,Drought,Z,29,TIPPECANOE,IND,01-FEB-26 00:00:00,EST-5,28-FEB-26 23:59:00,0,0,0,0,,,Drought Monitor,,,,,,,,,,,,,,,,,,,,,,"The severe to extreme drought conditions that became entrenched across central Indiana during the winter of 2025-2026 persisted through the month of February. While January had seen a significant degradation and expansion of drought intensity, February was characterized by a stagnant status quo, where meager precipitation totals prevented any meaningful recovery. Extreme Drought (D3) remained fixed across the north-central corridor, while Severe Drought (D2) continued to blanket much of the surrounding West Central and Central Indiana counties.||The most intense conditions remained centered on Howard County, which stayed entirely within D3 intensity throughout the month. This Extreme Drought also maintained its grip on much of Carroll and Delaware counties, the northern half of Tipton County, and the northern third of Madison County. Furthermore, D3 conditions remained fixed in the far northwestern corner of Randolph County and northeastern Clinton County. Surrounding these areas, D2 conditions were maintained across the entirety of Warren, Tippecanoe, Fountain, and Vermillion counties, as well as the majority of Boone, Hamilton, and Montgomery counties. On the southern fringe of the drought���s extent, D2 intensity persisted in northwestern Parke, northwestern Vigo, and northern Henry counties.||Precipitation throughout February was once again critically low, frequently falling well below 50% of monthly norms. The driest conditions were observed in the northwest, where Warren County recorded less than a tenth of an inch of liquid equivalent, and Tippecanoe County saw only around 0.20 inches. Other hard-hit areas, including Carroll, Howard, and Delaware counties, saw totals struggle to reach 1.00 inch. While southern and eastern fringes like Henry and Parke counties received slightly higher totals ranging from 1.50 to 2.00 inches, the moisture was insufficient to overcome the long-term deficits. While D2 conditions were proscribed to end in March for several counties���including Vigo, Hamilton, and Boone���the drought remained firmly established for the majority of the region as the month concluded.",Precipitation totaled only around 0.2 inches across the month of February. This maintained D2 conditions across all of Tippecanoe county through the month. These drought conditions continued into at least March 2026.,CSV
202602,1,0,202602,28,2359,209579,1311370,INDIANA,18,2026,February,Drought,Z,36,MONTGOMERY,IND,01-FEB-26 00:00:00,EST-5,28-FEB-26 23:59:00,0,0,0,0,,,Drought Monitor,,,,,,,,,,,,,,,,,,,,,,"The severe to extreme drought conditions that became entrenched across central Indiana during the winter of 2025-2026 persisted through the month of February. While January had seen a significant degradation and expansion of drought intensity, February was characterized by a stagnant status quo, where meager precipitation totals prevented any meaningful recovery. Extreme Drought (D3) remained fixed across the north-central corridor, while Severe Drought (D2) continued to blanket much of the surrounding West Central and Central Indiana counties.||The most intense conditions remained centered on Howard County, which stayed entirely within D3 intensity throughout the month. This Extreme Drought also maintained its grip on much of Carroll and Delaware counties, the northern half of Tipton County, and the northern third of Madison County. Furthermore, D3 conditions remained fixed in the far northwestern corner of Randolph County and northeastern Clinton County. Surrounding these areas, D2 conditions were maintained across the entirety of Warren, Tippecanoe, Fountain, and Vermillion counties, as well as the majority of Boone, Hamilton, and Montgomery counties. On the southern fringe of the drought���s extent, D2 intensity persisted in northwestern Parke, northwestern Vigo, and northern Henry counties.||Precipitation throughout February was once again critically low, frequently falling well below 50% of monthly norms. The driest conditions were observed in the northwest, where Warren County recorded less than a tenth of an inch of liquid equivalent, and Tippecanoe County saw only around 0.20 inches. Other hard-hit areas, including Carroll, Howard, and Delaware counties, saw totals struggle to reach 1.00 inch. While southern and eastern fringes like Henry and Parke counties received slightly higher totals ranging from 1.50 to 2.00 inches, the moisture was insufficient to overcome the long-term deficits. While D2 conditions were proscribed to end in March for several counties���including Vigo, Hamilton, and Boone���the drought remained firmly established for the majority of the region as the month concluded.",Precipitation totaled only around 1.00 to 1.60 inches across the month of February. This maintained D2 conditions across all but far southern Montgomery county through the month of February. D2 conditions would end with the March 17th drought monitor update.,CSV
202602,1,0,202602,28,2359,209579,1311371,INDIANA,18,2026,February,Drought,Z,21,CARROLL,IND,01-FEB-26 00:00:00,EST-5,28-FEB-26 23:59:00,0,0,0,0,,,Drought Monitor,,,,,,,,,,,,,,,,,,,,,,"The severe to extreme drought conditions that became entrenched across central Indiana during the winter of 2025-2026 persisted through the month of February. While January had seen a significant degradation and expansion of drought intensity, February was characterized by a stagnant status quo, where meager precipitation totals prevented any meaningful recovery. Extreme Drought (D3) remained fixed across the north-central corridor, while Severe Drought (D2) continued to blanket much of the surrounding West Central and Central Indiana counties.||The most intense conditions remained centered on Howard County, which stayed entirely within D3 intensity throughout the month. This Extreme Drought also maintained its grip on much of Carroll and Delaware counties, the northern half of Tipton County, and the northern third of Madison County. Furthermore, D3 conditions remained fixed in the far northwestern corner of Randolph County and northeastern Clinton County. Surrounding these areas, D2 conditions were maintained across the entirety of Warren, Tippecanoe, Fountain, and Vermillion counties, as well as the majority of Boone, Hamilton, and Montgomery counties. On the southern fringe of the drought���s extent, D2 intensity persisted in northwestern Parke, northwestern Vigo, and northern Henry counties.||Precipitation throughout February was once again critically low, frequently falling well below 50% of monthly norms. The driest conditions were observed in the northwest, where Warren County recorded less than a tenth of an inch of liquid equivalent, and Tippecanoe County saw only around 0.20 inches. Other hard-hit areas, including Carroll, Howard, and Delaware counties, saw totals struggle to reach 1.00 inch. While southern and eastern fringes like Henry and Parke counties received slightly higher totals ranging from 1.50 to 2.00 inches, the moisture was insufficient to overcome the long-term deficits. While D2 conditions were proscribed to end in March for several counties���including Vigo, Hamilton, and Boone���the drought remained firmly established for the majority of the region as the month concluded.",Precipitation totaled only around 0.70 inches across the month of February. This maintained D2 conditions across southwestern Carroll county with D3 conditions across the rest of the county. These drought conditions continued into at least March 2026.,CSV
202602,17,2000,202602,18,0,210589,1316442,INDIANA,18,2026,February,Strong Wind,Z,87,WARRICK,PAH,17-FEB-26 20:00:00,CST-6,18-FEB-26 00:00:00,0,0,0,0,1.00K,,Trained Spotter,43.00,EG,,,,,,,,,,,,,,,,,,,,A strong Pacific jet brought unseasonably warm conditions ahead of a cold front that caused gusty gradient winds the night of the 17th. Isolated wind gusts between 40-50 mph briefly occurred into the early morning hours of the 18th before diminishing. A large tree was brought down locally.,Large tree down on Sharon Road.,CSV
202604,2,1836,202604,2,1837,210813,1322567,INDIANA,18,2026,April,Tornado,C,121,PARKE,IND,02-APR-26 18:36:00,EST-5,02-APR-26 18:37:00,0,0,0,0,100.00K,,NWS Storm Survey,,,,,EF0,0.18,50,,,,,1.9,NNE,FERNDALE,2.03,SE,HOLLANDSBURG,39.7456,-87.0571,39.7477,-87.055,"On April 2nd's early evening, an upper level short wave disturbance crossing the Middle Mississppi Valley, and associated 1000-mb surface low pressure tracking quickly from Iowa to Wiscomsin, placed central Indiana within its warm sector.  The conditional set-up for severe weather included steep 0-3 km lapse rates, and corresponding DCAPE values of 500-800 J/kg extending along and just east of the Wabash Valley.  A resultant quasi-linear convective system (QLCS) crossed western central Indiana, producing widely scattered damaging straight line winds.  The system's overall high cloud base mitigated any tornado production except where a brief EF-0 was spawned in Parke County.","A very brief EF-0 tornado dropped from locally lower ceilings within a bookend vortex embedded in the QLCS near Cecil Harden Lake, 1.3 miles southeast of the Hollandsburg community.  The bookend vortex crossed the lake, spawning the weak spin-up one-quarter mile south of the lake's southeastern shoreline;  along its 900-foot track, the tornado then crossed residential roads East Mallard Drive and South Ebert Drive, before ending 400 feet south of the lake's shore.||Drone imagery showed clear convergence of downed trees in a grove between Meadows Lane and Mallard Drive;  30 to 40 additional trees were either uprooted or snapped along the path.  Incident structural damage was limited to minor siding loss.  The tornado's damage was mainly vegetation, with peak ind gusts of 85 mph for the event.",CSV
202604,2,1838,202604,2,1838,210813,1322569,INDIANA,18,2026,April,Thunderstorm Wind,C,121,PARKE,IND,02-APR-26 18:38:00,EST-5,02-APR-26 18:38:00,0,0,0,0,50.00K,,Emergency Manager,52.00,EG,,,,,,,,,,1.59,W,FERNDALE,1.59,W,FERNDALE,39.72,-87.1,39.72,-87.1,"On April 2nd's early evening, an upper level short wave disturbance crossing the Middle Mississppi Valley, and associated 1000-mb surface low pressure tracking quickly from Iowa to Wiscomsin, placed central Indiana within its warm sector.  The conditional set-up for severe weather included steep 0-3 km lapse rates, and corresponding DCAPE values of 500-800 J/kg extending along and just east of the Wabash Valley.  A resultant quasi-linear convective system (QLCS) crossed western central Indiana, producing widely scattered damaging straight line winds.  The system's overall high cloud base mitigated any tornado production except where a brief EF-0 was spawned in Parke County.","Thunderstorm locally-enhanced straight line winds occurred several miles upstream and downstream of the tornado, downing a tree and damaging a barn among other damage.",CSV
202604,2,1905,202604,2,1905,210813,1322570,INDIANA,18,2026,April,Thunderstorm Wind,C,133,PUTNAM,IND,02-APR-26 19:05:00,EST-5,02-APR-26 19:05:00,0,0,0,0,2.00K,,911 Call Center,52.00,EG,,,,,,,,,,.53,E,BARNARD,.53,E,BARNARD,39.85,-86.69,39.85,-86.69,"On April 2nd's early evening, an upper level short wave disturbance crossing the Middle Mississppi Valley, and associated 1000-mb surface low pressure tracking quickly from Iowa to Wiscomsin, placed central Indiana within its warm sector.  The conditional set-up for severe weather included steep 0-3 km lapse rates, and corresponding DCAPE values of 500-800 J/kg extending along and just east of the Wabash Valley.  A resultant quasi-linear convective system (QLCS) crossed western central Indiana, producing widely scattered damaging straight line winds.  The system's overall high cloud base mitigated any tornado production except where a brief EF-0 was spawned in Parke County.",Tree downed by thunderstorm wind gusts.,CSV
202602,1,0,202602,28,2359,209579,1311372,INDIANA,18,2026,February,Drought,Z,30,CLINTON,IND,01-FEB-26 00:00:00,EST-5,28-FEB-26 23:59:00,0,0,0,0,,,Drought Monitor,,,,,,,,,,,,,,,,,,,,,,"The severe to extreme drought conditions that became entrenched across central Indiana during the winter of 2025-2026 persisted through the month of February. While January had seen a significant degradation and expansion of drought intensity, February was characterized by a stagnant status quo, where meager precipitation totals prevented any meaningful recovery. Extreme Drought (D3) remained fixed across the north-central corridor, while Severe Drought (D2) continued to blanket much of the surrounding West Central and Central Indiana counties.||The most intense conditions remained centered on Howard County, which stayed entirely within D3 intensity throughout the month. This Extreme Drought also maintained its grip on much of Carroll and Delaware counties, the northern half of Tipton County, and the northern third of Madison County. Furthermore, D3 conditions remained fixed in the far northwestern corner of Randolph County and northeastern Clinton County. Surrounding these areas, D2 conditions were maintained across the entirety of Warren, Tippecanoe, Fountain, and Vermillion counties, as well as the majority of Boone, Hamilton, and Montgomery counties. On the southern fringe of the drought���s extent, D2 intensity persisted in northwestern Parke, northwestern Vigo, and northern Henry counties.||Precipitation throughout February was once again critically low, frequently falling well below 50% of monthly norms. The driest conditions were observed in the northwest, where Warren County recorded less than a tenth of an inch of liquid equivalent, and Tippecanoe County saw only around 0.20 inches. Other hard-hit areas, including Carroll, Howard, and Delaware counties, saw totals struggle to reach 1.00 inch. While southern and eastern fringes like Henry and Parke counties received slightly higher totals ranging from 1.50 to 2.00 inches, the moisture was insufficient to overcome the long-term deficits. While D2 conditions were proscribed to end in March for several counties���including Vigo, Hamilton, and Boone���the drought remained firmly established for the majority of the region as the month concluded.",Precipitation totaled only around 1.10 to 1.30 inches across the month of February. This maintained D3 conditions across northeastern Clinton county with D2 conditions across the remainder of the county. These drought conditions continued into at least March 2026.,CSV
202602,1,0,202602,28,2359,209579,1311373,INDIANA,18,2026,February,Drought,Z,37,BOONE,IND,01-FEB-26 00:00:00,EST-5,28-FEB-26 23:59:00,0,0,0,0,,,Drought Monitor,,,,,,,,,,,,,,,,,,,,,,"The severe to extreme drought conditions that became entrenched across central Indiana during the winter of 2025-2026 persisted through the month of February. While January had seen a significant degradation and expansion of drought intensity, February was characterized by a stagnant status quo, where meager precipitation totals prevented any meaningful recovery. Extreme Drought (D3) remained fixed across the north-central corridor, while Severe Drought (D2) continued to blanket much of the surrounding West Central and Central Indiana counties.||The most intense conditions remained centered on Howard County, which stayed entirely within D3 intensity throughout the month. This Extreme Drought also maintained its grip on much of Carroll and Delaware counties, the northern half of Tipton County, and the northern third of Madison County. Furthermore, D3 conditions remained fixed in the far northwestern corner of Randolph County and northeastern Clinton County. Surrounding these areas, D2 conditions were maintained across the entirety of Warren, Tippecanoe, Fountain, and Vermillion counties, as well as the majority of Boone, Hamilton, and Montgomery counties. On the southern fringe of the drought���s extent, D2 intensity persisted in northwestern Parke, northwestern Vigo, and northern Henry counties.||Precipitation throughout February was once again critically low, frequently falling well below 50% of monthly norms. The driest conditions were observed in the northwest, where Warren County recorded less than a tenth of an inch of liquid equivalent, and Tippecanoe County saw only around 0.20 inches. Other hard-hit areas, including Carroll, Howard, and Delaware counties, saw totals struggle to reach 1.00 inch. While southern and eastern fringes like Henry and Parke counties received slightly higher totals ranging from 1.50 to 2.00 inches, the moisture was insufficient to overcome the long-term deficits. While D2 conditions were proscribed to end in March for several counties���including Vigo, Hamilton, and Boone���the drought remained firmly established for the majority of the region as the month concluded.",Precipitation totaled only around 1.00 to 1.30 inches across the month of February. This maintained D2 conditions for all but far southern Boone county through the month. D2 conditions would end with the March 10th drought monitor update.,CSV
202602,1,0,202602,28,2359,209579,1311374,INDIANA,18,2026,February,Drought,Z,31,HOWARD,IND,01-FEB-26 00:00:00,EST-5,28-FEB-26 23:59:00,0,0,0,0,,,Drought Monitor,,,,,,,,,,,,,,,,,,,,,,"The severe to extreme drought conditions that became entrenched across central Indiana during the winter of 2025-2026 persisted through the month of February. While January had seen a significant degradation and expansion of drought intensity, February was characterized by a stagnant status quo, where meager precipitation totals prevented any meaningful recovery. Extreme Drought (D3) remained fixed across the north-central corridor, while Severe Drought (D2) continued to blanket much of the surrounding West Central and Central Indiana counties.||The most intense conditions remained centered on Howard County, which stayed entirely within D3 intensity throughout the month. This Extreme Drought also maintained its grip on much of Carroll and Delaware counties, the northern half of Tipton County, and the northern third of Madison County. Furthermore, D3 conditions remained fixed in the far northwestern corner of Randolph County and northeastern Clinton County. Surrounding these areas, D2 conditions were maintained across the entirety of Warren, Tippecanoe, Fountain, and Vermillion counties, as well as the majority of Boone, Hamilton, and Montgomery counties. On the southern fringe of the drought���s extent, D2 intensity persisted in northwestern Parke, northwestern Vigo, and northern Henry counties.||Precipitation throughout February was once again critically low, frequently falling well below 50% of monthly norms. The driest conditions were observed in the northwest, where Warren County recorded less than a tenth of an inch of liquid equivalent, and Tippecanoe County saw only around 0.20 inches. Other hard-hit areas, including Carroll, Howard, and Delaware counties, saw totals struggle to reach 1.00 inch. While southern and eastern fringes like Henry and Parke counties received slightly higher totals ranging from 1.50 to 2.00 inches, the moisture was insufficient to overcome the long-term deficits. While D2 conditions were proscribed to end in March for several counties���including Vigo, Hamilton, and Boone���the drought remained firmly established for the majority of the region as the month concluded.",Precipitation totaled only around 0.70 to 1.00 inches across the month of February. This maintained D3 conditions across all of Howard county through the month. These drought conditions continued into at least March 2026.,CSV
202602,1,0,202602,28,2359,209579,1311375,INDIANA,18,2026,February,Drought,Z,38,TIPTON,IND,01-FEB-26 00:00:00,EST-5,28-FEB-26 23:59:00,0,0,0,0,,,Drought Monitor,,,,,,,,,,,,,,,,,,,,,,"The severe to extreme drought conditions that became entrenched across central Indiana during the winter of 2025-2026 persisted through the month of February. While January had seen a significant degradation and expansion of drought intensity, February was characterized by a stagnant status quo, where meager precipitation totals prevented any meaningful recovery. Extreme Drought (D3) remained fixed across the north-central corridor, while Severe Drought (D2) continued to blanket much of the surrounding West Central and Central Indiana counties.||The most intense conditions remained centered on Howard County, which stayed entirely within D3 intensity throughout the month. This Extreme Drought also maintained its grip on much of Carroll and Delaware counties, the northern half of Tipton County, and the northern third of Madison County. Furthermore, D3 conditions remained fixed in the far northwestern corner of Randolph County and northeastern Clinton County. Surrounding these areas, D2 conditions were maintained across the entirety of Warren, Tippecanoe, Fountain, and Vermillion counties, as well as the majority of Boone, Hamilton, and Montgomery counties. On the southern fringe of the drought���s extent, D2 intensity persisted in northwestern Parke, northwestern Vigo, and northern Henry counties.||Precipitation throughout February was once again critically low, frequently falling well below 50% of monthly norms. The driest conditions were observed in the northwest, where Warren County recorded less than a tenth of an inch of liquid equivalent, and Tippecanoe County saw only around 0.20 inches. Other hard-hit areas, including Carroll, Howard, and Delaware counties, saw totals struggle to reach 1.00 inch. While southern and eastern fringes like Henry and Parke counties received slightly higher totals ranging from 1.50 to 2.00 inches, the moisture was insufficient to overcome the long-term deficits. While D2 conditions were proscribed to end in March for several counties���including Vigo, Hamilton, and Boone���the drought remained firmly established for the majority of the region as the month concluded.",Precipitation totaled only around 1.1 inches across the month of February. This maintained D3 conditions across the northern half of the county with D2 conditions across the remainder of the county. These drought conditions continued into at least March 2026.,CSV
202602,1,0,202602,28,2359,209579,1311376,INDIANA,18,2026,February,Drought,Z,39,HAMILTON,IND,01-FEB-26 00:00:00,EST-5,28-FEB-26 23:59:00,0,0,0,0,,,Drought Monitor,,,,,,,,,,,,,,,,,,,,,,"The severe to extreme drought conditions that became entrenched across central Indiana during the winter of 2025-2026 persisted through the month of February. While January had seen a significant degradation and expansion of drought intensity, February was characterized by a stagnant status quo, where meager precipitation totals prevented any meaningful recovery. Extreme Drought (D3) remained fixed across the north-central corridor, while Severe Drought (D2) continued to blanket much of the surrounding West Central and Central Indiana counties.||The most intense conditions remained centered on Howard County, which stayed entirely within D3 intensity throughout the month. This Extreme Drought also maintained its grip on much of Carroll and Delaware counties, the northern half of Tipton County, and the northern third of Madison County. Furthermore, D3 conditions remained fixed in the far northwestern corner of Randolph County and northeastern Clinton County. Surrounding these areas, D2 conditions were maintained across the entirety of Warren, Tippecanoe, Fountain, and Vermillion counties, as well as the majority of Boone, Hamilton, and Montgomery counties. On the southern fringe of the drought���s extent, D2 intensity persisted in northwestern Parke, northwestern Vigo, and northern Henry counties.||Precipitation throughout February was once again critically low, frequently falling well below 50% of monthly norms. The driest conditions were observed in the northwest, where Warren County recorded less than a tenth of an inch of liquid equivalent, and Tippecanoe County saw only around 0.20 inches. Other hard-hit areas, including Carroll, Howard, and Delaware counties, saw totals struggle to reach 1.00 inch. While southern and eastern fringes like Henry and Parke counties received slightly higher totals ranging from 1.50 to 2.00 inches, the moisture was insufficient to overcome the long-term deficits. While D2 conditions were proscribed to end in March for several counties���including Vigo, Hamilton, and Boone���the drought remained firmly established for the majority of the region as the month concluded.",Precipitation totaled only around 0.70 to 1.20 inches across the month of February. This maintained D2 conditions across all but far southern Hamilton county through the month. D2 conditions would end with the March 10th drought monitor update.,CSV
202602,1,0,202602,28,2359,209579,1311377,INDIANA,18,2026,February,Drought,Z,40,MADISON,IND,01-FEB-26 00:00:00,EST-5,28-FEB-26 23:59:00,0,0,0,0,,,Drought Monitor,,,,,,,,,,,,,,,,,,,,,,"The severe to extreme drought conditions that became entrenched across central Indiana during the winter of 2025-2026 persisted through the month of February. While January had seen a significant degradation and expansion of drought intensity, February was characterized by a stagnant status quo, where meager precipitation totals prevented any meaningful recovery. Extreme Drought (D3) remained fixed across the north-central corridor, while Severe Drought (D2) continued to blanket much of the surrounding West Central and Central Indiana counties.||The most intense conditions remained centered on Howard County, which stayed entirely within D3 intensity throughout the month. This Extreme Drought also maintained its grip on much of Carroll and Delaware counties, the northern half of Tipton County, and the northern third of Madison County. Furthermore, D3 conditions remained fixed in the far northwestern corner of Randolph County and northeastern Clinton County. Surrounding these areas, D2 conditions were maintained across the entirety of Warren, Tippecanoe, Fountain, and Vermillion counties, as well as the majority of Boone, Hamilton, and Montgomery counties. On the southern fringe of the drought���s extent, D2 intensity persisted in northwestern Parke, northwestern Vigo, and northern Henry counties.||Precipitation throughout February was once again critically low, frequently falling well below 50% of monthly norms. The driest conditions were observed in the northwest, where Warren County recorded less than a tenth of an inch of liquid equivalent, and Tippecanoe County saw only around 0.20 inches. Other hard-hit areas, including Carroll, Howard, and Delaware counties, saw totals struggle to reach 1.00 inch. While southern and eastern fringes like Henry and Parke counties received slightly higher totals ranging from 1.50 to 2.00 inches, the moisture was insufficient to overcome the long-term deficits. While D2 conditions were proscribed to end in March for several counties���including Vigo, Hamilton, and Boone���the drought remained firmly established for the majority of the region as the month concluded.",Precipitation totaled only around 1.00 to 1.25 inches across the month of February. This maintained D3 conditions across the northern third of Madison county with D2 conditions across the remainder of all but the far southern tip of the county. These drought conditions continued into at least March 2026.,CSV
202602,1,0,202602,28,2359,209579,1311379,INDIANA,18,2026,February,Drought,Z,41,DELAWARE,IND,01-FEB-26 00:00:00,EST-5,28-FEB-26 23:59:00,0,0,0,0,,,Drought Monitor,,,,,,,,,,,,,,,,,,,,,,"The severe to extreme drought conditions that became entrenched across central Indiana during the winter of 2025-2026 persisted through the month of February. While January had seen a significant degradation and expansion of drought intensity, February was characterized by a stagnant status quo, where meager precipitation totals prevented any meaningful recovery. Extreme Drought (D3) remained fixed across the north-central corridor, while Severe Drought (D2) continued to blanket much of the surrounding West Central and Central Indiana counties.||The most intense conditions remained centered on Howard County, which stayed entirely within D3 intensity throughout the month. This Extreme Drought also maintained its grip on much of Carroll and Delaware counties, the northern half of Tipton County, and the northern third of Madison County. Furthermore, D3 conditions remained fixed in the far northwestern corner of Randolph County and northeastern Clinton County. Surrounding these areas, D2 conditions were maintained across the entirety of Warren, Tippecanoe, Fountain, and Vermillion counties, as well as the majority of Boone, Hamilton, and Montgomery counties. On the southern fringe of the drought���s extent, D2 intensity persisted in northwestern Parke, northwestern Vigo, and northern Henry counties.||Precipitation throughout February was once again critically low, frequently falling well below 50% of monthly norms. The driest conditions were observed in the northwest, where Warren County recorded less than a tenth of an inch of liquid equivalent, and Tippecanoe County saw only around 0.20 inches. Other hard-hit areas, including Carroll, Howard, and Delaware counties, saw totals struggle to reach 1.00 inch. While southern and eastern fringes like Henry and Parke counties received slightly higher totals ranging from 1.50 to 2.00 inches, the moisture was insufficient to overcome the long-term deficits. While D2 conditions were proscribed to end in March for several counties���including Vigo, Hamilton, and Boone���the drought remained firmly established for the majority of the region as the month concluded.",Precipitation totaled only around 0.50 to 1.10 inches across the month of February. This maintained D3 conditions across much of the county with D2 conditions across the southern portions. These drought conditions continued into at least March 2026.,CSV
202602,1,600,202602,1,900,210578,1316430,INDIANA,18,2026,February,Cold/Wind Chill,Z,81,GIBSON,PAH,01-FEB-26 06:00:00,CST-6,01-FEB-26 09:00:00,0,0,0,0,0.00K,0.00K,AWOS,,,,,,,,,,,,,,,,,,,,,,"A ridge of high pressure moved into the region on the morning of the 1st. Temperatures plummeted into the single digits. Although winds were mainly light, a few locations still manage to see wind chills fall between -5 to -10. In Warrick County, IN, a prolonged period of sub freezing temperatures that continued into the morning of the 2nd led to one fatality involving an 85 year old female. A combination of no heat, electricity, phone, and family led to hypothermia.",,CSV
202602,1,600,202602,1,900,210578,1316431,INDIANA,18,2026,February,Cold/Wind Chill,Z,82,PIKE,PAH,01-FEB-26 06:00:00,CST-6,01-FEB-26 09:00:00,0,0,0,0,0.00K,0.00K,AWOS,,,,,,,,,,,,,,,,,,,,,,"A ridge of high pressure moved into the region on the morning of the 1st. Temperatures plummeted into the single digits. Although winds were mainly light, a few locations still manage to see wind chills fall between -5 to -10. In Warrick County, IN, a prolonged period of sub freezing temperatures that continued into the morning of the 2nd led to one fatality involving an 85 year old female. A combination of no heat, electricity, phone, and family led to hypothermia.",,CSV
202602,19,236,202602,19,236,210698,1317196,INDIANA,18,2026,February,Hail,C,171,WARREN,IND,19-FEB-26 02:36:00,EST-5,19-FEB-26 02:36:00,0,0,0,0,,,Trained Spotter,1.00,,,,,,,,,,,3.81,NW,RAINESVILLE,3.81,NW,RAINESVILLE,40.46,-87.37,40.46,-87.37,"A strengthening storm system lifted through the Middle Mississippi Valley on the 19th, dragging its warm frontal zone northward through the Midwest, and bringing near-record high temperatures and anomalous dewpoints into central Indiana.  Multiple rounds of severe weather occurred over the region, from early morning large hail in two far-northern zones, covering roads in Warren County, to more organized evening severe weather from rotating supercell thunderstorms.  Through the evening of the 19th, the destabilized atmosphere combined with a stregthening low-level jet stream that progressed eastward into the region, boosting 0-1 km wind shear as high as 300 m2/s2.  A resultant cluster of discrete late-day to evening supercells were focused along the frontal zone, near or south of the Interstate 70 corridor, and produced scattered large hail over 6 counties and isolated wind damage to trees and/or power poles in 4 counties.  ||A stronger supercell with a history of producing two weak tornadoes in Crawford County, Illinois, continued into central Indiana, spawning an EF-0 tornado in Sullivan County, an intense EF-2 just west of Bloomington that caused extensive structural damage to homes, apartments, and airport facilities, and a brief EF-U in Decatur County;  this cell also produced ping-pong ball (1.50-inch diameter) sized hail in Greene and Monroe Counties.",Hail was covering the road.,CSV
202604,27,1312,202604,27,1312,211385,1334325,INDIANA,18,2026,April,High Wind,Z,2,PORTER,LOT,27-APR-26 13:12:00,CST-6,27-APR-26 13:12:00,0,0,0,0,0.00K,0.00K,Public,50.00,MG,,,,,,,,,,,,,,,,,,,,"A line of showers and embedded thunderstorms moved across northwest Indiana during the late morning and early afternoon of April 27th.  On the back side of this precipitation, a wake low developed, producing wind gusts between as high as 60 mph, which blew down trees, tree limbs and power lines.  Scattered thunderstorms moved across west central Indiana during the evening of April 27th producing isolated wind damage.",,CSV
202604,27,1800,202604,27,1915,211385,1334329,INDIANA,18,2026,April,Heavy Rain,C,7,BENTON,LOT,27-APR-26 18:00:00,EST-5,27-APR-26 19:15:00,0,0,0,0,0.00K,0.00K,Public,,,,,,,,,,,,.69,N,TEMPLETON,.69,N,TEMPLETON,40.52,-87.21,40.52,-87.21,"A line of showers and embedded thunderstorms moved across northwest Indiana during the late morning and early afternoon of April 27th.  On the back side of this precipitation, a wake low developed, producing wind gusts between as high as 60 mph, which blew down trees, tree limbs and power lines.  Scattered thunderstorms moved across west central Indiana during the evening of April 27th producing isolated wind damage.","A personal weather station recorded 2.4 inches of storm total rainfall east of Oxford through 7:15 PM EST, 2.36 of which fell between 6:00 and 7:15 PM.",CSV
202604,2,1913,202604,2,1913,210813,1322571,INDIANA,18,2026,April,Thunderstorm Wind,C,11,BOONE,IND,02-APR-26 19:13:00,EST-5,02-APR-26 19:13:00,0,0,0,0,2.00K,,911 Call Center,52.00,EG,,,,,,,,,,1.26,ENE,THORNTOWN,1.26,ENE,THORNTOWN,40.14,-86.58,40.14,-86.58,"On April 2nd's early evening, an upper level short wave disturbance crossing the Middle Mississppi Valley, and associated 1000-mb surface low pressure tracking quickly from Iowa to Wiscomsin, placed central Indiana within its warm sector.  The conditional set-up for severe weather included steep 0-3 km lapse rates, and corresponding DCAPE values of 500-800 J/kg extending along and just east of the Wabash Valley.  A resultant quasi-linear convective system (QLCS) crossed western central Indiana, producing widely scattered damaging straight line winds.  The system's overall high cloud base mitigated any tornado production except where a brief EF-0 was spawned in Parke County.",Tree downed by thunderstorm wind gusts.,CSV
202604,2,1923,202604,2,1923,210813,1333635,INDIANA,18,2026,April,Thunderstorm Wind,C,23,CLINTON,IND,02-APR-26 19:23:00,EST-5,02-APR-26 19:23:00,0,0,0,0,2.00K,0.00K,911 Call Center,52.00,EG,,,,,,,,,,1.05,W,SEDALIA,1.05,W,SEDALIA,40.42,-86.54,40.42,-86.54,"On April 2nd's early evening, an upper level short wave disturbance crossing the Middle Mississppi Valley, and associated 1000-mb surface low pressure tracking quickly from Iowa to Wiscomsin, placed central Indiana within its warm sector.  The conditional set-up for severe weather included steep 0-3 km lapse rates, and corresponding DCAPE values of 500-800 J/kg extending along and just east of the Wabash Valley.  A resultant quasi-linear convective system (QLCS) crossed western central Indiana, producing widely scattered damaging straight line winds.  The system's overall high cloud base mitigated any tornado production except where a brief EF-0 was spawned in Parke County.",Tree downed by thunderstorm wind gusts.,CSV
202604,2,1928,202604,2,1928,210813,1333636,INDIANA,18,2026,April,Thunderstorm Wind,C,11,BOONE,IND,02-APR-26 19:28:00,EST-5,02-APR-26 19:28:00,0,0,0,0,2.00K,,911 Call Center,52.00,EG,,,,,,,,,,2.33,SSE,TERHUNE,2.33,SSE,TERHUNE,40.14,-86.26,40.14,-86.26,"On April 2nd's early evening, an upper level short wave disturbance crossing the Middle Mississppi Valley, and associated 1000-mb surface low pressure tracking quickly from Iowa to Wiscomsin, placed central Indiana within its warm sector.  The conditional set-up for severe weather included steep 0-3 km lapse rates, and corresponding DCAPE values of 500-800 J/kg extending along and just east of the Wabash Valley.  A resultant quasi-linear convective system (QLCS) crossed western central Indiana, producing widely scattered damaging straight line winds.  The system's overall high cloud base mitigated any tornado production except where a brief EF-0 was spawned in Parke County.",Tree downed on County Road 700 North by thunderstorm wind gusts.,CSV
202604,22,1514,202604,22,1515,212840,1331697,INDIANA,18,2026,April,Hail,C,3,ALLEN,IWX,22-APR-26 15:14:00,EST-5,22-APR-26 15:15:00,0,0,0,0,1.00K,0.00K,Public,1.00,,,,,,,,,,,2.76,S,CEDARVILLE,2.76,S,CEDARVILLE,41.16,-85.02,41.16,-85.02,Discrete severe thunderstorms developed off of Lake Michigan and tracked southeast producing a few reports of quarter-sized hail.,Report on mPING of 1 inch hail.,CSV
202602,1,0,202602,28,2359,209579,1311381,INDIANA,18,2026,February,Drought,Z,42,RANDOLPH,IND,01-FEB-26 00:00:00,EST-5,28-FEB-26 23:59:00,0,0,0,0,,,Drought Monitor,,,,,,,,,,,,,,,,,,,,,,"The severe to extreme drought conditions that became entrenched across central Indiana during the winter of 2025-2026 persisted through the month of February. While January had seen a significant degradation and expansion of drought intensity, February was characterized by a stagnant status quo, where meager precipitation totals prevented any meaningful recovery. Extreme Drought (D3) remained fixed across the north-central corridor, while Severe Drought (D2) continued to blanket much of the surrounding West Central and Central Indiana counties.||The most intense conditions remained centered on Howard County, which stayed entirely within D3 intensity throughout the month. This Extreme Drought also maintained its grip on much of Carroll and Delaware counties, the northern half of Tipton County, and the northern third of Madison County. Furthermore, D3 conditions remained fixed in the far northwestern corner of Randolph County and northeastern Clinton County. Surrounding these areas, D2 conditions were maintained across the entirety of Warren, Tippecanoe, Fountain, and Vermillion counties, as well as the majority of Boone, Hamilton, and Montgomery counties. On the southern fringe of the drought���s extent, D2 intensity persisted in northwestern Parke, northwestern Vigo, and northern Henry counties.||Precipitation throughout February was once again critically low, frequently falling well below 50% of monthly norms. The driest conditions were observed in the northwest, where Warren County recorded less than a tenth of an inch of liquid equivalent, and Tippecanoe County saw only around 0.20 inches. Other hard-hit areas, including Carroll, Howard, and Delaware counties, saw totals struggle to reach 1.00 inch. While southern and eastern fringes like Henry and Parke counties received slightly higher totals ranging from 1.50 to 2.00 inches, the moisture was insufficient to overcome the long-term deficits. While D2 conditions were proscribed to end in March for several counties���including Vigo, Hamilton, and Boone���the drought remained firmly established for the majority of the region as the month concluded.",Precipitation totaled only around 1.10 inches across the month of February. This maintained D2 conditions across portions of Randolph county with D3 conditions in the far northwest. These drought conditions continued into at least March 2026.,CSV
202602,1,0,202602,28,2359,209579,1311383,INDIANA,18,2026,February,Drought,Z,44,PARKE,IND,01-FEB-26 00:00:00,EST-5,28-FEB-26 23:59:00,0,0,0,0,,,Drought Monitor,,,,,,,,,,,,,,,,,,,,,,"The severe to extreme drought conditions that became entrenched across central Indiana during the winter of 2025-2026 persisted through the month of February. While January had seen a significant degradation and expansion of drought intensity, February was characterized by a stagnant status quo, where meager precipitation totals prevented any meaningful recovery. Extreme Drought (D3) remained fixed across the north-central corridor, while Severe Drought (D2) continued to blanket much of the surrounding West Central and Central Indiana counties.||The most intense conditions remained centered on Howard County, which stayed entirely within D3 intensity throughout the month. This Extreme Drought also maintained its grip on much of Carroll and Delaware counties, the northern half of Tipton County, and the northern third of Madison County. Furthermore, D3 conditions remained fixed in the far northwestern corner of Randolph County and northeastern Clinton County. Surrounding these areas, D2 conditions were maintained across the entirety of Warren, Tippecanoe, Fountain, and Vermillion counties, as well as the majority of Boone, Hamilton, and Montgomery counties. On the southern fringe of the drought���s extent, D2 intensity persisted in northwestern Parke, northwestern Vigo, and northern Henry counties.||Precipitation throughout February was once again critically low, frequently falling well below 50% of monthly norms. The driest conditions were observed in the northwest, where Warren County recorded less than a tenth of an inch of liquid equivalent, and Tippecanoe County saw only around 0.20 inches. Other hard-hit areas, including Carroll, Howard, and Delaware counties, saw totals struggle to reach 1.00 inch. While southern and eastern fringes like Henry and Parke counties received slightly higher totals ranging from 1.50 to 2.00 inches, the moisture was insufficient to overcome the long-term deficits. While D2 conditions were proscribed to end in March for several counties���including Vigo, Hamilton, and Boone���the drought remained firmly established for the majority of the region as the month concluded.",Precipitation totaled only around 1.50 to 2.00 inches across the month of February. This maintained D2 drought into northwestern Parke county through the month. D2 conditions would end with the March 10th drought monitor update.,CSV
202602,1,0,202602,28,0,209579,1311382,INDIANA,18,2026,February,Drought,Z,49,HENRY,IND,01-FEB-26 00:00:00,EST-5,28-FEB-26 00:00:00,0,0,0,0,,,Drought Monitor,,,,,,,,,,,,,,,,,,,,,,"The severe to extreme drought conditions that became entrenched across central Indiana during the winter of 2025-2026 persisted through the month of February. While January had seen a significant degradation and expansion of drought intensity, February was characterized by a stagnant status quo, where meager precipitation totals prevented any meaningful recovery. Extreme Drought (D3) remained fixed across the north-central corridor, while Severe Drought (D2) continued to blanket much of the surrounding West Central and Central Indiana counties.||The most intense conditions remained centered on Howard County, which stayed entirely within D3 intensity throughout the month. This Extreme Drought also maintained its grip on much of Carroll and Delaware counties, the northern half of Tipton County, and the northern third of Madison County. Furthermore, D3 conditions remained fixed in the far northwestern corner of Randolph County and northeastern Clinton County. Surrounding these areas, D2 conditions were maintained across the entirety of Warren, Tippecanoe, Fountain, and Vermillion counties, as well as the majority of Boone, Hamilton, and Montgomery counties. On the southern fringe of the drought���s extent, D2 intensity persisted in northwestern Parke, northwestern Vigo, and northern Henry counties.||Precipitation throughout February was once again critically low, frequently falling well below 50% of monthly norms. The driest conditions were observed in the northwest, where Warren County recorded less than a tenth of an inch of liquid equivalent, and Tippecanoe County saw only around 0.20 inches. Other hard-hit areas, including Carroll, Howard, and Delaware counties, saw totals struggle to reach 1.00 inch. While southern and eastern fringes like Henry and Parke counties received slightly higher totals ranging from 1.50 to 2.00 inches, the moisture was insufficient to overcome the long-term deficits. While D2 conditions were proscribed to end in March for several counties���including Vigo, Hamilton, and Boone���the drought remained firmly established for the majority of the region as the month concluded.",Precipitation totaled only around 1.50 to 1.80 inches across the month of February. This maintained D2 conditions across far northern Henry county. D2 conditions would end with the March 10th drought monitor update.,CSV
202602,1,0,202602,2,1200,210578,1316432,INDIANA,18,2026,February,Cold/Wind Chill,Z,87,WARRICK,PAH,01-FEB-26 00:00:00,CST-6,02-FEB-26 12:00:00,0,0,1,0,0.00K,0.00K,AWOS,,,,,,,,,,,,,,,,,,,,,,"A ridge of high pressure moved into the region on the morning of the 1st. Temperatures plummeted into the single digits. Although winds were mainly light, a few locations still manage to see wind chills fall between -5 to -10. In Warrick County, IN, a prolonged period of sub freezing temperatures that continued into the morning of the 2nd led to one fatality involving an 85 year old female. A combination of no heat, electricity, phone, and family led to hypothermia.",,CSV
202602,19,1754,202602,19,1754,210698,1317204,INDIANA,18,2026,February,Hail,C,119,OWEN,IND,19-FEB-26 17:54:00,EST-5,19-FEB-26 17:54:00,0,0,0,0,,,Public,1.00,,,,,,,,,,,1.48,NNE,GATANANT,1.48,NNE,GATANANT,39.45,-86.81,39.45,-86.81,"A strengthening storm system lifted through the Middle Mississippi Valley on the 19th, dragging its warm frontal zone northward through the Midwest, and bringing near-record high temperatures and anomalous dewpoints into central Indiana.  Multiple rounds of severe weather occurred over the region, from early morning large hail in two far-northern zones, covering roads in Warren County, to more organized evening severe weather from rotating supercell thunderstorms.  Through the evening of the 19th, the destabilized atmosphere combined with a stregthening low-level jet stream that progressed eastward into the region, boosting 0-1 km wind shear as high as 300 m2/s2.  A resultant cluster of discrete late-day to evening supercells were focused along the frontal zone, near or south of the Interstate 70 corridor, and produced scattered large hail over 6 counties and isolated wind damage to trees and/or power poles in 4 counties.  ||A stronger supercell with a history of producing two weak tornadoes in Crawford County, Illinois, continued into central Indiana, spawning an EF-0 tornado in Sullivan County, an intense EF-2 just west of Bloomington that caused extensive structural damage to homes, apartments, and airport facilities, and a brief EF-U in Decatur County;  this cell also produced ping-pong ball (1.50-inch diameter) sized hail in Greene and Monroe Counties.",,CSV
202602,19,1921,202602,19,1921,210698,1317209,INDIANA,18,2026,February,Hail,C,105,MONROE,IND,19-FEB-26 19:21:00,EST-5,19-FEB-26 19:21:00,0,0,0,0,,,Amateur Radio,1.25,,,,,,,,,,,5.1,NNE,PAYNE,5.1,NNE,PAYNE,39.15,-86.39,39.15,-86.39,"A strengthening storm system lifted through the Middle Mississippi Valley on the 19th, dragging its warm frontal zone northward through the Midwest, and bringing near-record high temperatures and anomalous dewpoints into central Indiana.  Multiple rounds of severe weather occurred over the region, from early morning large hail in two far-northern zones, covering roads in Warren County, to more organized evening severe weather from rotating supercell thunderstorms.  Through the evening of the 19th, the destabilized atmosphere combined with a stregthening low-level jet stream that progressed eastward into the region, boosting 0-1 km wind shear as high as 300 m2/s2.  A resultant cluster of discrete late-day to evening supercells were focused along the frontal zone, near or south of the Interstate 70 corridor, and produced scattered large hail over 6 counties and isolated wind damage to trees and/or power poles in 4 counties.  ||A stronger supercell with a history of producing two weak tornadoes in Crawford County, Illinois, continued into central Indiana, spawning an EF-0 tornado in Sullivan County, an intense EF-2 just west of Bloomington that caused extensive structural damage to homes, apartments, and airport facilities, and a brief EF-U in Decatur County;  this cell also produced ping-pong ball (1.50-inch diameter) sized hail in Greene and Monroe Counties.",,CSV
202602,19,1821,202602,19,1821,210698,1317215,INDIANA,18,2026,February,Hail,C,109,MORGAN,IND,19-FEB-26 18:21:00,EST-5,19-FEB-26 18:21:00,0,0,0,0,,,Amateur Radio,1.00,,,,,,,,,,,2.11,SW,MONROVIA,2.11,SW,MONROVIA,39.56,-86.51,39.56,-86.51,"A strengthening storm system lifted through the Middle Mississippi Valley on the 19th, dragging its warm frontal zone northward through the Midwest, and bringing near-record high temperatures and anomalous dewpoints into central Indiana.  Multiple rounds of severe weather occurred over the region, from early morning large hail in two far-northern zones, covering roads in Warren County, to more organized evening severe weather from rotating supercell thunderstorms.  Through the evening of the 19th, the destabilized atmosphere combined with a stregthening low-level jet stream that progressed eastward into the region, boosting 0-1 km wind shear as high as 300 m2/s2.  A resultant cluster of discrete late-day to evening supercells were focused along the frontal zone, near or south of the Interstate 70 corridor, and produced scattered large hail over 6 counties and isolated wind damage to trees and/or power poles in 4 counties.  ||A stronger supercell with a history of producing two weak tornadoes in Crawford County, Illinois, continued into central Indiana, spawning an EF-0 tornado in Sullivan County, an intense EF-2 just west of Bloomington that caused extensive structural damage to homes, apartments, and airport facilities, and a brief EF-U in Decatur County;  this cell also produced ping-pong ball (1.50-inch diameter) sized hail in Greene and Monroe Counties.",,CSV
202602,19,1820,202602,19,1820,210698,1317218,INDIANA,18,2026,February,Hail,C,55,GREENE,IND,19-FEB-26 18:20:00,EST-5,19-FEB-26 18:20:00,0,0,0,0,,,Public,1.50,,,,,,,,,,,.87,NE,LINTON,.87,NE,LINTON,39.04,-87.16,39.04,-87.16,"A strengthening storm system lifted through the Middle Mississippi Valley on the 19th, dragging its warm frontal zone northward through the Midwest, and bringing near-record high temperatures and anomalous dewpoints into central Indiana.  Multiple rounds of severe weather occurred over the region, from early morning large hail in two far-northern zones, covering roads in Warren County, to more organized evening severe weather from rotating supercell thunderstorms.  Through the evening of the 19th, the destabilized atmosphere combined with a stregthening low-level jet stream that progressed eastward into the region, boosting 0-1 km wind shear as high as 300 m2/s2.  A resultant cluster of discrete late-day to evening supercells were focused along the frontal zone, near or south of the Interstate 70 corridor, and produced scattered large hail over 6 counties and isolated wind damage to trees and/or power poles in 4 counties.  ||A stronger supercell with a history of producing two weak tornadoes in Crawford County, Illinois, continued into central Indiana, spawning an EF-0 tornado in Sullivan County, an intense EF-2 just west of Bloomington that caused extensive structural damage to homes, apartments, and airport facilities, and a brief EF-U in Decatur County;  this cell also produced ping-pong ball (1.50-inch diameter) sized hail in Greene and Monroe Counties.",Hail up to 1.25 inches also reported in village of Hoosier.,CSV
202602,19,730,202602,19,900,210593,1316292,INDIANA,18,2026,February,Dense Fog,Z,81,GIBSON,PAH,19-FEB-26 07:30:00,CST-6,19-FEB-26 09:00:00,0,0,0,0,0.00K,0.00K,AWOS,,,,,,,,,,,,,,,,,,,,,,A period of calm winds and a moist boundary layer allowed for a few hours of dense fog development early morning in Southwest Indiana on the 19th.,,CSV
202602,19,730,202602,19,830,210593,1316293,INDIANA,18,2026,February,Dense Fog,Z,82,PIKE,PAH,19-FEB-26 07:30:00,CST-6,19-FEB-26 08:30:00,0,0,0,0,0.00K,0.00K,AWOS,,,,,,,,,,,,,,,,,,,,,,A period of calm winds and a moist boundary layer allowed for a few hours of dense fog development early morning in Southwest Indiana on the 19th.,,CSV
202602,19,700,202602,19,900,210593,1316294,INDIANA,18,2026,February,Dense Fog,Z,85,POSEY,PAH,19-FEB-26 07:00:00,CST-6,19-FEB-26 09:00:00,0,0,0,0,0.00K,0.00K,AWOS,,,,,,,,,,,,,,,,,,,,,,A period of calm winds and a moist boundary layer allowed for a few hours of dense fog development early morning in Southwest Indiana on the 19th.,,CSV
202602,19,300,202602,19,900,210593,1316295,INDIANA,18,2026,February,Dense Fog,Z,86,VANDERBURGH,PAH,19-FEB-26 03:00:00,CST-6,19-FEB-26 09:00:00,0,0,0,0,0.00K,0.00K,ASOS,,,,,,,,,,,,,,,,,,,,,,A period of calm winds and a moist boundary layer allowed for a few hours of dense fog development early morning in Southwest Indiana on the 19th.,,CSV
202602,19,300,202602,19,700,210593,1316296,INDIANA,18,2026,February,Dense Fog,Z,88,SPENCER,PAH,19-FEB-26 03:00:00,CST-6,19-FEB-26 07:00:00,0,0,0,0,0.00K,0.00K,AWOS,,,,,,,,,,,,,,,,,,,,,,A period of calm winds and a moist boundary layer allowed for a few hours of dense fog development early morning in Southwest Indiana on the 19th.,,CSV
202602,19,300,202602,19,700,210593,1316297,INDIANA,18,2026,February,Dense Fog,Z,87,WARRICK,PAH,19-FEB-26 03:00:00,CST-6,19-FEB-26 07:00:00,0,0,0,0,0.00K,0.00K,AWOS,,,,,,,,,,,,,,,,,,,,,,A period of calm winds and a moist boundary layer allowed for a few hours of dense fog development early morning in Southwest Indiana on the 19th.,,CSV
202602,19,1435,202602,19,1435,210944,1317806,INDIANA,18,2026,February,Hail,C,61,HARRISON,LMK,19-FEB-26 14:35:00,EST-5,19-FEB-26 14:35:00,0,0,0,0,0.00K,0.00K,Trained Spotter,1.00,,,,,,,,,,,2.14,NE,NEW MIDDLETOWN,2.14,NE,NEW MIDDLETOWN,38.19,-86.02,38.19,-86.02,"Ahead of an approaching surface low with a trailing cold front, southern winds brought warmer temperatures and moisture into southern Indiana. Highs reached into the 60s with dew points in the upper 50s. This helped to generate enough instability to produce scattered showers and thunderstorms. One of these storms dropped severe hail in Harrison County.",There was dime to quarter size hail reported.,CSV
202602,19,1835,202602,19,1835,210698,1317221,INDIANA,18,2026,February,Hail,C,55,GREENE,IND,19-FEB-26 18:35:00,EST-5,19-FEB-26 18:35:00,0,0,0,0,,,Public,1.25,,,,,,,,,,,1.48,NNW,WORTHINGTON,1.48,NNW,WORTHINGTON,39.14,-86.99,39.14,-86.99,"A strengthening storm system lifted through the Middle Mississippi Valley on the 19th, dragging its warm frontal zone northward through the Midwest, and bringing near-record high temperatures and anomalous dewpoints into central Indiana.  Multiple rounds of severe weather occurred over the region, from early morning large hail in two far-northern zones, covering roads in Warren County, to more organized evening severe weather from rotating supercell thunderstorms.  Through the evening of the 19th, the destabilized atmosphere combined with a stregthening low-level jet stream that progressed eastward into the region, boosting 0-1 km wind shear as high as 300 m2/s2.  A resultant cluster of discrete late-day to evening supercells were focused along the frontal zone, near or south of the Interstate 70 corridor, and produced scattered large hail over 6 counties and isolated wind damage to trees and/or power poles in 4 counties.  ||A stronger supercell with a history of producing two weak tornadoes in Crawford County, Illinois, continued into central Indiana, spawning an EF-0 tornado in Sullivan County, an intense EF-2 just west of Bloomington that caused extensive structural damage to homes, apartments, and airport facilities, and a brief EF-U in Decatur County;  this cell also produced ping-pong ball (1.50-inch diameter) sized hail in Greene and Monroe Counties.",,CSV
202602,19,1945,202602,19,1945,210698,1317223,INDIANA,18,2026,February,Hail,C,59,HANCOCK,IND,19-FEB-26 19:45:00,EST-5,19-FEB-26 19:45:00,0,0,0,0,,,Public,1.00,,,,,,,,,,,.87,NE,GREENFIELD,.87,NE,GREENFIELD,39.79,-85.77,39.79,-85.77,"A strengthening storm system lifted through the Middle Mississippi Valley on the 19th, dragging its warm frontal zone northward through the Midwest, and bringing near-record high temperatures and anomalous dewpoints into central Indiana.  Multiple rounds of severe weather occurred over the region, from early morning large hail in two far-northern zones, covering roads in Warren County, to more organized evening severe weather from rotating supercell thunderstorms.  Through the evening of the 19th, the destabilized atmosphere combined with a stregthening low-level jet stream that progressed eastward into the region, boosting 0-1 km wind shear as high as 300 m2/s2.  A resultant cluster of discrete late-day to evening supercells were focused along the frontal zone, near or south of the Interstate 70 corridor, and produced scattered large hail over 6 counties and isolated wind damage to trees and/or power poles in 4 counties.  ||A stronger supercell with a history of producing two weak tornadoes in Crawford County, Illinois, continued into central Indiana, spawning an EF-0 tornado in Sullivan County, an intense EF-2 just west of Bloomington that caused extensive structural damage to homes, apartments, and airport facilities, and a brief EF-U in Decatur County;  this cell also produced ping-pong ball (1.50-inch diameter) sized hail in Greene and Monroe Counties.",,CSV
202602,27,600,202602,27,800,210597,1317411,INDIANA,18,2026,February,Dense Fog,Z,87,WARRICK,PAH,27-FEB-26 06:00:00,CST-6,27-FEB-26 08:00:00,0,0,0,0,0.00K,0.00K,AWOS,,,,,,,,,,,,,,,,,,,,,,High pressure over southwest Indiana allowed for clear skies and calm winds the morning of the 27th. Residual low-level moisture from a cold front that sagged south the previous day supported areas of dense fog during the early morning hours.,,CSV
202602,27,600,202602,27,800,210597,1317412,INDIANA,18,2026,February,Dense Fog,Z,88,SPENCER,PAH,27-FEB-26 06:00:00,CST-6,27-FEB-26 08:00:00,0,0,0,0,0.00K,0.00K,AWOS,,,,,,,,,,,,,,,,,,,,,,High pressure over southwest Indiana allowed for clear skies and calm winds the morning of the 27th. Residual low-level moisture from a cold front that sagged south the previous day supported areas of dense fog during the early morning hours.,,CSV
202602,19,1905,202602,19,1905,210698,1317226,INDIANA,18,2026,February,Hail,C,105,MONROE,IND,19-FEB-26 19:05:00,EST-5,19-FEB-26 19:05:00,0,0,0,0,,,Public,1.50,,,,,,,,,,,1.48,SSE,BLOOMINGTON,1.48,SSE,BLOOMINGTON,39.15,-86.51,39.15,-86.51,"A strengthening storm system lifted through the Middle Mississippi Valley on the 19th, dragging its warm frontal zone northward through the Midwest, and bringing near-record high temperatures and anomalous dewpoints into central Indiana.  Multiple rounds of severe weather occurred over the region, from early morning large hail in two far-northern zones, covering roads in Warren County, to more organized evening severe weather from rotating supercell thunderstorms.  Through the evening of the 19th, the destabilized atmosphere combined with a stregthening low-level jet stream that progressed eastward into the region, boosting 0-1 km wind shear as high as 300 m2/s2.  A resultant cluster of discrete late-day to evening supercells were focused along the frontal zone, near or south of the Interstate 70 corridor, and produced scattered large hail over 6 counties and isolated wind damage to trees and/or power poles in 4 counties.  ||A stronger supercell with a history of producing two weak tornadoes in Crawford County, Illinois, continued into central Indiana, spawning an EF-0 tornado in Sullivan County, an intense EF-2 just west of Bloomington that caused extensive structural damage to homes, apartments, and airport facilities, and a brief EF-U in Decatur County;  this cell also produced ping-pong ball (1.50-inch diameter) sized hail in Greene and Monroe Counties.",,CSV
202602,19,1952,202602,19,1952,210698,1317231,INDIANA,18,2026,February,Hail,C,5,BARTHOLOMEW,IND,19-FEB-26 19:52:00,EST-5,19-FEB-26 19:52:00,0,0,0,0,,,Public,1.00,,,,,,,,,,,1.48,SSE,BAKALAR MUNI ARPT,1.48,SSE,BAKALAR MUNI ARPT,39.25,-85.89,39.25,-85.89,"A strengthening storm system lifted through the Middle Mississippi Valley on the 19th, dragging its warm frontal zone northward through the Midwest, and bringing near-record high temperatures and anomalous dewpoints into central Indiana.  Multiple rounds of severe weather occurred over the region, from early morning large hail in two far-northern zones, covering roads in Warren County, to more organized evening severe weather from rotating supercell thunderstorms.  Through the evening of the 19th, the destabilized atmosphere combined with a stregthening low-level jet stream that progressed eastward into the region, boosting 0-1 km wind shear as high as 300 m2/s2.  A resultant cluster of discrete late-day to evening supercells were focused along the frontal zone, near or south of the Interstate 70 corridor, and produced scattered large hail over 6 counties and isolated wind damage to trees and/or power poles in 4 counties.  ||A stronger supercell with a history of producing two weak tornadoes in Crawford County, Illinois, continued into central Indiana, spawning an EF-0 tornado in Sullivan County, an intense EF-2 just west of Bloomington that caused extensive structural damage to homes, apartments, and airport facilities, and a brief EF-U in Decatur County;  this cell also produced ping-pong ball (1.50-inch diameter) sized hail in Greene and Monroe Counties.",,CSV
202602,19,1754,202602,19,1754,210698,1317235,INDIANA,18,2026,February,Thunderstorm Wind,C,153,SULLIVAN,IND,19-FEB-26 17:54:00,EST-5,19-FEB-26 17:54:00,0,0,0,0,15.00K,,Public,52.00,EG,,,,,,,,,,.69,S,CARLISLE,.69,S,CARLISLE,38.96,-87.4,38.96,-87.4,"A strengthening storm system lifted through the Middle Mississippi Valley on the 19th, dragging its warm frontal zone northward through the Midwest, and bringing near-record high temperatures and anomalous dewpoints into central Indiana.  Multiple rounds of severe weather occurred over the region, from early morning large hail in two far-northern zones, covering roads in Warren County, to more organized evening severe weather from rotating supercell thunderstorms.  Through the evening of the 19th, the destabilized atmosphere combined with a stregthening low-level jet stream that progressed eastward into the region, boosting 0-1 km wind shear as high as 300 m2/s2.  A resultant cluster of discrete late-day to evening supercells were focused along the frontal zone, near or south of the Interstate 70 corridor, and produced scattered large hail over 6 counties and isolated wind damage to trees and/or power poles in 4 counties.  ||A stronger supercell with a history of producing two weak tornadoes in Crawford County, Illinois, continued into central Indiana, spawning an EF-0 tornado in Sullivan County, an intense EF-2 just west of Bloomington that caused extensive structural damage to homes, apartments, and airport facilities, and a brief EF-U in Decatur County;  this cell also produced ping-pong ball (1.50-inch diameter) sized hail in Greene and Monroe Counties.",Thunderstorm wind gusts downed a large tree onto a car.,CSV
202602,19,1901,202602,19,1901,210698,1317237,INDIANA,18,2026,February,Thunderstorm Wind,C,105,MONROE,IND,19-FEB-26 19:01:00,EST-5,19-FEB-26 19:01:00,0,0,0,0,,,ASOS,61.00,MG,,,,,,,,,,0,N,(BMG)MNROE CO ARPT B,0,N,(BMG)MNROE CO ARPT B,39.15,-86.62,39.15,-86.62,"A strengthening storm system lifted through the Middle Mississippi Valley on the 19th, dragging its warm frontal zone northward through the Midwest, and bringing near-record high temperatures and anomalous dewpoints into central Indiana.  Multiple rounds of severe weather occurred over the region, from early morning large hail in two far-northern zones, covering roads in Warren County, to more organized evening severe weather from rotating supercell thunderstorms.  Through the evening of the 19th, the destabilized atmosphere combined with a stregthening low-level jet stream that progressed eastward into the region, boosting 0-1 km wind shear as high as 300 m2/s2.  A resultant cluster of discrete late-day to evening supercells were focused along the frontal zone, near or south of the Interstate 70 corridor, and produced scattered large hail over 6 counties and isolated wind damage to trees and/or power poles in 4 counties.  ||A stronger supercell with a history of producing two weak tornadoes in Crawford County, Illinois, continued into central Indiana, spawning an EF-0 tornado in Sullivan County, an intense EF-2 just west of Bloomington that caused extensive structural damage to homes, apartments, and airport facilities, and a brief EF-U in Decatur County;  this cell also produced ping-pong ball (1.50-inch diameter) sized hail in Greene and Monroe Counties.",The Monroe County Airport ASOS gusted to 61KT as the EF2 tornado vortex center tracked 700 yards to the north-northwest.,CSV
202602,1,300,202602,1,930,209582,1318213,INDIANA,18,2026,February,Extreme Cold/Wind Chill,Z,56,SHELBY,IND,01-FEB-26 03:00:00,EST-5,01-FEB-26 09:30:00,0,0,0,0,,,ASOS,,,,,,,,,,,,,,,,,,,,,,"A deep upper trough reinforced by a series of short waves plunging arctic air through interior North America, maintained persistent anomalous cold over central Indiana through January 2026's final week and February 1st, which was enhanced by a deep snow pack over most zones.  The cold outbreak's final embedded short wave plunged the farthest south, from the Middle Mississippi Valley on January 31st to the Carolina coast on the 1st.  Associated arctic surface high pressure centered over the Louisiana Gulf coast early on the 1st, extended its amplified ridge axis back over Indiana and into southeastern Canada, amid a weak surface gradient.  Resultant clear skies and light winds prevailed over central Indiana's remnant 5-10 inch snow pack from the January 31st late evening through daybreak on the 1st.  Temperatures fell generally as low as -5 to -15F with widespread resultant wind chills of -5F to -27F over the majority of central Indiana, with criteria wind chills limited to only Putnam, Hancock and Shelby Counties.","On the 1st pre-dawn to early morning, temperatures as low as -17F, and light winds sustained under 5 mph...resulted in extreme wind chills as low as -27F.",CSV
202602,19,1830,202602,19,1830,210698,1317240,INDIANA,18,2026,February,Thunderstorm Wind,C,55,GREENE,IND,19-FEB-26 18:30:00,EST-5,19-FEB-26 18:30:00,0,0,0,0,5.00K,,Amateur Radio,50.00,EG,,,,,,,,,,.69,N,WORTHINGTON,.69,N,WORTHINGTON,39.13,-86.98,39.13,-86.98,"A strengthening storm system lifted through the Middle Mississippi Valley on the 19th, dragging its warm frontal zone northward through the Midwest, and bringing near-record high temperatures and anomalous dewpoints into central Indiana.  Multiple rounds of severe weather occurred over the region, from early morning large hail in two far-northern zones, covering roads in Warren County, to more organized evening severe weather from rotating supercell thunderstorms.  Through the evening of the 19th, the destabilized atmosphere combined with a stregthening low-level jet stream that progressed eastward into the region, boosting 0-1 km wind shear as high as 300 m2/s2.  A resultant cluster of discrete late-day to evening supercells were focused along the frontal zone, near or south of the Interstate 70 corridor, and produced scattered large hail over 6 counties and isolated wind damage to trees and/or power poles in 4 counties.  ||A stronger supercell with a history of producing two weak tornadoes in Crawford County, Illinois, continued into central Indiana, spawning an EF-0 tornado in Sullivan County, an intense EF-2 just west of Bloomington that caused extensive structural damage to homes, apartments, and airport facilities, and a brief EF-U in Decatur County;  this cell also produced ping-pong ball (1.50-inch diameter) sized hail in Greene and Monroe Counties.","Several power poles were pushed over, but not completely toppled by thunderstorm wind gusts.",CSV
202602,19,2014,202602,19,2014,210698,1317248,INDIANA,18,2026,February,Thunderstorm Wind,C,65,HENRY,IND,19-FEB-26 20:14:00,EST-5,19-FEB-26 20:14:00,0,0,0,0,1.00K,,Public,52.00,EG,,,,,,,,,,.87,NW,SPICELAND,.87,NW,SPICELAND,39.84,-85.44,39.84,-85.44,"A strengthening storm system lifted through the Middle Mississippi Valley on the 19th, dragging its warm frontal zone northward through the Midwest, and bringing near-record high temperatures and anomalous dewpoints into central Indiana.  Multiple rounds of severe weather occurred over the region, from early morning large hail in two far-northern zones, covering roads in Warren County, to more organized evening severe weather from rotating supercell thunderstorms.  Through the evening of the 19th, the destabilized atmosphere combined with a stregthening low-level jet stream that progressed eastward into the region, boosting 0-1 km wind shear as high as 300 m2/s2.  A resultant cluster of discrete late-day to evening supercells were focused along the frontal zone, near or south of the Interstate 70 corridor, and produced scattered large hail over 6 counties and isolated wind damage to trees and/or power poles in 4 counties.  ||A stronger supercell with a history of producing two weak tornadoes in Crawford County, Illinois, continued into central Indiana, spawning an EF-0 tornado in Sullivan County, an intense EF-2 just west of Bloomington that caused extensive structural damage to homes, apartments, and airport facilities, and a brief EF-U in Decatur County;  this cell also produced ping-pong ball (1.50-inch diameter) sized hail in Greene and Monroe Counties.",Thunderstorm wind gusts downed a large tree.,CSV
202602,6,300,202602,6,900,209559,1319817,INDIANA,18,2026,February,Winter Weather,Z,116,NORTHERN KOSCIUSKO COUNTY,IWX,06-FEB-26 03:00:00,EST-5,06-FEB-26 09:00:00,0,0,0,0,0.00K,0.00K,Public,,,,,,,,,,,,,,,,,,,,,,"A fast moving system produced 3 to 6 inches of snow from portions of northwest Indiana into far northeast Indiana. Most of the heavier snow accumulation occurred roughly along a line from South Bend, IN to Fort Wayne, IN. The timing of the event produced moderate to high impacts for the morning commute.","Bands of snow produced 2 to 5 inches of snow accumulation during the early morning hours of February 6th. Snowfall rates briefly reached as high as 1 to 2 inches per hour in association with the heavier bands of snow. A snowfall report of 4 inches was received from the public in Syracuse, IN. The morning commute was impacted with numerous slide-offs and accidents reported across the region.",CSV
202604,17,2122,202604,17,2125,211381,1333739,INDIANA,18,2026,April,Tornado,C,111,NEWTON,LOT,17-APR-26 21:22:00,CST-6,17-APR-26 21:25:00,0,0,0,0,0.00K,0.00K,NWS Storm Survey,,,,,EF1,2.07,125,,,,,1.15,SSW,EFFNER,1.32,E,EFFNER,40.754,-87.526,40.7726,-87.495,A line of severe thunderstorms moved across northwest Indiana during the late evening of April 17th producing scattered wind damage and three tornadoes.,"An EF-1 tornado appeared to touch down in an open field southwest of Darrow in rural Iroquois County. It tracked northeast causing damage to trees and farm outbuildings. The peak intensity of the tornado occurred near the end of the path along the Iroquois and Newton County border, where over a dozen new wooden power poles were snapped at their base. The tornado then appeared to lift just northeast of US-24 in southwestern Newton County.",CSV
202604,17,2126,202604,17,2131,211381,1333745,INDIANA,18,2026,April,Tornado,C,111,NEWTON,LOT,17-APR-26 21:26:00,CST-6,17-APR-26 21:31:00,0,0,0,0,0.00K,0.00K,NWS Storm Survey,,,,,EF1,5.47,50,,,,,1.72,WSW,KENTLAND MUNICIPAL AIRPORT,3.81,NE,KENTLAND MUNICIPAL AIRPORT,40.7495,-87.4598,40.7977,-87.3769,A line of severe thunderstorms moved across northwest Indiana during the late evening of April 17th producing scattered wind damage and three tornadoes.,"A narrow EF-1 tornado touched down near the intersection of W 1700 S and S 350 W roads near Kentland, where several large tree branches were downed. The tornado then crossed US Highway 41 at peak intensity, downing a billboard, uplifting a large portion of the roof of a restaurant, and pushing over a semi truck. A farm outbuilding was damaged nearby, as well. Debris was thrown nearly 2 miles downstream in an open field just north of US Highway 24. A narrow path evident in satellite imagery in open fields to the northeast of this debris suggested that the tornado likely continued to the northeast for approximately two more miles without impacting any trees or structures before dissipating.",CSV
202604,17,2129,202604,17,2138,211381,1333754,INDIANA,18,2026,April,Tornado,C,89,LAKE,LOT,17-APR-26 21:29:00,CST-6,17-APR-26 21:38:00,0,0,0,0,0.00K,0.00K,NWS Storm Survey,,,,,EF0,9.74,250,,,,,4.02,W,BELSHAW,1.72,E,LAKE DALECARLIA,41.2519,-87.5266,41.3262,-87.3672,A line of severe thunderstorms moved across northwest Indiana during the late evening of April 17th producing scattered wind damage and three tornadoes.,"This tornado began just west of the Illinois-Indiana state line near CR 9000N in northeast Kankakee County. The first instances of damage included uprooted softwood trees, downed large branches from hardwood trees, and minor structural damage noted near Stateline Rd on either side of the border. As the tornado quickly tracked northeast, it caused additional tree damage on at least one property near US-41. Along the path toward and through Lowell, the tornado blew out sections of a gas station canopy along IN-2 and then a garage wall at a residence just northwest of downtown Lowell. This was in addition to causing further tree and minor structural damage in a defined narrow path. The tornado  continued through southern and southeastern sections of Lake Dalecarlia, causing primarily tree damage and minor structural damage due to fallen trees. Based on the ground survey, the tornado likely dissipated prior to reaching IN-55.",CSV
202604,17,2155,202604,17,2155,211381,1333980,INDIANA,18,2026,April,Thunderstorm Wind,C,73,JASPER,LOT,17-APR-26 21:55:00,CST-6,17-APR-26 21:55:00,0,0,0,0,0.00K,0.00K,Public,56.00,EG,,,,,,,,,,2.14,NNW,STOUTSBURG,2.14,NNW,STOUTSBURG,41.22,-87.12,41.22,-87.12,A line of severe thunderstorms moved across northwest Indiana during the late evening of April 17th producing scattered wind damage and three tornadoes.,Power poles were damaged in a number of spots near and north of Stoutsburg.,CSV
202604,17,2200,202604,17,2200,211381,1333982,INDIANA,18,2026,April,Thunderstorm Wind,C,73,JASPER,LOT,17-APR-26 22:00:00,CST-6,17-APR-26 22:00:00,0,0,0,0,0.00K,0.00K,Social Media,52.00,EG,,,,,,,,,,.52,W,WHEATFIELD,.52,W,WHEATFIELD,41.19,-87.06,41.19,-87.06,A line of severe thunderstorms moved across northwest Indiana during the late evening of April 17th producing scattered wind damage and three tornadoes.,A fence was damaged and a large playground set rolled out of a yard in Wheatfield.,CSV
202604,17,2130,202604,17,2135,211381,1333991,INDIANA,18,2026,April,Thunderstorm Wind,C,89,LAKE,LOT,17-APR-26 21:30:00,CST-6,17-APR-26 21:35:00,0,0,0,0,0.00K,0.00K,Social Media,61.00,EG,,,,,,,,,,.67,W,LOWELL,1.36,NE,LOWELL,41.2895,-87.4329,41.3024,-87.3996,A line of severe thunderstorms moved across northwest Indiana during the late evening of April 17th producing scattered wind damage and three tornadoes.,Numerous trees and power poles were downed around Lowell outside of the path of the EF-0 tornado.,CSV
202602,1,700,202602,1,800,209582,1318214,INDIANA,18,2026,February,Extreme Cold/Wind Chill,Z,48,HANCOCK,IND,01-FEB-26 07:00:00,EST-5,01-FEB-26 08:00:00,0,0,0,0,,,AWOS,,,,,,,,,,,,,,,,,,,,,,"A deep upper trough reinforced by a series of short waves plunging arctic air through interior North America, maintained persistent anomalous cold over central Indiana through January 2026's final week and February 1st, which was enhanced by a deep snow pack over most zones.  The cold outbreak's final embedded short wave plunged the farthest south, from the Middle Mississippi Valley on January 31st to the Carolina coast on the 1st.  Associated arctic surface high pressure centered over the Louisiana Gulf coast early on the 1st, extended its amplified ridge axis back over Indiana and into southeastern Canada, amid a weak surface gradient.  Resultant clear skies and light winds prevailed over central Indiana's remnant 5-10 inch snow pack from the January 31st late evening through daybreak on the 1st.  Temperatures fell generally as low as -5 to -15F with widespread resultant wind chills of -5F to -27F over the majority of central Indiana, with criteria wind chills limited to only Putnam, Hancock and Shelby Counties.","On the 1st early morning, temperatures as low as -12F, and light winds sustained under 5 mph...resulted in extreme wind chills as low as -21F.",CSV
202602,1,400,202602,1,500,209582,1318215,INDIANA,18,2026,February,Extreme Cold/Wind Chill,Z,45,PUTNAM,IND,01-FEB-26 04:00:00,EST-5,01-FEB-26 05:00:00,0,0,0,0,,,AWOS,,,,,,,,,,,,,,,,,,,,,,"A deep upper trough reinforced by a series of short waves plunging arctic air through interior North America, maintained persistent anomalous cold over central Indiana through January 2026's final week and February 1st, which was enhanced by a deep snow pack over most zones.  The cold outbreak's final embedded short wave plunged the farthest south, from the Middle Mississippi Valley on January 31st to the Carolina coast on the 1st.  Associated arctic surface high pressure centered over the Louisiana Gulf coast early on the 1st, extended its amplified ridge axis back over Indiana and into southeastern Canada, amid a weak surface gradient.  Resultant clear skies and light winds prevailed over central Indiana's remnant 5-10 inch snow pack from the January 31st late evening through daybreak on the 1st.  Temperatures fell generally as low as -5 to -15F with widespread resultant wind chills of -5F to -27F over the majority of central Indiana, with criteria wind chills limited to only Putnam, Hancock and Shelby Counties.","On the 1st pre-dawn, temperatures as low as -12F, and light winds sustained under 5 mph...resulted in extreme wind chills as low as -20F.",CSV
202602,19,2106,202602,19,2106,210698,1317249,INDIANA,18,2026,February,Thunderstorm Wind,C,153,SULLIVAN,IND,19-FEB-26 21:06:00,EST-5,19-FEB-26 21:06:00,0,0,0,0,4.00K,,Trained Spotter,50.00,EG,,,,,,,,,,0,N,SULLIVAN,0,N,SULLIVAN,39.1,-87.42,39.1,-87.42,"A strengthening storm system lifted through the Middle Mississippi Valley on the 19th, dragging its warm frontal zone northward through the Midwest, and bringing near-record high temperatures and anomalous dewpoints into central Indiana.  Multiple rounds of severe weather occurred over the region, from early morning large hail in two far-northern zones, covering roads in Warren County, to more organized evening severe weather from rotating supercell thunderstorms.  Through the evening of the 19th, the destabilized atmosphere combined with a stregthening low-level jet stream that progressed eastward into the region, boosting 0-1 km wind shear as high as 300 m2/s2.  A resultant cluster of discrete late-day to evening supercells were focused along the frontal zone, near or south of the Interstate 70 corridor, and produced scattered large hail over 6 counties and isolated wind damage to trees and/or power poles in 4 counties.  ||A stronger supercell with a history of producing two weak tornadoes in Crawford County, Illinois, continued into central Indiana, spawning an EF-0 tornado in Sullivan County, an intense EF-2 just west of Bloomington that caused extensive structural damage to homes, apartments, and airport facilities, and a brief EF-U in Decatur County;  this cell also produced ping-pong ball (1.50-inch diameter) sized hail in Greene and Monroe Counties.",Thunderstorm wind gusts downed several large tree limbs across town.,CSV
202602,19,2227,202602,19,2227,210698,1317296,INDIANA,18,2026,February,Thunderstorm Wind,C,13,BROWN,IND,19-FEB-26 22:27:00,EST-5,19-FEB-26 22:27:00,0,0,0,0,2.00K,,Public,56.00,MG,,,,,,,,,,.54,E,CHRISTIANSBURG,.54,E,CHRISTIANSBURG,39.08,-86.16,39.08,-86.16,"A strengthening storm system lifted through the Middle Mississippi Valley on the 19th, dragging its warm frontal zone northward through the Midwest, and bringing near-record high temperatures and anomalous dewpoints into central Indiana.  Multiple rounds of severe weather occurred over the region, from early morning large hail in two far-northern zones, covering roads in Warren County, to more organized evening severe weather from rotating supercell thunderstorms.  Through the evening of the 19th, the destabilized atmosphere combined with a stregthening low-level jet stream that progressed eastward into the region, boosting 0-1 km wind shear as high as 300 m2/s2.  A resultant cluster of discrete late-day to evening supercells were focused along the frontal zone, near or south of the Interstate 70 corridor, and produced scattered large hail over 6 counties and isolated wind damage to trees and/or power poles in 4 counties.  ||A stronger supercell with a history of producing two weak tornadoes in Crawford County, Illinois, continued into central Indiana, spawning an EF-0 tornado in Sullivan County, an intense EF-2 just west of Bloomington that caused extensive structural damage to homes, apartments, and airport facilities, and a brief EF-U in Decatur County;  this cell also produced ping-pong ball (1.50-inch diameter) sized hail in Greene and Monroe Counties.",A 64 mph thunderstorm wind gust was recorded with a few tree branches snapped.,CSV
202602,19,250,202602,19,251,210329,1312121,INDIANA,18,2026,February,Hail,C,7,BENTON,LOT,19-FEB-26 02:50:00,EST-5,19-FEB-26 02:51:00,0,0,0,0,0.00K,0.00K,Social Media,1.00,,,,,,,,,,,0,N,OXFORD,0,N,OXFORD,40.52,-87.25,40.52,-87.25,Isolated thunderstorms moved across northwest Indiana during the early morning hours of February 19th producing large hail.,Several photos of quarter size hail were shared on social media.,CSV
202602,19,1857,202602,19,1906,210698,1318047,INDIANA,18,2026,February,Tornado,C,105,MONROE,IND,19-FEB-26 18:57:00,EST-5,19-FEB-26 19:06:00,0,0,0,0,20.00M,,NWS Storm Survey,,,,,EF2,3.73,440,,,,,1.28,WSW,(BMG)MNROE CO ARPT B,.87,SE,HUNTERS,39.14,-86.64,39.16,-86.57,"A strengthening storm system lifted through the Middle Mississippi Valley on the 19th, dragging its warm frontal zone northward through the Midwest, and bringing near-record high temperatures and anomalous dewpoints into central Indiana.  Multiple rounds of severe weather occurred over the region, from early morning large hail in two far-northern zones, covering roads in Warren County, to more organized evening severe weather from rotating supercell thunderstorms.  Through the evening of the 19th, the destabilized atmosphere combined with a stregthening low-level jet stream that progressed eastward into the region, boosting 0-1 km wind shear as high as 300 m2/s2.  A resultant cluster of discrete late-day to evening supercells were focused along the frontal zone, near or south of the Interstate 70 corridor, and produced scattered large hail over 6 counties and isolated wind damage to trees and/or power poles in 4 counties.  ||A stronger supercell with a history of producing two weak tornadoes in Crawford County, Illinois, continued into central Indiana, spawning an EF-0 tornado in Sullivan County, an intense EF-2 just west of Bloomington that caused extensive structural damage to homes, apartments, and airport facilities, and a brief EF-U in Decatur County;  this cell also produced ping-pong ball (1.50-inch diameter) sized hail in Greene and Monroe Counties.","An EF-2 tornado tracked 3.73 miles through west-central Monroe County, across the Bloomington Airport up to the Interstate Route 69 interchange with Indiana Route 48.  The maximum path width was 440 yards with the tornado causing significant damage to neighborhoods, apartments, businesses, and portions of the airport. Extensive tree damage also occurred.||The tornado first developed in wooded areas west of the airport before rapidly intensifying as it moved into a small neighborhood just west of the airport. This area experienced the event's most intense winds, extensive tree damage along with multiple points of structural damage to homes.  As the tornado progressed eastward, it caused damage to an airplane hangar.  While passing over the airfield, the KBMG ASOS recorded a wind gust of 70 mph.  The tornado continued east-northeast, damaging numerous homes before striking a newly constructed neighborhood where additional high-end EF-1 to low-end EF-2 damage occurred. Additional EF-1 damage was observed further northeast at an apartment complex. After producing damage to a bank overhang and causing roofing damage to several warehouse structures, the tornado dissipated near the east end of this business district, immediately west of I-69.  Peak wind speeds were estimated at 120 mph.",CSV
202602,22,100,202602,23,1400,211230,1319831,INDIANA,18,2026,February,Winter Weather,Z,12,STARKE,IWX,22-FEB-26 01:00:00,EST-5,23-FEB-26 14:00:00,0,0,0,0,0.00K,0.00K,CoCoRaHS,,,,,,,,,,,,,,,,,,,,,,A multi-phased system brought a combination of system and lake enhanced snow to northwest and portions of north central Indiana Saturday night into early Sunday morning followed by more organized lake effect snow showers late Sunday into Monday. This prolonged snow event coupled with gusty north to northwest winds lead to hazardous travel conditions and numerous slide-offs and accidents across favored lake effect snow region across northwest and north central Indiana.,"A combination of system and lake enhanced snow Saturday night into Sunday morning, followed by a more organized lake effect snow phase Sunday afternoon through midday Monday. Storm total snow accumulations ranged from 2 to 5 inches, with the higher amounts in this range across the northern part of the county.  In addition to the snow, north to northwest winds gusting to 30 to 35 mph resulted in some blowing and drifting snow along with periods of reduced visibilities. Numerous slide-offs were reported.",CSV
202602,22,100,202602,23,1400,211230,1319832,INDIANA,18,2026,February,Winter Weather,Z,14,MARSHALL,IWX,22-FEB-26 01:00:00,EST-5,23-FEB-26 14:00:00,0,0,0,0,0.00K,0.00K,CoCoRaHS,,,,,,,,,,,,,,,,,,,,,,A multi-phased system brought a combination of system and lake enhanced snow to northwest and portions of north central Indiana Saturday night into early Sunday morning followed by more organized lake effect snow showers late Sunday into Monday. This prolonged snow event coupled with gusty north to northwest winds lead to hazardous travel conditions and numerous slide-offs and accidents across favored lake effect snow region across northwest and north central Indiana.,"A combination of system and lake enhanced snow Saturday night into Sunday morning, followed by a more organized lake effect snow phase Sunday afternoon through midday Monday. Storm total snow accumulations ranged from 3 to 6 inches. A CoCoRaHS observer reported 5 inches of snowfall 7.3 miles north northeast of Plymouth, IN.  In addition to the snow, north to northwest winds gusting to 30 to 35 mph resulted in some blowing and drifting snow along with periods of reduced visibilities. Numerous slide-offs were reported.",CSV
202602,22,1,202602,23,1400,211230,1319836,INDIANA,18,2026,February,Winter Storm,Z,103,NORTHERN LA PORTE COUNTY,IWX,22-FEB-26 00:01:00,CST-6,23-FEB-26 14:00:00,0,0,0,0,0.00K,0.00K,CoCoRaHS,,,,,,,,,,,,,,,,,,,,,,A multi-phased system brought a combination of system and lake enhanced snow to northwest and portions of north central Indiana Saturday night into early Sunday morning followed by more organized lake effect snow showers late Sunday into Monday. This prolonged snow event coupled with gusty north to northwest winds lead to hazardous travel conditions and numerous slide-offs and accidents across favored lake effect snow region across northwest and north central Indiana.,"A combination of system and lake enhanced snow Saturday night into Sunday morning, followed by a more organized lake effect snow phase Sunday afternoon through midday Monday. Storm total snow accumulations ranged from 5 to 10 inches. A CoCoRaHS observer 1.9 miles north northeast of Mill Creek, IN reported 8.3 inches of snow. In addition to the snow, north to northwest winds gusting to 30 to 35 mph resulted in significant blowing and drifting snow along with periods of significantly reduced visibilities. Numerous slide-offs and accidents were reported.",CSV
202602,19,1752,202602,19,1759,210698,1318049,INDIANA,18,2026,February,Tornado,C,153,SULLIVAN,IND,19-FEB-26 17:52:00,EST-5,19-FEB-26 17:59:00,0,0,0,0,300.00K,,NWS Storm Survey,,,,,EF0,4.1,300,,,,,2.55,WNW,CARLISLE,1.75,ESE,PAXTON,38.99,-87.44,39.01,-87.37,"A strengthening storm system lifted through the Middle Mississippi Valley on the 19th, dragging its warm frontal zone northward through the Midwest, and bringing near-record high temperatures and anomalous dewpoints into central Indiana.  Multiple rounds of severe weather occurred over the region, from early morning large hail in two far-northern zones, covering roads in Warren County, to more organized evening severe weather from rotating supercell thunderstorms.  Through the evening of the 19th, the destabilized atmosphere combined with a stregthening low-level jet stream that progressed eastward into the region, boosting 0-1 km wind shear as high as 300 m2/s2.  A resultant cluster of discrete late-day to evening supercells were focused along the frontal zone, near or south of the Interstate 70 corridor, and produced scattered large hail over 6 counties and isolated wind damage to trees and/or power poles in 4 counties.  ||A stronger supercell with a history of producing two weak tornadoes in Crawford County, Illinois, continued into central Indiana, spawning an EF-0 tornado in Sullivan County, an intense EF-2 just west of Bloomington that caused extensive structural damage to homes, apartments, and airport facilities, and a brief EF-U in Decatur County;  this cell also produced ping-pong ball (1.50-inch diameter) sized hail in Greene and Monroe Counties.","An EF-0 tornado tracked 4.10 miles over southern Sullivan County, between the Paxton and Carlisle communities. The maximum path width was 300 yards with multiple outbuildings significantly or completely destroyed and damage to trees.  The supercell originally spawned two weak tornadoes in Crawford County, Illinois, which lifted before crossing the Wabash River into southwestern Sullivan County near Indiana Route 58. The tornado appeared to frequently come in contact with the ground at a few locations east of Route 58 but never remained in contact with the ground for a long distance, yet demonstrated damage that reflects high-end EF0 winds around 80 mph. The tornado maintained EF-0 intensity as it moved east-northeast through agricultural land, snapping a mix of large hardwood and softwood trees before lifting from Sullivan County. Damage was observed just northwest of Carlisle, where several small outbuildings sustained major damage. In this location, wind speeds were estimated at 80 mph, consistent with EF-0 intensity. The tornado continued across US-41 just south of Paxton, where the strongest damage, an additional outbuilding completely destroyed along with several large trees knocked over and snapped, was consistent with winds upwards of 85 mph;  the storm survey estimates that the width of the tree damage spanned around 300 yards in an adjacent field.  Peak wind speeds were estimated at 85 mph.",CSV
202602,22,1,202602,23,1400,211230,1319837,INDIANA,18,2026,February,Winter Storm,Z,104,EASTERN ST. JOSEPH COUNTY,IWX,22-FEB-26 00:01:00,EST-5,23-FEB-26 14:00:00,0,0,0,0,0.00K,0.00K,CoCoRaHS,,,,,,,,,,,,,,,,,,,,,,A multi-phased system brought a combination of system and lake enhanced snow to northwest and portions of north central Indiana Saturday night into early Sunday morning followed by more organized lake effect snow showers late Sunday into Monday. This prolonged snow event coupled with gusty north to northwest winds lead to hazardous travel conditions and numerous slide-offs and accidents across favored lake effect snow region across northwest and north central Indiana.,"A combination of system and lake enhanced snow Saturday night into Sunday morning, followed by a more organized lake effect snow phase Sunday afternoon through midday Monday. Storm total snow accumulations ranged from 5 to 10 inches. A CoCoRaHS observer 1.8 miles east northeast of Granger, IN reported 8.5 inches of snow. In addition to the snow, north to northwest winds gusting to 30 to 35 mph resulted in significant blowing and drifting snow along with periods of significantly reduced visibilities. Numerous slide-offs and accidents were reported.",CSV
202602,22,1,202602,23,1400,211230,1319838,INDIANA,18,2026,February,Winter Storm,Z,204,WESTERN ST. JOSEPH COUNTY,IWX,22-FEB-26 00:01:00,EST-5,23-FEB-26 14:00:00,0,0,0,0,0.00K,0.00K,Public,,,,,,,,,,,,,,,,,,,,,,A multi-phased system brought a combination of system and lake enhanced snow to northwest and portions of north central Indiana Saturday night into early Sunday morning followed by more organized lake effect snow showers late Sunday into Monday. This prolonged snow event coupled with gusty north to northwest winds lead to hazardous travel conditions and numerous slide-offs and accidents across favored lake effect snow region across northwest and north central Indiana.,"A combination of system and lake enhanced snow Saturday night into Sunday morning, followed by a more organized lake effect snow phase Sunday afternoon through midday Monday. Storm total snow accumulations ranged from 5 to 9 inches. A public report of 7.3 inches of snow was received from New Carlisle, IN. In addition to the snow, north to northwest winds gusting to 30 to 35 mph resulted in significant blowing and drifting snow along with periods of significantly reduced visibilities. Numerous slide-offs and accidents were reported.",CSV
202602,22,100,202602,23,1400,211230,1319829,INDIANA,18,2026,February,Winter Weather,Z,203,SOUTHERN LA PORTE COUNTY,IWX,22-FEB-26 01:00:00,CST-6,23-FEB-26 14:00:00,0,0,0,0,0.00K,0.00K,CoCoRaHS,,,,,,,,,,,,,,,,,,,,,,A multi-phased system brought a combination of system and lake enhanced snow to northwest and portions of north central Indiana Saturday night into early Sunday morning followed by more organized lake effect snow showers late Sunday into Monday. This prolonged snow event coupled with gusty north to northwest winds lead to hazardous travel conditions and numerous slide-offs and accidents across favored lake effect snow region across northwest and north central Indiana.,"A combination of system and lake enhanced snow Saturday night into Sunday morning, followed by a more organized lake effect snow phase Sunday afternoon through midday Monday. Storm total snow accumulations ranged from 2 to 5 inches. A report of 3.3 inches of snow was received 4.4 miles east southeast of Wanatah, IN.  In addition to the snow, north to northwest winds gusting to 30 to 35 mph resulted in some blowing and drifting snow along with periods of reduced visibilities. Numerous slide-offs were reported.",CSV
202604,2,1813,202604,2,1813,210813,1322565,INDIANA,18,2026,April,Thunderstorm Wind,C,167,VIGO,IND,02-APR-26 18:13:00,EST-5,02-APR-26 18:13:00,0,0,0,0,3.00K,,Trained Spotter,55.00,EG,,,,,,,,,,1.74,WNW,BELT JCT,1.74,WNW,BELT JCT,39.43,-87.41,39.43,-87.41,"On April 2nd's early evening, an upper level short wave disturbance crossing the Middle Mississppi Valley, and associated 1000-mb surface low pressure tracking quickly from Iowa to Wiscomsin, placed central Indiana within its warm sector.  The conditional set-up for severe weather included steep 0-3 km lapse rates, and corresponding DCAPE values of 500-800 J/kg extending along and just east of the Wabash Valley.  A resultant quasi-linear convective system (QLCS) crossed western central Indiana, producing widely scattered damaging straight line winds.  The system's overall high cloud base mitigated any tornado production except where a brief EF-0 was spawned in Parke County.",Large tree uprooted by thunderstorm wind gusts.,CSV
202604,2,1833,202604,2,1833,210813,1322566,INDIANA,18,2026,April,Thunderstorm Wind,C,121,PARKE,IND,02-APR-26 18:33:00,EST-5,02-APR-26 18:33:00,0,0,0,0,125.00K,,911 Call Center,52.00,EG,,,,,,,,,,1.74,ENE,BRIDGETON,1.74,ENE,BRIDGETON,39.66,-87.15,39.66,-87.15,"On April 2nd's early evening, an upper level short wave disturbance crossing the Middle Mississppi Valley, and associated 1000-mb surface low pressure tracking quickly from Iowa to Wiscomsin, placed central Indiana within its warm sector.  The conditional set-up for severe weather included steep 0-3 km lapse rates, and corresponding DCAPE values of 500-800 J/kg extending along and just east of the Wabash Valley.  A resultant quasi-linear convective system (QLCS) crossed western central Indiana, producing widely scattered damaging straight line winds.  The system's overall high cloud base mitigated any tornado production except where a brief EF-0 was spawned in Parke County.","Thunderstorm straight line winds damaged a garage in the Bridgeton community and a small barn and large shed on Mansfield Road, with a couple trees onto houses, and Indiana Route 59 closed from downed trees and power poles.",CSV
202602,1,0,202602,28,2359,210328,1312116,INDIANA,18,2026,February,Drought,Z,19,BENTON,LOT,01-FEB-26 00:00:00,EST-5,28-FEB-26 23:59:00,0,0,0,0,0.00K,0.00K,Drought Monitor,,,,,,,,,,,,,,,,,,,,,,Severe drought conditions continued across Benton County in west central Indiana through February.,,CSV
202602,19,2035,202602,19,2037,210698,1318074,INDIANA,18,2026,February,Tornado,C,31,DECATUR,IND,19-FEB-26 20:35:00,EST-5,19-FEB-26 20:37:00,0,0,0,0,,,NWS Storm Survey,,,,,EFU,0.92,25,,,,,1.27,WNW,GREENSBURG ARPT,1.48,NNW,GREENSBURG ARPT,39.34,-85.54,39.35,-85.53,"A strengthening storm system lifted through the Middle Mississippi Valley on the 19th, dragging its warm frontal zone northward through the Midwest, and bringing near-record high temperatures and anomalous dewpoints into central Indiana.  Multiple rounds of severe weather occurred over the region, from early morning large hail in two far-northern zones, covering roads in Warren County, to more organized evening severe weather from rotating supercell thunderstorms.  Through the evening of the 19th, the destabilized atmosphere combined with a stregthening low-level jet stream that progressed eastward into the region, boosting 0-1 km wind shear as high as 300 m2/s2.  A resultant cluster of discrete late-day to evening supercells were focused along the frontal zone, near or south of the Interstate 70 corridor, and produced scattered large hail over 6 counties and isolated wind damage to trees and/or power poles in 4 counties.  ||A stronger supercell with a history of producing two weak tornadoes in Crawford County, Illinois, continued into central Indiana, spawning an EF-0 tornado in Sullivan County, an intense EF-2 just west of Bloomington that caused extensive structural damage to homes, apartments, and airport facilities, and a brief EF-U in Decatur County;  this cell also produced ping-pong ball (1.50-inch diameter) sized hail in Greene and Monroe Counties.","An EF-U tornado tracked 0.92 miles through central Decatur County, just west of Greensburg.  The vortex's path width was 25 yards.  The tornado was identified by video footage but produced no damage.",CSV
202602,19,1847,202602,19,1847,210698,1321959,INDIANA,18,2026,February,Hail,C,81,JOHNSON,IND,19-FEB-26 18:47:00,EST-5,19-FEB-26 18:47:00,0,0,0,0,,,Public,1.00,,,,,,,,,,,1.38,N,SMITH VALLEY,1.38,N,SMITH VALLEY,39.62,-86.2,39.62,-86.2,"A strengthening storm system lifted through the Middle Mississippi Valley on the 19th, dragging its warm frontal zone northward through the Midwest, and bringing near-record high temperatures and anomalous dewpoints into central Indiana.  Multiple rounds of severe weather occurred over the region, from early morning large hail in two far-northern zones, covering roads in Warren County, to more organized evening severe weather from rotating supercell thunderstorms.  Through the evening of the 19th, the destabilized atmosphere combined with a stregthening low-level jet stream that progressed eastward into the region, boosting 0-1 km wind shear as high as 300 m2/s2.  A resultant cluster of discrete late-day to evening supercells were focused along the frontal zone, near or south of the Interstate 70 corridor, and produced scattered large hail over 6 counties and isolated wind damage to trees and/or power poles in 4 counties.  ||A stronger supercell with a history of producing two weak tornadoes in Crawford County, Illinois, continued into central Indiana, spawning an EF-0 tornado in Sullivan County, an intense EF-2 just west of Bloomington that caused extensive structural damage to homes, apartments, and airport facilities, and a brief EF-U in Decatur County;  this cell also produced ping-pong ball (1.50-inch diameter) sized hail in Greene and Monroe Counties.",,CSV
202602,3,700,202602,3,1800,211235,1319846,INDIANA,18,2026,February,Winter Weather,Z,73,RIPLEY,ILN,03-FEB-26 07:00:00,EST-5,03-FEB-26 18:00:00,0,0,0,0,,,CoCoRaHS,,,,,,,,,,,,,,,,,,,,,,"Low level frontogenesis developed ahead of a cold front, and an upper level shortwave provided lift to create a period of snow as it passed.",The observer in Batesville measured 0.7 inches of snow.,CSV
202604,27,1120,202604,27,1120,212717,1348107,INDIANA,18,2026,April,Hail,C,51,GIBSON,PAH,27-APR-26 11:20:00,CST-6,27-APR-26 11:20:00,0,0,0,0,0.00K,0.00K,Public,1.00,,,,,,,,,,,2,E,PRINCETON,2,E,PRINCETON,38.3503,-87.5328,38.3503,-87.5328,"Multiple rounds of severe thunderstorms impacted the Quad State region on the 27th. The first round of storms arrived during the early morning hours of the 27th, associated with a warm front lifting northeastward across the region. Being elevated storms, large hail was the primary impact. Additional isolated to scattered storms developed during the midday hours, also tracking northeastward with large hail.||In Southwest Indiana, midday MLCAPE values were around 500J/kg, DCAPE was 600-800J/kg, effective bulk shear was a robust 40-50kts, and mid-level lapse rates were around 6.5C/km.||Cells tracking northeastward in Southwest Indiana midday resulted in several hail reports in Gibson and Warrick Counties.",Quarter size hail was measured east of Princeton.,CSV
202604,27,1132,202604,27,1132,212717,1348108,INDIANA,18,2026,April,Hail,C,51,GIBSON,PAH,27-APR-26 11:32:00,CST-6,27-APR-26 11:32:00,0,0,0,0,0.00K,0.00K,Public,1.00,,,,,,,,,,,1,N,OAKLAND CITY,1,N,OAKLAND CITY,38.34,-87.35,38.34,-87.35,"Multiple rounds of severe thunderstorms impacted the Quad State region on the 27th. The first round of storms arrived during the early morning hours of the 27th, associated with a warm front lifting northeastward across the region. Being elevated storms, large hail was the primary impact. Additional isolated to scattered storms developed during the midday hours, also tracking northeastward with large hail.||In Southwest Indiana, midday MLCAPE values were around 500J/kg, DCAPE was 600-800J/kg, effective bulk shear was a robust 40-50kts, and mid-level lapse rates were around 6.5C/km.||Cells tracking northeastward in Southwest Indiana midday resulted in several hail reports in Gibson and Warrick Counties.",Hail estimated to quarter size was reported in Oakland City.,CSV
202604,27,1135,202604,27,1135,212717,1348109,INDIANA,18,2026,April,Hail,C,173,WARRICK,PAH,27-APR-26 11:35:00,CST-6,27-APR-26 11:35:00,0,0,0,0,0.00K,0.00K,Emergency Manager,1.00,,,,,,,,,,,0,NW,PARADISE,0,NW,PARADISE,37.9848,-87.3856,37.9848,-87.3856,"Multiple rounds of severe thunderstorms impacted the Quad State region on the 27th. The first round of storms arrived during the early morning hours of the 27th, associated with a warm front lifting northeastward across the region. Being elevated storms, large hail was the primary impact. Additional isolated to scattered storms developed during the midday hours, also tracking northeastward with large hail.||In Southwest Indiana, midday MLCAPE values were around 500J/kg, DCAPE was 600-800J/kg, effective bulk shear was a robust 40-50kts, and mid-level lapse rates were around 6.5C/km.||Cells tracking northeastward in Southwest Indiana midday resulted in several hail reports in Gibson and Warrick Counties.",Hail up to quarter size was measured near Castle High School.,CSV
202604,27,1133,202604,27,1133,212717,1348111,INDIANA,18,2026,April,Hail,C,173,WARRICK,PAH,27-APR-26 11:33:00,CST-6,27-APR-26 11:33:00,0,0,0,0,0.00K,0.00K,Public,0.88,,,,,,,,,,,2,S,PARADISE,2,S,PARADISE,37.95,-87.38,37.95,-87.38,"Multiple rounds of severe thunderstorms impacted the Quad State region on the 27th. The first round of storms arrived during the early morning hours of the 27th, associated with a warm front lifting northeastward across the region. Being elevated storms, large hail was the primary impact. Additional isolated to scattered storms developed during the midday hours, also tracking northeastward with large hail.||In Southwest Indiana, midday MLCAPE values were around 500J/kg, DCAPE was 600-800J/kg, effective bulk shear was a robust 40-50kts, and mid-level lapse rates were around 6.5C/km.||Cells tracking northeastward in Southwest Indiana midday resulted in several hail reports in Gibson and Warrick Counties.",Nickel size hail was measured on the east side of Newburgh.,CSV
202604,27,1205,202604,27,1207,212717,1348112,INDIANA,18,2026,April,Hail,C,173,WARRICK,PAH,27-APR-26 12:05:00,CST-6,27-APR-26 12:07:00,0,0,0,0,,0.00K,Broadcast Media,1.25,,,,,,,,,,,0,NW,SELVIN,1,NE,SELVIN,38.2026,-87.1047,38.2103,-87.0824,"Multiple rounds of severe thunderstorms impacted the Quad State region on the 27th. The first round of storms arrived during the early morning hours of the 27th, associated with a warm front lifting northeastward across the region. Being elevated storms, large hail was the primary impact. Additional isolated to scattered storms developed during the midday hours, also tracking northeastward with large hail.||In Southwest Indiana, midday MLCAPE values were around 500J/kg, DCAPE was 600-800J/kg, effective bulk shear was a robust 40-50kts, and mid-level lapse rates were around 6.5C/km.||Cells tracking northeastward in Southwest Indiana midday resulted in several hail reports in Gibson and Warrick Counties.",Hail measured to half dollar size fell in Selvin and continued northeastward towards Holland as an intensifying storm moved through northeastern Warrick County.,CSV
202604,27,1123,202604,27,1123,212717,1348113,INDIANA,18,2026,April,Hail,C,173,WARRICK,PAH,27-APR-26 11:23:00,CST-6,27-APR-26 11:23:00,0,0,0,0,0.00K,0.00K,Public,1.00,,,,,,,,,,,2,SW,ST JOHN,2,SW,ST JOHN,38.0596,-87.4731,38.0596,-87.4731,"Multiple rounds of severe thunderstorms impacted the Quad State region on the 27th. The first round of storms arrived during the early morning hours of the 27th, associated with a warm front lifting northeastward across the region. Being elevated storms, large hail was the primary impact. Additional isolated to scattered storms developed during the midday hours, also tracking northeastward with large hail.||In Southwest Indiana, midday MLCAPE values were around 500J/kg, DCAPE was 600-800J/kg, effective bulk shear was a robust 40-50kts, and mid-level lapse rates were around 6.5C/km.||Cells tracking northeastward in Southwest Indiana midday resulted in several hail reports in Gibson and Warrick Counties.",Quarter size hail was measured northeast of Melody Hill.,CSV
202604,27,1136,202604,27,1136,212717,1348110,INDIANA,18,2026,April,Hail,C,173,WARRICK,PAH,27-APR-26 11:36:00,CST-6,27-APR-26 11:36:00,0,0,0,0,0.00K,0.00K,Emergency Manager,0.88,,,,,,,,,,,2,SE,STEVENSON,2,SE,STEVENSON,38.0057,-87.4037,38.0057,-87.4037,"Multiple rounds of severe thunderstorms impacted the Quad State region on the 27th. The first round of storms arrived during the early morning hours of the 27th, associated with a warm front lifting northeastward across the region. Being elevated storms, large hail was the primary impact. Additional isolated to scattered storms developed during the midday hours, also tracking northeastward with large hail.||In Southwest Indiana, midday MLCAPE values were around 500J/kg, DCAPE was 600-800J/kg, effective bulk shear was a robust 40-50kts, and mid-level lapse rates were around 6.5C/km.||Cells tracking northeastward in Southwest Indiana midday resulted in several hail reports in Gibson and Warrick Counties.",Hail measured to nickel size fell on Telephone Road north of Newburgh.,CSV
202605,18,1321,202605,18,1321,212012,1328070,INDIANA,18,2026,May,Thunderstorm Wind,C,11,BOONE,IND,18-MAY-26 13:21:00,EST-5,18-MAY-26 13:21:00,0,0,0,0,,,Public,52.00,EG,,,,,,,,,,1.73,WNW,EAGLE VLG,1.73,WNW,EAGLE VLG,39.96,-86.3,39.96,-86.3,"During the 18th midday and afternoon hours, a fast-moving line of severe thunderstorms swept through central Indiana, producing widespread damaging straight line winds.  The severe weather entered the western portions of the IND CWA shortly after 1200 EST, with initial damage reported in Parke and Clay Counties where multiple trees and three power poles were downed.  The line tracked quickly eastward through the early afternoon, impacting the Indianapolis metropolitan area and adjacent counties. Widespread wind damage to trees and utility lines was noted, particularly across Owen County where an estimated gust of 55 knots (63 mph) downed a significant number of trees and powerlines. Further north, an estimated 60 mph gust in Boone County was followed by a measured gust of 53 knots (61 mph) at the Indianapolis Executive Airport north of Zionsville at 1335 EST.  Power lines were also downed in Hamilton County before the primary severe wind threat subsided.||In addition to the damaging winds, torrential downpours dropped widespread 2.00 to 3.00 inches of rain across the region, producing significant areal and flash flooding from mid-afternoon into the evening.  Knox County was impacted first, where roughly 2.00 inches of rainfall caused water to flow over State Roads 58 and 67, flooded local intersections from Bruceville to Oaktown, and caused manholes to overflow. As the heavy rainfall progressed eastward, county-wide road flooding developed across Putnam, Hancock, Marion, and Owen Counties, with the latter reporting up to 3.00 inches.  The most severe hydrological impact occurred in Morgan County, where approximately 3.00 inches of rainfall inundated a residential home, requiring the deployment of sandbags to combat the rising floodwaters.",A 60 mph thunderstorm wind gust was estimated at this location.,CSV
202605,18,1335,202605,18,1335,212012,1328071,INDIANA,18,2026,May,Thunderstorm Wind,C,11,BOONE,IND,18-MAY-26 13:35:00,EST-5,18-MAY-26 13:35:00,0,0,0,0,,,AWOS,53.00,MG,,,,,,,,,,0,N,IND TERRY ARPT,0,N,IND TERRY ARPT,40.03,-86.25,40.03,-86.25,"During the 18th midday and afternoon hours, a fast-moving line of severe thunderstorms swept through central Indiana, producing widespread damaging straight line winds.  The severe weather entered the western portions of the IND CWA shortly after 1200 EST, with initial damage reported in Parke and Clay Counties where multiple trees and three power poles were downed.  The line tracked quickly eastward through the early afternoon, impacting the Indianapolis metropolitan area and adjacent counties. Widespread wind damage to trees and utility lines was noted, particularly across Owen County where an estimated gust of 55 knots (63 mph) downed a significant number of trees and powerlines. Further north, an estimated 60 mph gust in Boone County was followed by a measured gust of 53 knots (61 mph) at the Indianapolis Executive Airport north of Zionsville at 1335 EST.  Power lines were also downed in Hamilton County before the primary severe wind threat subsided.||In addition to the damaging winds, torrential downpours dropped widespread 2.00 to 3.00 inches of rain across the region, producing significant areal and flash flooding from mid-afternoon into the evening.  Knox County was impacted first, where roughly 2.00 inches of rainfall caused water to flow over State Roads 58 and 67, flooded local intersections from Bruceville to Oaktown, and caused manholes to overflow. As the heavy rainfall progressed eastward, county-wide road flooding developed across Putnam, Hancock, Marion, and Owen Counties, with the latter reporting up to 3.00 inches.  The most severe hydrological impact occurred in Morgan County, where approximately 3.00 inches of rainfall inundated a residential home, requiring the deployment of sandbags to combat the rising floodwaters.",Indianapolis Executive Airport measured a thunderstorm wind gust of 61 mph.,CSV
202605,18,1347,202605,18,1347,212012,1328072,INDIANA,18,2026,May,Thunderstorm Wind,C,57,HAMILTON,IND,18-MAY-26 13:47:00,EST-5,18-MAY-26 13:47:00,0,0,0,0,5.00K,0.00K,Public,50.00,EG,,,,,,,,,,1.59,E,CARMEL,1.59,E,CARMEL,39.98,-86.1,39.98,-86.1,"During the 18th midday and afternoon hours, a fast-moving line of severe thunderstorms swept through central Indiana, producing widespread damaging straight line winds.  The severe weather entered the western portions of the IND CWA shortly after 1200 EST, with initial damage reported in Parke and Clay Counties where multiple trees and three power poles were downed.  The line tracked quickly eastward through the early afternoon, impacting the Indianapolis metropolitan area and adjacent counties. Widespread wind damage to trees and utility lines was noted, particularly across Owen County where an estimated gust of 55 knots (63 mph) downed a significant number of trees and powerlines. Further north, an estimated 60 mph gust in Boone County was followed by a measured gust of 53 knots (61 mph) at the Indianapolis Executive Airport north of Zionsville at 1335 EST.  Power lines were also downed in Hamilton County before the primary severe wind threat subsided.||In addition to the damaging winds, torrential downpours dropped widespread 2.00 to 3.00 inches of rain across the region, producing significant areal and flash flooding from mid-afternoon into the evening.  Knox County was impacted first, where roughly 2.00 inches of rainfall caused water to flow over State Roads 58 and 67, flooded local intersections from Bruceville to Oaktown, and caused manholes to overflow. As the heavy rainfall progressed eastward, county-wide road flooding developed across Putnam, Hancock, Marion, and Owen Counties, with the latter reporting up to 3.00 inches.  The most severe hydrological impact occurred in Morgan County, where approximately 3.00 inches of rainfall inundated a residential home, requiring the deployment of sandbags to combat the rising floodwaters.",Power lines downed by thunderstorm wind gusts.,CSV
202605,18,1645,202605,18,1645,214137,1341810,INDIANA,18,2026,May,Thunderstorm Wind,C,37,DUBOIS,LMK,18-MAY-26 16:45:00,EST-5,18-MAY-26 16:45:00,0,0,0,0,,,911 Call Center,50.00,EG,,,,,,,,,,2.34,SSE,ELLSWORTH,2.34,SSE,ELLSWORTH,38.4,-86.7,38.4,-86.7,"On May 18th into May 19th, the Ohio Valley was in the middle of a southwest mid- and upper-level flow regime between troughing over the central CONUS and southeast US ridging. Smaller scale perturbations within the broader flow pattern would support a couple waves of showers and thunderstorms, with isolated strong to severe storms occurring across north central Kentucky and southern Indiana during the afternoon and evening hours both days. On May 18th, storms which initially developed as scattered cells over southern Illinois merged into a line across southern Indiana. This line of storms had a modest amount of instability and vertical wind shear to support it, with temperatures in the upper 80s and dewpoint temperatures in the upper 60s supporting 1500-2000 J/kg of mixed-layer CAPE. Scattered wind damage was observed across southern Indiana, with the greatest concentration of damage occurring in Dubois and Washington County, where several trees were blown down. Additional rounds of showers and thunderstorms later in the evening would also lead to a few occurrences of flash flooding, especially along tributaries of the Blue River in Washington County.","A large tree was blown down, blocking the roadway.",CSV
202605,27,1548,202605,27,1700,212253,1341396,INDIANA,18,2026,May,Flood,C,139,RUSH,IND,27-MAY-26 15:48:00,EST-5,27-MAY-26 17:00:00,0,0,0,0,5.00K,0.00K,Emergency Manager,,,Heavy Rain,,,,,,,,,2.11,SE,NEW SALEM,1.77,SSE,NEW SALEM,39.51,-85.32,39.5049,-85.3435,"On the 27th afternoon, slow-moving thunderstorms produced heavy to locally extreme rainfall, including a public observation of 3.14 inches in the Wichita Hill neighborhood of  far southwestern Marion County.  Flash flooding was limited to adjacent far northeastern Morgan County, focused along Mann Road.",County Road 700 East flooded south of US Highway 52 from 2.20 inches of rain.,CSV
202605,27,1430,202605,27,1630,212253,1341399,INDIANA,18,2026,May,Flash Flood,C,109,MORGAN,IND,27-MAY-26 14:30:00,EST-5,27-MAY-26 16:30:00,0,0,0,0,25.00K,0.00K,Emergency Manager,,,Heavy Rain,,,,,,,,,3.57,NNE,LANDERSDALE,1.22,WNW,LANDERSDALE,39.6656,-86.2382,39.6287,-86.29,"On the 27th afternoon, slow-moving thunderstorms produced heavy to locally extreme rainfall, including a public observation of 3.14 inches in the Wichita Hill neighborhood of  far southwestern Marion County.  Flash flooding was limited to adjacent far northeastern Morgan County, focused along Mann Road.","Mann Road was flooded from Spring Lake Road to the Marion County line from up to 3.25 inches of rainfall, with a deer rescued next to an inundated car.  The water crossing Mann Road near the car was nearly 2 feet deep. Landersdale Road also flooded east of Paddock Road as did Cox Road north of Landersdale Road.",CSV
202605,19,1502,202605,19,1502,212013,1328051,INDIANA,18,2026,May,Thunderstorm Wind,C,57,HAMILTON,IND,19-MAY-26 15:02:00,EST-5,19-MAY-26 15:02:00,0,0,0,0,5.00K,0.00K,Emergency Manager,50.00,EG,,,,,,,,,,0,N,ATLANTA,0,N,ATLANTA,40.22,-86.03,40.22,-86.03,"During the 19th afternoon, an unstable airmass ahead of an approaching surface trough triggered a cluster of severe thunderstorms across central Indiana.  Convection initially intensified over the western and northern portions of the Indianapolis metropolitan area shortly after 1500 EST, capitalizing on strong low-to-mid level wind shear. These storms quickly organized into severe segments that tracked eastward and southward, producing a concentrated swath of damaging straight-line winds across Hendricks, Hamilton, Delaware, and Bartholomew counties before exiting the IND CWA by 1700 EST.||Damaging winds were the primary hazard with this event, resulting in structural damage, power outages, and travel disruptions. Hamilton County was particularly hard hit, where estimated wind gusts up to 55 knots (63 mph) downed multiple utility lines, left a power pole leaning in Noblesville, and knocked a large tree through the roof of a residence.  Transportation infrastructure was also impacted:  in Delaware County, estimated gusts of 55 knots blew over a semi truck on Interstate 69 near mile marker 249.  Earlier in the afternoon, severe gusts in Hendricks County downed several trees, including one that blocked a roadway southwest of Danville.  As the severe weather pushed into south-central Indiana, the KBAK AWOS at Columbus Municipal Airport in Bartholomew County recorded a peak measured wind gust of 52 knots (60 mph).",Utility lines down. Time roughly estimated from radar.,CSV
202605,18,1516,202605,18,1900,212012,1328073,INDIANA,18,2026,May,Flood,C,83,KNOX,IND,18-MAY-26 15:16:00,EST-5,18-MAY-26 19:00:00,0,0,0,0,10.00K,0.00K,Emergency Manager,,,Heavy Rain,,,,,,,,,2.02,SW,FREELANDVILLE,2.12,SSE,FREELANDVILLE,38.8478,-87.3245,38.8416,-87.2849,"During the 18th midday and afternoon hours, a fast-moving line of severe thunderstorms swept through central Indiana, producing widespread damaging straight line winds.  The severe weather entered the western portions of the IND CWA shortly after 1200 EST, with initial damage reported in Parke and Clay Counties where multiple trees and three power poles were downed.  The line tracked quickly eastward through the early afternoon, impacting the Indianapolis metropolitan area and adjacent counties. Widespread wind damage to trees and utility lines was noted, particularly across Owen County where an estimated gust of 55 knots (63 mph) downed a significant number of trees and powerlines. Further north, an estimated 60 mph gust in Boone County was followed by a measured gust of 53 knots (61 mph) at the Indianapolis Executive Airport north of Zionsville at 1335 EST.  Power lines were also downed in Hamilton County before the primary severe wind threat subsided.||In addition to the damaging winds, torrential downpours dropped widespread 2.00 to 3.00 inches of rain across the region, producing significant areal and flash flooding from mid-afternoon into the evening.  Knox County was impacted first, where roughly 2.00 inches of rainfall caused water to flow over State Roads 58 and 67, flooded local intersections from Bruceville to Oaktown, and caused manholes to overflow. As the heavy rainfall progressed eastward, county-wide road flooding developed across Putnam, Hancock, Marion, and Owen Counties, with the latter reporting up to 3.00 inches.  The most severe hydrological impact occurred in Morgan County, where approximately 3.00 inches of rainfall inundated a residential home, requiring the deployment of sandbags to combat the rising floodwaters.",State Road 58 near Harting Road has water flowing over the road from heavy rainfall. Total rainfall for the event was around 2 inches.,CSV
202605,18,1700,202605,18,1700,214137,1341814,INDIANA,18,2026,May,Thunderstorm Wind,C,37,DUBOIS,LMK,18-MAY-26 17:00:00,EST-5,18-MAY-26 17:00:00,0,0,0,0,,,911 Call Center,50.00,EG,,,,,,,,,,3,SSW,ST MARKS,3,SSW,ST MARKS,38.2596,-86.8401,38.2596,-86.8401,"On May 18th into May 19th, the Ohio Valley was in the middle of a southwest mid- and upper-level flow regime between troughing over the central CONUS and southeast US ridging. Smaller scale perturbations within the broader flow pattern would support a couple waves of showers and thunderstorms, with isolated strong to severe storms occurring across north central Kentucky and southern Indiana during the afternoon and evening hours both days. On May 18th, storms which initially developed as scattered cells over southern Illinois merged into a line across southern Indiana. This line of storms had a modest amount of instability and vertical wind shear to support it, with temperatures in the upper 80s and dewpoint temperatures in the upper 60s supporting 1500-2000 J/kg of mixed-layer CAPE. Scattered wind damage was observed across southern Indiana, with the greatest concentration of damage occurring in Dubois and Washington County, where several trees were blown down. Additional rounds of showers and thunderstorms later in the evening would also lead to a few occurrences of flash flooding, especially along tributaries of the Blue River in Washington County.",Several trees were blown down in the roadway.,CSV
202605,18,1734,202605,18,1734,214137,1341815,INDIANA,18,2026,May,Thunderstorm Wind,C,175,WASHINGTON,LMK,18-MAY-26 17:34:00,EST-5,18-MAY-26 17:34:00,0,0,0,0,,,Emergency Manager,50.00,EG,,,,,,,,,,1.54,E,SALEM,1.54,E,SALEM,38.5964,-86.0718,38.5964,-86.0718,"On May 18th into May 19th, the Ohio Valley was in the middle of a southwest mid- and upper-level flow regime between troughing over the central CONUS and southeast US ridging. Smaller scale perturbations within the broader flow pattern would support a couple waves of showers and thunderstorms, with isolated strong to severe storms occurring across north central Kentucky and southern Indiana during the afternoon and evening hours both days. On May 18th, storms which initially developed as scattered cells over southern Illinois merged into a line across southern Indiana. This line of storms had a modest amount of instability and vertical wind shear to support it, with temperatures in the upper 80s and dewpoint temperatures in the upper 60s supporting 1500-2000 J/kg of mixed-layer CAPE. Scattered wind damage was observed across southern Indiana, with the greatest concentration of damage occurring in Dubois and Washington County, where several trees were blown down. Additional rounds of showers and thunderstorms later in the evening would also lead to a few occurrences of flash flooding, especially along tributaries of the Blue River in Washington County.","Several trees were blown down across Washington County, including along Indiana State Road 160 near Salem. One tree fell onto a vehicle on Carolyn Drive in Salem.",CSV
202605,19,1511,202605,19,1511,212013,1328052,INDIANA,18,2026,May,Thunderstorm Wind,C,63,HENDRICKS,IND,19-MAY-26 15:11:00,EST-5,19-MAY-26 15:11:00,0,0,0,0,4.00K,0.00K,Public,50.00,EG,,,,,,,,,,.87,NE,LIZTON,.87,NE,LIZTON,39.89,-86.54,39.89,-86.54,"During the 19th afternoon, an unstable airmass ahead of an approaching surface trough triggered a cluster of severe thunderstorms across central Indiana.  Convection initially intensified over the western and northern portions of the Indianapolis metropolitan area shortly after 1500 EST, capitalizing on strong low-to-mid level wind shear. These storms quickly organized into severe segments that tracked eastward and southward, producing a concentrated swath of damaging straight-line winds across Hendricks, Hamilton, Delaware, and Bartholomew counties before exiting the IND CWA by 1700 EST.||Damaging winds were the primary hazard with this event, resulting in structural damage, power outages, and travel disruptions. Hamilton County was particularly hard hit, where estimated wind gusts up to 55 knots (63 mph) downed multiple utility lines, left a power pole leaning in Noblesville, and knocked a large tree through the roof of a residence.  Transportation infrastructure was also impacted:  in Delaware County, estimated gusts of 55 knots blew over a semi truck on Interstate 69 near mile marker 249.  Earlier in the afternoon, severe gusts in Hendricks County downed several trees, including one that blocked a roadway southwest of Danville.  As the severe weather pushed into south-central Indiana, the KBAK AWOS at Columbus Municipal Airport in Bartholomew County recorded a peak measured wind gust of 52 knots (60 mph).",A couple smaller trees and one large tree were blown down by thunderstorm winds.,CSV
202605,19,1525,202605,19,1525,212013,1328054,INDIANA,18,2026,May,Thunderstorm Wind,C,63,HENDRICKS,IND,19-MAY-26 15:25:00,EST-5,19-MAY-26 15:25:00,0,0,0,0,2.00K,0.00K,Public,50.00,EG,,,,,,,,,,1.27,WNW,HADLEY,1.27,WNW,HADLEY,39.74,-86.62,39.74,-86.62,"During the 19th afternoon, an unstable airmass ahead of an approaching surface trough triggered a cluster of severe thunderstorms across central Indiana.  Convection initially intensified over the western and northern portions of the Indianapolis metropolitan area shortly after 1500 EST, capitalizing on strong low-to-mid level wind shear. These storms quickly organized into severe segments that tracked eastward and southward, producing a concentrated swath of damaging straight-line winds across Hendricks, Hamilton, Delaware, and Bartholomew counties before exiting the IND CWA by 1700 EST.||Damaging winds were the primary hazard with this event, resulting in structural damage, power outages, and travel disruptions. Hamilton County was particularly hard hit, where estimated wind gusts up to 55 knots (63 mph) downed multiple utility lines, left a power pole leaning in Noblesville, and knocked a large tree through the roof of a residence.  Transportation infrastructure was also impacted:  in Delaware County, estimated gusts of 55 knots blew over a semi truck on Interstate 69 near mile marker 249.  Earlier in the afternoon, severe gusts in Hendricks County downed several trees, including one that blocked a roadway southwest of Danville.  As the severe weather pushed into south-central Indiana, the KBAK AWOS at Columbus Municipal Airport in Bartholomew County recorded a peak measured wind gust of 52 knots (60 mph).",A tree was blown down across a road by thunderstorm winds near the intersection of South County Road 525 West and West County Road 150 South southwest of Danville.,CSV
202605,18,1541,202605,18,1900,212012,1328074,INDIANA,18,2026,May,Flood,C,83,KNOX,IND,18-MAY-26 15:41:00,EST-5,18-MAY-26 19:00:00,0,0,0,0,25.00K,0.00K,Emergency Manager,,,Heavy Rain,,,,,,,,,1.28,WSW,BRUCEVILLE,1.81,NNE,PURCELL,38.74,-87.44,38.6221,-87.5021,"During the 18th midday and afternoon hours, a fast-moving line of severe thunderstorms swept through central Indiana, producing widespread damaging straight line winds.  The severe weather entered the western portions of the IND CWA shortly after 1200 EST, with initial damage reported in Parke and Clay Counties where multiple trees and three power poles were downed.  The line tracked quickly eastward through the early afternoon, impacting the Indianapolis metropolitan area and adjacent counties. Widespread wind damage to trees and utility lines was noted, particularly across Owen County where an estimated gust of 55 knots (63 mph) downed a significant number of trees and powerlines. Further north, an estimated 60 mph gust in Boone County was followed by a measured gust of 53 knots (61 mph) at the Indianapolis Executive Airport north of Zionsville at 1335 EST.  Power lines were also downed in Hamilton County before the primary severe wind threat subsided.||In addition to the damaging winds, torrential downpours dropped widespread 2.00 to 3.00 inches of rain across the region, producing significant areal and flash flooding from mid-afternoon into the evening.  Knox County was impacted first, where roughly 2.00 inches of rainfall caused water to flow over State Roads 58 and 67, flooded local intersections from Bruceville to Oaktown, and caused manholes to overflow. As the heavy rainfall progressed eastward, county-wide road flooding developed across Putnam, Hancock, Marion, and Owen Counties, with the latter reporting up to 3.00 inches.  The most severe hydrological impact occurred in Morgan County, where approximately 3.00 inches of rainfall inundated a residential home, requiring the deployment of sandbags to combat the rising floodwaters.","High water has been reported on State Road 67 in the area of Thompson Road and Coon Hunter Road, southwest of Bruceville, and along with Coon Hunter Road itself. Total rainfall for the event was around 2 inches.",CSV
202605,18,1740,202605,18,1740,214137,1341818,INDIANA,18,2026,May,Thunderstorm Wind,C,175,WASHINGTON,LMK,18-MAY-26 17:40:00,EST-5,18-MAY-26 17:40:00,0,0,0,0,,,911 Call Center,50.00,EG,,,,,,,,,,1.2,E,SOUTH BOSTON,1.2,E,SOUTH BOSTON,38.5786,-85.9579,38.5786,-85.9579,"On May 18th into May 19th, the Ohio Valley was in the middle of a southwest mid- and upper-level flow regime between troughing over the central CONUS and southeast US ridging. Smaller scale perturbations within the broader flow pattern would support a couple waves of showers and thunderstorms, with isolated strong to severe storms occurring across north central Kentucky and southern Indiana during the afternoon and evening hours both days. On May 18th, storms which initially developed as scattered cells over southern Illinois merged into a line across southern Indiana. This line of storms had a modest amount of instability and vertical wind shear to support it, with temperatures in the upper 80s and dewpoint temperatures in the upper 60s supporting 1500-2000 J/kg of mixed-layer CAPE. Scattered wind damage was observed across southern Indiana, with the greatest concentration of damage occurring in Dubois and Washington County, where several trees were blown down. Additional rounds of showers and thunderstorms later in the evening would also lead to a few occurrences of flash flooding, especially along tributaries of the Blue River in Washington County.",Several trees were blown down along Indiana State Road 160 near its intersections with Franklin School Road and Conway Church Road.,CSV
202605,18,1647,202605,18,1647,214137,1341819,INDIANA,18,2026,May,Thunderstorm Wind,C,37,DUBOIS,LMK,18-MAY-26 16:47:00,EST-5,18-MAY-26 16:47:00,0,0,0,0,,,911 Call Center,50.00,EG,,,,,,,,,,.56,E,CELESTINE,.56,E,CELESTINE,38.3807,-86.7697,38.3807,-86.7697,"On May 18th into May 19th, the Ohio Valley was in the middle of a southwest mid- and upper-level flow regime between troughing over the central CONUS and southeast US ridging. Smaller scale perturbations within the broader flow pattern would support a couple waves of showers and thunderstorms, with isolated strong to severe storms occurring across north central Kentucky and southern Indiana during the afternoon and evening hours both days. On May 18th, storms which initially developed as scattered cells over southern Illinois merged into a line across southern Indiana. This line of storms had a modest amount of instability and vertical wind shear to support it, with temperatures in the upper 80s and dewpoint temperatures in the upper 60s supporting 1500-2000 J/kg of mixed-layer CAPE. Scattered wind damage was observed across southern Indiana, with the greatest concentration of damage occurring in Dubois and Washington County, where several trees were blown down. Additional rounds of showers and thunderstorms later in the evening would also lead to a few occurrences of flash flooding, especially along tributaries of the Blue River in Washington County.","A large tree was blown down, blocking Indiana State Road 164 near Celestine.",CSV
202605,19,1552,202605,19,1552,212013,1328056,INDIANA,18,2026,May,Thunderstorm Wind,C,57,HAMILTON,IND,19-MAY-26 15:52:00,EST-5,19-MAY-26 15:52:00,0,0,0,0,25.00K,0.00K,Emergency Manager,55.00,EG,,,,,,,,,,1.38,N,CARMEL,1.38,N,CARMEL,40,-86.13,40,-86.13,"During the 19th afternoon, an unstable airmass ahead of an approaching surface trough triggered a cluster of severe thunderstorms across central Indiana.  Convection initially intensified over the western and northern portions of the Indianapolis metropolitan area shortly after 1500 EST, capitalizing on strong low-to-mid level wind shear. These storms quickly organized into severe segments that tracked eastward and southward, producing a concentrated swath of damaging straight-line winds across Hendricks, Hamilton, Delaware, and Bartholomew counties before exiting the IND CWA by 1700 EST.||Damaging winds were the primary hazard with this event, resulting in structural damage, power outages, and travel disruptions. Hamilton County was particularly hard hit, where estimated wind gusts up to 55 knots (63 mph) downed multiple utility lines, left a power pole leaning in Noblesville, and knocked a large tree through the roof of a residence.  Transportation infrastructure was also impacted:  in Delaware County, estimated gusts of 55 knots blew over a semi truck on Interstate 69 near mile marker 249.  Earlier in the afternoon, severe gusts in Hendricks County downed several trees, including one that blocked a roadway southwest of Danville.  As the severe weather pushed into south-central Indiana, the KBAK AWOS at Columbus Municipal Airport in Bartholomew County recorded a peak measured wind gust of 52 knots (60 mph).",Utility lines were blown down by thunderstorm winds. Nearby there were additional utility lines downed on Westfield Blvd.,CSV
202605,19,1602,202605,19,1602,212013,1328057,INDIANA,18,2026,May,Thunderstorm Wind,C,57,HAMILTON,IND,19-MAY-26 16:02:00,EST-5,19-MAY-26 16:02:00,0,0,0,0,10.00K,0.00K,Emergency Manager,50.00,EG,,,,,,,,,,0,N,CLARKSVILLE,0,N,CLARKSVILLE,40.03,-85.92,40.03,-85.92,"During the 19th afternoon, an unstable airmass ahead of an approaching surface trough triggered a cluster of severe thunderstorms across central Indiana.  Convection initially intensified over the western and northern portions of the Indianapolis metropolitan area shortly after 1500 EST, capitalizing on strong low-to-mid level wind shear. These storms quickly organized into severe segments that tracked eastward and southward, producing a concentrated swath of damaging straight-line winds across Hendricks, Hamilton, Delaware, and Bartholomew counties before exiting the IND CWA by 1700 EST.||Damaging winds were the primary hazard with this event, resulting in structural damage, power outages, and travel disruptions. Hamilton County was particularly hard hit, where estimated wind gusts up to 55 knots (63 mph) downed multiple utility lines, left a power pole leaning in Noblesville, and knocked a large tree through the roof of a residence.  Transportation infrastructure was also impacted:  in Delaware County, estimated gusts of 55 knots blew over a semi truck on Interstate 69 near mile marker 249.  Earlier in the afternoon, severe gusts in Hendricks County downed several trees, including one that blocked a roadway southwest of Danville.  As the severe weather pushed into south-central Indiana, the KBAK AWOS at Columbus Municipal Airport in Bartholomew County recorded a peak measured wind gust of 52 knots (60 mph).",Utility pole is leaning from thunderstorm winds at Olio Road and SR38 in Noblesville.,CSV
202605,18,1541,202605,18,1900,212012,1328075,INDIANA,18,2026,May,Flood,C,83,KNOX,IND,18-MAY-26 15:41:00,EST-5,18-MAY-26 19:00:00,0,0,0,0,10.00K,0.00K,Emergency Manager,,,Heavy Rain,,,,,,,,,3.2,NNW,JOHNSTOWN,3.36,SSW,FREELANDVILLE,38.81,-87.35,38.8281,-87.3316,"During the 18th midday and afternoon hours, a fast-moving line of severe thunderstorms swept through central Indiana, producing widespread damaging straight line winds.  The severe weather entered the western portions of the IND CWA shortly after 1200 EST, with initial damage reported in Parke and Clay Counties where multiple trees and three power poles were downed.  The line tracked quickly eastward through the early afternoon, impacting the Indianapolis metropolitan area and adjacent counties. Widespread wind damage to trees and utility lines was noted, particularly across Owen County where an estimated gust of 55 knots (63 mph) downed a significant number of trees and powerlines. Further north, an estimated 60 mph gust in Boone County was followed by a measured gust of 53 knots (61 mph) at the Indianapolis Executive Airport north of Zionsville at 1335 EST.  Power lines were also downed in Hamilton County before the primary severe wind threat subsided.||In addition to the damaging winds, torrential downpours dropped widespread 2.00 to 3.00 inches of rain across the region, producing significant areal and flash flooding from mid-afternoon into the evening.  Knox County was impacted first, where roughly 2.00 inches of rainfall caused water to flow over State Roads 58 and 67, flooded local intersections from Bruceville to Oaktown, and caused manholes to overflow. As the heavy rainfall progressed eastward, county-wide road flooding developed across Putnam, Hancock, Marion, and Owen Counties, with the latter reporting up to 3.00 inches.  The most severe hydrological impact occurred in Morgan County, where approximately 3.00 inches of rainfall inundated a residential home, requiring the deployment of sandbags to combat the rising floodwaters.",Several areas from Bruceville to Oaktown Road have standing or flowing water from heavy rains. Total rainfall for the event was around 2 inches.,CSV
202605,18,1746,202605,18,1746,214137,1341821,INDIANA,18,2026,May,Thunderstorm Wind,C,19,CLARK,LMK,18-MAY-26 17:46:00,EST-5,18-MAY-26 17:46:00,0,0,0,0,,,911 Call Center,50.00,EG,,,,,,,,,,4.54,SW,UNDERWOOD,4.54,SW,UNDERWOOD,38.5621,-85.8486,38.5621,-85.8486,"On May 18th into May 19th, the Ohio Valley was in the middle of a southwest mid- and upper-level flow regime between troughing over the central CONUS and southeast US ridging. Smaller scale perturbations within the broader flow pattern would support a couple waves of showers and thunderstorms, with isolated strong to severe storms occurring across north central Kentucky and southern Indiana during the afternoon and evening hours both days. On May 18th, storms which initially developed as scattered cells over southern Illinois merged into a line across southern Indiana. This line of storms had a modest amount of instability and vertical wind shear to support it, with temperatures in the upper 80s and dewpoint temperatures in the upper 60s supporting 1500-2000 J/kg of mixed-layer CAPE. Scattered wind damage was observed across southern Indiana, with the greatest concentration of damage occurring in Dubois and Washington County, where several trees were blown down. Additional rounds of showers and thunderstorms later in the evening would also lead to a few occurrences of flash flooding, especially along tributaries of the Blue River in Washington County.",Trees were blown down near the intersection of Indiana State Road 160 and South Casey Road west of Henryville.,CSV
202605,18,1739,202605,18,1739,214137,1341822,INDIANA,18,2026,May,Thunderstorm Wind,C,175,WASHINGTON,LMK,18-MAY-26 17:39:00,EST-5,18-MAY-26 17:39:00,0,0,0,0,,,911 Call Center,50.00,EG,,,,,,,,,,.06,S,BLUE RIVER,.06,S,BLUE RIVER,38.5291,-85.93,38.5291,-85.93,"On May 18th into May 19th, the Ohio Valley was in the middle of a southwest mid- and upper-level flow regime between troughing over the central CONUS and southeast US ridging. Smaller scale perturbations within the broader flow pattern would support a couple waves of showers and thunderstorms, with isolated strong to severe storms occurring across north central Kentucky and southern Indiana during the afternoon and evening hours both days. On May 18th, storms which initially developed as scattered cells over southern Illinois merged into a line across southern Indiana. This line of storms had a modest amount of instability and vertical wind shear to support it, with temperatures in the upper 80s and dewpoint temperatures in the upper 60s supporting 1500-2000 J/kg of mixed-layer CAPE. Scattered wind damage was observed across southern Indiana, with the greatest concentration of damage occurring in Dubois and Washington County, where several trees were blown down. Additional rounds of showers and thunderstorms later in the evening would also lead to a few occurrences of flash flooding, especially along tributaries of the Blue River in Washington County.",Trees were blown down along East Blue River Road.,CSV
202605,19,1556,202605,19,1556,212013,1328058,INDIANA,18,2026,May,Thunderstorm Wind,C,57,HAMILTON,IND,19-MAY-26 15:56:00,EST-5,19-MAY-26 15:56:00,0,0,0,0,40.00K,0.00K,Emergency Manager,50.00,EG,,,,,,,,,,.53,E,NOBLESVILLE,.53,E,NOBLESVILLE,40.05,-86.01,40.05,-86.01,"During the 19th afternoon, an unstable airmass ahead of an approaching surface trough triggered a cluster of severe thunderstorms across central Indiana.  Convection initially intensified over the western and northern portions of the Indianapolis metropolitan area shortly after 1500 EST, capitalizing on strong low-to-mid level wind shear. These storms quickly organized into severe segments that tracked eastward and southward, producing a concentrated swath of damaging straight-line winds across Hendricks, Hamilton, Delaware, and Bartholomew counties before exiting the IND CWA by 1700 EST.||Damaging winds were the primary hazard with this event, resulting in structural damage, power outages, and travel disruptions. Hamilton County was particularly hard hit, where estimated wind gusts up to 55 knots (63 mph) downed multiple utility lines, left a power pole leaning in Noblesville, and knocked a large tree through the roof of a residence.  Transportation infrastructure was also impacted:  in Delaware County, estimated gusts of 55 knots blew over a semi truck on Interstate 69 near mile marker 249.  Earlier in the afternoon, severe gusts in Hendricks County downed several trees, including one that blocked a roadway southwest of Danville.  As the severe weather pushed into south-central Indiana, the KBAK AWOS at Columbus Municipal Airport in Bartholomew County recorded a peak measured wind gust of 52 knots (60 mph).",Tree downed by thunderstorm winds onto a house and through the roof.,CSV
202605,19,1611,202605,19,1611,212013,1328059,INDIANA,18,2026,May,Thunderstorm Wind,C,57,HAMILTON,IND,19-MAY-26 16:11:00,EST-5,19-MAY-26 16:11:00,0,0,0,0,2.00K,0.00K,Emergency Manager,50.00,EG,,,,,,,,,,3.77,E,FISHERS,3.77,E,FISHERS,39.96,-85.95,39.96,-85.95,"During the 19th afternoon, an unstable airmass ahead of an approaching surface trough triggered a cluster of severe thunderstorms across central Indiana.  Convection initially intensified over the western and northern portions of the Indianapolis metropolitan area shortly after 1500 EST, capitalizing on strong low-to-mid level wind shear. These storms quickly organized into severe segments that tracked eastward and southward, producing a concentrated swath of damaging straight-line winds across Hendricks, Hamilton, Delaware, and Bartholomew counties before exiting the IND CWA by 1700 EST.||Damaging winds were the primary hazard with this event, resulting in structural damage, power outages, and travel disruptions. Hamilton County was particularly hard hit, where estimated wind gusts up to 55 knots (63 mph) downed multiple utility lines, left a power pole leaning in Noblesville, and knocked a large tree through the roof of a residence.  Transportation infrastructure was also impacted:  in Delaware County, estimated gusts of 55 knots blew over a semi truck on Interstate 69 near mile marker 249.  Earlier in the afternoon, severe gusts in Hendricks County downed several trees, including one that blocked a roadway southwest of Danville.  As the severe weather pushed into south-central Indiana, the KBAK AWOS at Columbus Municipal Airport in Bartholomew County recorded a peak measured wind gust of 52 knots (60 mph).",Tree downed by thunderstorm winds across roadway on Quarry Court.,CSV
202605,18,1700,202605,18,1900,212012,1328076,INDIANA,18,2026,May,Flood,C,109,MORGAN,IND,18-MAY-26 17:00:00,EST-5,18-MAY-26 19:00:00,0,0,0,0,100.00K,0.00K,Law Enforcement,,,Heavy Rain,,,,,,,,,1.94,WNW,PARAGON,1.44,S,PARAGON,39.4081,-86.6048,39.3794,-86.5666,"During the 18th midday and afternoon hours, a fast-moving line of severe thunderstorms swept through central Indiana, producing widespread damaging straight line winds.  The severe weather entered the western portions of the IND CWA shortly after 1200 EST, with initial damage reported in Parke and Clay Counties where multiple trees and three power poles were downed.  The line tracked quickly eastward through the early afternoon, impacting the Indianapolis metropolitan area and adjacent counties. Widespread wind damage to trees and utility lines was noted, particularly across Owen County where an estimated gust of 55 knots (63 mph) downed a significant number of trees and powerlines. Further north, an estimated 60 mph gust in Boone County was followed by a measured gust of 53 knots (61 mph) at the Indianapolis Executive Airport north of Zionsville at 1335 EST.  Power lines were also downed in Hamilton County before the primary severe wind threat subsided.||In addition to the damaging winds, torrential downpours dropped widespread 2.00 to 3.00 inches of rain across the region, producing significant areal and flash flooding from mid-afternoon into the evening.  Knox County was impacted first, where roughly 2.00 inches of rainfall caused water to flow over State Roads 58 and 67, flooded local intersections from Bruceville to Oaktown, and caused manholes to overflow. As the heavy rainfall progressed eastward, county-wide road flooding developed across Putnam, Hancock, Marion, and Owen Counties, with the latter reporting up to 3.00 inches.  The most severe hydrological impact occurred in Morgan County, where approximately 3.00 inches of rainfall inundated a residential home, requiring the deployment of sandbags to combat the rising floodwaters.",Heavy rain flooded a house. Sandbags were provided due to the rising water. Total rainfall for the event was around 3 inches.,CSV
202605,18,1808,202605,18,1808,214137,1341823,INDIANA,18,2026,May,Thunderstorm Wind,C,77,JEFFERSON,LMK,18-MAY-26 18:08:00,EST-5,18-MAY-26 18:08:00,0,0,0,0,,,911 Call Center,50.00,EG,,,,,,,,,,.58,ENE,NORTH MADISON,.58,ENE,NORTH MADISON,38.7737,-85.3903,38.7737,-85.3903,"On May 18th into May 19th, the Ohio Valley was in the middle of a southwest mid- and upper-level flow regime between troughing over the central CONUS and southeast US ridging. Smaller scale perturbations within the broader flow pattern would support a couple waves of showers and thunderstorms, with isolated strong to severe storms occurring across north central Kentucky and southern Indiana during the afternoon and evening hours both days. On May 18th, storms which initially developed as scattered cells over southern Illinois merged into a line across southern Indiana. This line of storms had a modest amount of instability and vertical wind shear to support it, with temperatures in the upper 80s and dewpoint temperatures in the upper 60s supporting 1500-2000 J/kg of mixed-layer CAPE. Scattered wind damage was observed across southern Indiana, with the greatest concentration of damage occurring in Dubois and Washington County, where several trees were blown down. Additional rounds of showers and thunderstorms later in the evening would also lead to a few occurrences of flash flooding, especially along tributaries of the Blue River in Washington County.",A tree was blown down at a home on Cedarwood Drive in Madison.,CSV
202605,18,1740,202605,18,1740,214137,1341824,INDIANA,18,2026,May,Thunderstorm Wind,C,175,WASHINGTON,LMK,18-MAY-26 17:40:00,EST-5,18-MAY-26 17:40:00,0,0,0,0,,,911 Call Center,50.00,EG,,,,,,,,,,1.43,N,LITTLE YORK,1.43,N,LITTLE YORK,38.7204,-85.905,38.7204,-85.905,"On May 18th into May 19th, the Ohio Valley was in the middle of a southwest mid- and upper-level flow regime between troughing over the central CONUS and southeast US ridging. Smaller scale perturbations within the broader flow pattern would support a couple waves of showers and thunderstorms, with isolated strong to severe storms occurring across north central Kentucky and southern Indiana during the afternoon and evening hours both days. On May 18th, storms which initially developed as scattered cells over southern Illinois merged into a line across southern Indiana. This line of storms had a modest amount of instability and vertical wind shear to support it, with temperatures in the upper 80s and dewpoint temperatures in the upper 60s supporting 1500-2000 J/kg of mixed-layer CAPE. Scattered wind damage was observed across southern Indiana, with the greatest concentration of damage occurring in Dubois and Washington County, where several trees were blown down. Additional rounds of showers and thunderstorms later in the evening would also lead to a few occurrences of flash flooding, especially along tributaries of the Blue River in Washington County.",Trees were blown down along North Franklin Bottoms Road.,CSV
202605,19,1614,202605,19,1614,212013,1328060,INDIANA,18,2026,May,Thunderstorm Wind,C,57,HAMILTON,IND,19-MAY-26 16:14:00,EST-5,19-MAY-26 16:14:00,0,0,0,0,2.00K,0.00K,Emergency Manager,50.00,EG,,,,,,,,,,2.33,SSE,CLARKSVILLE,2.33,SSE,CLARKSVILLE,40,-85.9,40,-85.9,"During the 19th afternoon, an unstable airmass ahead of an approaching surface trough triggered a cluster of severe thunderstorms across central Indiana.  Convection initially intensified over the western and northern portions of the Indianapolis metropolitan area shortly after 1500 EST, capitalizing on strong low-to-mid level wind shear. These storms quickly organized into severe segments that tracked eastward and southward, producing a concentrated swath of damaging straight-line winds across Hendricks, Hamilton, Delaware, and Bartholomew counties before exiting the IND CWA by 1700 EST.||Damaging winds were the primary hazard with this event, resulting in structural damage, power outages, and travel disruptions. Hamilton County was particularly hard hit, where estimated wind gusts up to 55 knots (63 mph) downed multiple utility lines, left a power pole leaning in Noblesville, and knocked a large tree through the roof of a residence.  Transportation infrastructure was also impacted:  in Delaware County, estimated gusts of 55 knots blew over a semi truck on Interstate 69 near mile marker 249.  Earlier in the afternoon, severe gusts in Hendricks County downed several trees, including one that blocked a roadway southwest of Danville.  As the severe weather pushed into south-central Indiana, the KBAK AWOS at Columbus Municipal Airport in Bartholomew County recorded a peak measured wind gust of 52 knots (60 mph).",Tree downed by thunderstorm winds.,CSV
202605,19,1633,202605,19,1633,212013,1328061,INDIANA,18,2026,May,Thunderstorm Wind,C,35,DELAWARE,IND,19-MAY-26 16:33:00,EST-5,19-MAY-26 16:33:00,0,0,0,0,20.00K,0.00K,Emergency Manager,55.00,EG,,,,,,,,,,2.14,SSW,JANNEY,2.14,SSW,JANNEY,40.34,-85.56,40.34,-85.56,"During the 19th afternoon, an unstable airmass ahead of an approaching surface trough triggered a cluster of severe thunderstorms across central Indiana.  Convection initially intensified over the western and northern portions of the Indianapolis metropolitan area shortly after 1500 EST, capitalizing on strong low-to-mid level wind shear. These storms quickly organized into severe segments that tracked eastward and southward, producing a concentrated swath of damaging straight-line winds across Hendricks, Hamilton, Delaware, and Bartholomew counties before exiting the IND CWA by 1700 EST.||Damaging winds were the primary hazard with this event, resulting in structural damage, power outages, and travel disruptions. Hamilton County was particularly hard hit, where estimated wind gusts up to 55 knots (63 mph) downed multiple utility lines, left a power pole leaning in Noblesville, and knocked a large tree through the roof of a residence.  Transportation infrastructure was also impacted:  in Delaware County, estimated gusts of 55 knots blew over a semi truck on Interstate 69 near mile marker 249.  Earlier in the afternoon, severe gusts in Hendricks County downed several trees, including one that blocked a roadway southwest of Danville.  As the severe weather pushed into south-central Indiana, the KBAK AWOS at Columbus Municipal Airport in Bartholomew County recorded a peak measured wind gust of 52 knots (60 mph).",Thunderstorm winds blew over a semi on I69 at Mile Marker 249 Southbound Lanes.,CSV
202605,18,1709,202605,18,1909,212012,1328077,INDIANA,18,2026,May,Flood,C,83,KNOX,IND,18-MAY-26 17:09:00,EST-5,18-MAY-26 19:09:00,0,0,0,0,0.00K,0.00K,Emergency Manager,,,Heavy Rain,,,,,,,,,0,N,JOHNSTOWN,1.52,SSE,BICKNELL,38.77,-87.32,38.7593,-87.2909,"During the 18th midday and afternoon hours, a fast-moving line of severe thunderstorms swept through central Indiana, producing widespread damaging straight line winds.  The severe weather entered the western portions of the IND CWA shortly after 1200 EST, with initial damage reported in Parke and Clay Counties where multiple trees and three power poles were downed.  The line tracked quickly eastward through the early afternoon, impacting the Indianapolis metropolitan area and adjacent counties. Widespread wind damage to trees and utility lines was noted, particularly across Owen County where an estimated gust of 55 knots (63 mph) downed a significant number of trees and powerlines. Further north, an estimated 60 mph gust in Boone County was followed by a measured gust of 53 knots (61 mph) at the Indianapolis Executive Airport north of Zionsville at 1335 EST.  Power lines were also downed in Hamilton County before the primary severe wind threat subsided.||In addition to the damaging winds, torrential downpours dropped widespread 2.00 to 3.00 inches of rain across the region, producing significant areal and flash flooding from mid-afternoon into the evening.  Knox County was impacted first, where roughly 2.00 inches of rainfall caused water to flow over State Roads 58 and 67, flooded local intersections from Bruceville to Oaktown, and caused manholes to overflow. As the heavy rainfall progressed eastward, county-wide road flooding developed across Putnam, Hancock, Marion, and Owen Counties, with the latter reporting up to 3.00 inches.  The most severe hydrological impact occurred in Morgan County, where approximately 3.00 inches of rainfall inundated a residential home, requiring the deployment of sandbags to combat the rising floodwaters.",Shallow road flooding and overflow of manhole from heavy rainfall. Total rainfall for the event was around 2 inches.,CSV
202605,18,1736,202605,18,1736,214137,1341825,INDIANA,18,2026,May,Thunderstorm Wind,C,175,WASHINGTON,LMK,18-MAY-26 17:36:00,EST-5,18-MAY-26 17:36:00,0,0,0,0,,,911 Call Center,50.00,EG,,,,,,,,,,1.37,N,PEKIN,1.37,N,PEKIN,38.5197,-86.0034,38.5197,-86.0034,"On May 18th into May 19th, the Ohio Valley was in the middle of a southwest mid- and upper-level flow regime between troughing over the central CONUS and southeast US ridging. Smaller scale perturbations within the broader flow pattern would support a couple waves of showers and thunderstorms, with isolated strong to severe storms occurring across north central Kentucky and southern Indiana during the afternoon and evening hours both days. On May 18th, storms which initially developed as scattered cells over southern Illinois merged into a line across southern Indiana. This line of storms had a modest amount of instability and vertical wind shear to support it, with temperatures in the upper 80s and dewpoint temperatures in the upper 60s supporting 1500-2000 J/kg of mixed-layer CAPE. Scattered wind damage was observed across southern Indiana, with the greatest concentration of damage occurring in Dubois and Washington County, where several trees were blown down. Additional rounds of showers and thunderstorms later in the evening would also lead to a few occurrences of flash flooding, especially along tributaries of the Blue River in Washington County.",Trees were blown down along South Eastern School Road near Pekin.,CSV
202605,18,2236,202605,18,2236,214137,1341830,INDIANA,18,2026,May,Flash Flood,C,175,WASHINGTON,LMK,18-MAY-26 22:36:00,EST-5,18-MAY-26 22:36:00,0,0,0,0,0.00K,0.00K,Emergency Manager,,,Heavy Rain,,,,,,,,,1.06,WNW,MARTINSBURG,1.05,WNW,MARTINSBURG,38.4551,-86.0484,38.455,-86.0484,"On May 18th into May 19th, the Ohio Valley was in the middle of a southwest mid- and upper-level flow regime between troughing over the central CONUS and southeast US ridging. Smaller scale perturbations within the broader flow pattern would support a couple waves of showers and thunderstorms, with isolated strong to severe storms occurring across north central Kentucky and southern Indiana during the afternoon and evening hours both days. On May 18th, storms which initially developed as scattered cells over southern Illinois merged into a line across southern Indiana. This line of storms had a modest amount of instability and vertical wind shear to support it, with temperatures in the upper 80s and dewpoint temperatures in the upper 60s supporting 1500-2000 J/kg of mixed-layer CAPE. Scattered wind damage was observed across southern Indiana, with the greatest concentration of damage occurring in Dubois and Washington County, where several trees were blown down. Additional rounds of showers and thunderstorms later in the evening would also lead to a few occurrences of flash flooding, especially along tributaries of the Blue River in Washington County.",Several water rescues occurred along Dutch Creek Road.,CSV
202605,27,1518,202605,27,1718,212504,1329235,INDIANA,18,2026,May,Flood,C,47,FRANKLIN,ILN,27-MAY-26 15:18:00,EST-5,27-MAY-26 17:18:00,0,0,0,0,0.00K,0.00K,State Official,,,Heavy Rain,,,,,,,,,2.7,ESE,ANDERSONVILLE,2.62,ESE,ANDERSONVILLE,39.4859,-85.2529,39.4841,-85.2555,"A stationary front stalled across the region during the early morning hours of the 27th, producing showers and storms that produced heavy rainfall and flooding.",A slab bridge on Bulltown Road was closed due to high water.,CSV
202605,27,1520,202605,27,1720,212504,1329236,INDIANA,18,2026,May,Flood,C,47,FRANKLIN,ILN,27-MAY-26 15:20:00,EST-5,27-MAY-26 17:20:00,0,0,0,0,0.00K,0.00K,State Official,,,Heavy Rain,,,,,,,,,2.98,NW,BROOKVILLE,2.81,NW,BROOKVILLE,39.45,-85.06,39.4459,-85.0606,"A stationary front stalled across the region during the early morning hours of the 27th, producing showers and storms that produced heavy rainfall and flooding.",A slab bridge on Yellow Bank Road was closed due to high water.,CSV
202605,27,1525,202605,27,1725,212504,1329237,INDIANA,18,2026,May,Flood,C,47,FRANKLIN,ILN,27-MAY-26 15:25:00,EST-5,27-MAY-26 17:25:00,0,0,0,0,0.00K,0.00K,State Official,,,Heavy Rain,,,,,,,,,2.06,NE,BLOOMING GROVE,2.07,NE,BLOOMING GROVE,39.5248,-85.0484,39.5238,-85.0466,"A stationary front stalled across the region during the early morning hours of the 27th, producing showers and storms that produced heavy rainfall and flooding.",A slab bridge on Shays Road was closed due to high water.,CSV
202605,19,1652,202605,19,1652,212013,1328062,INDIANA,18,2026,May,Thunderstorm Wind,C,5,BARTHOLOMEW,IND,19-MAY-26 16:52:00,EST-5,19-MAY-26 16:52:00,0,0,0,0,,,AWOS,52.00,MG,,,,,,,,,,.69,S,BAKALAR MUNI ARPT,.69,S,BAKALAR MUNI ARPT,39.26,-85.9,39.26,-85.9,"During the 19th afternoon, an unstable airmass ahead of an approaching surface trough triggered a cluster of severe thunderstorms across central Indiana.  Convection initially intensified over the western and northern portions of the Indianapolis metropolitan area shortly after 1500 EST, capitalizing on strong low-to-mid level wind shear. These storms quickly organized into severe segments that tracked eastward and southward, producing a concentrated swath of damaging straight-line winds across Hendricks, Hamilton, Delaware, and Bartholomew counties before exiting the IND CWA by 1700 EST.||Damaging winds were the primary hazard with this event, resulting in structural damage, power outages, and travel disruptions. Hamilton County was particularly hard hit, where estimated wind gusts up to 55 knots (63 mph) downed multiple utility lines, left a power pole leaning in Noblesville, and knocked a large tree through the roof of a residence.  Transportation infrastructure was also impacted:  in Delaware County, estimated gusts of 55 knots blew over a semi truck on Interstate 69 near mile marker 249.  Earlier in the afternoon, severe gusts in Hendricks County downed several trees, including one that blocked a roadway southwest of Danville.  As the severe weather pushed into south-central Indiana, the KBAK AWOS at Columbus Municipal Airport in Bartholomew County recorded a peak measured wind gust of 52 knots (60 mph).",A 60 mph thunderstorm wind gust was measured by the KBAK AWOS.,CSV
202605,18,1730,202605,18,1930,212012,1328078,INDIANA,18,2026,May,Flood,C,133,PUTNAM,IND,18-MAY-26 17:30:00,EST-5,18-MAY-26 19:30:00,0,0,0,0,25.00K,0.00K,Law Enforcement,,,Heavy Rain,,,,,,,,,1.06,E,LIMEDALE,.18,SW,GREENCASTLE ARPT,39.62,-86.86,39.6282,-86.8226,"During the 18th midday and afternoon hours, a fast-moving line of severe thunderstorms swept through central Indiana, producing widespread damaging straight line winds.  The severe weather entered the western portions of the IND CWA shortly after 1200 EST, with initial damage reported in Parke and Clay Counties where multiple trees and three power poles were downed.  The line tracked quickly eastward through the early afternoon, impacting the Indianapolis metropolitan area and adjacent counties. Widespread wind damage to trees and utility lines was noted, particularly across Owen County where an estimated gust of 55 knots (63 mph) downed a significant number of trees and powerlines. Further north, an estimated 60 mph gust in Boone County was followed by a measured gust of 53 knots (61 mph) at the Indianapolis Executive Airport north of Zionsville at 1335 EST.  Power lines were also downed in Hamilton County before the primary severe wind threat subsided.||In addition to the damaging winds, torrential downpours dropped widespread 2.00 to 3.00 inches of rain across the region, producing significant areal and flash flooding from mid-afternoon into the evening.  Knox County was impacted first, where roughly 2.00 inches of rainfall caused water to flow over State Roads 58 and 67, flooded local intersections from Bruceville to Oaktown, and caused manholes to overflow. As the heavy rainfall progressed eastward, county-wide road flooding developed across Putnam, Hancock, Marion, and Owen Counties, with the latter reporting up to 3.00 inches.  The most severe hydrological impact occurred in Morgan County, where approximately 3.00 inches of rainfall inundated a residential home, requiring the deployment of sandbags to combat the rising floodwaters.",Flooded roads across the county. Total rainfall for the event was around 2.5 inches.,CSV
202605,18,2320,202605,18,2320,214137,1341831,INDIANA,18,2026,May,Flash Flood,C,175,WASHINGTON,LMK,18-MAY-26 23:20:00,EST-5,18-MAY-26 23:20:00,0,0,0,0,0.00K,0.00K,Emergency Manager,,,Heavy Rain,,,,,,,,,1.43,NE,PEKIN,1.37,NE,PEKIN,38.514,-85.9805,38.5123,-85.9801,"On May 18th into May 19th, the Ohio Valley was in the middle of a southwest mid- and upper-level flow regime between troughing over the central CONUS and southeast US ridging. Smaller scale perturbations within the broader flow pattern would support a couple waves of showers and thunderstorms, with isolated strong to severe storms occurring across north central Kentucky and southern Indiana during the afternoon and evening hours both days. On May 18th, storms which initially developed as scattered cells over southern Illinois merged into a line across southern Indiana. This line of storms had a modest amount of instability and vertical wind shear to support it, with temperatures in the upper 80s and dewpoint temperatures in the upper 60s supporting 1500-2000 J/kg of mixed-layer CAPE. Scattered wind damage was observed across southern Indiana, with the greatest concentration of damage occurring in Dubois and Washington County, where several trees were blown down. Additional rounds of showers and thunderstorms later in the evening would also lead to a few occurrences of flash flooding, especially along tributaries of the Blue River in Washington County.",A water rescue was needed near the intersection of East Blue River Road and Lockenour Road.,CSV
202605,19,1744,202605,19,1744,214137,1341833,INDIANA,18,2026,May,Thunderstorm Wind,C,19,CLARK,LMK,19-MAY-26 17:44:00,EST-5,19-MAY-26 17:44:00,0,0,0,0,,,Broadcast Media,50.00,EG,,,,,,,,,,.4,E,JEFFERSONVILLE ARPT,.4,E,JEFFERSONVILLE ARPT,38.3301,-85.7427,38.3301,-85.7427,"On May 18th into May 19th, the Ohio Valley was in the middle of a southwest mid- and upper-level flow regime between troughing over the central CONUS and southeast US ridging. Smaller scale perturbations within the broader flow pattern would support a couple waves of showers and thunderstorms, with isolated strong to severe storms occurring across north central Kentucky and southern Indiana during the afternoon and evening hours both days. On May 18th, storms which initially developed as scattered cells over southern Illinois merged into a line across southern Indiana. This line of storms had a modest amount of instability and vertical wind shear to support it, with temperatures in the upper 80s and dewpoint temperatures in the upper 60s supporting 1500-2000 J/kg of mixed-layer CAPE. Scattered wind damage was observed across southern Indiana, with the greatest concentration of damage occurring in Dubois and Washington County, where several trees were blown down. Additional rounds of showers and thunderstorms later in the evening would also lead to a few occurrences of flash flooding, especially along tributaries of the Blue River in Washington County.",Photos from Social Media showed damaged utility poles in Jeffersonville.,CSV
202605,18,1013,202605,18,1013,212800,1331348,INDIANA,18,2026,May,Thunderstorm Wind,C,89,LAKE,LOT,18-MAY-26 10:13:00,CST-6,18-MAY-26 10:13:00,0,0,0,0,0.00K,0.00K,AWOS,50.00,MG,,,,,,,,,,0,N,(GYY) GARY AIRPORT,0,N,(GYY) GARY AIRPORT,41.62,-87.42,41.62,-87.42,A line of strong to severe thunderstorms moved across northwest Indiana during the late morning and early afternoon of May 18th producing scattered severe wind gusts and isolated large hail.,,CSV
202605,18,1021,202605,18,1021,212800,1331350,INDIANA,18,2026,May,Thunderstorm Wind,C,89,LAKE,LOT,18-MAY-26 10:21:00,CST-6,18-MAY-26 10:21:00,0,0,0,0,0.00K,0.00K,Public,56.00,MG,,,,,,,,,,.56,S,HOBART,.56,S,HOBART,41.5219,-87.2496,41.5219,-87.2496,A line of strong to severe thunderstorms moved across northwest Indiana during the late morning and early afternoon of May 18th producing scattered severe wind gusts and isolated large hail.,A personal weather station measured a wind gust to 65 mph near Linda Street and 10th Street.,CSV
202605,18,1215,202605,18,1215,212012,1328063,INDIANA,18,2026,May,Thunderstorm Wind,C,121,PARKE,IND,18-MAY-26 12:15:00,EST-5,18-MAY-26 12:15:00,0,0,0,0,5.00K,0.00K,Law Enforcement,50.00,EG,,,,,,,,,,1.48,NNW,ROCKVILLE,1.48,NNW,ROCKVILLE,39.79,-87.24,39.79,-87.24,"During the 18th midday and afternoon hours, a fast-moving line of severe thunderstorms swept through central Indiana, producing widespread damaging straight line winds.  The severe weather entered the western portions of the IND CWA shortly after 1200 EST, with initial damage reported in Parke and Clay Counties where multiple trees and three power poles were downed.  The line tracked quickly eastward through the early afternoon, impacting the Indianapolis metropolitan area and adjacent counties. Widespread wind damage to trees and utility lines was noted, particularly across Owen County where an estimated gust of 55 knots (63 mph) downed a significant number of trees and powerlines. Further north, an estimated 60 mph gust in Boone County was followed by a measured gust of 53 knots (61 mph) at the Indianapolis Executive Airport north of Zionsville at 1335 EST.  Power lines were also downed in Hamilton County before the primary severe wind threat subsided.||In addition to the damaging winds, torrential downpours dropped widespread 2.00 to 3.00 inches of rain across the region, producing significant areal and flash flooding from mid-afternoon into the evening.  Knox County was impacted first, where roughly 2.00 inches of rainfall caused water to flow over State Roads 58 and 67, flooded local intersections from Bruceville to Oaktown, and caused manholes to overflow. As the heavy rainfall progressed eastward, county-wide road flooding developed across Putnam, Hancock, Marion, and Owen Counties, with the latter reporting up to 3.00 inches.  The most severe hydrological impact occurred in Morgan County, where approximately 3.00 inches of rainfall inundated a residential home, requiring the deployment of sandbags to combat the rising floodwaters.",Powerlines downed by thunderstorm wind gusts.,CSV
202605,18,1800,202605,18,2000,212012,1328079,INDIANA,18,2026,May,Flood,C,59,HANCOCK,IND,18-MAY-26 18:00:00,EST-5,18-MAY-26 20:00:00,0,0,0,0,25.00K,0.00K,Law Enforcement,,,Heavy Rain,,,,,,,,,.85,SW,GREENFIELD,1.04,SW,GREENFIELD POPE ARPT,39.7722,-85.7924,39.7685,-85.7426,"During the 18th midday and afternoon hours, a fast-moving line of severe thunderstorms swept through central Indiana, producing widespread damaging straight line winds.  The severe weather entered the western portions of the IND CWA shortly after 1200 EST, with initial damage reported in Parke and Clay Counties where multiple trees and three power poles were downed.  The line tracked quickly eastward through the early afternoon, impacting the Indianapolis metropolitan area and adjacent counties. Widespread wind damage to trees and utility lines was noted, particularly across Owen County where an estimated gust of 55 knots (63 mph) downed a significant number of trees and powerlines. Further north, an estimated 60 mph gust in Boone County was followed by a measured gust of 53 knots (61 mph) at the Indianapolis Executive Airport north of Zionsville at 1335 EST.  Power lines were also downed in Hamilton County before the primary severe wind threat subsided.||In addition to the damaging winds, torrential downpours dropped widespread 2.00 to 3.00 inches of rain across the region, producing significant areal and flash flooding from mid-afternoon into the evening.  Knox County was impacted first, where roughly 2.00 inches of rainfall caused water to flow over State Roads 58 and 67, flooded local intersections from Bruceville to Oaktown, and caused manholes to overflow. As the heavy rainfall progressed eastward, county-wide road flooding developed across Putnam, Hancock, Marion, and Owen Counties, with the latter reporting up to 3.00 inches.  The most severe hydrological impact occurred in Morgan County, where approximately 3.00 inches of rainfall inundated a residential home, requiring the deployment of sandbags to combat the rising floodwaters.",Flooded roads across the county. Total rainfall for the event was around 2 inches.,CSV
202605,4,2106,202605,4,2107,213144,1334266,INDIANA,18,2026,May,Thunderstorm Wind,C,141,ST. JOSEPH,IWX,04-MAY-26 21:06:00,EST-5,04-MAY-26 21:07:00,0,0,0,0,1.00K,0.00K,Broadcast Media,52.00,EG,,,,,,,,,,1.24,WNW,NORTH LIBERTY,1.24,WNW,NORTH LIBERTY,41.54,-86.45,41.54,-86.45,"Breezy conditions on the afternoon on May 4 resulted in instances of zero to near-zero visibility as soil and dust was stirred up in northwest Indiana. Later on, isolated severe thunderstorms produced small hail and gusty wind.",Reports of a few trees downed just west of North Liberty.,CSV
202605,18,1045,202605,18,1046,213149,1334284,INDIANA,18,2026,May,Thunderstorm Wind,C,91,LA PORTE,IWX,18-MAY-26 10:45:00,CST-6,18-MAY-26 10:46:00,0,0,0,0,10.00K,0.00K,Emergency Manager,52.00,EG,,,,,,,,,,.52,E,WANATAH,.52,E,WANATAH,41.43,-86.89,41.43,-86.89,"A line of severe thunderstorms exited Illinois and tracked through Indiana and southern Michigan. Wind gusts near 60 mph were reported, downing trees and powerlines.",Emergency Manager reports several trees and large branches downed including a couple  large limbs down onto houses. No injuries reported.,CSV
202605,18,1100,202605,18,1101,213149,1334285,INDIANA,18,2026,May,Thunderstorm Wind,C,91,LA PORTE,IWX,18-MAY-26 11:00:00,CST-6,18-MAY-26 11:01:00,0,0,0,0,1.00K,0.00K,Public,52.00,EG,,,,,,,,,,.86,SE,MAGEE,.86,SE,MAGEE,41.52,-86.76,41.52,-86.76,"A line of severe thunderstorms exited Illinois and tracked through Indiana and southern Michigan. Wind gusts near 60 mph were reported, downing trees and powerlines.",Tree down across Long Lane and US 6 near Union Mills.,CSV
202605,18,1105,202605,18,1106,213149,1334286,INDIANA,18,2026,May,Thunderstorm Wind,C,91,LA PORTE,IWX,18-MAY-26 11:05:00,CST-6,18-MAY-26 11:06:00,0,0,0,0,10.00K,0.00K,Public,52.00,EG,,,,,,,,,,1.24,SE,LA PORTE,1.24,SE,LA PORTE,41.59,-86.7,41.59,-86.7,"A line of severe thunderstorms exited Illinois and tracked through Indiana and southern Michigan. Wind gusts near 60 mph were reported, downing trees and powerlines.","Several reports of trees down in the vicinity La Porte, IN, and enroute to La Porte on US  Route 35.",CSV
202605,18,1029,202605,18,1030,212800,1331353,INDIANA,18,2026,May,Hail,C,127,PORTER,LOT,18-MAY-26 10:29:00,CST-6,18-MAY-26 10:30:00,0,0,0,0,0.00K,0.00K,Public,1.00,,,,,,,,,,,.67,S,BEATRICE,.67,S,BEATRICE,41.4203,-87.1898,41.4203,-87.1898,A line of strong to severe thunderstorms moved across northwest Indiana during the late morning and early afternoon of May 18th producing scattered severe wind gusts and isolated large hail.,,CSV
202605,18,1040,202605,18,1040,212800,1331354,INDIANA,18,2026,May,Thunderstorm Wind,C,127,PORTER,LOT,18-MAY-26 10:40:00,CST-6,18-MAY-26 10:40:00,0,0,0,0,0.00K,0.00K,Public,52.00,MG,,,,,,,,,,1.41,N,KOUTS,1.41,N,KOUTS,41.3402,-87.0258,41.3402,-87.0258,A line of strong to severe thunderstorms moved across northwest Indiana during the late morning and early afternoon of May 18th producing scattered severe wind gusts and isolated large hail.,A personal weather station measured a wind gust to 60 mph.,CSV
202605,18,1212,202605,18,1212,212012,1328064,INDIANA,18,2026,May,Thunderstorm Wind,C,121,PARKE,IND,18-MAY-26 12:12:00,EST-5,18-MAY-26 12:12:00,0,0,0,0,2.00K,0.00K,Law Enforcement,50.00,EG,,,,,,,,,,.87,SE,WEST UNION,.87,SE,WEST UNION,39.84,-87.32,39.84,-87.32,"During the 18th midday and afternoon hours, a fast-moving line of severe thunderstorms swept through central Indiana, producing widespread damaging straight line winds.  The severe weather entered the western portions of the IND CWA shortly after 1200 EST, with initial damage reported in Parke and Clay Counties where multiple trees and three power poles were downed.  The line tracked quickly eastward through the early afternoon, impacting the Indianapolis metropolitan area and adjacent counties. Widespread wind damage to trees and utility lines was noted, particularly across Owen County where an estimated gust of 55 knots (63 mph) downed a significant number of trees and powerlines. Further north, an estimated 60 mph gust in Boone County was followed by a measured gust of 53 knots (61 mph) at the Indianapolis Executive Airport north of Zionsville at 1335 EST.  Power lines were also downed in Hamilton County before the primary severe wind threat subsided.||In addition to the damaging winds, torrential downpours dropped widespread 2.00 to 3.00 inches of rain across the region, producing significant areal and flash flooding from mid-afternoon into the evening.  Knox County was impacted first, where roughly 2.00 inches of rainfall caused water to flow over State Roads 58 and 67, flooded local intersections from Bruceville to Oaktown, and caused manholes to overflow. As the heavy rainfall progressed eastward, county-wide road flooding developed across Putnam, Hancock, Marion, and Owen Counties, with the latter reporting up to 3.00 inches.  The most severe hydrological impact occurred in Morgan County, where approximately 3.00 inches of rainfall inundated a residential home, requiring the deployment of sandbags to combat the rising floodwaters.",Tree was downed by thunderstorm wind gusts.,CSV
202605,18,1800,202605,18,2000,212012,1328080,INDIANA,18,2026,May,Flood,C,97,MARION,IND,18-MAY-26 18:00:00,EST-5,18-MAY-26 20:00:00,0,0,0,0,150.00K,0.00K,Law Enforcement,,,Heavy Rain,,,,,,,,,.51,WSW,BEN DAVIS,.98,SSW,VALLEY MILLS,39.7473,-86.2789,39.6869,-86.287,"During the 18th midday and afternoon hours, a fast-moving line of severe thunderstorms swept through central Indiana, producing widespread damaging straight line winds.  The severe weather entered the western portions of the IND CWA shortly after 1200 EST, with initial damage reported in Parke and Clay Counties where multiple trees and three power poles were downed.  The line tracked quickly eastward through the early afternoon, impacting the Indianapolis metropolitan area and adjacent counties. Widespread wind damage to trees and utility lines was noted, particularly across Owen County where an estimated gust of 55 knots (63 mph) downed a significant number of trees and powerlines. Further north, an estimated 60 mph gust in Boone County was followed by a measured gust of 53 knots (61 mph) at the Indianapolis Executive Airport north of Zionsville at 1335 EST.  Power lines were also downed in Hamilton County before the primary severe wind threat subsided.||In addition to the damaging winds, torrential downpours dropped widespread 2.00 to 3.00 inches of rain across the region, producing significant areal and flash flooding from mid-afternoon into the evening.  Knox County was impacted first, where roughly 2.00 inches of rainfall caused water to flow over State Roads 58 and 67, flooded local intersections from Bruceville to Oaktown, and caused manholes to overflow. As the heavy rainfall progressed eastward, county-wide road flooding developed across Putnam, Hancock, Marion, and Owen Counties, with the latter reporting up to 3.00 inches.  The most severe hydrological impact occurred in Morgan County, where approximately 3.00 inches of rainfall inundated a residential home, requiring the deployment of sandbags to combat the rising floodwaters.",Flooded roads across the county. Total rainfall for the event was around 2 inches.,CSV
202605,18,1216,202605,18,1217,213149,1334287,INDIANA,18,2026,May,Thunderstorm Wind,C,141,ST. JOSEPH,IWX,18-MAY-26 12:16:00,EST-5,18-MAY-26 12:17:00,0,0,0,0,1.00K,0.00K,Broadcast Media,61.00,EG,,,,,,,,,,.69,N,NEW CARLISLE,.69,N,NEW CARLISLE,41.71,-86.52,41.71,-86.52,"A line of severe thunderstorms exited Illinois and tracked through Indiana and southern Michigan. Wind gusts near 60 mph were reported, downing trees and powerlines.",Media report of large tree snapped in half near New Carlisle in St. Joseph County in  Indiana.,CSV
202605,18,1231,202605,18,1232,213149,1334288,INDIANA,18,2026,May,Thunderstorm Wind,C,49,FULTON,IWX,18-MAY-26 12:31:00,EST-5,18-MAY-26 12:32:00,0,0,0,0,20.00K,0.00K,Emergency Manager,52.00,EG,,,,,,,,,,4.2,WSW,ROCHESTER,4.2,WSW,ROCHESTER,41.04,-86.29,41.04,-86.29,"A line of severe thunderstorms exited Illinois and tracked through Indiana and southern Michigan. Wind gusts near 60 mph were reported, downing trees and powerlines.","Pictures relayed by EMA of a pole barn suffering damage to several walls and the roof. Trees down in the area.  Location along W 100 S, between S 200 and S  300 W.",CSV
202605,18,1231,202605,18,1232,213149,1334289,INDIANA,18,2026,May,Thunderstorm Wind,C,141,ST. JOSEPH,IWX,18-MAY-26 12:31:00,EST-5,18-MAY-26 12:32:00,0,0,0,0,30.00K,0.00K,Public,52.00,EG,,,,,,,,,,.86,NE,SOUTH BEND,.86,NE,SOUTH BEND,41.68,-86.24,41.68,-86.24,"A line of severe thunderstorms exited Illinois and tracked through Indiana and southern Michigan. Wind gusts near 60 mph were reported, downing trees and powerlines.","Several reports of large branches and trees down in and around the greater South Bend area. This includes Georgetown, and Granger. At least one tree was down onto a car.",CSV
202605,18,1345,202605,18,1346,213149,1334291,INDIANA,18,2026,May,Thunderstorm Wind,C,183,WHITLEY,IWX,18-MAY-26 13:45:00,EST-5,18-MAY-26 13:46:00,0,0,0,0,0.00K,0.00K,Trained Spotter,53.00,MG,,,,,,,,,,1.48,NNE,COLLINS,1.48,NNE,COLLINS,41.22,-85.37,41.22,-85.37,"A line of severe thunderstorms exited Illinois and tracked through Indiana and southern Michigan. Wind gusts near 60 mph were reported, downing trees and powerlines.",Spotter reports measured thunderstorm wind gust of 61 mph just southwest of Blue Lake  in Whitley County in Indiana.,CSV
202605,18,1347,202605,18,1348,213149,1334292,INDIANA,18,2026,May,Thunderstorm Wind,C,183,WHITLEY,IWX,18-MAY-26 13:47:00,EST-5,18-MAY-26 13:48:00,0,0,0,0,1.00K,0.00K,Emergency Manager,52.00,EG,,,,,,,,,,2.32,NNE,COESSE,2.32,NNE,COESSE,41.16,-85.38,41.16,-85.38,"A line of severe thunderstorms exited Illinois and tracked through Indiana and southern Michigan. Wind gusts near 60 mph were reported, downing trees and powerlines.",Emergency Manager report of tree blown down across Ruckman Road near Old Trail Road  about 6 miles east of Columbia City.,CSV
202605,18,1422,202605,18,1423,213149,1334293,INDIANA,18,2026,May,Thunderstorm Wind,C,151,STEUBEN,IWX,18-MAY-26 14:22:00,EST-5,18-MAY-26 14:23:00,0,0,0,0,1.00K,0.00K,Emergency Manager,52.00,EG,,,,,,,,,,.86,NW,METZ,.86,NW,METZ,41.63,-84.84,41.63,-84.84,"A line of severe thunderstorms exited Illinois and tracked through Indiana and southern Michigan. Wind gusts near 60 mph were reported, downing trees and powerlines.",Emergency Manager report of tree downed across roadway on CR 800E just south of US-20 just north of Metz.,CSV
202605,18,1415,202605,18,1415,213149,1334294,INDIANA,18,2026,May,Thunderstorm Wind,C,151,STEUBEN,IWX,18-MAY-26 14:15:00,EST-5,18-MAY-26 14:15:00,0,0,0,0,10.00K,0.00K,Emergency Manager,52.00,EG,,,,,,,,,,.52,E,HAMILTON,.52,E,HAMILTON,41.53,-84.91,41.53,-84.91,"A line of severe thunderstorms exited Illinois and tracked through Indiana and southern Michigan. Wind gusts near 60 mph were reported, downing trees and powerlines.",Emergency Manager report of powerlines downed in Hamilton.,CSV
202605,18,1313,202605,18,1314,213149,1334295,INDIANA,18,2026,May,Thunderstorm Wind,C,169,WABASH,IWX,18-MAY-26 13:13:00,EST-5,18-MAY-26 13:14:00,0,0,0,0,1.00K,0.00K,Public,52.00,EG,,,,,,,,,,.79,W,WABASH,.79,W,WABASH,40.8015,-85.835,40.8015,-85.835,"A line of severe thunderstorms exited Illinois and tracked through Indiana and southern Michigan. Wind gusts near 60 mph were reported, downing trees and powerlines.",Large tree branches downed near Ferry and Anna Streets.,CSV
202605,18,1840,202605,18,1842,212297,1327518,INDIANA,18,2026,May,Thunderstorm Wind,C,29,DEARBORN,ILN,18-MAY-26 18:40:00,EST-5,18-MAY-26 18:42:00,0,0,0,0,3.00K,0.00K,State Official,50.00,EG,,,,,,,,,,.87,NW,AURORA,.87,NW,AURORA,39.08,-84.91,39.08,-84.91,"A squall line moved through the Great Lakes region, sparking showers and thunderstorms.",A tree and several power lines were downed along State Route 148.,CSV
202605,19,1702,202605,19,1704,212297,1327520,INDIANA,18,2026,May,Thunderstorm Wind,C,177,WAYNE,ILN,19-MAY-26 17:02:00,EST-5,19-MAY-26 17:04:00,0,0,0,0,3.00K,0.00K,State Official,50.00,EG,,,,,,,,,,0,N,CENTERVILLE,0,N,CENTERVILLE,39.82,-85,39.82,-85,"A squall line moved through the Great Lakes region, sparking showers and thunderstorms.",Several trees were downed in the city of Centerville.,CSV
202605,19,1705,202605,19,1707,212297,1327521,INDIANA,18,2026,May,Hail,C,177,WAYNE,ILN,19-MAY-26 17:05:00,EST-5,19-MAY-26 17:07:00,0,0,0,0,0.00K,0.00K,Public,1.00,,,,,,,,,,,0,N,CENTERVILLE,0,N,CENTERVILLE,39.82,-85,39.82,-85,"A squall line moved through the Great Lakes region, sparking showers and thunderstorms.",,CSV
202605,19,1752,202605,19,1754,212297,1327525,INDIANA,18,2026,May,Thunderstorm Wind,C,41,FAYETTE,ILN,19-MAY-26 17:52:00,EST-5,19-MAY-26 17:54:00,0,0,0,0,3.00K,0.00K,State Official,50.00,EG,,,,,,,,,,0,N,ALPINE,0,N,ALPINE,39.55,-85.18,39.55,-85.18,"A squall line moved through the Great Lakes region, sparking showers and thunderstorms.",A tree was downed onto a power line.,CSV
202605,19,1707,202605,19,1709,212297,1327523,INDIANA,18,2026,May,Thunderstorm Wind,C,177,WAYNE,ILN,19-MAY-26 17:07:00,EST-5,19-MAY-26 17:09:00,0,0,0,0,3.00K,0.00K,State Official,55.00,EG,,,,,,,,,,.53,E,RICHMOND,.53,E,RICHMOND,39.83,-84.89,39.83,-84.89,"A squall line moved through the Great Lakes region, sparking showers and thunderstorms.",Several trees were downed in the city of Richmond.,CSV
202605,18,1213,202605,18,1213,212012,1328065,INDIANA,18,2026,May,Thunderstorm Wind,C,121,PARKE,IND,18-MAY-26 12:13:00,EST-5,18-MAY-26 12:13:00,0,0,0,0,2.00K,0.00K,Law Enforcement,50.00,EG,,,,,,,,,,1.74,ESE,MECCA,1.74,ESE,MECCA,39.72,-87.3,39.72,-87.3,"During the 18th midday and afternoon hours, a fast-moving line of severe thunderstorms swept through central Indiana, producing widespread damaging straight line winds.  The severe weather entered the western portions of the IND CWA shortly after 1200 EST, with initial damage reported in Parke and Clay Counties where multiple trees and three power poles were downed.  The line tracked quickly eastward through the early afternoon, impacting the Indianapolis metropolitan area and adjacent counties. Widespread wind damage to trees and utility lines was noted, particularly across Owen County where an estimated gust of 55 knots (63 mph) downed a significant number of trees and powerlines. Further north, an estimated 60 mph gust in Boone County was followed by a measured gust of 53 knots (61 mph) at the Indianapolis Executive Airport north of Zionsville at 1335 EST.  Power lines were also downed in Hamilton County before the primary severe wind threat subsided.||In addition to the damaging winds, torrential downpours dropped widespread 2.00 to 3.00 inches of rain across the region, producing significant areal and flash flooding from mid-afternoon into the evening.  Knox County was impacted first, where roughly 2.00 inches of rainfall caused water to flow over State Roads 58 and 67, flooded local intersections from Bruceville to Oaktown, and caused manholes to overflow. As the heavy rainfall progressed eastward, county-wide road flooding developed across Putnam, Hancock, Marion, and Owen Counties, with the latter reporting up to 3.00 inches.  The most severe hydrological impact occurred in Morgan County, where approximately 3.00 inches of rainfall inundated a residential home, requiring the deployment of sandbags to combat the rising floodwaters.",Tree was downed by thunderstorm wind gusts.,CSV
202605,18,1800,202605,18,2000,212012,1328081,INDIANA,18,2026,May,Flood,C,119,OWEN,IND,18-MAY-26 18:00:00,EST-5,18-MAY-26 20:00:00,0,0,0,0,50.00K,0.00K,Law Enforcement,,,Heavy Rain,,,,,,,,,.87,SW,VANDALIA,3.58,NNW,POTTERSVILLE,39.31,-86.88,39.2498,-86.8387,"During the 18th midday and afternoon hours, a fast-moving line of severe thunderstorms swept through central Indiana, producing widespread damaging straight line winds.  The severe weather entered the western portions of the IND CWA shortly after 1200 EST, with initial damage reported in Parke and Clay Counties where multiple trees and three power poles were downed.  The line tracked quickly eastward through the early afternoon, impacting the Indianapolis metropolitan area and adjacent counties. Widespread wind damage to trees and utility lines was noted, particularly across Owen County where an estimated gust of 55 knots (63 mph) downed a significant number of trees and powerlines. Further north, an estimated 60 mph gust in Boone County was followed by a measured gust of 53 knots (61 mph) at the Indianapolis Executive Airport north of Zionsville at 1335 EST.  Power lines were also downed in Hamilton County before the primary severe wind threat subsided.||In addition to the damaging winds, torrential downpours dropped widespread 2.00 to 3.00 inches of rain across the region, producing significant areal and flash flooding from mid-afternoon into the evening.  Knox County was impacted first, where roughly 2.00 inches of rainfall caused water to flow over State Roads 58 and 67, flooded local intersections from Bruceville to Oaktown, and caused manholes to overflow. As the heavy rainfall progressed eastward, county-wide road flooding developed across Putnam, Hancock, Marion, and Owen Counties, with the latter reporting up to 3.00 inches.  The most severe hydrological impact occurred in Morgan County, where approximately 3.00 inches of rainfall inundated a residential home, requiring the deployment of sandbags to combat the rising floodwaters.",Flooded roads across the county. Total rainfall for the event was around 3 inches.,CSV
202605,18,1316,202605,18,1317,213149,1334296,INDIANA,18,2026,May,Thunderstorm Wind,C,169,WABASH,IWX,18-MAY-26 13:16:00,EST-5,18-MAY-26 13:17:00,0,0,0,0,10.00K,0.00K,Public,52.00,EG,,,,,,,,,,.53,WSW,WABASH,.53,WSW,WABASH,40.7972,-85.8295,40.7972,-85.8295,"A line of severe thunderstorms exited Illinois and tracked through Indiana and southern Michigan. Wind gusts near 60 mph were reported, downing trees and powerlines.",Large tree downed onto a house on West Main Street.,CSV
202605,18,1325,202605,18,1326,213149,1334297,INDIANA,18,2026,May,Thunderstorm Wind,C,87,LAGRANGE,IWX,18-MAY-26 13:25:00,EST-5,18-MAY-26 13:26:00,0,0,0,0,10.00K,0.00K,Public,52.00,EG,,,,,,,,,,3.78,NW,SHIPSHEWANA FLD ARPT,3.78,NW,SHIPSHEWANA FLD ARPT,41.74,-85.65,41.74,-85.65,"A line of severe thunderstorms exited Illinois and tracked through Indiana and southern Michigan. Wind gusts near 60 mph were reported, downing trees and powerlines.",Tree down on N 1150 W at Stone Lake north of Middlebury.,CSV
202605,18,1250,202605,18,1251,213149,1334298,INDIANA,18,2026,May,Thunderstorm Wind,C,39,ELKHART,IWX,18-MAY-26 12:50:00,EST-5,18-MAY-26 12:51:00,0,0,0,0,10.00K,0.00K,Public,52.00,EG,,,,,,,,,,4.02,NNW,JAMESTOWN,4.02,NNW,JAMESTOWN,41.68,-86.06,41.68,-86.06,"A line of severe thunderstorms exited Illinois and tracked through Indiana and southern Michigan. Wind gusts near 60 mph were reported, downing trees and powerlines.",Powerlines down near the intersection of Ash Rd and Jefferson Rd.,CSV
202605,18,1345,202605,18,1346,213149,1334299,INDIANA,18,2026,May,Thunderstorm Wind,C,69,HUNTINGTON,IWX,18-MAY-26 13:45:00,EST-5,18-MAY-26 13:46:00,0,0,0,0,0.00K,0.00K,Emergency Manager,52.00,MG,,,,,,,,,,2.09,W,HUNTINGTON,2.09,W,HUNTINGTON,40.88,-85.52,40.88,-85.52,"A line of severe thunderstorms exited Illinois and tracked through Indiana and southern Michigan. Wind gusts near 60 mph were reported, downing trees and powerlines.",Sixty miles-per-hour wind reported at the Huntington County EMA office.,CSV
202605,18,1250,202605,18,1251,213149,1334300,INDIANA,18,2026,May,Thunderstorm Wind,C,85,KOSCIUSKO,IWX,18-MAY-26 12:50:00,EST-5,18-MAY-26 12:51:00,0,0,0,0,10.00K,0.00K,Public,52.00,EG,,,,,,,,,,1.73,NW,MENTONE,1.73,NW,MENTONE,41.19,-86.05,41.19,-86.05,"A line of severe thunderstorms exited Illinois and tracked through Indiana and southern Michigan. Wind gusts near 60 mph were reported, downing trees and powerlines.",Outbuilding damaged north of Mentone on SR 19. Time estimated via radar.,CSV
202605,19,1539,202605,19,1540,213189,1334807,INDIANA,18,2026,May,Thunderstorm Wind,C,53,GRANT,IWX,19-MAY-26 15:39:00,EST-5,19-MAY-26 15:40:00,0,0,0,0,0.00K,0.00K,Broadcast Media,52.00,EG,,,,,,,,,,0,N,JONESBORO,0,N,JONESBORO,40.48,-85.63,40.48,-85.63,Multicell thunderstorms over eastern Indiana moved into northwest Ohio resulting in sporadic reports of damaging wind gusts and sub-severe hail.,Broadcast media relayed photos from a viewer in Jonesboro of numerous large branches  broken and a trampoline in the trees.,CSV
202605,19,1540,202605,19,1541,213189,1334808,INDIANA,18,2026,May,Thunderstorm Wind,C,53,GRANT,IWX,19-MAY-26 15:40:00,EST-5,19-MAY-26 15:41:00,0,0,0,0,1.00K,0.00K,Public,52.00,EG,,,,,,,,,,.7,E,GAS CITY,.7,E,GAS CITY,40.4803,-85.6067,40.4803,-85.6067,Multicell thunderstorms over eastern Indiana moved into northwest Ohio resulting in sporadic reports of damaging wind gusts and sub-severe hail.,Tree downed in Gas City on South 5th Street.,CSV
202605,18,1223,202605,18,1223,212012,1328066,INDIANA,18,2026,May,Thunderstorm Wind,C,21,CLAY,IND,18-MAY-26 12:23:00,EST-5,18-MAY-26 12:23:00,0,0,0,0,15.00K,0.00K,Public,52.00,EG,,,,,,,,,,.87,NE,CLAY CITY,.87,NE,CLAY CITY,39.28,-87.11,39.28,-87.11,"During the 18th midday and afternoon hours, a fast-moving line of severe thunderstorms swept through central Indiana, producing widespread damaging straight line winds.  The severe weather entered the western portions of the IND CWA shortly after 1200 EST, with initial damage reported in Parke and Clay Counties where multiple trees and three power poles were downed.  The line tracked quickly eastward through the early afternoon, impacting the Indianapolis metropolitan area and adjacent counties. Widespread wind damage to trees and utility lines was noted, particularly across Owen County where an estimated gust of 55 knots (63 mph) downed a significant number of trees and powerlines. Further north, an estimated 60 mph gust in Boone County was followed by a measured gust of 53 knots (61 mph) at the Indianapolis Executive Airport north of Zionsville at 1335 EST.  Power lines were also downed in Hamilton County before the primary severe wind threat subsided.||In addition to the damaging winds, torrential downpours dropped widespread 2.00 to 3.00 inches of rain across the region, producing significant areal and flash flooding from mid-afternoon into the evening.  Knox County was impacted first, where roughly 2.00 inches of rainfall caused water to flow over State Roads 58 and 67, flooded local intersections from Bruceville to Oaktown, and caused manholes to overflow. As the heavy rainfall progressed eastward, county-wide road flooding developed across Putnam, Hancock, Marion, and Owen Counties, with the latter reporting up to 3.00 inches.  The most severe hydrological impact occurred in Morgan County, where approximately 3.00 inches of rainfall inundated a residential home, requiring the deployment of sandbags to combat the rising floodwaters.",Three power poles downed by thunderstorm wind gusts.,CSV
202605,18,1240,202605,18,1240,212012,1328067,INDIANA,18,2026,May,Thunderstorm Wind,C,133,PUTNAM,IND,18-MAY-26 12:40:00,EST-5,18-MAY-26 12:40:00,0,0,0,0,2.00K,0.00K,Law Enforcement,52.00,EG,,,,,,,,,,3.79,W,CLOVERDALE,3.79,W,CLOVERDALE,39.51,-86.87,39.51,-86.87,"During the 18th midday and afternoon hours, a fast-moving line of severe thunderstorms swept through central Indiana, producing widespread damaging straight line winds.  The severe weather entered the western portions of the IND CWA shortly after 1200 EST, with initial damage reported in Parke and Clay Counties where multiple trees and three power poles were downed.  The line tracked quickly eastward through the early afternoon, impacting the Indianapolis metropolitan area and adjacent counties. Widespread wind damage to trees and utility lines was noted, particularly across Owen County where an estimated gust of 55 knots (63 mph) downed a significant number of trees and powerlines. Further north, an estimated 60 mph gust in Boone County was followed by a measured gust of 53 knots (61 mph) at the Indianapolis Executive Airport north of Zionsville at 1335 EST.  Power lines were also downed in Hamilton County before the primary severe wind threat subsided.||In addition to the damaging winds, torrential downpours dropped widespread 2.00 to 3.00 inches of rain across the region, producing significant areal and flash flooding from mid-afternoon into the evening.  Knox County was impacted first, where roughly 2.00 inches of rainfall caused water to flow over State Roads 58 and 67, flooded local intersections from Bruceville to Oaktown, and caused manholes to overflow. As the heavy rainfall progressed eastward, county-wide road flooding developed across Putnam, Hancock, Marion, and Owen Counties, with the latter reporting up to 3.00 inches.  The most severe hydrological impact occurred in Morgan County, where approximately 3.00 inches of rainfall inundated a residential home, requiring the deployment of sandbags to combat the rising floodwaters.",Large tree downed by thunderstorm wind gusts.,CSV
202605,16,1445,202605,16,1445,213430,1341769,INDIANA,18,2026,May,Thunderstorm Wind,C,37,DUBOIS,LMK,16-MAY-26 14:45:00,EST-5,16-MAY-26 14:45:00,0,0,0,0,,,911 Call Center,50.00,EG,,,,,,,,,,1.69,NE,FERDINAND,1.69,NE,FERDINAND,38.24,-86.8521,38.24,-86.8521,"During the afternoon and early evening hours on May 16th, a Mesoscale Convective Vortex moved from west-southwest to east-northeast across the lower Ohio Valley, providing forcing for scattered showers and thunderstorms to develop. Thunderstorms were able to feed off of a seasonably high amount of instability, with around 2000 J/kg Mixed-Layer CAPE present in the pre-storm environment. While synoptic scale ridging over the southeast US meant that large scale flow was fairly weak, the MCV provided a mesoscale enhancement to the wind shear profile, with around 30-35 knots of effective shear supporting organized multicell clusters. Scattered strong to severe storms moved across southern Indiana, producing several reports of quarter sized hail and downed trees.","A tree was blown down by strong winds on South Club Road, blocking part of the roadway.",CSV
202605,16,1540,202605,16,1540,213430,1341770,INDIANA,18,2026,May,Hail,C,25,CRAWFORD,LMK,16-MAY-26 15:40:00,EST-5,16-MAY-26 15:40:00,0,0,0,0,,,Emergency Manager,1.00,,,,,,,,,,,2.02,ESE,BROWNSTOWN,2.02,ESE,BROWNSTOWN,38.3693,-86.4653,38.3693,-86.4653,"During the afternoon and early evening hours on May 16th, a Mesoscale Convective Vortex moved from west-southwest to east-northeast across the lower Ohio Valley, providing forcing for scattered showers and thunderstorms to develop. Thunderstorms were able to feed off of a seasonably high amount of instability, with around 2000 J/kg Mixed-Layer CAPE present in the pre-storm environment. While synoptic scale ridging over the southeast US meant that large scale flow was fairly weak, the MCV provided a mesoscale enhancement to the wind shear profile, with around 30-35 knots of effective shear supporting organized multicell clusters. Scattered strong to severe storms moved across southern Indiana, producing several reports of quarter sized hail and downed trees.",Quarter sized hail was observed in several locations across northern Crawford County.,CSV
202605,16,1655,202605,16,1655,213430,1341771,INDIANA,18,2026,May,Hail,C,61,HARRISON,LMK,16-MAY-26 16:55:00,EST-5,16-MAY-26 16:55:00,0,0,0,0,,,Public,1.00,,,,,,,,,,,.88,SW,CORYDON,.88,SW,CORYDON,38.21,-86.13,38.21,-86.13,"During the afternoon and early evening hours on May 16th, a Mesoscale Convective Vortex moved from west-southwest to east-northeast across the lower Ohio Valley, providing forcing for scattered showers and thunderstorms to develop. Thunderstorms were able to feed off of a seasonably high amount of instability, with around 2000 J/kg Mixed-Layer CAPE present in the pre-storm environment. While synoptic scale ridging over the southeast US meant that large scale flow was fairly weak, the MCV provided a mesoscale enhancement to the wind shear profile, with around 30-35 knots of effective shear supporting organized multicell clusters. Scattered strong to severe storms moved across southern Indiana, producing several reports of quarter sized hail and downed trees.",Quarter sized hail was observed in and around Corydon.,CSV
202605,18,1245,202605,18,1245,212012,1328068,INDIANA,18,2026,May,Thunderstorm Wind,C,119,OWEN,IND,18-MAY-26 12:45:00,EST-5,18-MAY-26 12:45:00,0,0,0,0,50.00K,0.00K,Law Enforcement,55.00,EG,,,,,,,,,,1.6,W,CUNOT,1.6,W,CUNOT,39.45,-86.9,39.45,-86.9,"During the 18th midday and afternoon hours, a fast-moving line of severe thunderstorms swept through central Indiana, producing widespread damaging straight line winds.  The severe weather entered the western portions of the IND CWA shortly after 1200 EST, with initial damage reported in Parke and Clay Counties where multiple trees and three power poles were downed.  The line tracked quickly eastward through the early afternoon, impacting the Indianapolis metropolitan area and adjacent counties. Widespread wind damage to trees and utility lines was noted, particularly across Owen County where an estimated gust of 55 knots (63 mph) downed a significant number of trees and powerlines. Further north, an estimated 60 mph gust in Boone County was followed by a measured gust of 53 knots (61 mph) at the Indianapolis Executive Airport north of Zionsville at 1335 EST.  Power lines were also downed in Hamilton County before the primary severe wind threat subsided.||In addition to the damaging winds, torrential downpours dropped widespread 2.00 to 3.00 inches of rain across the region, producing significant areal and flash flooding from mid-afternoon into the evening.  Knox County was impacted first, where roughly 2.00 inches of rainfall caused water to flow over State Roads 58 and 67, flooded local intersections from Bruceville to Oaktown, and caused manholes to overflow. As the heavy rainfall progressed eastward, county-wide road flooding developed across Putnam, Hancock, Marion, and Owen Counties, with the latter reporting up to 3.00 inches.  The most severe hydrological impact occurred in Morgan County, where approximately 3.00 inches of rainfall inundated a residential home, requiring the deployment of sandbags to combat the rising floodwaters.",Significant number of trees and powerlines downed in the county.,CSV
202605,16,1700,202605,16,1700,213430,1341772,INDIANA,18,2026,May,Thunderstorm Wind,C,175,WASHINGTON,LMK,16-MAY-26 17:00:00,EST-5,16-MAY-26 17:00:00,0,0,0,0,,,911 Call Center,50.00,EG,,,,,,,,,,.75,SSE,HARDINSBURG,.75,SSE,HARDINSBURG,38.4595,-86.2763,38.4595,-86.2763,"During the afternoon and early evening hours on May 16th, a Mesoscale Convective Vortex moved from west-southwest to east-northeast across the lower Ohio Valley, providing forcing for scattered showers and thunderstorms to develop. Thunderstorms were able to feed off of a seasonably high amount of instability, with around 2000 J/kg Mixed-Layer CAPE present in the pre-storm environment. While synoptic scale ridging over the southeast US meant that large scale flow was fairly weak, the MCV provided a mesoscale enhancement to the wind shear profile, with around 30-35 knots of effective shear supporting organized multicell clusters. Scattered strong to severe storms moved across southern Indiana, producing several reports of quarter sized hail and downed trees.",Trees were blown down on Sinking Creek Lane near Hardinsburg.,CSV
202605,16,1700,202605,16,1700,213430,1341773,INDIANA,18,2026,May,Thunderstorm Wind,C,175,WASHINGTON,LMK,16-MAY-26 17:00:00,EST-5,16-MAY-26 17:00:00,0,0,0,0,,,911 Call Center,50.00,EG,,,,,,,,,,.72,SSE,HARDINSBURG,.72,SSE,HARDINSBURG,38.4598,-86.2773,38.4598,-86.2773,"During the afternoon and early evening hours on May 16th, a Mesoscale Convective Vortex moved from west-southwest to east-northeast across the lower Ohio Valley, providing forcing for scattered showers and thunderstorms to develop. Thunderstorms were able to feed off of a seasonably high amount of instability, with around 2000 J/kg Mixed-Layer CAPE present in the pre-storm environment. While synoptic scale ridging over the southeast US meant that large scale flow was fairly weak, the MCV provided a mesoscale enhancement to the wind shear profile, with around 30-35 knots of effective shear supporting organized multicell clusters. Scattered strong to severe storms moved across southern Indiana, producing several reports of quarter sized hail and downed trees.",Power lines were downed along US Route 150 in Hardinsburg.,CSV
202605,16,1725,202605,16,1725,213430,1341776,INDIANA,18,2026,May,Thunderstorm Wind,C,175,WASHINGTON,LMK,16-MAY-26 17:25:00,EST-5,16-MAY-26 17:25:00,0,0,0,0,,,911 Call Center,50.00,EG,,,,,,,,,,.49,NE,NEW PEKIN,.49,NE,NEW PEKIN,38.5048,-86.0132,38.5048,-86.0132,"During the afternoon and early evening hours on May 16th, a Mesoscale Convective Vortex moved from west-southwest to east-northeast across the lower Ohio Valley, providing forcing for scattered showers and thunderstorms to develop. Thunderstorms were able to feed off of a seasonably high amount of instability, with around 2000 J/kg Mixed-Layer CAPE present in the pre-storm environment. While synoptic scale ridging over the southeast US meant that large scale flow was fairly weak, the MCV provided a mesoscale enhancement to the wind shear profile, with around 30-35 knots of effective shear supporting organized multicell clusters. Scattered strong to severe storms moved across southern Indiana, producing several reports of quarter sized hail and downed trees.",A tree was downed along North Mill Street in Pekin.,CSV
202605,18,1236,202605,18,1237,213149,1334290,INDIANA,18,2026,May,Thunderstorm Wind,C,49,FULTON,IWX,18-MAY-26 12:36:00,EST-5,18-MAY-26 12:37:00,0,0,0,0,1.00K,0.00K,Public,62.00,EG,,,,,,,,,,.69,S,ROCHESTER,.69,S,ROCHESTER,41.06,-86.22,41.06,-86.22,"A line of severe thunderstorms exited Illinois and tracked through Indiana and southern Michigan. Wind gusts near 60 mph were reported, downing trees and powerlines.",Photo on Facebook showing a large tree uprooted.,CSV
202605,18,1318,202605,18,1318,212012,1328069,INDIANA,18,2026,May,Thunderstorm Wind,C,109,MORGAN,IND,18-MAY-26 13:18:00,EST-5,18-MAY-26 13:18:00,0,0,0,0,25.00K,0.00K,Law Enforcement,52.00,EG,,,,,,,,,,.53,E,CROWN CENTER,.53,E,CROWN CENTER,39.58,-86.59,39.58,-86.59,"During the 18th midday and afternoon hours, a fast-moving line of severe thunderstorms swept through central Indiana, producing widespread damaging straight line winds.  The severe weather entered the western portions of the IND CWA shortly after 1200 EST, with initial damage reported in Parke and Clay Counties where multiple trees and three power poles were downed.  The line tracked quickly eastward through the early afternoon, impacting the Indianapolis metropolitan area and adjacent counties. Widespread wind damage to trees and utility lines was noted, particularly across Owen County where an estimated gust of 55 knots (63 mph) downed a significant number of trees and powerlines. Further north, an estimated 60 mph gust in Boone County was followed by a measured gust of 53 knots (61 mph) at the Indianapolis Executive Airport north of Zionsville at 1335 EST.  Power lines were also downed in Hamilton County before the primary severe wind threat subsided.||In addition to the damaging winds, torrential downpours dropped widespread 2.00 to 3.00 inches of rain across the region, producing significant areal and flash flooding from mid-afternoon into the evening.  Knox County was impacted first, where roughly 2.00 inches of rainfall caused water to flow over State Roads 58 and 67, flooded local intersections from Bruceville to Oaktown, and caused manholes to overflow. As the heavy rainfall progressed eastward, county-wide road flooding developed across Putnam, Hancock, Marion, and Owen Counties, with the latter reporting up to 3.00 inches.  The most severe hydrological impact occurred in Morgan County, where approximately 3.00 inches of rainfall inundated a residential home, requiring the deployment of sandbags to combat the rising floodwaters.",Several trees and powerlines downed by thunderstorm wind gusts across the county.,CSV
202605,16,1740,202605,16,1740,213430,1341777,INDIANA,18,2026,May,Thunderstorm Wind,C,19,CLARK,LMK,16-MAY-26 17:40:00,EST-5,16-MAY-26 17:40:00,0,0,0,0,,,911 Call Center,50.00,EG,,,,,,,,,,3,NE,CHARLESTOWN,3,NE,CHARLESTOWN,38.48,-85.63,38.48,-85.63,"During the afternoon and early evening hours on May 16th, a Mesoscale Convective Vortex moved from west-southwest to east-northeast across the lower Ohio Valley, providing forcing for scattered showers and thunderstorms to develop. Thunderstorms were able to feed off of a seasonably high amount of instability, with around 2000 J/kg Mixed-Layer CAPE present in the pre-storm environment. While synoptic scale ridging over the southeast US meant that large scale flow was fairly weak, the MCV provided a mesoscale enhancement to the wind shear profile, with around 30-35 knots of effective shear supporting organized multicell clusters. Scattered strong to severe storms moved across southern Indiana, producing several reports of quarter sized hail and downed trees.",Power lines were downed by strong winds on Tunnel Mill Road.,CSV
202602,3,700,202602,3,1800,211239,1319850,INDIANA,18,2026,February,Winter Storm,Z,80,SWITZERLAND,ILN,03-FEB-26 07:00:00,EST-5,03-FEB-26 18:00:00,0,0,0,0,,,Public,,,,,,,,,,,,,,,,,,,,,,"Low level frontogenesis developed ahead of a cold front, and an upper level shortwave provided lift to create snow showers as it passed.",A report of 3.5 inches of snow was received from the Vevay area.,CSV
202601,26,1000,202601,26,1900,209604,1312706,INDIANA,18,2026,January,Extreme Cold/Wind Chill,Z,53,OWEN,IND,26-JAN-26 10:00:00,EST-5,26-JAN-26 19:00:00,0,0,0,0,,,AWOS,,,,,,,,,,,,,,,,,,,,,,"A deep upper trough reinforced by a series of short waves plunging arctic air through interior North America, maintained persistent anomalous cold over central Indiana through January's final week, which was enhanced by a deep snow pack over most zones.  Temperatures from early on the 26th through the 31st most often ranged from negative single digits up to the teens to around 20 degrees, with isolated periods featuring minimum temperatures as low as -20 degrees, or maxmum temperatures as low as widespread single digits on the 26th.  Corresponding sustained winds were most often under 10 mph when resultant wind chills approached or exceeded the negative 20 degree criteria, although higher speeds of 10-20 mph occasionally occurred, especially on the 26th.  The only criteria temperature observation was in Randoph County on the morning of the 30th.||Criteria wind chills were most prevalent during both the 26th daytime and the 26-27th overnight, occurring in 22 of the region's 39 counties during both periods.  Extreme cold occurred again in 15 zones within the 28th's AM hours.  Further extreme cold was confined within the same four central to northeast central Indiana counties, during overnights of both the 28-29th and 29-30th;  although wind chill values just shy of criteria were scattered across mainly northern portions of central Indiana.  A final period of extreme cold occurred prior to dawn on February 1st in two counties.  Overall, 29 central Indiana counties observed extreme cold during at least one period, and 16 of these zones observed criteria on at least 3 periods, most often the 26th through the 28th.  Spatial distribution of extreme cold was most consistent over the region's north-central quadrant, while exhibiting a subtle trend from all west-central zones on the 26th to a few east-central zones thereafter.","On the 26th daytime, temperatures were as low as -3F, while breezy winds were sustained up to around 10 mph...resulting in marginally extreme wind chills as low as -20F.",CSV
202601,26,700,202601,28,900,209604,1314140,INDIANA,18,2026,January,Extreme Cold/Wind Chill,Z,31,HOWARD,IND,26-JAN-26 07:00:00,EST-5,28-JAN-26 09:00:00,0,0,0,0,,,Mesonet,,,,,,,,,,,,,,,,,,,,,,"A deep upper trough reinforced by a series of short waves plunging arctic air through interior North America, maintained persistent anomalous cold over central Indiana through January's final week, which was enhanced by a deep snow pack over most zones.  Temperatures from early on the 26th through the 31st most often ranged from negative single digits up to the teens to around 20 degrees, with isolated periods featuring minimum temperatures as low as -20 degrees, or maxmum temperatures as low as widespread single digits on the 26th.  Corresponding sustained winds were most often under 10 mph when resultant wind chills approached or exceeded the negative 20 degree criteria, although higher speeds of 10-20 mph occasionally occurred, especially on the 26th.  The only criteria temperature observation was in Randoph County on the morning of the 30th.||Criteria wind chills were most prevalent during both the 26th daytime and the 26-27th overnight, occurring in 22 of the region's 39 counties during both periods.  Extreme cold occurred again in 15 zones within the 28th's AM hours.  Further extreme cold was confined within the same four central to northeast central Indiana counties, during overnights of both the 28-29th and 29-30th;  although wind chill values just shy of criteria were scattered across mainly northern portions of central Indiana.  A final period of extreme cold occurred prior to dawn on February 1st in two counties.  Overall, 29 central Indiana counties observed extreme cold during at least one period, and 16 of these zones observed criteria on at least 3 periods, most often the 26th through the 28th.  Spatial distribution of extreme cold was most consistent over the region's north-central quadrant, while exhibiting a subtle trend from all west-central zones on the 26th to a few east-central zones thereafter.","On the 26th morning into the early evening, temperatures were as low as -4F, with sustained winds around 15 mph...resulting in extreme wind chills as low as -24F.  During the 26th late evening into the overnight, temperatures were as low as -3F, with sustained winds around 10-15 mph...resulting in marginally extreme wind chills as low as -21F.  During the 28th pre-dawn and early morning hours, temperatures were as low as -8, with sustained winds around 5 mph...resulting in marginally extreme wind chills as low as -20F.",CSV
202602,6,900,202602,6,1300,211249,1319897,INDIANA,18,2026,February,Winter Weather,Z,73,RIPLEY,ILN,06-FEB-26 09:00:00,EST-5,06-FEB-26 13:00:00,0,0,0,0,,,Emergency Manager,,,,,,,,,,,,,,,,,,,,,,"A clipper system crossed southeast through the region during the day, starting near daybreak. Snow quickly tapered off from northwest to southeast during the afternoon, and was banded in nature within the northwest-southeast axis.","In Batesville, the EMA measured 1.3 inches of snow.",CSV
202601,26,800,202601,26,1900,209604,1312708,INDIANA,18,2026,January,Extreme Cold/Wind Chill,Z,44,PARKE,IND,26-JAN-26 08:00:00,EST-5,26-JAN-26 19:00:00,0,0,0,0,,,COOP Observer,,,,,,,,,,,,,,,,,,,,,,"A deep upper trough reinforced by a series of short waves plunging arctic air through interior North America, maintained persistent anomalous cold over central Indiana through January's final week, which was enhanced by a deep snow pack over most zones.  Temperatures from early on the 26th through the 31st most often ranged from negative single digits up to the teens to around 20 degrees, with isolated periods featuring minimum temperatures as low as -20 degrees, or maxmum temperatures as low as widespread single digits on the 26th.  Corresponding sustained winds were most often under 10 mph when resultant wind chills approached or exceeded the negative 20 degree criteria, although higher speeds of 10-20 mph occasionally occurred, especially on the 26th.  The only criteria temperature observation was in Randoph County on the morning of the 30th.||Criteria wind chills were most prevalent during both the 26th daytime and the 26-27th overnight, occurring in 22 of the region's 39 counties during both periods.  Extreme cold occurred again in 15 zones within the 28th's AM hours.  Further extreme cold was confined within the same four central to northeast central Indiana counties, during overnights of both the 28-29th and 29-30th;  although wind chill values just shy of criteria were scattered across mainly northern portions of central Indiana.  A final period of extreme cold occurred prior to dawn on February 1st in two counties.  Overall, 29 central Indiana counties observed extreme cold during at least one period, and 16 of these zones observed criteria on at least 3 periods, most often the 26th through the 28th.  Spatial distribution of extreme cold was most consistent over the region's north-central quadrant, while exhibiting a subtle trend from all west-central zones on the 26th to a few east-central zones thereafter.","On the 26th daytime, temperatures were as low as -7F, while breezy winds were sustained around 5-10 mph...resulting in extreme wind chills as low as -23F.",CSV
202601,26,1000,202601,28,900,209604,1314141,INDIANA,18,2026,January,Extreme Cold/Wind Chill,Z,40,MADISON,IND,26-JAN-26 10:00:00,EST-5,28-JAN-26 09:00:00,0,0,0,0,,,Mesonet,,,,,,,,,,,,,,,,,,,,,,"A deep upper trough reinforced by a series of short waves plunging arctic air through interior North America, maintained persistent anomalous cold over central Indiana through January's final week, which was enhanced by a deep snow pack over most zones.  Temperatures from early on the 26th through the 31st most often ranged from negative single digits up to the teens to around 20 degrees, with isolated periods featuring minimum temperatures as low as -20 degrees, or maxmum temperatures as low as widespread single digits on the 26th.  Corresponding sustained winds were most often under 10 mph when resultant wind chills approached or exceeded the negative 20 degree criteria, although higher speeds of 10-20 mph occasionally occurred, especially on the 26th.  The only criteria temperature observation was in Randoph County on the morning of the 30th.||Criteria wind chills were most prevalent during both the 26th daytime and the 26-27th overnight, occurring in 22 of the region's 39 counties during both periods.  Extreme cold occurred again in 15 zones within the 28th's AM hours.  Further extreme cold was confined within the same four central to northeast central Indiana counties, during overnights of both the 28-29th and 29-30th;  although wind chill values just shy of criteria were scattered across mainly northern portions of central Indiana.  A final period of extreme cold occurred prior to dawn on February 1st in two counties.  Overall, 29 central Indiana counties observed extreme cold during at least one period, and 16 of these zones observed criteria on at least 3 periods, most often the 26th through the 28th.  Spatial distribution of extreme cold was most consistent over the region's north-central quadrant, while exhibiting a subtle trend from all west-central zones on the 26th to a few east-central zones thereafter.","On the 26th late morning into the early evening, temperatures were as low as -1F, with sustained winds around 15-20 mph...resulting in marginally extreme wind chills as low as -22F.  During the 26th late evening into the overnight, temperatures were as low as -1F, with sustained winds around 20 mph...resulting in extreme wind chills as low as -24F.  During the 28th pre-dawn and early morning hours, temperatures were as low as -8, with sustained winds around 5-10 mph...resulting in extreme wind chills as low as -23F.",CSV
202601,26,700,202601,26,1900,209604,1312712,INDIANA,18,2026,January,Extreme Cold/Wind Chill,Z,45,PUTNAM,IND,26-JAN-26 07:00:00,EST-5,26-JAN-26 19:00:00,0,0,0,0,,,Mesonet,,,,,,,,,,,,,,,,,,,,,,"A deep upper trough reinforced by a series of short waves plunging arctic air through interior North America, maintained persistent anomalous cold over central Indiana through January's final week, which was enhanced by a deep snow pack over most zones.  Temperatures from early on the 26th through the 31st most often ranged from negative single digits up to the teens to around 20 degrees, with isolated periods featuring minimum temperatures as low as -20 degrees, or maxmum temperatures as low as widespread single digits on the 26th.  Corresponding sustained winds were most often under 10 mph when resultant wind chills approached or exceeded the negative 20 degree criteria, although higher speeds of 10-20 mph occasionally occurred, especially on the 26th.  The only criteria temperature observation was in Randoph County on the morning of the 30th.||Criteria wind chills were most prevalent during both the 26th daytime and the 26-27th overnight, occurring in 22 of the region's 39 counties during both periods.  Extreme cold occurred again in 15 zones within the 28th's AM hours.  Further extreme cold was confined within the same four central to northeast central Indiana counties, during overnights of both the 28-29th and 29-30th;  although wind chill values just shy of criteria were scattered across mainly northern portions of central Indiana.  A final period of extreme cold occurred prior to dawn on February 1st in two counties.  Overall, 29 central Indiana counties observed extreme cold during at least one period, and 16 of these zones observed criteria on at least 3 periods, most often the 26th through the 28th.  Spatial distribution of extreme cold was most consistent over the region's north-central quadrant, while exhibiting a subtle trend from all west-central zones on the 26th to a few east-central zones thereafter.","On the 26th daytime, temperatures were as low as -4F, while breezy winds were sustained up to around 15 mph...resulting in extreme wind chills as low as -24F.",CSV
202601,26,830,202601,28,700,209604,1314142,INDIANA,18,2026,January,Extreme Cold/Wind Chill,Z,47,MARION,IND,26-JAN-26 08:30:00,EST-5,28-JAN-26 07:00:00,0,0,0,0,,,Mesonet,,,,,,,,,,,,,,,,,,,,,,"A deep upper trough reinforced by a series of short waves plunging arctic air through interior North America, maintained persistent anomalous cold over central Indiana through January's final week, which was enhanced by a deep snow pack over most zones.  Temperatures from early on the 26th through the 31st most often ranged from negative single digits up to the teens to around 20 degrees, with isolated periods featuring minimum temperatures as low as -20 degrees, or maxmum temperatures as low as widespread single digits on the 26th.  Corresponding sustained winds were most often under 10 mph when resultant wind chills approached or exceeded the negative 20 degree criteria, although higher speeds of 10-20 mph occasionally occurred, especially on the 26th.  The only criteria temperature observation was in Randoph County on the morning of the 30th.||Criteria wind chills were most prevalent during both the 26th daytime and the 26-27th overnight, occurring in 22 of the region's 39 counties during both periods.  Extreme cold occurred again in 15 zones within the 28th's AM hours.  Further extreme cold was confined within the same four central to northeast central Indiana counties, during overnights of both the 28-29th and 29-30th;  although wind chill values just shy of criteria were scattered across mainly northern portions of central Indiana.  A final period of extreme cold occurred prior to dawn on February 1st in two counties.  Overall, 29 central Indiana counties observed extreme cold during at least one period, and 16 of these zones observed criteria on at least 3 periods, most often the 26th through the 28th.  Spatial distribution of extreme cold was most consistent over the region's north-central quadrant, while exhibiting a subtle trend from all west-central zones on the 26th to a few east-central zones thereafter.","On the 26th morning into the early evening, temperatures were as low as -3F, with sustained winds around 10-15 mph...resulting in marginally extreme wind chills as low as -22F.  During the 26th late evening into the overnight, temperatures were as low as -2F, with sustained winds around 10-15 mph...resulting in marginally extreme wind chills as low as -20F.  During the 28th pre-dawn hours, temperatures were as low as -5, with sustained winds around 10 mph...resulting in marginally extreme wind chills as low as -21F.",CSV
202602,20,1158,202602,20,1158,210330,1312122,INDIANA,18,2026,February,High Wind,Z,1,LAKE,LOT,20-FEB-26 11:58:00,CST-6,20-FEB-26 11:58:00,0,0,0,0,0.00K,0.00K,Broadcast Media,50.00,EG,,,,,,,,,,,,,,,,,,,,Strong winds were frequently gusting as high as 50 mph on February 20th with a few higher gusts. A portion of a roof of a daycare center was torn off in Dyer.  The damage to the roof compromised a gas line causing a leak and prompting evacuations.,,CSV
202601,26,730,202601,26,1900,209604,1312713,INDIANA,18,2026,January,Extreme Cold/Wind Chill,Z,43,VERMILLION,IND,26-JAN-26 07:30:00,EST-5,26-JAN-26 19:00:00,0,0,0,0,,,Mesonet,,,,,,,,,,,,,,,,,,,,,,"A deep upper trough reinforced by a series of short waves plunging arctic air through interior North America, maintained persistent anomalous cold over central Indiana through January's final week, which was enhanced by a deep snow pack over most zones.  Temperatures from early on the 26th through the 31st most often ranged from negative single digits up to the teens to around 20 degrees, with isolated periods featuring minimum temperatures as low as -20 degrees, or maxmum temperatures as low as widespread single digits on the 26th.  Corresponding sustained winds were most often under 10 mph when resultant wind chills approached or exceeded the negative 20 degree criteria, although higher speeds of 10-20 mph occasionally occurred, especially on the 26th.  The only criteria temperature observation was in Randoph County on the morning of the 30th.||Criteria wind chills were most prevalent during both the 26th daytime and the 26-27th overnight, occurring in 22 of the region's 39 counties during both periods.  Extreme cold occurred again in 15 zones within the 28th's AM hours.  Further extreme cold was confined within the same four central to northeast central Indiana counties, during overnights of both the 28-29th and 29-30th;  although wind chill values just shy of criteria were scattered across mainly northern portions of central Indiana.  A final period of extreme cold occurred prior to dawn on February 1st in two counties.  Overall, 29 central Indiana counties observed extreme cold during at least one period, and 16 of these zones observed criteria on at least 3 periods, most often the 26th through the 28th.  Spatial distribution of extreme cold was most consistent over the region's north-central quadrant, while exhibiting a subtle trend from all west-central zones on the 26th to a few east-central zones thereafter.","On the 26th daytime, temperatures were as low as -5F, while breezy winds were sustained up to around 10 mph...resulting in extreme wind chills as low as -23F.",CSV
202601,26,700,202601,28,930,209604,1314143,INDIANA,18,2026,January,Extreme Cold/Wind Chill,Z,36,MONTGOMERY,IND,26-JAN-26 07:00:00,EST-5,28-JAN-26 09:30:00,0,0,0,0,,,Mesonet,,,,,,,,,,,,,,,,,,,,,,"A deep upper trough reinforced by a series of short waves plunging arctic air through interior North America, maintained persistent anomalous cold over central Indiana through January's final week, which was enhanced by a deep snow pack over most zones.  Temperatures from early on the 26th through the 31st most often ranged from negative single digits up to the teens to around 20 degrees, with isolated periods featuring minimum temperatures as low as -20 degrees, or maxmum temperatures as low as widespread single digits on the 26th.  Corresponding sustained winds were most often under 10 mph when resultant wind chills approached or exceeded the negative 20 degree criteria, although higher speeds of 10-20 mph occasionally occurred, especially on the 26th.  The only criteria temperature observation was in Randoph County on the morning of the 30th.||Criteria wind chills were most prevalent during both the 26th daytime and the 26-27th overnight, occurring in 22 of the region's 39 counties during both periods.  Extreme cold occurred again in 15 zones within the 28th's AM hours.  Further extreme cold was confined within the same four central to northeast central Indiana counties, during overnights of both the 28-29th and 29-30th;  although wind chill values just shy of criteria were scattered across mainly northern portions of central Indiana.  A final period of extreme cold occurred prior to dawn on February 1st in two counties.  Overall, 29 central Indiana counties observed extreme cold during at least one period, and 16 of these zones observed criteria on at least 3 periods, most often the 26th through the 28th.  Spatial distribution of extreme cold was most consistent over the region's north-central quadrant, while exhibiting a subtle trend from all west-central zones on the 26th to a few east-central zones thereafter.","On the 26th morning into the early evening, temperatures were as low as -6F, with sustained winds around 10-15 mph...resulting in extreme wind chills as low as -25F.  During the 26th late evening into the overnight, temperatures were as low as -5F, with sustained winds around 10 mph...resulting in marginally extreme wind chills as low as -21F.  During the 28th pre-dawn and morning hours, temperatures were as low as -13, with sustained winds around 5 mph...resulting in extreme wind chills as low as -25F.",CSV
202602,19,400,202602,19,401,209540,1311950,INDIANA,18,2026,February,Hail,C,17,CASS,IWX,19-FEB-26 04:00:00,EST-5,19-FEB-26 04:01:00,0,0,0,0,0.00K,0.00K,Public,1.00,,,,,,,,,,,.69,S,LAKE CICOTT,.69,S,LAKE CICOTT,40.76,-86.52,40.76,-86.52,"Increasing theta-e, steep mid level lapse rates, strong shear and limited MUCAPE allowed for the development of several thunderstorms which moved from White county to northern portions of Allen county during the morning hours. Additional storms developed in the afternoon. Low freezing levels and the elements noted above resulted in efficient hail producing storms, with one in particular leaving a swath of 1 to 2 inches of pea size or larger hail along its path. A few severe level hail stones were reported.",Picture shared by EMA of an estimated one inch diameter hail stone.,CSV
202602,19,406,202602,19,407,209540,1311951,INDIANA,18,2026,February,Hail,C,17,CASS,IWX,19-FEB-26 04:06:00,EST-5,19-FEB-26 04:07:00,0,0,0,0,0.00K,0.00K,Public,0.88,,,,,,,,,,,.52,W,KENNETH,.52,W,KENNETH,40.75,-86.48,40.75,-86.48,"Increasing theta-e, steep mid level lapse rates, strong shear and limited MUCAPE allowed for the development of several thunderstorms which moved from White county to northern portions of Allen county during the morning hours. Additional storms developed in the afternoon. Low freezing levels and the elements noted above resulted in efficient hail producing storms, with one in particular leaving a swath of 1 to 2 inches of pea size or larger hail along its path. A few severe level hail stones were reported.","Picture from the public relayed by EMA, west of France Park.",CSV
202602,19,412,202602,19,413,209540,1311952,INDIANA,18,2026,February,Hail,C,17,CASS,IWX,19-FEB-26 04:12:00,EST-5,19-FEB-26 04:13:00,0,0,0,0,0.00K,0.00K,Emergency Manager,1.00,,,,,,,,,,,1.48,NNE,DUNKIRK,1.48,NNE,DUNKIRK,40.77,-86.39,40.77,-86.39,"Increasing theta-e, steep mid level lapse rates, strong shear and limited MUCAPE allowed for the development of several thunderstorms which moved from White county to northern portions of Allen county during the morning hours. Additional storms developed in the afternoon. Low freezing levels and the elements noted above resulted in efficient hail producing storms, with one in particular leaving a swath of 1 to 2 inches of pea size or larger hail along its path. A few severe level hail stones were reported.",Picture of at least quarter size hail shared by EMA.,CSV
202602,19,430,202602,19,431,209540,1311953,INDIANA,18,2026,February,Hail,C,17,CASS,IWX,19-FEB-26 04:30:00,EST-5,19-FEB-26 04:31:00,0,0,0,0,0.00K,0.00K,Emergency Manager,1.00,,,,,,,,,,,.69,S,HOOVER,.69,S,HOOVER,40.81,-86.2,40.81,-86.2,"Increasing theta-e, steep mid level lapse rates, strong shear and limited MUCAPE allowed for the development of several thunderstorms which moved from White county to northern portions of Allen county during the morning hours. Additional storms developed in the afternoon. Low freezing levels and the elements noted above resulted in efficient hail producing storms, with one in particular leaving a swath of 1 to 2 inches of pea size or larger hail along its path. A few severe level hail stones were reported.",Picture of at least quarter size hail sent by EMA.,CSV
202601,26,1000,202601,26,1900,209604,1312715,INDIANA,18,2026,January,Extreme Cold/Wind Chill,Z,51,VIGO,IND,26-JAN-26 10:00:00,EST-5,26-JAN-26 19:00:00,0,0,0,0,,,Mesonet,,,,,,,,,,,,,,,,,,,,,,"A deep upper trough reinforced by a series of short waves plunging arctic air through interior North America, maintained persistent anomalous cold over central Indiana through January's final week, which was enhanced by a deep snow pack over most zones.  Temperatures from early on the 26th through the 31st most often ranged from negative single digits up to the teens to around 20 degrees, with isolated periods featuring minimum temperatures as low as -20 degrees, or maxmum temperatures as low as widespread single digits on the 26th.  Corresponding sustained winds were most often under 10 mph when resultant wind chills approached or exceeded the negative 20 degree criteria, although higher speeds of 10-20 mph occasionally occurred, especially on the 26th.  The only criteria temperature observation was in Randoph County on the morning of the 30th.||Criteria wind chills were most prevalent during both the 26th daytime and the 26-27th overnight, occurring in 22 of the region's 39 counties during both periods.  Extreme cold occurred again in 15 zones within the 28th's AM hours.  Further extreme cold was confined within the same four central to northeast central Indiana counties, during overnights of both the 28-29th and 29-30th;  although wind chill values just shy of criteria were scattered across mainly northern portions of central Indiana.  A final period of extreme cold occurred prior to dawn on February 1st in two counties.  Overall, 29 central Indiana counties observed extreme cold during at least one period, and 16 of these zones observed criteria on at least 3 periods, most often the 26th through the 28th.  Spatial distribution of extreme cold was most consistent over the region's north-central quadrant, while exhibiting a subtle trend from all west-central zones on the 26th to a few east-central zones thereafter.","On the 26th daytime, temperatures were as low as -3F, while breezy winds were sustained as high as 10-15 mph...resulting in marginally extreme wind chills as low as -21F.",CSV
202601,26,700,202601,28,930,209604,1314144,INDIANA,18,2026,January,Extreme Cold/Wind Chill,Z,29,TIPPECANOE,IND,26-JAN-26 07:00:00,EST-5,28-JAN-26 09:30:00,0,0,0,0,,,Mesonet,,,,,,,,,,,,,,,,,,,,,,"A deep upper trough reinforced by a series of short waves plunging arctic air through interior North America, maintained persistent anomalous cold over central Indiana through January's final week, which was enhanced by a deep snow pack over most zones.  Temperatures from early on the 26th through the 31st most often ranged from negative single digits up to the teens to around 20 degrees, with isolated periods featuring minimum temperatures as low as -20 degrees, or maxmum temperatures as low as widespread single digits on the 26th.  Corresponding sustained winds were most often under 10 mph when resultant wind chills approached or exceeded the negative 20 degree criteria, although higher speeds of 10-20 mph occasionally occurred, especially on the 26th.  The only criteria temperature observation was in Randoph County on the morning of the 30th.||Criteria wind chills were most prevalent during both the 26th daytime and the 26-27th overnight, occurring in 22 of the region's 39 counties during both periods.  Extreme cold occurred again in 15 zones within the 28th's AM hours.  Further extreme cold was confined within the same four central to northeast central Indiana counties, during overnights of both the 28-29th and 29-30th;  although wind chill values just shy of criteria were scattered across mainly northern portions of central Indiana.  A final period of extreme cold occurred prior to dawn on February 1st in two counties.  Overall, 29 central Indiana counties observed extreme cold during at least one period, and 16 of these zones observed criteria on at least 3 periods, most often the 26th through the 28th.  Spatial distribution of extreme cold was most consistent over the region's north-central quadrant, while exhibiting a subtle trend from all west-central zones on the 26th to a few east-central zones thereafter.","On the 26th morning into the early evening, temperatures were as low as -6F, with sustained winds around 10-15 mph...resulting in extreme wind chills as low as -25F.  During the 26th late evening into the overnight, temperatures were as low as -3F, with sustained winds around 10-15 mph...resulting in marginally extreme wind chills as low as -21F.  During the 28th pre-dawn and morning hours, temperatures were as low as -9, with sustained winds around 5 mph...resulting in marginally extreme wind chills as low as -22F.",CSV
202602,19,505,202602,19,506,209540,1311954,INDIANA,18,2026,February,Hail,C,169,WABASH,IWX,19-FEB-26 05:05:00,EST-5,19-FEB-26 05:06:00,0,0,0,0,0.00K,0.00K,Emergency Manager,1.50,,,,,,,,,,,1.48,NNW,WABASH,1.48,NNW,WABASH,40.82,-85.83,40.82,-85.83,"Increasing theta-e, steep mid level lapse rates, strong shear and limited MUCAPE allowed for the development of several thunderstorms which moved from White county to northern portions of Allen county during the morning hours. Additional storms developed in the afternoon. Low freezing levels and the elements noted above resulted in efficient hail producing storms, with one in particular leaving a swath of 1 to 2 inches of pea size or larger hail along its path. A few severe level hail stones were reported.",Emergency management officials report hail completely covering the ground with stones ranging from one half to one and a half inch in diameter.,CSV
202602,19,515,202602,19,516,209540,1311955,INDIANA,18,2026,February,Hail,C,169,WABASH,IWX,19-FEB-26 05:15:00,EST-5,19-FEB-26 05:16:00,0,0,0,0,0.00K,0.00K,Public,1.00,,,,,,,,,,,0,N,NORTH MANCHESTER,0,N,NORTH MANCHESTER,41,-85.77,41,-85.77,"Increasing theta-e, steep mid level lapse rates, strong shear and limited MUCAPE allowed for the development of several thunderstorms which moved from White county to northern portions of Allen county during the morning hours. Additional storms developed in the afternoon. Low freezing levels and the elements noted above resulted in efficient hail producing storms, with one in particular leaving a swath of 1 to 2 inches of pea size or larger hail along its path. A few severe level hail stones were reported.",,CSV
202602,19,532,202602,19,533,209540,1311956,INDIANA,18,2026,February,Hail,C,183,WHITLEY,IWX,19-FEB-26 05:32:00,EST-5,19-FEB-26 05:33:00,0,0,0,0,0.00K,0.00K,Emergency Manager,0.75,,,,,,,,,,,.87,NW,SOUTH WHITLEY,.87,NW,SOUTH WHITLEY,41.09,-85.63,41.09,-85.63,"Increasing theta-e, steep mid level lapse rates, strong shear and limited MUCAPE allowed for the development of several thunderstorms which moved from White county to northern portions of Allen county during the morning hours. Additional storms developed in the afternoon. Low freezing levels and the elements noted above resulted in efficient hail producing storms, with one in particular leaving a swath of 1 to 2 inches of pea size or larger hail along its path. A few severe level hail stones were reported.",Video and pictures shared of at least penny size hail in South Whitley.,CSV
202602,19,546,202602,19,547,209540,1311957,INDIANA,18,2026,February,Hail,C,183,WHITLEY,IWX,19-FEB-26 05:46:00,EST-5,19-FEB-26 05:47:00,0,0,0,0,0.00K,0.00K,Public,1.25,,,,,,,,,,,1.56,E,PEABODY,1.56,E,PEABODY,41.08,-85.49,41.08,-85.49,"Increasing theta-e, steep mid level lapse rates, strong shear and limited MUCAPE allowed for the development of several thunderstorms which moved from White county to northern portions of Allen county during the morning hours. Additional storms developed in the afternoon. Low freezing levels and the elements noted above resulted in efficient hail producing storms, with one in particular leaving a swath of 1 to 2 inches of pea size or larger hail along its path. A few severe level hail stones were reported.",,CSV
202601,26,2300,202601,27,200,209604,1312718,INDIANA,18,2026,January,Extreme Cold/Wind Chill,Z,64,BARTHOLOMEW,IND,26-JAN-26 23:00:00,EST-5,27-JAN-26 02:00:00,0,0,0,0,,,Mesonet,,,,,,,,,,,,,,,,,,,,,,"A deep upper trough reinforced by a series of short waves plunging arctic air through interior North America, maintained persistent anomalous cold over central Indiana through January's final week, which was enhanced by a deep snow pack over most zones.  Temperatures from early on the 26th through the 31st most often ranged from negative single digits up to the teens to around 20 degrees, with isolated periods featuring minimum temperatures as low as -20 degrees, or maxmum temperatures as low as widespread single digits on the 26th.  Corresponding sustained winds were most often under 10 mph when resultant wind chills approached or exceeded the negative 20 degree criteria, although higher speeds of 10-20 mph occasionally occurred, especially on the 26th.  The only criteria temperature observation was in Randoph County on the morning of the 30th.||Criteria wind chills were most prevalent during both the 26th daytime and the 26-27th overnight, occurring in 22 of the region's 39 counties during both periods.  Extreme cold occurred again in 15 zones within the 28th's AM hours.  Further extreme cold was confined within the same four central to northeast central Indiana counties, during overnights of both the 28-29th and 29-30th;  although wind chill values just shy of criteria were scattered across mainly northern portions of central Indiana.  A final period of extreme cold occurred prior to dawn on February 1st in two counties.  Overall, 29 central Indiana counties observed extreme cold during at least one period, and 16 of these zones observed criteria on at least 3 periods, most often the 26th through the 28th.  Spatial distribution of extreme cold was most consistent over the region's north-central quadrant, while exhibiting a subtle trend from all west-central zones on the 26th to a few east-central zones thereafter.","Temperatures during the 26-27th overnight were as low as 0F, while breezy winds were sustained as high as 15-20 mph...resulting in marginally extreme wind chills as low as -20F.",CSV
202601,26,700,202601,28,800,209604,1314145,INDIANA,18,2026,January,Extreme Cold/Wind Chill,Z,28,WARREN,IND,26-JAN-26 07:00:00,EST-5,28-JAN-26 08:00:00,0,0,0,0,,,Mesonet,,,,,,,,,,,,,,,,,,,,,,"A deep upper trough reinforced by a series of short waves plunging arctic air through interior North America, maintained persistent anomalous cold over central Indiana through January's final week, which was enhanced by a deep snow pack over most zones.  Temperatures from early on the 26th through the 31st most often ranged from negative single digits up to the teens to around 20 degrees, with isolated periods featuring minimum temperatures as low as -20 degrees, or maxmum temperatures as low as widespread single digits on the 26th.  Corresponding sustained winds were most often under 10 mph when resultant wind chills approached or exceeded the negative 20 degree criteria, although higher speeds of 10-20 mph occasionally occurred, especially on the 26th.  The only criteria temperature observation was in Randoph County on the morning of the 30th.||Criteria wind chills were most prevalent during both the 26th daytime and the 26-27th overnight, occurring in 22 of the region's 39 counties during both periods.  Extreme cold occurred again in 15 zones within the 28th's AM hours.  Further extreme cold was confined within the same four central to northeast central Indiana counties, during overnights of both the 28-29th and 29-30th;  although wind chill values just shy of criteria were scattered across mainly northern portions of central Indiana.  A final period of extreme cold occurred prior to dawn on February 1st in two counties.  Overall, 29 central Indiana counties observed extreme cold during at least one period, and 16 of these zones observed criteria on at least 3 periods, most often the 26th through the 28th.  Spatial distribution of extreme cold was most consistent over the region's north-central quadrant, while exhibiting a subtle trend from all west-central zones on the 26th to a few east-central zones thereafter.","On the 26th morning into the early evening, temperatures were as low as -6F, with sustained winds around 10 mph...resulting in extreme wind chills as low as -23F.  During the 26th late evening into the overnight, temperatures were as low as 0F, with sustained winds around 15 mph...resulting in marginally extreme wind chills as low as -20F.  During the 28th pre-dawn and early morning hours, temperatures were as low as -8, with sustained winds around 5 mph...resulting in marginally extreme wind chills as low as -21F.",CSV
202602,19,546,202602,19,547,209540,1311958,INDIANA,18,2026,February,Hail,C,183,WHITLEY,IWX,19-FEB-26 05:46:00,EST-5,19-FEB-26 05:47:00,0,0,0,0,0.00K,0.00K,CoCoRaHS,1.50,,,,,,,,,,,2.19,WNW,RABER,2.19,WNW,RABER,41.09,-85.47,41.09,-85.47,"Increasing theta-e, steep mid level lapse rates, strong shear and limited MUCAPE allowed for the development of several thunderstorms which moved from White county to northern portions of Allen county during the morning hours. Additional storms developed in the afternoon. Low freezing levels and the elements noted above resulted in efficient hail producing storms, with one in particular leaving a swath of 1 to 2 inches of pea size or larger hail along its path. A few severe level hail stones were reported.",CoCoRaHS observer measured at least one hailstone just over 1.5 inches in diameter.,CSV
202602,19,555,202602,19,556,209540,1311959,INDIANA,18,2026,February,Hail,C,3,ALLEN,IWX,19-FEB-26 05:55:00,EST-5,19-FEB-26 05:56:00,0,0,0,0,0.00K,0.00K,Public,0.75,,,,,,,,,,,2.19,WSW,CEDARVILLE,2.19,WSW,CEDARVILLE,41.19,-85.06,41.19,-85.06,"Increasing theta-e, steep mid level lapse rates, strong shear and limited MUCAPE allowed for the development of several thunderstorms which moved from White county to northern portions of Allen county during the morning hours. Additional storms developed in the afternoon. Low freezing levels and the elements noted above resulted in efficient hail producing storms, with one in particular leaving a swath of 1 to 2 inches of pea size or larger hail along its path. A few severe level hail stones were reported.",,CSV
202602,19,555,202602,19,556,209540,1311960,INDIANA,18,2026,February,Hail,C,183,WHITLEY,IWX,19-FEB-26 05:55:00,EST-5,19-FEB-26 05:56:00,0,0,0,0,0.00K,0.00K,NWS Employee,1.00,,,,,,,,,,,1.48,NNW,COLUMBIA CITY ARPT,1.48,NNW,COLUMBIA CITY ARPT,41.14,-85.43,41.14,-85.43,"Increasing theta-e, steep mid level lapse rates, strong shear and limited MUCAPE allowed for the development of several thunderstorms which moved from White county to northern portions of Allen county during the morning hours. Additional storms developed in the afternoon. Low freezing levels and the elements noted above resulted in efficient hail producing storms, with one in particular leaving a swath of 1 to 2 inches of pea size or larger hail along its path. A few severe level hail stones were reported.",Off duty NWS employee reports lots of mainly pea size hail with a few larger stones up to quarter size noted.,CSV
202602,19,601,202602,19,602,209540,1311961,INDIANA,18,2026,February,Hail,C,3,ALLEN,IWX,19-FEB-26 06:01:00,EST-5,19-FEB-26 06:02:00,0,0,0,0,0.00K,0.00K,Public,1.25,,,,,,,,,,,1.48,NNW,ARCOLA,1.48,NNW,ARCOLA,41.12,-85.31,41.12,-85.31,"Increasing theta-e, steep mid level lapse rates, strong shear and limited MUCAPE allowed for the development of several thunderstorms which moved from White county to northern portions of Allen county during the morning hours. Additional storms developed in the afternoon. Low freezing levels and the elements noted above resulted in efficient hail producing storms, with one in particular leaving a swath of 1 to 2 inches of pea size or larger hail along its path. A few severe level hail stones were reported.",,CSV
202602,19,2230,202602,20,30,209948,1309480,INDIANA,18,2026,February,Flood,C,47,FRANKLIN,ILN,19-FEB-26 22:30:00,EST-5,20-FEB-26 00:30:00,0,0,0,0,0.00K,0.00K,State Official,,,Heavy Rain,,,,,,,,,1.56,WNW,BROOKVILLE,1.36,WNW,BROOKVILLE,39.432,-85.0449,39.4297,-85.0422,Showers and embedded thunderstorms produced locally heavy rainfall along a boundary that was stalled out over the Ohio Valley.,High water was reported across U.S. Route 52 and Landfill Road.,CSV
202602,19,2230,202602,20,30,209948,1309481,INDIANA,18,2026,February,Flood,C,47,FRANKLIN,ILN,19-FEB-26 22:30:00,EST-5,20-FEB-26 00:30:00,0,0,0,0,0.00K,0.00K,State Official,,,Heavy Rain,,,,,,,,,1.75,NW,DREWERSBURG,2.03,NW,DREWERSBURG,39.35,-84.84,39.35,-84.8478,Showers and embedded thunderstorms produced locally heavy rainfall along a boundary that was stalled out over the Ohio Valley.,High water was reported across portions of Mortashed Road.,CSV
202601,26,2300,202601,27,200,209604,1312722,INDIANA,18,2026,January,Extreme Cold/Wind Chill,Z,65,DECATUR,IND,26-JAN-26 23:00:00,EST-5,27-JAN-26 02:00:00,0,0,0,0,,,Mesonet,,,,,,,,,,,,,,,,,,,,,,"A deep upper trough reinforced by a series of short waves plunging arctic air through interior North America, maintained persistent anomalous cold over central Indiana through January's final week, which was enhanced by a deep snow pack over most zones.  Temperatures from early on the 26th through the 31st most often ranged from negative single digits up to the teens to around 20 degrees, with isolated periods featuring minimum temperatures as low as -20 degrees, or maxmum temperatures as low as widespread single digits on the 26th.  Corresponding sustained winds were most often under 10 mph when resultant wind chills approached or exceeded the negative 20 degree criteria, although higher speeds of 10-20 mph occasionally occurred, especially on the 26th.  The only criteria temperature observation was in Randoph County on the morning of the 30th.||Criteria wind chills were most prevalent during both the 26th daytime and the 26-27th overnight, occurring in 22 of the region's 39 counties during both periods.  Extreme cold occurred again in 15 zones within the 28th's AM hours.  Further extreme cold was confined within the same four central to northeast central Indiana counties, during overnights of both the 28-29th and 29-30th;  although wind chill values just shy of criteria were scattered across mainly northern portions of central Indiana.  A final period of extreme cold occurred prior to dawn on February 1st in two counties.  Overall, 29 central Indiana counties observed extreme cold during at least one period, and 16 of these zones observed criteria on at least 3 periods, most often the 26th through the 28th.  Spatial distribution of extreme cold was most consistent over the region's north-central quadrant, while exhibiting a subtle trend from all west-central zones on the 26th to a few east-central zones thereafter.","Temperatures during the 26-27th overnight were as low as 2F, while breezy winds were sustained as high as 20-25 mph...resulting in marginally extreme wind chills as low as -21F.",CSV
202601,26,800,202601,30,900,209604,1314146,INDIANA,18,2026,January,Extreme Cold/Wind Chill,Z,37,BOONE,IND,26-JAN-26 08:00:00,EST-5,30-JAN-26 09:00:00,0,0,0,0,,,AWOS,,,,,,,,,,,,,,,,,,,,,,"A deep upper trough reinforced by a series of short waves plunging arctic air through interior North America, maintained persistent anomalous cold over central Indiana through January's final week, which was enhanced by a deep snow pack over most zones.  Temperatures from early on the 26th through the 31st most often ranged from negative single digits up to the teens to around 20 degrees, with isolated periods featuring minimum temperatures as low as -20 degrees, or maxmum temperatures as low as widespread single digits on the 26th.  Corresponding sustained winds were most often under 10 mph when resultant wind chills approached or exceeded the negative 20 degree criteria, although higher speeds of 10-20 mph occasionally occurred, especially on the 26th.  The only criteria temperature observation was in Randoph County on the morning of the 30th.||Criteria wind chills were most prevalent during both the 26th daytime and the 26-27th overnight, occurring in 22 of the region's 39 counties during both periods.  Extreme cold occurred again in 15 zones within the 28th's AM hours.  Further extreme cold was confined within the same four central to northeast central Indiana counties, during overnights of both the 28-29th and 29-30th;  although wind chill values just shy of criteria were scattered across mainly northern portions of central Indiana.  A final period of extreme cold occurred prior to dawn on February 1st in two counties.  Overall, 29 central Indiana counties observed extreme cold during at least one period, and 16 of these zones observed criteria on at least 3 periods, most often the 26th through the 28th.  Spatial distribution of extreme cold was most consistent over the region's north-central quadrant, while exhibiting a subtle trend from all west-central zones on the 26th to a few east-central zones thereafter.","On the 26th morning into the early evening, temperatures were as low as -5F, with sustained winds around 15 mph...resulting in extreme wind chills as low as -25F.  During the 26th late evening into the overnight, temperatures were as low as -4F, with sustained winds around 10 mph...resulting in marginally extreme wind chills as low as -21F.  During the 28th pre-dawn and morning hours, temperatures were as low as -10, with sustained winds around 5 mph...resulting in extreme wind chills as low as -24F.  During the 29th late evening, temperatures were as low as -20F, with light sustained winds...resulting in marginally extreme wind chills as low as -20F.",CSV
202601,8,2000,202601,8,2300,209193,1314577,INDIANA,18,2026,January,Strong Wind,Z,82,PIKE,PAH,08-JAN-26 20:00:00,CST-6,08-JAN-26 23:00:00,0,0,0,0,1.00K,0.00K,AWOS,35.00,EG,,,,,,,,,,,,,,,,,,,,Breezy southerly winds shifted to southwesterly later into the evening of the 8th ahead of a cold frontal passage. Scattered showers and thunderstorms developed during the late evening hours in Southwest Indiana. Gusty gradient winds of near and above 40mph developed in portions of Southwest Indiana during the evening ahead of those storms.,,CSV
202601,8,2000,202601,8,2300,209193,1314578,INDIANA,18,2026,January,Strong Wind,Z,87,WARRICK,PAH,08-JAN-26 20:00:00,CST-6,08-JAN-26 23:00:00,0,0,0,0,1.00K,0.00K,AWOS,35.00,EG,,,,,,,,,,,,,,,,,,,,Breezy southerly winds shifted to southwesterly later into the evening of the 8th ahead of a cold frontal passage. Scattered showers and thunderstorms developed during the late evening hours in Southwest Indiana. Gusty gradient winds of near and above 40mph developed in portions of Southwest Indiana during the evening ahead of those storms.,,CSV
202601,8,2000,202601,8,2300,209193,1314579,INDIANA,18,2026,January,Strong Wind,Z,88,SPENCER,PAH,08-JAN-26 20:00:00,CST-6,08-JAN-26 23:00:00,0,0,0,0,1.00K,0.00K,AWOS,35.00,EG,,,,,,,,,,,,,,,,,,,,Breezy southerly winds shifted to southwesterly later into the evening of the 8th ahead of a cold frontal passage. Scattered showers and thunderstorms developed during the late evening hours in Southwest Indiana. Gusty gradient winds of near and above 40mph developed in portions of Southwest Indiana during the evening ahead of those storms.,,CSV
202602,19,621,202602,19,622,209540,1311962,INDIANA,18,2026,February,Hail,C,3,ALLEN,IWX,19-FEB-26 06:21:00,EST-5,19-FEB-26 06:22:00,0,0,0,0,0.00K,0.00K,Public,1.25,,,,,,,,,,,1.38,N,WALLEN,1.38,N,WALLEN,41.19,-85.17,41.19,-85.17,"Increasing theta-e, steep mid level lapse rates, strong shear and limited MUCAPE allowed for the development of several thunderstorms which moved from White county to northern portions of Allen county during the morning hours. Additional storms developed in the afternoon. Low freezing levels and the elements noted above resulted in efficient hail producing storms, with one in particular leaving a swath of 1 to 2 inches of pea size or larger hail along its path. A few severe level hail stones were reported.",Pictures shared on Facebook of lots of smaller hail stones and at least one stone roughly the size of a half dollar.,CSV
202602,19,631,202602,19,632,209540,1311963,INDIANA,18,2026,February,Hail,C,3,ALLEN,IWX,19-FEB-26 06:31:00,EST-5,19-FEB-26 06:32:00,0,0,0,0,0.00K,0.00K,Public,1.00,,,,,,,,,,,2.19,WSW,CEDARVILLE,2.19,WSW,CEDARVILLE,41.19,-85.06,41.19,-85.06,"Increasing theta-e, steep mid level lapse rates, strong shear and limited MUCAPE allowed for the development of several thunderstorms which moved from White county to northern portions of Allen county during the morning hours. Additional storms developed in the afternoon. Low freezing levels and the elements noted above resulted in efficient hail producing storms, with one in particular leaving a swath of 1 to 2 inches of pea size or larger hail along its path. A few severe level hail stones were reported.",,CSV
202602,19,633,202602,19,634,209540,1311964,INDIANA,18,2026,February,Hail,C,3,ALLEN,IWX,19-FEB-26 06:33:00,EST-5,19-FEB-26 06:34:00,0,0,0,0,0.00K,0.00K,Public,1.00,,,,,,,,,,,.86,SW,CEDARVILLE,.86,SW,CEDARVILLE,41.19,-85.03,41.19,-85.03,"Increasing theta-e, steep mid level lapse rates, strong shear and limited MUCAPE allowed for the development of several thunderstorms which moved from White county to northern portions of Allen county during the morning hours. Additional storms developed in the afternoon. Low freezing levels and the elements noted above resulted in efficient hail producing storms, with one in particular leaving a swath of 1 to 2 inches of pea size or larger hail along its path. A few severe level hail stones were reported.",,CSV
202602,19,639,202602,19,640,209540,1311965,INDIANA,18,2026,February,Hail,C,3,ALLEN,IWX,19-FEB-26 06:39:00,EST-5,19-FEB-26 06:40:00,0,0,0,0,0.00K,0.00K,Public,1.00,,,,,,,,,,,.69,N,CEDARVILLE,.69,N,CEDARVILLE,41.21,-85.02,41.21,-85.02,"Increasing theta-e, steep mid level lapse rates, strong shear and limited MUCAPE allowed for the development of several thunderstorms which moved from White county to northern portions of Allen county during the morning hours. Additional storms developed in the afternoon. Low freezing levels and the elements noted above resulted in efficient hail producing storms, with one in particular leaving a swath of 1 to 2 inches of pea size or larger hail along its path. A few severe level hail stones were reported.",Reported as a tonnie sized hailstone (1.1 inches in diameter).,CSV
202602,19,910,202602,19,911,209540,1311966,INDIANA,18,2026,February,Hail,C,17,CASS,IWX,19-FEB-26 09:10:00,EST-5,19-FEB-26 09:11:00,0,0,0,0,0.00K,0.00K,Public,1.50,,,,,,,,,,,1.05,E,DUNKIRK,1.05,E,DUNKIRK,40.75,-86.38,40.75,-86.38,"Increasing theta-e, steep mid level lapse rates, strong shear and limited MUCAPE allowed for the development of several thunderstorms which moved from White county to northern portions of Allen county during the morning hours. Additional storms developed in the afternoon. Low freezing levels and the elements noted above resulted in efficient hail producing storms, with one in particular leaving a swath of 1 to 2 inches of pea size or larger hail along its path. A few severe level hail stones were reported.",,CSV
202601,26,2200,202601,27,300,209604,1312723,INDIANA,18,2026,January,Extreme Cold/Wind Chill,Z,49,HENRY,IND,26-JAN-26 22:00:00,EST-5,27-JAN-26 03:00:00,0,0,0,0,,,Mesonet,,,,,,,,,,,,,,,,,,,,,,"A deep upper trough reinforced by a series of short waves plunging arctic air through interior North America, maintained persistent anomalous cold over central Indiana through January's final week, which was enhanced by a deep snow pack over most zones.  Temperatures from early on the 26th through the 31st most often ranged from negative single digits up to the teens to around 20 degrees, with isolated periods featuring minimum temperatures as low as -20 degrees, or maxmum temperatures as low as widespread single digits on the 26th.  Corresponding sustained winds were most often under 10 mph when resultant wind chills approached or exceeded the negative 20 degree criteria, although higher speeds of 10-20 mph occasionally occurred, especially on the 26th.  The only criteria temperature observation was in Randoph County on the morning of the 30th.||Criteria wind chills were most prevalent during both the 26th daytime and the 26-27th overnight, occurring in 22 of the region's 39 counties during both periods.  Extreme cold occurred again in 15 zones within the 28th's AM hours.  Further extreme cold was confined within the same four central to northeast central Indiana counties, during overnights of both the 28-29th and 29-30th;  although wind chill values just shy of criteria were scattered across mainly northern portions of central Indiana.  A final period of extreme cold occurred prior to dawn on February 1st in two counties.  Overall, 29 central Indiana counties observed extreme cold during at least one period, and 16 of these zones observed criteria on at least 3 periods, most often the 26th through the 28th.  Spatial distribution of extreme cold was most consistent over the region's north-central quadrant, while exhibiting a subtle trend from all west-central zones on the 26th to a few east-central zones thereafter.","Temperatures during the 26-27th overnight were as low as 0F, while breezy winds were sustained up to around 20 mph...resulting in marginally extreme wind chills as low as -22F.",CSV
202601,26,700,202601,30,900,209604,1314147,INDIANA,18,2026,January,Extreme Cold/Wind Chill,Z,48,HANCOCK,IND,26-JAN-26 07:00:00,EST-5,30-JAN-26 09:00:00,0,0,0,0,,,AWOS,,,,,,,,,,,,,,,,,,,,,,"A deep upper trough reinforced by a series of short waves plunging arctic air through interior North America, maintained persistent anomalous cold over central Indiana through January's final week, which was enhanced by a deep snow pack over most zones.  Temperatures from early on the 26th through the 31st most often ranged from negative single digits up to the teens to around 20 degrees, with isolated periods featuring minimum temperatures as low as -20 degrees, or maxmum temperatures as low as widespread single digits on the 26th.  Corresponding sustained winds were most often under 10 mph when resultant wind chills approached or exceeded the negative 20 degree criteria, although higher speeds of 10-20 mph occasionally occurred, especially on the 26th.  The only criteria temperature observation was in Randoph County on the morning of the 30th.||Criteria wind chills were most prevalent during both the 26th daytime and the 26-27th overnight, occurring in 22 of the region's 39 counties during both periods.  Extreme cold occurred again in 15 zones within the 28th's AM hours.  Further extreme cold was confined within the same four central to northeast central Indiana counties, during overnights of both the 28-29th and 29-30th;  although wind chill values just shy of criteria were scattered across mainly northern portions of central Indiana.  A final period of extreme cold occurred prior to dawn on February 1st in two counties.  Overall, 29 central Indiana counties observed extreme cold during at least one period, and 16 of these zones observed criteria on at least 3 periods, most often the 26th through the 28th.  Spatial distribution of extreme cold was most consistent over the region's north-central quadrant, while exhibiting a subtle trend from all west-central zones on the 26th to a few east-central zones thereafter.","During the 26th late evening into the overnight, temperatures were as low as -2F, with sustained winds around 15 mph...resulting in marginally extreme wind chills as low as -21F.  During the 28th pre-dawn and morning hours, temperatures were as low as -10, with sustained winds around 5 mph...resulting in marginally extreme wind chills as low as -22F.  During the 30th pre-dawn and early morning, temperatures were as low as -22F, with light sustained winds...resulting in marginally extreme wind chills as low as -22F.",CSV
202601,24,1100,202601,25,2000,210224,1311169,INDIANA,18,2026,January,Winter Storm,Z,84,CRAWFORD,LMK,24-JAN-26 11:00:00,EST-5,25-JAN-26 20:00:00,0,0,0,0,,,Public,,,,,,,,,,,,,,,,,,,,,,"A major winter storm produced heavy snow and sleet accumulation in southern Indiana January 24-26, 2026. A strong low pressure system moved through the Ohio Valley. The storm featured strong frontogenetical forcing in the mid-levels of the atmosphere, which led to heavy snowfall rates and banding. A layer of warm air aloft streamed northward through central Kentucky and into far southern Indiana, changing precipitation over to sleet for a short period of time in some counties. The winter storm dropped a swath of heavy snow and sleet totaling 6 to 13 inches across southern Indiana. A frigid airmass moved in following the storm, contributing to enhanced societal impact due to a combination of snow-covered roads and dangerously cold wind chills. The impact of this winter storm was felt for weeks following the event.",Heavy snow and sleet totaling 6 to 11 inches fell across Crawford County.,CSV
202602,19,1315,202602,19,1316,209540,1311967,INDIANA,18,2026,February,Hail,C,69,HUNTINGTON,IWX,19-FEB-26 13:15:00,EST-5,19-FEB-26 13:16:00,0,0,0,0,0.00K,0.00K,Public,1.00,,,,,,,,,,,2.09,NW,HUNTINGTON,2.09,NW,HUNTINGTON,40.9,-85.51,40.9,-85.51,"Increasing theta-e, steep mid level lapse rates, strong shear and limited MUCAPE allowed for the development of several thunderstorms which moved from White county to northern portions of Allen county during the morning hours. Additional storms developed in the afternoon. Low freezing levels and the elements noted above resulted in efficient hail producing storms, with one in particular leaving a swath of 1 to 2 inches of pea size or larger hail along its path. A few severe level hail stones were reported.",Lots of smaller hail with a few hailstones to the size of quarters.,CSV
202602,19,1345,202602,19,1346,209540,1311968,INDIANA,18,2026,February,Hail,C,179,WELLS,IWX,19-FEB-26 13:45:00,EST-5,19-FEB-26 13:46:00,0,0,0,0,0.00K,0.00K,CoCoRaHS,1.00,,,,,,,,,,,2.09,W,OSSIAN,2.09,W,OSSIAN,40.88,-85.21,40.88,-85.21,"Increasing theta-e, steep mid level lapse rates, strong shear and limited MUCAPE allowed for the development of several thunderstorms which moved from White county to northern portions of Allen county during the morning hours. Additional storms developed in the afternoon. Low freezing levels and the elements noted above resulted in efficient hail producing storms, with one in particular leaving a swath of 1 to 2 inches of pea size or larger hail along its path. A few severe level hail stones were reported.",Hail up to the size of quarters fell for 20 minutes.,CSV
202602,19,1411,202602,19,1412,209540,1311969,INDIANA,18,2026,February,Hail,C,179,WELLS,IWX,19-FEB-26 14:11:00,EST-5,19-FEB-26 14:12:00,0,0,0,0,0.00K,0.00K,Trained Spotter,1.00,,,,,,,,,,,1.57,E,OSSIAN,1.57,E,OSSIAN,40.88,-85.14,40.88,-85.14,"Increasing theta-e, steep mid level lapse rates, strong shear and limited MUCAPE allowed for the development of several thunderstorms which moved from White county to northern portions of Allen county during the morning hours. Additional storms developed in the afternoon. Low freezing levels and the elements noted above resulted in efficient hail producing storms, with one in particular leaving a swath of 1 to 2 inches of pea size or larger hail along its path. A few severe level hail stones were reported.",,CSV
202602,19,1053,202602,19,1054,209540,1311970,INDIANA,18,2026,February,Thunderstorm Wind,C,39,ELKHART,IWX,19-FEB-26 10:53:00,EST-5,19-FEB-26 10:54:00,0,0,0,0,0.00K,0.00K,ASOS,58.00,MG,,,,,,,,,,.86,NW,BENTON,.86,NW,BENTON,41.53,-85.78,41.53,-85.78,"Increasing theta-e, steep mid level lapse rates, strong shear and limited MUCAPE allowed for the development of several thunderstorms which moved from White county to northern portions of Allen county during the morning hours. Additional storms developed in the afternoon. Low freezing levels and the elements noted above resulted in efficient hail producing storms, with one in particular leaving a swath of 1 to 2 inches of pea size or larger hail along its path. A few severe level hail stones were reported.",Recorded at the Goshen Airport.,CSV
202601,26,2200,202601,27,300,209604,1312724,INDIANA,18,2026,January,Extreme Cold/Wind Chill,Z,55,JOHNSON,IND,26-JAN-26 22:00:00,EST-5,27-JAN-26 03:00:00,0,0,0,0,,,ASOS,,,,,,,,,,,,,,,,,,,,,,"A deep upper trough reinforced by a series of short waves plunging arctic air through interior North America, maintained persistent anomalous cold over central Indiana through January's final week, which was enhanced by a deep snow pack over most zones.  Temperatures from early on the 26th through the 31st most often ranged from negative single digits up to the teens to around 20 degrees, with isolated periods featuring minimum temperatures as low as -20 degrees, or maxmum temperatures as low as widespread single digits on the 26th.  Corresponding sustained winds were most often under 10 mph when resultant wind chills approached or exceeded the negative 20 degree criteria, although higher speeds of 10-20 mph occasionally occurred, especially on the 26th.  The only criteria temperature observation was in Randoph County on the morning of the 30th.||Criteria wind chills were most prevalent during both the 26th daytime and the 26-27th overnight, occurring in 22 of the region's 39 counties during both periods.  Extreme cold occurred again in 15 zones within the 28th's AM hours.  Further extreme cold was confined within the same four central to northeast central Indiana counties, during overnights of both the 28-29th and 29-30th;  although wind chill values just shy of criteria were scattered across mainly northern portions of central Indiana.  A final period of extreme cold occurred prior to dawn on February 1st in two counties.  Overall, 29 central Indiana counties observed extreme cold during at least one period, and 16 of these zones observed criteria on at least 3 periods, most often the 26th through the 28th.  Spatial distribution of extreme cold was most consistent over the region's north-central quadrant, while exhibiting a subtle trend from all west-central zones on the 26th to a few east-central zones thereafter.","Temperatures during the 26-27th overnight were as low as -2F, while breezy winds were sustained up to around 15 mph...resulting in marginally extreme wind chills as low as -22F.",CSV
202601,26,700,202601,30,800,209604,1314148,INDIANA,18,2026,January,Extreme Cold/Wind Chill,Z,56,SHELBY,IND,26-JAN-26 07:00:00,EST-5,30-JAN-26 08:00:00,0,0,0,0,,,ASOS,,,,,,,,,,,,,,,,,,,,,,"A deep upper trough reinforced by a series of short waves plunging arctic air through interior North America, maintained persistent anomalous cold over central Indiana through January's final week, which was enhanced by a deep snow pack over most zones.  Temperatures from early on the 26th through the 31st most often ranged from negative single digits up to the teens to around 20 degrees, with isolated periods featuring minimum temperatures as low as -20 degrees, or maxmum temperatures as low as widespread single digits on the 26th.  Corresponding sustained winds were most often under 10 mph when resultant wind chills approached or exceeded the negative 20 degree criteria, although higher speeds of 10-20 mph occasionally occurred, especially on the 26th.  The only criteria temperature observation was in Randoph County on the morning of the 30th.||Criteria wind chills were most prevalent during both the 26th daytime and the 26-27th overnight, occurring in 22 of the region's 39 counties during both periods.  Extreme cold occurred again in 15 zones within the 28th's AM hours.  Further extreme cold was confined within the same four central to northeast central Indiana counties, during overnights of both the 28-29th and 29-30th;  although wind chill values just shy of criteria were scattered across mainly northern portions of central Indiana.  A final period of extreme cold occurred prior to dawn on February 1st in two counties.  Overall, 29 central Indiana counties observed extreme cold during at least one period, and 16 of these zones observed criteria on at least 3 periods, most often the 26th through the 28th.  Spatial distribution of extreme cold was most consistent over the region's north-central quadrant, while exhibiting a subtle trend from all west-central zones on the 26th to a few east-central zones thereafter.","During the 26th late evening into the overnight, temperatures were as low as -2F, with sustained winds around 15-20 mph...resulting in extreme wind chills as low as -23F.  During the 28th pre-dawn and morning hours, temperatures were as low as -9F, with sustained winds around 5 mph...resulting in marginally extreme wind chills as low as -22F.  During the 29th early morning temperatures were as low as -13F, with sustained winds 5 mph or less...resulting in occasional extreme wind chills as low as -25F.  During the 30th pre-dawn hours, temperatures were as low as -9F, with sustained winds around 5 mph...resulting in marginally extreme wind chills as low as -21F.",CSV
202602,6,300,202602,6,900,209559,1319816,INDIANA,18,2026,February,Winter Weather,Z,5,ELKHART,IWX,06-FEB-26 03:00:00,EST-5,06-FEB-26 09:00:00,0,0,0,0,0.00K,0.00K,CoCoRaHS,,,,,,,,,,,,,,,,,,,,,,"A fast moving system produced 3 to 6 inches of snow from portions of northwest Indiana into far northeast Indiana. Most of the heavier snow accumulation occurred roughly along a line from South Bend, IN to Fort Wayne, IN. The timing of the event produced moderate to high impacts for the morning commute.","Bands of snow produced 2 to 5 inches of snow accumulation during the early morning hours of February 6th. Snowfall rates briefly reached as high as 1 to 2 inches per hour in association with the heavier bands of snow. A snowfall report of 3.7 inches was received from a CoCoRaHS observer 3 miles west southwest of Goshen, IN. The morning commute was impacted with numerous slide-offs and accidents reported across the region.",CSV
202602,6,400,202602,6,900,209559,1319818,INDIANA,18,2026,February,Winter Weather,Z,8,NOBLE,IWX,06-FEB-26 04:00:00,EST-5,06-FEB-26 09:00:00,0,0,0,0,0.00K,0.00K,CoCoRaHS,,,,,,,,,,,,,,,,,,,,,,"A fast moving system produced 3 to 6 inches of snow from portions of northwest Indiana into far northeast Indiana. Most of the heavier snow accumulation occurred roughly along a line from South Bend, IN to Fort Wayne, IN. The timing of the event produced moderate to high impacts for the morning commute.","Bands of snow produced 2 to 5 inches of snow accumulation during the early morning hours of February 6th. Snowfall rates briefly reached as high as 1 to 2 inches per hour in association with the heavier bands of snow. A snowfall report of 2.1 inches was received from a CoCoRaHS observer 2.9 miles south of Albion, IN. The morning commute was impacted with numerous slide-offs and accidents reported across the region.",CSV
202602,6,400,202602,6,900,209559,1319819,INDIANA,18,2026,February,Winter Weather,Z,17,WHITLEY,IWX,06-FEB-26 04:00:00,EST-5,06-FEB-26 09:00:00,0,0,0,0,0.00K,0.00K,CoCoRaHS,,,,,,,,,,,,,,,,,,,,,,"A fast moving system produced 3 to 6 inches of snow from portions of northwest Indiana into far northeast Indiana. Most of the heavier snow accumulation occurred roughly along a line from South Bend, IN to Fort Wayne, IN. The timing of the event produced moderate to high impacts for the morning commute.","Bands of snow produced 2 to 5 inches of snow accumulation during the early morning hours of February 6th. Snowfall rates briefly reached as high as 1 to 2 inches per hour in association with the heavier bands of snow. A snowfall report of 3.5 inches was received from a CoCoRaHS observer 3 miles north of Tri Lakes, IN. The morning commute was impacted with numerous slide-offs and accidents reported across the region.",CSV
202602,6,400,202602,6,900,209559,1319820,INDIANA,18,2026,February,Winter Weather,Z,18,ALLEN,IWX,06-FEB-26 04:00:00,EST-5,06-FEB-26 09:00:00,0,0,0,0,0.00K,0.00K,Official NWS Observations,,,,,,,,,,,,,,,,,,,,,,"A fast moving system produced 3 to 6 inches of snow from portions of northwest Indiana into far northeast Indiana. Most of the heavier snow accumulation occurred roughly along a line from South Bend, IN to Fort Wayne, IN. The timing of the event produced moderate to high impacts for the morning commute.","Bands of snow produced 2 to 5 inches of snow accumulation during the early morning hours of February 6th. Snowfall rates briefly reached as high as 1 to 2 inches per hour in association with the heavier bands of snow. An NWS official observation of 3 inches of snowfall was reported from the Fort Wayne International Airport in Fort Wayne, IN. The morning commute was impacted with numerous slide-offs and accidents reported across the region.",CSV
202601,26,2200,202601,27,300,209604,1312725,INDIANA,18,2026,January,Extreme Cold/Wind Chill,Z,57,RUSH,IND,26-JAN-26 22:00:00,EST-5,27-JAN-26 03:00:00,0,0,0,0,,,Mesonet,,,,,,,,,,,,,,,,,,,,,,"A deep upper trough reinforced by a series of short waves plunging arctic air through interior North America, maintained persistent anomalous cold over central Indiana through January's final week, which was enhanced by a deep snow pack over most zones.  Temperatures from early on the 26th through the 31st most often ranged from negative single digits up to the teens to around 20 degrees, with isolated periods featuring minimum temperatures as low as -20 degrees, or maxmum temperatures as low as widespread single digits on the 26th.  Corresponding sustained winds were most often under 10 mph when resultant wind chills approached or exceeded the negative 20 degree criteria, although higher speeds of 10-20 mph occasionally occurred, especially on the 26th.  The only criteria temperature observation was in Randoph County on the morning of the 30th.||Criteria wind chills were most prevalent during both the 26th daytime and the 26-27th overnight, occurring in 22 of the region's 39 counties during both periods.  Extreme cold occurred again in 15 zones within the 28th's AM hours.  Further extreme cold was confined within the same four central to northeast central Indiana counties, during overnights of both the 28-29th and 29-30th;  although wind chill values just shy of criteria were scattered across mainly northern portions of central Indiana.  A final period of extreme cold occurred prior to dawn on February 1st in two counties.  Overall, 29 central Indiana counties observed extreme cold during at least one period, and 16 of these zones observed criteria on at least 3 periods, most often the 26th through the 28th.  Spatial distribution of extreme cold was most consistent over the region's north-central quadrant, while exhibiting a subtle trend from all west-central zones on the 26th to a few east-central zones thereafter.","Temperatures during the 26-27th overnight were as low as 0F, while breezy winds were sustained up to around 20 mph...resulting in extreme wind chills as low as -23F.",CSV
202601,26,1200,202601,30,1000,209604,1314149,INDIANA,18,2026,January,Extreme Cold/Wind Chill,Z,42,RANDOLPH,IND,26-JAN-26 12:00:00,EST-5,30-JAN-26 10:00:00,0,0,0,0,,,Mesonet,,,,,,,,,,,,,,,,,,,,,,"A deep upper trough reinforced by a series of short waves plunging arctic air through interior North America, maintained persistent anomalous cold over central Indiana through January's final week, which was enhanced by a deep snow pack over most zones.  Temperatures from early on the 26th through the 31st most often ranged from negative single digits up to the teens to around 20 degrees, with isolated periods featuring minimum temperatures as low as -20 degrees, or maxmum temperatures as low as widespread single digits on the 26th.  Corresponding sustained winds were most often under 10 mph when resultant wind chills approached or exceeded the negative 20 degree criteria, although higher speeds of 10-20 mph occasionally occurred, especially on the 26th.  The only criteria temperature observation was in Randoph County on the morning of the 30th.||Criteria wind chills were most prevalent during both the 26th daytime and the 26-27th overnight, occurring in 22 of the region's 39 counties during both periods.  Extreme cold occurred again in 15 zones within the 28th's AM hours.  Further extreme cold was confined within the same four central to northeast central Indiana counties, during overnights of both the 28-29th and 29-30th;  although wind chill values just shy of criteria were scattered across mainly northern portions of central Indiana.  A final period of extreme cold occurred prior to dawn on February 1st in two counties.  Overall, 29 central Indiana counties observed extreme cold during at least one period, and 16 of these zones observed criteria on at least 3 periods, most often the 26th through the 28th.  Spatial distribution of extreme cold was most consistent over the region's north-central quadrant, while exhibiting a subtle trend from all west-central zones on the 26th to a few east-central zones thereafter.","During the 26th afternoon into the early evening, temperatures were as low as -3F, with sustained winds around 10-15 mph...resulting in marginally extreme wind chills as low as -21F.  During the 26th late evening into the overnight, temperatures were as low as -2F, with sustained winds around 20 mph...resulting in extreme wind chills as low as -24F.  During the 30th pre-dawn to early morning, temperatures were as low as -25F, with sustained winds around 5 mph or less...resulting in extreme wind chills as low as -25F.",CSV
202602,6,400,202602,6,900,209559,1319821,INDIANA,18,2026,February,Winter Weather,Z,27,ADAMS,IWX,06-FEB-26 04:00:00,EST-5,06-FEB-26 09:00:00,0,0,0,0,0.00K,0.00K,Public,,,,,,,,,,,,,,,,,,,,,,"A fast moving system produced 3 to 6 inches of snow from portions of northwest Indiana into far northeast Indiana. Most of the heavier snow accumulation occurred roughly along a line from South Bend, IN to Fort Wayne, IN. The timing of the event produced moderate to high impacts for the morning commute.","Bands of snow produced 2 to 5 inches of snow accumulation during the early morning hours of February 6th. Snowfall rates briefly reached as high as 1 to 2 inches per hour in association with the heavier bands of snow.  A public report of 4 inches of snowfall was received 1 mile south southeast of Rivare, IN. The morning commute was impacted with numerous slide-offs and accidents reported across the region.",CSV
202602,6,400,202602,6,900,209559,1319822,INDIANA,18,2026,February,Winter Weather,Z,26,WELLS,IWX,06-FEB-26 04:00:00,EST-5,06-FEB-26 09:00:00,0,0,0,0,0.00K,0.00K,Public,,,,,,,,,,,,,,,,,,,,,,"A fast moving system produced 3 to 6 inches of snow from portions of northwest Indiana into far northeast Indiana. Most of the heavier snow accumulation occurred roughly along a line from South Bend, IN to Fort Wayne, IN. The timing of the event produced moderate to high impacts for the morning commute.","Bands of snow produced 2 to 5 inches of snow accumulation during the early morning hours of February 6th. Snowfall rates briefly reached as high as 1 to 2 inches per hour in association with the heavier bands of snow.  A public report of 3 inches of snowfall was received 4 miles north northwest of Uniondale, IN. The morning commute was impacted with numerous slide-offs and accidents reported across the region.",CSV
202601,26,800,202601,28,900,209604,1314133,INDIANA,18,2026,January,Extreme Cold/Wind Chill,Z,21,CARROLL,IND,26-JAN-26 08:00:00,EST-5,28-JAN-26 09:00:00,0,0,0,0,,,Mesonet,,,,,,,,,,,,,,,,,,,,,,"A deep upper trough reinforced by a series of short waves plunging arctic air through interior North America, maintained persistent anomalous cold over central Indiana through January's final week, which was enhanced by a deep snow pack over most zones.  Temperatures from early on the 26th through the 31st most often ranged from negative single digits up to the teens to around 20 degrees, with isolated periods featuring minimum temperatures as low as -20 degrees, or maxmum temperatures as low as widespread single digits on the 26th.  Corresponding sustained winds were most often under 10 mph when resultant wind chills approached or exceeded the negative 20 degree criteria, although higher speeds of 10-20 mph occasionally occurred, especially on the 26th.  The only criteria temperature observation was in Randoph County on the morning of the 30th.||Criteria wind chills were most prevalent during both the 26th daytime and the 26-27th overnight, occurring in 22 of the region's 39 counties during both periods.  Extreme cold occurred again in 15 zones within the 28th's AM hours.  Further extreme cold was confined within the same four central to northeast central Indiana counties, during overnights of both the 28-29th and 29-30th;  although wind chill values just shy of criteria were scattered across mainly northern portions of central Indiana.  A final period of extreme cold occurred prior to dawn on February 1st in two counties.  Overall, 29 central Indiana counties observed extreme cold during at least one period, and 16 of these zones observed criteria on at least 3 periods, most often the 26th through the 28th.  Spatial distribution of extreme cold was most consistent over the region's north-central quadrant, while exhibiting a subtle trend from all west-central zones on the 26th to a few east-central zones thereafter.","On the 26th morning into the early evening, temperatures were as low as -5F, with sustained winds around 10 mph...resulting in marginally extreme wind chills as low as -21F.  During the 26th late evening into the overnight, temperatures were as low as -4F, with sustained winds around 10 mph...resulting in marginally extreme wind chills as low as -21F.  During the 28th pre-dawn and early morning hours, temperatures were as low as -7, with sustained winds around 5-10 mph...resulting in marginally extreme wind chills as low as -22F.",CSV
202601,26,800,202601,27,200,209604,1314407,INDIANA,18,2026,January,Extreme Cold/Wind Chill,Z,38,TIPTON,IND,26-JAN-26 08:00:00,EST-5,27-JAN-26 02:00:00,0,0,0,0,,,Mesonet,,,,,,,,,,,,,,,,,,,,,,"A deep upper trough reinforced by a series of short waves plunging arctic air through interior North America, maintained persistent anomalous cold over central Indiana through January's final week, which was enhanced by a deep snow pack over most zones.  Temperatures from early on the 26th through the 31st most often ranged from negative single digits up to the teens to around 20 degrees, with isolated periods featuring minimum temperatures as low as -20 degrees, or maxmum temperatures as low as widespread single digits on the 26th.  Corresponding sustained winds were most often under 10 mph when resultant wind chills approached or exceeded the negative 20 degree criteria, although higher speeds of 10-20 mph occasionally occurred, especially on the 26th.  The only criteria temperature observation was in Randoph County on the morning of the 30th.||Criteria wind chills were most prevalent during both the 26th daytime and the 26-27th overnight, occurring in 22 of the region's 39 counties during both periods.  Extreme cold occurred again in 15 zones within the 28th's AM hours.  Further extreme cold was confined within the same four central to northeast central Indiana counties, during overnights of both the 28-29th and 29-30th;  although wind chill values just shy of criteria were scattered across mainly northern portions of central Indiana.  A final period of extreme cold occurred prior to dawn on February 1st in two counties.  Overall, 29 central Indiana counties observed extreme cold during at least one period, and 16 of these zones observed criteria on at least 3 periods, most often the 26th through the 28th.  Spatial distribution of extreme cold was most consistent over the region's north-central quadrant, while exhibiting a subtle trend from all west-central zones on the 26th to a few east-central zones thereafter.","On the 26th morning throuhg late day, temperatures were as low as -4F, while winds were sustained up to around 10 mph...resulting in marginally extreme wind chills as low as -21F.  On the 26-27th overnight, temperatures were as low as -2F, while winds were sustained up to around 15 mph...resulting in marginally extreme wind chills as low as -22F.",CSV
202601,26,700,202601,28,1000,209604,1314134,INDIANA,18,2026,January,Extreme Cold/Wind Chill,Z,30,CLINTON,IND,26-JAN-26 07:00:00,EST-5,28-JAN-26 10:00:00,0,0,0,0,,,Mesonet,,,,,,,,,,,,,,,,,,,,,,"A deep upper trough reinforced by a series of short waves plunging arctic air through interior North America, maintained persistent anomalous cold over central Indiana through January's final week, which was enhanced by a deep snow pack over most zones.  Temperatures from early on the 26th through the 31st most often ranged from negative single digits up to the teens to around 20 degrees, with isolated periods featuring minimum temperatures as low as -20 degrees, or maxmum temperatures as low as widespread single digits on the 26th.  Corresponding sustained winds were most often under 10 mph when resultant wind chills approached or exceeded the negative 20 degree criteria, although higher speeds of 10-20 mph occasionally occurred, especially on the 26th.  The only criteria temperature observation was in Randoph County on the morning of the 30th.||Criteria wind chills were most prevalent during both the 26th daytime and the 26-27th overnight, occurring in 22 of the region's 39 counties during both periods.  Extreme cold occurred again in 15 zones within the 28th's AM hours.  Further extreme cold was confined within the same four central to northeast central Indiana counties, during overnights of both the 28-29th and 29-30th;  although wind chill values just shy of criteria were scattered across mainly northern portions of central Indiana.  A final period of extreme cold occurred prior to dawn on February 1st in two counties.  Overall, 29 central Indiana counties observed extreme cold during at least one period, and 16 of these zones observed criteria on at least 3 periods, most often the 26th through the 28th.  Spatial distribution of extreme cold was most consistent over the region's north-central quadrant, while exhibiting a subtle trend from all west-central zones on the 26th to a few east-central zones thereafter.","On the 26th morning into the early evening, temperatures were as low as -5F, with sustained winds around 15 mph...resulting in extreme wind chills as low as -26F.  During the 26th late evening into the overnight, temperatures were as low as -4F, with sustained winds around 15-20 mph...resulting in marginally extreme wind chills as low as -21F.  During the 28th pre-dawn and morning hours, temperatures were as low as -7, with sustained winds around 10-15 mph...resulting in extreme wind chills as low as -26F.",CSV
202601,26,1100,202601,28,900,209604,1314135,INDIANA,18,2026,January,Extreme Cold/Wind Chill,Z,41,DELAWARE,IND,26-JAN-26 11:00:00,EST-5,28-JAN-26 09:00:00,0,0,0,0,,,Mesonet,,,,,,,,,,,,,,,,,,,,,,"A deep upper trough reinforced by a series of short waves plunging arctic air through interior North America, maintained persistent anomalous cold over central Indiana through January's final week, which was enhanced by a deep snow pack over most zones.  Temperatures from early on the 26th through the 31st most often ranged from negative single digits up to the teens to around 20 degrees, with isolated periods featuring minimum temperatures as low as -20 degrees, or maxmum temperatures as low as widespread single digits on the 26th.  Corresponding sustained winds were most often under 10 mph when resultant wind chills approached or exceeded the negative 20 degree criteria, although higher speeds of 10-20 mph occasionally occurred, especially on the 26th.  The only criteria temperature observation was in Randoph County on the morning of the 30th.||Criteria wind chills were most prevalent during both the 26th daytime and the 26-27th overnight, occurring in 22 of the region's 39 counties during both periods.  Extreme cold occurred again in 15 zones within the 28th's AM hours.  Further extreme cold was confined within the same four central to northeast central Indiana counties, during overnights of both the 28-29th and 29-30th;  although wind chill values just shy of criteria were scattered across mainly northern portions of central Indiana.  A final period of extreme cold occurred prior to dawn on February 1st in two counties.  Overall, 29 central Indiana counties observed extreme cold during at least one period, and 16 of these zones observed criteria on at least 3 periods, most often the 26th through the 28th.  Spatial distribution of extreme cold was most consistent over the region's north-central quadrant, while exhibiting a subtle trend from all west-central zones on the 26th to a few east-central zones thereafter.","On the 26th late morning into the early evening, temperatures were as low as 0F, with sustained winds around 15-20 mph...resulting in marginally extreme wind chills as low as -21F.  During the 26th late evening into the overnight, temperatures were as low as -1F, with sustained winds around 20 mph...resulting in extreme wind chills as low as -23F.  During the 28th pre-dawn and early morning hours, temperatures were as low as -7, with sustained winds around 5-10 mph...resulting in marginally extreme wind chills as low as -22F.",CSV
202601,24,1500,202601,25,1900,209603,1309875,INDIANA,18,2026,January,Heavy Snow,Z,47,MARION,IND,24-JAN-26 15:00:00,EST-5,25-JAN-26 19:00:00,0,0,0,1,,,CoCoRaHS,,,,,,,,,,,,,,,,,,,,,,"A large-strong low pressure system produced heavy snow across central Indiana January 24th through January 25th. Over a foot of snow fell in most counties across south-central Indiana. Indianapolis broke the daily record snowfall total on January 25th with 9.1 inches. The heavy snow led to 29 Travel Warnings, 9 Travel Watches, and 1 Travel Advisory.||Indiana State Police in the Indianapolis district alone responded to 264 crashes (33 with injuries), 158 slide-offs, and 529 motorist assists for vehicles stuck in snow or broken down from Saturday afternoon on January 24th through Tuesday morning on January 27th. Any accidents responded to by local entities would have been in addition to this number.",Snowfall amounts ranged from 9.5 to 12.0 inches. A Travel Warning was issued for the county due to the impacts of snow on road conditions.,CSV
202601,26,800,202601,28,900,209604,1314136,INDIANA,18,2026,January,Extreme Cold/Wind Chill,Z,35,FOUNTAIN,IND,26-JAN-26 08:00:00,EST-5,28-JAN-26 09:00:00,0,0,0,0,,,Mesonet,,,,,,,,,,,,,,,,,,,,,,"A deep upper trough reinforced by a series of short waves plunging arctic air through interior North America, maintained persistent anomalous cold over central Indiana through January's final week, which was enhanced by a deep snow pack over most zones.  Temperatures from early on the 26th through the 31st most often ranged from negative single digits up to the teens to around 20 degrees, with isolated periods featuring minimum temperatures as low as -20 degrees, or maxmum temperatures as low as widespread single digits on the 26th.  Corresponding sustained winds were most often under 10 mph when resultant wind chills approached or exceeded the negative 20 degree criteria, although higher speeds of 10-20 mph occasionally occurred, especially on the 26th.  The only criteria temperature observation was in Randoph County on the morning of the 30th.||Criteria wind chills were most prevalent during both the 26th daytime and the 26-27th overnight, occurring in 22 of the region's 39 counties during both periods.  Extreme cold occurred again in 15 zones within the 28th's AM hours.  Further extreme cold was confined within the same four central to northeast central Indiana counties, during overnights of both the 28-29th and 29-30th;  although wind chill values just shy of criteria were scattered across mainly northern portions of central Indiana.  A final period of extreme cold occurred prior to dawn on February 1st in two counties.  Overall, 29 central Indiana counties observed extreme cold during at least one period, and 16 of these zones observed criteria on at least 3 periods, most often the 26th through the 28th.  Spatial distribution of extreme cold was most consistent over the region's north-central quadrant, while exhibiting a subtle trend from all west-central zones on the 26th to a few east-central zones thereafter.","On the 26th morning into the early evening, temperatures were as low as -6F, with sustained winds around 10 mph...resulting in extreme wind chills as low as -23F.  During the 26th late evening into the overnight, temperatures were as low as -4F, with sustained winds around 5-10 mph...resulting in marginally extreme wind chills as low as -20F.  During the 28th pre-dawn and early morning hours, temperatures were as low as -10, with sustained winds around 5 mph...resulting in marginally extreme wind chills as low as -21F.",CSV
202601,24,0,202601,24,900,209602,1314406,INDIANA,18,2026,January,Cold/Wind Chill,Z,47,MARION,IND,24-JAN-26 00:00:00,EST-5,24-JAN-26 09:00:00,0,0,2,0,,,Mesonet,,,,,,,,,,,,,,,,,,,,,,"Following a period of sub-zero temperatures and lingering impacts from previous winter weather, most central Indiana counties remained under a deep arctic influence as the 23rd began. Skies remained relatively clear overnight as a potent arctic high-pressure system, centered over the Midwest, dominated the regional weather pattern.||West-northwest winds, sustained at 15���20 mph and gusting higher at times, ushered in a secondary surge of arctic air by pre-dawn on the 23rd. Ambient temperatures bottomed out between -2��F and 1��F across the northern and western tiers of central Indiana. These persistent breezes led to a primary period of criteria wind chills for several counties, including Warren, Clinton, Fountain, Tippecanoe, and Montgomery. Wind chills plummeted to between -21��F and -24��F within the 23rd 0730���1100 EST period, with the most extreme conditions centered in Montgomery County.","Temperatures on the morning of the 24th were as low as -3F, with winds sustained as high as 8 mph...resulting in wind chills as low as -18F.",CSV
202601,26,1000,202601,26,1900,209604,1312702,INDIANA,18,2026,January,Extreme Cold/Wind Chill,Z,52,CLAY,IND,26-JAN-26 10:00:00,EST-5,26-JAN-26 19:00:00,0,0,0,0,,,Mesonet,,,,,,,,,,,,,,,,,,,,,,"A deep upper trough reinforced by a series of short waves plunging arctic air through interior North America, maintained persistent anomalous cold over central Indiana through January's final week, which was enhanced by a deep snow pack over most zones.  Temperatures from early on the 26th through the 31st most often ranged from negative single digits up to the teens to around 20 degrees, with isolated periods featuring minimum temperatures as low as -20 degrees, or maxmum temperatures as low as widespread single digits on the 26th.  Corresponding sustained winds were most often under 10 mph when resultant wind chills approached or exceeded the negative 20 degree criteria, although higher speeds of 10-20 mph occasionally occurred, especially on the 26th.  The only criteria temperature observation was in Randoph County on the morning of the 30th.||Criteria wind chills were most prevalent during both the 26th daytime and the 26-27th overnight, occurring in 22 of the region's 39 counties during both periods.  Extreme cold occurred again in 15 zones within the 28th's AM hours.  Further extreme cold was confined within the same four central to northeast central Indiana counties, during overnights of both the 28-29th and 29-30th;  although wind chill values just shy of criteria were scattered across mainly northern portions of central Indiana.  A final period of extreme cold occurred prior to dawn on February 1st in two counties.  Overall, 29 central Indiana counties observed extreme cold during at least one period, and 16 of these zones observed criteria on at least 3 periods, most often the 26th through the 28th.  Spatial distribution of extreme cold was most consistent over the region's north-central quadrant, while exhibiting a subtle trend from all west-central zones on the 26th to a few east-central zones thereafter.","On the 26th daytime, temperatures were as low as -3F, while breezy winds were sustained around 10-15 mph...resulting in marginally extreme wind chills as low as -21F.",CSV
202601,26,700,202601,28,800,209604,1314137,INDIANA,18,2026,January,Extreme Cold/Wind Chill,Z,39,HAMILTON,IND,26-JAN-26 07:00:00,EST-5,28-JAN-26 08:00:00,0,0,0,0,,,Mesonet,,,,,,,,,,,,,,,,,,,,,,"A deep upper trough reinforced by a series of short waves plunging arctic air through interior North America, maintained persistent anomalous cold over central Indiana through January's final week, which was enhanced by a deep snow pack over most zones.  Temperatures from early on the 26th through the 31st most often ranged from negative single digits up to the teens to around 20 degrees, with isolated periods featuring minimum temperatures as low as -20 degrees, or maxmum temperatures as low as widespread single digits on the 26th.  Corresponding sustained winds were most often under 10 mph when resultant wind chills approached or exceeded the negative 20 degree criteria, although higher speeds of 10-20 mph occasionally occurred, especially on the 26th.  The only criteria temperature observation was in Randoph County on the morning of the 30th.||Criteria wind chills were most prevalent during both the 26th daytime and the 26-27th overnight, occurring in 22 of the region's 39 counties during both periods.  Extreme cold occurred again in 15 zones within the 28th's AM hours.  Further extreme cold was confined within the same four central to northeast central Indiana counties, during overnights of both the 28-29th and 29-30th;  although wind chill values just shy of criteria were scattered across mainly northern portions of central Indiana.  A final period of extreme cold occurred prior to dawn on February 1st in two counties.  Overall, 29 central Indiana counties observed extreme cold during at least one period, and 16 of these zones observed criteria on at least 3 periods, most often the 26th through the 28th.  Spatial distribution of extreme cold was most consistent over the region's north-central quadrant, while exhibiting a subtle trend from all west-central zones on the 26th to a few east-central zones thereafter.","On the 26th morning into the early evening, temperatures were as low as -4F, with sustained winds around 15-20 mph...resulting in extreme wind chills as low as -26F.  During the 26th late evening into the overnight, temperatures were as low as -1F, with sustained winds around 15-20 mph...resulting in marginally extreme wind chills as low as -22F.  During the 28th pre-dawn and early morning hours, temperatures were as low as -9, with sustained winds around 5 mph...resulting in marginally extreme wind chills as low as -21F.",CSV
202601,26,900,202601,26,1900,209604,1312704,INDIANA,18,2026,January,Extreme Cold/Wind Chill,Z,54,MORGAN,IND,26-JAN-26 09:00:00,EST-5,26-JAN-26 19:00:00,0,0,0,0,,,Mesonet,,,,,,,,,,,,,,,,,,,,,,"A deep upper trough reinforced by a series of short waves plunging arctic air through interior North America, maintained persistent anomalous cold over central Indiana through January's final week, which was enhanced by a deep snow pack over most zones.  Temperatures from early on the 26th through the 31st most often ranged from negative single digits up to the teens to around 20 degrees, with isolated periods featuring minimum temperatures as low as -20 degrees, or maxmum temperatures as low as widespread single digits on the 26th.  Corresponding sustained winds were most often under 10 mph when resultant wind chills approached or exceeded the negative 20 degree criteria, although higher speeds of 10-20 mph occasionally occurred, especially on the 26th.  The only criteria temperature observation was in Randoph County on the morning of the 30th.||Criteria wind chills were most prevalent during both the 26th daytime and the 26-27th overnight, occurring in 22 of the region's 39 counties during both periods.  Extreme cold occurred again in 15 zones within the 28th's AM hours.  Further extreme cold was confined within the same four central to northeast central Indiana counties, during overnights of both the 28-29th and 29-30th;  although wind chill values just shy of criteria were scattered across mainly northern portions of central Indiana.  A final period of extreme cold occurred prior to dawn on February 1st in two counties.  Overall, 29 central Indiana counties observed extreme cold during at least one period, and 16 of these zones observed criteria on at least 3 periods, most often the 26th through the 28th.  Spatial distribution of extreme cold was most consistent over the region's north-central quadrant, while exhibiting a subtle trend from all west-central zones on the 26th to a few east-central zones thereafter.","On the 26th daytime, temperatures were as low as -2F, while breezy winds were sustained up to around 15 mph...resulting in marginally extreme wind chills as low as -21F.",CSV
202601,26,800,202601,28,800,209604,1314139,INDIANA,18,2026,January,Extreme Cold/Wind Chill,Z,46,HENDRICKS,IND,26-JAN-26 08:00:00,EST-5,28-JAN-26 08:00:00,0,0,0,0,,,Mesonet,,,,,,,,,,,,,,,,,,,,,,"A deep upper trough reinforced by a series of short waves plunging arctic air through interior North America, maintained persistent anomalous cold over central Indiana through January's final week, which was enhanced by a deep snow pack over most zones.  Temperatures from early on the 26th through the 31st most often ranged from negative single digits up to the teens to around 20 degrees, with isolated periods featuring minimum temperatures as low as -20 degrees, or maxmum temperatures as low as widespread single digits on the 26th.  Corresponding sustained winds were most often under 10 mph when resultant wind chills approached or exceeded the negative 20 degree criteria, although higher speeds of 10-20 mph occasionally occurred, especially on the 26th.  The only criteria temperature observation was in Randoph County on the morning of the 30th.||Criteria wind chills were most prevalent during both the 26th daytime and the 26-27th overnight, occurring in 22 of the region's 39 counties during both periods.  Extreme cold occurred again in 15 zones within the 28th's AM hours.  Further extreme cold was confined within the same four central to northeast central Indiana counties, during overnights of both the 28-29th and 29-30th;  although wind chill values just shy of criteria were scattered across mainly northern portions of central Indiana.  A final period of extreme cold occurred prior to dawn on February 1st in two counties.  Overall, 29 central Indiana counties observed extreme cold during at least one period, and 16 of these zones observed criteria on at least 3 periods, most often the 26th through the 28th.  Spatial distribution of extreme cold was most consistent over the region's north-central quadrant, while exhibiting a subtle trend from all west-central zones on the 26th to a few east-central zones thereafter.","On the 26th morning into the early evening, temperatures were as low as -4F, with sustained winds around 10-15 mph...resulting in extreme wind chills as low as -23F.  During the 26th late evening into the overnight, temperatures were as low as -3F, with sustained winds around 10-15 mph...resulting in marginally extreme wind chills as low as -21F.  During the 28th pre-dawn and early morning hours, temperatures were as low as -9, with sustained winds around 5 mph...resulting in marginally extreme wind chills as low as -21F.",CSV
