BEGIN_YEARMONTH,BEGIN_DAY,BEGIN_TIME,END_YEARMONTH,END_DAY,END_TIME,EPISODE_ID,EVENT_ID,STATE,STATE_FIPS,YEAR,MONTH_NAME,EVENT_TYPE,CZ_TYPE,CZ_FIPS,CZ_NAME,WFO,BEGIN_DATE_TIME,CZ_TIMEZONE,END_DATE_TIME,INJURIES_DIRECT,INJURIES_INDIRECT,DEATHS_DIRECT,DEATHS_INDIRECT,DAMAGE_PROPERTY,DAMAGE_CROPS,SOURCE,MAGNITUDE,MAGNITUDE_TYPE,FLOOD_CAUSE,CATEGORY,TOR_F_SCALE,TOR_LENGTH,TOR_WIDTH,TOR_OTHER_WFO,TOR_OTHER_CZ_STATE,TOR_OTHER_CZ_FIPS,TOR_OTHER_CZ_NAME,BEGIN_RANGE,BEGIN_AZIMUTH,BEGIN_LOCATION,END_RANGE,END_AZIMUTH,END_LOCATION,BEGIN_LAT,BEGIN_LON,END_LAT,END_LON,EPISODE_NARRATIVE,EVENT_NARRATIVE,DATA_SOURCE
202601,21,1230,202601,21,1345,210671,1315453,MINNESOTA,27,2026,January,High Wind,Z,98,ROCK,FSD,21-JAN-26 12:30:00,CST-6,21-JAN-26 13:45:00,0,0,0,0,,,Department of Highways,56.00,MG,,,,,,,,,,,,,,,,,,,,"Winds behind yet another arctic front reached speeds from 30 to 45 mph with gusts as high as 55 to 65 mph across southwest Minnesota.  When periods of light snowfall occurred that would total between one and two inches, gusty winds produced considerable near-blizzard and blizzard conditions.",Northwest winds were sustained from 40 to 42 mph with gusts as high as 64 mph near Beaver Creek.,CSV
202601,22,1900,202601,23,900,210212,1311794,MINNESOTA,27,2026,January,Extreme Cold/Wind Chill,Z,61,ANOKA,MPX,22-JAN-26 19:00:00,CST-6,23-JAN-26 09:00:00,0,0,0,0,0.00K,0.00K,AWOS,,,,,,,,,,,,,,,,,,,,,,"A push of dangerously cold air spread across the Upper Midwest behind a series of strong arctic fronts from January 21 through January 23. Wind chills dropped into the -40s across much of the region, with AXN in Alexandria reporting the coldest wind chill of -50F during this stretch of extreme cold. The strongest winds did not line up with the coolest temperatures, limiting wind chills from getting any colder than -50F. ||The peak of the coldest conditions occurred from the evening on the 22nd into the morning of the 23rd. Very cold air temperatures around -10 to -20 below continued until the morning of the 26th, though winds were generally at or below 10 mph, limiting wind chills from dropping below -35F. ||The lowest wind chills were:|-50F at AXN in Alexandria, MN.|-49F at STC in St Cloud, MN.|-49F at OWA in Owatonna, MN.|-49F at GHW in Glenwood, MN.|-47F at MSP in the Twin Cities, MN.|-47F at BDH in Willmar, MN.|-47F at CFE in Buffalo, MN.",KANE reported wind gusts as high as 25 mph during the early evening as air temperatures dropped from -15F to -20F overnight. The lowest measured wind chill was -44F at 2AM on the 23rd.,CSV
202601,22,1800,202601,23,1000,210212,1311821,MINNESOTA,27,2026,January,Extreme Cold/Wind Chill,Z,62,RAMSEY,MPX,22-JAN-26 18:00:00,CST-6,23-JAN-26 10:00:00,0,0,0,0,0.00K,0.00K,ASOS,,,,,,,,,,,,,,,,,,,,,,"A push of dangerously cold air spread across the Upper Midwest behind a series of strong arctic fronts from January 21 through January 23. Wind chills dropped into the -40s across much of the region, with AXN in Alexandria reporting the coldest wind chill of -50F during this stretch of extreme cold. The strongest winds did not line up with the coolest temperatures, limiting wind chills from getting any colder than -50F. ||The peak of the coldest conditions occurred from the evening on the 22nd into the morning of the 23rd. Very cold air temperatures around -10 to -20 below continued until the morning of the 26th, though winds were generally at or below 10 mph, limiting wind chills from dropping below -35F. ||The lowest wind chills were:|-50F at AXN in Alexandria, MN.|-49F at STC in St Cloud, MN.|-49F at OWA in Owatonna, MN.|-49F at GHW in Glenwood, MN.|-47F at MSP in the Twin Cities, MN.|-47F at BDH in Willmar, MN.|-47F at CFE in Buffalo, MN.",KMSP reported wind gusts as high as 35 mph during the early evening as air temperatures dropped from -15F to -21F overnight. The lowest measured wind chill was -47F at 2AM on the 23rd.,CSV
202601,16,500,202601,17,1500,209910,1312649,MINNESOTA,27,2026,January,Winter Weather,Z,65,RENVILLE,MPX,16-JAN-26 05:00:00,CST-6,17-JAN-26 15:00:00,0,0,0,0,0.00K,0.00K,AWOS,,,,,,,,,,,,,,,,,,,,,,"A strong cold front resulted in gusty winds and light snow from the morning of the 16th through the afternoon of the 17th. Since there was little to no snowpack on the ground, any reductions in visibility depended on how heavy the falling snow was and how strong winds were. Conditions were generally worst in open, rural areas where the snowfall was able to blow around easier.||Winds gusted over 40 mph in parts of western and southern Minnesota, and generally under an inch of snow fell across the region. Visibilities dropped to 1/4 mile in several locations, though it was often brief due to the showery nature of the snowfall. Two counties, Stevens and Watonwan, experienced blizzard conditions, with prolonged reductions in visibility at or below 1/4 mile and very strong winds.||The strongest measured wind gusts from January 16-17 were:|44 mph at KMOX in Morris, MN.|43 mph at KULM in New Ulm, MN|43 mph at KRWF in Redwood Falls, MN.|43 mph at KJYG in St James, MN.|41 mph at KBBB in Benson, MN.|39 mph at KBDH in Willmar, MN.","Strong winds gusting to 35 mph and scattered snow showers resulted in periodic reductions in visibility as low as a 1/4 mile at times, though generally around 1 to 2 miles. The worst conditions were during the afternoon.",CSV
202601,16,600,202601,17,1200,209910,1312651,MINNESOTA,27,2026,January,Winter Weather,Z,73,REDWOOD,MPX,16-JAN-26 06:00:00,CST-6,17-JAN-26 12:00:00,0,0,0,0,0.00K,0.00K,AWOS,,,,,,,,,,,,,,,,,,,,,,"A strong cold front resulted in gusty winds and light snow from the morning of the 16th through the afternoon of the 17th. Since there was little to no snowpack on the ground, any reductions in visibility depended on how heavy the falling snow was and how strong winds were. Conditions were generally worst in open, rural areas where the snowfall was able to blow around easier.||Winds gusted over 40 mph in parts of western and southern Minnesota, and generally under an inch of snow fell across the region. Visibilities dropped to 1/4 mile in several locations, though it was often brief due to the showery nature of the snowfall. Two counties, Stevens and Watonwan, experienced blizzard conditions, with prolonged reductions in visibility at or below 1/4 mile and very strong winds.||The strongest measured wind gusts from January 16-17 were:|44 mph at KMOX in Morris, MN.|43 mph at KULM in New Ulm, MN|43 mph at KRWF in Redwood Falls, MN.|43 mph at KJYG in St James, MN.|41 mph at KBBB in Benson, MN.|39 mph at KBDH in Willmar, MN.","Strong winds gusting to 45 mph and scattered snow showers resulted in periodic reductions in visibility as low as a 1/4 mile at times, though generally around 1 to 3 miles. The worst conditions were during the evening.",CSV
202601,22,1800,202601,23,1000,210212,1311822,MINNESOTA,27,2026,January,Extreme Cold/Wind Chill,Z,60,HENNEPIN,MPX,22-JAN-26 18:00:00,CST-6,23-JAN-26 10:00:00,0,0,0,0,0.00K,0.00K,ASOS,,,,,,,,,,,,,,,,,,,,,,"A push of dangerously cold air spread across the Upper Midwest behind a series of strong arctic fronts from January 21 through January 23. Wind chills dropped into the -40s across much of the region, with AXN in Alexandria reporting the coldest wind chill of -50F during this stretch of extreme cold. The strongest winds did not line up with the coolest temperatures, limiting wind chills from getting any colder than -50F. ||The peak of the coldest conditions occurred from the evening on the 22nd into the morning of the 23rd. Very cold air temperatures around -10 to -20 below continued until the morning of the 26th, though winds were generally at or below 10 mph, limiting wind chills from dropping below -35F. ||The lowest wind chills were:|-50F at AXN in Alexandria, MN.|-49F at STC in St Cloud, MN.|-49F at OWA in Owatonna, MN.|-49F at GHW in Glenwood, MN.|-47F at MSP in the Twin Cities, MN.|-47F at BDH in Willmar, MN.|-47F at CFE in Buffalo, MN.",KMSP reported wind gusts as high as 35 mph during the early evening as air temperatures dropped from -15F to -21F overnight. The lowest measured wind chill was -47F at 2AM on the 23rd.,CSV
202601,22,1800,202601,23,1000,210212,1311823,MINNESOTA,27,2026,January,Extreme Cold/Wind Chill,Z,70,DAKOTA,MPX,22-JAN-26 18:00:00,CST-6,23-JAN-26 10:00:00,0,0,0,0,0.00K,0.00K,ASOS,,,,,,,,,,,,,,,,,,,,,,"A push of dangerously cold air spread across the Upper Midwest behind a series of strong arctic fronts from January 21 through January 23. Wind chills dropped into the -40s across much of the region, with AXN in Alexandria reporting the coldest wind chill of -50F during this stretch of extreme cold. The strongest winds did not line up with the coolest temperatures, limiting wind chills from getting any colder than -50F. ||The peak of the coldest conditions occurred from the evening on the 22nd into the morning of the 23rd. Very cold air temperatures around -10 to -20 below continued until the morning of the 26th, though winds were generally at or below 10 mph, limiting wind chills from dropping below -35F. ||The lowest wind chills were:|-50F at AXN in Alexandria, MN.|-49F at STC in St Cloud, MN.|-49F at OWA in Owatonna, MN.|-49F at GHW in Glenwood, MN.|-47F at MSP in the Twin Cities, MN.|-47F at BDH in Willmar, MN.|-47F at CFE in Buffalo, MN.",Nearby KMSP reported wind gusts as high as 35 mph during the early evening as air temperatures dropped from -15F to -21F overnight. The lowest measured wind chill was -47F at 2AM on the 23rd.,CSV
202601,16,800,202601,17,1800,209910,1312661,MINNESOTA,27,2026,January,Winter Weather,Z,83,BLUE EARTH,MPX,16-JAN-26 08:00:00,CST-6,17-JAN-26 18:00:00,0,0,0,0,0.00K,0.00K,ASOS,,,,,,,,,,,,,,,,,,,,,,"A strong cold front resulted in gusty winds and light snow from the morning of the 16th through the afternoon of the 17th. Since there was little to no snowpack on the ground, any reductions in visibility depended on how heavy the falling snow was and how strong winds were. Conditions were generally worst in open, rural areas where the snowfall was able to blow around easier.||Winds gusted over 40 mph in parts of western and southern Minnesota, and generally under an inch of snow fell across the region. Visibilities dropped to 1/4 mile in several locations, though it was often brief due to the showery nature of the snowfall. Two counties, Stevens and Watonwan, experienced blizzard conditions, with prolonged reductions in visibility at or below 1/4 mile and very strong winds.||The strongest measured wind gusts from January 16-17 were:|44 mph at KMOX in Morris, MN.|43 mph at KULM in New Ulm, MN|43 mph at KRWF in Redwood Falls, MN.|43 mph at KJYG in St James, MN.|41 mph at KBBB in Benson, MN.|39 mph at KBDH in Willmar, MN.","Strong winds gusting to 35 mph and scattered snow showers resulted in periodic reductions in visibility as low as a 1/2 mile at times, though generally around 2 to 3 miles. Total snowfall accumulation was under an inch.",CSV
202601,16,800,202601,17,1800,209910,1312662,MINNESOTA,27,2026,January,Winter Weather,Z,75,NICOLLET,MPX,16-JAN-26 08:00:00,CST-6,17-JAN-26 18:00:00,0,0,0,0,0.00K,0.00K,ASOS,,,,,,,,,,,,,,,,,,,,,,"A strong cold front resulted in gusty winds and light snow from the morning of the 16th through the afternoon of the 17th. Since there was little to no snowpack on the ground, any reductions in visibility depended on how heavy the falling snow was and how strong winds were. Conditions were generally worst in open, rural areas where the snowfall was able to blow around easier.||Winds gusted over 40 mph in parts of western and southern Minnesota, and generally under an inch of snow fell across the region. Visibilities dropped to 1/4 mile in several locations, though it was often brief due to the showery nature of the snowfall. Two counties, Stevens and Watonwan, experienced blizzard conditions, with prolonged reductions in visibility at or below 1/4 mile and very strong winds.||The strongest measured wind gusts from January 16-17 were:|44 mph at KMOX in Morris, MN.|43 mph at KULM in New Ulm, MN|43 mph at KRWF in Redwood Falls, MN.|43 mph at KJYG in St James, MN.|41 mph at KBBB in Benson, MN.|39 mph at KBDH in Willmar, MN.","Strong winds gusting to 35 mph and scattered snow showers resulted in periodic reductions in visibility as low as a 1/2 mile at times, though generally around 2 to 3 miles. Total snowfall accumulation was under an inch.",CSV
202601,22,1800,202601,23,900,210212,1311825,MINNESOTA,27,2026,January,Extreme Cold/Wind Chill,Z,68,CARVER,MPX,22-JAN-26 18:00:00,CST-6,23-JAN-26 09:00:00,0,0,0,0,0.00K,0.00K,ASOS,,,,,,,,,,,,,,,,,,,,,,"A push of dangerously cold air spread across the Upper Midwest behind a series of strong arctic fronts from January 21 through January 23. Wind chills dropped into the -40s across much of the region, with AXN in Alexandria reporting the coldest wind chill of -50F during this stretch of extreme cold. The strongest winds did not line up with the coolest temperatures, limiting wind chills from getting any colder than -50F. ||The peak of the coldest conditions occurred from the evening on the 22nd into the morning of the 23rd. Very cold air temperatures around -10 to -20 below continued until the morning of the 26th, though winds were generally at or below 10 mph, limiting wind chills from dropping below -35F. ||The lowest wind chills were:|-50F at AXN in Alexandria, MN.|-49F at STC in St Cloud, MN.|-49F at OWA in Owatonna, MN.|-49F at GHW in Glenwood, MN.|-47F at MSP in the Twin Cities, MN.|-47F at BDH in Willmar, MN.|-47F at CFE in Buffalo, MN.",Nearby KFCM reported wind gusts as high as 45 mph during the early evening as air temperatures dropped from -15F to -22F overnight. The lowest measured wind chill was -46F at 1AM on the 23rd.,CSV
202601,22,1830,202601,23,900,210212,1311826,MINNESOTA,27,2026,January,Extreme Cold/Wind Chill,Z,67,SIBLEY,MPX,22-JAN-26 18:30:00,CST-6,23-JAN-26 09:00:00,0,0,0,0,0.00K,0.00K,AWOS,,,,,,,,,,,,,,,,,,,,,,"A push of dangerously cold air spread across the Upper Midwest behind a series of strong arctic fronts from January 21 through January 23. Wind chills dropped into the -40s across much of the region, with AXN in Alexandria reporting the coldest wind chill of -50F during this stretch of extreme cold. The strongest winds did not line up with the coolest temperatures, limiting wind chills from getting any colder than -50F. ||The peak of the coldest conditions occurred from the evening on the 22nd into the morning of the 23rd. Very cold air temperatures around -10 to -20 below continued until the morning of the 26th, though winds were generally at or below 10 mph, limiting wind chills from dropping below -35F. ||The lowest wind chills were:|-50F at AXN in Alexandria, MN.|-49F at STC in St Cloud, MN.|-49F at OWA in Owatonna, MN.|-49F at GHW in Glenwood, MN.|-47F at MSP in the Twin Cities, MN.|-47F at BDH in Willmar, MN.|-47F at CFE in Buffalo, MN.",Nearby KGYL reported wind gusts as high as 30 mph during the evening as air temperatures dropped from -15F to -20F overnight. The lowest measured wind chill was -47F at 12AM on the 23rd.,CSV
202601,16,1800,202601,17,1400,209910,1312666,MINNESOTA,27,2026,January,Blizzard,Z,82,WATONWAN,MPX,16-JAN-26 18:00:00,CST-6,17-JAN-26 14:00:00,0,0,0,0,0.00K,0.00K,AWOS,,,,,,,,,,,,,,,,,,,,,,"A strong cold front resulted in gusty winds and light snow from the morning of the 16th through the afternoon of the 17th. Since there was little to no snowpack on the ground, any reductions in visibility depended on how heavy the falling snow was and how strong winds were. Conditions were generally worst in open, rural areas where the snowfall was able to blow around easier.||Winds gusted over 40 mph in parts of western and southern Minnesota, and generally under an inch of snow fell across the region. Visibilities dropped to 1/4 mile in several locations, though it was often brief due to the showery nature of the snowfall. Two counties, Stevens and Watonwan, experienced blizzard conditions, with prolonged reductions in visibility at or below 1/4 mile and very strong winds.||The strongest measured wind gusts from January 16-17 were:|44 mph at KMOX in Morris, MN.|43 mph at KULM in New Ulm, MN|43 mph at KRWF in Redwood Falls, MN.|43 mph at KJYG in St James, MN.|41 mph at KBBB in Benson, MN.|39 mph at KBDH in Willmar, MN.","The combination of falling snow and very strong northwest winds gusting to around 40 to 45 mph at KJYG, resulted in several hours of visibilities at or below 1/4 mile. The falling snow was intermittent, which allowed for occasional improvements in visibility throughout the event, but overall conditions were dangerous for travel. The worst conditions were during the morning on the 17th.",CSV
202601,16,600,202601,17,1600,209910,1312675,MINNESOTA,27,2026,January,Winter Weather,Z,91,MARTIN,MPX,16-JAN-26 06:00:00,CST-6,17-JAN-26 16:00:00,0,0,0,0,0.00K,0.00K,AWOS,,,,,,,,,,,,,,,,,,,,,,"A strong cold front resulted in gusty winds and light snow from the morning of the 16th through the afternoon of the 17th. Since there was little to no snowpack on the ground, any reductions in visibility depended on how heavy the falling snow was and how strong winds were. Conditions were generally worst in open, rural areas where the snowfall was able to blow around easier.||Winds gusted over 40 mph in parts of western and southern Minnesota, and generally under an inch of snow fell across the region. Visibilities dropped to 1/4 mile in several locations, though it was often brief due to the showery nature of the snowfall. Two counties, Stevens and Watonwan, experienced blizzard conditions, with prolonged reductions in visibility at or below 1/4 mile and very strong winds.||The strongest measured wind gusts from January 16-17 were:|44 mph at KMOX in Morris, MN.|43 mph at KULM in New Ulm, MN|43 mph at KRWF in Redwood Falls, MN.|43 mph at KJYG in St James, MN.|41 mph at KBBB in Benson, MN.|39 mph at KBDH in Willmar, MN.",Strong winds gusting to 40 mph and scattered snow showers resulted in periodic reductions in visibility as low as a 1/2 mile at times. The worst conditions were during the morning of the 17th. Total snowfall accumulation was under an inch.,CSV
202601,21,1000,202601,21,1000,210488,1313595,MINNESOTA,27,2026,January,Winter Weather,Z,95,FILLMORE,ARX,21-JAN-26 10:00:00,CST-6,21-JAN-26 10:00:00,0,4,0,0,50.00K,0.00K,Department of Highways,,,,,,,,,,,,,,,,,,,,,,"During the morning on January 21st, a weak winter system brought light snow to portions of southeast Minnesota. While accumulations were generally on the lighter side of around 2 inches or less across the region, a few vehicle accidents occurred which resulted in 7 combined non-life threatening injuries.","Accumulating snow during the morning hours on January 21st resulted in snow covered roadways across Fillmore County. During this period of accumulating snow, a two vehicle collision occurred on Highway 52 near Chatfield resulting in 4 individuals receiving non-life threatening injuries.",CSV
202601,22,2000,202601,23,1100,210212,1311827,MINNESOTA,27,2026,January,Extreme Cold/Wind Chill,Z,75,NICOLLET,MPX,22-JAN-26 20:00:00,CST-6,23-JAN-26 11:00:00,0,0,0,0,0.00K,0.00K,ASOS,,,,,,,,,,,,,,,,,,,,,,"A push of dangerously cold air spread across the Upper Midwest behind a series of strong arctic fronts from January 21 through January 23. Wind chills dropped into the -40s across much of the region, with AXN in Alexandria reporting the coldest wind chill of -50F during this stretch of extreme cold. The strongest winds did not line up with the coolest temperatures, limiting wind chills from getting any colder than -50F. ||The peak of the coldest conditions occurred from the evening on the 22nd into the morning of the 23rd. Very cold air temperatures around -10 to -20 below continued until the morning of the 26th, though winds were generally at or below 10 mph, limiting wind chills from dropping below -35F. ||The lowest wind chills were:|-50F at AXN in Alexandria, MN.|-49F at STC in St Cloud, MN.|-49F at OWA in Owatonna, MN.|-49F at GHW in Glenwood, MN.|-47F at MSP in the Twin Cities, MN.|-47F at BDH in Willmar, MN.|-47F at CFE in Buffalo, MN.",Nearby KMKT reported wind gusts as high as 30 mph during the evening as air temperatures dropped from -15F to -20F overnight. The lowest measured wind chill was -45F at 12AM on the 23rd.,CSV
202601,22,2000,202601,23,1100,210212,1311828,MINNESOTA,27,2026,January,Extreme Cold/Wind Chill,Z,76,LE SUEUR,MPX,22-JAN-26 20:00:00,CST-6,23-JAN-26 11:00:00,0,0,0,0,0.00K,0.00K,ASOS,,,,,,,,,,,,,,,,,,,,,,"A push of dangerously cold air spread across the Upper Midwest behind a series of strong arctic fronts from January 21 through January 23. Wind chills dropped into the -40s across much of the region, with AXN in Alexandria reporting the coldest wind chill of -50F during this stretch of extreme cold. The strongest winds did not line up with the coolest temperatures, limiting wind chills from getting any colder than -50F. ||The peak of the coldest conditions occurred from the evening on the 22nd into the morning of the 23rd. Very cold air temperatures around -10 to -20 below continued until the morning of the 26th, though winds were generally at or below 10 mph, limiting wind chills from dropping below -35F. ||The lowest wind chills were:|-50F at AXN in Alexandria, MN.|-49F at STC in St Cloud, MN.|-49F at OWA in Owatonna, MN.|-49F at GHW in Glenwood, MN.|-47F at MSP in the Twin Cities, MN.|-47F at BDH in Willmar, MN.|-47F at CFE in Buffalo, MN.",Nearby KMKT reported wind gusts as high as 30 mph during the evening as air temperatures dropped from -15F to -20F overnight. The lowest measured wind chill was -45F at 12AM on the 23rd.,CSV
202601,16,600,202601,17,1600,209910,1312681,MINNESOTA,27,2026,January,Winter Weather,Z,92,FARIBAULT,MPX,16-JAN-26 06:00:00,CST-6,17-JAN-26 16:00:00,0,0,0,0,0.00K,0.00K,AWOS,,,,,,,,,,,,,,,,,,,,,,"A strong cold front resulted in gusty winds and light snow from the morning of the 16th through the afternoon of the 17th. Since there was little to no snowpack on the ground, any reductions in visibility depended on how heavy the falling snow was and how strong winds were. Conditions were generally worst in open, rural areas where the snowfall was able to blow around easier.||Winds gusted over 40 mph in parts of western and southern Minnesota, and generally under an inch of snow fell across the region. Visibilities dropped to 1/4 mile in several locations, though it was often brief due to the showery nature of the snowfall. Two counties, Stevens and Watonwan, experienced blizzard conditions, with prolonged reductions in visibility at or below 1/4 mile and very strong winds.||The strongest measured wind gusts from January 16-17 were:|44 mph at KMOX in Morris, MN.|43 mph at KULM in New Ulm, MN|43 mph at KRWF in Redwood Falls, MN.|43 mph at KJYG in St James, MN.|41 mph at KBBB in Benson, MN.|39 mph at KBDH in Willmar, MN.",Nearby KFRM measured strong winds gusting to 40 mph and scattered snow showers resulting in periodic reductions in visibility as low as a 1/2 mile at times. The worst conditions were during the morning of the 17th. Total snowfall accumulation was under an inch.,CSV
202601,16,1600,202601,17,1700,209910,1312693,MINNESOTA,27,2026,January,Winter Weather,Z,93,FREEBORN,MPX,16-JAN-26 16:00:00,CST-6,17-JAN-26 17:00:00,0,0,0,0,0.00K,0.00K,AWOS,,,,,,,,,,,,,,,,,,,,,,"A strong cold front resulted in gusty winds and light snow from the morning of the 16th through the afternoon of the 17th. Since there was little to no snowpack on the ground, any reductions in visibility depended on how heavy the falling snow was and how strong winds were. Conditions were generally worst in open, rural areas where the snowfall was able to blow around easier.||Winds gusted over 40 mph in parts of western and southern Minnesota, and generally under an inch of snow fell across the region. Visibilities dropped to 1/4 mile in several locations, though it was often brief due to the showery nature of the snowfall. Two counties, Stevens and Watonwan, experienced blizzard conditions, with prolonged reductions in visibility at or below 1/4 mile and very strong winds.||The strongest measured wind gusts from January 16-17 were:|44 mph at KMOX in Morris, MN.|43 mph at KULM in New Ulm, MN|43 mph at KRWF in Redwood Falls, MN.|43 mph at KJYG in St James, MN.|41 mph at KBBB in Benson, MN.|39 mph at KBDH in Willmar, MN.",Strong winds gusting to 35 mph and scattered snow showers resulted in prolonged reductions in visibility as low as 1 mile at times. The worst conditions were during the morning of the 17th. Total snowfall accumulation was under an inch.,CSV
202601,21,1000,202601,21,1000,210488,1313596,MINNESOTA,27,2026,January,Winter Weather,Z,87,OLMSTED,ARX,21-JAN-26 10:00:00,CST-6,21-JAN-26 10:00:00,0,2,0,0,25.00K,0.00K,Department of Highways,,,,,,,,,,,,,,,,,,,,,,"During the morning on January 21st, a weak winter system brought light snow to portions of southeast Minnesota. While accumulations were generally on the lighter side of around 2 inches or less across the region, a few vehicle accidents occurred which resulted in 7 combined non-life threatening injuries.","Accumulating snow during the morning hours on January 21st resulted in snow covered roadways across Olmsted County. During this period of accumulating snow, a vehicle slid off the roadway and crashed on Highway 52 resulting in 2 individuals receiving non-life threatening injuries.",CSV
202601,21,700,202601,21,700,210488,1313597,MINNESOTA,27,2026,January,Winter Weather,Z,88,WINONA,ARX,21-JAN-26 07:00:00,CST-6,21-JAN-26 07:00:00,0,1,0,0,25.00K,0.00K,Department of Highways,,,,,,,,,,,,,,,,,,,,,,"During the morning on January 21st, a weak winter system brought light snow to portions of southeast Minnesota. While accumulations were generally on the lighter side of around 2 inches or less across the region, a few vehicle accidents occurred which resulted in 7 combined non-life threatening injuries.","Accumulating snow during the morning hours on January 21st resulted in snow covered roadways across Winona County. During this period of accumulating snow, a vehicle slid off the roadway and crashed on Highway 14 resulting in 1 individual receiving non-life threatening injuries.",CSV
202601,22,2000,202601,23,1100,210212,1311829,MINNESOTA,27,2026,January,Extreme Cold/Wind Chill,Z,83,BLUE EARTH,MPX,22-JAN-26 20:00:00,CST-6,23-JAN-26 11:00:00,0,0,0,0,0.00K,0.00K,ASOS,,,,,,,,,,,,,,,,,,,,,,"A push of dangerously cold air spread across the Upper Midwest behind a series of strong arctic fronts from January 21 through January 23. Wind chills dropped into the -40s across much of the region, with AXN in Alexandria reporting the coldest wind chill of -50F during this stretch of extreme cold. The strongest winds did not line up with the coolest temperatures, limiting wind chills from getting any colder than -50F. ||The peak of the coldest conditions occurred from the evening on the 22nd into the morning of the 23rd. Very cold air temperatures around -10 to -20 below continued until the morning of the 26th, though winds were generally at or below 10 mph, limiting wind chills from dropping below -35F. ||The lowest wind chills were:|-50F at AXN in Alexandria, MN.|-49F at STC in St Cloud, MN.|-49F at OWA in Owatonna, MN.|-49F at GHW in Glenwood, MN.|-47F at MSP in the Twin Cities, MN.|-47F at BDH in Willmar, MN.|-47F at CFE in Buffalo, MN.",KMKT reported wind gusts as high as 30 mph during the evening as air temperatures dropped from -15F to -20F overnight. The lowest measured wind chill was -45F at 12AM on the 23rd.,CSV
202601,22,1900,202601,23,1100,210212,1311830,MINNESOTA,27,2026,January,Extreme Cold/Wind Chill,Z,73,REDWOOD,MPX,22-JAN-26 19:00:00,CST-6,23-JAN-26 11:00:00,0,0,0,0,0.00K,0.00K,ASOS,,,,,,,,,,,,,,,,,,,,,,"A push of dangerously cold air spread across the Upper Midwest behind a series of strong arctic fronts from January 21 through January 23. Wind chills dropped into the -40s across much of the region, with AXN in Alexandria reporting the coldest wind chill of -50F during this stretch of extreme cold. The strongest winds did not line up with the coolest temperatures, limiting wind chills from getting any colder than -50F. ||The peak of the coldest conditions occurred from the evening on the 22nd into the morning of the 23rd. Very cold air temperatures around -10 to -20 below continued until the morning of the 26th, though winds were generally at or below 10 mph, limiting wind chills from dropping below -35F. ||The lowest wind chills were:|-50F at AXN in Alexandria, MN.|-49F at STC in St Cloud, MN.|-49F at OWA in Owatonna, MN.|-49F at GHW in Glenwood, MN.|-47F at MSP in the Twin Cities, MN.|-47F at BDH in Willmar, MN.|-47F at CFE in Buffalo, MN.",KRWF reported wind gusts as high as 25 mph during the evening as air temperatures dropped from -15F to -22F overnight. The lowest measured wind chill was -41F at 8AM on the 23rd.,CSV
202601,16,1100,202601,17,1400,209910,1312696,MINNESOTA,27,2026,January,Winter Weather,Z,84,WASECA,MPX,16-JAN-26 11:00:00,CST-6,17-JAN-26 14:00:00,0,0,0,0,0.00K,0.00K,AWOS,,,,,,,,,,,,,,,,,,,,,,"A strong cold front resulted in gusty winds and light snow from the morning of the 16th through the afternoon of the 17th. Since there was little to no snowpack on the ground, any reductions in visibility depended on how heavy the falling snow was and how strong winds were. Conditions were generally worst in open, rural areas where the snowfall was able to blow around easier.||Winds gusted over 40 mph in parts of western and southern Minnesota, and generally under an inch of snow fell across the region. Visibilities dropped to 1/4 mile in several locations, though it was often brief due to the showery nature of the snowfall. Two counties, Stevens and Watonwan, experienced blizzard conditions, with prolonged reductions in visibility at or below 1/4 mile and very strong winds.||The strongest measured wind gusts from January 16-17 were:|44 mph at KMOX in Morris, MN.|43 mph at KULM in New Ulm, MN|43 mph at KRWF in Redwood Falls, MN.|43 mph at KJYG in St James, MN.|41 mph at KBBB in Benson, MN.|39 mph at KBDH in Willmar, MN.",Strong winds gusting to 35 mph and scattered snow showers resulted in periodic reductions in visibility as low as 3/4 miles at times. The worst conditions were during the afternoon of the 16th. Total snowfall accumulation was under an inch.,CSV
202601,16,1300,202601,17,1100,209910,1312697,MINNESOTA,27,2026,January,Winter Weather,Z,85,STEELE,MPX,16-JAN-26 13:00:00,CST-6,17-JAN-26 11:00:00,0,0,0,0,0.00K,0.00K,AWOS,,,,,,,,,,,,,,,,,,,,,,"A strong cold front resulted in gusty winds and light snow from the morning of the 16th through the afternoon of the 17th. Since there was little to no snowpack on the ground, any reductions in visibility depended on how heavy the falling snow was and how strong winds were. Conditions were generally worst in open, rural areas where the snowfall was able to blow around easier.||Winds gusted over 40 mph in parts of western and southern Minnesota, and generally under an inch of snow fell across the region. Visibilities dropped to 1/4 mile in several locations, though it was often brief due to the showery nature of the snowfall. Two counties, Stevens and Watonwan, experienced blizzard conditions, with prolonged reductions in visibility at or below 1/4 mile and very strong winds.||The strongest measured wind gusts from January 16-17 were:|44 mph at KMOX in Morris, MN.|43 mph at KULM in New Ulm, MN|43 mph at KRWF in Redwood Falls, MN.|43 mph at KJYG in St James, MN.|41 mph at KBBB in Benson, MN.|39 mph at KBDH in Willmar, MN.",Strong winds gusting to 35 mph and scattered snow showers resulted in periodic reductions in visibility as low as a 1/2 mile at times. The worst conditions were during the afternoon of the 16th. Total snowfall accumulation was under an inch.,CSV
202601,22,1900,202601,23,1100,210212,1311831,MINNESOTA,27,2026,January,Extreme Cold/Wind Chill,Z,74,BROWN,MPX,22-JAN-26 19:00:00,CST-6,23-JAN-26 11:00:00,0,0,0,0,0.00K,0.00K,AWOS,,,,,,,,,,,,,,,,,,,,,,"A push of dangerously cold air spread across the Upper Midwest behind a series of strong arctic fronts from January 21 through January 23. Wind chills dropped into the -40s across much of the region, with AXN in Alexandria reporting the coldest wind chill of -50F during this stretch of extreme cold. The strongest winds did not line up with the coolest temperatures, limiting wind chills from getting any colder than -50F. ||The peak of the coldest conditions occurred from the evening on the 22nd into the morning of the 23rd. Very cold air temperatures around -10 to -20 below continued until the morning of the 26th, though winds were generally at or below 10 mph, limiting wind chills from dropping below -35F. ||The lowest wind chills were:|-50F at AXN in Alexandria, MN.|-49F at STC in St Cloud, MN.|-49F at OWA in Owatonna, MN.|-49F at GHW in Glenwood, MN.|-47F at MSP in the Twin Cities, MN.|-47F at BDH in Willmar, MN.|-47F at CFE in Buffalo, MN.",KULM reported wind gusts as high as 25 mph during the evening as air temperatures dropped from -15F to -20F overnight. The lowest measured wind chill was -42F at 12AM on the 23rd.,CSV
202601,22,1900,202601,23,1100,210212,1311836,MINNESOTA,27,2026,January,Extreme Cold/Wind Chill,Z,82,WATONWAN,MPX,22-JAN-26 19:00:00,CST-6,23-JAN-26 11:00:00,0,0,0,0,0.00K,0.00K,AWOS,,,,,,,,,,,,,,,,,,,,,,"A push of dangerously cold air spread across the Upper Midwest behind a series of strong arctic fronts from January 21 through January 23. Wind chills dropped into the -40s across much of the region, with AXN in Alexandria reporting the coldest wind chill of -50F during this stretch of extreme cold. The strongest winds did not line up with the coolest temperatures, limiting wind chills from getting any colder than -50F. ||The peak of the coldest conditions occurred from the evening on the 22nd into the morning of the 23rd. Very cold air temperatures around -10 to -20 below continued until the morning of the 26th, though winds were generally at or below 10 mph, limiting wind chills from dropping below -35F. ||The lowest wind chills were:|-50F at AXN in Alexandria, MN.|-49F at STC in St Cloud, MN.|-49F at OWA in Owatonna, MN.|-49F at GHW in Glenwood, MN.|-47F at MSP in the Twin Cities, MN.|-47F at BDH in Willmar, MN.|-47F at CFE in Buffalo, MN.",KJYG reported wind gusts as high as 30 mph during the evening as air temperatures dropped from -15F to -20F overnight. The lowest measured wind chill was -46F at 2AM on the 23rd.,CSV
202601,16,500,202601,17,1600,209910,1312635,MINNESOTA,27,2026,January,Winter Weather,Z,57,KANDIYOHI,MPX,16-JAN-26 05:00:00,CST-6,17-JAN-26 16:00:00,0,0,0,0,0.00K,0.00K,AWOS,,,,,,,,,,,,,,,,,,,,,,"A strong cold front resulted in gusty winds and light snow from the morning of the 16th through the afternoon of the 17th. Since there was little to no snowpack on the ground, any reductions in visibility depended on how heavy the falling snow was and how strong winds were. Conditions were generally worst in open, rural areas where the snowfall was able to blow around easier.||Winds gusted over 40 mph in parts of western and southern Minnesota, and generally under an inch of snow fell across the region. Visibilities dropped to 1/4 mile in several locations, though it was often brief due to the showery nature of the snowfall. Two counties, Stevens and Watonwan, experienced blizzard conditions, with prolonged reductions in visibility at or below 1/4 mile and very strong winds.||The strongest measured wind gusts from January 16-17 were:|44 mph at KMOX in Morris, MN.|43 mph at KULM in New Ulm, MN|43 mph at KRWF in Redwood Falls, MN.|43 mph at KJYG in St James, MN.|41 mph at KBBB in Benson, MN.|39 mph at KBDH in Willmar, MN.",Strong winds gusting to 40 mph and scattered snow showers resulted in periodic reductions in visibility as low as a 1/4 mile at times. Total snow accumulation was under an inch.,CSV
202601,16,400,202601,17,1400,209910,1312619,MINNESOTA,27,2026,January,Winter Weather,Z,41,DOUGLAS,MPX,16-JAN-26 04:00:00,CST-6,17-JAN-26 14:00:00,0,0,0,0,0.00K,0.00K,ASOS,,,,,,,,,,,,,,,,,,,,,,"A strong cold front resulted in gusty winds and light snow from the morning of the 16th through the afternoon of the 17th. Since there was little to no snowpack on the ground, any reductions in visibility depended on how heavy the falling snow was and how strong winds were. Conditions were generally worst in open, rural areas where the snowfall was able to blow around easier.||Winds gusted over 40 mph in parts of western and southern Minnesota, and generally under an inch of snow fell across the region. Visibilities dropped to 1/4 mile in several locations, though it was often brief due to the showery nature of the snowfall. Two counties, Stevens and Watonwan, experienced blizzard conditions, with prolonged reductions in visibility at or below 1/4 mile and very strong winds.||The strongest measured wind gusts from January 16-17 were:|44 mph at KMOX in Morris, MN.|43 mph at KULM in New Ulm, MN|43 mph at KRWF in Redwood Falls, MN.|43 mph at KJYG in St James, MN.|41 mph at KBBB in Benson, MN.|39 mph at KBDH in Willmar, MN.",Strong winds gusting to 40 mph and scattered snow showers resulted in periodic reductions in visibility as low as a 1/2 mile at times. Total snow accumulation was under an inch.,CSV
202601,1,0,202601,31,2359,210174,1310890,MINNESOTA,27,2026,January,Drought,Z,37,SOUTHERN ST. LOUIS / CARLTON,DLH,01-JAN-26 00:00:00,CST-6,31-JAN-26 23:59:00,0,0,0,0,0.00K,0.00K,Drought Monitor,,,,,,,,,,,,,,,,,,,,,,D2 Severe Drought conditions persisted across parts of northeastern Minnesota during the month of January. No changes in the drought status occurred over the course of the month. Precipitation for the month was around 0.25 to 0.75 inches below normal in this area with the dry pattern extending back into the summer months.,D2 Severe Drought persisted in January across all of Carlton County and roughly the southern half of southern St. Louis County. No changes in drought category were observed over the month. Precipitation for the month was around 0.10 to 0.30 inches below normal in this area with the dry pattern extending back into the summer months.,CSV
202601,1,0,202601,31,2359,210174,1310891,MINNESOTA,27,2026,January,Drought,Z,38,PINE,DLH,01-JAN-26 00:00:00,CST-6,31-JAN-26 23:59:00,0,0,0,0,0.00K,0.00K,Drought Monitor,,,,,,,,,,,,,,,,,,,,,,D2 Severe Drought conditions persisted across parts of northeastern Minnesota during the month of January. No changes in the drought status occurred over the course of the month. Precipitation for the month was around 0.25 to 0.75 inches below normal in this area with the dry pattern extending back into the summer months.,D2 Severe Drought covered the northern 2/3rds of the county during the month of January. No changes in drought category were observed over the course of the month. Precipitation for the month was 0.25 to 0.75 inches below normal in this area with the dry pattern extending back into the summer months.,CSV
202601,22,2000,202601,23,1000,210212,1311841,MINNESOTA,27,2026,January,Extreme Cold/Wind Chill,Z,91,MARTIN,MPX,22-JAN-26 20:00:00,CST-6,23-JAN-26 10:00:00,0,0,0,0,0.00K,0.00K,AWOS,,,,,,,,,,,,,,,,,,,,,,"A push of dangerously cold air spread across the Upper Midwest behind a series of strong arctic fronts from January 21 through January 23. Wind chills dropped into the -40s across much of the region, with AXN in Alexandria reporting the coldest wind chill of -50F during this stretch of extreme cold. The strongest winds did not line up with the coolest temperatures, limiting wind chills from getting any colder than -50F. ||The peak of the coldest conditions occurred from the evening on the 22nd into the morning of the 23rd. Very cold air temperatures around -10 to -20 below continued until the morning of the 26th, though winds were generally at or below 10 mph, limiting wind chills from dropping below -35F. ||The lowest wind chills were:|-50F at AXN in Alexandria, MN.|-49F at STC in St Cloud, MN.|-49F at OWA in Owatonna, MN.|-49F at GHW in Glenwood, MN.|-47F at MSP in the Twin Cities, MN.|-47F at BDH in Willmar, MN.|-47F at CFE in Buffalo, MN.",KFRM reported wind gusts as high as 25 mph during the evening as air temperatures dropped from -10F to -19F overnight. The lowest measured wind chill was -45F at 6AM on the 23rd.,CSV
202601,22,2000,202601,23,1000,210212,1311842,MINNESOTA,27,2026,January,Extreme Cold/Wind Chill,Z,92,FARIBAULT,MPX,22-JAN-26 20:00:00,CST-6,23-JAN-26 10:00:00,0,0,0,0,0.00K,0.00K,AWOS,,,,,,,,,,,,,,,,,,,,,,"A push of dangerously cold air spread across the Upper Midwest behind a series of strong arctic fronts from January 21 through January 23. Wind chills dropped into the -40s across much of the region, with AXN in Alexandria reporting the coldest wind chill of -50F during this stretch of extreme cold. The strongest winds did not line up with the coolest temperatures, limiting wind chills from getting any colder than -50F. ||The peak of the coldest conditions occurred from the evening on the 22nd into the morning of the 23rd. Very cold air temperatures around -10 to -20 below continued until the morning of the 26th, though winds were generally at or below 10 mph, limiting wind chills from dropping below -35F. ||The lowest wind chills were:|-50F at AXN in Alexandria, MN.|-49F at STC in St Cloud, MN.|-49F at OWA in Owatonna, MN.|-49F at GHW in Glenwood, MN.|-47F at MSP in the Twin Cities, MN.|-47F at BDH in Willmar, MN.|-47F at CFE in Buffalo, MN.",Nearby KFRM reported wind gusts as high as 25 mph during the evening as air temperatures dropped from -10F to -19F overnight. The lowest measured wind chill was -45F at 6AM on the 23rd.,CSV
202601,17,100,202601,17,1400,209910,1312653,MINNESOTA,27,2026,January,Winter Weather,Z,74,BROWN,MPX,17-JAN-26 01:00:00,CST-6,17-JAN-26 14:00:00,0,0,0,0,0.00K,0.00K,AWOS,,,,,,,,,,,,,,,,,,,,,,"A strong cold front resulted in gusty winds and light snow from the morning of the 16th through the afternoon of the 17th. Since there was little to no snowpack on the ground, any reductions in visibility depended on how heavy the falling snow was and how strong winds were. Conditions were generally worst in open, rural areas where the snowfall was able to blow around easier.||Winds gusted over 40 mph in parts of western and southern Minnesota, and generally under an inch of snow fell across the region. Visibilities dropped to 1/4 mile in several locations, though it was often brief due to the showery nature of the snowfall. Two counties, Stevens and Watonwan, experienced blizzard conditions, with prolonged reductions in visibility at or below 1/4 mile and very strong winds.||The strongest measured wind gusts from January 16-17 were:|44 mph at KMOX in Morris, MN.|43 mph at KULM in New Ulm, MN|43 mph at KRWF in Redwood Falls, MN.|43 mph at KJYG in St James, MN.|41 mph at KBBB in Benson, MN.|39 mph at KBDH in Willmar, MN.",Strong winds gusting to 45 mph and scattered snow showers resulted in periodic reductions in visibility as low as a 1/2 mile at times. Total snowfall accumulation was under an inch.,CSV
202601,16,500,202601,17,1600,209910,1310013,MINNESOTA,27,2026,January,Winter Weather,Z,55,SWIFT,MPX,16-JAN-26 05:00:00,CST-6,17-JAN-26 16:00:00,0,0,0,0,0.00K,0.00K,AWOS,,,,,,,,,,,,,,,,,,,,,,"A strong cold front resulted in gusty winds and light snow from the morning of the 16th through the afternoon of the 17th. Since there was little to no snowpack on the ground, any reductions in visibility depended on how heavy the falling snow was and how strong winds were. Conditions were generally worst in open, rural areas where the snowfall was able to blow around easier.||Winds gusted over 40 mph in parts of western and southern Minnesota, and generally under an inch of snow fell across the region. Visibilities dropped to 1/4 mile in several locations, though it was often brief due to the showery nature of the snowfall. Two counties, Stevens and Watonwan, experienced blizzard conditions, with prolonged reductions in visibility at or below 1/4 mile and very strong winds.||The strongest measured wind gusts from January 16-17 were:|44 mph at KMOX in Morris, MN.|43 mph at KULM in New Ulm, MN|43 mph at KRWF in Redwood Falls, MN.|43 mph at KJYG in St James, MN.|41 mph at KBBB in Benson, MN.|39 mph at KBDH in Willmar, MN.",Strong winds gusting to 40 mph and scattered snow showers resulted in periodic reductions in visibility as low as a 1/4 mile at times. Total snow accumulation was under an inch.,CSV
202601,1,0,202601,31,2359,210174,1310892,MINNESOTA,27,2026,January,Drought,Z,35,NORTHERN AITKIN,DLH,01-JAN-26 00:00:00,CST-6,31-JAN-26 23:59:00,0,0,0,0,0.00K,0.00K,Drought Monitor,,,,,,,,,,,,,,,,,,,,,,D2 Severe Drought conditions persisted across parts of northeastern Minnesota during the month of January. No changes in the drought status occurred over the course of the month. Precipitation for the month was around 0.25 to 0.75 inches below normal in this area with the dry pattern extending back into the summer months.,D2 Severe Drought conditions persisted across the southeastern quarter of northern Aitkin County during the month of January. No changes in drought category were observed over the course of the month. Precipitation for the month was around 0.25 inches below normal in this area with the dry pattern extending back into the summer months.,CSV
202601,1,0,202601,31,2359,210174,1310893,MINNESOTA,27,2026,January,Drought,Z,36,SOUTHERN AITKIN,DLH,01-JAN-26 00:00:00,CST-6,31-JAN-26 23:59:00,0,0,0,0,0.00K,0.00K,Drought Monitor,,,,,,,,,,,,,,,,,,,,,,D2 Severe Drought conditions persisted across parts of northeastern Minnesota during the month of January. No changes in the drought status occurred over the course of the month. Precipitation for the month was around 0.25 to 0.75 inches below normal in this area with the dry pattern extending back into the summer months.,D2 Severe Drought conditions persisted across the eastern quarter of southern Aitkin County during the month of January. No changes in drought category were observed over the course of the month. Precipitation for the month was 0.25 to 0.75 inches below normal in this area with the dry pattern extending back into the summer months.,CSV
202601,22,1600,202601,23,1100,210212,1311026,MINNESOTA,27,2026,January,Extreme Cold/Wind Chill,Z,41,DOUGLAS,MPX,22-JAN-26 16:00:00,CST-6,23-JAN-26 11:00:00,0,0,0,0,0.00K,0.00K,ASOS,,,,,,,,,,,,,,,,,,,,,,"A push of dangerously cold air spread across the Upper Midwest behind a series of strong arctic fronts from January 21 through January 23. Wind chills dropped into the -40s across much of the region, with AXN in Alexandria reporting the coldest wind chill of -50F during this stretch of extreme cold. The strongest winds did not line up with the coolest temperatures, limiting wind chills from getting any colder than -50F. ||The peak of the coldest conditions occurred from the evening on the 22nd into the morning of the 23rd. Very cold air temperatures around -10 to -20 below continued until the morning of the 26th, though winds were generally at or below 10 mph, limiting wind chills from dropping below -35F. ||The lowest wind chills were:|-50F at AXN in Alexandria, MN.|-49F at STC in St Cloud, MN.|-49F at OWA in Owatonna, MN.|-49F at GHW in Glenwood, MN.|-47F at MSP in the Twin Cities, MN.|-47F at BDH in Willmar, MN.|-47F at CFE in Buffalo, MN.",KAXN reported wind gusts as high as 30 mph during the early evening as air temperatures dropped from -15F to -25F overnight. The lowest measured wind chill was -50F at 3AM on the 23rd.,CSV
202601,22,1500,202601,23,1100,210212,1311027,MINNESOTA,27,2026,January,Extreme Cold/Wind Chill,Z,42,TODD,MPX,22-JAN-26 15:00:00,CST-6,23-JAN-26 11:00:00,0,0,0,0,0.00K,0.00K,AWOS,,,,,,,,,,,,,,,,,,,,,,"A push of dangerously cold air spread across the Upper Midwest behind a series of strong arctic fronts from January 21 through January 23. Wind chills dropped into the -40s across much of the region, with AXN in Alexandria reporting the coldest wind chill of -50F during this stretch of extreme cold. The strongest winds did not line up with the coolest temperatures, limiting wind chills from getting any colder than -50F. ||The peak of the coldest conditions occurred from the evening on the 22nd into the morning of the 23rd. Very cold air temperatures around -10 to -20 below continued until the morning of the 26th, though winds were generally at or below 10 mph, limiting wind chills from dropping below -35F. ||The lowest wind chills were:|-50F at AXN in Alexandria, MN.|-49F at STC in St Cloud, MN.|-49F at OWA in Owatonna, MN.|-49F at GHW in Glenwood, MN.|-47F at MSP in the Twin Cities, MN.|-47F at BDH in Willmar, MN.|-47F at CFE in Buffalo, MN.",K14Y reported wind gusts as high as 30 mph during the early evening as air temperatures dropped from -15F to -25F overnight. The lowest measured wind chill was -47F at 7PM on the 22nd.,CSV
202601,22,2100,202601,23,1100,210212,1311843,MINNESOTA,27,2026,January,Extreme Cold/Wind Chill,Z,93,FREEBORN,MPX,22-JAN-26 21:00:00,CST-6,23-JAN-26 11:00:00,0,0,0,0,0.00K,0.00K,AWOS,,,,,,,,,,,,,,,,,,,,,,"A push of dangerously cold air spread across the Upper Midwest behind a series of strong arctic fronts from January 21 through January 23. Wind chills dropped into the -40s across much of the region, with AXN in Alexandria reporting the coldest wind chill of -50F during this stretch of extreme cold. The strongest winds did not line up with the coolest temperatures, limiting wind chills from getting any colder than -50F. ||The peak of the coldest conditions occurred from the evening on the 22nd into the morning of the 23rd. Very cold air temperatures around -10 to -20 below continued until the morning of the 26th, though winds were generally at or below 10 mph, limiting wind chills from dropping below -35F. ||The lowest wind chills were:|-50F at AXN in Alexandria, MN.|-49F at STC in St Cloud, MN.|-49F at OWA in Owatonna, MN.|-49F at GHW in Glenwood, MN.|-47F at MSP in the Twin Cities, MN.|-47F at BDH in Willmar, MN.|-47F at CFE in Buffalo, MN.",KAEL reported wind gusts as high as 30mph during the evening as air temperatures dropped from -10F to -19F overnight. The lowest measured wind chill was -42F at 3AM on the 23rd.,CSV
202601,22,1900,202601,23,1100,210212,1311851,MINNESOTA,27,2026,January,Extreme Cold/Wind Chill,Z,85,STEELE,MPX,22-JAN-26 19:00:00,CST-6,23-JAN-26 11:00:00,0,0,0,0,0.00K,0.00K,AWOS,,,,,,,,,,,,,,,,,,,,,,"A push of dangerously cold air spread across the Upper Midwest behind a series of strong arctic fronts from January 21 through January 23. Wind chills dropped into the -40s across much of the region, with AXN in Alexandria reporting the coldest wind chill of -50F during this stretch of extreme cold. The strongest winds did not line up with the coolest temperatures, limiting wind chills from getting any colder than -50F. ||The peak of the coldest conditions occurred from the evening on the 22nd into the morning of the 23rd. Very cold air temperatures around -10 to -20 below continued until the morning of the 26th, though winds were generally at or below 10 mph, limiting wind chills from dropping below -35F. ||The lowest wind chills were:|-50F at AXN in Alexandria, MN.|-49F at STC in St Cloud, MN.|-49F at OWA in Owatonna, MN.|-49F at GHW in Glenwood, MN.|-47F at MSP in the Twin Cities, MN.|-47F at BDH in Willmar, MN.|-47F at CFE in Buffalo, MN.",KOWA reported wind gusts as high as 35mph during the evening as air temperatures dropped from -15F to -22F overnight. The lowest measured wind chill was -49F at 2:30AM on the 23rd.,CSV
202601,4,1600,202601,5,0,210176,1310903,MINNESOTA,27,2026,January,Heavy Snow,Z,12,NORTHERN COOK / NORTHERN LAKE,DLH,04-JAN-26 16:00:00,CST-6,05-JAN-26 00:00:00,0,0,0,0,0.00K,0.00K,Public,,,,,,,,,,,,,,,,,,,,,,"An area of low pressure moved across the Upper Midwest the afternoon of the 4th into the early morning of the 5th. This brought a wintry mix to the Northland with snow, sleet, and freezing drizzle. An area of heavy banded snow along the lake and terrain enhancement set up along the North Shore around Grand Marais and areas further inland in northern Cook County. This led to snowfall amounts of 5 to 8 inches in this area with upwards of 9 inches reported near Grand Marais in about 6 hours.",Snow was heavier than expected across portions of northern Cook County. Totals ended up in the 5 to 7 inch range with a high report of 7.5 inches 14 miles east-southeast of Sea Gull Lake.,CSV
202601,4,1700,202601,5,0,210176,1310904,MINNESOTA,27,2026,January,Heavy Snow,Z,21,SOUTHERN COOK,DLH,04-JAN-26 17:00:00,CST-6,05-JAN-26 00:00:00,0,0,0,0,0.00K,0.00K,Trained Spotter,,,,,,,,,,,,,,,,,,,,,,"An area of low pressure moved across the Upper Midwest the afternoon of the 4th into the early morning of the 5th. This brought a wintry mix to the Northland with snow, sleet, and freezing drizzle. An area of heavy banded snow along the lake and terrain enhancement set up along the North Shore around Grand Marais and areas further inland in northern Cook County. This led to snowfall amounts of 5 to 8 inches in this area with upwards of 9 inches reported near Grand Marais in about 6 hours.",Snow was heavier than expected and quickly piled up along the North Shore of Lake Superior. Snowfall totals of 6 to 8 inches were received with a high report of 9.5 inches from 3.8 miles north-northeast of Grand Marais.,CSV
202601,22,1700,202601,23,1000,210212,1311028,MINNESOTA,27,2026,January,Extreme Cold/Wind Chill,Z,43,MORRISON,MPX,22-JAN-26 17:00:00,CST-6,23-JAN-26 10:00:00,0,0,0,0,0.00K,0.00K,AWOS,,,,,,,,,,,,,,,,,,,,,,"A push of dangerously cold air spread across the Upper Midwest behind a series of strong arctic fronts from January 21 through January 23. Wind chills dropped into the -40s across much of the region, with AXN in Alexandria reporting the coldest wind chill of -50F during this stretch of extreme cold. The strongest winds did not line up with the coolest temperatures, limiting wind chills from getting any colder than -50F. ||The peak of the coldest conditions occurred from the evening on the 22nd into the morning of the 23rd. Very cold air temperatures around -10 to -20 below continued until the morning of the 26th, though winds were generally at or below 10 mph, limiting wind chills from dropping below -35F. ||The lowest wind chills were:|-50F at AXN in Alexandria, MN.|-49F at STC in St Cloud, MN.|-49F at OWA in Owatonna, MN.|-49F at GHW in Glenwood, MN.|-47F at MSP in the Twin Cities, MN.|-47F at BDH in Willmar, MN.|-47F at CFE in Buffalo, MN.",KLXL reported wind gusts as high as 30 mph during the early evening as air temperatures dropped from -15F to -25F overnight. The lowest measured wind chill was -45F at 7:30PM on the 22nd.,CSV
202601,22,1500,202601,23,1100,210212,1311029,MINNESOTA,27,2026,January,Extreme Cold/Wind Chill,Z,47,STEVENS,MPX,22-JAN-26 15:00:00,CST-6,23-JAN-26 11:00:00,0,0,0,0,0.00K,0.00K,AWOS,,,,,,,,,,,,,,,,,,,,,,"A push of dangerously cold air spread across the Upper Midwest behind a series of strong arctic fronts from January 21 through January 23. Wind chills dropped into the -40s across much of the region, with AXN in Alexandria reporting the coldest wind chill of -50F during this stretch of extreme cold. The strongest winds did not line up with the coolest temperatures, limiting wind chills from getting any colder than -50F. ||The peak of the coldest conditions occurred from the evening on the 22nd into the morning of the 23rd. Very cold air temperatures around -10 to -20 below continued until the morning of the 26th, though winds were generally at or below 10 mph, limiting wind chills from dropping below -35F. ||The lowest wind chills were:|-50F at AXN in Alexandria, MN.|-49F at STC in St Cloud, MN.|-49F at OWA in Owatonna, MN.|-49F at GHW in Glenwood, MN.|-47F at MSP in the Twin Cities, MN.|-47F at BDH in Willmar, MN.|-47F at CFE in Buffalo, MN.",KMOX reported wind gusts as high as 30 mph overnight as air temperatures dropped from -15F to -20F. The lowest measured wind chill was -45F at 11:30PM on the 22nd.,CSV
202601,22,2000,202601,23,1000,210212,1311853,MINNESOTA,27,2026,January,Extreme Cold/Wind Chill,Z,84,WASECA,MPX,22-JAN-26 20:00:00,CST-6,23-JAN-26 10:00:00,0,0,0,0,0.00K,0.00K,AWOS,,,,,,,,,,,,,,,,,,,,,,"A push of dangerously cold air spread across the Upper Midwest behind a series of strong arctic fronts from January 21 through January 23. Wind chills dropped into the -40s across much of the region, with AXN in Alexandria reporting the coldest wind chill of -50F during this stretch of extreme cold. The strongest winds did not line up with the coolest temperatures, limiting wind chills from getting any colder than -50F. ||The peak of the coldest conditions occurred from the evening on the 22nd into the morning of the 23rd. Very cold air temperatures around -10 to -20 below continued until the morning of the 26th, though winds were generally at or below 10 mph, limiting wind chills from dropping below -35F. ||The lowest wind chills were:|-50F at AXN in Alexandria, MN.|-49F at STC in St Cloud, MN.|-49F at OWA in Owatonna, MN.|-49F at GHW in Glenwood, MN.|-47F at MSP in the Twin Cities, MN.|-47F at BDH in Willmar, MN.|-47F at CFE in Buffalo, MN.",KACQ reported wind gusts as high as 30mph during the evening as air temperatures dropped from -15F to -20F overnight. The lowest measured wind chill was -47F at 1AM on the 23rd.,CSV
202601,22,1900,202601,23,1000,210212,1311862,MINNESOTA,27,2026,January,Extreme Cold/Wind Chill,Z,78,GOODHUE,MPX,22-JAN-26 19:00:00,CST-6,23-JAN-26 10:00:00,0,0,0,0,0.00K,0.00K,AWOS,,,,,,,,,,,,,,,,,,,,,,"A push of dangerously cold air spread across the Upper Midwest behind a series of strong arctic fronts from January 21 through January 23. Wind chills dropped into the -40s across much of the region, with AXN in Alexandria reporting the coldest wind chill of -50F during this stretch of extreme cold. The strongest winds did not line up with the coolest temperatures, limiting wind chills from getting any colder than -50F. ||The peak of the coldest conditions occurred from the evening on the 22nd into the morning of the 23rd. Very cold air temperatures around -10 to -20 below continued until the morning of the 26th, though winds were generally at or below 10 mph, limiting wind chills from dropping below -35F. ||The lowest wind chills were:|-50F at AXN in Alexandria, MN.|-49F at STC in St Cloud, MN.|-49F at OWA in Owatonna, MN.|-49F at GHW in Glenwood, MN.|-47F at MSP in the Twin Cities, MN.|-47F at BDH in Willmar, MN.|-47F at CFE in Buffalo, MN.",KSYN reported wind gusts as high as 30mph during the evening as air temperatures dropped from -15F to -20F overnight. The lowest measured wind chill was -42F at 1AM on the 23rd.,CSV
202601,22,1530,202601,23,1100,210212,1311033,MINNESOTA,27,2026,January,Extreme Cold/Wind Chill,Z,48,POPE,MPX,22-JAN-26 15:30:00,CST-6,23-JAN-26 11:00:00,0,0,0,0,0.00K,0.00K,AWOS,,,,,,,,,,,,,,,,,,,,,,"A push of dangerously cold air spread across the Upper Midwest behind a series of strong arctic fronts from January 21 through January 23. Wind chills dropped into the -40s across much of the region, with AXN in Alexandria reporting the coldest wind chill of -50F during this stretch of extreme cold. The strongest winds did not line up with the coolest temperatures, limiting wind chills from getting any colder than -50F. ||The peak of the coldest conditions occurred from the evening on the 22nd into the morning of the 23rd. Very cold air temperatures around -10 to -20 below continued until the morning of the 26th, though winds were generally at or below 10 mph, limiting wind chills from dropping below -35F. ||The lowest wind chills were:|-50F at AXN in Alexandria, MN.|-49F at STC in St Cloud, MN.|-49F at OWA in Owatonna, MN.|-49F at GHW in Glenwood, MN.|-47F at MSP in the Twin Cities, MN.|-47F at BDH in Willmar, MN.|-47F at CFE in Buffalo, MN.",KGHW reported wind gusts as high as 30 mph overnight as air temperatures dropped from -15F to -25F. The lowest measured wind chill was -49F at 2:30AM on the 23rd.,CSV
202601,22,1600,202601,23,1100,210212,1311035,MINNESOTA,27,2026,January,Extreme Cold/Wind Chill,Z,49,STEARNS,MPX,22-JAN-26 16:00:00,CST-6,23-JAN-26 11:00:00,0,0,0,0,0.00K,0.00K,AWOS,,,,,,,,,,,,,,,,,,,,,,"A push of dangerously cold air spread across the Upper Midwest behind a series of strong arctic fronts from January 21 through January 23. Wind chills dropped into the -40s across much of the region, with AXN in Alexandria reporting the coldest wind chill of -50F during this stretch of extreme cold. The strongest winds did not line up with the coolest temperatures, limiting wind chills from getting any colder than -50F. ||The peak of the coldest conditions occurred from the evening on the 22nd into the morning of the 23rd. Very cold air temperatures around -10 to -20 below continued until the morning of the 26th, though winds were generally at or below 10 mph, limiting wind chills from dropping below -35F. ||The lowest wind chills were:|-50F at AXN in Alexandria, MN.|-49F at STC in St Cloud, MN.|-49F at OWA in Owatonna, MN.|-49F at GHW in Glenwood, MN.|-47F at MSP in the Twin Cities, MN.|-47F at BDH in Willmar, MN.|-47F at CFE in Buffalo, MN.",KD39 reported wind gusts as high as 25 mph overnight as air temperatures dropped from -15F to -23F. The lowest measured wind chill was -47F at 9PM on the 22nd.,CSV
202601,22,2200,202601,23,200,210212,1312209,MINNESOTA,27,2026,January,Extreme Cold/Wind Chill,Z,64,YELLOW MEDICINE,MPX,22-JAN-26 22:00:00,CST-6,23-JAN-26 02:00:00,0,0,0,0,0.00K,0.00K,AWOS,,,,,,,,,,,,,,,,,,,,,,"A push of dangerously cold air spread across the Upper Midwest behind a series of strong arctic fronts from January 21 through January 23. Wind chills dropped into the -40s across much of the region, with AXN in Alexandria reporting the coldest wind chill of -50F during this stretch of extreme cold. The strongest winds did not line up with the coolest temperatures, limiting wind chills from getting any colder than -50F. ||The peak of the coldest conditions occurred from the evening on the 22nd into the morning of the 23rd. Very cold air temperatures around -10 to -20 below continued until the morning of the 26th, though winds were generally at or below 10 mph, limiting wind chills from dropping below -35F. ||The lowest wind chills were:|-50F at AXN in Alexandria, MN.|-49F at STC in St Cloud, MN.|-49F at OWA in Owatonna, MN.|-49F at GHW in Glenwood, MN.|-47F at MSP in the Twin Cities, MN.|-47F at BDH in Willmar, MN.|-47F at CFE in Buffalo, MN.","KGDB reported wind gusts as high as 25 mph overnight as air temperatures dropped from -15F to -20F. The AWOS there measured its lowest wind chill of -39F at midnight, and nearby KDXX in Madison and KMVE measured wind chills as low as -45F during the morning of the 23rd.",CSV
202601,5,2000,202601,6,300,209886,1308921,MINNESOTA,27,2026,January,Winter Weather,Z,66,MCLEOD,MPX,05-JAN-26 20:00:00,CST-6,06-JAN-26 03:00:00,0,0,0,0,0.00K,0.00K,AWOS,,,,,,,,,,,,,,,,,,,,,,"A second wave of wintry precipitation occurred 24 hours after a light mix of snow and freezing rain fell the day prior. This round was heavier and temperatures were right around freezing, leading to a mixture of freezing rain and rain. For most locations, the main period of freezing occurred overnight from the 5th into the 6th as rainfall rates were lighter. Rates then increased during the morning of the 6th which made it difficult for ice accretion to continue as temperatures hovered right around the freezing point. By the morning commute, most areas saw more of a crunchy slush on the ground as the heavier rain started to melt the coating of ice that developed overnight. The heaviest impacted area was western Hennepin, Wright, Anoka, and Chisago counties where temperatures were slightly cooler and the rain rates were not as heavy.",The AWOS at KHCD reported several hours of freezing precipitation starting during the evening of January 5th and lasting into the early morning of the 6th. CoCoRaHS observers reported freezing rain and ice covered sidewalks near Hutchinson and Glencoe.,CSV
202601,22,1800,202601,23,1000,210212,1311037,MINNESOTA,27,2026,January,Extreme Cold/Wind Chill,Z,55,SWIFT,MPX,22-JAN-26 18:00:00,CST-6,23-JAN-26 10:00:00,0,0,0,0,0.00K,0.00K,AWOS,,,,,,,,,,,,,,,,,,,,,,"A push of dangerously cold air spread across the Upper Midwest behind a series of strong arctic fronts from January 21 through January 23. Wind chills dropped into the -40s across much of the region, with AXN in Alexandria reporting the coldest wind chill of -50F during this stretch of extreme cold. The strongest winds did not line up with the coolest temperatures, limiting wind chills from getting any colder than -50F. ||The peak of the coldest conditions occurred from the evening on the 22nd into the morning of the 23rd. Very cold air temperatures around -10 to -20 below continued until the morning of the 26th, though winds were generally at or below 10 mph, limiting wind chills from dropping below -35F. ||The lowest wind chills were:|-50F at AXN in Alexandria, MN.|-49F at STC in St Cloud, MN.|-49F at OWA in Owatonna, MN.|-49F at GHW in Glenwood, MN.|-47F at MSP in the Twin Cities, MN.|-47F at BDH in Willmar, MN.|-47F at CFE in Buffalo, MN.",KBBB reported wind gusts as high as 25 mph overnight as air temperatures dropped from -15F to -20F. The lowest measured wind chill was -45F at 1AM on the 23rd.,CSV
202601,22,1800,202601,23,1000,210212,1311041,MINNESOTA,27,2026,January,Extreme Cold/Wind Chill,Z,57,KANDIYOHI,MPX,22-JAN-26 18:00:00,CST-6,23-JAN-26 10:00:00,0,0,0,0,0.00K,0.00K,AWOS,,,,,,,,,,,,,,,,,,,,,,"A push of dangerously cold air spread across the Upper Midwest behind a series of strong arctic fronts from January 21 through January 23. Wind chills dropped into the -40s across much of the region, with AXN in Alexandria reporting the coldest wind chill of -50F during this stretch of extreme cold. The strongest winds did not line up with the coolest temperatures, limiting wind chills from getting any colder than -50F. ||The peak of the coldest conditions occurred from the evening on the 22nd into the morning of the 23rd. Very cold air temperatures around -10 to -20 below continued until the morning of the 26th, though winds were generally at or below 10 mph, limiting wind chills from dropping below -35F. ||The lowest wind chills were:|-50F at AXN in Alexandria, MN.|-49F at STC in St Cloud, MN.|-49F at OWA in Owatonna, MN.|-49F at GHW in Glenwood, MN.|-47F at MSP in the Twin Cities, MN.|-47F at BDH in Willmar, MN.|-47F at CFE in Buffalo, MN.",KBDH reported wind gusts as high as 30 mph during the early evening as air temperatures dropped from -15F to -20F overnight. The lowest measured wind chill was -47F at 3:30AM on the 23rd.,CSV
202601,5,2100,202601,6,200,209886,1309082,MINNESOTA,27,2026,January,Winter Weather,Z,69,SCOTT,MPX,05-JAN-26 21:00:00,CST-6,06-JAN-26 02:00:00,0,0,0,0,0.00K,0.00K,ASOS,,,,,,,,,,,,,,,,,,,,,,"A second wave of wintry precipitation occurred 24 hours after a light mix of snow and freezing rain fell the day prior. This round was heavier and temperatures were right around freezing, leading to a mixture of freezing rain and rain. For most locations, the main period of freezing occurred overnight from the 5th into the 6th as rainfall rates were lighter. Rates then increased during the morning of the 6th which made it difficult for ice accretion to continue as temperatures hovered right around the freezing point. By the morning commute, most areas saw more of a crunchy slush on the ground as the heavier rain started to melt the coating of ice that developed overnight. The heaviest impacted area was western Hennepin, Wright, Anoka, and Chisago counties where temperatures were slightly cooler and the rain rates were not as heavy.",The ASOS at nearby KFCM reported a few hours of freezing precipitation starting during the evening of January 5th and lasting into the early morning of the 6th. Warming temperatures and heavier rainfall rates later in the morning allowed the ice to partially melt by the morning commute.,CSV
202601,5,2200,202601,6,100,209886,1309085,MINNESOTA,27,2026,January,Winter Weather,Z,77,RICE,MPX,05-JAN-26 22:00:00,CST-6,06-JAN-26 01:00:00,0,0,0,0,0.00K,0.00K,CoCoRaHS,,,,,,,,,,,,,,,,,,,,,,"A second wave of wintry precipitation occurred 24 hours after a light mix of snow and freezing rain fell the day prior. This round was heavier and temperatures were right around freezing, leading to a mixture of freezing rain and rain. For most locations, the main period of freezing occurred overnight from the 5th into the 6th as rainfall rates were lighter. Rates then increased during the morning of the 6th which made it difficult for ice accretion to continue as temperatures hovered right around the freezing point. By the morning commute, most areas saw more of a crunchy slush on the ground as the heavier rain started to melt the coating of ice that developed overnight. The heaviest impacted area was western Hennepin, Wright, Anoka, and Chisago counties where temperatures were slightly cooler and the rain rates were not as heavy.",CoCoRaHS observers reported a mix of light freezing rain and rain overnight that resulted in a glaze of ice on sidewalks near Northfield.,CSV
202601,22,2000,202601,23,300,210212,1311043,MINNESOTA,27,2026,January,Extreme Cold/Wind Chill,Z,56,CHIPPEWA,MPX,22-JAN-26 20:00:00,CST-6,23-JAN-26 03:00:00,0,0,0,0,0.00K,0.00K,AWOS,,,,,,,,,,,,,,,,,,,,,,"A push of dangerously cold air spread across the Upper Midwest behind a series of strong arctic fronts from January 21 through January 23. Wind chills dropped into the -40s across much of the region, with AXN in Alexandria reporting the coldest wind chill of -50F during this stretch of extreme cold. The strongest winds did not line up with the coolest temperatures, limiting wind chills from getting any colder than -50F. ||The peak of the coldest conditions occurred from the evening on the 22nd into the morning of the 23rd. Very cold air temperatures around -10 to -20 below continued until the morning of the 26th, though winds were generally at or below 10 mph, limiting wind chills from dropping below -35F. ||The lowest wind chills were:|-50F at AXN in Alexandria, MN.|-49F at STC in St Cloud, MN.|-49F at OWA in Owatonna, MN.|-49F at GHW in Glenwood, MN.|-47F at MSP in the Twin Cities, MN.|-47F at BDH in Willmar, MN.|-47F at CFE in Buffalo, MN.",KMVE reported wind gusts as high as 25 mph overnight as air temperatures dropped from -15F to -20F. The lowest measured wind chill was -45F at 2AM on the 23rd.,CSV
202601,22,1900,202601,23,900,210212,1311046,MINNESOTA,27,2026,January,Extreme Cold/Wind Chill,Z,58,MEEKER,MPX,22-JAN-26 19:00:00,CST-6,23-JAN-26 09:00:00,0,0,0,0,0.00K,0.00K,AWOS,,,,,,,,,,,,,,,,,,,,,,"A push of dangerously cold air spread across the Upper Midwest behind a series of strong arctic fronts from January 21 through January 23. Wind chills dropped into the -40s across much of the region, with AXN in Alexandria reporting the coldest wind chill of -50F during this stretch of extreme cold. The strongest winds did not line up with the coolest temperatures, limiting wind chills from getting any colder than -50F. ||The peak of the coldest conditions occurred from the evening on the 22nd into the morning of the 23rd. Very cold air temperatures around -10 to -20 below continued until the morning of the 26th, though winds were generally at or below 10 mph, limiting wind chills from dropping below -35F. ||The lowest wind chills were:|-50F at AXN in Alexandria, MN.|-49F at STC in St Cloud, MN.|-49F at OWA in Owatonna, MN.|-49F at GHW in Glenwood, MN.|-47F at MSP in the Twin Cities, MN.|-47F at BDH in Willmar, MN.|-47F at CFE in Buffalo, MN.",KLJF reported wind gusts as high as 25 mph during the early evening as air temperatures dropped from -15F to -20F overnight. The lowest measured wind chill was -47F at 11PM on the 22nd.,CSV
202601,5,2200,202601,6,300,209886,1309089,MINNESOTA,27,2026,January,Winter Weather,Z,78,GOODHUE,MPX,05-JAN-26 22:00:00,CST-6,06-JAN-26 03:00:00,0,0,0,0,0.00K,0.00K,CoCoRaHS,,,,,,,,,,,,,,,,,,,,,,"A second wave of wintry precipitation occurred 24 hours after a light mix of snow and freezing rain fell the day prior. This round was heavier and temperatures were right around freezing, leading to a mixture of freezing rain and rain. For most locations, the main period of freezing occurred overnight from the 5th into the 6th as rainfall rates were lighter. Rates then increased during the morning of the 6th which made it difficult for ice accretion to continue as temperatures hovered right around the freezing point. By the morning commute, most areas saw more of a crunchy slush on the ground as the heavier rain started to melt the coating of ice that developed overnight. The heaviest impacted area was western Hennepin, Wright, Anoka, and Chisago counties where temperatures were slightly cooler and the rain rates were not as heavy.",CoCoRaHS observers reported a mix of light freezing rain and rain overnight that resulted in some icy spots where roads had not been treated near Zumbrota and Nerstrand.,CSV
202601,5,2200,202601,6,500,209886,1309091,MINNESOTA,27,2026,January,Winter Weather,Z,70,DAKOTA,MPX,05-JAN-26 22:00:00,CST-6,06-JAN-26 05:00:00,0,0,0,0,0.00K,0.00K,AWOS,,,,,,,,,,,,,,,,,,,,,,"A second wave of wintry precipitation occurred 24 hours after a light mix of snow and freezing rain fell the day prior. This round was heavier and temperatures were right around freezing, leading to a mixture of freezing rain and rain. For most locations, the main period of freezing occurred overnight from the 5th into the 6th as rainfall rates were lighter. Rates then increased during the morning of the 6th which made it difficult for ice accretion to continue as temperatures hovered right around the freezing point. By the morning commute, most areas saw more of a crunchy slush on the ground as the heavier rain started to melt the coating of ice that developed overnight. The heaviest impacted area was western Hennepin, Wright, Anoka, and Chisago counties where temperatures were slightly cooler and the rain rates were not as heavy.","The AWOS at KLVN reported several hours of freezing precipitation starting during the evening of January 5th and lasting into the morning of the 6th. CoCoRaHS observers reported a mix of freezing rain and drizzle, with some light icing on surfaces during the morning.",CSV
202601,22,1900,202601,23,400,210212,1311048,MINNESOTA,27,2026,January,Extreme Cold/Wind Chill,Z,59,WRIGHT,MPX,22-JAN-26 19:00:00,CST-6,23-JAN-26 04:00:00,0,0,0,0,0.00K,0.00K,AWOS,,,,,,,,,,,,,,,,,,,,,,"A push of dangerously cold air spread across the Upper Midwest behind a series of strong arctic fronts from January 21 through January 23. Wind chills dropped into the -40s across much of the region, with AXN in Alexandria reporting the coldest wind chill of -50F during this stretch of extreme cold. The strongest winds did not line up with the coolest temperatures, limiting wind chills from getting any colder than -50F. ||The peak of the coldest conditions occurred from the evening on the 22nd into the morning of the 23rd. Very cold air temperatures around -10 to -20 below continued until the morning of the 26th, though winds were generally at or below 10 mph, limiting wind chills from dropping below -35F. ||The lowest wind chills were:|-50F at AXN in Alexandria, MN.|-49F at STC in St Cloud, MN.|-49F at OWA in Owatonna, MN.|-49F at GHW in Glenwood, MN.|-47F at MSP in the Twin Cities, MN.|-47F at BDH in Willmar, MN.|-47F at CFE in Buffalo, MN.",KMGG reported wind gusts as high as 25 mph overnight as air temperatures dropped from -15F to -20F. The lowest measured wind chill was -48F at 12AM on the 23rd.,CSV
202601,22,1700,202601,23,1000,210212,1311053,MINNESOTA,27,2026,January,Extreme Cold/Wind Chill,Z,51,SHERBURNE,MPX,22-JAN-26 17:00:00,CST-6,23-JAN-26 10:00:00,0,0,0,0,0.00K,0.00K,ASOS,,,,,,,,,,,,,,,,,,,,,,"A push of dangerously cold air spread across the Upper Midwest behind a series of strong arctic fronts from January 21 through January 23. Wind chills dropped into the -40s across much of the region, with AXN in Alexandria reporting the coldest wind chill of -50F during this stretch of extreme cold. The strongest winds did not line up with the coolest temperatures, limiting wind chills from getting any colder than -50F. ||The peak of the coldest conditions occurred from the evening on the 22nd into the morning of the 23rd. Very cold air temperatures around -10 to -20 below continued until the morning of the 26th, though winds were generally at or below 10 mph, limiting wind chills from dropping below -35F. ||The lowest wind chills were:|-50F at AXN in Alexandria, MN.|-49F at STC in St Cloud, MN.|-49F at OWA in Owatonna, MN.|-49F at GHW in Glenwood, MN.|-47F at MSP in the Twin Cities, MN.|-47F at BDH in Willmar, MN.|-47F at CFE in Buffalo, MN.",KSTC reported wind gusts as high as 25 mph overnight as air temperatures dropped from -15F to -25F. The lowest measured wind chill was -49F at 11PM on the 22nd.,CSV
202601,5,2200,202601,6,600,209886,1309101,MINNESOTA,27,2026,January,Winter Weather,Z,61,ANOKA,MPX,05-JAN-26 22:00:00,CST-6,06-JAN-26 06:00:00,0,0,0,0,0.00K,0.00K,CoCoRaHS,,,,,,,,,,,,,,,,,,,,,,"A second wave of wintry precipitation occurred 24 hours after a light mix of snow and freezing rain fell the day prior. This round was heavier and temperatures were right around freezing, leading to a mixture of freezing rain and rain. For most locations, the main period of freezing occurred overnight from the 5th into the 6th as rainfall rates were lighter. Rates then increased during the morning of the 6th which made it difficult for ice accretion to continue as temperatures hovered right around the freezing point. By the morning commute, most areas saw more of a crunchy slush on the ground as the heavier rain started to melt the coating of ice that developed overnight. The heaviest impacted area was western Hennepin, Wright, Anoka, and Chisago counties where temperatures were slightly cooler and the rain rates were not as heavy.",The AWOS at KANE reported multiple hours of freezing precipitation starting during the evening of January 5th and lasting into the early morning of the 6th. Several CoCoRaHS observers reported light ice accumulation overnight with many surfaces being completely covered in a layer of ice by the morning.,CSV
202601,5,2000,202601,6,400,209886,1309102,MINNESOTA,27,2026,January,Winter Weather,Z,59,WRIGHT,MPX,05-JAN-26 20:00:00,CST-6,06-JAN-26 04:00:00,0,0,0,0,0.00K,0.00K,CoCoRaHS,,,,,,,,,,,,,,,,,,,,,,"A second wave of wintry precipitation occurred 24 hours after a light mix of snow and freezing rain fell the day prior. This round was heavier and temperatures were right around freezing, leading to a mixture of freezing rain and rain. For most locations, the main period of freezing occurred overnight from the 5th into the 6th as rainfall rates were lighter. Rates then increased during the morning of the 6th which made it difficult for ice accretion to continue as temperatures hovered right around the freezing point. By the morning commute, most areas saw more of a crunchy slush on the ground as the heavier rain started to melt the coating of ice that developed overnight. The heaviest impacted area was western Hennepin, Wright, Anoka, and Chisago counties where temperatures were slightly cooler and the rain rates were not as heavy.",Several CoCoRaHS observers reported freezing rain and light ice accumulation overnight with many surfaces being completely covered in a layer of ice by the morning.,CSV
202601,16,700,202601,17,1300,209910,1309153,MINNESOTA,27,2026,January,Blizzard,Z,47,STEVENS,MPX,16-JAN-26 07:00:00,CST-6,17-JAN-26 13:00:00,0,0,0,0,0.00K,0.00K,AWOS,,,,,,,,,,,,,,,,,,,,,,"A strong cold front resulted in gusty winds and light snow from the morning of the 16th through the afternoon of the 17th. Since there was little to no snowpack on the ground, any reductions in visibility depended on how heavy the falling snow was and how strong winds were. Conditions were generally worst in open, rural areas where the snowfall was able to blow around easier.||Winds gusted over 40 mph in parts of western and southern Minnesota, and generally under an inch of snow fell across the region. Visibilities dropped to 1/4 mile in several locations, though it was often brief due to the showery nature of the snowfall. Two counties, Stevens and Watonwan, experienced blizzard conditions, with prolonged reductions in visibility at or below 1/4 mile and very strong winds.||The strongest measured wind gusts from January 16-17 were:|44 mph at KMOX in Morris, MN.|43 mph at KULM in New Ulm, MN|43 mph at KRWF in Redwood Falls, MN.|43 mph at KJYG in St James, MN.|41 mph at KBBB in Benson, MN.|39 mph at KBDH in Willmar, MN.","The combination of falling snow and very strong northwest winds gusting to around 40 to 45 mph at KMOX, resulted in several hours of visibilities at or below 1/4 mile. The falling snow was intermittent, which allowed for occasional improvements in visibility throughout the event, but overall conditions were dangerous for travel.",CSV
202601,22,1700,202601,23,1000,210212,1311054,MINNESOTA,27,2026,January,Extreme Cold/Wind Chill,Z,50,BENTON,MPX,22-JAN-26 17:00:00,CST-6,23-JAN-26 10:00:00,0,0,0,0,0.00K,0.00K,ASOS,,,,,,,,,,,,,,,,,,,,,,"A push of dangerously cold air spread across the Upper Midwest behind a series of strong arctic fronts from January 21 through January 23. Wind chills dropped into the -40s across much of the region, with AXN in Alexandria reporting the coldest wind chill of -50F during this stretch of extreme cold. The strongest winds did not line up with the coolest temperatures, limiting wind chills from getting any colder than -50F. ||The peak of the coldest conditions occurred from the evening on the 22nd into the morning of the 23rd. Very cold air temperatures around -10 to -20 below continued until the morning of the 26th, though winds were generally at or below 10 mph, limiting wind chills from dropping below -35F. ||The lowest wind chills were:|-50F at AXN in Alexandria, MN.|-49F at STC in St Cloud, MN.|-49F at OWA in Owatonna, MN.|-49F at GHW in Glenwood, MN.|-47F at MSP in the Twin Cities, MN.|-47F at BDH in Willmar, MN.|-47F at CFE in Buffalo, MN.",Nearby KSTC reported wind gusts as high as 25 mph overnight as air temperatures dropped from -15F to -25F. The lowest measured wind chill was -49F at 11PM on the 22nd.,CSV
202601,22,1800,202601,23,1000,210212,1311055,MINNESOTA,27,2026,January,Extreme Cold/Wind Chill,Z,44,MILLE LACS,MPX,22-JAN-26 18:00:00,CST-6,23-JAN-26 10:00:00,0,0,0,0,0.00K,0.00K,AWOS,,,,,,,,,,,,,,,,,,,,,,"A push of dangerously cold air spread across the Upper Midwest behind a series of strong arctic fronts from January 21 through January 23. Wind chills dropped into the -40s across much of the region, with AXN in Alexandria reporting the coldest wind chill of -50F during this stretch of extreme cold. The strongest winds did not line up with the coolest temperatures, limiting wind chills from getting any colder than -50F. ||The peak of the coldest conditions occurred from the evening on the 22nd into the morning of the 23rd. Very cold air temperatures around -10 to -20 below continued until the morning of the 26th, though winds were generally at or below 10 mph, limiting wind chills from dropping below -35F. ||The lowest wind chills were:|-50F at AXN in Alexandria, MN.|-49F at STC in St Cloud, MN.|-49F at OWA in Owatonna, MN.|-49F at GHW in Glenwood, MN.|-47F at MSP in the Twin Cities, MN.|-47F at BDH in Willmar, MN.|-47F at CFE in Buffalo, MN.",KPNM reported wind gusts as high as 30 mph during the early evening as air temperatures dropped from -15F to -25F overnight. The lowest measured wind chill was -47F at 7:30PM on the 22nd.,CSV
202601,22,2200,202601,23,200,210212,1311731,MINNESOTA,27,2026,January,Extreme Cold/Wind Chill,Z,54,LAC QUI PARLE,MPX,22-JAN-26 22:00:00,CST-6,23-JAN-26 02:00:00,0,0,0,0,0.00K,0.00K,AWOS,,,,,,,,,,,,,,,,,,,,,,"A push of dangerously cold air spread across the Upper Midwest behind a series of strong arctic fronts from January 21 through January 23. Wind chills dropped into the -40s across much of the region, with AXN in Alexandria reporting the coldest wind chill of -50F during this stretch of extreme cold. The strongest winds did not line up with the coolest temperatures, limiting wind chills from getting any colder than -50F. ||The peak of the coldest conditions occurred from the evening on the 22nd into the morning of the 23rd. Very cold air temperatures around -10 to -20 below continued until the morning of the 26th, though winds were generally at or below 10 mph, limiting wind chills from dropping below -35F. ||The lowest wind chills were:|-50F at AXN in Alexandria, MN.|-49F at STC in St Cloud, MN.|-49F at OWA in Owatonna, MN.|-49F at GHW in Glenwood, MN.|-47F at MSP in the Twin Cities, MN.|-47F at BDH in Willmar, MN.|-47F at CFE in Buffalo, MN.",KDXX reported wind gusts as high as 25 mph overnight as air temperatures dropped from -15F to -20F. The lowest measured wind chill was -45F at 1AM on the 23rd.,CSV
202601,5,2300,202601,6,700,209886,1309104,MINNESOTA,27,2026,January,Winter Weather,Z,53,CHISAGO,MPX,05-JAN-26 23:00:00,CST-6,06-JAN-26 07:00:00,0,0,0,0,0.00K,0.00K,CoCoRaHS,,,,,,,,,,,,,,,,,,,,,,"A second wave of wintry precipitation occurred 24 hours after a light mix of snow and freezing rain fell the day prior. This round was heavier and temperatures were right around freezing, leading to a mixture of freezing rain and rain. For most locations, the main period of freezing occurred overnight from the 5th into the 6th as rainfall rates were lighter. Rates then increased during the morning of the 6th which made it difficult for ice accretion to continue as temperatures hovered right around the freezing point. By the morning commute, most areas saw more of a crunchy slush on the ground as the heavier rain started to melt the coating of ice that developed overnight. The heaviest impacted area was western Hennepin, Wright, Anoka, and Chisago counties where temperatures were slightly cooler and the rain rates were not as heavy.","The AWOS at KROS reported several hours of freezing precipitation mainly falling during the early morning hours of the 6th. Several CoCoRaHS observers reported light ice accumulation overnight, especially on trees, driveways, and walkways.",CSV
202601,5,2200,202601,6,500,209886,1309105,MINNESOTA,27,2026,January,Winter Weather,Z,63,WASHINGTON,MPX,05-JAN-26 22:00:00,CST-6,06-JAN-26 05:00:00,0,0,0,0,0.00K,0.00K,CoCoRaHS,,,,,,,,,,,,,,,,,,,,,,"A second wave of wintry precipitation occurred 24 hours after a light mix of snow and freezing rain fell the day prior. This round was heavier and temperatures were right around freezing, leading to a mixture of freezing rain and rain. For most locations, the main period of freezing occurred overnight from the 5th into the 6th as rainfall rates were lighter. Rates then increased during the morning of the 6th which made it difficult for ice accretion to continue as temperatures hovered right around the freezing point. By the morning commute, most areas saw more of a crunchy slush on the ground as the heavier rain started to melt the coating of ice that developed overnight. The heaviest impacted area was western Hennepin, Wright, Anoka, and Chisago counties where temperatures were slightly cooler and the rain rates were not as heavy.","CoCoRaHS observers reported a mix of freezing rain and rain, with some light icing on surfaces during the morning. Heavier rainfall amounts near or over a half inch and temperatures hovering around or just above freezing limited the total amount of icing that occurred.",CSV
202601,16,700,202601,17,1000,209910,1312626,MINNESOTA,27,2026,January,Winter Weather,Z,48,POPE,MPX,16-JAN-26 07:00:00,CST-6,17-JAN-26 10:00:00,0,0,0,0,0.00K,0.00K,AWOS,,,,,,,,,,,,,,,,,,,,,,"A strong cold front resulted in gusty winds and light snow from the morning of the 16th through the afternoon of the 17th. Since there was little to no snowpack on the ground, any reductions in visibility depended on how heavy the falling snow was and how strong winds were. Conditions were generally worst in open, rural areas where the snowfall was able to blow around easier.||Winds gusted over 40 mph in parts of western and southern Minnesota, and generally under an inch of snow fell across the region. Visibilities dropped to 1/4 mile in several locations, though it was often brief due to the showery nature of the snowfall. Two counties, Stevens and Watonwan, experienced blizzard conditions, with prolonged reductions in visibility at or below 1/4 mile and very strong winds.||The strongest measured wind gusts from January 16-17 were:|44 mph at KMOX in Morris, MN.|43 mph at KULM in New Ulm, MN|43 mph at KRWF in Redwood Falls, MN.|43 mph at KJYG in St James, MN.|41 mph at KBBB in Benson, MN.|39 mph at KBDH in Willmar, MN.",Strong winds gusting to 40 mph and scattered snow showers resulted in periodic reductions in visibility as low as a 1/2 mile at times. Total snow accumulation was under an inch.,CSV
202601,16,600,202601,17,1000,209910,1312630,MINNESOTA,27,2026,January,Winter Weather,Z,42,TODD,MPX,16-JAN-26 06:00:00,CST-6,17-JAN-26 10:00:00,0,0,0,0,0.00K,0.00K,AWOS,,,,,,,,,,,,,,,,,,,,,,"A strong cold front resulted in gusty winds and light snow from the morning of the 16th through the afternoon of the 17th. Since there was little to no snowpack on the ground, any reductions in visibility depended on how heavy the falling snow was and how strong winds were. Conditions were generally worst in open, rural areas where the snowfall was able to blow around easier.||Winds gusted over 40 mph in parts of western and southern Minnesota, and generally under an inch of snow fell across the region. Visibilities dropped to 1/4 mile in several locations, though it was often brief due to the showery nature of the snowfall. Two counties, Stevens and Watonwan, experienced blizzard conditions, with prolonged reductions in visibility at or below 1/4 mile and very strong winds.||The strongest measured wind gusts from January 16-17 were:|44 mph at KMOX in Morris, MN.|43 mph at KULM in New Ulm, MN|43 mph at KRWF in Redwood Falls, MN.|43 mph at KJYG in St James, MN.|41 mph at KBBB in Benson, MN.|39 mph at KBDH in Willmar, MN.",Strong winds gusting to 40 mph and scattered snow showers resulted in periodic reductions in visibility as low as a 1/2 mile at times. Total snow accumulation was under an inch.,CSV
202601,22,1700,202601,23,600,210212,1311056,MINNESOTA,27,2026,January,Extreme Cold/Wind Chill,Z,45,KANABEC,MPX,22-JAN-26 17:00:00,CST-6,23-JAN-26 06:00:00,0,0,0,0,0.00K,0.00K,AWOS,,,,,,,,,,,,,,,,,,,,,,"A push of dangerously cold air spread across the Upper Midwest behind a series of strong arctic fronts from January 21 through January 23. Wind chills dropped into the -40s across much of the region, with AXN in Alexandria reporting the coldest wind chill of -50F during this stretch of extreme cold. The strongest winds did not line up with the coolest temperatures, limiting wind chills from getting any colder than -50F. ||The peak of the coldest conditions occurred from the evening on the 22nd into the morning of the 23rd. Very cold air temperatures around -10 to -20 below continued until the morning of the 26th, though winds were generally at or below 10 mph, limiting wind chills from dropping below -35F. ||The lowest wind chills were:|-50F at AXN in Alexandria, MN.|-49F at STC in St Cloud, MN.|-49F at OWA in Owatonna, MN.|-49F at GHW in Glenwood, MN.|-47F at MSP in the Twin Cities, MN.|-47F at BDH in Willmar, MN.|-47F at CFE in Buffalo, MN.",KJMR reported wind gusts as high as 30 mph during the early evening as air temperatures dropped from -15F to -25F overnight. The lowest measured wind chill was -45F at 2AM on the 23rd.,CSV
202601,22,1900,202601,23,1100,210212,1311057,MINNESOTA,27,2026,January,Extreme Cold/Wind Chill,Z,52,ISANTI,MPX,22-JAN-26 19:00:00,CST-6,23-JAN-26 11:00:00,0,0,0,0,0.00K,0.00K,AWOS,,,,,,,,,,,,,,,,,,,,,,"A push of dangerously cold air spread across the Upper Midwest behind a series of strong arctic fronts from January 21 through January 23. Wind chills dropped into the -40s across much of the region, with AXN in Alexandria reporting the coldest wind chill of -50F during this stretch of extreme cold. The strongest winds did not line up with the coolest temperatures, limiting wind chills from getting any colder than -50F. ||The peak of the coldest conditions occurred from the evening on the 22nd into the morning of the 23rd. Very cold air temperatures around -10 to -20 below continued until the morning of the 26th, though winds were generally at or below 10 mph, limiting wind chills from dropping below -35F. ||The lowest wind chills were:|-50F at AXN in Alexandria, MN.|-49F at STC in St Cloud, MN.|-49F at OWA in Owatonna, MN.|-49F at GHW in Glenwood, MN.|-47F at MSP in the Twin Cities, MN.|-47F at BDH in Willmar, MN.|-47F at CFE in Buffalo, MN.",KCBG reported wind gusts as high as 30 mph during the early evening as air temperatures dropped from -15F to -25F overnight. The lowest measured wind chill was -46F at 2AM on the 23rd.,CSV
202601,5,2300,202601,6,700,209886,1309106,MINNESOTA,27,2026,January,Winter Weather,Z,52,ISANTI,MPX,05-JAN-26 23:00:00,CST-6,06-JAN-26 07:00:00,0,0,0,0,0.00K,0.00K,AWOS,,,,,,,,,,,,,,,,,,,,,,"A second wave of wintry precipitation occurred 24 hours after a light mix of snow and freezing rain fell the day prior. This round was heavier and temperatures were right around freezing, leading to a mixture of freezing rain and rain. For most locations, the main period of freezing occurred overnight from the 5th into the 6th as rainfall rates were lighter. Rates then increased during the morning of the 6th which made it difficult for ice accretion to continue as temperatures hovered right around the freezing point. By the morning commute, most areas saw more of a crunchy slush on the ground as the heavier rain started to melt the coating of ice that developed overnight. The heaviest impacted area was western Hennepin, Wright, Anoka, and Chisago counties where temperatures were slightly cooler and the rain rates were not as heavy.",The AWOS at KCBG reported several hours of freezing precipitation mainly falling during the early morning hours of January 6th. CoCoRaHS observers also reported light ice accumulation overnight near Isanti and north of Princeton.,CSV
202601,16,500,202601,17,1500,209910,1312633,MINNESOTA,27,2026,January,Winter Weather,Z,49,STEARNS,MPX,16-JAN-26 05:00:00,CST-6,17-JAN-26 15:00:00,0,0,0,0,0.00K,0.00K,AWOS,,,,,,,,,,,,,,,,,,,,,,"A strong cold front resulted in gusty winds and light snow from the morning of the 16th through the afternoon of the 17th. Since there was little to no snowpack on the ground, any reductions in visibility depended on how heavy the falling snow was and how strong winds were. Conditions were generally worst in open, rural areas where the snowfall was able to blow around easier.||Winds gusted over 40 mph in parts of western and southern Minnesota, and generally under an inch of snow fell across the region. Visibilities dropped to 1/4 mile in several locations, though it was often brief due to the showery nature of the snowfall. Two counties, Stevens and Watonwan, experienced blizzard conditions, with prolonged reductions in visibility at or below 1/4 mile and very strong winds.||The strongest measured wind gusts from January 16-17 were:|44 mph at KMOX in Morris, MN.|43 mph at KULM in New Ulm, MN|43 mph at KRWF in Redwood Falls, MN.|43 mph at KJYG in St James, MN.|41 mph at KBBB in Benson, MN.|39 mph at KBDH in Willmar, MN.","Strong winds gusting to 30 mph at KD39 and scattered snow showers resulted in periodic reductions in visibility as low as a 1/4 mile at times. Total snow accumulation was under an inch, which limited overall impacts from the storm.",CSV
202601,16,500,202601,17,800,209910,1312638,MINNESOTA,27,2026,January,Winter Weather,Z,56,CHIPPEWA,MPX,16-JAN-26 05:00:00,CST-6,17-JAN-26 08:00:00,0,0,0,0,0.00K,0.00K,AWOS,,,,,,,,,,,,,,,,,,,,,,"A strong cold front resulted in gusty winds and light snow from the morning of the 16th through the afternoon of the 17th. Since there was little to no snowpack on the ground, any reductions in visibility depended on how heavy the falling snow was and how strong winds were. Conditions were generally worst in open, rural areas where the snowfall was able to blow around easier.||Winds gusted over 40 mph in parts of western and southern Minnesota, and generally under an inch of snow fell across the region. Visibilities dropped to 1/4 mile in several locations, though it was often brief due to the showery nature of the snowfall. Two counties, Stevens and Watonwan, experienced blizzard conditions, with prolonged reductions in visibility at or below 1/4 mile and very strong winds.||The strongest measured wind gusts from January 16-17 were:|44 mph at KMOX in Morris, MN.|43 mph at KULM in New Ulm, MN|43 mph at KRWF in Redwood Falls, MN.|43 mph at KJYG in St James, MN.|41 mph at KBBB in Benson, MN.|39 mph at KBDH in Willmar, MN.","Strong winds gusting to 40 mph and scattered snow showers resulted in periodic reductions in visibility as low as 3/4 miles at times, though generally around 2 to 3 miles. Total snow accumulation was under an inch.",CSV
202601,22,2000,202601,23,1100,210212,1311059,MINNESOTA,27,2026,January,Extreme Cold/Wind Chill,Z,53,CHISAGO,MPX,22-JAN-26 20:00:00,CST-6,23-JAN-26 11:00:00,0,0,0,0,0.00K,0.00K,AWOS,,,,,,,,,,,,,,,,,,,,,,"A push of dangerously cold air spread across the Upper Midwest behind a series of strong arctic fronts from January 21 through January 23. Wind chills dropped into the -40s across much of the region, with AXN in Alexandria reporting the coldest wind chill of -50F during this stretch of extreme cold. The strongest winds did not line up with the coolest temperatures, limiting wind chills from getting any colder than -50F. ||The peak of the coldest conditions occurred from the evening on the 22nd into the morning of the 23rd. Very cold air temperatures around -10 to -20 below continued until the morning of the 26th, though winds were generally at or below 10 mph, limiting wind chills from dropping below -35F. ||The lowest wind chills were:|-50F at AXN in Alexandria, MN.|-49F at STC in St Cloud, MN.|-49F at OWA in Owatonna, MN.|-49F at GHW in Glenwood, MN.|-47F at MSP in the Twin Cities, MN.|-47F at BDH in Willmar, MN.|-47F at CFE in Buffalo, MN.",KROS reported wind gusts as high as 25 mph during the early evening as air temperatures dropped from -15F to -25F overnight. The lowest measured wind chill was -42F at 4:30AM on the 23rd.,CSV
202601,22,1830,202601,23,700,210212,1311739,MINNESOTA,27,2026,January,Extreme Cold/Wind Chill,Z,66,MCLEOD,MPX,22-JAN-26 18:30:00,CST-6,23-JAN-26 07:00:00,0,0,0,0,0.00K,0.00K,AWOS,,,,,,,,,,,,,,,,,,,,,,"A push of dangerously cold air spread across the Upper Midwest behind a series of strong arctic fronts from January 21 through January 23. Wind chills dropped into the -40s across much of the region, with AXN in Alexandria reporting the coldest wind chill of -50F during this stretch of extreme cold. The strongest winds did not line up with the coolest temperatures, limiting wind chills from getting any colder than -50F. ||The peak of the coldest conditions occurred from the evening on the 22nd into the morning of the 23rd. Very cold air temperatures around -10 to -20 below continued until the morning of the 26th, though winds were generally at or below 10 mph, limiting wind chills from dropping below -35F. ||The lowest wind chills were:|-50F at AXN in Alexandria, MN.|-49F at STC in St Cloud, MN.|-49F at OWA in Owatonna, MN.|-49F at GHW in Glenwood, MN.|-47F at MSP in the Twin Cities, MN.|-47F at BDH in Willmar, MN.|-47F at CFE in Buffalo, MN.",KHCD reported wind gusts as high as 25 mph overnight as air temperatures dropped from -15F to -20F. The lowest measured wind chill was -46F at 11PM on the 22nd.,CSV
202601,16,300,202601,17,800,209910,1312640,MINNESOTA,27,2026,January,Winter Weather,Z,54,LAC QUI PARLE,MPX,16-JAN-26 03:00:00,CST-6,17-JAN-26 08:00:00,0,0,0,0,0.00K,0.00K,AWOS,,,,,,,,,,,,,,,,,,,,,,"A strong cold front resulted in gusty winds and light snow from the morning of the 16th through the afternoon of the 17th. Since there was little to no snowpack on the ground, any reductions in visibility depended on how heavy the falling snow was and how strong winds were. Conditions were generally worst in open, rural areas where the snowfall was able to blow around easier.||Winds gusted over 40 mph in parts of western and southern Minnesota, and generally under an inch of snow fell across the region. Visibilities dropped to 1/4 mile in several locations, though it was often brief due to the showery nature of the snowfall. Two counties, Stevens and Watonwan, experienced blizzard conditions, with prolonged reductions in visibility at or below 1/4 mile and very strong winds.||The strongest measured wind gusts from January 16-17 were:|44 mph at KMOX in Morris, MN.|43 mph at KULM in New Ulm, MN|43 mph at KRWF in Redwood Falls, MN.|43 mph at KJYG in St James, MN.|41 mph at KBBB in Benson, MN.|39 mph at KBDH in Willmar, MN.",Strong winds gusting to 40 mph and scattered snow showers resulted in periodic reductions in visibility as low as a 1/2 mile at times. Total snow accumulation was under an inch.,CSV
202601,16,400,202601,17,800,209910,1312642,MINNESOTA,27,2026,January,Winter Weather,Z,64,YELLOW MEDICINE,MPX,16-JAN-26 04:00:00,CST-6,17-JAN-26 08:00:00,0,0,0,0,0.00K,0.00K,AWOS,,,,,,,,,,,,,,,,,,,,,,"A strong cold front resulted in gusty winds and light snow from the morning of the 16th through the afternoon of the 17th. Since there was little to no snowpack on the ground, any reductions in visibility depended on how heavy the falling snow was and how strong winds were. Conditions were generally worst in open, rural areas where the snowfall was able to blow around easier.||Winds gusted over 40 mph in parts of western and southern Minnesota, and generally under an inch of snow fell across the region. Visibilities dropped to 1/4 mile in several locations, though it was often brief due to the showery nature of the snowfall. Two counties, Stevens and Watonwan, experienced blizzard conditions, with prolonged reductions in visibility at or below 1/4 mile and very strong winds.||The strongest measured wind gusts from January 16-17 were:|44 mph at KMOX in Morris, MN.|43 mph at KULM in New Ulm, MN|43 mph at KRWF in Redwood Falls, MN.|43 mph at KJYG in St James, MN.|41 mph at KBBB in Benson, MN.|39 mph at KBDH in Willmar, MN.",Strong winds gusting to 35 mph and scattered snow showers resulted in periodic reductions in visibility as low as a 1/2 mile at times. Total snow accumulation was under an inch.,CSV
202601,22,1830,202601,23,700,210212,1311741,MINNESOTA,27,2026,January,Extreme Cold/Wind Chill,Z,65,RENVILLE,MPX,22-JAN-26 18:30:00,CST-6,23-JAN-26 07:00:00,0,0,0,0,0.00K,0.00K,AWOS,,,,,,,,,,,,,,,,,,,,,,"A push of dangerously cold air spread across the Upper Midwest behind a series of strong arctic fronts from January 21 through January 23. Wind chills dropped into the -40s across much of the region, with AXN in Alexandria reporting the coldest wind chill of -50F during this stretch of extreme cold. The strongest winds did not line up with the coolest temperatures, limiting wind chills from getting any colder than -50F. ||The peak of the coldest conditions occurred from the evening on the 22nd into the morning of the 23rd. Very cold air temperatures around -10 to -20 below continued until the morning of the 26th, though winds were generally at or below 10 mph, limiting wind chills from dropping below -35F. ||The lowest wind chills were:|-50F at AXN in Alexandria, MN.|-49F at STC in St Cloud, MN.|-49F at OWA in Owatonna, MN.|-49F at GHW in Glenwood, MN.|-47F at MSP in the Twin Cities, MN.|-47F at BDH in Willmar, MN.|-47F at CFE in Buffalo, MN.",Nearby KHCD in Hutchinson reported wind gusts as high as 25 mph overnight as air temperatures dropped from -15F to -20F. The lowest measured wind chill was -46F at 11PM on the 22nd.,CSV
202601,22,1930,202601,23,900,210212,1311763,MINNESOTA,27,2026,January,Extreme Cold/Wind Chill,Z,63,WASHINGTON,MPX,22-JAN-26 19:30:00,CST-6,23-JAN-26 09:00:00,0,0,0,0,0.00K,0.00K,AWOS,,,,,,,,,,,,,,,,,,,,,,"A push of dangerously cold air spread across the Upper Midwest behind a series of strong arctic fronts from January 21 through January 23. Wind chills dropped into the -40s across much of the region, with AXN in Alexandria reporting the coldest wind chill of -50F during this stretch of extreme cold. The strongest winds did not line up with the coolest temperatures, limiting wind chills from getting any colder than -50F. ||The peak of the coldest conditions occurred from the evening on the 22nd into the morning of the 23rd. Very cold air temperatures around -10 to -20 below continued until the morning of the 26th, though winds were generally at or below 10 mph, limiting wind chills from dropping below -35F. ||The lowest wind chills were:|-50F at AXN in Alexandria, MN.|-49F at STC in St Cloud, MN.|-49F at OWA in Owatonna, MN.|-49F at GHW in Glenwood, MN.|-47F at MSP in the Twin Cities, MN.|-47F at BDH in Willmar, MN.|-47F at CFE in Buffalo, MN.",K21D reported wind gusts as high as 25 mph during the early evening as air temperatures dropped from -15F to -23F overnight. The lowest measured wind chill was -45F at 5AM on the 23rd.,CSV
202602,24,730,202602,24,830,209932,1319096,MINNESOTA,27,2026,February,Winter Weather,Z,43,MORRISON,MPX,24-FEB-26 07:30:00,CST-6,24-FEB-26 08:30:00,0,0,0,0,0.00K,0.00K,AWOS,,,,,,,,,,,,,,,,,,,,,,"A band of freezing rain moved across portions of central and southern MN. Despite ice accumulations accreting to less than a tenth of an inch, travel conditions were very slippery which results to numerous vehicle accidents and spin outs across the region.","The AWOS station located at the Little Falls/Morrison County Airport observed approximately an hour of light snow. Although, snow accumulations were light, they did make for slippery travel conditions.",CSV
202602,24,730,202602,24,800,209932,1319099,MINNESOTA,27,2026,February,Winter Weather,Z,42,TODD,MPX,24-FEB-26 07:30:00,CST-6,24-FEB-26 08:00:00,0,0,0,0,0.00K,0.00K,AWOS,,,,,,,,,,,,,,,,,,,,,,"A band of freezing rain moved across portions of central and southern MN. Despite ice accumulations accreting to less than a tenth of an inch, travel conditions were very slippery which results to numerous vehicle accidents and spin outs across the region.","The AWOS station located at Todd Field Airport observed approximately an hour of light snow and freezing rain. Although, snow and ice accumulations were light, they did make for slippery travel conditions.",CSV
202602,24,730,202602,24,830,209932,1319107,MINNESOTA,27,2026,February,Winter Weather,Z,44,MILLE LACS,MPX,24-FEB-26 07:30:00,CST-6,24-FEB-26 08:30:00,0,0,0,0,0.00K,0.00K,AWOS,,,,,,,,,,,,,,,,,,,,,,"A band of freezing rain moved across portions of central and southern MN. Despite ice accumulations accreting to less than a tenth of an inch, travel conditions were very slippery which results to numerous vehicle accidents and spin outs across the region.","The AWOS station located at the Princeton Municipal Airport observed approximately an hour of light snow. Although, snow accumulations were light, they did make for slippery travel conditions.",CSV
202602,24,800,202602,24,900,209932,1319103,MINNESOTA,27,2026,February,Winter Weather,Z,45,KANABEC,MPX,24-FEB-26 08:00:00,CST-6,24-FEB-26 09:00:00,0,0,0,0,0.00K,0.00K,AWOS,,,,,,,,,,,,,,,,,,,,,,"A band of freezing rain moved across portions of central and southern MN. Despite ice accumulations accreting to less than a tenth of an inch, travel conditions were very slippery which results to numerous vehicle accidents and spin outs across the region.","The AWOS station located at the Mora Municipal Airport observed approximately an hour of light snow. Although, snow accumulations were light, they did make for slippery travel conditions.",CSV
202602,24,830,202602,24,1000,209932,1319105,MINNESOTA,27,2026,February,Winter Weather,Z,52,ISANTI,MPX,24-FEB-26 08:30:00,CST-6,24-FEB-26 10:00:00,0,0,0,0,0.00K,0.00K,AWOS,,,,,,,,,,,,,,,,,,,,,,"A band of freezing rain moved across portions of central and southern MN. Despite ice accumulations accreting to less than a tenth of an inch, travel conditions were very slippery which results to numerous vehicle accidents and spin outs across the region.","The AWOS station located at the Cambridge Municipal Airport observed approximately an hour of light snow. Although, snow accumulations were light, they did make for slippery travel conditions.",CSV
202602,18,1400,202602,19,900,209535,1317262,MINNESOTA,27,2026,February,Winter Storm,Z,58,MEEKER,MPX,18-FEB-26 14:00:00,CST-6,19-FEB-26 09:00:00,0,0,0,0,0.00K,0.00K,CoCoRaHS,,,,,,,,,,,,,,,,,,,,,,"A stacked surface low was located over northeastern MN. An area of deformation developed across the Dakotas and moved slowly into Minnesota. Forcing within the mid-levels allowed for moderate to heavy snow to fall across western MN. Additionally, due to the strength of the pressure gradient, wind gusts across much of western MN ranged between 35 to 50 mph. The rate of falling and blowing snow reduced visibility to whiteout conditions, making many roadways impassible. Snow lingered for several hours before finally dissipating the afternoon of the following day. Storm total snowfall ranged between a few inches up to 9.5 inches.||The highest measured snowfall totals from this event are:|9.5 inches ENE of Prior Lake (Scott)|8.5 inches in Shorewood (Hennepin)|7.7 inches in Waconia (Carver)|7.0 inches 1 E of Granite Falls (Chippewa)|7.0 inches 3 SSW of Elko New Market (Rice).||The strongest wind gusts measured from this event were: |50 mph at Canby Municipal Airport (Yellow Medicine)|48 mph at Redwood Falls Municipal Airport (Redwood)|48 mph at New Ulm Municipal Airport (Brown)|44 mph at Mankato Regional Airport (Blue Earth).","Heavy snowfall with rates near one inch per hour produced 3 to 6 inches across the southern half of the county.  CoCoRaHS observers in Dassel measured 5.6 inches, 5.6 inches in Litchfield, and 2.6 inches 2 miles WSW of Eden Valley.",CSV
202602,18,1400,202602,19,900,209535,1317266,MINNESOTA,27,2026,February,Winter Storm,Z,57,KANDIYOHI,MPX,18-FEB-26 14:00:00,CST-6,19-FEB-26 09:00:00,0,0,0,0,0.00K,0.00K,CoCoRaHS,,,,,,,,,,,,,,,,,,,,,,"A stacked surface low was located over northeastern MN. An area of deformation developed across the Dakotas and moved slowly into Minnesota. Forcing within the mid-levels allowed for moderate to heavy snow to fall across western MN. Additionally, due to the strength of the pressure gradient, wind gusts across much of western MN ranged between 35 to 50 mph. The rate of falling and blowing snow reduced visibility to whiteout conditions, making many roadways impassible. Snow lingered for several hours before finally dissipating the afternoon of the following day. Storm total snowfall ranged between a few inches up to 9.5 inches.||The highest measured snowfall totals from this event are:|9.5 inches ENE of Prior Lake (Scott)|8.5 inches in Shorewood (Hennepin)|7.7 inches in Waconia (Carver)|7.0 inches 1 E of Granite Falls (Chippewa)|7.0 inches 3 SSW of Elko New Market (Rice).||The strongest wind gusts measured from this event were: |50 mph at Canby Municipal Airport (Yellow Medicine)|48 mph at Redwood Falls Municipal Airport (Redwood)|48 mph at New Ulm Municipal Airport (Brown)|44 mph at Mankato Regional Airport (Blue Earth).",Heavy snowfall with rates near one inch per hour produced 3 to 6 inches across the southern half of the county. CoCoRaHS observers 5 miles NNW of Willmar measured 5.5 inches. Wind gusts of 30-40 mph persisted for multiple hours which caused blowing snow and frequent visibility reductions to one half mile or less.,CSV
202602,18,500,202602,18,1800,209535,1317346,MINNESOTA,27,2026,February,Winter Weather,Z,55,SWIFT,MPX,18-FEB-26 05:00:00,CST-6,18-FEB-26 18:00:00,0,0,0,0,0.00K,0.00K,AWOS,,,,,,,,,,,,,,,,,,,,,,"A stacked surface low was located over northeastern MN. An area of deformation developed across the Dakotas and moved slowly into Minnesota. Forcing within the mid-levels allowed for moderate to heavy snow to fall across western MN. Additionally, due to the strength of the pressure gradient, wind gusts across much of western MN ranged between 35 to 50 mph. The rate of falling and blowing snow reduced visibility to whiteout conditions, making many roadways impassible. Snow lingered for several hours before finally dissipating the afternoon of the following day. Storm total snowfall ranged between a few inches up to 9.5 inches.||The highest measured snowfall totals from this event are:|9.5 inches ENE of Prior Lake (Scott)|8.5 inches in Shorewood (Hennepin)|7.7 inches in Waconia (Carver)|7.0 inches 1 E of Granite Falls (Chippewa)|7.0 inches 3 SSW of Elko New Market (Rice).||The strongest wind gusts measured from this event were: |50 mph at Canby Municipal Airport (Yellow Medicine)|48 mph at Redwood Falls Municipal Airport (Redwood)|48 mph at New Ulm Municipal Airport (Brown)|44 mph at Mankato Regional Airport (Blue Earth).",Several hours of light snow and freezing precipitation reports at the Benson Municipal Airport. CoCoRaHS observers measured 4.8 inches of snowfall in Benson.,CSV
202602,18,700,202602,19,600,209535,1317348,MINNESOTA,27,2026,February,Winter Weather,Z,47,STEVENS,MPX,18-FEB-26 07:00:00,CST-6,19-FEB-26 06:00:00,0,0,0,0,0.00K,0.00K,AWOS,,,,,,,,,,,,,,,,,,,,,,"A stacked surface low was located over northeastern MN. An area of deformation developed across the Dakotas and moved slowly into Minnesota. Forcing within the mid-levels allowed for moderate to heavy snow to fall across western MN. Additionally, due to the strength of the pressure gradient, wind gusts across much of western MN ranged between 35 to 50 mph. The rate of falling and blowing snow reduced visibility to whiteout conditions, making many roadways impassible. Snow lingered for several hours before finally dissipating the afternoon of the following day. Storm total snowfall ranged between a few inches up to 9.5 inches.||The highest measured snowfall totals from this event are:|9.5 inches ENE of Prior Lake (Scott)|8.5 inches in Shorewood (Hennepin)|7.7 inches in Waconia (Carver)|7.0 inches 1 E of Granite Falls (Chippewa)|7.0 inches 3 SSW of Elko New Market (Rice).||The strongest wind gusts measured from this event were: |50 mph at Canby Municipal Airport (Yellow Medicine)|48 mph at Redwood Falls Municipal Airport (Redwood)|48 mph at New Ulm Municipal Airport (Brown)|44 mph at Mankato Regional Airport (Blue Earth).",Several hours of light snow and freezing precipitation reports at the Morris Municipal Airport. CoCoRaHS observers measured 4.5 inches of snowfall in Morris.,CSV
202602,18,700,202602,19,0,209535,1317372,MINNESOTA,27,2026,February,Winter Weather,Z,41,DOUGLAS,MPX,18-FEB-26 07:00:00,CST-6,19-FEB-26 00:00:00,0,0,0,0,0.00K,0.00K,AWOS,,,,,,,,,,,,,,,,,,,,,,"A stacked surface low was located over northeastern MN. An area of deformation developed across the Dakotas and moved slowly into Minnesota. Forcing within the mid-levels allowed for moderate to heavy snow to fall across western MN. Additionally, due to the strength of the pressure gradient, wind gusts across much of western MN ranged between 35 to 50 mph. The rate of falling and blowing snow reduced visibility to whiteout conditions, making many roadways impassible. Snow lingered for several hours before finally dissipating the afternoon of the following day. Storm total snowfall ranged between a few inches up to 9.5 inches.||The highest measured snowfall totals from this event are:|9.5 inches ENE of Prior Lake (Scott)|8.5 inches in Shorewood (Hennepin)|7.7 inches in Waconia (Carver)|7.0 inches 1 E of Granite Falls (Chippewa)|7.0 inches 3 SSW of Elko New Market (Rice).||The strongest wind gusts measured from this event were: |50 mph at Canby Municipal Airport (Yellow Medicine)|48 mph at Redwood Falls Municipal Airport (Redwood)|48 mph at New Ulm Municipal Airport (Brown)|44 mph at Mankato Regional Airport (Blue Earth).",Several hours of light snow fell with gusty winds at Chandler Field. CoCoRaHS observers measured 1 to 2 inches of snowfall across the county.  2 inches was measured in Alexandria.,CSV
202602,18,700,202602,19,600,209535,1317402,MINNESOTA,27,2026,February,Winter Weather,Z,49,STEARNS,MPX,18-FEB-26 07:00:00,CST-6,19-FEB-26 06:00:00,0,0,0,0,0.00K,0.00K,AWOS,,,,,,,,,,,,,,,,,,,,,,"A stacked surface low was located over northeastern MN. An area of deformation developed across the Dakotas and moved slowly into Minnesota. Forcing within the mid-levels allowed for moderate to heavy snow to fall across western MN. Additionally, due to the strength of the pressure gradient, wind gusts across much of western MN ranged between 35 to 50 mph. The rate of falling and blowing snow reduced visibility to whiteout conditions, making many roadways impassible. Snow lingered for several hours before finally dissipating the afternoon of the following day. Storm total snowfall ranged between a few inches up to 9.5 inches.||The highest measured snowfall totals from this event are:|9.5 inches ENE of Prior Lake (Scott)|8.5 inches in Shorewood (Hennepin)|7.7 inches in Waconia (Carver)|7.0 inches 1 E of Granite Falls (Chippewa)|7.0 inches 3 SSW of Elko New Market (Rice).||The strongest wind gusts measured from this event were: |50 mph at Canby Municipal Airport (Yellow Medicine)|48 mph at Redwood Falls Municipal Airport (Redwood)|48 mph at New Ulm Municipal Airport (Brown)|44 mph at Mankato Regional Airport (Blue Earth).",Several hours of light snow fell and mixed precipitation fell at the Paynesville Municipal Airport. CoCoRaHS observers measured a trace to 4 inches of snow with the highest amounts falling across the southern half of the county. 3.7 inches of snow was measured 2 miles SSW of Paynesville.,CSV
202602,18,1500,202602,18,2300,209535,1317427,MINNESOTA,27,2026,February,Winter Weather,Z,78,GOODHUE,MPX,18-FEB-26 15:00:00,CST-6,18-FEB-26 23:00:00,0,0,0,0,0.00K,0.00K,AWOS,,,,,,,,,,,,,,,,,,,,,,"A stacked surface low was located over northeastern MN. An area of deformation developed across the Dakotas and moved slowly into Minnesota. Forcing within the mid-levels allowed for moderate to heavy snow to fall across western MN. Additionally, due to the strength of the pressure gradient, wind gusts across much of western MN ranged between 35 to 50 mph. The rate of falling and blowing snow reduced visibility to whiteout conditions, making many roadways impassible. Snow lingered for several hours before finally dissipating the afternoon of the following day. Storm total snowfall ranged between a few inches up to 9.5 inches.||The highest measured snowfall totals from this event are:|9.5 inches ENE of Prior Lake (Scott)|8.5 inches in Shorewood (Hennepin)|7.7 inches in Waconia (Carver)|7.0 inches 1 E of Granite Falls (Chippewa)|7.0 inches 3 SSW of Elko New Market (Rice).||The strongest wind gusts measured from this event were: |50 mph at Canby Municipal Airport (Yellow Medicine)|48 mph at Redwood Falls Municipal Airport (Redwood)|48 mph at New Ulm Municipal Airport (Brown)|44 mph at Mankato Regional Airport (Blue Earth).","The AWOS station located at Stanton Airfield southwest of Cannon Falls reported multiple hours of light snow. Additionally, the max wind gust was near 30 mph which did cause blowing snow. 1 to 3 inches of snow was measured across the county. The highest observation was 3 inches 4 miles SW of Welch.",CSV
202602,28,400,202602,28,2300,209933,1320343,MINNESOTA,27,2026,February,Winter Weather,Z,77,RICE,MPX,28-FEB-26 04:00:00,CST-6,28-FEB-26 23:00:00,0,0,0,0,0.00K,0.00K,CoCoRaHS,,,,,,,,,,,,,,,,,,,,,,"A narrow band of heavy snow developed across west-central and southern Minnesota. At times, snowfall rates reached near one inch per hour which negatively impacted road conditions and visibility. The strongest support for heavy snow featured a very sharp gradient from high versus low snowfall totals. The snow fell during a 18-22 hour period.||The highest snowfall measurements for this event were:|7.0 inches in St. Peter (Nicollet)|6.5 inches 2 NE Kasota (Le Sueur)|6.0 inches in Mankato (Blue Earth)|5.5 inches in Owatonna (Steele)|5.0 inches 1 SE of Elysian (Waseca).",A narrow band of snow produced 1 to 3 inches across the county. The highest CoCoRaHS snowfall measurement was 2.5 inches 4 miles SSE of Faribault.,CSV
202602,28,300,202602,28,2300,209933,1320344,MINNESOTA,27,2026,February,Winter Weather,Z,93,FREEBORN,MPX,28-FEB-26 03:00:00,CST-6,28-FEB-26 23:00:00,0,0,0,0,0.00K,0.00K,CoCoRaHS,,,,,,,,,,,,,,,,,,,,,,"A narrow band of heavy snow developed across west-central and southern Minnesota. At times, snowfall rates reached near one inch per hour which negatively impacted road conditions and visibility. The strongest support for heavy snow featured a very sharp gradient from high versus low snowfall totals. The snow fell during a 18-22 hour period.||The highest snowfall measurements for this event were:|7.0 inches in St. Peter (Nicollet)|6.5 inches 2 NE Kasota (Le Sueur)|6.0 inches in Mankato (Blue Earth)|5.5 inches in Owatonna (Steele)|5.0 inches 1 SE of Elysian (Waseca).",A narrow band of snow produced 1 to 3 inches across the county. The highest CoCoRaHS snowfall measurement was 2.7 inches 3 miles SSE of Albert Lea.,CSV
202602,28,400,202602,28,2300,209933,1321400,MINNESOTA,27,2026,February,Winter Weather,Z,84,WASECA,MPX,28-FEB-26 04:00:00,CST-6,28-FEB-26 23:00:00,0,0,0,0,0.00K,0.00K,CoCoRaHS,,,,,,,,,,,,,,,,,,,,,,"A narrow band of heavy snow developed across west-central and southern Minnesota. At times, snowfall rates reached near one inch per hour which negatively impacted road conditions and visibility. The strongest support for heavy snow featured a very sharp gradient from high versus low snowfall totals. The snow fell during a 18-22 hour period.||The highest snowfall measurements for this event were:|7.0 inches in St. Peter (Nicollet)|6.5 inches 2 NE Kasota (Le Sueur)|6.0 inches in Mankato (Blue Earth)|5.5 inches in Owatonna (Steele)|5.0 inches 1 SE of Elysian (Waseca).",Snowfall measurements ranged between 3 to 6 inches across the county with the highest being located in the northern portion of the county. The highest snowfall observation was 5 inches in 5 miles NNE of Janesville.,CSV
202602,28,400,202602,28,2300,209933,1321401,MINNESOTA,27,2026,February,Winter Weather,Z,85,STEELE,MPX,28-FEB-26 04:00:00,CST-6,28-FEB-26 23:00:00,0,0,0,0,0.00K,0.00K,CoCoRaHS,,,,,,,,,,,,,,,,,,,,,,"A narrow band of heavy snow developed across west-central and southern Minnesota. At times, snowfall rates reached near one inch per hour which negatively impacted road conditions and visibility. The strongest support for heavy snow featured a very sharp gradient from high versus low snowfall totals. The snow fell during a 18-22 hour period.||The highest snowfall measurements for this event were:|7.0 inches in St. Peter (Nicollet)|6.5 inches 2 NE Kasota (Le Sueur)|6.0 inches in Mankato (Blue Earth)|5.5 inches in Owatonna (Steele)|5.0 inches 1 SE of Elysian (Waseca).",Snowfall measurements ranged between 3 to 6 inches across the county with the highest being located in the northern portion of the county. The highest snowfall observation was 5.5 inches in Owatonna.,CSV
202602,28,100,202602,28,2300,209933,1321402,MINNESOTA,27,2026,February,Winter Weather,Z,74,BROWN,MPX,28-FEB-26 01:00:00,CST-6,28-FEB-26 23:00:00,0,0,0,0,0.00K,0.00K,CoCoRaHS,,,,,,,,,,,,,,,,,,,,,,"A narrow band of heavy snow developed across west-central and southern Minnesota. At times, snowfall rates reached near one inch per hour which negatively impacted road conditions and visibility. The strongest support for heavy snow featured a very sharp gradient from high versus low snowfall totals. The snow fell during a 18-22 hour period.||The highest snowfall measurements for this event were:|7.0 inches in St. Peter (Nicollet)|6.5 inches 2 NE Kasota (Le Sueur)|6.0 inches in Mankato (Blue Earth)|5.5 inches in Owatonna (Steele)|5.0 inches 1 SE of Elysian (Waseca).",Snowfall measurements ranged between 5 to 7 inches across the county. The highest snowfall observation was 6.5 inches in New Ulm.,CSV
202602,18,300,202602,19,700,210185,1319249,MINNESOTA,27,2026,February,Heavy Snow,Z,10,KOOCHICHING,DLH,18-FEB-26 03:00:00,CST-6,19-FEB-26 07:00:00,0,0,0,0,0.00K,0.00K,COOP Observer,,,,,,,,,,,,,,,,,,,,,,"A strong area of low pressure developed across the High Plains on the 17th and moved across the Dakotas on the 18th and into northern Wisconsin on the morning of the 19th. This led to a prolonged period of snowfall across the region. The track of this low was favorable for lake and terrain enhancement along the North Shore. Additionally, the strong low led to very gusty winds along the North Shore that led to a prolonged period of blizzard conditions that led to the closure of Minnesota Highway 61 for about 3 hours as crews were unable to keep up with the snowfall. Snowfall accumulations inland of Lake Superior were 6 to 10 inch range with much higher amounts along the North Shore, including upwards of 40 inches for the event in Hovland right on the shore of Lake Superior.",Snowfall totals across the county were in the 3 to 7 inch range. A high amount of 8 inches was reported in the far southeast corner of the county.,CSV
202602,18,300,202602,19,600,210185,1319250,MINNESOTA,27,2026,February,Heavy Snow,Z,18,NORTHERN ITASCA,DLH,18-FEB-26 03:00:00,CST-6,19-FEB-26 06:00:00,0,0,0,0,0.00K,0.00K,COOP Observer,,,,,,,,,,,,,,,,,,,,,,"A strong area of low pressure developed across the High Plains on the 17th and moved across the Dakotas on the 18th and into northern Wisconsin on the morning of the 19th. This led to a prolonged period of snowfall across the region. The track of this low was favorable for lake and terrain enhancement along the North Shore. Additionally, the strong low led to very gusty winds along the North Shore that led to a prolonged period of blizzard conditions that led to the closure of Minnesota Highway 61 for about 3 hours as crews were unable to keep up with the snowfall. Snowfall accumulations inland of Lake Superior were 6 to 10 inch range with much higher amounts along the North Shore, including upwards of 40 inches for the event in Hovland right on the shore of Lake Superior.",Snowfall totals across the county were in the 3 to 7 inch range. A high amount of 8 inches was reported in the far northeast corner of the county.,CSV
202602,18,0,202602,19,1200,210185,1319251,MINNESOTA,27,2026,February,Heavy Snow,Z,11,NORTHERN ST. LOUIS,DLH,18-FEB-26 00:00:00,CST-6,19-FEB-26 12:00:00,0,0,0,0,0.00K,0.00K,CoCoRaHS,,,,,,,,,,,,,,,,,,,,,,"A strong area of low pressure developed across the High Plains on the 17th and moved across the Dakotas on the 18th and into northern Wisconsin on the morning of the 19th. This led to a prolonged period of snowfall across the region. The track of this low was favorable for lake and terrain enhancement along the North Shore. Additionally, the strong low led to very gusty winds along the North Shore that led to a prolonged period of blizzard conditions that led to the closure of Minnesota Highway 61 for about 3 hours as crews were unable to keep up with the snowfall. Snowfall accumulations inland of Lake Superior were 6 to 10 inch range with much higher amounts along the North Shore, including upwards of 40 inches for the event in Hovland right on the shore of Lake Superior.",Snowfall totals across the northern part of the county were in the 6 to 9 inch range. A high amount of 9.9 inches was reported in Ely.,CSV
202602,19,2000,202602,20,700,211201,1319622,MINNESOTA,27,2026,February,Winter Storm,Z,95,FILLMORE,ARX,19-FEB-26 20:00:00,CST-6,20-FEB-26 07:00:00,0,0,0,0,0.00K,0.00K,COOP Observer,,,,,,,,,,,,,,,,,,,,,,"During the late evening on February 19th and into the morning hours on February 20th, a quick-hitting but heavy band of snow moved through Houston and Fillmore counties bringing widespread snowfall totals in excess of 6 inches with some locations approaching a foot of snow.",This snow band brought heavy snow to Fillmore County with snowfall totals ranging from 4 to 10 inches. The highest snowfall report in the county was in Mabel where 9.8 inches was measured.,CSV
202602,19,2200,202602,20,700,211201,1319623,MINNESOTA,27,2026,February,Winter Weather,Z,88,WINONA,ARX,19-FEB-26 22:00:00,CST-6,20-FEB-26 07:00:00,0,0,0,0,0.00K,0.00K,CoCoRaHS,,,,,,,,,,,,,,,,,,,,,,"During the late evening on February 19th and into the morning hours on February 20th, a quick-hitting but heavy band of snow moved through Houston and Fillmore counties bringing widespread snowfall totals in excess of 6 inches with some locations approaching a foot of snow.",This snow band brought snowfall totals of 2 to 6 inches across Winona County. The highest snowfall report in the county was 2 miles south-southeast of Dakota where 5.9 inches was measured.,CSV
202602,24,830,202602,24,930,209932,1319064,MINNESOTA,27,2026,February,Winter Weather,Z,51,SHERBURNE,MPX,24-FEB-26 08:30:00,CST-6,24-FEB-26 09:30:00,0,0,0,0,0.00K,0.00K,ASOS,,,,,,,,,,,,,,,,,,,,,,"A band of freezing rain moved across portions of central and southern MN. Despite ice accumulations accreting to less than a tenth of an inch, travel conditions were very slippery which results to numerous vehicle accidents and spin outs across the region.",The ASOS station located at St. Cloud Regional Airport observed approximately an hour of freezing rain. There was less than one tenth of ice accretion but did make the morning commute incredibly slippery.,CSV
202602,18,700,202602,19,300,209535,1317353,MINNESOTA,27,2026,February,Winter Weather,Z,48,POPE,MPX,18-FEB-26 07:00:00,CST-6,19-FEB-26 03:00:00,0,0,0,0,0.00K,0.00K,AWOS,,,,,,,,,,,,,,,,,,,,,,"A stacked surface low was located over northeastern MN. An area of deformation developed across the Dakotas and moved slowly into Minnesota. Forcing within the mid-levels allowed for moderate to heavy snow to fall across western MN. Additionally, due to the strength of the pressure gradient, wind gusts across much of western MN ranged between 35 to 50 mph. The rate of falling and blowing snow reduced visibility to whiteout conditions, making many roadways impassible. Snow lingered for several hours before finally dissipating the afternoon of the following day. Storm total snowfall ranged between a few inches up to 9.5 inches.||The highest measured snowfall totals from this event are:|9.5 inches ENE of Prior Lake (Scott)|8.5 inches in Shorewood (Hennepin)|7.7 inches in Waconia (Carver)|7.0 inches 1 E of Granite Falls (Chippewa)|7.0 inches 3 SSW of Elko New Market (Rice).||The strongest wind gusts measured from this event were: |50 mph at Canby Municipal Airport (Yellow Medicine)|48 mph at Redwood Falls Municipal Airport (Redwood)|48 mph at New Ulm Municipal Airport (Brown)|44 mph at Mankato Regional Airport (Blue Earth).",Several hours of light snow fell at the Glenwood Municipal Airport. CoCoRaHS observers measured 3 to 4 inches in neighboring Stevens and Stearns Counties.,CSV
202602,18,500,202602,18,1800,209535,1317371,MINNESOTA,27,2026,February,Winter Weather,Z,56,CHIPPEWA,MPX,18-FEB-26 05:00:00,CST-6,18-FEB-26 18:00:00,0,0,0,0,0.00K,0.00K,AWOS,,,,,,,,,,,,,,,,,,,,,,"A stacked surface low was located over northeastern MN. An area of deformation developed across the Dakotas and moved slowly into Minnesota. Forcing within the mid-levels allowed for moderate to heavy snow to fall across western MN. Additionally, due to the strength of the pressure gradient, wind gusts across much of western MN ranged between 35 to 50 mph. The rate of falling and blowing snow reduced visibility to whiteout conditions, making many roadways impassible. Snow lingered for several hours before finally dissipating the afternoon of the following day. Storm total snowfall ranged between a few inches up to 9.5 inches.||The highest measured snowfall totals from this event are:|9.5 inches ENE of Prior Lake (Scott)|8.5 inches in Shorewood (Hennepin)|7.7 inches in Waconia (Carver)|7.0 inches 1 E of Granite Falls (Chippewa)|7.0 inches 3 SSW of Elko New Market (Rice).||The strongest wind gusts measured from this event were: |50 mph at Canby Municipal Airport (Yellow Medicine)|48 mph at Redwood Falls Municipal Airport (Redwood)|48 mph at New Ulm Municipal Airport (Brown)|44 mph at Mankato Regional Airport (Blue Earth).",Several hours of light snow and freezing precipitation reports at the Montevideo-Chippewa County Airport. CoCoRaHS observers measured 1.2 inches of snowfall 12 miles NNE of Montevideo.,CSV
202602,18,800,202602,18,2100,209535,1317408,MINNESOTA,27,2026,February,Winter Weather,Z,51,SHERBURNE,MPX,18-FEB-26 08:00:00,CST-6,18-FEB-26 21:00:00,0,0,0,0,0.00K,0.00K,ASOS,,,,,,,,,,,,,,,,,,,,,,"A stacked surface low was located over northeastern MN. An area of deformation developed across the Dakotas and moved slowly into Minnesota. Forcing within the mid-levels allowed for moderate to heavy snow to fall across western MN. Additionally, due to the strength of the pressure gradient, wind gusts across much of western MN ranged between 35 to 50 mph. The rate of falling and blowing snow reduced visibility to whiteout conditions, making many roadways impassible. Snow lingered for several hours before finally dissipating the afternoon of the following day. Storm total snowfall ranged between a few inches up to 9.5 inches.||The highest measured snowfall totals from this event are:|9.5 inches ENE of Prior Lake (Scott)|8.5 inches in Shorewood (Hennepin)|7.7 inches in Waconia (Carver)|7.0 inches 1 E of Granite Falls (Chippewa)|7.0 inches 3 SSW of Elko New Market (Rice).||The strongest wind gusts measured from this event were: |50 mph at Canby Municipal Airport (Yellow Medicine)|48 mph at Redwood Falls Municipal Airport (Redwood)|48 mph at New Ulm Municipal Airport (Brown)|44 mph at Mankato Regional Airport (Blue Earth).",Several hours of mixed wintry precipitation fell at St. Cloud Regional Airport. CoCoRaHS observers measured an inch of snow 3 miles SSE of Big Lake.,CSV
202602,18,800,202602,19,400,209535,1317418,MINNESOTA,27,2026,February,Winter Weather,Z,61,ANOKA,MPX,18-FEB-26 08:00:00,CST-6,19-FEB-26 04:00:00,0,0,0,0,0.00K,0.00K,AWOS,,,,,,,,,,,,,,,,,,,,,,"A stacked surface low was located over northeastern MN. An area of deformation developed across the Dakotas and moved slowly into Minnesota. Forcing within the mid-levels allowed for moderate to heavy snow to fall across western MN. Additionally, due to the strength of the pressure gradient, wind gusts across much of western MN ranged between 35 to 50 mph. The rate of falling and blowing snow reduced visibility to whiteout conditions, making many roadways impassible. Snow lingered for several hours before finally dissipating the afternoon of the following day. Storm total snowfall ranged between a few inches up to 9.5 inches.||The highest measured snowfall totals from this event are:|9.5 inches ENE of Prior Lake (Scott)|8.5 inches in Shorewood (Hennepin)|7.7 inches in Waconia (Carver)|7.0 inches 1 E of Granite Falls (Chippewa)|7.0 inches 3 SSW of Elko New Market (Rice).||The strongest wind gusts measured from this event were: |50 mph at Canby Municipal Airport (Yellow Medicine)|48 mph at Redwood Falls Municipal Airport (Redwood)|48 mph at New Ulm Municipal Airport (Brown)|44 mph at Mankato Regional Airport (Blue Earth).",Several hours mixed wintry precipitation fell at Blaine Airport. CoCoRaHS observers measured 3.6 inches of snowfall in Columbia Heights.,CSV
202602,28,300,202602,28,2300,209933,1320345,MINNESOTA,27,2026,February,Winter Weather,Z,92,FARIBAULT,MPX,28-FEB-26 03:00:00,CST-6,28-FEB-26 23:00:00,0,0,0,0,0.00K,0.00K,CoCoRaHS,,,,,,,,,,,,,,,,,,,,,,"A narrow band of heavy snow developed across west-central and southern Minnesota. At times, snowfall rates reached near one inch per hour which negatively impacted road conditions and visibility. The strongest support for heavy snow featured a very sharp gradient from high versus low snowfall totals. The snow fell during a 18-22 hour period.||The highest snowfall measurements for this event were:|7.0 inches in St. Peter (Nicollet)|6.5 inches 2 NE Kasota (Le Sueur)|6.0 inches in Mankato (Blue Earth)|5.5 inches in Owatonna (Steele)|5.0 inches 1 SE of Elysian (Waseca).",A narrow band of snow produced 1 to 3 inches across the county. The highest CoCoRaHS snowfall measurement was 3 inches 4 miles SE of Wells.,CSV
202602,28,200,202602,28,2300,209933,1320373,MINNESOTA,27,2026,February,Winter Weather,Z,73,REDWOOD,MPX,28-FEB-26 02:00:00,CST-6,28-FEB-26 23:00:00,0,0,0,0,0.00K,0.00K,CoCoRaHS,,,,,,,,,,,,,,,,,,,,,,"A narrow band of heavy snow developed across west-central and southern Minnesota. At times, snowfall rates reached near one inch per hour which negatively impacted road conditions and visibility. The strongest support for heavy snow featured a very sharp gradient from high versus low snowfall totals. The snow fell during a 18-22 hour period.||The highest snowfall measurements for this event were:|7.0 inches in St. Peter (Nicollet)|6.5 inches 2 NE Kasota (Le Sueur)|6.0 inches in Mankato (Blue Earth)|5.5 inches in Owatonna (Steele)|5.0 inches 1 SE of Elysian (Waseca).",A narrow band of snow produced 2 to 5 inches across the county. The highest CoCoRaHS snowfall measurement was 5.1 inches 2 miles E of Walnut Grove.,CSV
202602,28,300,202602,28,2300,209933,1320374,MINNESOTA,27,2026,February,Winter Weather,Z,65,RENVILLE,MPX,28-FEB-26 03:00:00,CST-6,28-FEB-26 23:00:00,0,0,0,0,0.00K,0.00K,CoCoRaHS,,,,,,,,,,,,,,,,,,,,,,"A narrow band of heavy snow developed across west-central and southern Minnesota. At times, snowfall rates reached near one inch per hour which negatively impacted road conditions and visibility. The strongest support for heavy snow featured a very sharp gradient from high versus low snowfall totals. The snow fell during a 18-22 hour period.||The highest snowfall measurements for this event were:|7.0 inches in St. Peter (Nicollet)|6.5 inches 2 NE Kasota (Le Sueur)|6.0 inches in Mankato (Blue Earth)|5.5 inches in Owatonna (Steele)|5.0 inches 1 SE of Elysian (Waseca).",A narrow band of snow produced 2 to 5 inches across the county with higher amounts in the southern portion of the county. The highest CoCoRaHS snowfall measurement was 3.5 inches in Bird Island.,CSV
202602,28,500,202602,28,2300,209933,1320375,MINNESOTA,27,2026,February,Winter Weather,Z,67,SIBLEY,MPX,28-FEB-26 05:00:00,CST-6,28-FEB-26 23:00:00,0,0,0,0,0.00K,0.00K,CoCoRaHS,,,,,,,,,,,,,,,,,,,,,,"A narrow band of heavy snow developed across west-central and southern Minnesota. At times, snowfall rates reached near one inch per hour which negatively impacted road conditions and visibility. The strongest support for heavy snow featured a very sharp gradient from high versus low snowfall totals. The snow fell during a 18-22 hour period.||The highest snowfall measurements for this event were:|7.0 inches in St. Peter (Nicollet)|6.5 inches 2 NE Kasota (Le Sueur)|6.0 inches in Mankato (Blue Earth)|5.5 inches in Owatonna (Steele)|5.0 inches 1 SE of Elysian (Waseca).",A narrow band of snow produced trace to 5 inches across the county. The highest amounts likely occurred in in the southwestern portion of the county.,CSV
202602,28,300,202602,28,2300,209933,1321403,MINNESOTA,27,2026,February,Winter Weather,Z,75,NICOLLET,MPX,28-FEB-26 03:00:00,CST-6,28-FEB-26 23:00:00,0,0,0,0,0.00K,0.00K,CoCoRaHS,,,,,,,,,,,,,,,,,,,,,,"A narrow band of heavy snow developed across west-central and southern Minnesota. At times, snowfall rates reached near one inch per hour which negatively impacted road conditions and visibility. The strongest support for heavy snow featured a very sharp gradient from high versus low snowfall totals. The snow fell during a 18-22 hour period.||The highest snowfall measurements for this event were:|7.0 inches in St. Peter (Nicollet)|6.5 inches 2 NE Kasota (Le Sueur)|6.0 inches in Mankato (Blue Earth)|5.5 inches in Owatonna (Steele)|5.0 inches 1 SE of Elysian (Waseca).",Snowfall measurements ranged between 5 to 7 inches across the county. The highest snowfall observation was 6.5 inches in New Ulm.,CSV
202602,28,300,202602,28,2300,209933,1321404,MINNESOTA,27,2026,February,Winter Weather,Z,76,LE SUEUR,MPX,28-FEB-26 03:00:00,CST-6,28-FEB-26 23:00:00,0,0,0,0,0.00K,0.00K,CoCoRaHS,,,,,,,,,,,,,,,,,,,,,,"A narrow band of heavy snow developed across west-central and southern Minnesota. At times, snowfall rates reached near one inch per hour which negatively impacted road conditions and visibility. The strongest support for heavy snow featured a very sharp gradient from high versus low snowfall totals. The snow fell during a 18-22 hour period.||The highest snowfall measurements for this event were:|7.0 inches in St. Peter (Nicollet)|6.5 inches 2 NE Kasota (Le Sueur)|6.0 inches in Mankato (Blue Earth)|5.5 inches in Owatonna (Steele)|5.0 inches 1 SE of Elysian (Waseca).",Snowfall measurements ranged between 1 to 7 inches across the county with the highest being located in the southwestern portion of the county. The highest snowfall observation was 6.5 inches in St. Peter.,CSV
202602,18,200,202602,19,1900,210185,1319254,MINNESOTA,27,2026,February,Heavy Snow,Z,12,NORTHERN COOK / NORTHERN LAKE,DLH,18-FEB-26 02:00:00,CST-6,19-FEB-26 19:00:00,0,0,0,0,0.00K,0.00K,CoCoRaHS,,,,,,,,,,,,,,,,,,,,,,"A strong area of low pressure developed across the High Plains on the 17th and moved across the Dakotas on the 18th and into northern Wisconsin on the morning of the 19th. This led to a prolonged period of snowfall across the region. The track of this low was favorable for lake and terrain enhancement along the North Shore. Additionally, the strong low led to very gusty winds along the North Shore that led to a prolonged period of blizzard conditions that led to the closure of Minnesota Highway 61 for about 3 hours as crews were unable to keep up with the snowfall. Snowfall accumulations inland of Lake Superior were 6 to 10 inch range with much higher amounts along the North Shore, including upwards of 40 inches for the event in Hovland right on the shore of Lake Superior.",Snowfall totals across the northern reaches of Lake and Cook counties were in the 10 to 17 inch range. A high amount of 20 inches was reported 20 miles north of Two Harbors.,CSV
202602,18,200,202602,19,1900,210185,1319256,MINNESOTA,27,2026,February,Heavy Snow,Z,19,CENTRAL ST. LOUIS,DLH,18-FEB-26 02:00:00,CST-6,19-FEB-26 19:00:00,0,0,0,0,0.00K,0.00K,CoCoRaHS,,,,,,,,,,,,,,,,,,,,,,"A strong area of low pressure developed across the High Plains on the 17th and moved across the Dakotas on the 18th and into northern Wisconsin on the morning of the 19th. This led to a prolonged period of snowfall across the region. The track of this low was favorable for lake and terrain enhancement along the North Shore. Additionally, the strong low led to very gusty winds along the North Shore that led to a prolonged period of blizzard conditions that led to the closure of Minnesota Highway 61 for about 3 hours as crews were unable to keep up with the snowfall. Snowfall accumulations inland of Lake Superior were 6 to 10 inch range with much higher amounts along the North Shore, including upwards of 40 inches for the event in Hovland right on the shore of Lake Superior.",Snowfall totals across the central part of the county were in the 6 to 10 inch range. A high amount of 11.3 inches was reported in Chisholm.,CSV
202602,18,0,202602,18,1300,210185,1319257,MINNESOTA,27,2026,February,Blizzard,Z,20,SOUTHERN LAKE,DLH,18-FEB-26 00:00:00,CST-6,18-FEB-26 13:00:00,0,0,0,0,0.00K,0.00K,AWOS,,,,,,,,,,,,,,,,,,,,,,"A strong area of low pressure developed across the High Plains on the 17th and moved across the Dakotas on the 18th and into northern Wisconsin on the morning of the 19th. This led to a prolonged period of snowfall across the region. The track of this low was favorable for lake and terrain enhancement along the North Shore. Additionally, the strong low led to very gusty winds along the North Shore that led to a prolonged period of blizzard conditions that led to the closure of Minnesota Highway 61 for about 3 hours as crews were unable to keep up with the snowfall. Snowfall accumulations inland of Lake Superior were 6 to 10 inch range with much higher amounts along the North Shore, including upwards of 40 inches for the event in Hovland right on the shore of Lake Superior.",Heavy snowfall and strong winds led to a 13 hour period of blizzard conditions along the North Shore on the 18th. Minnesota Highway 61 was closed to traffic for about 3 hours from Duluth to the Canadian Border as road crews were unable to keep up with the snow. Snowfall totals over 2 feet were reported with a high report of 28.4 inches at the Wolf Ridge ELC.,CSV
202602,24,1000,202602,24,1100,209932,1319068,MINNESOTA,27,2026,February,Winter Weather,Z,60,HENNEPIN,MPX,24-FEB-26 10:00:00,CST-6,24-FEB-26 11:00:00,0,0,0,0,0.00K,0.00K,ASOS,,,,,,,,,,,,,,,,,,,,,,"A band of freezing rain moved across portions of central and southern MN. Despite ice accumulations accreting to less than a tenth of an inch, travel conditions were very slippery which results to numerous vehicle accidents and spin outs across the region.",The ASOS station located at the Minneapolis/St. Paul International Airport observed approximately an hour of freezing rain. There was less than one tenth of ice accretion but did make the morning commute incredibly slippery.,CSV
202602,24,1000,202602,24,1100,209932,1319069,MINNESOTA,27,2026,February,Winter Weather,Z,62,RAMSEY,MPX,24-FEB-26 10:00:00,CST-6,24-FEB-26 11:00:00,0,0,0,0,0.00K,0.00K,ASOS,,,,,,,,,,,,,,,,,,,,,,"A band of freezing rain moved across portions of central and southern MN. Despite ice accumulations accreting to less than a tenth of an inch, travel conditions were very slippery which results to numerous vehicle accidents and spin outs across the region.",The ASOS station located at the Minneapolis/St. Paul International Airport observed approximately an hour of freezing rain. There was less than one tenth of ice accretion but did make the morning commute incredibly slippery.,CSV
202602,24,1000,202602,24,1100,209932,1319073,MINNESOTA,27,2026,February,Winter Weather,Z,68,CARVER,MPX,24-FEB-26 10:00:00,CST-6,24-FEB-26 11:00:00,0,0,0,0,0.00K,0.00K,ASOS,,,,,,,,,,,,,,,,,,,,,,"A band of freezing rain moved across portions of central and southern MN. Despite ice accumulations accreting to less than a tenth of an inch, travel conditions were very slippery which results to numerous vehicle accidents and spin outs across the region.",The ASOS station located at the Flying Cloud Regional Airport observed approximately an hour of freezing rain. There was less than one tenth of ice accretion but did make the morning commute incredibly slippery.,CSV
202602,24,1000,202602,24,1100,209932,1319074,MINNESOTA,27,2026,February,Winter Weather,Z,69,SCOTT,MPX,24-FEB-26 10:00:00,CST-6,24-FEB-26 11:00:00,0,0,0,0,0.00K,0.00K,ASOS,,,,,,,,,,,,,,,,,,,,,,"A band of freezing rain moved across portions of central and southern MN. Despite ice accumulations accreting to less than a tenth of an inch, travel conditions were very slippery which results to numerous vehicle accidents and spin outs across the region.",The ASOS station located at the Flying Cloud Regional Airport observed approximately an hour of freezing rain. There was less than one tenth of ice accretion but did make the morning commute incredibly slippery.,CSV
202602,24,1030,202602,24,1130,209932,1319075,MINNESOTA,27,2026,February,Winter Weather,Z,77,RICE,MPX,24-FEB-26 10:30:00,CST-6,24-FEB-26 11:30:00,0,0,0,0,0.00K,0.00K,AWOS,,,,,,,,,,,,,,,,,,,,,,"A band of freezing rain moved across portions of central and southern MN. Despite ice accumulations accreting to less than a tenth of an inch, travel conditions were very slippery which results to numerous vehicle accidents and spin outs across the region.",The AWOS station located at the Faribault Airport observed approximately an hour of freezing rain. There was less than one tenth of ice accretion but did make the travel conditions incredibly slippery.,CSV
202602,18,1000,202602,19,0,209535,1317420,MINNESOTA,27,2026,February,Winter Weather,Z,77,RICE,MPX,18-FEB-26 10:00:00,CST-6,19-FEB-26 00:00:00,0,0,0,0,0.00K,0.00K,AWOS,,,,,,,,,,,,,,,,,,,,,,"A stacked surface low was located over northeastern MN. An area of deformation developed across the Dakotas and moved slowly into Minnesota. Forcing within the mid-levels allowed for moderate to heavy snow to fall across western MN. Additionally, due to the strength of the pressure gradient, wind gusts across much of western MN ranged between 35 to 50 mph. The rate of falling and blowing snow reduced visibility to whiteout conditions, making many roadways impassible. Snow lingered for several hours before finally dissipating the afternoon of the following day. Storm total snowfall ranged between a few inches up to 9.5 inches.||The highest measured snowfall totals from this event are:|9.5 inches ENE of Prior Lake (Scott)|8.5 inches in Shorewood (Hennepin)|7.7 inches in Waconia (Carver)|7.0 inches 1 E of Granite Falls (Chippewa)|7.0 inches 3 SSW of Elko New Market (Rice).||The strongest wind gusts measured from this event were: |50 mph at Canby Municipal Airport (Yellow Medicine)|48 mph at Redwood Falls Municipal Airport (Redwood)|48 mph at New Ulm Municipal Airport (Brown)|44 mph at Mankato Regional Airport (Blue Earth).","The AWOS station located at the Faribault Municipal Airport reported multiple hours of reduced visibility between one quarter to one half mile from falling blowing snow. Additionally, the max wind gust was near 30 mph. 4 inches of snow was measured 3.5 miles ESE of Faribault.",CSV
202602,18,1000,202602,18,1600,209535,1317421,MINNESOTA,27,2026,February,Winter Weather,Z,85,STEELE,MPX,18-FEB-26 10:00:00,CST-6,18-FEB-26 16:00:00,0,0,0,0,0.00K,0.00K,AWOS,,,,,,,,,,,,,,,,,,,,,,"A stacked surface low was located over northeastern MN. An area of deformation developed across the Dakotas and moved slowly into Minnesota. Forcing within the mid-levels allowed for moderate to heavy snow to fall across western MN. Additionally, due to the strength of the pressure gradient, wind gusts across much of western MN ranged between 35 to 50 mph. The rate of falling and blowing snow reduced visibility to whiteout conditions, making many roadways impassible. Snow lingered for several hours before finally dissipating the afternoon of the following day. Storm total snowfall ranged between a few inches up to 9.5 inches.||The highest measured snowfall totals from this event are:|9.5 inches ENE of Prior Lake (Scott)|8.5 inches in Shorewood (Hennepin)|7.7 inches in Waconia (Carver)|7.0 inches 1 E of Granite Falls (Chippewa)|7.0 inches 3 SSW of Elko New Market (Rice).||The strongest wind gusts measured from this event were: |50 mph at Canby Municipal Airport (Yellow Medicine)|48 mph at Redwood Falls Municipal Airport (Redwood)|48 mph at New Ulm Municipal Airport (Brown)|44 mph at Mankato Regional Airport (Blue Earth).","The AWOS station located at the Owatonna Degner Regional Airport reported multiple hours of reduced visibility between one quarter to one half mile from falling blowing snow. Additionally, the max wind gust was near 35 mph. 4 inches of snow was measured 3.5 miles ESE of Faribault.",CSV
202602,28,200,202602,28,2300,209933,1320380,MINNESOTA,27,2026,February,Winter Weather,Z,64,YELLOW MEDICINE,MPX,28-FEB-26 02:00:00,CST-6,28-FEB-26 23:00:00,0,0,0,0,0.00K,0.00K,CoCoRaHS,,,,,,,,,,,,,,,,,,,,,,"A narrow band of heavy snow developed across west-central and southern Minnesota. At times, snowfall rates reached near one inch per hour which negatively impacted road conditions and visibility. The strongest support for heavy snow featured a very sharp gradient from high versus low snowfall totals. The snow fell during a 18-22 hour period.||The highest snowfall measurements for this event were:|7.0 inches in St. Peter (Nicollet)|6.5 inches 2 NE Kasota (Le Sueur)|6.0 inches in Mankato (Blue Earth)|5.5 inches in Owatonna (Steele)|5.0 inches 1 SE of Elysian (Waseca).",A narrow band of snow produced 2 to 5 inches across the county with higher amounts occurring in the eastern portion of the county. The highest CoCoRaHS snowfall measurement of 5.1 inches was just over the border in Belview (Redwood).,CSV
202602,28,200,202602,28,2300,209933,1320386,MINNESOTA,27,2026,February,Winter Weather,Z,54,LAC QUI PARLE,MPX,28-FEB-26 02:00:00,CST-6,28-FEB-26 23:00:00,0,0,0,0,0.00K,0.00K,CoCoRaHS,,,,,,,,,,,,,,,,,,,,,,"A narrow band of heavy snow developed across west-central and southern Minnesota. At times, snowfall rates reached near one inch per hour which negatively impacted road conditions and visibility. The strongest support for heavy snow featured a very sharp gradient from high versus low snowfall totals. The snow fell during a 18-22 hour period.||The highest snowfall measurements for this event were:|7.0 inches in St. Peter (Nicollet)|6.5 inches 2 NE Kasota (Le Sueur)|6.0 inches in Mankato (Blue Earth)|5.5 inches in Owatonna (Steele)|5.0 inches 1 SE of Elysian (Waseca).",A narrow band of snow produced 1 to 3 inches across the county with higher amounts occurring in the eastern portion of the county. The highest CoCoRaHS snowfall measurement of 2.7 inches was recorded 5 miles SW of Montevideo.,CSV
202602,28,300,202602,28,2300,209933,1320388,MINNESOTA,27,2026,February,Winter Weather,Z,56,CHIPPEWA,MPX,28-FEB-26 03:00:00,CST-6,28-FEB-26 23:00:00,0,0,0,0,0.00K,0.00K,CoCoRaHS,,,,,,,,,,,,,,,,,,,,,,"A narrow band of heavy snow developed across west-central and southern Minnesota. At times, snowfall rates reached near one inch per hour which negatively impacted road conditions and visibility. The strongest support for heavy snow featured a very sharp gradient from high versus low snowfall totals. The snow fell during a 18-22 hour period.||The highest snowfall measurements for this event were:|7.0 inches in St. Peter (Nicollet)|6.5 inches 2 NE Kasota (Le Sueur)|6.0 inches in Mankato (Blue Earth)|5.5 inches in Owatonna (Steele)|5.0 inches 1 SE of Elysian (Waseca).",A narrow band of snow produced 1 to 3 inches across the county with higher amounts occurring in the southern portion of the county. The highest CoCoRaHS snowfall measurement of 2.7 inches was recorded 5 miles SW of Montevideo in Lac Qui Parle County.,CSV
202602,18,400,202602,18,1500,210185,1319258,MINNESOTA,27,2026,February,Blizzard,Z,21,SOUTHERN COOK,DLH,18-FEB-26 04:00:00,CST-6,18-FEB-26 15:00:00,0,0,0,0,0.00K,0.00K,AWOS,,,,,,,,,,,,,,,,,,,,,,"A strong area of low pressure developed across the High Plains on the 17th and moved across the Dakotas on the 18th and into northern Wisconsin on the morning of the 19th. This led to a prolonged period of snowfall across the region. The track of this low was favorable for lake and terrain enhancement along the North Shore. Additionally, the strong low led to very gusty winds along the North Shore that led to a prolonged period of blizzard conditions that led to the closure of Minnesota Highway 61 for about 3 hours as crews were unable to keep up with the snowfall. Snowfall accumulations inland of Lake Superior were 6 to 10 inch range with much higher amounts along the North Shore, including upwards of 40 inches for the event in Hovland right on the shore of Lake Superior.",Heavy snowfall and strong winds led to an 11 hour period of blizzard conditions along the North Shore on the 18th. Minnesota Highway 61 was closed to traffic for about 3 hours from Duluth to the Canadian Border as road crews were unable to keep up with the snow. Snowfall totals well over 2 feet were reported with a high report of 40.4 inches at Hovland for the event.,CSV
202602,18,300,202602,19,700,210185,1319259,MINNESOTA,27,2026,February,Heavy Snow,Z,26,SOUTHERN ITASCA,DLH,18-FEB-26 03:00:00,CST-6,19-FEB-26 07:00:00,0,0,0,0,0.00K,0.00K,COOP Observer,,,,,,,,,,,,,,,,,,,,,,"A strong area of low pressure developed across the High Plains on the 17th and moved across the Dakotas on the 18th and into northern Wisconsin on the morning of the 19th. This led to a prolonged period of snowfall across the region. The track of this low was favorable for lake and terrain enhancement along the North Shore. Additionally, the strong low led to very gusty winds along the North Shore that led to a prolonged period of blizzard conditions that led to the closure of Minnesota Highway 61 for about 3 hours as crews were unable to keep up with the snowfall. Snowfall accumulations inland of Lake Superior were 6 to 10 inch range with much higher amounts along the North Shore, including upwards of 40 inches for the event in Hovland right on the shore of Lake Superior.",Snowfall was heavier than expected across the southern part of Itasca County for the event. Totals were in the 3 to 6 inch range with a high report of 7 inches about 6 miles north of Grand Rapids.,CSV
202602,28,100,202602,28,2300,209933,1321397,MINNESOTA,27,2026,February,Winter Weather,Z,91,MARTIN,MPX,28-FEB-26 01:00:00,CST-6,28-FEB-26 23:00:00,0,0,0,0,0.00K,0.00K,CoCoRaHS,,,,,,,,,,,,,,,,,,,,,,"A narrow band of heavy snow developed across west-central and southern Minnesota. At times, snowfall rates reached near one inch per hour which negatively impacted road conditions and visibility. The strongest support for heavy snow featured a very sharp gradient from high versus low snowfall totals. The snow fell during a 18-22 hour period.||The highest snowfall measurements for this event were:|7.0 inches in St. Peter (Nicollet)|6.5 inches 2 NE Kasota (Le Sueur)|6.0 inches in Mankato (Blue Earth)|5.5 inches in Owatonna (Steele)|5.0 inches 1 SE of Elysian (Waseca).",Snowfall measurements ranged between 1 to 2 inches across the county with the highest amounts likely occurring in the northeastern portion of the county. A CoCoRaHS observer in Fairmont measured 1.1 inches of snowfall.,CSV
202602,28,200,202602,28,2300,209933,1321398,MINNESOTA,27,2026,February,Winter Weather,Z,82,WATONWAN,MPX,28-FEB-26 02:00:00,CST-6,28-FEB-26 23:00:00,0,0,0,0,0.00K,0.00K,CoCoRaHS,,,,,,,,,,,,,,,,,,,,,,"A narrow band of heavy snow developed across west-central and southern Minnesota. At times, snowfall rates reached near one inch per hour which negatively impacted road conditions and visibility. The strongest support for heavy snow featured a very sharp gradient from high versus low snowfall totals. The snow fell during a 18-22 hour period.||The highest snowfall measurements for this event were:|7.0 inches in St. Peter (Nicollet)|6.5 inches 2 NE Kasota (Le Sueur)|6.0 inches in Mankato (Blue Earth)|5.5 inches in Owatonna (Steele)|5.0 inches 1 SE of Elysian (Waseca).",Snowfall measurements ranged between 1 to 3 inches across the county with the highest amounts likely occurring in the eastern portion of the county.,CSV
202602,28,400,202602,28,2300,209933,1321399,MINNESOTA,27,2026,February,Winter Weather,Z,83,BLUE EARTH,MPX,28-FEB-26 04:00:00,CST-6,28-FEB-26 23:00:00,0,0,0,0,0.00K,0.00K,CoCoRaHS,,,,,,,,,,,,,,,,,,,,,,"A narrow band of heavy snow developed across west-central and southern Minnesota. At times, snowfall rates reached near one inch per hour which negatively impacted road conditions and visibility. The strongest support for heavy snow featured a very sharp gradient from high versus low snowfall totals. The snow fell during a 18-22 hour period.||The highest snowfall measurements for this event were:|7.0 inches in St. Peter (Nicollet)|6.5 inches 2 NE Kasota (Le Sueur)|6.0 inches in Mankato (Blue Earth)|5.5 inches in Owatonna (Steele)|5.0 inches 1 SE of Elysian (Waseca).",Snowfall measurements ranged between 4 to 6 inches across the county. The highest snowfall observation was 6 inches in Mankato.,CSV
202602,17,2200,202602,18,1700,210185,1319260,MINNESOTA,27,2026,February,Blizzard,Z,37,SOUTHERN ST. LOUIS / CARLTON,DLH,17-FEB-26 22:00:00,CST-6,18-FEB-26 17:00:00,0,0,0,0,0.00K,0.00K,ASOS,,,,,,,,,,,,,,,,,,,,,,"A strong area of low pressure developed across the High Plains on the 17th and moved across the Dakotas on the 18th and into northern Wisconsin on the morning of the 19th. This led to a prolonged period of snowfall across the region. The track of this low was favorable for lake and terrain enhancement along the North Shore. Additionally, the strong low led to very gusty winds along the North Shore that led to a prolonged period of blizzard conditions that led to the closure of Minnesota Highway 61 for about 3 hours as crews were unable to keep up with the snowfall. Snowfall accumulations inland of Lake Superior were 6 to 10 inch range with much higher amounts along the North Shore, including upwards of 40 inches for the event in Hovland right on the shore of Lake Superior.",Heavy snowfall and strong winds led to a 19 hour period of blizzard conditions in the Duluth and North Shore area on the 18th. Minnesota Highway 61 was closed to traffic for about 3 hours from Duluth to the Canadian Border as road crews were unable to keep up with the snow. Snowfall totals over a foot were reported with a high report of 14 inches at Island Lake.,CSV
202602,17,2100,202602,19,700,210185,1319261,MINNESOTA,27,2026,February,Heavy Snow,Z,38,PINE,DLH,17-FEB-26 21:00:00,CST-6,19-FEB-26 07:00:00,0,0,0,0,0.00K,0.00K,CoCoRaHS,,,,,,,,,,,,,,,,,,,,,,"A strong area of low pressure developed across the High Plains on the 17th and moved across the Dakotas on the 18th and into northern Wisconsin on the morning of the 19th. This led to a prolonged period of snowfall across the region. The track of this low was favorable for lake and terrain enhancement along the North Shore. Additionally, the strong low led to very gusty winds along the North Shore that led to a prolonged period of blizzard conditions that led to the closure of Minnesota Highway 61 for about 3 hours as crews were unable to keep up with the snowfall. Snowfall accumulations inland of Lake Superior were 6 to 10 inch range with much higher amounts along the North Shore, including upwards of 40 inches for the event in Hovland right on the shore of Lake Superior.",Snowfall was heavier than expected across the far northern part of Pine County for the event. Totals were in the 3 to 6 inch range with a high report of 8.2 inches near Kerrick.,CSV
202602,18,630,202602,18,1530,209535,1309386,MINNESOTA,27,2026,February,Blizzard,Z,64,YELLOW MEDICINE,MPX,18-FEB-26 06:30:00,CST-6,18-FEB-26 15:30:00,0,0,0,0,0.00K,0.00K,AWOS,,,,,,,,,,,,,,,,,,,,,,"A stacked surface low was located over northeastern MN. An area of deformation developed across the Dakotas and moved slowly into Minnesota. Forcing within the mid-levels allowed for moderate to heavy snow to fall across western MN. Additionally, due to the strength of the pressure gradient, wind gusts across much of western MN ranged between 35 to 50 mph. The rate of falling and blowing snow reduced visibility to whiteout conditions, making many roadways impassible. Snow lingered for several hours before finally dissipating the afternoon of the following day. Storm total snowfall ranged between a few inches up to 9.5 inches.||The highest measured snowfall totals from this event are:|9.5 inches ENE of Prior Lake (Scott)|8.5 inches in Shorewood (Hennepin)|7.7 inches in Waconia (Carver)|7.0 inches 1 E of Granite Falls (Chippewa)|7.0 inches 3 SSW of Elko New Market (Rice).||The strongest wind gusts measured from this event were: |50 mph at Canby Municipal Airport (Yellow Medicine)|48 mph at Redwood Falls Municipal Airport (Redwood)|48 mph at New Ulm Municipal Airport (Brown)|44 mph at Mankato Regional Airport (Blue Earth).","The AWOS Station located at Canby Municipal Airport reported several hours of blizzard conditions with visibility less than one-quarter mile and a max wind gust of 50 mph. Additionally, Emergency Management reported that conditions got worse the farther west into the county. A few motorists ended up in ditches due to whiteout conditions.",CSV
202602,18,1030,202602,18,1530,209535,1309387,MINNESOTA,27,2026,February,Blizzard,Z,65,RENVILLE,MPX,18-FEB-26 10:30:00,CST-6,18-FEB-26 15:30:00,0,0,0,0,0.00K,0.00K,AWOS,,,,,,,,,,,,,,,,,,,,,,"A stacked surface low was located over northeastern MN. An area of deformation developed across the Dakotas and moved slowly into Minnesota. Forcing within the mid-levels allowed for moderate to heavy snow to fall across western MN. Additionally, due to the strength of the pressure gradient, wind gusts across much of western MN ranged between 35 to 50 mph. The rate of falling and blowing snow reduced visibility to whiteout conditions, making many roadways impassible. Snow lingered for several hours before finally dissipating the afternoon of the following day. Storm total snowfall ranged between a few inches up to 9.5 inches.||The highest measured snowfall totals from this event are:|9.5 inches ENE of Prior Lake (Scott)|8.5 inches in Shorewood (Hennepin)|7.7 inches in Waconia (Carver)|7.0 inches 1 E of Granite Falls (Chippewa)|7.0 inches 3 SSW of Elko New Market (Rice).||The strongest wind gusts measured from this event were: |50 mph at Canby Municipal Airport (Yellow Medicine)|48 mph at Redwood Falls Municipal Airport (Redwood)|48 mph at New Ulm Municipal Airport (Brown)|44 mph at Mankato Regional Airport (Blue Earth).","The AWOS Station located at Olivia Regional Airport reported several hours of blizzard conditions with visibility less than one-quarter mile and a max wind gust of 44 mph. Additionally, Emergency Management reported significant visibility issues across the county with ten motorists ending up in the ditch.",CSV
202602,18,830,202602,18,1400,209535,1309388,MINNESOTA,27,2026,February,Blizzard,Z,74,BROWN,MPX,18-FEB-26 08:30:00,CST-6,18-FEB-26 14:00:00,0,0,0,0,0.00K,0.00K,AWOS,,,,,,,,,,,,,,,,,,,,,,"A stacked surface low was located over northeastern MN. An area of deformation developed across the Dakotas and moved slowly into Minnesota. Forcing within the mid-levels allowed for moderate to heavy snow to fall across western MN. Additionally, due to the strength of the pressure gradient, wind gusts across much of western MN ranged between 35 to 50 mph. The rate of falling and blowing snow reduced visibility to whiteout conditions, making many roadways impassible. Snow lingered for several hours before finally dissipating the afternoon of the following day. Storm total snowfall ranged between a few inches up to 9.5 inches.||The highest measured snowfall totals from this event are:|9.5 inches ENE of Prior Lake (Scott)|8.5 inches in Shorewood (Hennepin)|7.7 inches in Waconia (Carver)|7.0 inches 1 E of Granite Falls (Chippewa)|7.0 inches 3 SSW of Elko New Market (Rice).||The strongest wind gusts measured from this event were: |50 mph at Canby Municipal Airport (Yellow Medicine)|48 mph at Redwood Falls Municipal Airport (Redwood)|48 mph at New Ulm Municipal Airport (Brown)|44 mph at Mankato Regional Airport (Blue Earth).","The RWIS Station located in Springfield reported several hours of blizzard conditions with visibility less than one tenth mile and a max wind gust of 50 mph. Additionally, Emergency Management reported that whiteout conditions and snow-covered roads led to 3 accidents which 2 included snowplows, and 8 vehicles went into ditches.",CSV
202602,18,930,202602,18,1300,209535,1309389,MINNESOTA,27,2026,February,Blizzard,Z,73,REDWOOD,MPX,18-FEB-26 09:30:00,CST-6,18-FEB-26 13:00:00,0,0,0,0,0.00K,0.00K,ASOS,,,,,,,,,,,,,,,,,,,,,,"A stacked surface low was located over northeastern MN. An area of deformation developed across the Dakotas and moved slowly into Minnesota. Forcing within the mid-levels allowed for moderate to heavy snow to fall across western MN. Additionally, due to the strength of the pressure gradient, wind gusts across much of western MN ranged between 35 to 50 mph. The rate of falling and blowing snow reduced visibility to whiteout conditions, making many roadways impassible. Snow lingered for several hours before finally dissipating the afternoon of the following day. Storm total snowfall ranged between a few inches up to 9.5 inches.||The highest measured snowfall totals from this event are:|9.5 inches ENE of Prior Lake (Scott)|8.5 inches in Shorewood (Hennepin)|7.7 inches in Waconia (Carver)|7.0 inches 1 E of Granite Falls (Chippewa)|7.0 inches 3 SSW of Elko New Market (Rice).||The strongest wind gusts measured from this event were: |50 mph at Canby Municipal Airport (Yellow Medicine)|48 mph at Redwood Falls Municipal Airport (Redwood)|48 mph at New Ulm Municipal Airport (Brown)|44 mph at Mankato Regional Airport (Blue Earth).","The ASOS Station located at the Redwood Falls Municipal Airport reported multiple hours of blizzard conditions with visibility less than one-quarter mile and a max wind gust of 48 mph. Additionally, Emergency Management reported multiple hours of whiteout conditions led to a couple of motorists going into ditches.",CSV
202602,1,0,202602,28,2359,210183,1319179,MINNESOTA,27,2026,February,Drought,Z,35,NORTHERN AITKIN,DLH,01-FEB-26 00:00:00,CST-6,28-FEB-26 23:59:00,0,0,0,0,0.00K,0.00K,Drought Monitor,,,,,,,,,,,,,,,,,,,,,,"D2 Severe Drought conditions persisted across parts of northeastern Minnesota during the month of February. A slight reduction in the area of D2 Severe Drought was realized with the update on the 24th, but no significant chances were observed. Precipitation for the month was around 0.25 to 0.75 inches below normal in the western portion of the D2 Severe Drought area with 0.5 to 1 inches above normal in the eastern portion where the reduction in area occurred.",D2 Severe Drought conditions persisted across the southeastern quarter of northern Aitkin County during the month of February. No changes in drought category were observed over the course of the month. Precipitation for the month was around 0.25 inches below normal in this area with the dry pattern extending back into the summer months.,CSV
202602,28,500,202602,28,1700,211202,1319629,MINNESOTA,27,2026,February,Winter Storm,Z,96,HOUSTON,ARX,28-FEB-26 05:00:00,CST-6,28-FEB-26 17:00:00,0,0,0,0,0.00K,0.00K,Public,,,,,,,,,,,,,,,,,,,,,,"A very impressive but narrow snow band brought heavy snow to portions of southeastern Minnesota on February 28th during the morning and afternoon hours. This event was noteworthy in particular due to its unusually dry snow to liquid ratios, in many cases 30-to-1. This resulted in some overachieving amounts, particularly in Houston and Fillmore counties where snow amounts of 8 to 10 inches were observed.",This very narrow snow band brought heavy snow to Houston County where snowfall totals ranged from 4 to 9 inches. The highest reported snowfall total in the county was 8.8 inches 1 mile north of New Albin.,CSV
202602,28,400,202602,28,1600,211202,1319630,MINNESOTA,27,2026,February,Winter Storm,Z,94,MOWER,ARX,28-FEB-26 04:00:00,CST-6,28-FEB-26 16:00:00,0,0,0,0,0.00K,0.00K,Public,,,,,,,,,,,,,,,,,,,,,,"A very impressive but narrow snow band brought heavy snow to portions of southeastern Minnesota on February 28th during the morning and afternoon hours. This event was noteworthy in particular due to its unusually dry snow to liquid ratios, in many cases 30-to-1. This resulted in some overachieving amounts, particularly in Houston and Fillmore counties where snow amounts of 8 to 10 inches were observed.",This very narrow snow band brought heavy snow to portions of Mower County with snowfall totals ranging from 3 to 8 inches. The highest snowfall total reported in the county was 8 inches in Racine.,CSV
202602,28,500,202602,28,1500,211202,1319631,MINNESOTA,27,2026,February,Winter Storm,Z,86,DODGE,ARX,28-FEB-26 05:00:00,CST-6,28-FEB-26 15:00:00,0,0,0,0,0.00K,0.00K,Public,,,,,,,,,,,,,,,,,,,,,,"A very impressive but narrow snow band brought heavy snow to portions of southeastern Minnesota on February 28th during the morning and afternoon hours. This event was noteworthy in particular due to its unusually dry snow to liquid ratios, in many cases 30-to-1. This resulted in some overachieving amounts, particularly in Houston and Fillmore counties where snow amounts of 8 to 10 inches were observed.",This very narrow snow band brought heavy snow to Dodge County with snowfall totals of 4 to 8 inches across the county. The highest reported snowfall total was in Hayfield where 8 inches was measured.,CSV
202602,28,500,202602,28,1500,211202,1319636,MINNESOTA,27,2026,February,Winter Weather,Z,87,OLMSTED,ARX,28-FEB-26 05:00:00,CST-6,28-FEB-26 15:00:00,0,0,0,0,0.00K,0.00K,Public,,,,,,,,,,,,,,,,,,,,,,"A very impressive but narrow snow band brought heavy snow to portions of southeastern Minnesota on February 28th during the morning and afternoon hours. This event was noteworthy in particular due to its unusually dry snow to liquid ratios, in many cases 30-to-1. This resulted in some overachieving amounts, particularly in Houston and Fillmore counties where snow amounts of 8 to 10 inches were observed.",This snow band brought snow totals of 2 to 8 inches across Olmsted County with much of the totals over 6 inches being confined to extreme southern portions of the county. The highest snowfall total report was 8 inches in Rock Dell.,CSV
202602,18,700,202602,18,700,211156,1321139,MINNESOTA,27,2026,February,Heavy Snow,Z,9,NORTH BELTRAMI,FGF,18-FEB-26 07:00:00,CST-6,18-FEB-26 07:00:00,0,0,0,0,,,CoCoRaHS,,,,,,,,,,,,,,,,,,,,,,A strong upper low brought heavy snow to much of eastern North Dakota and northwest Minnesota on February 17th and 18th. Snowfall totals ranged from a few inches to nearly 17 inches.,"Received a report of 6.2 inches of snow from CoCoRahs station 7 miles NE of Puposky, MN. Station MN-BM-48.",CSV
202602,19,900,202602,19,900,211156,1321138,MINNESOTA,27,2026,February,Heavy Snow,Z,30,WEST OTTER TAIL,FGF,19-FEB-26 09:00:00,CST-6,19-FEB-26 09:00:00,0,0,0,0,,,Public,,,,,,,,,,,,,,,,,,,,,,A strong upper low brought heavy snow to much of eastern North Dakota and northwest Minnesota on February 17th and 18th. Snowfall totals ranged from a few inches to nearly 17 inches.,"Received a public report of 9 inches of storm total snow 3 miles NW of Vergas, MN.",CSV
202602,19,1414,202602,19,1414,211156,1321146,MINNESOTA,27,2026,February,Heavy Snow,Z,1,WEST POLK,FGF,19-FEB-26 14:14:00,CST-6,19-FEB-26 14:14:00,0,0,0,0,,,Public,,,,,,,,,,,,,,,,,,,,,,A strong upper low brought heavy snow to much of eastern North Dakota and northwest Minnesota on February 17th and 18th. Snowfall totals ranged from a few inches to nearly 17 inches.,"Received a public report of 9 inches of storm total snow 2 miles east of Mallory, MN.",CSV
202602,18,1030,202602,18,1530,209535,1309390,MINNESOTA,27,2026,February,Blizzard,Z,75,NICOLLET,MPX,18-FEB-26 10:30:00,CST-6,18-FEB-26 15:30:00,0,0,0,0,0.00K,0.00K,Emergency Manager,,,,,,,,,,,,,,,,,,,,,,"A stacked surface low was located over northeastern MN. An area of deformation developed across the Dakotas and moved slowly into Minnesota. Forcing within the mid-levels allowed for moderate to heavy snow to fall across western MN. Additionally, due to the strength of the pressure gradient, wind gusts across much of western MN ranged between 35 to 50 mph. The rate of falling and blowing snow reduced visibility to whiteout conditions, making many roadways impassible. Snow lingered for several hours before finally dissipating the afternoon of the following day. Storm total snowfall ranged between a few inches up to 9.5 inches.||The highest measured snowfall totals from this event are:|9.5 inches ENE of Prior Lake (Scott)|8.5 inches in Shorewood (Hennepin)|7.7 inches in Waconia (Carver)|7.0 inches 1 E of Granite Falls (Chippewa)|7.0 inches 3 SSW of Elko New Market (Rice).||The strongest wind gusts measured from this event were: |50 mph at Canby Municipal Airport (Yellow Medicine)|48 mph at Redwood Falls Municipal Airport (Redwood)|48 mph at New Ulm Municipal Airport (Brown)|44 mph at Mankato Regional Airport (Blue Earth).","Emergency management reported that blowing snow and poor visibility led to multiple vehicles in the ditch along U.S. 169, U.S. 14, and MN-15. Worst conditions occurred west of St. Peter. The AWOS station at the neighboring New Ulm Municipal Airport recorded a wind gust of 48 mph with several hours of blowing snow, and visibility of one-half mile or less.",CSV
202602,18,1400,202602,18,1700,209535,1309391,MINNESOTA,27,2026,February,Blizzard,Z,66,MCLEOD,MPX,18-FEB-26 14:00:00,CST-6,18-FEB-26 17:00:00,0,0,0,0,0.00K,0.00K,AWOS,,,,,,,,,,,,,,,,,,,,,,"A stacked surface low was located over northeastern MN. An area of deformation developed across the Dakotas and moved slowly into Minnesota. Forcing within the mid-levels allowed for moderate to heavy snow to fall across western MN. Additionally, due to the strength of the pressure gradient, wind gusts across much of western MN ranged between 35 to 50 mph. The rate of falling and blowing snow reduced visibility to whiteout conditions, making many roadways impassible. Snow lingered for several hours before finally dissipating the afternoon of the following day. Storm total snowfall ranged between a few inches up to 9.5 inches.||The highest measured snowfall totals from this event are:|9.5 inches ENE of Prior Lake (Scott)|8.5 inches in Shorewood (Hennepin)|7.7 inches in Waconia (Carver)|7.0 inches 1 E of Granite Falls (Chippewa)|7.0 inches 3 SSW of Elko New Market (Rice).||The strongest wind gusts measured from this event were: |50 mph at Canby Municipal Airport (Yellow Medicine)|48 mph at Redwood Falls Municipal Airport (Redwood)|48 mph at New Ulm Municipal Airport (Brown)|44 mph at Mankato Regional Airport (Blue Earth).",The AWOS Station located at Glencoe Municipal Airport reported three hours of blizzard conditions with visibility less than one-quarter mile.,CSV
202602,1,0,202602,28,2359,210183,1319181,MINNESOTA,27,2026,February,Drought,Z,36,SOUTHERN AITKIN,DLH,01-FEB-26 00:00:00,CST-6,28-FEB-26 23:59:00,0,0,0,0,0.00K,0.00K,Drought Monitor,,,,,,,,,,,,,,,,,,,,,,"D2 Severe Drought conditions persisted across parts of northeastern Minnesota during the month of February. A slight reduction in the area of D2 Severe Drought was realized with the update on the 24th, but no significant chances were observed. Precipitation for the month was around 0.25 to 0.75 inches below normal in the western portion of the D2 Severe Drought area with 0.5 to 1 inches above normal in the eastern portion where the reduction in area occurred.",D2 Severe Drought conditions persisted across the eastern quarter of southern Aitkin County during the month of February. No changes in drought category were observed over the course of the month. Precipitation for the month was around 0.25 inches below normal in this area with the dry pattern extending back into the summer months.,CSV
202602,1,0,202602,28,2359,210183,1319186,MINNESOTA,27,2026,February,Drought,Z,38,PINE,DLH,01-FEB-26 00:00:00,CST-6,28-FEB-26 23:59:00,0,0,0,0,0.00K,0.00K,Drought Monitor,,,,,,,,,,,,,,,,,,,,,,"D2 Severe Drought conditions persisted across parts of northeastern Minnesota during the month of February. A slight reduction in the area of D2 Severe Drought was realized with the update on the 24th, but no significant chances were observed. Precipitation for the month was around 0.25 to 0.75 inches below normal in the western portion of the D2 Severe Drought area with 0.5 to 1 inches above normal in the eastern portion where the reduction in area occurred.","D2 Severe Drought covered the northern 2/3rds of the county during the month of February. No changes in drought category were observed over the course of the month. Precipitation for the month was 0.25 to 0.50 inches above normal, highest in the far northeastern corner of the county.",CSV
202602,1,0,202602,28,2359,210183,1319192,MINNESOTA,27,2026,February,Drought,Z,37,SOUTHERN ST. LOUIS / CARLTON,DLH,01-FEB-26 00:00:00,CST-6,28-FEB-26 23:59:00,0,0,0,0,0.00K,0.00K,Drought Monitor,,,,,,,,,,,,,,,,,,,,,,"D2 Severe Drought conditions persisted across parts of northeastern Minnesota during the month of February. A slight reduction in the area of D2 Severe Drought was realized with the update on the 24th, but no significant chances were observed. Precipitation for the month was around 0.25 to 0.75 inches below normal in the western portion of the D2 Severe Drought area with 0.5 to 1 inches above normal in the eastern portion where the reduction in area occurred.",D2 Severe Drought persisted to start February across all of Carlton County and roughly the southern half of southern St. Louis County. Precipitation during the middle of the month led to the reduction of D2 Severe Drought with the update on the 24th leaving almost all of Carlton County in except for the northeastern corner and just a small area of D2 Severe Drought across southwestern St. Louis County. Precipitation for the month was slightly below normal in far western areas with up to an inch above normal in eastern areas.,CSV
202602,19,2100,202602,20,800,211201,1319621,MINNESOTA,27,2026,February,Winter Storm,Z,96,HOUSTON,ARX,19-FEB-26 21:00:00,CST-6,20-FEB-26 08:00:00,0,0,0,0,0.00K,0.00K,Public,,,,,,,,,,,,,,,,,,,,,,"During the late evening on February 19th and into the morning hours on February 20th, a quick-hitting but heavy band of snow moved through Houston and Fillmore counties bringing widespread snowfall totals in excess of 6 inches with some locations approaching a foot of snow.",This snow band brought heavy snow to Houston County with snowfall totals ranging from 8 to 10 inches. The highest snowfall report was 6 miles south of Reno where 10 inches was measured.,CSV
202602,18,1000,202602,18,1530,209535,1309393,MINNESOTA,27,2026,February,Blizzard,Z,83,BLUE EARTH,MPX,18-FEB-26 10:00:00,CST-6,18-FEB-26 15:30:00,0,0,0,0,0.00K,0.00K,Emergency Manager,,,,,,,,,,,,,,,,,,,,,,"A stacked surface low was located over northeastern MN. An area of deformation developed across the Dakotas and moved slowly into Minnesota. Forcing within the mid-levels allowed for moderate to heavy snow to fall across western MN. Additionally, due to the strength of the pressure gradient, wind gusts across much of western MN ranged between 35 to 50 mph. The rate of falling and blowing snow reduced visibility to whiteout conditions, making many roadways impassible. Snow lingered for several hours before finally dissipating the afternoon of the following day. Storm total snowfall ranged between a few inches up to 9.5 inches.||The highest measured snowfall totals from this event are:|9.5 inches ENE of Prior Lake (Scott)|8.5 inches in Shorewood (Hennepin)|7.7 inches in Waconia (Carver)|7.0 inches 1 E of Granite Falls (Chippewa)|7.0 inches 3 SSW of Elko New Market (Rice).||The strongest wind gusts measured from this event were: |50 mph at Canby Municipal Airport (Yellow Medicine)|48 mph at Redwood Falls Municipal Airport (Redwood)|48 mph at New Ulm Municipal Airport (Brown)|44 mph at Mankato Regional Airport (Blue Earth).",Emergency management reported that several vehicles went into ditches. The worst visibility impacts less than one-half mile was located in the western half of the county. The Mankato Regional Airport reported a max wind gust of 44 mph.,CSV
202602,18,1000,202602,18,1400,209535,1309395,MINNESOTA,27,2026,February,Blizzard,Z,82,WATONWAN,MPX,18-FEB-26 10:00:00,CST-6,18-FEB-26 14:00:00,0,0,0,0,0.00K,0.00K,AWOS,,,,,,,,,,,,,,,,,,,,,,"A stacked surface low was located over northeastern MN. An area of deformation developed across the Dakotas and moved slowly into Minnesota. Forcing within the mid-levels allowed for moderate to heavy snow to fall across western MN. Additionally, due to the strength of the pressure gradient, wind gusts across much of western MN ranged between 35 to 50 mph. The rate of falling and blowing snow reduced visibility to whiteout conditions, making many roadways impassible. Snow lingered for several hours before finally dissipating the afternoon of the following day. Storm total snowfall ranged between a few inches up to 9.5 inches.||The highest measured snowfall totals from this event are:|9.5 inches ENE of Prior Lake (Scott)|8.5 inches in Shorewood (Hennepin)|7.7 inches in Waconia (Carver)|7.0 inches 1 E of Granite Falls (Chippewa)|7.0 inches 3 SSW of Elko New Market (Rice).||The strongest wind gusts measured from this event were: |50 mph at Canby Municipal Airport (Yellow Medicine)|48 mph at Redwood Falls Municipal Airport (Redwood)|48 mph at New Ulm Municipal Airport (Brown)|44 mph at Mankato Regional Airport (Blue Earth).",The AWOS station located in St. James Municipal Airport reported several hours of blizzard conditions with visibility less than one quarter mile and a max wind gust of 41 mph.,CSV
202602,18,1100,202602,18,1700,209535,1309398,MINNESOTA,27,2026,February,Winter Weather,Z,76,LE SUEUR,MPX,18-FEB-26 11:00:00,CST-6,18-FEB-26 17:00:00,0,0,0,0,0.00K,0.00K,AWOS,,,,,,,,,,,,,,,,,,,,,,"A stacked surface low was located over northeastern MN. An area of deformation developed across the Dakotas and moved slowly into Minnesota. Forcing within the mid-levels allowed for moderate to heavy snow to fall across western MN. Additionally, due to the strength of the pressure gradient, wind gusts across much of western MN ranged between 35 to 50 mph. The rate of falling and blowing snow reduced visibility to whiteout conditions, making many roadways impassible. Snow lingered for several hours before finally dissipating the afternoon of the following day. Storm total snowfall ranged between a few inches up to 9.5 inches.||The highest measured snowfall totals from this event are:|9.5 inches ENE of Prior Lake (Scott)|8.5 inches in Shorewood (Hennepin)|7.7 inches in Waconia (Carver)|7.0 inches 1 E of Granite Falls (Chippewa)|7.0 inches 3 SSW of Elko New Market (Rice).||The strongest wind gusts measured from this event were: |50 mph at Canby Municipal Airport (Yellow Medicine)|48 mph at Redwood Falls Municipal Airport (Redwood)|48 mph at New Ulm Municipal Airport (Brown)|44 mph at Mankato Regional Airport (Blue Earth).",Wind gusts of 30 to 40 mph combined with falling blowing snow reduced visibilities between one half mile to one mile at times.,CSV
202602,18,1100,202602,18,1700,209535,1309399,MINNESOTA,27,2026,February,Winter Weather,Z,84,WASECA,MPX,18-FEB-26 11:00:00,CST-6,18-FEB-26 17:00:00,0,0,0,0,0.00K,0.00K,AWOS,,,,,,,,,,,,,,,,,,,,,,"A stacked surface low was located over northeastern MN. An area of deformation developed across the Dakotas and moved slowly into Minnesota. Forcing within the mid-levels allowed for moderate to heavy snow to fall across western MN. Additionally, due to the strength of the pressure gradient, wind gusts across much of western MN ranged between 35 to 50 mph. The rate of falling and blowing snow reduced visibility to whiteout conditions, making many roadways impassible. Snow lingered for several hours before finally dissipating the afternoon of the following day. Storm total snowfall ranged between a few inches up to 9.5 inches.||The highest measured snowfall totals from this event are:|9.5 inches ENE of Prior Lake (Scott)|8.5 inches in Shorewood (Hennepin)|7.7 inches in Waconia (Carver)|7.0 inches 1 E of Granite Falls (Chippewa)|7.0 inches 3 SSW of Elko New Market (Rice).||The strongest wind gusts measured from this event were: |50 mph at Canby Municipal Airport (Yellow Medicine)|48 mph at Redwood Falls Municipal Airport (Redwood)|48 mph at New Ulm Municipal Airport (Brown)|44 mph at Mankato Regional Airport (Blue Earth).","The AWOS station located at the Waseca Municipal Airport reported multiple hours of reduced visibility between one quarter to one half mile from falling blowing snow. Additionally, the max wind gust was near 40 mph.",CSV
202602,28,500,202602,28,1600,211202,1319628,MINNESOTA,27,2026,February,Winter Storm,Z,95,FILLMORE,ARX,28-FEB-26 05:00:00,CST-6,28-FEB-26 16:00:00,0,0,0,0,0.00K,0.00K,Public,,,,,,,,,,,,,,,,,,,,,,"A very impressive but narrow snow band brought heavy snow to portions of southeastern Minnesota on February 28th during the morning and afternoon hours. This event was noteworthy in particular due to its unusually dry snow to liquid ratios, in many cases 30-to-1. This resulted in some overachieving amounts, particularly in Houston and Fillmore counties where snow amounts of 8 to 10 inches were observed.",This very narrow snow band brought heavy snow to Fillmore County with snowfall amounts ranging from 6 to 10 inches. The highest total reported in the county was in Preston where 10 inches was measured.,CSV
202602,27,1050,202602,27,1050,211158,1321159,MINNESOTA,27,2026,February,High Wind,Z,1,WEST POLK,FGF,27-FEB-26 10:50:00,CST-6,27-FEB-26 10:50:00,0,0,0,0,,,Mesonet,51.00,MG,,,,,,,,,,,,,,,,,,,,Wind gusts up to 66 mph were observed on February 27th as steep pressure rises and strong mixing led to several hours of strong winds.,"Mesonet station MN060 reported a 59 mph wind gust in East Grand Forks, MN.",CSV
202602,18,300,202602,18,1230,211453,1320996,MINNESOTA,27,2026,February,High Wind,Z,71,LINCOLN,FSD,18-FEB-26 03:00:00,CST-6,18-FEB-26 12:30:00,0,0,0,0,0.00K,0.00K,Department of Highways,38.00,MS,,,,,,,,,,,,,,,,,,,,Two cold fronts associated with an elongated surface low pressure system swept across southwest Minnesota during the morning and early afternoon of February 18. Periods of sustained winds from 40 to 49 mph with gusts as high as 65 mph were reported across the area. Light snow developed along the Highway 14 corridor where a few areas picked up a half-inch up to two inches of accumulation. Related reductions in visibility were brief.,Sustained winds were between 40 and 44 mph at times at a Minnesota Department of Transportation site near Hendricks.,CSV
202602,24,830,202602,24,930,209932,1319065,MINNESOTA,27,2026,February,Winter Weather,Z,59,WRIGHT,MPX,24-FEB-26 08:30:00,CST-6,24-FEB-26 09:30:00,0,0,0,0,0.00K,0.00K,AWOS,,,,,,,,,,,,,,,,,,,,,,"A band of freezing rain moved across portions of central and southern MN. Despite ice accumulations accreting to less than a tenth of an inch, travel conditions were very slippery which results to numerous vehicle accidents and spin outs across the region.",The AWOS station located at the Maple Lake Municipal Airport observed approximately an hour of freezing rain. There was less than one tenth of ice accretion but did make the morning commute incredibly slippery.,CSV
202602,24,830,202602,24,930,209932,1319066,MINNESOTA,27,2026,February,Winter Weather,Z,61,ANOKA,MPX,24-FEB-26 08:30:00,CST-6,24-FEB-26 09:30:00,0,0,0,0,0.00K,0.00K,AWOS,,,,,,,,,,,,,,,,,,,,,,"A band of freezing rain moved across portions of central and southern MN. Despite ice accumulations accreting to less than a tenth of an inch, travel conditions were very slippery which results to numerous vehicle accidents and spin outs across the region.",The AWOS station located at the Anoka-Blaine County Airport observed approximately an hour of freezing rain. There was less than one tenth of ice accretion but did make the morning commute incredibly slippery.,CSV
202602,24,1015,202602,24,1115,209932,1319067,MINNESOTA,27,2026,February,Winter Weather,Z,63,WASHINGTON,MPX,24-FEB-26 10:15:00,CST-6,24-FEB-26 11:15:00,0,0,0,0,0.00K,0.00K,AWOS,,,,,,,,,,,,,,,,,,,,,,"A band of freezing rain moved across portions of central and southern MN. Despite ice accumulations accreting to less than a tenth of an inch, travel conditions were very slippery which results to numerous vehicle accidents and spin outs across the region.",The AWOS station located at the Lake Elmo Airport observed approximately an hour of light snow and freezing rain. There was less than one tenth of ice accretion but did make the morning commute incredibly slippery.,CSV
202602,24,1030,202602,24,1130,209932,1319070,MINNESOTA,27,2026,February,Winter Weather,Z,70,DAKOTA,MPX,24-FEB-26 10:30:00,CST-6,24-FEB-26 11:30:00,0,0,0,0,0.00K,0.00K,AWOS,,,,,,,,,,,,,,,,,,,,,,"A band of freezing rain moved across portions of central and southern MN. Despite ice accumulations accreting to less than a tenth of an inch, travel conditions were very slippery which results to numerous vehicle accidents and spin outs across the region.",The AWOS station located at the Airlake Airport observed approximately an hour of freezing rain. There was less than one tenth of ice accretion but did make the morning commute incredibly slippery.,CSV
202602,28,130,202602,28,1400,211511,1321407,MINNESOTA,27,2026,February,Winter Weather,Z,71,LINCOLN,FSD,28-FEB-26 01:30:00,CST-6,28-FEB-26 14:00:00,0,0,0,0,0.00K,0.00K,CoCoRaHS,,,,,,,,,,,,,,,,,,,,,,"A compact short-wave within northwest flow aloft moved across the Northern Plains late February 27 into February 28. Mid-level frontogenesis and sufficient moisture resulted in a narrow band of light to moderate snow mainly along and north of a De Smet, SD to Windom, MN line. These areas received 1-4 inches of snow, with a few locations exceeding 5 inches. Winds were light during the snowfall, limiting blowing and drifting.",Snowfall totaled 4.5 inches 8 miles southeast of Hendricks.,CSV
202602,28,400,202602,28,1500,211511,1321409,MINNESOTA,27,2026,February,Winter Storm,Z,72,LYON,FSD,28-FEB-26 04:00:00,CST-6,28-FEB-26 15:00:00,0,0,0,0,0.00K,0.00K,COOP Observer,,,,,,,,,,,,,,,,,,,,,,"A compact short-wave within northwest flow aloft moved across the Northern Plains late February 27 into February 28. Mid-level frontogenesis and sufficient moisture resulted in a narrow band of light to moderate snow mainly along and north of a De Smet, SD to Windom, MN line. These areas received 1-4 inches of snow, with a few locations exceeding 5 inches. Winds were light during the snowfall, limiting blowing and drifting.","Snowfall totaled 6.4 inches in Minneota, 6.3 inches 4.7 miles south of Cottonwood, 6.0 inches 2.1 miles southeast of Balaton, and 3.0 inches in Marshall.",CSV
202602,28,130,202602,28,1200,211511,1321410,MINNESOTA,27,2026,February,Winter Weather,Z,80,MURRAY,FSD,28-FEB-26 01:30:00,CST-6,28-FEB-26 12:00:00,0,0,0,0,0.00K,0.00K,CoCoRaHS,,,,,,,,,,,,,,,,,,,,,,"A compact short-wave within northwest flow aloft moved across the Northern Plains late February 27 into February 28. Mid-level frontogenesis and sufficient moisture resulted in a narrow band of light to moderate snow mainly along and north of a De Smet, SD to Windom, MN line. These areas received 1-4 inches of snow, with a few locations exceeding 5 inches. Winds were light during the snowfall, limiting blowing and drifting.",Snowfall totaled 1.7 inches in Slayton.,CSV
202602,28,200,202602,28,1230,211511,1321411,MINNESOTA,27,2026,February,Winter Weather,Z,81,COTTONWOOD,FSD,28-FEB-26 02:00:00,CST-6,28-FEB-26 12:30:00,0,0,0,0,0.00K,0.00K,COOP Observer,,,,,,,,,,,,,,,,,,,,,,"A compact short-wave within northwest flow aloft moved across the Northern Plains late February 27 into February 28. Mid-level frontogenesis and sufficient moisture resulted in a narrow band of light to moderate snow mainly along and north of a De Smet, SD to Windom, MN line. These areas received 1-4 inches of snow, with a few locations exceeding 5 inches. Winds were light during the snowfall, limiting blowing and drifting.",Snowfall totaled 3.0 inches in Windom.,CSV
202602,18,1400,202602,19,900,209535,1309410,MINNESOTA,27,2026,February,Winter Storm,Z,60,HENNEPIN,MPX,18-FEB-26 14:00:00,CST-6,19-FEB-26 09:00:00,0,0,0,0,0.00K,0.00K,Official NWS Observations,,,,,,,,,,,,,,,,,,,,,,"A stacked surface low was located over northeastern MN. An area of deformation developed across the Dakotas and moved slowly into Minnesota. Forcing within the mid-levels allowed for moderate to heavy snow to fall across western MN. Additionally, due to the strength of the pressure gradient, wind gusts across much of western MN ranged between 35 to 50 mph. The rate of falling and blowing snow reduced visibility to whiteout conditions, making many roadways impassible. Snow lingered for several hours before finally dissipating the afternoon of the following day. Storm total snowfall ranged between a few inches up to 9.5 inches.||The highest measured snowfall totals from this event are:|9.5 inches ENE of Prior Lake (Scott)|8.5 inches in Shorewood (Hennepin)|7.7 inches in Waconia (Carver)|7.0 inches 1 E of Granite Falls (Chippewa)|7.0 inches 3 SSW of Elko New Market (Rice).||The strongest wind gusts measured from this event were: |50 mph at Canby Municipal Airport (Yellow Medicine)|48 mph at Redwood Falls Municipal Airport (Redwood)|48 mph at New Ulm Municipal Airport (Brown)|44 mph at Mankato Regional Airport (Blue Earth).","Heavy snowfall with rates near one inch per hour produced 2 to 8 inches across the county. The highest amounts were observed across the southern half of the county. The Minneapolis St. Paul International Airport reached 6 inches of snow during the official midnight observation. Snow continued to fall through the morning commute. CoCoRaHS observers in measured 7.7 inches in Maple Lake, 7.6 inches in Edina, and 6.8 inches in Plymouth.",CSV
202602,18,1000,202602,19,100,209535,1309411,MINNESOTA,27,2026,February,Winter Storm,Z,67,SIBLEY,MPX,18-FEB-26 10:00:00,CST-6,19-FEB-26 01:00:00,0,0,0,0,0.00K,0.00K,Emergency Manager,,,,,,,,,,,,,,,,,,,,,,"A stacked surface low was located over northeastern MN. An area of deformation developed across the Dakotas and moved slowly into Minnesota. Forcing within the mid-levels allowed for moderate to heavy snow to fall across western MN. Additionally, due to the strength of the pressure gradient, wind gusts across much of western MN ranged between 35 to 50 mph. The rate of falling and blowing snow reduced visibility to whiteout conditions, making many roadways impassible. Snow lingered for several hours before finally dissipating the afternoon of the following day. Storm total snowfall ranged between a few inches up to 9.5 inches.||The highest measured snowfall totals from this event are:|9.5 inches ENE of Prior Lake (Scott)|8.5 inches in Shorewood (Hennepin)|7.7 inches in Waconia (Carver)|7.0 inches 1 E of Granite Falls (Chippewa)|7.0 inches 3 SSW of Elko New Market (Rice).||The strongest wind gusts measured from this event were: |50 mph at Canby Municipal Airport (Yellow Medicine)|48 mph at Redwood Falls Municipal Airport (Redwood)|48 mph at New Ulm Municipal Airport (Brown)|44 mph at Mankato Regional Airport (Blue Earth).","Emergency Manager reported windy conditions and icy roads across the county. Blowing snow reduced visibility between one quarter to a half mile at times. Schools closed early at noon that day due to conditions. Additionally, CoCoRaHS observers measured two to six inches of snowfall was recorded in the northern region of the county. The two nearest observations were 6 inches in Glencoe, and 6.2 inches in Plato.",CSV
202602,18,645,202602,18,1045,211453,1321001,MINNESOTA,27,2026,February,High Wind,Z,97,PIPESTONE,FSD,18-FEB-26 06:45:00,CST-6,18-FEB-26 10:45:00,0,0,0,0,0.00K,0.00K,Department of Highways,40.00,MS,,,,,,,,,,,,,,,,,,,,Two cold fronts associated with an elongated surface low pressure system swept across southwest Minnesota during the morning and early afternoon of February 18. Periods of sustained winds from 40 to 49 mph with gusts as high as 65 mph were reported across the area. Light snow developed along the Highway 14 corridor where a few areas picked up a half-inch up to two inches of accumulation. Related reductions in visibility were brief.,Sustained winds were between 40 and 46 mph at times at a Minnesota Department of Transportation site near Trosky.,CSV
202602,18,815,202602,18,1145,211453,1321005,MINNESOTA,27,2026,February,High Wind,Z,98,ROCK,FSD,18-FEB-26 08:15:00,CST-6,18-FEB-26 11:45:00,0,0,0,0,0.00K,0.00K,Department of Highways,53.00,MG,,,,,,,,,,,,,,,,,,,,Two cold fronts associated with an elongated surface low pressure system swept across southwest Minnesota during the morning and early afternoon of February 18. Periods of sustained winds from 40 to 49 mph with gusts as high as 65 mph were reported across the area. Light snow developed along the Highway 14 corridor where a few areas picked up a half-inch up to two inches of accumulation. Related reductions in visibility were brief.,"Sustained winds were between 40 and 47 mph at times, with gusts as high as 61 mph at a Minnesota Department of Transportation site near Beaver Creek.",CSV
202602,18,815,202602,18,1315,211453,1321006,MINNESOTA,27,2026,February,High Wind,Z,89,NOBLES,FSD,18-FEB-26 08:15:00,CST-6,18-FEB-26 13:15:00,0,0,0,0,0.00K,0.00K,Department of Highways,50.00,MG,,,,,,,,,,,,,,,,,,,,Two cold fronts associated with an elongated surface low pressure system swept across southwest Minnesota during the morning and early afternoon of February 18. Periods of sustained winds from 40 to 49 mph with gusts as high as 65 mph were reported across the area. Light snow developed along the Highway 14 corridor where a few areas picked up a half-inch up to two inches of accumulation. Related reductions in visibility were brief.,"Sustained winds were between 40 and 49 mph at times, with gusts as high as 58 mph at a Minnesota Department of Transportation site near Rushmore.",CSV
202602,18,415,202602,18,1315,211453,1321009,MINNESOTA,27,2026,February,High Wind,Z,81,COTTONWOOD,FSD,18-FEB-26 04:15:00,CST-6,18-FEB-26 13:15:00,0,0,0,0,0.00K,0.00K,Department of Highways,56.00,MG,,,,,,,,,,,,,,,,,,,,Two cold fronts associated with an elongated surface low pressure system swept across southwest Minnesota during the morning and early afternoon of February 18. Periods of sustained winds from 40 to 49 mph with gusts as high as 65 mph were reported across the area. Light snow developed along the Highway 14 corridor where a few areas picked up a half-inch up to two inches of accumulation. Related reductions in visibility were brief.,"Sustained winds were between 40 and 46 mph at times, with gusts as high as 65 mph at a Minnesota Department of Transportation site near Jeffers.",CSV
202602,24,1100,202602,24,1200,209932,1319071,MINNESOTA,27,2026,February,Winter Weather,Z,78,GOODHUE,MPX,24-FEB-26 11:00:00,CST-6,24-FEB-26 12:00:00,0,0,0,0,0.00K,0.00K,AWOS,,,,,,,,,,,,,,,,,,,,,,"A band of freezing rain moved across portions of central and southern MN. Despite ice accumulations accreting to less than a tenth of an inch, travel conditions were very slippery which results to numerous vehicle accidents and spin outs across the region.",The AWOS station located at the Red Wing Regional Airport observed approximately an hour of freezing rain. There was less than one tenth of ice accretion but did make the travel conditions incredibly slippery.,CSV
202602,24,900,202602,24,1000,209932,1319072,MINNESOTA,27,2026,February,Winter Weather,Z,66,MCLEOD,MPX,24-FEB-26 09:00:00,CST-6,24-FEB-26 10:00:00,0,0,0,0,0.00K,0.00K,AWOS,,,,,,,,,,,,,,,,,,,,,,"A band of freezing rain moved across portions of central and southern MN. Despite ice accumulations accreting to less than a tenth of an inch, travel conditions were very slippery which results to numerous vehicle accidents and spin outs across the region.",The AWOS station located at the Hutchinson Municipal Airport observed approximately an hour of freezing rain. There was less than one tenth of ice accretion but did make the morning commute incredibly slippery.,CSV
202602,24,900,202602,24,1000,209932,1319078,MINNESOTA,27,2026,February,Winter Weather,Z,65,RENVILLE,MPX,24-FEB-26 09:00:00,CST-6,24-FEB-26 10:00:00,0,0,0,0,0.00K,0.00K,AWOS,,,,,,,,,,,,,,,,,,,,,,"A band of freezing rain moved across portions of central and southern MN. Despite ice accumulations accreting to less than a tenth of an inch, travel conditions were very slippery which results to numerous vehicle accidents and spin outs across the region.",The AWOS station located at the Olivia Regional Airport observed approximately an hour of freezing rain. There was less than one tenth of ice accretion but did make the travel conditions incredibly slippery.,CSV
202602,24,900,202602,24,1000,209932,1319079,MINNESOTA,27,2026,February,Winter Weather,Z,67,SIBLEY,MPX,24-FEB-26 09:00:00,CST-6,24-FEB-26 10:00:00,0,0,0,0,0.00K,0.00K,AWOS,,,,,,,,,,,,,,,,,,,,,,"A band of freezing rain moved across portions of central and southern MN. Despite ice accumulations accreting to less than a tenth of an inch, travel conditions were very slippery which results to numerous vehicle accidents and spin outs across the region.",The neighboring AWOS stations located at the Olivia Regional Airport and Glencoe Municipal Airport observed approximately an hour of freezing rain. There was less than one tenth of ice accretion but did make morning travel conditions incredibly slippery.,CSV
202602,24,1030,202602,24,1130,209932,1319080,MINNESOTA,27,2026,February,Winter Weather,Z,76,LE SUEUR,MPX,24-FEB-26 10:30:00,CST-6,24-FEB-26 11:30:00,0,0,0,0,0.00K,0.00K,AWOS,,,,,,,,,,,,,,,,,,,,,,"A band of freezing rain moved across portions of central and southern MN. Despite ice accumulations accreting to less than a tenth of an inch, travel conditions were very slippery which results to numerous vehicle accidents and spin outs across the region.",The neighboring AWOS station located at the Faribault Municipal Airport observed approximately an hour of freezing rain. There was less than one tenth of ice accretion but did make travel conditions incredibly slippery.,CSV
202602,18,1400,202602,19,900,209535,1317212,MINNESOTA,27,2026,February,Winter Storm,Z,62,RAMSEY,MPX,18-FEB-26 14:00:00,CST-6,19-FEB-26 09:00:00,0,0,0,0,0.00K,0.00K,CoCoRaHS,,,,,,,,,,,,,,,,,,,,,,"A stacked surface low was located over northeastern MN. An area of deformation developed across the Dakotas and moved slowly into Minnesota. Forcing within the mid-levels allowed for moderate to heavy snow to fall across western MN. Additionally, due to the strength of the pressure gradient, wind gusts across much of western MN ranged between 35 to 50 mph. The rate of falling and blowing snow reduced visibility to whiteout conditions, making many roadways impassible. Snow lingered for several hours before finally dissipating the afternoon of the following day. Storm total snowfall ranged between a few inches up to 9.5 inches.||The highest measured snowfall totals from this event are:|9.5 inches ENE of Prior Lake (Scott)|8.5 inches in Shorewood (Hennepin)|7.7 inches in Waconia (Carver)|7.0 inches 1 E of Granite Falls (Chippewa)|7.0 inches 3 SSW of Elko New Market (Rice).||The strongest wind gusts measured from this event were: |50 mph at Canby Municipal Airport (Yellow Medicine)|48 mph at Redwood Falls Municipal Airport (Redwood)|48 mph at New Ulm Municipal Airport (Brown)|44 mph at Mankato Regional Airport (Blue Earth).","Heavy snowfall with rates near one inch per hour produced 2 to 6 inches across the county. The highest amounts were observed across the southern half of the county.  CoCoRaHS observers measured between 5 and 6 inches between downtown St. Paul and the MSP Airport. Snow continued to fall through the morning commute. The highest snowfall totals were 6.1 inches in 2.2 miles W of St. Paul, and 6.0 inches 4 miles WSW of St. Paul.",CSV
202602,18,1400,202602,19,900,209535,1317227,MINNESOTA,27,2026,February,Winter Storm,Z,63,WASHINGTON,MPX,18-FEB-26 14:00:00,CST-6,19-FEB-26 09:00:00,0,0,0,0,0.00K,0.00K,CoCoRaHS,,,,,,,,,,,,,,,,,,,,,,"A stacked surface low was located over northeastern MN. An area of deformation developed across the Dakotas and moved slowly into Minnesota. Forcing within the mid-levels allowed for moderate to heavy snow to fall across western MN. Additionally, due to the strength of the pressure gradient, wind gusts across much of western MN ranged between 35 to 50 mph. The rate of falling and blowing snow reduced visibility to whiteout conditions, making many roadways impassible. Snow lingered for several hours before finally dissipating the afternoon of the following day. Storm total snowfall ranged between a few inches up to 9.5 inches.||The highest measured snowfall totals from this event are:|9.5 inches ENE of Prior Lake (Scott)|8.5 inches in Shorewood (Hennepin)|7.7 inches in Waconia (Carver)|7.0 inches 1 E of Granite Falls (Chippewa)|7.0 inches 3 SSW of Elko New Market (Rice).||The strongest wind gusts measured from this event were: |50 mph at Canby Municipal Airport (Yellow Medicine)|48 mph at Redwood Falls Municipal Airport (Redwood)|48 mph at New Ulm Municipal Airport (Brown)|44 mph at Mankato Regional Airport (Blue Earth).","Heavy snowfall with rates near one inch per hour produced a trace to 6 inches mainly across the southern half of the county. The highest amounts were observed across the southern third of the county. CoCoRaHS observers measured 6.4 inches 1 mile NNE of St. Paul Park, and 4.1 inches in Woodbury.",CSV
202602,18,500,202602,18,1230,211453,1321202,MINNESOTA,27,2026,February,Winter Weather,Z,71,LINCOLN,FSD,18-FEB-26 05:00:00,CST-6,18-FEB-26 12:30:00,0,0,0,0,0.00K,0.00K,Department of Highways,,,,,,,,,,,,,,,,,,,,,,Two cold fronts associated with an elongated surface low pressure system swept across southwest Minnesota during the morning and early afternoon of February 18. Periods of sustained winds from 40 to 49 mph with gusts as high as 65 mph were reported across the area. Light snow developed along the Highway 14 corridor where a few areas picked up a half-inch up to two inches of accumulation. Related reductions in visibility were brief.,"A combination of widespread wind gusts from 45 to 55 mph and light snow resulted in brief reductions in visibility to one-half mile or less, resulting in difficult travel.",CSV
202602,18,530,202602,18,1430,211453,1321219,MINNESOTA,27,2026,February,Winter Weather,Z,72,LYON,FSD,18-FEB-26 05:30:00,CST-6,18-FEB-26 14:30:00,0,0,0,0,0.00K,0.00K,Department of Highways,,,,,,,,,,,,,,,,,,,,,,Two cold fronts associated with an elongated surface low pressure system swept across southwest Minnesota during the morning and early afternoon of February 18. Periods of sustained winds from 40 to 49 mph with gusts as high as 65 mph were reported across the area. Light snow developed along the Highway 14 corridor where a few areas picked up a half-inch up to two inches of accumulation. Related reductions in visibility were brief.,"A combination of widespread wind gusts from 45 to 55 mph and light snow resulted in brief reductions in visibility to around one mile or less, resulting in difficult travel.",CSV
202602,18,930,202602,18,1430,211453,1321224,MINNESOTA,27,2026,February,Winter Weather,Z,81,COTTONWOOD,FSD,18-FEB-26 09:30:00,CST-6,18-FEB-26 14:30:00,0,0,0,0,0.00K,0.00K,Department of Highways,,,,,,,,,,,,,,,,,,,,,,Two cold fronts associated with an elongated surface low pressure system swept across southwest Minnesota during the morning and early afternoon of February 18. Periods of sustained winds from 40 to 49 mph with gusts as high as 65 mph were reported across the area. Light snow developed along the Highway 14 corridor where a few areas picked up a half-inch up to two inches of accumulation. Related reductions in visibility were brief.,"A combination of widespread wind gusts from 45 to 55 mph and light snow resulted in brief reductions in visibility to around one mile or less, resulting in difficult travel.",CSV
202602,24,900,202602,24,1000,209932,1319081,MINNESOTA,27,2026,February,Winter Weather,Z,75,NICOLLET,MPX,24-FEB-26 09:00:00,CST-6,24-FEB-26 10:00:00,0,0,0,0,0.00K,0.00K,AWOS,,,,,,,,,,,,,,,,,,,,,,"A band of freezing rain moved across portions of central and southern MN. Despite ice accumulations accreting to less than a tenth of an inch, travel conditions were very slippery which results to numerous vehicle accidents and spin outs across the region.",The neighboring AWOS station located at the Olivia Regional Airport observed approximately an hour of freezing rain which then occurred in the northern half of Nicollet County. There was less than one tenth of ice accretion but did make travel conditions incredibly slippery.,CSV
202602,24,800,202602,24,900,209932,1319084,MINNESOTA,27,2026,February,Winter Weather,Z,57,KANDIYOHI,MPX,24-FEB-26 08:00:00,CST-6,24-FEB-26 09:00:00,0,0,0,0,0.00K,0.00K,AWOS,,,,,,,,,,,,,,,,,,,,,,"A band of freezing rain moved across portions of central and southern MN. Despite ice accumulations accreting to less than a tenth of an inch, travel conditions were very slippery which results to numerous vehicle accidents and spin outs across the region.",The AWOS station located at the Willmar Municipal Airport observed approximately an hour of freezing rain. There was less than one tenth of ice accretion but did make travel conditions incredibly slippery.,CSV
202602,24,900,202602,24,1000,209932,1319086,MINNESOTA,27,2026,February,Winter Weather,Z,58,MEEKER,MPX,24-FEB-26 09:00:00,CST-6,24-FEB-26 10:00:00,0,0,0,0,0.00K,0.00K,AWOS,,,,,,,,,,,,,,,,,,,,,,"A band of freezing rain moved across portions of central and southern MN. Despite ice accumulations accreting to less than a tenth of an inch, travel conditions were very slippery which results to numerous vehicle accidents and spin outs across the region.",The AWOS station located at the Litchfield Municipal Airport observed approximately an hour of freezing rain. There was less than one tenth of ice accretion but did make travel conditions incredibly slippery.,CSV
202602,24,800,202602,24,900,209932,1319087,MINNESOTA,27,2026,February,Winter Weather,Z,56,CHIPPEWA,MPX,24-FEB-26 08:00:00,CST-6,24-FEB-26 09:00:00,0,0,0,0,0.00K,0.00K,AWOS,,,,,,,,,,,,,,,,,,,,,,"A band of freezing rain moved across portions of central and southern MN. Despite ice accumulations accreting to less than a tenth of an inch, travel conditions were very slippery which results to numerous vehicle accidents and spin outs across the region.",The AWOS station located at the Montevideo-Chippewa County Airport observed approximately an hour of freezing rain. There was less than one tenth of ice accretion but did make travel conditions incredibly slippery.,CSV
202602,24,745,202602,24,830,209932,1319089,MINNESOTA,27,2026,February,Winter Weather,Z,55,SWIFT,MPX,24-FEB-26 07:45:00,CST-6,24-FEB-26 08:30:00,0,0,0,0,0.00K,0.00K,AWOS,,,,,,,,,,,,,,,,,,,,,,"A band of freezing rain moved across portions of central and southern MN. Despite ice accumulations accreting to less than a tenth of an inch, travel conditions were very slippery which results to numerous vehicle accidents and spin outs across the region.",The AWOS station located at the Benson Municipal Airport observed approximately an hour of freezing rain. There was less than one tenth of ice accretion but did make travel conditions incredibly slippery.,CSV
202602,18,345,202602,18,1245,211453,1320998,MINNESOTA,27,2026,February,High Wind,Z,72,LYON,FSD,18-FEB-26 03:45:00,CST-6,18-FEB-26 12:45:00,0,0,0,0,0.00K,0.00K,AWOS,52.00,MG,,,,,,,,,,,,,,,,,,,,Two cold fronts associated with an elongated surface low pressure system swept across southwest Minnesota during the morning and early afternoon of February 18. Periods of sustained winds from 40 to 49 mph with gusts as high as 65 mph were reported across the area. Light snow developed along the Highway 14 corridor where a few areas picked up a half-inch up to two inches of accumulation. Related reductions in visibility were brief.,"Sustained winds were between 40 and 47 mph at times, with gusts as high as 60 mph at the Automated Weather Observing System site in Tracy (KTKC) and a Minnesota Department of Transportation site near Florence.",CSV
202602,18,1400,202602,19,900,209535,1317230,MINNESOTA,27,2026,February,Winter Storm,Z,70,DAKOTA,MPX,18-FEB-26 14:00:00,CST-6,19-FEB-26 09:00:00,0,0,0,0,0.00K,0.00K,CoCoRaHS,,,,,,,,,,,,,,,,,,,,,,"A stacked surface low was located over northeastern MN. An area of deformation developed across the Dakotas and moved slowly into Minnesota. Forcing within the mid-levels allowed for moderate to heavy snow to fall across western MN. Additionally, due to the strength of the pressure gradient, wind gusts across much of western MN ranged between 35 to 50 mph. The rate of falling and blowing snow reduced visibility to whiteout conditions, making many roadways impassible. Snow lingered for several hours before finally dissipating the afternoon of the following day. Storm total snowfall ranged between a few inches up to 9.5 inches.||The highest measured snowfall totals from this event are:|9.5 inches ENE of Prior Lake (Scott)|8.5 inches in Shorewood (Hennepin)|7.7 inches in Waconia (Carver)|7.0 inches 1 E of Granite Falls (Chippewa)|7.0 inches 3 SSW of Elko New Market (Rice).||The strongest wind gusts measured from this event were: |50 mph at Canby Municipal Airport (Yellow Medicine)|48 mph at Redwood Falls Municipal Airport (Redwood)|48 mph at New Ulm Municipal Airport (Brown)|44 mph at Mankato Regional Airport (Blue Earth).","Heavy snowfall with rates near one inch per hour produced 4 to 7 inches across the northern half of the county. The Minneapolis St. Paul International Airport reached 6 inches of snow during the official midnight observation. Snow continued to fall through the morning commute. CoCoRaHS observers in Inver Grove Heights measured 7.5 inches, 7 inches in Burnsville, and 5.5 inches in Apple Valley.",CSV
202602,18,1400,202602,19,900,209535,1317236,MINNESOTA,27,2026,February,Winter Storm,Z,69,SCOTT,MPX,18-FEB-26 14:00:00,CST-6,19-FEB-26 09:00:00,0,0,0,0,0.00K,0.00K,CoCoRaHS,,,,,,,,,,,,,,,,,,,,,,"A stacked surface low was located over northeastern MN. An area of deformation developed across the Dakotas and moved slowly into Minnesota. Forcing within the mid-levels allowed for moderate to heavy snow to fall across western MN. Additionally, due to the strength of the pressure gradient, wind gusts across much of western MN ranged between 35 to 50 mph. The rate of falling and blowing snow reduced visibility to whiteout conditions, making many roadways impassible. Snow lingered for several hours before finally dissipating the afternoon of the following day. Storm total snowfall ranged between a few inches up to 9.5 inches.||The highest measured snowfall totals from this event are:|9.5 inches ENE of Prior Lake (Scott)|8.5 inches in Shorewood (Hennepin)|7.7 inches in Waconia (Carver)|7.0 inches 1 E of Granite Falls (Chippewa)|7.0 inches 3 SSW of Elko New Market (Rice).||The strongest wind gusts measured from this event were: |50 mph at Canby Municipal Airport (Yellow Medicine)|48 mph at Redwood Falls Municipal Airport (Redwood)|48 mph at New Ulm Municipal Airport (Brown)|44 mph at Mankato Regional Airport (Blue Earth).","Heavy snowfall with rates near one inch per hour produced 6 to 9 inches across the northern half of the county. The Minneapolis St. Paul International Airport reached 6 inches of snow during the official midnight observation but continued to fall through the morning commute. CoCoRaHS observers in 3 miles ENE of Prior Lake measured 9.5 inches, 7 inches in Savage, and 6 inches in Shakopee.",CSV
202602,24,830,202602,24,930,209932,1319090,MINNESOTA,27,2026,February,Winter Weather,Z,49,STEARNS,MPX,24-FEB-26 08:30:00,CST-6,24-FEB-26 09:30:00,0,0,0,0,0.00K,0.00K,ASOS,,,,,,,,,,,,,,,,,,,,,,"A band of freezing rain moved across portions of central and southern MN. Despite ice accumulations accreting to less than a tenth of an inch, travel conditions were very slippery which results to numerous vehicle accidents and spin outs across the region.",The ASOS station located at St. Cloud Regional Airport observed approximately an hour of freezing rain. There was less than one tenth of ice accretion but did make the morning commute incredibly slippery.,CSV
202602,24,730,202602,24,800,209932,1319093,MINNESOTA,27,2026,February,Winter Weather,Z,48,POPE,MPX,24-FEB-26 07:30:00,CST-6,24-FEB-26 08:00:00,0,0,0,0,0.00K,0.00K,AWOS,,,,,,,,,,,,,,,,,,,,,,"A band of freezing rain moved across portions of central and southern MN. Despite ice accumulations accreting to less than a tenth of an inch, travel conditions were very slippery which results to numerous vehicle accidents and spin outs across the region.",The AWOS station located at the Glenwood Municipal Airport observed a short period of freezing rain. There was less than one tenth of ice accretion but did make travel conditions incredibly slippery.,CSV
202602,24,730,202602,24,800,209932,1319094,MINNESOTA,27,2026,February,Winter Weather,Z,47,STEVENS,MPX,24-FEB-26 07:30:00,CST-6,24-FEB-26 08:00:00,0,0,0,0,0.00K,0.00K,AWOS,,,,,,,,,,,,,,,,,,,,,,"A band of freezing rain moved across portions of central and southern MN. Despite ice accumulations accreting to less than a tenth of an inch, travel conditions were very slippery which results to numerous vehicle accidents and spin outs across the region.",The AWOS station located at the Morris Municipal Airport observed a short period of freezing rain. There was less than one tenth of ice accretion but did make travel conditions incredibly slippery.,CSV
202602,24,830,202602,24,930,209932,1319100,MINNESOTA,27,2026,February,Winter Weather,Z,50,BENTON,MPX,24-FEB-26 08:30:00,CST-6,24-FEB-26 09:30:00,0,0,0,0,0.00K,0.00K,ASOS,,,,,,,,,,,,,,,,,,,,,,"A band of freezing rain moved across portions of central and southern MN. Despite ice accumulations accreting to less than a tenth of an inch, travel conditions were very slippery which results to numerous vehicle accidents and spin outs across the region.",The ASOS station located at St. Cloud Regional Airport observed approximately an hour of freezing rain. There was less than one tenth of ice accretion but did make the morning commute incredibly slippery.,CSV
202602,24,700,202602,24,800,209932,1319092,MINNESOTA,27,2026,February,Winter Weather,Z,41,DOUGLAS,MPX,24-FEB-26 07:00:00,CST-6,24-FEB-26 08:00:00,0,0,0,0,0.00K,0.00K,ASOS,,,,,,,,,,,,,,,,,,,,,,"A band of freezing rain moved across portions of central and southern MN. Despite ice accumulations accreting to less than a tenth of an inch, travel conditions were very slippery which results to numerous vehicle accidents and spin outs across the region.",The ASOS station located at the Alexandria Airport observed approximately an hour of freezing rain. There was less than one tenth of ice accretion but did make travel conditions incredibly slippery.,CSV
202602,18,1400,202602,19,900,209535,1317245,MINNESOTA,27,2026,February,Winter Storm,Z,68,CARVER,MPX,18-FEB-26 14:00:00,CST-6,19-FEB-26 09:00:00,0,0,0,0,0.00K,0.00K,CoCoRaHS,,,,,,,,,,,,,,,,,,,,,,"A stacked surface low was located over northeastern MN. An area of deformation developed across the Dakotas and moved slowly into Minnesota. Forcing within the mid-levels allowed for moderate to heavy snow to fall across western MN. Additionally, due to the strength of the pressure gradient, wind gusts across much of western MN ranged between 35 to 50 mph. The rate of falling and blowing snow reduced visibility to whiteout conditions, making many roadways impassible. Snow lingered for several hours before finally dissipating the afternoon of the following day. Storm total snowfall ranged between a few inches up to 9.5 inches.||The highest measured snowfall totals from this event are:|9.5 inches ENE of Prior Lake (Scott)|8.5 inches in Shorewood (Hennepin)|7.7 inches in Waconia (Carver)|7.0 inches 1 E of Granite Falls (Chippewa)|7.0 inches 3 SSW of Elko New Market (Rice).||The strongest wind gusts measured from this event were: |50 mph at Canby Municipal Airport (Yellow Medicine)|48 mph at Redwood Falls Municipal Airport (Redwood)|48 mph at New Ulm Municipal Airport (Brown)|44 mph at Mankato Regional Airport (Blue Earth).","Heavy snowfall with rates near one inch per hour produced 6 to 9 inches across the county. CoCoRaHS observers in Victoria measured 7.7 inches, 7.5 inches in Chanhassen, and 7.0 inches in Excelsior.",CSV
202602,18,1400,202602,19,900,209535,1317246,MINNESOTA,27,2026,February,Winter Storm,Z,59,WRIGHT,MPX,18-FEB-26 14:00:00,CST-6,19-FEB-26 09:00:00,0,0,0,0,0.00K,0.00K,CoCoRaHS,,,,,,,,,,,,,,,,,,,,,,"A stacked surface low was located over northeastern MN. An area of deformation developed across the Dakotas and moved slowly into Minnesota. Forcing within the mid-levels allowed for moderate to heavy snow to fall across western MN. Additionally, due to the strength of the pressure gradient, wind gusts across much of western MN ranged between 35 to 50 mph. The rate of falling and blowing snow reduced visibility to whiteout conditions, making many roadways impassible. Snow lingered for several hours before finally dissipating the afternoon of the following day. Storm total snowfall ranged between a few inches up to 9.5 inches.||The highest measured snowfall totals from this event are:|9.5 inches ENE of Prior Lake (Scott)|8.5 inches in Shorewood (Hennepin)|7.7 inches in Waconia (Carver)|7.0 inches 1 E of Granite Falls (Chippewa)|7.0 inches 3 SSW of Elko New Market (Rice).||The strongest wind gusts measured from this event were: |50 mph at Canby Municipal Airport (Yellow Medicine)|48 mph at Redwood Falls Municipal Airport (Redwood)|48 mph at New Ulm Municipal Airport (Brown)|44 mph at Mankato Regional Airport (Blue Earth).","Heavy snowfall with rates near one inch per hour produced 4 to 6 inches across the county. CoCoRaHS observers in Rockford measured 5.5 inches, 5.3 inches in Buffalo, and 4.1 inches in Howard Lake.",CSV
202601,21,1100,202601,21,1600,210671,1315448,MINNESOTA,27,2026,January,Winter Weather,Z,97,PIPESTONE,FSD,21-JAN-26 11:00:00,CST-6,21-JAN-26 16:00:00,0,0,0,0,,,Department of Highways,,,,,,,,,,,,,,,,,,,,,,"Winds behind yet another arctic front reached speeds from 30 to 45 mph with gusts as high as 55 to 65 mph across southwest Minnesota.  When periods of light snowfall occurred that would total between one and two inches, gusty winds produced considerable near-blizzard and blizzard conditions.",Northwest winds gusted to 51 mph near Trosky and 44 mph at Pipestone. These winds combined with periods of light snowfall which totaled around 1 inch to produce visibility briefly as low as one-quarter to one-half mile.,CSV
202601,21,1100,202601,21,1630,210671,1315450,MINNESOTA,27,2026,January,Winter Weather,Z,80,MURRAY,FSD,21-JAN-26 11:00:00,CST-6,21-JAN-26 16:30:00,0,0,0,0,,,AWOS,,,,,,,,,,,,,,,,,,,,,,"Winds behind yet another arctic front reached speeds from 30 to 45 mph with gusts as high as 55 to 65 mph across southwest Minnesota.  When periods of light snowfall occurred that would total between one and two inches, gusty winds produced considerable near-blizzard and blizzard conditions.",Northwest winds gusted to 46 mph at Slayton and 44 mph near Dovray. These winds combined with periods of light snowfall which totaled around 1 inch to produce visibility briefly as low as one-quarter to one-half mile.,CSV
202601,21,1100,202601,21,1500,210671,1315452,MINNESOTA,27,2026,January,Winter Weather,Z,98,ROCK,FSD,21-JAN-26 11:00:00,CST-6,21-JAN-26 15:00:00,0,0,0,0,,,Department of Highways,,,,,,,,,,,,,,,,,,,,,,"Winds behind yet another arctic front reached speeds from 30 to 45 mph with gusts as high as 55 to 65 mph across southwest Minnesota.  When periods of light snowfall occurred that would total between one and two inches, gusty winds produced considerable near-blizzard and blizzard conditions.",Northwest winds gusted as high as 64 mph at Beaver Creek and 49 mph at Luverne. These winds combined with periods of light snowfall which totaled around 1 inch to produce visibility briefly as low as one-quarter to one-half mile.,CSV
202601,21,1130,202601,21,1630,210671,1315451,MINNESOTA,27,2026,January,Winter Weather,Z,89,NOBLES,FSD,21-JAN-26 11:30:00,CST-6,21-JAN-26 16:30:00,0,0,0,0,,,AWOS,,,,,,,,,,,,,,,,,,,,,,"Winds behind yet another arctic front reached speeds from 30 to 45 mph with gusts as high as 55 to 65 mph across southwest Minnesota.  When periods of light snowfall occurred that would total between one and two inches, gusty winds produced considerable near-blizzard and blizzard conditions.",Northwest winds gusted to 47 mph at Worthington and near Rushmore. These winds combined with periods of light snowfall which totaled around 1 inch to produce visibility briefly as low as one-quarter to one-half mile.,CSV
202601,21,1230,202601,21,1645,210671,1315439,MINNESOTA,27,2026,January,Blizzard,Z,72,LYON,FSD,21-JAN-26 12:30:00,CST-6,21-JAN-26 16:45:00,0,0,0,0,,,AWOS,,,,,,,,,,,,,,,,,,,,,,"Winds behind yet another arctic front reached speeds from 30 to 45 mph with gusts as high as 55 to 65 mph across southwest Minnesota.  When periods of light snowfall occurred that would total between one and two inches, gusty winds produced considerable near-blizzard and blizzard conditions.","Northwest winds gusted to as high as 57 mph at Florence, 47 mph at Tracy, and 45 mph at Marshall. These winds combined with periods of snow totaling 1 to 2 inches to produce periods with visibility of one-quarter mile or less.",CSV
202601,18,735,202601,18,2200,210487,1316758,MINNESOTA,27,2026,January,Blizzard,Z,7,WEST MARSHALL,FGF,18-JAN-26 07:35:00,CST-6,18-JAN-26 22:00:00,0,0,0,0,,,Mesonet,,,,,,,,,,,,,,,,,,,,,,"A strong upper trough moved across the Northern Plains and into northwest Minnesota, bringing strong winds, light snow, and blizzard conditions. The initial area of light snow ended during the early morning of January 18 as a strong cold front moved into the region. Post frontal snow showers along with strong winds behind the front contributed to widespread whiteout conditions primarily across northeast North Dakota and the Red River Valley of northwest Minnesota. Strongest wind gusts were 50 to 57 mph. A no travel advised was issued by MNDOT in far northwest Minnesota due to whiteout conditions.","Visibilities continuously below one quarter mile in falling snow and blowing snow, with winds frequently gusting 40 to 56 mph reported by mesonet site MN168 at Warren, MN.",CSV
202601,18,855,202601,18,2030,210487,1316769,MINNESOTA,27,2026,January,Blizzard,Z,2,NORMAN,FGF,18-JAN-26 08:55:00,CST-6,18-JAN-26 20:30:00,0,0,0,0,,,Mesonet,,,,,,,,,,,,,,,,,,,,,,"A strong upper trough moved across the Northern Plains and into northwest Minnesota, bringing strong winds, light snow, and blizzard conditions. The initial area of light snow ended during the early morning of January 18 as a strong cold front moved into the region. Post frontal snow showers along with strong winds behind the front contributed to widespread whiteout conditions primarily across northeast North Dakota and the Red River Valley of northwest Minnesota. Strongest wind gusts were 50 to 57 mph. A no travel advised was issued by MNDOT in far northwest Minnesota due to whiteout conditions.","Whiteout conditions in falling snow and blowing snow with winds frequently gusting 35 to 49 mph reported by mesonet site MN058 at Halstad, MN.",CSV
202601,18,1025,202601,18,2250,210487,1316839,MINNESOTA,27,2026,January,Blizzard,Z,29,WILKIN,FGF,18-JAN-26 10:25:00,CST-6,18-JAN-26 22:50:00,0,0,0,0,,,Mesonet,,,,,,,,,,,,,,,,,,,,,,"A strong upper trough moved across the Northern Plains and into northwest Minnesota, bringing strong winds, light snow, and blizzard conditions. The initial area of light snow ended during the early morning of January 18 as a strong cold front moved into the region. Post frontal snow showers along with strong winds behind the front contributed to widespread whiteout conditions primarily across northeast North Dakota and the Red River Valley of northwest Minnesota. Strongest wind gusts were 50 to 57 mph. A no travel advised was issued by MNDOT in far northwest Minnesota due to whiteout conditions.","Several 3hr periods of whiteout conditions in falling snow and blowing snow from late morning into the afternoon, along with intermittent whiteout conditions into the evening at mesonet site MN054 att Tenney, MN. Winds frequently gusting 35 to 41 mph.",CSV
202601,18,1030,202601,18,2230,210487,1316844,MINNESOTA,27,2026,January,Blizzard,Z,40,GRANT,FGF,18-JAN-26 10:30:00,CST-6,18-JAN-26 22:30:00,0,0,0,0,,,Mesonet,,,,,,,,,,,,,,,,,,,,,,"A strong upper trough moved across the Northern Plains and into northwest Minnesota, bringing strong winds, light snow, and blizzard conditions. The initial area of light snow ended during the early morning of January 18 as a strong cold front moved into the region. Post frontal snow showers along with strong winds behind the front contributed to widespread whiteout conditions primarily across northeast North Dakota and the Red River Valley of northwest Minnesota. Strongest wind gusts were 50 to 57 mph. A no travel advised was issued by MNDOT in far northwest Minnesota due to whiteout conditions.","Consistent whiteout conditions in falling snow and blowing snow at mesonet site MN131 at Herman, MN. Winds were frequently gusting 35 to 49 mph.",CSV
202601,18,1315,202601,18,2235,210487,1316851,MINNESOTA,27,2026,January,Blizzard,Z,30,WEST OTTER TAIL,FGF,18-JAN-26 13:15:00,CST-6,18-JAN-26 22:35:00,0,0,0,0,,,AWOS,,,,,,,,,,,,,,,,,,,,,,"A strong upper trough moved across the Northern Plains and into northwest Minnesota, bringing strong winds, light snow, and blizzard conditions. The initial area of light snow ended during the early morning of January 18 as a strong cold front moved into the region. Post frontal snow showers along with strong winds behind the front contributed to widespread whiteout conditions primarily across northeast North Dakota and the Red River Valley of northwest Minnesota. Strongest wind gusts were 50 to 57 mph. A no travel advised was issued by MNDOT in far northwest Minnesota due to whiteout conditions.","Frequent whiteout conditions at KFFM AWOS at Fergus Falls, MN during the afternoon and intermittent whiteout conditions into the evening. Winds were frequently gusting 35 to 42 mph.",CSV
202601,18,1140,202601,18,1830,210487,1316860,MINNESOTA,27,2026,January,Blizzard,Z,27,WEST BECKER,FGF,18-JAN-26 11:40:00,CST-6,18-JAN-26 18:30:00,0,0,0,0,,,Mesonet,,,,,,,,,,,,,,,,,,,,,,"A strong upper trough moved across the Northern Plains and into northwest Minnesota, bringing strong winds, light snow, and blizzard conditions. The initial area of light snow ended during the early morning of January 18 as a strong cold front moved into the region. Post frontal snow showers along with strong winds behind the front contributed to widespread whiteout conditions primarily across northeast North Dakota and the Red River Valley of northwest Minnesota. Strongest wind gusts were 50 to 57 mph. A no travel advised was issued by MNDOT in far northwest Minnesota due to whiteout conditions.","Consistent whiteout conditions in falling snow and blowing snow at site MN062 at Lake Park, MN. Winds were frequently gusting 35 to 43 mph.",CSV
202601,18,600,202601,19,300,210393,1312631,MINNESOTA,27,2026,January,Winter Weather,Z,42,TODD,MPX,18-JAN-26 06:00:00,CST-6,19-JAN-26 03:00:00,0,0,0,0,0.00K,0.00K,AWOS,,,,,,,,,,,,,,,,,,,,,,"Following a period of strong winds and light snow just the day prior, many locations saw a second cold front move through the region, producing gusty winds and light snow from the morning of the 18th through the morning of the 19th. Since there was little to no snowpack on the ground, any reductions in visibility depended on how heavy the falling snow was and how strong winds were. Conditions were generally worst in open, rural areas where the snowfall was able to blow around easier.||Winds gusted up to 45 mph in parts of western and southern Minnesota, and generally under an inch of snow fell across the region. Visibilities dropped to 1/4 mile in several locations, though it was often brief due to the showery nature of the snowfall. The snowfall was heaviest before the strongest winds developed, limiting overall impacts from this event.||The strongest measured wind gusts from January 18-19 were:|46 mph at KULM in New Ulm, MN.|45 mph at KBDH in Willmar, MN.|44 mph at KAXN in Alexandria, MN.|44 mph at KDXX in Madison, MN.|44 mph at KJYG in St James, MN.|43 mph at KMOX in Morris, MN.","Strong winds gusting to 40 mph and scattered snow showers resulted in periodic reductions in visibility as low as a 1/2 mile at times, though generally remained around 1 to 2 miles. The worst conditions were during the afternoon.",CSV
202601,18,700,202601,19,200,210393,1312634,MINNESOTA,27,2026,January,Winter Weather,Z,49,STEARNS,MPX,18-JAN-26 07:00:00,CST-6,19-JAN-26 02:00:00,0,0,0,0,0.00K,0.00K,AWOS,,,,,,,,,,,,,,,,,,,,,,"Following a period of strong winds and light snow just the day prior, many locations saw a second cold front move through the region, producing gusty winds and light snow from the morning of the 18th through the morning of the 19th. Since there was little to no snowpack on the ground, any reductions in visibility depended on how heavy the falling snow was and how strong winds were. Conditions were generally worst in open, rural areas where the snowfall was able to blow around easier.||Winds gusted up to 45 mph in parts of western and southern Minnesota, and generally under an inch of snow fell across the region. Visibilities dropped to 1/4 mile in several locations, though it was often brief due to the showery nature of the snowfall. The snowfall was heaviest before the strongest winds developed, limiting overall impacts from this event.||The strongest measured wind gusts from January 18-19 were:|46 mph at KULM in New Ulm, MN.|45 mph at KBDH in Willmar, MN.|44 mph at KAXN in Alexandria, MN.|44 mph at KDXX in Madison, MN.|44 mph at KJYG in St James, MN.|43 mph at KMOX in Morris, MN.","Strong winds gusting to 35 mph and scattered snow showers resulted in periodic reductions in visibility as low as a 1/4 mile at times, though generally remained around 1 to 2 miles. The worst conditions were during the afternoon.",CSV
202601,19,500,202601,19,700,210180,1314815,MINNESOTA,27,2026,January,Extreme Cold/Wind Chill,Z,12,NORTHERN COOK / NORTHERN LAKE,DLH,19-JAN-26 05:00:00,CST-6,19-JAN-26 07:00:00,0,0,0,0,0.00K,0.00K,AWOS,,,,,,,,,,,,,,,,,,,,,,"Cold high pressure settled in the Northern and Central Plains the morning of the 19th. With low pressure near the Straits of Mackinac, winds persisted through the night allowing wind chills to drop into the -40F to -45F range across portions of northeastern Minnesota.",Wind chills as low as -44F were reported in the northern parts of Cook and Lake counties.,CSV
202601,19,400,202601,19,900,210180,1314816,MINNESOTA,27,2026,January,Extreme Cold/Wind Chill,Z,19,CENTRAL ST. LOUIS,DLH,19-JAN-26 04:00:00,CST-6,19-JAN-26 09:00:00,0,0,0,0,0.00K,0.00K,Mesonet,,,,,,,,,,,,,,,,,,,,,,"Cold high pressure settled in the Northern and Central Plains the morning of the 19th. With low pressure near the Straits of Mackinac, winds persisted through the night allowing wind chills to drop into the -40F to -45F range across portions of northeastern Minnesota.",Wind chills as low as -43F were reported in the central part of the county.,CSV
202601,19,900,202601,19,1100,210180,1314817,MINNESOTA,27,2026,January,Extreme Cold/Wind Chill,Z,20,SOUTHERN LAKE,DLH,19-JAN-26 09:00:00,CST-6,19-JAN-26 11:00:00,0,0,0,0,0.00K,0.00K,AWOS,,,,,,,,,,,,,,,,,,,,,,"Cold high pressure settled in the Northern and Central Plains the morning of the 19th. With low pressure near the Straits of Mackinac, winds persisted through the night allowing wind chills to drop into the -40F to -45F range across portions of northeastern Minnesota.",Wind chills as low as -41F were reported in the southern part of the county.,CSV
202601,19,500,202601,19,700,210180,1314818,MINNESOTA,27,2026,January,Extreme Cold/Wind Chill,Z,21,SOUTHERN COOK,DLH,19-JAN-26 05:00:00,CST-6,19-JAN-26 07:00:00,0,0,0,0,0.00K,0.00K,AWOS,,,,,,,,,,,,,,,,,,,,,,"Cold high pressure settled in the Northern and Central Plains the morning of the 19th. With low pressure near the Straits of Mackinac, winds persisted through the night allowing wind chills to drop into the -40F to -45F range across portions of northeastern Minnesota.",Wind chills as low as -44F were reported in the southern part of the county.,CSV
202601,19,500,202601,19,700,210180,1314819,MINNESOTA,27,2026,January,Extreme Cold/Wind Chill,Z,26,SOUTHERN ITASCA,DLH,19-JAN-26 05:00:00,CST-6,19-JAN-26 07:00:00,0,0,0,0,0.00K,0.00K,AWOS,,,,,,,,,,,,,,,,,,,,,,"Cold high pressure settled in the Northern and Central Plains the morning of the 19th. With low pressure near the Straits of Mackinac, winds persisted through the night allowing wind chills to drop into the -40F to -45F range across portions of northeastern Minnesota.",Wind chills as low as -41F were reported in the southern part of the county.,CSV
202601,21,1330,202601,21,1700,210671,1315440,MINNESOTA,27,2026,January,Blizzard,Z,81,COTTONWOOD,FSD,21-JAN-26 13:30:00,CST-6,21-JAN-26 17:00:00,0,0,0,0,,,Department of Highways,,,,,,,,,,,,,,,,,,,,,,"Winds behind yet another arctic front reached speeds from 30 to 45 mph with gusts as high as 55 to 65 mph across southwest Minnesota.  When periods of light snowfall occurred that would total between one and two inches, gusty winds produced considerable near-blizzard and blizzard conditions.",Northwest winds gusted to as high as 52 mph near Mountain Lake and 48 mph near Jeffers. These winds combined with periods of snow totaling 1 to 2 inches to produce periods with visibility of one-quarter mile or less.,CSV
202601,21,1400,202601,21,1700,210671,1315442,MINNESOTA,27,2026,January,Blizzard,Z,90,JACKSON,FSD,21-JAN-26 14:00:00,CST-6,21-JAN-26 17:00:00,0,0,0,0,,,Department of Highways,,,,,,,,,,,,,,,,,,,,,,"Winds behind yet another arctic front reached speeds from 30 to 45 mph with gusts as high as 55 to 65 mph across southwest Minnesota.  When periods of light snowfall occurred that would total between one and two inches, gusty winds produced considerable near-blizzard and blizzard conditions.",Northwest winds gusted to as high as 46 mph near Lakefield and 44 mph at Jackson. These winds combined with periods of snow totaling 1 to 2 inches to produce periods with visibility of one-quarter mile or less.,CSV
202601,18,1045,202601,18,1920,210487,1316890,MINNESOTA,27,2026,January,Blizzard,Z,13,PENNINGTON,FGF,18-JAN-26 10:45:00,CST-6,18-JAN-26 19:20:00,0,0,0,0,,,Mesonet,,,,,,,,,,,,,,,,,,,,,,"A strong upper trough moved across the Northern Plains and into northwest Minnesota, bringing strong winds, light snow, and blizzard conditions. The initial area of light snow ended during the early morning of January 18 as a strong cold front moved into the region. Post frontal snow showers along with strong winds behind the front contributed to widespread whiteout conditions primarily across northeast North Dakota and the Red River Valley of northwest Minnesota. Strongest wind gusts were 50 to 57 mph. A no travel advised was issued by MNDOT in far northwest Minnesota due to whiteout conditions.","Whiteout conditions in falling snow and blowing snow were reported at site MN118 at Goodridge, MN. Winds were frequently gusting 35 to 43 mph.",CSV
202601,18,900,202601,19,200,210393,1312637,MINNESOTA,27,2026,January,Winter Weather,Z,57,KANDIYOHI,MPX,18-JAN-26 09:00:00,CST-6,19-JAN-26 02:00:00,0,0,0,0,0.00K,0.00K,AWOS,,,,,,,,,,,,,,,,,,,,,,"Following a period of strong winds and light snow just the day prior, many locations saw a second cold front move through the region, producing gusty winds and light snow from the morning of the 18th through the morning of the 19th. Since there was little to no snowpack on the ground, any reductions in visibility depended on how heavy the falling snow was and how strong winds were. Conditions were generally worst in open, rural areas where the snowfall was able to blow around easier.||Winds gusted up to 45 mph in parts of western and southern Minnesota, and generally under an inch of snow fell across the region. Visibilities dropped to 1/4 mile in several locations, though it was often brief due to the showery nature of the snowfall. The snowfall was heaviest before the strongest winds developed, limiting overall impacts from this event.||The strongest measured wind gusts from January 18-19 were:|46 mph at KULM in New Ulm, MN.|45 mph at KBDH in Willmar, MN.|44 mph at KAXN in Alexandria, MN.|44 mph at KDXX in Madison, MN.|44 mph at KJYG in St James, MN.|43 mph at KMOX in Morris, MN.","Strong winds gusting to 45 mph and scattered snow showers resulted in periodic reductions in visibility as low as a 1/4 mile at times, though generally remained around 1 to 2 miles. The worst conditions were during the afternoon.",CSV
202601,18,900,202601,18,1900,210393,1312639,MINNESOTA,27,2026,January,Winter Weather,Z,56,CHIPPEWA,MPX,18-JAN-26 09:00:00,CST-6,18-JAN-26 19:00:00,0,0,0,0,0.00K,0.00K,AWOS,,,,,,,,,,,,,,,,,,,,,,"Following a period of strong winds and light snow just the day prior, many locations saw a second cold front move through the region, producing gusty winds and light snow from the morning of the 18th through the morning of the 19th. Since there was little to no snowpack on the ground, any reductions in visibility depended on how heavy the falling snow was and how strong winds were. Conditions were generally worst in open, rural areas where the snowfall was able to blow around easier.||Winds gusted up to 45 mph in parts of western and southern Minnesota, and generally under an inch of snow fell across the region. Visibilities dropped to 1/4 mile in several locations, though it was often brief due to the showery nature of the snowfall. The snowfall was heaviest before the strongest winds developed, limiting overall impacts from this event.||The strongest measured wind gusts from January 18-19 were:|46 mph at KULM in New Ulm, MN.|45 mph at KBDH in Willmar, MN.|44 mph at KAXN in Alexandria, MN.|44 mph at KDXX in Madison, MN.|44 mph at KJYG in St James, MN.|43 mph at KMOX in Morris, MN.","Strong winds gusting to 40 mph and scattered snow showers resulted in periodic reductions in visibility as low as a 1/4 mile at times, though generally remained around 2 to 4 miles. The worst conditions were during the late afternoon.",CSV
202601,18,2300,202601,19,900,210180,1314820,MINNESOTA,27,2026,January,Extreme Cold/Wind Chill,Z,37,SOUTHERN ST. LOUIS / CARLTON,DLH,18-JAN-26 23:00:00,CST-6,19-JAN-26 09:00:00,0,0,0,0,0.00K,0.00K,Mesonet,,,,,,,,,,,,,,,,,,,,,,"Cold high pressure settled in the Northern and Central Plains the morning of the 19th. With low pressure near the Straits of Mackinac, winds persisted through the night allowing wind chills to drop into the -40F to -45F range across portions of northeastern Minnesota.",Wind chills as low as -44F were reported in the Duluth area.,CSV
202601,22,700,202601,24,100,210181,1314821,MINNESOTA,27,2026,January,Extreme Cold/Wind Chill,Z,10,KOOCHICHING,DLH,22-JAN-26 07:00:00,CST-6,24-JAN-26 01:00:00,0,0,0,0,0.00K,0.00K,ASOS,,,,,,,,,,,,,,,,,,,,,,A long duration extreme cold every took place across the region starting the 22nd and lasting into the morning of the 24th. An area of very cold high pressure worked into the Plains on the 22nd and became established on the 23rd into the 24th. Air temperatures remain below zero during the event with light winds dropping wind chills into the 40s and 50s below zero. A few locations even dropped into the 60s below zero one morning with light winds.,Wind chills as low as -50F were reported in the county.,CSV
202601,22,1000,202601,24,800,210181,1314822,MINNESOTA,27,2026,January,Extreme Cold/Wind Chill,Z,11,NORTHERN ST. LOUIS,DLH,22-JAN-26 10:00:00,CST-6,24-JAN-26 08:00:00,0,0,0,0,0.00K,0.00K,Mesonet,,,,,,,,,,,,,,,,,,,,,,A long duration extreme cold every took place across the region starting the 22nd and lasting into the morning of the 24th. An area of very cold high pressure worked into the Plains on the 22nd and became established on the 23rd into the 24th. Air temperatures remain below zero during the event with light winds dropping wind chills into the 40s and 50s below zero. A few locations even dropped into the 60s below zero one morning with light winds.,Wind chills as low as -51F were reported in the northern part of the county.,CSV
202601,16,510,202601,16,1815,210624,1316464,MINNESOTA,27,2026,January,Blizzard,Z,2,NORMAN,FGF,16-JAN-26 05:10:00,CST-6,16-JAN-26 18:15:00,0,0,0,0,,,Mesonet,,,,,,,,,,,,,,,,,,,,,,A clipper-type system brought a period of strong winds and light to locally moderate snow accumulations that resulted in localized blizzard conditions within the Red River Valley of  northwest and west central Minnesota. Snow totals ranged from around inch to 3 inches. The highest wind gusts ranged from 45mph to 56 mph in northwest MN.,"Minnesota RWIS station at MN144, 1 mile north of Borup, reports blizzard conditions ongoing since 0510 CST.",CSV
202601,16,330,202601,16,1813,210624,1316465,MINNESOTA,27,2026,January,Blizzard,Z,7,WEST MARSHALL,FGF,16-JAN-26 03:30:00,CST-6,16-JAN-26 18:13:00,0,0,0,0,,,Mesonet,,,,,,,,,,,,,,,,,,,,,,A clipper-type system brought a period of strong winds and light to locally moderate snow accumulations that resulted in localized blizzard conditions within the Red River Valley of  northwest and west central Minnesota. Snow totals ranged from around inch to 3 inches. The highest wind gusts ranged from 45mph to 56 mph in northwest MN.,"Minnesota RWIS station at MN168, 3 miles west of Warren MN, reports blizzard conditions ongoing since 0330 CST.",CSV
202601,16,1800,202601,16,2119,210624,1316468,MINNESOTA,27,2026,January,Blizzard,Z,1,WEST POLK,FGF,16-JAN-26 18:00:00,CST-6,16-JAN-26 21:19:00,0,0,0,0,,,Mesonet,,,,,,,,,,,,,,,,,,,,,,A clipper-type system brought a period of strong winds and light to locally moderate snow accumulations that resulted in localized blizzard conditions within the Red River Valley of  northwest and west central Minnesota. Snow totals ranged from around inch to 3 inches. The highest wind gusts ranged from 45mph to 56 mph in northwest MN.,"Minnesota RWIS at MN114, 1 mile NNW of Beltrami MN, reports blizzard conditions ongoing since 1800 CST.",CSV
202601,16,1800,202601,16,2121,210624,1316469,MINNESOTA,27,2026,January,Blizzard,Z,1,WEST POLK,FGF,16-JAN-26 18:00:00,CST-6,16-JAN-26 21:21:00,0,0,0,0,,,Mesonet,,,,,,,,,,,,,,,,,,,,,,A clipper-type system brought a period of strong winds and light to locally moderate snow accumulations that resulted in localized blizzard conditions within the Red River Valley of  northwest and west central Minnesota. Snow totals ranged from around inch to 3 inches. The highest wind gusts ranged from 45mph to 56 mph in northwest MN.,"Minnesota RWIS at MN060, 1 mile NW of Mallory MN, reports blizzard conditions ongoing since 1800 CST.",CSV
202601,18,900,202601,18,2200,210393,1312643,MINNESOTA,27,2026,January,Winter Weather,Z,64,YELLOW MEDICINE,MPX,18-JAN-26 09:00:00,CST-6,18-JAN-26 22:00:00,0,0,0,0,0.00K,0.00K,AWOS,,,,,,,,,,,,,,,,,,,,,,"Following a period of strong winds and light snow just the day prior, many locations saw a second cold front move through the region, producing gusty winds and light snow from the morning of the 18th through the morning of the 19th. Since there was little to no snowpack on the ground, any reductions in visibility depended on how heavy the falling snow was and how strong winds were. Conditions were generally worst in open, rural areas where the snowfall was able to blow around easier.||Winds gusted up to 45 mph in parts of western and southern Minnesota, and generally under an inch of snow fell across the region. Visibilities dropped to 1/4 mile in several locations, though it was often brief due to the showery nature of the snowfall. The snowfall was heaviest before the strongest winds developed, limiting overall impacts from this event.||The strongest measured wind gusts from January 18-19 were:|46 mph at KULM in New Ulm, MN.|45 mph at KBDH in Willmar, MN.|44 mph at KAXN in Alexandria, MN.|44 mph at KDXX in Madison, MN.|44 mph at KJYG in St James, MN.|43 mph at KMOX in Morris, MN.",Strong winds gusting to 40 mph and scattered snow showers resulted in periodic reductions in visibility as low as a 1/4 mile at times. The worst conditions were during the afternoon.,CSV
202601,18,900,202601,19,0,210393,1312650,MINNESOTA,27,2026,January,Winter Weather,Z,65,RENVILLE,MPX,18-JAN-26 09:00:00,CST-6,19-JAN-26 00:00:00,0,0,0,0,0.00K,0.00K,AWOS,,,,,,,,,,,,,,,,,,,,,,"Following a period of strong winds and light snow just the day prior, many locations saw a second cold front move through the region, producing gusty winds and light snow from the morning of the 18th through the morning of the 19th. Since there was little to no snowpack on the ground, any reductions in visibility depended on how heavy the falling snow was and how strong winds were. Conditions were generally worst in open, rural areas where the snowfall was able to blow around easier.||Winds gusted up to 45 mph in parts of western and southern Minnesota, and generally under an inch of snow fell across the region. Visibilities dropped to 1/4 mile in several locations, though it was often brief due to the showery nature of the snowfall. The snowfall was heaviest before the strongest winds developed, limiting overall impacts from this event.||The strongest measured wind gusts from January 18-19 were:|46 mph at KULM in New Ulm, MN.|45 mph at KBDH in Willmar, MN.|44 mph at KAXN in Alexandria, MN.|44 mph at KDXX in Madison, MN.|44 mph at KJYG in St James, MN.|43 mph at KMOX in Morris, MN.",Strong winds gusting to 45 mph and scattered snow showers resulted in periodic reductions in visibility as low as a 1/4 mile at times. The worst conditions were during the afternoon.,CSV
202601,22,1300,202601,24,900,210181,1314823,MINNESOTA,27,2026,January,Extreme Cold/Wind Chill,Z,12,NORTHERN COOK / NORTHERN LAKE,DLH,22-JAN-26 13:00:00,CST-6,24-JAN-26 09:00:00,0,0,0,0,0.00K,0.00K,AWOS,,,,,,,,,,,,,,,,,,,,,,A long duration extreme cold every took place across the region starting the 22nd and lasting into the morning of the 24th. An area of very cold high pressure worked into the Plains on the 22nd and became established on the 23rd into the 24th. Air temperatures remain below zero during the event with light winds dropping wind chills into the 40s and 50s below zero. A few locations even dropped into the 60s below zero one morning with light winds.,Wind chills as low as -63F were reported in the northern parts of Cook and Lake counties.,CSV
202601,22,1200,202601,23,1000,210181,1314824,MINNESOTA,27,2026,January,Extreme Cold/Wind Chill,Z,18,NORTHERN ITASCA,DLH,22-JAN-26 12:00:00,CST-6,23-JAN-26 10:00:00,0,0,0,0,0.00K,0.00K,Mesonet,,,,,,,,,,,,,,,,,,,,,,A long duration extreme cold every took place across the region starting the 22nd and lasting into the morning of the 24th. An area of very cold high pressure worked into the Plains on the 22nd and became established on the 23rd into the 24th. Air temperatures remain below zero during the event with light winds dropping wind chills into the 40s and 50s below zero. A few locations even dropped into the 60s below zero one morning with light winds.,Wind chills as low as -50F were reported in the northern part of the county.,CSV
202601,22,1300,202601,23,0,210181,1314825,MINNESOTA,27,2026,January,Extreme Cold/Wind Chill,Z,19,CENTRAL ST. LOUIS,DLH,22-JAN-26 13:00:00,CST-6,23-JAN-26 00:00:00,0,0,0,0,0.00K,0.00K,ASOS,,,,,,,,,,,,,,,,,,,,,,A long duration extreme cold every took place across the region starting the 22nd and lasting into the morning of the 24th. An area of very cold high pressure worked into the Plains on the 22nd and became established on the 23rd into the 24th. Air temperatures remain below zero during the event with light winds dropping wind chills into the 40s and 50s below zero. A few locations even dropped into the 60s below zero one morning with light winds.,Wind chills as low as -55F were reported in the central part of the county.,CSV
202601,22,1600,202601,23,1100,210181,1314826,MINNESOTA,27,2026,January,Extreme Cold/Wind Chill,Z,20,SOUTHERN LAKE,DLH,22-JAN-26 16:00:00,CST-6,23-JAN-26 11:00:00,0,0,0,0,0.00K,0.00K,AWOS,,,,,,,,,,,,,,,,,,,,,,A long duration extreme cold every took place across the region starting the 22nd and lasting into the morning of the 24th. An area of very cold high pressure worked into the Plains on the 22nd and became established on the 23rd into the 24th. Air temperatures remain below zero during the event with light winds dropping wind chills into the 40s and 50s below zero. A few locations even dropped into the 60s below zero one morning with light winds.,Wind chills as low as -52F were reported in the southern part of the county.,CSV
202601,16,1800,202601,16,2121,210624,1316470,MINNESOTA,27,2026,January,Blizzard,Z,7,WEST MARSHALL,FGF,16-JAN-26 18:00:00,CST-6,16-JAN-26 21:21:00,0,0,0,0,,,Mesonet,,,,,,,,,,,,,,,,,,,,,,A clipper-type system brought a period of strong winds and light to locally moderate snow accumulations that resulted in localized blizzard conditions within the Red River Valley of  northwest and west central Minnesota. Snow totals ranged from around inch to 3 inches. The highest wind gusts ranged from 45mph to 56 mph in northwest MN.,"Minnesota RWIS at MN168, 3 miles NW of Warren MN, reports blizzard conditions ongoing since 1800 CST.",CSV
202601,16,1800,202601,16,2122,210624,1316471,MINNESOTA,27,2026,January,Blizzard,Z,4,KITTSON,FGF,16-JAN-26 18:00:00,CST-6,16-JAN-26 21:22:00,0,0,0,0,,,Mesonet,,,,,,,,,,,,,,,,,,,,,,A clipper-type system brought a period of strong winds and light to locally moderate snow accumulations that resulted in localized blizzard conditions within the Red River Valley of  northwest and west central Minnesota. Snow totals ranged from around inch to 3 inches. The highest wind gusts ranged from 45mph to 56 mph in northwest MN.,"Minnesota RWIS at MN024, 1 mile W of Donaldson MN, reports blizzard conditions ongoing since 1800 CST.",CSV
202601,16,1800,202601,16,2123,210624,1316472,MINNESOTA,27,2026,January,Blizzard,Z,4,KITTSON,FGF,16-JAN-26 18:00:00,CST-6,16-JAN-26 21:23:00,0,0,0,0,,,Mesonet,,,,,,,,,,,,,,,,,,,,,,A clipper-type system brought a period of strong winds and light to locally moderate snow accumulations that resulted in localized blizzard conditions within the Red River Valley of  northwest and west central Minnesota. Snow totals ranged from around inch to 3 inches. The highest wind gusts ranged from 45mph to 56 mph in northwest MN.,"Minnesota RWIS at MN057, 1 mile east of St. Vincent MN, reports blizzard conditions ongoing since 1800 CST.",CSV
202601,16,1800,202601,16,2130,210624,1316473,MINNESOTA,27,2026,January,Blizzard,Z,2,NORMAN,FGF,16-JAN-26 18:00:00,CST-6,16-JAN-26 21:30:00,0,0,0,0,,,Mesonet,,,,,,,,,,,,,,,,,,,,,,A clipper-type system brought a period of strong winds and light to locally moderate snow accumulations that resulted in localized blizzard conditions within the Red River Valley of  northwest and west central Minnesota. Snow totals ranged from around inch to 3 inches. The highest wind gusts ranged from 45mph to 56 mph in northwest MN.,"Minnesota RWIS at MN058, 4 miles east of Hendrum MN, reports blizzard conditions ongoing since 1800 CST.",CSV
202601,22,635,202601,26,100,210627,1315377,MINNESOTA,27,2026,January,Extreme Cold/Wind Chill,Z,4,KITTSON,FGF,22-JAN-26 06:35:00,CST-6,26-JAN-26 01:00:00,0,0,0,0,,,AWOS,,,,,,,,,,,,,,,,,,,,,,Arctic air settled into the Northern Plains and Upper Midwest resulting in a prologued period of extreme cold and wind chills across northwest and west central Minnesota.,"The KHCO AWOS at Hallock, MN frequently reported wind chills -40 or lower from the morning of January 22 through the early morning hours of January 26. There were a few shorter periods of improvements during the afternoon of January 24. The lowest wind chill value during this period at that site was -50.",CSV
202601,22,615,202601,26,230,210627,1315379,MINNESOTA,27,2026,January,Extreme Cold/Wind Chill,Z,5,ROSEAU,FGF,22-JAN-26 06:15:00,CST-6,26-JAN-26 02:30:00,0,0,0,0,,,AWOS,,,,,,,,,,,,,,,,,,,,,,Arctic air settled into the Northern Plains and Upper Midwest resulting in a prologued period of extreme cold and wind chills across northwest and west central Minnesota.,"The KROX AWOS at Roseau, MN frequently reported wind chills -40 or lower from the morning of January 22 through the early morning hours of January 26. There were a few shorter periods of improvement during the afternoon periods. The lowest wind chill value during this period at that site was -52.",CSV
202601,22,700,202601,23,1200,210627,1316551,MINNESOTA,27,2026,January,Extreme Cold/Wind Chill,Z,6,LAKE OF THE WOODS,FGF,22-JAN-26 07:00:00,CST-6,23-JAN-26 12:00:00,0,0,0,0,,,Mesonet,,,,,,,,,,,,,,,,,,,,,,Arctic air settled into the Northern Plains and Upper Midwest resulting in a prologued period of extreme cold and wind chills across northwest and west central Minnesota.,The NDAWN site Williams 6N reported wind chills -40 or lower from the morning of January 22 through the morning of January 23. The lowest values were -51.,CSV
202601,24,700,202601,24,1000,210627,1316554,MINNESOTA,27,2026,January,Extreme Cold/Wind Chill,Z,6,LAKE OF THE WOODS,FGF,24-JAN-26 07:00:00,CST-6,24-JAN-26 10:00:00,0,0,0,0,,,Mesonet,,,,,,,,,,,,,,,,,,,,,,Arctic air settled into the Northern Plains and Upper Midwest resulting in a prologued period of extreme cold and wind chills across northwest and west central Minnesota.,The NDAWN site Williams 6N periodically reported wind chills -40 or lower on the morning of January 24.,CSV
202601,18,1100,202601,19,300,210393,1312668,MINNESOTA,27,2026,January,Winter Weather,Z,82,WATONWAN,MPX,18-JAN-26 11:00:00,CST-6,19-JAN-26 03:00:00,0,0,0,0,0.00K,0.00K,AWOS,,,,,,,,,,,,,,,,,,,,,,"Following a period of strong winds and light snow just the day prior, many locations saw a second cold front move through the region, producing gusty winds and light snow from the morning of the 18th through the morning of the 19th. Since there was little to no snowpack on the ground, any reductions in visibility depended on how heavy the falling snow was and how strong winds were. Conditions were generally worst in open, rural areas where the snowfall was able to blow around easier.||Winds gusted up to 45 mph in parts of western and southern Minnesota, and generally under an inch of snow fell across the region. Visibilities dropped to 1/4 mile in several locations, though it was often brief due to the showery nature of the snowfall. The snowfall was heaviest before the strongest winds developed, limiting overall impacts from this event.||The strongest measured wind gusts from January 18-19 were:|46 mph at KULM in New Ulm, MN.|45 mph at KBDH in Willmar, MN.|44 mph at KAXN in Alexandria, MN.|44 mph at KDXX in Madison, MN.|44 mph at KJYG in St James, MN.|43 mph at KMOX in Morris, MN.",Strong winds gusting to 45 mph and scattered snow showers resulted in periodic reductions in visibility as low as a 1/4 mile at times. The worst conditions were during the afternoon.,CSV
202601,18,1100,202601,19,300,210393,1312678,MINNESOTA,27,2026,January,Winter Weather,Z,91,MARTIN,MPX,18-JAN-26 11:00:00,CST-6,19-JAN-26 03:00:00,0,0,0,0,0.00K,0.00K,AWOS,,,,,,,,,,,,,,,,,,,,,,"Following a period of strong winds and light snow just the day prior, many locations saw a second cold front move through the region, producing gusty winds and light snow from the morning of the 18th through the morning of the 19th. Since there was little to no snowpack on the ground, any reductions in visibility depended on how heavy the falling snow was and how strong winds were. Conditions were generally worst in open, rural areas where the snowfall was able to blow around easier.||Winds gusted up to 45 mph in parts of western and southern Minnesota, and generally under an inch of snow fell across the region. Visibilities dropped to 1/4 mile in several locations, though it was often brief due to the showery nature of the snowfall. The snowfall was heaviest before the strongest winds developed, limiting overall impacts from this event.||The strongest measured wind gusts from January 18-19 were:|46 mph at KULM in New Ulm, MN.|45 mph at KBDH in Willmar, MN.|44 mph at KAXN in Alexandria, MN.|44 mph at KDXX in Madison, MN.|44 mph at KJYG in St James, MN.|43 mph at KMOX in Morris, MN.","Strong winds gusting to 45 mph and scattered snow showers resulted in periodic reductions in visibility as low as a 1/4 mile at times, though generally around 1 to 2 miles.",CSV
202601,22,1300,202601,24,900,210181,1314827,MINNESOTA,27,2026,January,Extreme Cold/Wind Chill,Z,21,SOUTHERN COOK,DLH,22-JAN-26 13:00:00,CST-6,24-JAN-26 09:00:00,0,0,0,0,0.00K,0.00K,AWOS,,,,,,,,,,,,,,,,,,,,,,A long duration extreme cold every took place across the region starting the 22nd and lasting into the morning of the 24th. An area of very cold high pressure worked into the Plains on the 22nd and became established on the 23rd into the 24th. Air temperatures remain below zero during the event with light winds dropping wind chills into the 40s and 50s below zero. A few locations even dropped into the 60s below zero one morning with light winds.,Wind chills as low as -63F were reported in the southern part of the county.,CSV
202601,22,1300,202601,23,1100,210181,1314828,MINNESOTA,27,2026,January,Extreme Cold/Wind Chill,Z,25,NORTHERN CASS,DLH,22-JAN-26 13:00:00,CST-6,23-JAN-26 11:00:00,0,0,0,0,0.00K,0.00K,AWOS,,,,,,,,,,,,,,,,,,,,,,A long duration extreme cold every took place across the region starting the 22nd and lasting into the morning of the 24th. An area of very cold high pressure worked into the Plains on the 22nd and became established on the 23rd into the 24th. Air temperatures remain below zero during the event with light winds dropping wind chills into the 40s and 50s below zero. A few locations even dropped into the 60s below zero one morning with light winds.,Wind chills as low as -50F were reported in the northern part of the county.,CSV
202601,22,1300,202601,24,900,210181,1314829,MINNESOTA,27,2026,January,Extreme Cold/Wind Chill,Z,26,SOUTHERN ITASCA,DLH,22-JAN-26 13:00:00,CST-6,24-JAN-26 09:00:00,0,0,0,0,0.00K,0.00K,AWOS,,,,,,,,,,,,,,,,,,,,,,A long duration extreme cold every took place across the region starting the 22nd and lasting into the morning of the 24th. An area of very cold high pressure worked into the Plains on the 22nd and became established on the 23rd into the 24th. Air temperatures remain below zero during the event with light winds dropping wind chills into the 40s and 50s below zero. A few locations even dropped into the 60s below zero one morning with light winds.,Wind chills as low as -53F were reported in the southern part of the county.,CSV
202601,22,1400,202601,23,1000,210181,1314830,MINNESOTA,27,2026,January,Extreme Cold/Wind Chill,Z,33,SOUTHERN CASS,DLH,22-JAN-26 14:00:00,CST-6,23-JAN-26 10:00:00,0,0,0,0,0.00K,0.00K,AWOS,,,,,,,,,,,,,,,,,,,,,,A long duration extreme cold every took place across the region starting the 22nd and lasting into the morning of the 24th. An area of very cold high pressure worked into the Plains on the 22nd and became established on the 23rd into the 24th. Air temperatures remain below zero during the event with light winds dropping wind chills into the 40s and 50s below zero. A few locations even dropped into the 60s below zero one morning with light winds.,Wind chills as low as -47F were reported in the southern part of the county.,CSV
202601,22,1600,202601,23,1000,210181,1314831,MINNESOTA,27,2026,January,Extreme Cold/Wind Chill,Z,34,CROW WING,DLH,22-JAN-26 16:00:00,CST-6,23-JAN-26 10:00:00,0,0,0,0,0.00K,0.00K,ASOS,,,,,,,,,,,,,,,,,,,,,,A long duration extreme cold every took place across the region starting the 22nd and lasting into the morning of the 24th. An area of very cold high pressure worked into the Plains on the 22nd and became established on the 23rd into the 24th. Air temperatures remain below zero during the event with light winds dropping wind chills into the 40s and 50s below zero. A few locations even dropped into the 60s below zero one morning with light winds.,Wind chills as low as -50F were reported in the county.,CSV
202601,22,700,202601,23,1400,210627,1316561,MINNESOTA,27,2026,January,Extreme Cold/Wind Chill,Z,7,WEST MARSHALL,FGF,22-JAN-26 07:00:00,CST-6,23-JAN-26 14:00:00,0,0,0,0,,,Mesonet,,,,,,,,,,,,,,,,,,,,,,Arctic air settled into the Northern Plains and Upper Midwest resulting in a prologued period of extreme cold and wind chills across northwest and west central Minnesota.,"The NDAWN site Stephen 1NE near Stephen, MN reported wind chills -40 or lower from the morning of January 22 through the early afternoon of January 23. The lowest values were -49.",CSV
202601,24,100,202601,24,300,210627,1316564,MINNESOTA,27,2026,January,Extreme Cold/Wind Chill,Z,7,WEST MARSHALL,FGF,24-JAN-26 01:00:00,CST-6,24-JAN-26 03:00:00,0,0,0,0,,,Mesonet,,,,,,,,,,,,,,,,,,,,,,Arctic air settled into the Northern Plains and Upper Midwest resulting in a prologued period of extreme cold and wind chills across northwest and west central Minnesota.,"The NDAWN site Stephen 1NE near Stephen, MN reported brief wind chills of -40 during the early morning of January 24.",CSV
202601,22,755,202601,23,1035,210627,1316565,MINNESOTA,27,2026,January,Extreme Cold/Wind Chill,Z,1,WEST POLK,FGF,22-JAN-26 07:55:00,CST-6,23-JAN-26 10:35:00,0,0,0,0,,,AWOS,,,,,,,,,,,,,,,,,,,,,,Arctic air settled into the Northern Plains and Upper Midwest resulting in a prologued period of extreme cold and wind chills across northwest and west central Minnesota.,"The KCKN AWOS at Crookston, MN frequently reported wind chills -40 or lower from the morning of January 22 through the morning hours of January 23. The lowest wind chill value during this period at that site was -48.",CSV
202601,25,455,202601,25,1235,210627,1316566,MINNESOTA,27,2026,January,Extreme Cold/Wind Chill,Z,1,WEST POLK,FGF,25-JAN-26 04:55:00,CST-6,25-JAN-26 12:35:00,0,0,0,0,,,AWOS,,,,,,,,,,,,,,,,,,,,,,Arctic air settled into the Northern Plains and Upper Midwest resulting in a prologued period of extreme cold and wind chills across northwest and west central Minnesota.,"The KCKN AWOS at Crookston, MN frequently reported wind chills -40 or lower on the morning of January 25. The lowest wind chill value during this period at that site was -49.",CSV
202601,22,915,202601,24,835,210627,1316570,MINNESOTA,27,2026,January,Extreme Cold/Wind Chill,Z,15,EAST POLK,FGF,22-JAN-26 09:15:00,CST-6,24-JAN-26 08:35:00,0,0,0,0,,,AWOS,,,,,,,,,,,,,,,,,,,,,,Arctic air settled into the Northern Plains and Upper Midwest resulting in a prologued period of extreme cold and wind chills across northwest and west central Minnesota.,"The KFSE AWOS at Fosston, MN frequently reported wind chills -40 or lower from the morning of January 22 through the early morning hours of January 24. There was a shorter period of improvement during the afternoon period of January 23 when values were in the -33 to -39 range. The lowest wind chill value during this period at that site was -54.",CSV
202601,25,1935,202601,26,635,210627,1316574,MINNESOTA,27,2026,January,Extreme Cold/Wind Chill,Z,15,EAST POLK,FGF,25-JAN-26 19:35:00,CST-6,26-JAN-26 06:35:00,0,0,0,0,,,AWOS,,,,,,,,,,,,,,,,,,,,,,Arctic air settled into the Northern Plains and Upper Midwest resulting in a prologued period of extreme cold and wind chills across northwest and west central Minnesota.,"The KFSE AWOS at Fosston, MN frequently reported wind chills -40 or lower from the evening of January 25 through the early morning hours of January 26. The lowest wind chill value during this period at that site was -44.",CSV
202601,18,1100,202601,19,300,210393,1312682,MINNESOTA,27,2026,January,Winter Weather,Z,92,FARIBAULT,MPX,18-JAN-26 11:00:00,CST-6,19-JAN-26 03:00:00,0,0,0,0,0.00K,0.00K,AWOS,,,,,,,,,,,,,,,,,,,,,,"Following a period of strong winds and light snow just the day prior, many locations saw a second cold front move through the region, producing gusty winds and light snow from the morning of the 18th through the morning of the 19th. Since there was little to no snowpack on the ground, any reductions in visibility depended on how heavy the falling snow was and how strong winds were. Conditions were generally worst in open, rural areas where the snowfall was able to blow around easier.||Winds gusted up to 45 mph in parts of western and southern Minnesota, and generally under an inch of snow fell across the region. Visibilities dropped to 1/4 mile in several locations, though it was often brief due to the showery nature of the snowfall. The snowfall was heaviest before the strongest winds developed, limiting overall impacts from this event.||The strongest measured wind gusts from January 18-19 were:|46 mph at KULM in New Ulm, MN.|45 mph at KBDH in Willmar, MN.|44 mph at KAXN in Alexandria, MN.|44 mph at KDXX in Madison, MN.|44 mph at KJYG in St James, MN.|43 mph at KMOX in Morris, MN.","Nearby KFRM measured strong winds gusting to 45 mph and scattered snow showers resulting in periodic reductions in visibility as low as a 1/4 mile at times, though generally around 1 to 2 miles.",CSV
202601,18,600,202601,18,1900,210393,1312699,MINNESOTA,27,2026,January,Winter Weather,Z,43,MORRISON,MPX,18-JAN-26 06:00:00,CST-6,18-JAN-26 19:00:00,0,0,0,0,0.00K,0.00K,AWOS,,,,,,,,,,,,,,,,,,,,,,"Following a period of strong winds and light snow just the day prior, many locations saw a second cold front move through the region, producing gusty winds and light snow from the morning of the 18th through the morning of the 19th. Since there was little to no snowpack on the ground, any reductions in visibility depended on how heavy the falling snow was and how strong winds were. Conditions were generally worst in open, rural areas where the snowfall was able to blow around easier.||Winds gusted up to 45 mph in parts of western and southern Minnesota, and generally under an inch of snow fell across the region. Visibilities dropped to 1/4 mile in several locations, though it was often brief due to the showery nature of the snowfall. The snowfall was heaviest before the strongest winds developed, limiting overall impacts from this event.||The strongest measured wind gusts from January 18-19 were:|46 mph at KULM in New Ulm, MN.|45 mph at KBDH in Willmar, MN.|44 mph at KAXN in Alexandria, MN.|44 mph at KDXX in Madison, MN.|44 mph at KJYG in St James, MN.|43 mph at KMOX in Morris, MN.","Strong winds gusting to 30 mph and scattered snow showers resulted in periodic reductions in visibility as low as 3/4 mile at times, though generally remained around 1 to 3 miles. The strongest winds were during the afternoon as snowfall became lighter.",CSV
202601,22,1700,202601,23,1000,210181,1314832,MINNESOTA,27,2026,January,Extreme Cold/Wind Chill,Z,35,NORTHERN AITKIN,DLH,22-JAN-26 17:00:00,CST-6,23-JAN-26 10:00:00,0,0,0,0,0.00K,0.00K,AWOS,,,,,,,,,,,,,,,,,,,,,,A long duration extreme cold every took place across the region starting the 22nd and lasting into the morning of the 24th. An area of very cold high pressure worked into the Plains on the 22nd and became established on the 23rd into the 24th. Air temperatures remain below zero during the event with light winds dropping wind chills into the 40s and 50s below zero. A few locations even dropped into the 60s below zero one morning with light winds.,Wind chills as low as -46F were reported in the northern part of the county.,CSV
202601,22,1600,202601,23,900,210181,1314833,MINNESOTA,27,2026,January,Extreme Cold/Wind Chill,Z,36,SOUTHERN AITKIN,DLH,22-JAN-26 16:00:00,CST-6,23-JAN-26 09:00:00,0,0,0,0,0.00K,0.00K,AWOS,,,,,,,,,,,,,,,,,,,,,,A long duration extreme cold every took place across the region starting the 22nd and lasting into the morning of the 24th. An area of very cold high pressure worked into the Plains on the 22nd and became established on the 23rd into the 24th. Air temperatures remain below zero during the event with light winds dropping wind chills into the 40s and 50s below zero. A few locations even dropped into the 60s below zero one morning with light winds.,Wind chills as low as -48F were reported in the southern part of the county.,CSV
202601,22,1600,202601,24,800,210181,1314834,MINNESOTA,27,2026,January,Extreme Cold/Wind Chill,Z,37,SOUTHERN ST. LOUIS / CARLTON,DLH,22-JAN-26 16:00:00,CST-6,24-JAN-26 08:00:00,0,0,0,0,0.00K,0.00K,ASOS,,,,,,,,,,,,,,,,,,,,,,A long duration extreme cold every took place across the region starting the 22nd and lasting into the morning of the 24th. An area of very cold high pressure worked into the Plains on the 22nd and became established on the 23rd into the 24th. Air temperatures remain below zero during the event with light winds dropping wind chills into the 40s and 50s below zero. A few locations even dropped into the 60s below zero one morning with light winds.,Wind chills as low as -57F were reported in the southern part of the county into Carlton County.,CSV
202601,22,900,202601,23,900,210181,1314835,MINNESOTA,27,2026,January,Extreme Cold/Wind Chill,Z,38,PINE,DLH,22-JAN-26 09:00:00,CST-6,23-JAN-26 09:00:00,0,0,0,0,0.00K,0.00K,AWOS,,,,,,,,,,,,,,,,,,,,,,A long duration extreme cold every took place across the region starting the 22nd and lasting into the morning of the 24th. An area of very cold high pressure worked into the Plains on the 22nd and became established on the 23rd into the 24th. Air temperatures remain below zero during the event with light winds dropping wind chills into the 40s and 50s below zero. A few locations even dropped into the 60s below zero one morning with light winds.,Wind chills as low as -45F were reported in the county.,CSV
202601,22,814,202601,24,156,210627,1316582,MINNESOTA,27,2026,January,Extreme Cold/Wind Chill,Z,13,PENNINGTON,FGF,22-JAN-26 08:14:00,CST-6,24-JAN-26 01:56:00,0,0,0,0,,,AWOS,,,,,,,,,,,,,,,,,,,,,,Arctic air settled into the Northern Plains and Upper Midwest resulting in a prologued period of extreme cold and wind chills across northwest and west central Minnesota.,"The KTVF AWOS at Thief River Falls, MN frequently reported wind chills -40 or lower from the morning of January 22 through the early morning hours of January 24. There was a shorter period of improvement during the afternoon and early evening period of January 23 when values were in the -33 to -39 range. The lowest wind chill value during this period at that site was -54.",CSV
202601,25,744,202601,26,156,210627,1316584,MINNESOTA,27,2026,January,Extreme Cold/Wind Chill,Z,13,PENNINGTON,FGF,25-JAN-26 07:44:00,CST-6,26-JAN-26 01:56:00,0,0,0,0,,,AWOS,,,,,,,,,,,,,,,,,,,,,,Arctic air settled into the Northern Plains and Upper Midwest resulting in a prologued period of extreme cold and wind chills across northwest and west central Minnesota.,"The KTVF AWOS at Thief River Falls, MN periodically reported wind chills -40 or lower from the morning of January 25 through the early morning hours of January 26.",CSV
202601,22,800,202601,24,100,210627,1316586,MINNESOTA,27,2026,January,Extreme Cold/Wind Chill,Z,14,RED LAKE,FGF,22-JAN-26 08:00:00,CST-6,24-JAN-26 01:00:00,0,0,0,0,,,Mesonet,,,,,,,,,,,,,,,,,,,,,,Arctic air settled into the Northern Plains and Upper Midwest resulting in a prologued period of extreme cold and wind chills across northwest and west central Minnesota.,"Based on nearby mesonet sites in surrounding counties and widespread wind chills reported region wide around Red Lake County, we can extrapolate that wind chills -40 or lower occurred during the morning hours of January 22 through the early morning hours of January 24.",CSV
202601,25,800,202601,26,200,210627,1316587,MINNESOTA,27,2026,January,Extreme Cold/Wind Chill,Z,14,RED LAKE,FGF,25-JAN-26 08:00:00,CST-6,26-JAN-26 02:00:00,0,0,0,0,,,Mesonet,,,,,,,,,,,,,,,,,,,,,,Arctic air settled into the Northern Plains and Upper Midwest resulting in a prologued period of extreme cold and wind chills across northwest and west central Minnesota.,"Based on nearby mesonet sites in surrounding counties and widespread wind chills reported region wide around Red Lake County, we can extrapolate that wind chills -40 or lower occurred during the morning hours of January 25 through the early morning hours of January 26.",CSV
202601,22,800,202601,24,100,210627,1316592,MINNESOTA,27,2026,January,Extreme Cold/Wind Chill,Z,8,EAST MARSHALL,FGF,22-JAN-26 08:00:00,CST-6,24-JAN-26 01:00:00,0,0,0,0,,,Mesonet,,,,,,,,,,,,,,,,,,,,,,Arctic air settled into the Northern Plains and Upper Midwest resulting in a prologued period of extreme cold and wind chills across northwest and west central Minnesota.,"Mesonet station MN056 Gatzke, MN DOT reported a minimum wind chill of -54 during this period, with frequent wind chills -40 or lower.",CSV
202601,25,800,202601,26,200,210627,1316593,MINNESOTA,27,2026,January,Extreme Cold/Wind Chill,Z,8,EAST MARSHALL,FGF,25-JAN-26 08:00:00,CST-6,26-JAN-26 02:00:00,0,0,0,0,0.00K,0.00K,Mesonet,,,,,,,,,,,,,,,,,,,,,,Arctic air settled into the Northern Plains and Upper Midwest resulting in a prologued period of extreme cold and wind chills across northwest and west central Minnesota.,"Based on nearby mesonet sites in surrounding counties and zones and widespread wind chills reported region wide around Red Lake County, we can extrapolate that wind chills -40 or lower parodically occurred during the morning hours of January 25 through the early morning hours of January 26.",CSV
202601,4,1200,202601,4,1400,209881,1308884,MINNESOTA,27,2026,January,Winter Weather,Z,59,WRIGHT,MPX,04-JAN-26 12:00:00,CST-6,04-JAN-26 14:00:00,0,0,0,0,0.00K,0.00K,CoCoRaHS,,,,,,,,,,,,,,,,,,,,,,"A weather system resulted in a light wintry mix of precipitation during the early afternoon on January 4th. Surface temperatures were about 5 to 10 degrees below freezing, under a slightly warmer air mass just above the surface. This resulted in a few hours of light freezing rain or drizzle, and ultimately light ice accretion, creating slick surfaces for a number of counties in east-central Minnesota. Farther north, the airmass just above the surface was slightly cooler, resulting in more snow mixing in with any freezing precipitation. This limited impacts for areas north and west of St Cloud, Princeton, and Rush City.",CoCoRaHS observers reported a glaze of ice near Monticello and some light sleet and freezing rain in Maple Lake.,CSV
202601,18,700,202601,18,2100,210393,1312703,MINNESOTA,27,2026,January,Winter Weather,Z,50,BENTON,MPX,18-JAN-26 07:00:00,CST-6,18-JAN-26 21:00:00,0,0,0,0,0.00K,0.00K,ASOS,,,,,,,,,,,,,,,,,,,,,,"Following a period of strong winds and light snow just the day prior, many locations saw a second cold front move through the region, producing gusty winds and light snow from the morning of the 18th through the morning of the 19th. Since there was little to no snowpack on the ground, any reductions in visibility depended on how heavy the falling snow was and how strong winds were. Conditions were generally worst in open, rural areas where the snowfall was able to blow around easier.||Winds gusted up to 45 mph in parts of western and southern Minnesota, and generally under an inch of snow fell across the region. Visibilities dropped to 1/4 mile in several locations, though it was often brief due to the showery nature of the snowfall. The snowfall was heaviest before the strongest winds developed, limiting overall impacts from this event.||The strongest measured wind gusts from January 18-19 were:|46 mph at KULM in New Ulm, MN.|45 mph at KBDH in Willmar, MN.|44 mph at KAXN in Alexandria, MN.|44 mph at KDXX in Madison, MN.|44 mph at KJYG in St James, MN.|43 mph at KMOX in Morris, MN.","Nearby KSTC measured strong winds gusting to 40 mph and scattered snow showers resulting in periodic reductions in visibility as low as a 1/2 mile at times, though generally remaining around 1 to 3 miles. The strongest winds were during the afternoon as snowfall became lighter.",CSV
202601,18,700,202601,18,2100,210393,1312705,MINNESOTA,27,2026,January,Winter Weather,Z,51,SHERBURNE,MPX,18-JAN-26 07:00:00,CST-6,18-JAN-26 21:00:00,0,0,0,0,0.00K,0.00K,ASOS,,,,,,,,,,,,,,,,,,,,,,"Following a period of strong winds and light snow just the day prior, many locations saw a second cold front move through the region, producing gusty winds and light snow from the morning of the 18th through the morning of the 19th. Since there was little to no snowpack on the ground, any reductions in visibility depended on how heavy the falling snow was and how strong winds were. Conditions were generally worst in open, rural areas where the snowfall was able to blow around easier.||Winds gusted up to 45 mph in parts of western and southern Minnesota, and generally under an inch of snow fell across the region. Visibilities dropped to 1/4 mile in several locations, though it was often brief due to the showery nature of the snowfall. The snowfall was heaviest before the strongest winds developed, limiting overall impacts from this event.||The strongest measured wind gusts from January 18-19 were:|46 mph at KULM in New Ulm, MN.|45 mph at KBDH in Willmar, MN.|44 mph at KAXN in Alexandria, MN.|44 mph at KDXX in Madison, MN.|44 mph at KJYG in St James, MN.|43 mph at KMOX in Morris, MN.","KSTC measured strong winds gusting to 40 mph and scattered snow showers resulting in periodic reductions in visibility as low as a 1/2 mile at times, though generally remaining around 1 to 3 miles. The strongest winds were during the afternoon as snowfall became lighter.",CSV
202601,16,600,202601,16,1800,210535,1314123,MINNESOTA,27,2026,January,Strong Wind,Z,97,PIPESTONE,FSD,16-JAN-26 06:00:00,CST-6,16-JAN-26 18:00:00,0,0,0,0,,,Department of Highways,41.00,MG,,,,,,,,,,,,,,,,,,,,"Northwest winds surged behind a strong arctic cold front which moved across the region early on January 16. Winds persisted into the midday on January 17, with occasional gusts as high as 35 to 50 mph. Areas of light snowfall generally on the order of a dusting to an inch fell before and concurrent with the strong winds, and locations mainly near Highway 71 experienced considerable time with visibility near or below one quarter mile with travel not recommended in areas surrounding Windom.",Sustained winds reached 30 to 34 mph at times with a peak gust of 47 mph at a Minnesota Road Weather Information System site 2 miles north of Trosky and 46 mph at a RAWS site near Pipestone.,CSV
202601,22,800,202601,24,100,210627,1316595,MINNESOTA,27,2026,January,Extreme Cold/Wind Chill,Z,16,NORTH CLEARWATER,FGF,22-JAN-26 08:00:00,CST-6,24-JAN-26 01:00:00,0,0,0,0,,,Mesonet,,,,,,,,,,,,,,,,,,,,,,Arctic air settled into the Northern Plains and Upper Midwest resulting in a prologued period of extreme cold and wind chills across northwest and west central Minnesota.,"Mesonet station FW9117 Gonvick, MN reported periodic wind chills -40 during this period.",CSV
202601,22,800,202601,24,100,210627,1316596,MINNESOTA,27,2026,January,Extreme Cold/Wind Chill,Z,23,SOUTH CLEARWATER,FGF,22-JAN-26 08:00:00,CST-6,24-JAN-26 01:00:00,0,0,0,0,,,Mesonet,,,,,,,,,,,,,,,,,,,,,,Arctic air settled into the Northern Plains and Upper Midwest resulting in a prologued period of extreme cold and wind chills across northwest and west central Minnesota.,"Mesonet station ITCM5 Lake Itasca, MN 2 SE reported a minimum wind chill of -44 during this period with periodic wind chills -40 or lower during this period.",CSV
202601,22,1035,202601,23,917,210627,1316597,MINNESOTA,27,2026,January,Extreme Cold/Wind Chill,Z,9,NORTH BELTRAMI,FGF,22-JAN-26 10:35:00,CST-6,23-JAN-26 09:17:00,0,0,0,0,,,AWOS,,,,,,,,,,,,,,,,,,,,,,Arctic air settled into the Northern Plains and Upper Midwest resulting in a prologued period of extreme cold and wind chills across northwest and west central Minnesota.,"The KVWU AWOS at Waskish, MN reported frequent wind chills -40 or lower from the morning of January 22 through the morning of January 23. The lowest value during this period at that site was -48.",CSV
202601,22,955,202601,23,1100,210627,1316598,MINNESOTA,27,2026,January,Extreme Cold/Wind Chill,Z,17,SOUTH BELTRAMI,FGF,22-JAN-26 09:55:00,CST-6,23-JAN-26 11:00:00,0,0,0,0,,,AWOS,,,,,,,,,,,,,,,,,,,,,,Arctic air settled into the Northern Plains and Upper Midwest resulting in a prologued period of extreme cold and wind chills across northwest and west central Minnesota.,"The KBJI AWOS at Bemidji, MN reported frequent wind chills -40 or lower from the morning of January 22 through the morning of January 23. The lowest value during this period at that site was -53.",CSV
202601,22,900,202601,23,1200,210627,1316599,MINNESOTA,27,2026,January,Extreme Cold/Wind Chill,Z,2,NORMAN,FGF,22-JAN-26 09:00:00,CST-6,23-JAN-26 12:00:00,0,0,0,0,,,Mesonet,,,,,,,,,,,,,,,,,,,,,,Arctic air settled into the Northern Plains and Upper Midwest resulting in a prologued period of extreme cold and wind chills across northwest and west central Minnesota.,The NDAWN station Ada 1N reported frequent wind chills of -40 or lower from the morning of January 22 through the morning of January 23.,CSV
202601,22,935,202601,24,235,210627,1316601,MINNESOTA,27,2026,January,Extreme Cold/Wind Chill,Z,22,MAHNOMEN,FGF,22-JAN-26 09:35:00,CST-6,24-JAN-26 02:35:00,0,0,0,0,,,AWOS,,,,,,,,,,,,,,,,,,,,,,Arctic air settled into the Northern Plains and Upper Midwest resulting in a prologued period of extreme cold and wind chills across northwest and west central Minnesota.,"The AWOS station K3N8 at Mahnomen, MN reported wind chills -40 or lower from the morning of January 22 through the early morning hours of January 24. The lowest value was -54 at this site on the 22nd.",CSV
202601,4,1200,202601,4,1400,209881,1308885,MINNESOTA,27,2026,January,Winter Weather,Z,68,CARVER,MPX,04-JAN-26 12:00:00,CST-6,04-JAN-26 14:00:00,0,0,0,0,0.00K,0.00K,CoCoRaHS,,,,,,,,,,,,,,,,,,,,,,"A weather system resulted in a light wintry mix of precipitation during the early afternoon on January 4th. Surface temperatures were about 5 to 10 degrees below freezing, under a slightly warmer air mass just above the surface. This resulted in a few hours of light freezing rain or drizzle, and ultimately light ice accretion, creating slick surfaces for a number of counties in east-central Minnesota. Farther north, the airmass just above the surface was slightly cooler, resulting in more snow mixing in with any freezing precipitation. This limited impacts for areas north and west of St Cloud, Princeton, and Rush City.",CoCoRaHS observers reported light freezing rain and a glaze of ice in Chaska and Chanhassen.,CSV
202601,4,1200,202601,4,1500,209881,1308887,MINNESOTA,27,2026,January,Winter Weather,Z,69,SCOTT,MPX,04-JAN-26 12:00:00,CST-6,04-JAN-26 15:00:00,0,0,0,0,0.00K,0.00K,CoCoRaHS,,,,,,,,,,,,,,,,,,,,,,"A weather system resulted in a light wintry mix of precipitation during the early afternoon on January 4th. Surface temperatures were about 5 to 10 degrees below freezing, under a slightly warmer air mass just above the surface. This resulted in a few hours of light freezing rain or drizzle, and ultimately light ice accretion, creating slick surfaces for a number of counties in east-central Minnesota. Farther north, the airmass just above the surface was slightly cooler, resulting in more snow mixing in with any freezing precipitation. This limited impacts for areas north and west of St Cloud, Princeton, and Rush City.",The nearby ASOS at KFCM in Eden Prairie reported an hour of freezing precipitation during the afternoon. CoCoRaHS observers reported a mixture of sleet and freezing rain near Prior Lake.,CSV
202601,4,1200,202601,4,1500,209881,1308889,MINNESOTA,27,2026,January,Winter Weather,Z,60,HENNEPIN,MPX,04-JAN-26 12:00:00,CST-6,04-JAN-26 15:00:00,0,0,0,0,0.00K,0.00K,CoCoRaHS,,,,,,,,,,,,,,,,,,,,,,"A weather system resulted in a light wintry mix of precipitation during the early afternoon on January 4th. Surface temperatures were about 5 to 10 degrees below freezing, under a slightly warmer air mass just above the surface. This resulted in a few hours of light freezing rain or drizzle, and ultimately light ice accretion, creating slick surfaces for a number of counties in east-central Minnesota. Farther north, the airmass just above the surface was slightly cooler, resulting in more snow mixing in with any freezing precipitation. This limited impacts for areas north and west of St Cloud, Princeton, and Rush City.","The ASOS at KFCM in Eden Prairie reported an hour of freezing precipitation and KMSP reported an hour and a half of light freezing precipitation with occasional during the afternoon. Several CoCoRaHS observers reported a mixture of sleet and freezing precipitation resulting in a glaze of ice during the early afternoon. The highest concentration of reports was centered in the southwest portion of the county, including South Minneapolis, Edina, Minnetonka, Excelsior, and Minnetrista.",CSV
202601,18,900,202601,18,2100,210393,1312641,MINNESOTA,27,2026,January,Winter Weather,Z,54,LAC QUI PARLE,MPX,18-JAN-26 09:00:00,CST-6,18-JAN-26 21:00:00,0,0,0,0,0.00K,0.00K,AWOS,,,,,,,,,,,,,,,,,,,,,,"Following a period of strong winds and light snow just the day prior, many locations saw a second cold front move through the region, producing gusty winds and light snow from the morning of the 18th through the morning of the 19th. Since there was little to no snowpack on the ground, any reductions in visibility depended on how heavy the falling snow was and how strong winds were. Conditions were generally worst in open, rural areas where the snowfall was able to blow around easier.||Winds gusted up to 45 mph in parts of western and southern Minnesota, and generally under an inch of snow fell across the region. Visibilities dropped to 1/4 mile in several locations, though it was often brief due to the showery nature of the snowfall. The snowfall was heaviest before the strongest winds developed, limiting overall impacts from this event.||The strongest measured wind gusts from January 18-19 were:|46 mph at KULM in New Ulm, MN.|45 mph at KBDH in Willmar, MN.|44 mph at KAXN in Alexandria, MN.|44 mph at KDXX in Madison, MN.|44 mph at KJYG in St James, MN.|43 mph at KMOX in Morris, MN.",Strong winds gusting to 40 mph and scattered snow showers resulted in periodic reductions in visibility as low as a 1/4 mile at times. The worst conditions were during the afternoon.,CSV
202601,22,1800,202601,23,900,210212,1311824,MINNESOTA,27,2026,January,Extreme Cold/Wind Chill,Z,69,SCOTT,MPX,22-JAN-26 18:00:00,CST-6,23-JAN-26 09:00:00,0,0,0,0,0.00K,0.00K,ASOS,,,,,,,,,,,,,,,,,,,,,,"A push of dangerously cold air spread across the Upper Midwest behind a series of strong arctic fronts from January 21 through January 23. Wind chills dropped into the -40s across much of the region, with AXN in Alexandria reporting the coldest wind chill of -50F during this stretch of extreme cold. The strongest winds did not line up with the coolest temperatures, limiting wind chills from getting any colder than -50F. ||The peak of the coldest conditions occurred from the evening on the 22nd into the morning of the 23rd. Very cold air temperatures around -10 to -20 below continued until the morning of the 26th, though winds were generally at or below 10 mph, limiting wind chills from dropping below -35F. ||The lowest wind chills were:|-50F at AXN in Alexandria, MN.|-49F at STC in St Cloud, MN.|-49F at OWA in Owatonna, MN.|-49F at GHW in Glenwood, MN.|-47F at MSP in the Twin Cities, MN.|-47F at BDH in Willmar, MN.|-47F at CFE in Buffalo, MN.",Nearby KFCM reported wind gusts as high as 45 mph during the early evening as air temperatures dropped from -15F to -22F overnight. The lowest measured wind chill was -46F at 1AM on the 23rd.,CSV
202601,16,500,202601,16,1800,210535,1314124,MINNESOTA,27,2026,January,Strong Wind,Z,71,LINCOLN,FSD,16-JAN-26 05:00:00,CST-6,16-JAN-26 18:00:00,0,0,0,0,,,Department of Highways,46.00,MG,,,,,,,,,,,,,,,,,,,,"Northwest winds surged behind a strong arctic cold front which moved across the region early on January 16. Winds persisted into the midday on January 17, with occasional gusts as high as 35 to 50 mph. Areas of light snowfall generally on the order of a dusting to an inch fell before and concurrent with the strong winds, and locations mainly near Highway 71 experienced considerable time with visibility near or below one quarter mile with travel not recommended in areas surrounding Windom.",Sustained winds reached 30 to 36 mph at times with a peak gust of 53 mph at a Minnesota Road Weather Information System site 3 miles south of Hendricks and 47 mph 2 miles west of Lake Benton.,CSV
202601,16,600,202601,16,1900,210535,1314125,MINNESOTA,27,2026,January,Strong Wind,Z,72,LYON,FSD,16-JAN-26 06:00:00,CST-6,16-JAN-26 19:00:00,0,0,0,0,,,Department of Highways,46.00,MG,,,,,,,,,,,,,,,,,,,,"Northwest winds surged behind a strong arctic cold front which moved across the region early on January 16. Winds persisted into the midday on January 17, with occasional gusts as high as 35 to 50 mph. Areas of light snowfall generally on the order of a dusting to an inch fell before and concurrent with the strong winds, and locations mainly near Highway 71 experienced considerable time with visibility near or below one quarter mile with travel not recommended in areas surrounding Windom.",Sustained winds reached 30 to 39 mph at times with a peak gust of 53 mph at a Minnesota Road Weather Information System site at Taunton and 45 mph at an Automated Weather Observing System site at Marshall.,CSV
202601,16,600,202601,16,1600,210535,1314126,MINNESOTA,27,2026,January,Strong Wind,Z,80,MURRAY,FSD,16-JAN-26 06:00:00,CST-6,16-JAN-26 16:00:00,0,0,0,0,,,AWOS,39.00,MG,,,,,,,,,,,,,,,,,,,,"Northwest winds surged behind a strong arctic cold front which moved across the region early on January 16. Winds persisted into the midday on January 17, with occasional gusts as high as 35 to 50 mph. Areas of light snowfall generally on the order of a dusting to an inch fell before and concurrent with the strong winds, and locations mainly near Highway 71 experienced considerable time with visibility near or below one quarter mile with travel not recommended in areas surrounding Windom.",Sustained winds reached 30 to 36 mph at times with a peak gust of 45 mph at an Automated Weather Observing System site at Slayton.,CSV
202601,16,600,202601,16,1900,210535,1314128,MINNESOTA,27,2026,January,Strong Wind,Z,89,NOBLES,FSD,16-JAN-26 06:00:00,CST-6,16-JAN-26 19:00:00,0,0,0,0,,,Department of Highways,42.00,MG,,,,,,,,,,,,,,,,,,,,"Northwest winds surged behind a strong arctic cold front which moved across the region early on January 16. Winds persisted into the midday on January 17, with occasional gusts as high as 35 to 50 mph. Areas of light snowfall generally on the order of a dusting to an inch fell before and concurrent with the strong winds, and locations mainly near Highway 71 experienced considerable time with visibility near or below one quarter mile with travel not recommended in areas surrounding Windom.",Sustained winds reached 30 to 39 mph at times with a peak gust of 48 mph at a Minnesota Road Weather Information System site near Rushmore and 47 mph at an Automated Weather Observing System site at Worthington.,CSV
202601,25,815,202601,26,335,210627,1316602,MINNESOTA,27,2026,January,Extreme Cold/Wind Chill,Z,22,MAHNOMEN,FGF,25-JAN-26 08:15:00,CST-6,26-JAN-26 03:35:00,0,0,0,0,0.00K,0.00K,AWOS,,,,,,,,,,,,,,,,,,,,,,Arctic air settled into the Northern Plains and Upper Midwest resulting in a prologued period of extreme cold and wind chills across northwest and west central Minnesota.,"The AWOS station K3N8 at Mahnomen, MN reported wind chills -40 or lower from the evening of January 25 through the early morning hours of January 6. The lowest wind chill value during this period at this site was -43.",CSV
202601,22,1000,202601,23,1200,210627,1316603,MINNESOTA,27,2026,January,Extreme Cold/Wind Chill,Z,2,NORMAN,FGF,22-JAN-26 10:00:00,CST-6,23-JAN-26 12:00:00,0,0,0,0,,,Mesonet,,,,,,,,,,,,,,,,,,,,,,Arctic air settled into the Northern Plains and Upper Midwest resulting in a prologued period of extreme cold and wind chills across northwest and west central Minnesota.,The NDAWN station Ulen 7ESE reported frequent wind chills of -40 or lower from the morning of January 22 through the morning of January 23.,CSV
202601,25,1000,202601,25,1300,210627,1316607,MINNESOTA,27,2026,January,Extreme Cold/Wind Chill,Z,2,NORMAN,FGF,25-JAN-26 10:00:00,CST-6,25-JAN-26 13:00:00,0,0,0,0,,,Mesonet,,,,,,,,,,,,,,,,,,,,,,Arctic air settled into the Northern Plains and Upper Midwest resulting in a prologued period of extreme cold and wind chills across northwest and west central Minnesota.,The NDAWN station Ulen 7ESE reported frequent wind chills of -40 during the late morning hours through midday on January 25.,CSV
202601,22,955,202601,23,1015,210627,1316612,MINNESOTA,27,2026,January,Extreme Cold/Wind Chill,Z,27,WEST BECKER,FGF,22-JAN-26 09:55:00,CST-6,23-JAN-26 10:15:00,0,0,0,0,,,AWOS,,,,,,,,,,,,,,,,,,,,,,Arctic air settled into the Northern Plains and Upper Midwest resulting in a prologued period of extreme cold and wind chills across northwest and west central Minnesota.,"The KDTL AWOS at Detroit Lakes, MN reported frequent wind chills -40 or lower from the morning of January 22 through the morning of January 23. The lowest wind chill value during this period at this site was -50.",CSV
202601,22,900,202601,23,1200,210627,1316615,MINNESOTA,27,2026,January,Extreme Cold/Wind Chill,Z,28,EAST BECKER,FGF,22-JAN-26 09:00:00,CST-6,23-JAN-26 12:00:00,0,0,0,0,,,Mesonet,,,,,,,,,,,,,,,,,,,,,,Arctic air settled into the Northern Plains and Upper Midwest resulting in a prologued period of extreme cold and wind chills across northwest and west central Minnesota.,"The mesonet station MN138 Osage, MN DOT reported frequent wind chills -40 or lower with a minimum wind chill of -55.",CSV
202601,22,955,202601,23,1135,210627,1316623,MINNESOTA,27,2026,January,Extreme Cold/Wind Chill,Z,3,CLAY,FGF,22-JAN-26 09:55:00,CST-6,23-JAN-26 11:35:00,0,0,0,0,,,AWOS,,,,,,,,,,,,,,,,,,,,,,Arctic air settled into the Northern Plains and Upper Midwest resulting in a prologued period of extreme cold and wind chills across northwest and west central Minnesota.,"The AWOS KJKJ at Moorhead, MN reported frequent wind chill values -40 or lower from the morning of January 22 through the morning of January 23. The lowest value at this site was -42.",CSV
202601,22,1200,202601,23,1100,210627,1316634,MINNESOTA,27,2026,January,Extreme Cold/Wind Chill,Z,29,WILKIN,FGF,22-JAN-26 12:00:00,CST-6,23-JAN-26 11:00:00,0,0,0,0,,,Mesonet,,,,,,,,,,,,,,,,,,,,,,Arctic air settled into the Northern Plains and Upper Midwest resulting in a prologued period of extreme cold and wind chills across northwest and west central Minnesota.,The NDAWN station Wolverton 2E reported frequent wind chill values -40 or lower from midday January 22 through the morning on January 23.,CSV
202601,4,1200,202601,4,1500,209881,1308891,MINNESOTA,27,2026,January,Winter Weather,Z,70,DAKOTA,MPX,04-JAN-26 12:00:00,CST-6,04-JAN-26 15:00:00,0,0,0,0,0.00K,0.00K,CoCoRaHS,,,,,,,,,,,,,,,,,,,,,,"A weather system resulted in a light wintry mix of precipitation during the early afternoon on January 4th. Surface temperatures were about 5 to 10 degrees below freezing, under a slightly warmer air mass just above the surface. This resulted in a few hours of light freezing rain or drizzle, and ultimately light ice accretion, creating slick surfaces for a number of counties in east-central Minnesota. Farther north, the airmass just above the surface was slightly cooler, resulting in more snow mixing in with any freezing precipitation. This limited impacts for areas north and west of St Cloud, Princeton, and Rush City.","The nearby ASOS at KMSP reported an hour and a half of light freezing precipitation with occasional during the afternoon. Several CoCoRaHS observers reported a mixture of sleet and freezing precipitation resulting in a glaze of ice during the early afternoon in Burnsville, Lakeville, and Inner Grove Heights.",CSV
202601,4,1230,202601,4,1500,209881,1308893,MINNESOTA,27,2026,January,Winter Weather,Z,62,RAMSEY,MPX,04-JAN-26 12:30:00,CST-6,04-JAN-26 15:00:00,0,0,0,0,0.00K,0.00K,CoCoRaHS,,,,,,,,,,,,,,,,,,,,,,"A weather system resulted in a light wintry mix of precipitation during the early afternoon on January 4th. Surface temperatures were about 5 to 10 degrees below freezing, under a slightly warmer air mass just above the surface. This resulted in a few hours of light freezing rain or drizzle, and ultimately light ice accretion, creating slick surfaces for a number of counties in east-central Minnesota. Farther north, the airmass just above the surface was slightly cooler, resulting in more snow mixing in with any freezing precipitation. This limited impacts for areas north and west of St Cloud, Princeton, and Rush City.",The ASOS at KSTP reported an hour and a half of light freezing precipitation during the afternoon. Several CoCoRaHS observers reported a light freezing precipitation resulting in a glaze of ice during the early afternoon throughout the county.,CSV
202601,4,1300,202601,4,1500,209881,1308895,MINNESOTA,27,2026,January,Winter Weather,Z,63,WASHINGTON,MPX,04-JAN-26 13:00:00,CST-6,04-JAN-26 15:00:00,0,0,0,0,0.00K,0.00K,CoCoRaHS,,,,,,,,,,,,,,,,,,,,,,"A weather system resulted in a light wintry mix of precipitation during the early afternoon on January 4th. Surface temperatures were about 5 to 10 degrees below freezing, under a slightly warmer air mass just above the surface. This resulted in a few hours of light freezing rain or drizzle, and ultimately light ice accretion, creating slick surfaces for a number of counties in east-central Minnesota. Farther north, the airmass just above the surface was slightly cooler, resulting in more snow mixing in with any freezing precipitation. This limited impacts for areas north and west of St Cloud, Princeton, and Rush City.",The AWOS at K21D reported an hour of a mixture of light snow and freezing precipitation during the afternoon. Several CoCoRaHS observers reported a light freezing precipitation resulting in a glaze of ice during the early afternoon throughout the county.,CSV
202601,22,1900,202601,23,1000,210212,1311865,MINNESOTA,27,2026,January,Extreme Cold/Wind Chill,Z,77,RICE,MPX,22-JAN-26 19:00:00,CST-6,23-JAN-26 10:00:00,0,0,0,0,0.00K,0.00K,AWOS,,,,,,,,,,,,,,,,,,,,,,"A push of dangerously cold air spread across the Upper Midwest behind a series of strong arctic fronts from January 21 through January 23. Wind chills dropped into the -40s across much of the region, with AXN in Alexandria reporting the coldest wind chill of -50F during this stretch of extreme cold. The strongest winds did not line up with the coolest temperatures, limiting wind chills from getting any colder than -50F. ||The peak of the coldest conditions occurred from the evening on the 22nd into the morning of the 23rd. Very cold air temperatures around -10 to -20 below continued until the morning of the 26th, though winds were generally at or below 10 mph, limiting wind chills from dropping below -35F. ||The lowest wind chills were:|-50F at AXN in Alexandria, MN.|-49F at STC in St Cloud, MN.|-49F at OWA in Owatonna, MN.|-49F at GHW in Glenwood, MN.|-47F at MSP in the Twin Cities, MN.|-47F at BDH in Willmar, MN.|-47F at CFE in Buffalo, MN.",KFBL has missing data during this event. Nearby KSYN in Stanton reported wind gusts as high as 30mph during the evening as air temperatures dropped from -15F to -20F overnight. The lowest measured wind chill was -42F at 1AM on the 23rd.,CSV
202601,15,1550,202601,15,1600,210177,1314881,MINNESOTA,27,2026,January,Winter Weather,Z,10,KOOCHICHING,DLH,15-JAN-26 15:50:00,CST-6,15-JAN-26 16:00:00,0,0,0,0,0.00K,0.00K,Mesonet,,,,,,,,,,,,,,,,,,,,,,A strong clipper system moved across northern Minnesota during the afternoon of the 15th. A few intense areas of snowfall developed ahead of a cold front and brought snow squalls that quickly reduced visibility and created quickly accumulating snow on roadways per area DOT webcams. This activity was mainly observed along the International Border area.,Snow Squall. Visibility was approximately 0.10 miles at the Birchdale RWIS during the event.,CSV
202601,15,1625,202601,15,1635,210177,1314882,MINNESOTA,27,2026,January,Winter Weather,Z,10,KOOCHICHING,DLH,15-JAN-26 16:25:00,CST-6,15-JAN-26 16:35:00,0,0,0,0,0.00K,0.00K,ASOS,,,,,,,,,,,,,,,,,,,,,,A strong clipper system moved across northern Minnesota during the afternoon of the 15th. A few intense areas of snowfall developed ahead of a cold front and brought snow squalls that quickly reduced visibility and created quickly accumulating snow on roadways per area DOT webcams. This activity was mainly observed along the International Border area.,Snow Squall. Visibility was less than 1/4 mile per the 5 minute observation at the KINL International Falls Airport ASOS.,CSV
202601,15,1625,202601,15,1635,210177,1314883,MINNESOTA,27,2026,January,Winter Weather,Z,11,NORTHERN ST. LOUIS,DLH,15-JAN-26 16:25:00,CST-6,15-JAN-26 16:35:00,0,0,0,0,0.00K,0.00K,AWOS,,,,,,,,,,,,,,,,,,,,,,A strong clipper system moved across northern Minnesota during the afternoon of the 15th. A few intense areas of snowfall developed ahead of a cold front and brought snow squalls that quickly reduced visibility and created quickly accumulating snow on roadways per area DOT webcams. This activity was mainly observed along the International Border area.,Snow Squall. Visibility was 1/4 mile at AWOS station KCDD Crane Lake Airport.,CSV
202601,16,600,202601,16,1800,210535,1314129,MINNESOTA,27,2026,January,Strong Wind,Z,81,COTTONWOOD,FSD,16-JAN-26 06:00:00,CST-6,16-JAN-26 18:00:00,0,0,0,0,,,Department of Highways,42.00,MG,,,,,,,,,,,,,,,,,,,,"Northwest winds surged behind a strong arctic cold front which moved across the region early on January 16. Winds persisted into the midday on January 17, with occasional gusts as high as 35 to 50 mph. Areas of light snowfall generally on the order of a dusting to an inch fell before and concurrent with the strong winds, and locations mainly near Highway 71 experienced considerable time with visibility near or below one quarter mile with travel not recommended in areas surrounding Windom.",Sustained winds reached 30 to 36 mph at times with a peak gust of 48 mph at a Minnesota Road Weather Information System site 4 miles east-northeast of Jeffers and 46 mph near Mountain Lake.,CSV
202601,16,630,202601,16,1800,210535,1314130,MINNESOTA,27,2026,January,Strong Wind,Z,90,JACKSON,FSD,16-JAN-26 06:30:00,CST-6,16-JAN-26 18:00:00,0,0,0,0,,,Department of Highways,28.00,MS,,,,,,,,,,,,,,,,,,,,"Northwest winds surged behind a strong arctic cold front which moved across the region early on January 16. Winds persisted into the midday on January 17, with occasional gusts as high as 35 to 50 mph. Areas of light snowfall generally on the order of a dusting to an inch fell before and concurrent with the strong winds, and locations mainly near Highway 71 experienced considerable time with visibility near or below one quarter mile with travel not recommended in areas surrounding Windom.",Sustained winds reached 30 to 32 mph at times at a Minnesota Road Weather Information System site 3 miles southeast of Lakefield and at an Automated Weather Observing System site at Jackson.,CSV
202601,16,1330,202601,16,1813,210624,1316462,MINNESOTA,27,2026,January,Blizzard,Z,1,WEST POLK,FGF,16-JAN-26 13:30:00,CST-6,16-JAN-26 18:13:00,0,0,0,0,,,Mesonet,,,,,,,,,,,,,,,,,,,,,,A clipper-type system brought a period of strong winds and light to locally moderate snow accumulations that resulted in localized blizzard conditions within the Red River Valley of  northwest and west central Minnesota. Snow totals ranged from around inch to 3 inches. The highest wind gusts ranged from 45mph to 56 mph in northwest MN.,"MNDOT station (RWIS) at MN060, near Mallory, MN, reports blizzard conditions ongoing since 1330 CST.",CSV
202601,16,1540,202601,16,1810,210624,1316466,MINNESOTA,27,2026,January,Blizzard,Z,4,KITTSON,FGF,16-JAN-26 15:40:00,CST-6,16-JAN-26 18:10:00,0,0,0,0,,,Mesonet,,,,,,,,,,,,,,,,,,,,,,A clipper-type system brought a period of strong winds and light to locally moderate snow accumulations that resulted in localized blizzard conditions within the Red River Valley of  northwest and west central Minnesota. Snow totals ranged from around inch to 3 inches. The highest wind gusts ranged from 45mph to 56 mph in northwest MN.,"Minnesota RWIS station at MN057, 1 mile east of St. Vincent MN, reports blizzard conditions ongoing since 1540 CST.",CSV
202601,16,1415,202601,16,1811,210624,1316467,MINNESOTA,27,2026,January,Blizzard,Z,4,KITTSON,FGF,16-JAN-26 14:15:00,CST-6,16-JAN-26 18:11:00,0,0,0,0,,,Mesonet,,,,,,,,,,,,,,,,,,,,,,A clipper-type system brought a period of strong winds and light to locally moderate snow accumulations that resulted in localized blizzard conditions within the Red River Valley of  northwest and west central Minnesota. Snow totals ranged from around inch to 3 inches. The highest wind gusts ranged from 45mph to 56 mph in northwest MN.,"Minnesota RWIS station at MN057, 1 mile east of St. Vincent MN, reports blizzard conditions ongoing since 1415 CST.",CSV
202601,22,1053,202601,24,853,210627,1316619,MINNESOTA,27,2026,January,Extreme Cold/Wind Chill,Z,24,HUBBARD,FGF,22-JAN-26 10:53:00,CST-6,24-JAN-26 08:53:00,0,0,0,0,,,ASOS,,,,,,,,,,,,,,,,,,,,,,Arctic air settled into the Northern Plains and Upper Midwest resulting in a prologued period of extreme cold and wind chills across northwest and west central Minnesota.,"The KPKD ASOS at Park Rapids, MN reported wind chills -40 or lower from the morning of  January 22 through the morning of January 24. The lowest wind chill reported at this site was -54.",CSV
202602,18,733,202602,18,733,211156,1321137,MINNESOTA,27,2026,February,Heavy Snow,Z,17,SOUTH BELTRAMI,FGF,18-FEB-26 07:33:00,CST-6,18-FEB-26 07:33:00,0,0,0,0,,,Public,,,,,,,,,,,,,,,,,,,,,,A strong upper low brought heavy snow to much of eastern North Dakota and northwest Minnesota on February 17th and 18th. Snowfall totals ranged from a few inches to nearly 17 inches.,"Received a public report of 6 inches of snow in Bemidji, MN.",CSV
202602,18,1358,202602,18,1358,211156,1321140,MINNESOTA,27,2026,February,Heavy Snow,Z,9,NORTH BELTRAMI,FGF,18-FEB-26 13:58:00,CST-6,18-FEB-26 13:58:00,0,0,0,0,,,Public,,,,,,,,,,,,,,,,,,,,,,A strong upper low brought heavy snow to much of eastern North Dakota and northwest Minnesota on February 17th and 18th. Snowfall totals ranged from a few inches to nearly 17 inches.,"Received a public report of 6 inches of snow in Blackduck, MN.",CSV
202602,19,700,202602,19,700,211156,1321141,MINNESOTA,27,2026,February,Heavy Snow,Z,1,WEST POLK,FGF,19-FEB-26 07:00:00,CST-6,19-FEB-26 07:00:00,0,0,0,0,,,CoCoRaHS,,,,,,,,,,,,,,,,,,,,,,A strong upper low brought heavy snow to much of eastern North Dakota and northwest Minnesota on February 17th and 18th. Snowfall totals ranged from a few inches to nearly 17 inches.,"Received a report of 11 inches of snow from a CoCoRahs station 5 miles north of East Grand Forks, MN. Station MN-PK-22.",CSV
202602,19,700,202602,19,700,211156,1321142,MINNESOTA,27,2026,February,Heavy Snow,Z,27,WEST BECKER,FGF,19-FEB-26 07:00:00,CST-6,19-FEB-26 07:00:00,0,0,0,0,,,CoCoRaHS,,,,,,,,,,,,,,,,,,,,,,A strong upper low brought heavy snow to much of eastern North Dakota and northwest Minnesota on February 17th and 18th. Snowfall totals ranged from a few inches to nearly 17 inches.,"Received a report of 6.5 inches of snow from a CoCoRahs station 5 miles NNW of Cormorant, MN. Station MN-BK-6.",CSV
202601,4,1300,202601,4,1500,209881,1308900,MINNESOTA,27,2026,January,Winter Weather,Z,78,GOODHUE,MPX,04-JAN-26 13:00:00,CST-6,04-JAN-26 15:00:00,0,0,0,0,0.00K,0.00K,CoCoRaHS,,,,,,,,,,,,,,,,,,,,,,"A weather system resulted in a light wintry mix of precipitation during the early afternoon on January 4th. Surface temperatures were about 5 to 10 degrees below freezing, under a slightly warmer air mass just above the surface. This resulted in a few hours of light freezing rain or drizzle, and ultimately light ice accretion, creating slick surfaces for a number of counties in east-central Minnesota. Farther north, the airmass just above the surface was slightly cooler, resulting in more snow mixing in with any freezing precipitation. This limited impacts for areas north and west of St Cloud, Princeton, and Rush City.","The AWOS at KSYN reported an hour of a mixture of light freezing precipitation during the afternoon. CoCoRaHS observers reported a light mixture of sleet, freezing rain, and rain in Cannon Falls and Nerstrand.",CSV
202601,4,1230,202601,4,1430,209881,1308903,MINNESOTA,27,2026,January,Winter Weather,Z,61,ANOKA,MPX,04-JAN-26 12:30:00,CST-6,04-JAN-26 14:30:00,0,0,0,0,0.00K,0.00K,CoCoRaHS,,,,,,,,,,,,,,,,,,,,,,"A weather system resulted in a light wintry mix of precipitation during the early afternoon on January 4th. Surface temperatures were about 5 to 10 degrees below freezing, under a slightly warmer air mass just above the surface. This resulted in a few hours of light freezing rain or drizzle, and ultimately light ice accretion, creating slick surfaces for a number of counties in east-central Minnesota. Farther north, the airmass just above the surface was slightly cooler, resulting in more snow mixing in with any freezing precipitation. This limited impacts for areas north and west of St Cloud, Princeton, and Rush City.","Several CoCoRaHS observers reported a mixture of sleet and light freezing precipitation that resulted in a glaze of ice throughout the county, including in Anoka, St Francis, Coon Rapids, and Lino Lakes.",CSV
202601,4,1200,202601,4,1330,209881,1308906,MINNESOTA,27,2026,January,Winter Weather,Z,51,SHERBURNE,MPX,04-JAN-26 12:00:00,CST-6,04-JAN-26 13:30:00,0,0,0,0,0.00K,0.00K,CoCoRaHS,,,,,,,,,,,,,,,,,,,,,,"A weather system resulted in a light wintry mix of precipitation during the early afternoon on January 4th. Surface temperatures were about 5 to 10 degrees below freezing, under a slightly warmer air mass just above the surface. This resulted in a few hours of light freezing rain or drizzle, and ultimately light ice accretion, creating slick surfaces for a number of counties in east-central Minnesota. Farther north, the airmass just above the surface was slightly cooler, resulting in more snow mixing in with any freezing precipitation. This limited impacts for areas north and west of St Cloud, Princeton, and Rush City.",A CoCoRaHS observer reported light freezing precipitation that resulted in a glaze of ice near Clear Lake.,CSV
202601,22,2100,202601,23,1200,210484,1313544,MINNESOTA,27,2026,January,Extreme Cold/Wind Chill,Z,86,DODGE,ARX,22-JAN-26 21:00:00,CST-6,23-JAN-26 12:00:00,0,0,0,0,0.00K,0.00K,Department of Highways,,,,,,,,,,,,,,,,,,,,,,"During the late evening hours on January 22nd and morning on January 23rd, an arctic airmass moved into the Upper Midwest resulting in dangerously cold temperatures across the region. Many locations saw low temperatures colder than 20 degrees below zero with widespread wind chills ranging between 30 to 55 degrees below zero across southeast Minnesota.","A period of extreme cold moved into the region late on January 22nd and continued into the morning hours on January 23rd. In Dodge County, dangerously cold wind chills of around 40 to 55 degrees below zero were observed during this period with a coldest observed wind chill in the county of 52 degrees below zero in Byron.",CSV
202601,22,2100,202601,23,1200,210484,1313570,MINNESOTA,27,2026,January,Extreme Cold/Wind Chill,Z,95,FILLMORE,ARX,22-JAN-26 21:00:00,CST-6,23-JAN-26 12:00:00,0,0,0,0,0.00K,0.00K,AWOS,,,,,,,,,,,,,,,,,,,,,,"During the late evening hours on January 22nd and morning on January 23rd, an arctic airmass moved into the Upper Midwest resulting in dangerously cold temperatures across the region. Many locations saw low temperatures colder than 20 degrees below zero with widespread wind chills ranging between 30 to 55 degrees below zero across southeast Minnesota.","A period of extreme cold moved into the region late on January 22nd and continued into the morning hours on January 23rd. In Fillmore County, dangerously cold wind chills of around 40 to 50 degrees below zero were observed during this period with a coldest observed wind chill in the county of 50 degrees below zero at Preston Airport.",CSV
202601,23,0,202601,23,1200,210484,1313573,MINNESOTA,27,2026,January,Extreme Cold/Wind Chill,Z,96,HOUSTON,ARX,23-JAN-26 00:00:00,CST-6,23-JAN-26 12:00:00,0,0,0,0,0.00K,0.00K,AWOS,,,,,,,,,,,,,,,,,,,,,,"During the late evening hours on January 22nd and morning on January 23rd, an arctic airmass moved into the Upper Midwest resulting in dangerously cold temperatures across the region. Many locations saw low temperatures colder than 20 degrees below zero with widespread wind chills ranging between 30 to 55 degrees below zero across southeast Minnesota.","A period of extreme cold moved into the region late on January 22nd and continued into the morning hours on January 23rd. In Houston County, dangerously cold wind chills of around 30 to 40 degrees below zero were observed during this period with a coldest observed wind chill in the county of 41 degrees below zero in Spring Grove.",CSV
202601,22,2100,202601,23,1200,210484,1313576,MINNESOTA,27,2026,January,Extreme Cold/Wind Chill,Z,94,MOWER,ARX,22-JAN-26 21:00:00,CST-6,23-JAN-26 12:00:00,0,0,0,0,0.00K,0.00K,Department of Highways,,,,,,,,,,,,,,,,,,,,,,"During the late evening hours on January 22nd and morning on January 23rd, an arctic airmass moved into the Upper Midwest resulting in dangerously cold temperatures across the region. Many locations saw low temperatures colder than 20 degrees below zero with widespread wind chills ranging between 30 to 55 degrees below zero across southeast Minnesota.","A period of extreme cold moved into the region late on January 22nd and continued into the morning hours on January 23rd. In Mower County, dangerously cold wind chills of around 40 to 55 degrees below zero were observed during this period with a coldest observed wind chill in the county of 53 degrees below zero in Dexter.",CSV
202601,16,530,202601,17,700,210535,1314092,MINNESOTA,27,2026,January,Winter Weather,Z,71,LINCOLN,FSD,16-JAN-26 05:30:00,CST-6,17-JAN-26 07:00:00,0,0,0,0,,,Department of Highways,,,,,,,,,,,,,,,,,,,,,,"Northwest winds surged behind a strong arctic cold front which moved across the region early on January 16. Winds persisted into the midday on January 17, with occasional gusts as high as 35 to 50 mph. Areas of light snowfall generally on the order of a dusting to an inch fell before and concurrent with the strong winds, and locations mainly near Highway 71 experienced considerable time with visibility near or below one quarter mile with travel not recommended in areas surrounding Windom.","Occasional light snowfall totaled up to around one inch during a period of enhanced northwest wind gusts as high as 40 to 50 mph and led to a brief degradation in visibility to around one-quarter mile. With little or no pre-existing snow cover, impacts due to the lowest visibility periods were quite spotty and very brief.",CSV
202601,16,530,202601,16,1800,210535,1314115,MINNESOTA,27,2026,January,Strong Wind,Z,98,ROCK,FSD,16-JAN-26 05:30:00,CST-6,16-JAN-26 18:00:00,0,0,0,0,,,Department of Highways,47.00,MG,,,,,,,,,,,,,,,,,,,,"Northwest winds surged behind a strong arctic cold front which moved across the region early on January 16. Winds persisted into the midday on January 17, with occasional gusts as high as 35 to 50 mph. Areas of light snowfall generally on the order of a dusting to an inch fell before and concurrent with the strong winds, and locations mainly near Highway 71 experienced considerable time with visibility near or below one quarter mile with travel not recommended in areas surrounding Windom.",Sustained winds reached 30 to 34 mph at times with a peak gust of 54 mph at a Minnesota Road Weather Information System site 1 mile west of Beaver Creek and 53 mph at a personal weather station in Luverne.,CSV
202601,16,900,202601,17,1000,210535,1314093,MINNESOTA,27,2026,January,Winter Weather,Z,72,LYON,FSD,16-JAN-26 09:00:00,CST-6,17-JAN-26 10:00:00,0,0,0,0,,,Department of Highways,,,,,,,,,,,,,,,,,,,,,,"Northwest winds surged behind a strong arctic cold front which moved across the region early on January 16. Winds persisted into the midday on January 17, with occasional gusts as high as 35 to 50 mph. Areas of light snowfall generally on the order of a dusting to an inch fell before and concurrent with the strong winds, and locations mainly near Highway 71 experienced considerable time with visibility near or below one quarter mile with travel not recommended in areas surrounding Windom.","Occasional light snowfall totaled up to around one inch during a period of enhanced northwest wind gusts as high as 40 to 50 mph and led to a brief degradation in visibility to around one-quarter mile. With little or no pre-existing snow cover, impacts due to the lowest visibility periods were quite spotty and very brief.",CSV
202601,16,1555,202601,16,1814,210624,1316463,MINNESOTA,27,2026,January,Blizzard,Z,1,WEST POLK,FGF,16-JAN-26 15:55:00,CST-6,16-JAN-26 18:14:00,0,0,0,0,,,Mesonet,,,,,,,,,,,,,,,,,,,,,,A clipper-type system brought a period of strong winds and light to locally moderate snow accumulations that resulted in localized blizzard conditions within the Red River Valley of  northwest and west central Minnesota. Snow totals ranged from around inch to 3 inches. The highest wind gusts ranged from 45mph to 56 mph in northwest MN.,"KCKN airport, 5 miles north of Crookston, MN, reports blizzard conditions ongoing since 1555 CST.",CSV
202602,19,700,202602,19,700,211156,1321143,MINNESOTA,27,2026,February,Heavy Snow,Z,17,SOUTH BELTRAMI,FGF,19-FEB-26 07:00:00,CST-6,19-FEB-26 07:00:00,0,0,0,0,,,CoCoRaHS,,,,,,,,,,,,,,,,,,,,,,A strong upper low brought heavy snow to much of eastern North Dakota and northwest Minnesota on February 17th and 18th. Snowfall totals ranged from a few inches to nearly 17 inches.,"Received a report of 6.4 inches of snow from a CoCoRahs station 5 miles SSE of Turtle River, MN. Station MN-BM-15.",CSV
202602,19,700,202602,19,700,211156,1321144,MINNESOTA,27,2026,February,Heavy Snow,Z,24,HUBBARD,FGF,19-FEB-26 07:00:00,CST-6,19-FEB-26 07:00:00,0,0,0,0,,,CoCoRaHS,,,,,,,,,,,,,,,,,,,,,,A strong upper low brought heavy snow to much of eastern North Dakota and northwest Minnesota on February 17th and 18th. Snowfall totals ranged from a few inches to nearly 17 inches.,Received a report of 5.9 inches of snow from a CoCoRahs station 1 mile NNE of Park Rapids. Station MN-HB-40.,CSV
202602,19,700,202602,19,700,211156,1321145,MINNESOTA,27,2026,February,Heavy Snow,Z,29,WILKIN,FGF,19-FEB-26 07:00:00,CST-6,19-FEB-26 07:00:00,0,0,0,0,,,CoCoRaHS,,,,,,,,,,,,,,,,,,,,,,A strong upper low brought heavy snow to much of eastern North Dakota and northwest Minnesota on February 17th and 18th. Snowfall totals ranged from a few inches to nearly 17 inches.,"Received a report of 5.5 inches of snow from a CoCoRahs station 1 mile ENE of Wolverton, MN. Station MN-WK-05.",CSV
202602,19,1600,202602,19,1600,211156,1321148,MINNESOTA,27,2026,February,Heavy Snow,Z,7,WEST MARSHALL,FGF,19-FEB-26 16:00:00,CST-6,19-FEB-26 16:00:00,0,0,0,0,,,Emergency Manager,,,,,,,,,,,,,,,,,,,,,,A strong upper low brought heavy snow to much of eastern North Dakota and northwest Minnesota on February 17th and 18th. Snowfall totals ranged from a few inches to nearly 17 inches.,"Emergency manager in Warren, MN reports 10 inches of storm total snow.",CSV
202602,19,1700,202602,19,1700,211156,1321153,MINNESOTA,27,2026,February,Heavy Snow,Z,14,RED LAKE,FGF,19-FEB-26 17:00:00,CST-6,19-FEB-26 17:00:00,0,0,0,0,,,Emergency Manager,,,,,,,,,,,,,,,,,,,,,,A strong upper low brought heavy snow to much of eastern North Dakota and northwest Minnesota on February 17th and 18th. Snowfall totals ranged from a few inches to nearly 17 inches.,"Emergency manager in Red Lake Falls, MN reports 6 inches of storm total snow.",CSV
202602,27,1436,202602,27,1436,211158,1321160,MINNESOTA,27,2026,February,High Wind,Z,6,LAKE OF THE WOODS,FGF,27-FEB-26 14:36:00,CST-6,27-FEB-26 14:36:00,0,0,0,0,,,ASOS,53.00,MG,,,,,,,,,,,,,,,,,,,,Wind gusts up to 66 mph were observed on February 27th as steep pressure rises and strong mixing led to several hours of strong winds.,ASOS station at KBDE Baudette Airport reports a 61 mph wind gust.,CSV
202602,27,1440,202602,27,1440,211158,1321161,MINNESOTA,27,2026,February,High Wind,Z,7,WEST MARSHALL,FGF,27-FEB-26 14:40:00,CST-6,27-FEB-26 14:40:00,0,0,0,0,,,Mesonet,57.00,MG,,,,,,,,,,,,,,,,,,,,Wind gusts up to 66 mph were observed on February 27th as steep pressure rises and strong mixing led to several hours of strong winds.,"Mesonet station DV107423, 5 miles WSW of Argyle, MN, reports a 66 mph measured wind gust.",CSV
202601,4,1300,202601,4,1430,209881,1308908,MINNESOTA,27,2026,January,Winter Weather,Z,53,CHISAGO,MPX,04-JAN-26 13:00:00,CST-6,04-JAN-26 14:30:00,0,0,0,0,0.00K,0.00K,CoCoRaHS,,,,,,,,,,,,,,,,,,,,,,"A weather system resulted in a light wintry mix of precipitation during the early afternoon on January 4th. Surface temperatures were about 5 to 10 degrees below freezing, under a slightly warmer air mass just above the surface. This resulted in a few hours of light freezing rain or drizzle, and ultimately light ice accretion, creating slick surfaces for a number of counties in east-central Minnesota. Farther north, the airmass just above the surface was slightly cooler, resulting in more snow mixing in with any freezing precipitation. This limited impacts for areas north and west of St Cloud, Princeton, and Rush City.","Several CoCoRaHS observers reported a mixture of sleet, snow, and light freezing rain that resulted in a glaze of ice throughout the county, including in North Branch, Chisago City, Rush City, Lindstrom, and Stacy.",CSV
202601,22,2100,202601,23,1200,210484,1313577,MINNESOTA,27,2026,January,Extreme Cold/Wind Chill,Z,87,OLMSTED,ARX,22-JAN-26 21:00:00,CST-6,23-JAN-26 12:00:00,0,0,0,0,0.00K,0.00K,ASOS,,,,,,,,,,,,,,,,,,,,,,"During the late evening hours on January 22nd and morning on January 23rd, an arctic airmass moved into the Upper Midwest resulting in dangerously cold temperatures across the region. Many locations saw low temperatures colder than 20 degrees below zero with widespread wind chills ranging between 30 to 55 degrees below zero across southeast Minnesota.","A period of extreme cold moved into the region late on January 22nd and continued into the morning hours on January 23rd. In Olmsted County, dangerously cold wind chills of around 40 to 50 degrees below zero were observed during this period with a coldest observed wind chill in the county of 50 degrees below zero at Rochester International Airport.",CSV
202601,22,2100,202601,23,1200,210484,1313578,MINNESOTA,27,2026,January,Extreme Cold/Wind Chill,Z,79,WABASHA,ARX,22-JAN-26 21:00:00,CST-6,23-JAN-26 12:00:00,0,0,0,0,0.00K,0.00K,Department of Highways,,,,,,,,,,,,,,,,,,,,,,"During the late evening hours on January 22nd and morning on January 23rd, an arctic airmass moved into the Upper Midwest resulting in dangerously cold temperatures across the region. Many locations saw low temperatures colder than 20 degrees below zero with widespread wind chills ranging between 30 to 55 degrees below zero across southeast Minnesota.","A period of extreme cold moved into the region late on January 22nd and continued into the morning hours on January 23rd. In Wabasha County, dangerously cold wind chills of around 40 to 50 degrees below zero were observed during this period with a coldest observed wind chill in the county of 50 degrees below zero at Lake City.",CSV
202601,22,2100,202601,23,1200,210484,1313579,MINNESOTA,27,2026,January,Extreme Cold/Wind Chill,Z,88,WINONA,ARX,22-JAN-26 21:00:00,CST-6,23-JAN-26 12:00:00,0,0,0,0,0.00K,0.00K,Department of Highways,,,,,,,,,,,,,,,,,,,,,,"During the late evening hours on January 22nd and morning on January 23rd, an arctic airmass moved into the Upper Midwest resulting in dangerously cold temperatures across the region. Many locations saw low temperatures colder than 20 degrees below zero with widespread wind chills ranging between 30 to 55 degrees below zero across southeast Minnesota.","A period of extreme cold moved into the region late on January 22nd and continued into the morning hours on January 23rd. In Winona County, dangerously cold wind chills of around 40 to 55 degrees below zero were observed during this period with a coldest observed wind chill in the county of 53 degrees below zero at Ridgeway.",CSV
202601,16,1100,202601,17,800,210535,1314101,MINNESOTA,27,2026,January,Winter Weather,Z,80,MURRAY,FSD,16-JAN-26 11:00:00,CST-6,17-JAN-26 08:00:00,0,0,0,0,,,Department of Highways,,,,,,,,,,,,,,,,,,,,,,"Northwest winds surged behind a strong arctic cold front which moved across the region early on January 16. Winds persisted into the midday on January 17, with occasional gusts as high as 35 to 50 mph. Areas of light snowfall generally on the order of a dusting to an inch fell before and concurrent with the strong winds, and locations mainly near Highway 71 experienced considerable time with visibility near or below one quarter mile with travel not recommended in areas surrounding Windom.","Occasional light snowfall totaled generally less than one inch during a period of enhanced northwest wind gusts as high as 35 to 45 mph. This led to a brief degradation in visibility to around one-quarter mile. With little or no pre-existing snow cover, impacts due to the lowest visibility periods were quite spotty and very brief.",CSV
202601,16,1100,202601,17,1300,210535,1314078,MINNESOTA,27,2026,January,Blizzard,Z,81,COTTONWOOD,FSD,16-JAN-26 11:00:00,CST-6,17-JAN-26 13:00:00,0,0,0,0,,,Department of Highways,,,,,,,,,,,,,,,,,,,,,,"Northwest winds surged behind a strong arctic cold front which moved across the region early on January 16. Winds persisted into the midday on January 17, with occasional gusts as high as 35 to 50 mph. Areas of light snowfall generally on the order of a dusting to an inch fell before and concurrent with the strong winds, and locations mainly near Highway 71 experienced considerable time with visibility near or below one quarter mile with travel not recommended in areas surrounding Windom.","Persistent northwest winds gusted as high as 35 to 44 mph with periods of very light snowfall, which contributed to a prolonged reduction in visibility to one-quarter mile or less. Travel was not recommended by the evening of January 16.",CSV
202601,16,1100,202601,17,1300,210535,1314085,MINNESOTA,27,2026,January,Blizzard,Z,90,JACKSON,FSD,16-JAN-26 11:00:00,CST-6,17-JAN-26 13:00:00,0,0,0,0,,,Department of Highways,,,,,,,,,,,,,,,,,,,,,,"Northwest winds surged behind a strong arctic cold front which moved across the region early on January 16. Winds persisted into the midday on January 17, with occasional gusts as high as 35 to 50 mph. Areas of light snowfall generally on the order of a dusting to an inch fell before and concurrent with the strong winds, and locations mainly near Highway 71 experienced considerable time with visibility near or below one quarter mile with travel not recommended in areas surrounding Windom.","Persistent northwest winds gusted as high as 35 to 44 mph with periods of very light snowfall, which contributed to a prolonged reduction in visibility to one-quarter mile or less. Travel was not recommended by the evening of January 16 between Jackson and Windom.",CSV
202601,18,930,202601,18,2130,210646,1315239,MINNESOTA,27,2026,January,Winter Weather,Z,71,LINCOLN,FSD,18-JAN-26 09:30:00,CST-6,18-JAN-26 21:30:00,0,0,0,0,,,Department of Highways,,,,,,,,,,,,,,,,,,,,,,"A secondary arctic frontal zone crashed southeast across the region with yet another increase in winds, spotty light snowfall, and areas of blowing snow.","Despite snowfall of only a few tenths of an inch, northwest winds gusted as high as 40 to 50 mph and produced periodic near-blizzard conditions, with visibility briefly as low as one-quarter to one-half mile near Lake Benton and Hendricks at times of light snowfall.",CSV
202601,21,1130,202601,21,1730,210208,1310957,MINNESOTA,27,2026,January,Winter Weather,Z,82,WATONWAN,MPX,21-JAN-26 11:30:00,CST-6,21-JAN-26 17:30:00,0,0,0,0,0.00K,0.00K,AWOS,,,,,,,,,,,,,,,,,,,,,,"A strong arctic cold front shifted winds out of the northwest, increasing gusts to around 30 to 45 mph across the region. At the same time, 1/2 to 2 inches of light fluffy snow fell across the entire region. The strongest wind gusts and greatest snow amounts were measured across southwest and southern MN during the afternoon and evening, resulting in occasional periods of near-blizzard conditions with visibilities as low as 1/2 to 1/4 mile.||The strongest measured wind gusts on January 21 were:|42 mph at KMOX in Morris, MN.|41 mph at KCNB in Canby, MN.|40 mph at KSTP in St Paul, MN.|39 mph at KMIC in Crystal, MN.|39 mph at KRWF in Redwood Falls, MN.|38 mph at KFRM in Fairmont, MN.|38 mph at KULM in New Ulm, MN.",The combination of very strong winds and light snow showers resulted in reduced visibility from blowing snow. Occasional near blizzard conditions were reported at the height of the storm. The AWOS at KJYG noted visibility as low as 1/4 mile and wind gusts between 30 to 40 mph.,CSV
202601,18,1000,202601,18,1700,210646,1315240,MINNESOTA,27,2026,January,Winter Weather,Z,97,PIPESTONE,FSD,18-JAN-26 10:00:00,CST-6,18-JAN-26 17:00:00,0,0,0,0,,,Department of Highways,,,,,,,,,,,,,,,,,,,,,,"A secondary arctic frontal zone crashed southeast across the region with yet another increase in winds, spotty light snowfall, and areas of blowing snow.","Despite snowfall of only a few tenths of an inch, northwest winds gusted as high as 45 to 55 mph and produced periodic near-blizzard conditions, with visibility briefly as low as one-quarter to one-half mile near Trosky at times of light snowfall.",CSV
202601,18,1000,202601,19,200,210646,1315241,MINNESOTA,27,2026,January,Winter Weather,Z,80,MURRAY,FSD,18-JAN-26 10:00:00,CST-6,19-JAN-26 02:00:00,0,0,0,0,,,AWOS,,,,,,,,,,,,,,,,,,,,,,"A secondary arctic frontal zone crashed southeast across the region with yet another increase in winds, spotty light snowfall, and areas of blowing snow.","Despite snowfall of only a few tenths of an inch, northwest winds gusted as high as 45 to 50 mph and produced periodic visibilities as low as one-half mile near Dovray and at Slayton.",CSV
202601,18,1300,202601,18,2100,210646,1315212,MINNESOTA,27,2026,January,Blizzard,Z,81,COTTONWOOD,FSD,18-JAN-26 13:00:00,CST-6,18-JAN-26 21:00:00,0,0,0,0,,,AWOS,,,,,,,,,,,,,,,,,,,,,,"A secondary arctic frontal zone crashed southeast across the region with yet another increase in winds, spotty light snowfall, and areas of blowing snow.","Even though snowfall was just a couple tenths of an inch, northwest winds gusted as high as 45 to 55 mph during the afternoon and evening of January 18. When snow was falling, even lightly, area Department of Transportation cameras and automated instruments indicated visibility as low as one-quarter mile or less at Windom and near Mountain Lake. Travel was not advised along State Highway 60 for portions of the afternoon and evening.",CSV
202601,18,1400,202601,18,1930,210646,1315229,MINNESOTA,27,2026,January,Blizzard,Z,90,JACKSON,FSD,18-JAN-26 14:00:00,CST-6,18-JAN-26 19:30:00,0,0,0,0,,,Department of Highways,,,,,,,,,,,,,,,,,,,,,,"A secondary arctic frontal zone crashed southeast across the region with yet another increase in winds, spotty light snowfall, and areas of blowing snow.","Even though snowfall was just a couple tenths of an inch, northwest winds gusted as high as 45 to 55 mph during the afternoon and evening of January 18.  When snow was falling, even lightly, area Department of Transportation cameras and automated instruments indicated visibility as low as one-quarter mile or less. Travel was not advised along State Highway 60 for portions of the afternoon and evening.",CSV
202601,18,1500,202601,18,1800,210646,1315238,MINNESOTA,27,2026,January,Blizzard,Z,72,LYON,FSD,18-JAN-26 15:00:00,CST-6,18-JAN-26 18:00:00,0,0,0,0,,,AWOS,,,,,,,,,,,,,,,,,,,,,,"A secondary arctic frontal zone crashed southeast across the region with yet another increase in winds, spotty light snowfall, and areas of blowing snow.","Even though snowfall was just a few tenths of an inch, northwest winds gusted as high as 45 to 55 mph during the afternoon and evening of January 18.  When snow was falling, even lightly, area Department of Transportation cameras and automated instruments indicated visibility as low as one-quarter mile or less at Tracy and Marshall.",CSV
202601,5,1900,202601,5,2300,209886,1309068,MINNESOTA,27,2026,January,Winter Weather,Z,83,BLUE EARTH,MPX,05-JAN-26 19:00:00,CST-6,05-JAN-26 23:00:00,0,0,0,0,0.00K,0.00K,CoCoRaHS,,,,,,,,,,,,,,,,,,,,,,"A second wave of wintry precipitation occurred 24 hours after a light mix of snow and freezing rain fell the day prior. This round was heavier and temperatures were right around freezing, leading to a mixture of freezing rain and rain. For most locations, the main period of freezing occurred overnight from the 5th into the 6th as rainfall rates were lighter. Rates then increased during the morning of the 6th which made it difficult for ice accretion to continue as temperatures hovered right around the freezing point. By the morning commute, most areas saw more of a crunchy slush on the ground as the heavier rain started to melt the coating of ice that developed overnight. The heaviest impacted area was western Hennepin, Wright, Anoka, and Chisago counties where temperatures were slightly cooler and the rain rates were not as heavy.","The AWOS at KMKT reported several hours of freezing precipitation during the evening of January 5th. Several CoCoRaHS observers reported freezing rain and ice covered sidewalks and driveways near Mankato, Lake Crystal, and Minnesota Lake.",CSV
202601,5,1900,202601,5,2300,209886,1309070,MINNESOTA,27,2026,January,Winter Weather,Z,76,LE SUEUR,MPX,05-JAN-26 19:00:00,CST-6,05-JAN-26 23:00:00,0,0,0,0,0.00K,0.00K,CoCoRaHS,,,,,,,,,,,,,,,,,,,,,,"A second wave of wintry precipitation occurred 24 hours after a light mix of snow and freezing rain fell the day prior. This round was heavier and temperatures were right around freezing, leading to a mixture of freezing rain and rain. For most locations, the main period of freezing occurred overnight from the 5th into the 6th as rainfall rates were lighter. Rates then increased during the morning of the 6th which made it difficult for ice accretion to continue as temperatures hovered right around the freezing point. By the morning commute, most areas saw more of a crunchy slush on the ground as the heavier rain started to melt the coating of ice that developed overnight. The heaviest impacted area was western Hennepin, Wright, Anoka, and Chisago counties where temperatures were slightly cooler and the rain rates were not as heavy.",The AWOS at nearby KMKT reported several hours of freezing precipitation during the evening of January 5th. A CoCoRaHS observer also reported light freezing rain near Le Sueur.,CSV
202601,21,1130,202601,21,1730,210208,1310958,MINNESOTA,27,2026,January,Winter Weather,Z,91,MARTIN,MPX,21-JAN-26 11:30:00,CST-6,21-JAN-26 17:30:00,0,0,0,0,0.00K,0.00K,AWOS,,,,,,,,,,,,,,,,,,,,,,"A strong arctic cold front shifted winds out of the northwest, increasing gusts to around 30 to 45 mph across the region. At the same time, 1/2 to 2 inches of light fluffy snow fell across the entire region. The strongest wind gusts and greatest snow amounts were measured across southwest and southern MN during the afternoon and evening, resulting in occasional periods of near-blizzard conditions with visibilities as low as 1/2 to 1/4 mile.||The strongest measured wind gusts on January 21 were:|42 mph at KMOX in Morris, MN.|41 mph at KCNB in Canby, MN.|40 mph at KSTP in St Paul, MN.|39 mph at KMIC in Crystal, MN.|39 mph at KRWF in Redwood Falls, MN.|38 mph at KFRM in Fairmont, MN.|38 mph at KULM in New Ulm, MN.",The combination of very strong winds and light snow showers resulted in reduced visibility from blowing snow. Occasional near blizzard conditions were reported at the height of the storm. The AWOS at KFRM noted visibility as low as 1/2 mile and wind gusts between 35 to 45 mph.,CSV
202601,21,1030,202601,21,1730,210208,1310960,MINNESOTA,27,2026,January,Winter Weather,Z,74,BROWN,MPX,21-JAN-26 10:30:00,CST-6,21-JAN-26 17:30:00,0,0,0,0,0.00K,0.00K,AWOS,,,,,,,,,,,,,,,,,,,,,,"A strong arctic cold front shifted winds out of the northwest, increasing gusts to around 30 to 45 mph across the region. At the same time, 1/2 to 2 inches of light fluffy snow fell across the entire region. The strongest wind gusts and greatest snow amounts were measured across southwest and southern MN during the afternoon and evening, resulting in occasional periods of near-blizzard conditions with visibilities as low as 1/2 to 1/4 mile.||The strongest measured wind gusts on January 21 were:|42 mph at KMOX in Morris, MN.|41 mph at KCNB in Canby, MN.|40 mph at KSTP in St Paul, MN.|39 mph at KMIC in Crystal, MN.|39 mph at KRWF in Redwood Falls, MN.|38 mph at KFRM in Fairmont, MN.|38 mph at KULM in New Ulm, MN.",The combination of very strong winds and light snow showers resulted in reduced visibility from blowing snow. Occasional near blizzard conditions were reported at the height of the storm. The AWOS at KULM noted visibility as low as 1/4 mile and wind gusts between 30 to 40 mph.,CSV
202601,21,800,202601,21,1700,210208,1310963,MINNESOTA,27,2026,January,Winter Weather,Z,73,REDWOOD,MPX,21-JAN-26 08:00:00,CST-6,21-JAN-26 17:00:00,0,0,0,0,0.00K,0.00K,ASOS,,,,,,,,,,,,,,,,,,,,,,"A strong arctic cold front shifted winds out of the northwest, increasing gusts to around 30 to 45 mph across the region. At the same time, 1/2 to 2 inches of light fluffy snow fell across the entire region. The strongest wind gusts and greatest snow amounts were measured across southwest and southern MN during the afternoon and evening, resulting in occasional periods of near-blizzard conditions with visibilities as low as 1/2 to 1/4 mile.||The strongest measured wind gusts on January 21 were:|42 mph at KMOX in Morris, MN.|41 mph at KCNB in Canby, MN.|40 mph at KSTP in St Paul, MN.|39 mph at KMIC in Crystal, MN.|39 mph at KRWF in Redwood Falls, MN.|38 mph at KFRM in Fairmont, MN.|38 mph at KULM in New Ulm, MN.",The combination of very strong winds and light snow showers resulted in reduced visibility from blowing snow. Occasional near blizzard conditions were reported at the height of the storm. The ASOS at KRWF noted visibility as low as 1/4 mile and wind gusts between 35 to 45 mph.,CSV
202601,5,2100,202601,6,300,209886,1309081,MINNESOTA,27,2026,January,Winter Weather,Z,68,CARVER,MPX,05-JAN-26 21:00:00,CST-6,06-JAN-26 03:00:00,0,0,0,0,0.00K,0.00K,ASOS,,,,,,,,,,,,,,,,,,,,,,"A second wave of wintry precipitation occurred 24 hours after a light mix of snow and freezing rain fell the day prior. This round was heavier and temperatures were right around freezing, leading to a mixture of freezing rain and rain. For most locations, the main period of freezing occurred overnight from the 5th into the 6th as rainfall rates were lighter. Rates then increased during the morning of the 6th which made it difficult for ice accretion to continue as temperatures hovered right around the freezing point. By the morning commute, most areas saw more of a crunchy slush on the ground as the heavier rain started to melt the coating of ice that developed overnight. The heaviest impacted area was western Hennepin, Wright, Anoka, and Chisago counties where temperatures were slightly cooler and the rain rates were not as heavy.",The ASOS at nearby KFCM reported a few hours of freezing precipitation starting during the evening of January 5th and lasting into the early morning of the 6th. CoCoRaHS observers reported some light icing from freezing rain. The NWS office in Chanhassen observed several hours of freezing rain and ice accumulation during the early morning on the 6th. Warming temperatures and heavier rainfall rates later in the morning allowed the ice to partially melt by the morning commute.,CSV
202601,5,2100,202601,6,400,209886,1309103,MINNESOTA,27,2026,January,Winter Weather,Z,51,SHERBURNE,MPX,05-JAN-26 21:00:00,CST-6,06-JAN-26 04:00:00,0,0,0,0,0.00K,0.00K,CoCoRaHS,,,,,,,,,,,,,,,,,,,,,,"A second wave of wintry precipitation occurred 24 hours after a light mix of snow and freezing rain fell the day prior. This round was heavier and temperatures were right around freezing, leading to a mixture of freezing rain and rain. For most locations, the main period of freezing occurred overnight from the 5th into the 6th as rainfall rates were lighter. Rates then increased during the morning of the 6th which made it difficult for ice accretion to continue as temperatures hovered right around the freezing point. By the morning commute, most areas saw more of a crunchy slush on the ground as the heavier rain started to melt the coating of ice that developed overnight. The heaviest impacted area was western Hennepin, Wright, Anoka, and Chisago counties where temperatures were slightly cooler and the rain rates were not as heavy.",Several CoCoRaHS observers reported a mix of freezing rain and sleet that resulted in light ice accumulation overnight. The ASOS at KSTC reported a few hours of freezing precipitation overnight.,CSV
202601,21,1230,202601,21,2130,210208,1310967,MINNESOTA,27,2026,January,Winter Weather,Z,83,BLUE EARTH,MPX,21-JAN-26 12:30:00,CST-6,21-JAN-26 21:30:00,0,0,0,0,0.00K,0.00K,AWOS,,,,,,,,,,,,,,,,,,,,,,"A strong arctic cold front shifted winds out of the northwest, increasing gusts to around 30 to 45 mph across the region. At the same time, 1/2 to 2 inches of light fluffy snow fell across the entire region. The strongest wind gusts and greatest snow amounts were measured across southwest and southern MN during the afternoon and evening, resulting in occasional periods of near-blizzard conditions with visibilities as low as 1/2 to 1/4 mile.||The strongest measured wind gusts on January 21 were:|42 mph at KMOX in Morris, MN.|41 mph at KCNB in Canby, MN.|40 mph at KSTP in St Paul, MN.|39 mph at KMIC in Crystal, MN.|39 mph at KRWF in Redwood Falls, MN.|38 mph at KFRM in Fairmont, MN.|38 mph at KULM in New Ulm, MN.",The combination of very strong winds and light snow showers resulted in reduced visibility from blowing snow. Occasional near blizzard conditions were reported at the height of the storm. The AWOS at KMKT noted visibility as low as 1/2 mile and wind gusts between 30 to 40 mph during the afternoon.,CSV
202601,21,1130,202601,21,1930,210208,1310970,MINNESOTA,27,2026,January,Winter Weather,Z,92,FARIBAULT,MPX,21-JAN-26 11:30:00,CST-6,21-JAN-26 19:30:00,0,0,0,0,0.00K,0.00K,Department of Highways,,,,,,,,,,,,,,,,,,,,,,"A strong arctic cold front shifted winds out of the northwest, increasing gusts to around 30 to 45 mph across the region. At the same time, 1/2 to 2 inches of light fluffy snow fell across the entire region. The strongest wind gusts and greatest snow amounts were measured across southwest and southern MN during the afternoon and evening, resulting in occasional periods of near-blizzard conditions with visibilities as low as 1/2 to 1/4 mile.||The strongest measured wind gusts on January 21 were:|42 mph at KMOX in Morris, MN.|41 mph at KCNB in Canby, MN.|40 mph at KSTP in St Paul, MN.|39 mph at KMIC in Crystal, MN.|39 mph at KRWF in Redwood Falls, MN.|38 mph at KFRM in Fairmont, MN.|38 mph at KULM in New Ulm, MN.",The combination of very strong winds and light snow showers resulted in reduced visibility from blowing snow. Occasional near blizzard conditions were reported at the height of the storm. The AWOS at nearby KFRM and MNDOT sensors in Wells and Blue Earth noted visibility as low as 1/2 mile and wind gusts between 35 to 45 mph.,CSV
202601,16,1100,202601,17,800,210178,1310907,MINNESOTA,27,2026,January,Heavy Snow,Z,12,NORTHERN COOK / NORTHERN LAKE,DLH,16-JAN-26 11:00:00,CST-6,17-JAN-26 08:00:00,0,0,0,0,0.00K,0.00K,CoCoRaHS,,,,,,,,,,,,,,,,,,,,,,A clipper system brought light snowfall to the region the 15th into the 16th with some light snow showers lingering into the 17th. Northeasterly winds led to lake enhancement near Duluth along with some pockets of heavier snow observed across portions of St. Louis County. Accumulations of 5-7 inches were reported in these areas with a high report of 7.1 inches near Duluth.,"Snowfall totals across much of the area were under 6 inches, but there were a few pockets of heavier snow. One of those pockets resulted in 6.6 inches of accumulation near Sea Gull Lake.",CSV
202601,16,800,202601,17,900,210178,1310909,MINNESOTA,27,2026,January,Heavy Snow,Z,19,CENTRAL ST. LOUIS,DLH,16-JAN-26 08:00:00,CST-6,17-JAN-26 09:00:00,0,0,0,0,0.00K,0.00K,CoCoRaHS,,,,,,,,,,,,,,,,,,,,,,A clipper system brought light snowfall to the region the 15th into the 16th with some light snow showers lingering into the 17th. Northeasterly winds led to lake enhancement near Duluth along with some pockets of heavier snow observed across portions of St. Louis County. Accumulations of 5-7 inches were reported in these areas with a high report of 7.1 inches near Duluth.,"Snowfall totals across much of the area were under 6 inches, but there were a few pockets of heavier snow. One of those pockets resulted in 6.7 inches of accumulation just to the north of Cook.",CSV
202601,21,1030,202601,21,1600,210671,1315445,MINNESOTA,27,2026,January,Winter Weather,Z,71,LINCOLN,FSD,21-JAN-26 10:30:00,CST-6,21-JAN-26 16:00:00,0,0,0,0,,,Department of Highways,,,,,,,,,,,,,,,,,,,,,,"Winds behind yet another arctic front reached speeds from 30 to 45 mph with gusts as high as 55 to 65 mph across southwest Minnesota.  When periods of light snowfall occurred that would total between one and two inches, gusty winds produced considerable near-blizzard and blizzard conditions.",Northwest winds gusted to 49 mph near Lake Benton and 46 mph near Hendricks. These winds combined with periods of light snowfall which totaled 1 to 2 inches to produce occasional visibility of one-half mile and briefly down to one-quarter mile or less.,CSV
202601,22,1315,202601,23,1015,210627,1316631,MINNESOTA,27,2026,January,Extreme Cold/Wind Chill,Z,32,WADENA,FGF,22-JAN-26 13:15:00,CST-6,23-JAN-26 10:15:00,0,0,0,0,,,AWOS,,,,,,,,,,,,,,,,,,,,,,Arctic air settled into the Northern Plains and Upper Midwest resulting in a prologued period of extreme cold and wind chills across northwest and west central Minnesota.,"The KADC AWOS at Wadena, MN reported frequent wind chill values -40 or lower from early afternoon on January 22 through the morning of January 23. The lowest wind chill value at this site was -52.",CSV
202601,22,1400,202601,23,1000,210627,1316627,MINNESOTA,27,2026,January,Extreme Cold/Wind Chill,Z,31,EAST OTTER TAIL,FGF,22-JAN-26 14:00:00,CST-6,23-JAN-26 10:00:00,0,0,0,0,,,Mesonet,,,,,,,,,,,,,,,,,,,,,,Arctic air settled into the Northern Plains and Upper Midwest resulting in a prologued period of extreme cold and wind chills across northwest and west central Minnesota.,The NDAWN station Ottertail 1SW reported frequent wind chill values -40 or lower from the early afternoon on January 22 through the morning of January 23.,CSV
202601,22,1235,202601,23,1015,210627,1316625,MINNESOTA,27,2026,January,Extreme Cold/Wind Chill,Z,30,WEST OTTER TAIL,FGF,22-JAN-26 12:35:00,CST-6,23-JAN-26 10:15:00,0,0,0,0,,,AWOS,,,,,,,,,,,,,,,,,,,,,,Arctic air settled into the Northern Plains and Upper Midwest resulting in a prologued period of extreme cold and wind chills across northwest and west central Minnesota.,"The KFFM AWOS at Fergus Falls, MN reported frequent wind chill values -40 or lower from midday on January 22 through the morning of January 23.",CSV
202601,22,1535,202601,22,2055,210627,1316636,MINNESOTA,27,2026,January,Extreme Cold/Wind Chill,Z,40,GRANT,FGF,22-JAN-26 15:35:00,CST-6,22-JAN-26 20:55:00,0,0,0,0,,,AWOS,,,,,,,,,,,,,,,,,,,,,,Arctic air settled into the Northern Plains and Upper Midwest resulting in a prologued period of extreme cold and wind chills across northwest and west central Minnesota.,"The AWOS KY63 at Elbow Lake, MN reported frequent wind chill values -40 or lower during the afternoon and evening on January 22.",CSV
202601,5,2100,202601,6,400,209886,1309111,MINNESOTA,27,2026,January,Winter Weather,Z,49,STEARNS,MPX,05-JAN-26 21:00:00,CST-6,06-JAN-26 04:00:00,0,0,0,0,0.00K,0.00K,CoCoRaHS,,,,,,,,,,,,,,,,,,,,,,"A second wave of wintry precipitation occurred 24 hours after a light mix of snow and freezing rain fell the day prior. This round was heavier and temperatures were right around freezing, leading to a mixture of freezing rain and rain. For most locations, the main period of freezing occurred overnight from the 5th into the 6th as rainfall rates were lighter. Rates then increased during the morning of the 6th which made it difficult for ice accretion to continue as temperatures hovered right around the freezing point. By the morning commute, most areas saw more of a crunchy slush on the ground as the heavier rain started to melt the coating of ice that developed overnight. The heaviest impacted area was western Hennepin, Wright, Anoka, and Chisago counties where temperatures were slightly cooler and the rain rates were not as heavy.","CoCoRaHS observers reported freezing rain and dense fog that resulted in light ice accumulation overnight, mainly in the southeast portion of the county. Untreated surfaces were covered with a thin layer of ice. The ASOS at nearby KSTC also reported a few hours of freezing precipitation overnight.",CSV
202601,5,2200,202601,6,500,209886,1309096,MINNESOTA,27,2026,January,Winter Weather,Z,60,HENNEPIN,MPX,05-JAN-26 22:00:00,CST-6,06-JAN-26 05:00:00,0,0,0,0,0.00K,0.00K,CoCoRaHS,,,,,,,,,,,,,,,,,,,,,,"A second wave of wintry precipitation occurred 24 hours after a light mix of snow and freezing rain fell the day prior. This round was heavier and temperatures were right around freezing, leading to a mixture of freezing rain and rain. For most locations, the main period of freezing occurred overnight from the 5th into the 6th as rainfall rates were lighter. Rates then increased during the morning of the 6th which made it difficult for ice accretion to continue as temperatures hovered right around the freezing point. By the morning commute, most areas saw more of a crunchy slush on the ground as the heavier rain started to melt the coating of ice that developed overnight. The heaviest impacted area was western Hennepin, Wright, Anoka, and Chisago counties where temperatures were slightly cooler and the rain rates were not as heavy.","The ASOS at KFCM and ASOS at KMIC both reported multiple hours of freezing precipitation starting during the evening of January 5th and lasting into the early morning of the 6th. CoCoRaHS observers reported some light icing from freezing rain mixed with drizzle. The greatest amount of icing occurred across the western portion of the county, which was slightly cooler in general. Warming temperatures and heavier rainfall rates later in the morning allowed the ice to partially melt by the morning commute.",CSV
202601,21,1000,202601,21,1600,210208,1310973,MINNESOTA,27,2026,January,Winter Weather,Z,54,LAC QUI PARLE,MPX,21-JAN-26 10:00:00,CST-6,21-JAN-26 16:00:00,0,0,0,0,0.00K,0.00K,AWOS,,,,,,,,,,,,,,,,,,,,,,"A strong arctic cold front shifted winds out of the northwest, increasing gusts to around 30 to 45 mph across the region. At the same time, 1/2 to 2 inches of light fluffy snow fell across the entire region. The strongest wind gusts and greatest snow amounts were measured across southwest and southern MN during the afternoon and evening, resulting in occasional periods of near-blizzard conditions with visibilities as low as 1/2 to 1/4 mile.||The strongest measured wind gusts on January 21 were:|42 mph at KMOX in Morris, MN.|41 mph at KCNB in Canby, MN.|40 mph at KSTP in St Paul, MN.|39 mph at KMIC in Crystal, MN.|39 mph at KRWF in Redwood Falls, MN.|38 mph at KFRM in Fairmont, MN.|38 mph at KULM in New Ulm, MN.",The combination of very strong winds and light snow showers resulted in reduced visibility from blowing snow. Occasional near blizzard conditions were reported at the height of the storm. The AWOS at KDXX noted visibility as low as 1/4 mile and wind gusts between 30 to 40 mph.,CSV
202601,21,1000,202601,21,1600,210208,1310976,MINNESOTA,27,2026,January,Winter Weather,Z,64,YELLOW MEDICINE,MPX,21-JAN-26 10:00:00,CST-6,21-JAN-26 16:00:00,0,0,0,0,0.00K,0.00K,AWOS,,,,,,,,,,,,,,,,,,,,,,"A strong arctic cold front shifted winds out of the northwest, increasing gusts to around 30 to 45 mph across the region. At the same time, 1/2 to 2 inches of light fluffy snow fell across the entire region. The strongest wind gusts and greatest snow amounts were measured across southwest and southern MN during the afternoon and evening, resulting in occasional periods of near-blizzard conditions with visibilities as low as 1/2 to 1/4 mile.||The strongest measured wind gusts on January 21 were:|42 mph at KMOX in Morris, MN.|41 mph at KCNB in Canby, MN.|40 mph at KSTP in St Paul, MN.|39 mph at KMIC in Crystal, MN.|39 mph at KRWF in Redwood Falls, MN.|38 mph at KFRM in Fairmont, MN.|38 mph at KULM in New Ulm, MN.",The combination of very strong winds and light snow showers resulted in reduced visibility from blowing snow. The AWOS at KGBD noted visibility as low as 3/4 mile and wind gusts between 30 to 35 mph.,CSV
202601,21,800,202601,21,1700,210208,1310981,MINNESOTA,27,2026,January,Winter Weather,Z,57,KANDIYOHI,MPX,21-JAN-26 08:00:00,CST-6,21-JAN-26 17:00:00,0,0,0,0,0.00K,0.00K,AWOS,,,,,,,,,,,,,,,,,,,,,,"A strong arctic cold front shifted winds out of the northwest, increasing gusts to around 30 to 45 mph across the region. At the same time, 1/2 to 2 inches of light fluffy snow fell across the entire region. The strongest wind gusts and greatest snow amounts were measured across southwest and southern MN during the afternoon and evening, resulting in occasional periods of near-blizzard conditions with visibilities as low as 1/2 to 1/4 mile.||The strongest measured wind gusts on January 21 were:|42 mph at KMOX in Morris, MN.|41 mph at KCNB in Canby, MN.|40 mph at KSTP in St Paul, MN.|39 mph at KMIC in Crystal, MN.|39 mph at KRWF in Redwood Falls, MN.|38 mph at KFRM in Fairmont, MN.|38 mph at KULM in New Ulm, MN.",The combination of very strong winds and light snow showers resulted in reduced visibility from blowing snow. Occasional near blizzard conditions were reported at the height of the storm. The AWOS at KBDH noted visibility as low as 1/4 mile and wind gusts between 30 to 40 mph.,CSV
202601,15,2300,202601,17,1200,210178,1310910,MINNESOTA,27,2026,January,Heavy Snow,Z,37,SOUTHERN ST. LOUIS / CARLTON,DLH,15-JAN-26 23:00:00,CST-6,17-JAN-26 12:00:00,0,0,0,0,0.00K,0.00K,CoCoRaHS,,,,,,,,,,,,,,,,,,,,,,A clipper system brought light snowfall to the region the 15th into the 16th with some light snow showers lingering into the 17th. Northeasterly winds led to lake enhancement near Duluth along with some pockets of heavier snow observed across portions of St. Louis County. Accumulations of 5-7 inches were reported in these areas with a high report of 7.1 inches near Duluth.,A long duration snowfall led to higher than expected snowfall accumulations in the Duluth area with this system. A few areas received upward of 7 inches of accumulation with a high report of 7.1 inches 12 miles north-northwest of Duluth.,CSV
202601,18,1000,202601,19,300,210393,1312617,MINNESOTA,27,2026,January,Winter Weather,Z,47,STEVENS,MPX,18-JAN-26 10:00:00,CST-6,19-JAN-26 03:00:00,0,0,0,0,0.00K,0.00K,AWOS,,,,,,,,,,,,,,,,,,,,,,"Following a period of strong winds and light snow just the day prior, many locations saw a second cold front move through the region, producing gusty winds and light snow from the morning of the 18th through the morning of the 19th. Since there was little to no snowpack on the ground, any reductions in visibility depended on how heavy the falling snow was and how strong winds were. Conditions were generally worst in open, rural areas where the snowfall was able to blow around easier.||Winds gusted up to 45 mph in parts of western and southern Minnesota, and generally under an inch of snow fell across the region. Visibilities dropped to 1/4 mile in several locations, though it was often brief due to the showery nature of the snowfall. The snowfall was heaviest before the strongest winds developed, limiting overall impacts from this event.||The strongest measured wind gusts from January 18-19 were:|46 mph at KULM in New Ulm, MN.|45 mph at KBDH in Willmar, MN.|44 mph at KAXN in Alexandria, MN.|44 mph at KDXX in Madison, MN.|44 mph at KJYG in St James, MN.|43 mph at KMOX in Morris, MN.","Strong winds gusting to 45 mph and scattered snow showers resulted in periodic reductions in visibility as low as a 1/4 mile at times, though generally remained around 1 to 2 miles.",CSV
202601,18,1000,202601,19,300,210393,1312618,MINNESOTA,27,2026,January,Winter Weather,Z,55,SWIFT,MPX,18-JAN-26 10:00:00,CST-6,19-JAN-26 03:00:00,0,0,0,0,0.00K,0.00K,AWOS,,,,,,,,,,,,,,,,,,,,,,"Following a period of strong winds and light snow just the day prior, many locations saw a second cold front move through the region, producing gusty winds and light snow from the morning of the 18th through the morning of the 19th. Since there was little to no snowpack on the ground, any reductions in visibility depended on how heavy the falling snow was and how strong winds were. Conditions were generally worst in open, rural areas where the snowfall was able to blow around easier.||Winds gusted up to 45 mph in parts of western and southern Minnesota, and generally under an inch of snow fell across the region. Visibilities dropped to 1/4 mile in several locations, though it was often brief due to the showery nature of the snowfall. The snowfall was heaviest before the strongest winds developed, limiting overall impacts from this event.||The strongest measured wind gusts from January 18-19 were:|46 mph at KULM in New Ulm, MN.|45 mph at KBDH in Willmar, MN.|44 mph at KAXN in Alexandria, MN.|44 mph at KDXX in Madison, MN.|44 mph at KJYG in St James, MN.|43 mph at KMOX in Morris, MN.","Strong winds gusting to 45 mph and scattered snow showers resulted in periodic reductions in visibility as low as a 1/4 mile at times, though generally remained around 2 to 4 miles.",CSV
202601,21,800,202601,21,1600,210208,1310986,MINNESOTA,27,2026,January,Winter Weather,Z,56,CHIPPEWA,MPX,21-JAN-26 08:00:00,CST-6,21-JAN-26 16:00:00,0,0,0,0,0.00K,0.00K,AWOS,,,,,,,,,,,,,,,,,,,,,,"A strong arctic cold front shifted winds out of the northwest, increasing gusts to around 30 to 45 mph across the region. At the same time, 1/2 to 2 inches of light fluffy snow fell across the entire region. The strongest wind gusts and greatest snow amounts were measured across southwest and southern MN during the afternoon and evening, resulting in occasional periods of near-blizzard conditions with visibilities as low as 1/2 to 1/4 mile.||The strongest measured wind gusts on January 21 were:|42 mph at KMOX in Morris, MN.|41 mph at KCNB in Canby, MN.|40 mph at KSTP in St Paul, MN.|39 mph at KMIC in Crystal, MN.|39 mph at KRWF in Redwood Falls, MN.|38 mph at KFRM in Fairmont, MN.|38 mph at KULM in New Ulm, MN.",The combination of very strong winds and light snow showers resulted in reduced visibility from blowing snow. Occasional near blizzard conditions were reported at the height of the storm. The AWOS at KMVE noted visibility as low as 1/2 mile and wind gusts between 30 to 40 mph.,CSV
202601,21,800,202601,21,1600,210208,1310987,MINNESOTA,27,2026,January,Winter Weather,Z,56,CHIPPEWA,MPX,21-JAN-26 08:00:00,CST-6,21-JAN-26 16:00:00,0,0,0,0,0.00K,0.00K,AWOS,,,,,,,,,,,,,,,,,,,,,,"A strong arctic cold front shifted winds out of the northwest, increasing gusts to around 30 to 45 mph across the region. At the same time, 1/2 to 2 inches of light fluffy snow fell across the entire region. The strongest wind gusts and greatest snow amounts were measured across southwest and southern MN during the afternoon and evening, resulting in occasional periods of near-blizzard conditions with visibilities as low as 1/2 to 1/4 mile.||The strongest measured wind gusts on January 21 were:|42 mph at KMOX in Morris, MN.|41 mph at KCNB in Canby, MN.|40 mph at KSTP in St Paul, MN.|39 mph at KMIC in Crystal, MN.|39 mph at KRWF in Redwood Falls, MN.|38 mph at KFRM in Fairmont, MN.|38 mph at KULM in New Ulm, MN.",The combination of very strong winds and light snow showers resulted in reduced visibility from blowing snow. Occasional near blizzard conditions were reported at the height of the storm. The AWOS at KMVE noted visibility as low as 1/2 mile and wind gusts between 30 to 40 mph.,CSV
202601,21,800,202601,21,1700,210208,1310990,MINNESOTA,27,2026,January,Winter Weather,Z,65,RENVILLE,MPX,21-JAN-26 08:00:00,CST-6,21-JAN-26 17:00:00,0,0,0,0,0.00K,0.00K,AWOS,,,,,,,,,,,,,,,,,,,,,,"A strong arctic cold front shifted winds out of the northwest, increasing gusts to around 30 to 45 mph across the region. At the same time, 1/2 to 2 inches of light fluffy snow fell across the entire region. The strongest wind gusts and greatest snow amounts were measured across southwest and southern MN during the afternoon and evening, resulting in occasional periods of near-blizzard conditions with visibilities as low as 1/2 to 1/4 mile.||The strongest measured wind gusts on January 21 were:|42 mph at KMOX in Morris, MN.|41 mph at KCNB in Canby, MN.|40 mph at KSTP in St Paul, MN.|39 mph at KMIC in Crystal, MN.|39 mph at KRWF in Redwood Falls, MN.|38 mph at KFRM in Fairmont, MN.|38 mph at KULM in New Ulm, MN.",The combination of very strong winds and light snow showers resulted in reduced visibility from blowing snow. Occasional near blizzard conditions were reported at the height of the storm. The AWOS at KOVL noted visibility as low as 1/2 mile and wind gusts between 30 to 40 mph.,CSV
202601,22,2053,202601,23,1500,209009,1301938,MINNESOTA,27,2026,January,Extreme Cold/Wind Chill,Z,39,TRAVERSE,ABR,22-JAN-26 20:53:00,CST-6,23-JAN-26 15:00:00,0,0,0,0,0.00K,0.00K,ASOS,,,,,,,,,,,,,,,,,,,,,,"As Arctic high pressure moved into the area, a stiff northwest breeze resulted in some dangerous cold and wind chills for west-central Minnesota. The Wheaton ASOS and Minnesota Department of Transportation mesonet stations 3 miles west southwest of Graceville and 3 miles west of Odessa would all record wind chills as low as 45 degrees below zero.",,CSV
202601,22,2215,202601,23,1500,209009,1301939,MINNESOTA,27,2026,January,Extreme Cold/Wind Chill,Z,46,BIG STONE,ABR,22-JAN-26 22:15:00,CST-6,23-JAN-26 15:00:00,0,0,0,0,0.00K,0.00K,Mesonet,,,,,,,,,,,,,,,,,,,,,,"As Arctic high pressure moved into the area, a stiff northwest breeze resulted in some dangerous cold and wind chills for west-central Minnesota. The Wheaton ASOS and Minnesota Department of Transportation mesonet stations 3 miles west southwest of Graceville and 3 miles west of Odessa would all record wind chills as low as 45 degrees below zero.",,CSV
202601,18,710,202601,18,1650,210487,1316664,MINNESOTA,27,2026,January,Blizzard,Z,4,KITTSON,FGF,18-JAN-26 07:10:00,CST-6,18-JAN-26 16:50:00,0,0,0,0,,,Mesonet,,,,,,,,,,,,,,,,,,,,,,"A strong upper trough moved across the Northern Plains and into northwest Minnesota, bringing strong winds, light snow, and blizzard conditions. The initial area of light snow ended during the early morning of January 18 as a strong cold front moved into the region. Post frontal snow showers along with strong winds behind the front contributed to widespread whiteout conditions primarily across northeast North Dakota and the Red River Valley of northwest Minnesota. Strongest wind gusts were 50 to 57 mph. A no travel advised was issued by MNDOT in far northwest Minnesota due to whiteout conditions.","Visibilities continuously below one quarter mile in falling snow and blowing snow, with winds frequently gusting 40 to 53 mph reported by mesonet site MN057 at Saint Vincent, MN. Whiteout conditions and frequent gusts over 35 mph were also reported at MN024 at Donaldson, MN.",CSV
202601,18,855,202601,18,1815,210487,1316666,MINNESOTA,27,2026,January,Blizzard,Z,1,WEST POLK,FGF,18-JAN-26 08:55:00,CST-6,18-JAN-26 18:15:00,0,0,0,0,,,AWOS,,,,,,,,,,,,,,,,,,,,,,"A strong upper trough moved across the Northern Plains and into northwest Minnesota, bringing strong winds, light snow, and blizzard conditions. The initial area of light snow ended during the early morning of January 18 as a strong cold front moved into the region. Post frontal snow showers along with strong winds behind the front contributed to widespread whiteout conditions primarily across northeast North Dakota and the Red River Valley of northwest Minnesota. Strongest wind gusts were 50 to 57 mph. A no travel advised was issued by MNDOT in far northwest Minnesota due to whiteout conditions.","Whiteout conditions in falling snow and blowing snow at the KCKN AWOS at Crookston, MN with winds gusting 35 to 42 mph. The strongest wind gust in western Polk County was 57 mph at the mesonet station MN114 Beltrami MN.",CSV
202601,18,800,202601,19,0,210393,1312622,MINNESOTA,27,2026,January,Winter Weather,Z,41,DOUGLAS,MPX,18-JAN-26 08:00:00,CST-6,19-JAN-26 00:00:00,0,0,0,0,0.00K,0.00K,ASOS,,,,,,,,,,,,,,,,,,,,,,"Following a period of strong winds and light snow just the day prior, many locations saw a second cold front move through the region, producing gusty winds and light snow from the morning of the 18th through the morning of the 19th. Since there was little to no snowpack on the ground, any reductions in visibility depended on how heavy the falling snow was and how strong winds were. Conditions were generally worst in open, rural areas where the snowfall was able to blow around easier.||Winds gusted up to 45 mph in parts of western and southern Minnesota, and generally under an inch of snow fell across the region. Visibilities dropped to 1/4 mile in several locations, though it was often brief due to the showery nature of the snowfall. The snowfall was heaviest before the strongest winds developed, limiting overall impacts from this event.||The strongest measured wind gusts from January 18-19 were:|46 mph at KULM in New Ulm, MN.|45 mph at KBDH in Willmar, MN.|44 mph at KAXN in Alexandria, MN.|44 mph at KDXX in Madison, MN.|44 mph at KJYG in St James, MN.|43 mph at KMOX in Morris, MN.","Strong winds gusting to 45 mph and scattered snow showers resulted in periodic reductions in visibility as low as a 1/4 mile at times, though generally remained around 1 to 2 miles. The worst conditions were during the afternoon.",CSV
202601,18,900,202601,19,300,210393,1312629,MINNESOTA,27,2026,January,Winter Weather,Z,48,POPE,MPX,18-JAN-26 09:00:00,CST-6,19-JAN-26 03:00:00,0,0,0,0,0.00K,0.00K,AWOS,,,,,,,,,,,,,,,,,,,,,,"Following a period of strong winds and light snow just the day prior, many locations saw a second cold front move through the region, producing gusty winds and light snow from the morning of the 18th through the morning of the 19th. Since there was little to no snowpack on the ground, any reductions in visibility depended on how heavy the falling snow was and how strong winds were. Conditions were generally worst in open, rural areas where the snowfall was able to blow around easier.||Winds gusted up to 45 mph in parts of western and southern Minnesota, and generally under an inch of snow fell across the region. Visibilities dropped to 1/4 mile in several locations, though it was often brief due to the showery nature of the snowfall. The snowfall was heaviest before the strongest winds developed, limiting overall impacts from this event.||The strongest measured wind gusts from January 18-19 were:|46 mph at KULM in New Ulm, MN.|45 mph at KBDH in Willmar, MN.|44 mph at KAXN in Alexandria, MN.|44 mph at KDXX in Madison, MN.|44 mph at KJYG in St James, MN.|43 mph at KMOX in Morris, MN.","Strong winds gusting to 40 mph and scattered snow showers resulted in periodic reductions in visibility as low as a 1/4 mile at times, though generally remained around 1 to 2 miles. The worst conditions were during the late afternoon.",CSV
202601,5,2300,202601,6,500,209886,1309099,MINNESOTA,27,2026,January,Winter Weather,Z,62,RAMSEY,MPX,05-JAN-26 23:00:00,CST-6,06-JAN-26 05:00:00,0,0,0,0,0.00K,0.00K,CoCoRaHS,,,,,,,,,,,,,,,,,,,,,,"A second wave of wintry precipitation occurred 24 hours after a light mix of snow and freezing rain fell the day prior. This round was heavier and temperatures were right around freezing, leading to a mixture of freezing rain and rain. For most locations, the main period of freezing occurred overnight from the 5th into the 6th as rainfall rates were lighter. Rates then increased during the morning of the 6th which made it difficult for ice accretion to continue as temperatures hovered right around the freezing point. By the morning commute, most areas saw more of a crunchy slush on the ground as the heavier rain started to melt the coating of ice that developed overnight. The heaviest impacted area was western Hennepin, Wright, Anoka, and Chisago counties where temperatures were slightly cooler and the rain rates were not as heavy.",The ASOS at KSTP in St Paul reported several hours of freezing rain and rain starting late on January 5th and lasting into the early morning of the 6th. CoCoRaHS observers reported a mix of freezing rain and drizzle leading to icy sidewalks and driveways. Warming temperatures and heavier rainfall rates later in the morning allowed the ice to partially melt by the morning commute.,CSV
