BEGIN_YEARMONTH,BEGIN_DAY,BEGIN_TIME,END_YEARMONTH,END_DAY,END_TIME,EPISODE_ID,EVENT_ID,STATE,STATE_FIPS,YEAR,MONTH_NAME,EVENT_TYPE,CZ_TYPE,CZ_FIPS,CZ_NAME,WFO,BEGIN_DATE_TIME,CZ_TIMEZONE,END_DATE_TIME,INJURIES_DIRECT,INJURIES_INDIRECT,DEATHS_DIRECT,DEATHS_INDIRECT,DAMAGE_PROPERTY,DAMAGE_CROPS,SOURCE,MAGNITUDE,MAGNITUDE_TYPE,FLOOD_CAUSE,CATEGORY,TOR_F_SCALE,TOR_LENGTH,TOR_WIDTH,TOR_OTHER_WFO,TOR_OTHER_CZ_STATE,TOR_OTHER_CZ_FIPS,TOR_OTHER_CZ_NAME,BEGIN_RANGE,BEGIN_AZIMUTH,BEGIN_LOCATION,END_RANGE,END_AZIMUTH,END_LOCATION,BEGIN_LAT,BEGIN_LON,END_LAT,END_LON,EPISODE_NARRATIVE,EVENT_NARRATIVE,DATA_SOURCE
202601,22,1200,202601,23,1100,210626,1315328,NORTH DAKOTA,38,2026,January,Extreme Cold/Wind Chill,Z,28,GRIGGS,FGF,22-JAN-26 12:00:00,CST-6,23-JAN-26 11:00:00,0,0,0,0,,,AWOS,,,,,,,,,,,,,,,,,,,,,,Arctic air settled into the Northern Plains and Upper Midwest resulting in a prologued period of extreme cold and wind chills across eastern North Dakota.,"The KS32 AWOS at Cooperstown, ND consistently reported wind chill values -40 or lower from the morning of January 22 through late morning on January 23. The lowest wind chill value during that period was -49.",CSV
202601,25,500,202601,25,1100,210626,1315333,NORTH DAKOTA,38,2026,January,Extreme Cold/Wind Chill,Z,28,GRIGGS,FGF,25-JAN-26 05:00:00,CST-6,25-JAN-26 11:00:00,0,0,0,0,,,AWOS,,,,,,,,,,,,,,,,,,,,,,Arctic air settled into the Northern Plains and Upper Midwest resulting in a prologued period of extreme cold and wind chills across eastern North Dakota.,"The KS32 AWOS at Cooperstown, ND consistently reported wind chill values -40 or lower on the morning of January 25. The lowest wind chill value during that period was -45.",CSV
202601,15,1500,202601,16,1800,209529,1306200,NORTH DAKOTA,38,2026,January,High Wind,Z,2,BURKE,BIS,15-JAN-26 15:00:00,CST-6,16-JAN-26 18:00:00,0,0,0,0,0.00K,0.00K,AWOS,40.00,MS,,,,,,,,,,,,,,,,,,,,A pair of cold fronts moving through western and central North Dakota combined with a series of short-wave troughs resulted in an extended period of strong winds. The strongest reported wind gust was 74 mph at the Bowman Airport in Bowman County.,Bowbells NCAWOS reported sustained winds to 46 mph.,CSV
202601,15,1500,202601,16,1800,209529,1311552,NORTH DAKOTA,38,2026,January,High Wind,Z,9,WILLIAMS,BIS,15-JAN-26 15:00:00,CST-6,16-JAN-26 18:00:00,0,0,0,0,0.00K,0.00K,ASOS,56.00,MG,,,,,,,,,,,,,,,,,,,,A pair of cold fronts moving through western and central North Dakota combined with a series of short-wave troughs resulted in an extended period of strong winds. The strongest reported wind gust was 74 mph at the Bowman Airport in Bowman County.,Williston ASOS reported wind gusts to 64 mph.,CSV
202601,15,1500,202601,16,1800,209529,1311553,NORTH DAKOTA,38,2026,January,High Wind,Z,10,MOUNTRAIL,BIS,15-JAN-26 15:00:00,CST-6,16-JAN-26 18:00:00,0,0,0,0,0.00K,0.00K,AWOS,51.00,MG,,,,,,,,,,,,,,,,,,,,A pair of cold fronts moving through western and central North Dakota combined with a series of short-wave troughs resulted in an extended period of strong winds. The strongest reported wind gust was 74 mph at the Bowman Airport in Bowman County.,Stanley AWOS reported wind gusts to 59 mph.,CSV
202601,15,1500,202601,16,1800,209529,1311554,NORTH DAKOTA,38,2026,January,High Wind,Z,11,WARD,BIS,15-JAN-26 15:00:00,CST-6,16-JAN-26 18:00:00,0,0,0,0,0.00K,0.00K,ASOS,56.00,MG,,,,,,,,,,,,,,,,,,,,A pair of cold fronts moving through western and central North Dakota combined with a series of short-wave troughs resulted in an extended period of strong winds. The strongest reported wind gust was 74 mph at the Bowman Airport in Bowman County.,Minot ASOS reported wind gusts to 64 mph.,CSV
202601,15,1500,202601,16,1800,209529,1311556,NORTH DAKOTA,38,2026,January,High Wind,Z,17,MCKENZIE,BIS,15-JAN-26 15:00:00,CST-6,16-JAN-26 18:00:00,0,0,0,0,0.00K,0.00K,AWOS,54.00,MG,,,,,,,,,,,,,,,,,,,,A pair of cold fronts moving through western and central North Dakota combined with a series of short-wave troughs resulted in an extended period of strong winds. The strongest reported wind gust was 74 mph at the Bowman Airport in Bowman County.,Watford City AWOS reported wind gusts to 62 mph.,CSV
202601,15,1500,202601,16,1800,209529,1311557,NORTH DAKOTA,38,2026,January,High Wind,Z,18,DUNN,BIS,15-JAN-26 15:00:00,CST-6,16-JAN-26 18:00:00,0,0,0,0,0.00K,0.00K,AWOS,40.00,MS,,,,,,,,,,,,,,,,,,,,A pair of cold fronts moving through western and central North Dakota combined with a series of short-wave troughs resulted in an extended period of strong winds. The strongest reported wind gust was 74 mph at the Bowman Airport in Bowman County.,Killdeer AWOS reported sustained winds to 46 mph.,CSV
202601,15,1500,202601,16,1800,209529,1311558,NORTH DAKOTA,38,2026,January,High Wind,Z,19,MERCER,BIS,15-JAN-26 15:00:00,CST-6,16-JAN-26 18:00:00,0,0,0,0,0.00K,0.00K,Mesonet,54.00,MG,,,,,,,,,,,,,,,,,,,,A pair of cold fronts moving through western and central North Dakota combined with a series of short-wave troughs resulted in an extended period of strong winds. The strongest reported wind gust was 74 mph at the Bowman Airport in Bowman County.,Golden Valley NDDOT site reported wind gusts to 62 mph.,CSV
202601,22,700,202601,23,100,210626,1315301,NORTH DAKOTA,38,2026,January,Extreme Cold/Wind Chill,Z,26,NELSON,FGF,22-JAN-26 07:00:00,CST-6,23-JAN-26 01:00:00,0,0,0,0,,,Mesonet,,,,,,,,,,,,,,,,,,,,,,Arctic air settled into the Northern Plains and Upper Midwest resulting in a prologued period of extreme cold and wind chills across eastern North Dakota.,The NDAWN station Michigan 2W consistently reported wind chills -40 or lower from January 22 through midday January 23. The lowest wind chill value during this period at the station was -51.,CSV
202601,25,300,202601,25,1200,210626,1315303,NORTH DAKOTA,38,2026,January,Extreme Cold/Wind Chill,Z,26,NELSON,FGF,25-JAN-26 03:00:00,CST-6,25-JAN-26 12:00:00,0,0,0,0,0.00K,0.00K,Mesonet,,,,,,,,,,,,,,,,,,,,,,Arctic air settled into the Northern Plains and Upper Midwest resulting in a prologued period of extreme cold and wind chills across eastern North Dakota.,The NDAWN station Michigan 2W consistently reported wind chills -40 or lower on the morning of January 25. The lowest wind chill value during this period at the station was -50.,CSV
202601,22,700,202601,23,900,210626,1315307,NORTH DAKOTA,38,2026,January,Extreme Cold/Wind Chill,Z,27,GRAND FORKS,FGF,22-JAN-26 07:00:00,CST-6,23-JAN-26 09:00:00,0,0,0,0,,,ASOS,,,,,,,,,,,,,,,,,,,,,,Arctic air settled into the Northern Plains and Upper Midwest resulting in a prologued period of extreme cold and wind chills across eastern North Dakota.,The KGFK ASOS at Grand Forks International Airport consistently reported wind chills -40 or lower from the morning of January 22 through the morning of January 23rd. The lowest wind chill reported at that site during this period was -45.,CSV
202601,25,400,202601,25,1000,210626,1315309,NORTH DAKOTA,38,2026,January,Extreme Cold/Wind Chill,Z,27,GRAND FORKS,FGF,25-JAN-26 04:00:00,CST-6,25-JAN-26 10:00:00,0,0,0,0,,,ASOS,,,,,,,,,,,,,,,,,,,,,,Arctic air settled into the Northern Plains and Upper Midwest resulting in a prologued period of extreme cold and wind chills across eastern North Dakota.,The KGFK ASOS at Grand Forks International Airport consistently reported wind chills -40 or lower from the morning of January 25. The lowest wind chill reported at that site during this period was -45.,CSV
202601,18,835,202601,18,1715,210486,1316951,NORTH DAKOTA,38,2026,January,Blizzard,Z,8,PEMBINA,FGF,18-JAN-26 08:35:00,CST-6,18-JAN-26 17:15:00,0,0,0,0,,,AWOS,,,,,,,,,,,,,,,,,,,,,,"A strong upper trough moved across the Northern Plains, bringing strong winds, light snow, and blizzard conditions. The initial area of light snow ended during the early morning of January 18 as a strong cold front moved into the region. Post frontal snow showers along with strong winds behind the front contributed to widespread whiteout conditions in blowing snow primarily in northeast North Dakota and the Red River Valley of northwest Minnesota. Strongest wind gusts were 50 to 57 mph. Interstate 29 was closed from Grand Forks, ND to the International Border during due to whiteout conditions. A no travel advised was also issued over parts of northeast ND by NDDOT.","Whiteout conditions reported at K2C8 AWOS at Cavalier, ND, with winds gusting 35 to 50 mph.",CSV
202601,18,915,202601,18,1735,210486,1316953,NORTH DAKOTA,38,2026,January,Blizzard,Z,7,CAVALIER,FGF,18-JAN-26 09:15:00,CST-6,18-JAN-26 17:35:00,0,0,0,0,,,AWOS,,,,,,,,,,,,,,,,,,,,,,"A strong upper trough moved across the Northern Plains, bringing strong winds, light snow, and blizzard conditions. The initial area of light snow ended during the early morning of January 18 as a strong cold front moved into the region. Post frontal snow showers along with strong winds behind the front contributed to widespread whiteout conditions in blowing snow primarily in northeast North Dakota and the Red River Valley of northwest Minnesota. Strongest wind gusts were 50 to 57 mph. Interstate 29 was closed from Grand Forks, ND to the International Border during due to whiteout conditions. A no travel advised was also issued over parts of northeast ND by NDDOT.","Whiteout conditions reported at KD55 AWOS at Langdon, ND, with winds gusting 35 to 40 mph.",CSV
202601,22,600,202601,25,1100,210626,1314974,NORTH DAKOTA,38,2026,January,Extreme Cold/Wind Chill,Z,6,TOWNER,FGF,22-JAN-26 06:00:00,CST-6,25-JAN-26 11:00:00,0,0,0,0,,,Mesonet,,,,,,,,,,,,,,,,,,,,,,Arctic air settled into the Northern Plains and Upper Midwest resulting in a prologued period of extreme cold and wind chills across eastern North Dakota.,"Wind chills frequently below -40 through the three day period across Towner County as measured by multiple observation sites, with brief periods of improvement during the afternoons. The coldest reported wind chill was at the NDAWN site at Clyde 4SW where a wind chill of -56 occurred.",CSV
202601,22,700,202601,23,1400,210626,1315287,NORTH DAKOTA,38,2026,January,Extreme Cold/Wind Chill,Z,14,BENSON,FGF,22-JAN-26 07:00:00,CST-6,23-JAN-26 14:00:00,0,0,0,0,,,Mesonet,,,,,,,,,,,,,,,,,,,,,,Arctic air settled into the Northern Plains and Upper Midwest resulting in a prologued period of extreme cold and wind chills across eastern North Dakota.,The NDAWN station at Baker 1N along with other mesonet sites across Becker County consistently reported wind chills -40 or lower from January 22 through midday January 23. The lowest wind chill value during this period at the station was -55.,CSV
202601,25,0,202601,25,1200,210626,1315288,NORTH DAKOTA,38,2026,January,Extreme Cold/Wind Chill,Z,14,BENSON,FGF,25-JAN-26 00:00:00,CST-6,25-JAN-26 12:00:00,0,0,0,0,,,Mesonet,,,,,,,,,,,,,,,,,,,,,,Arctic air settled into the Northern Plains and Upper Midwest resulting in a prologued period of extreme cold and wind chills across eastern North Dakota.,The NDAWN station at Baker 1N along with other mesonet sites across Becker County consistently reported wind chills -40 or lower from midnight through midday on January 25th. The lowest wind chill value during this period at the station was -49.,CSV
202601,22,600,202601,24,300,210626,1315291,NORTH DAKOTA,38,2026,January,Extreme Cold/Wind Chill,Z,54,WESTERN WALSH,FGF,22-JAN-26 06:00:00,CST-6,24-JAN-26 03:00:00,0,0,0,0,,,Mesonet,,,,,,,,,,,,,,,,,,,,,,Arctic air settled into the Northern Plains and Upper Midwest resulting in a prologued period of extreme cold and wind chills across eastern North Dakota.,The NDAWN station at Adams 5N consistently reported wind chills -40 or lower from January 22 through the early morning hours of January 24. The lowest wind chill value during this period at the station was -57.,CSV
202601,25,0,202601,26,200,210626,1315292,NORTH DAKOTA,38,2026,January,Extreme Cold/Wind Chill,Z,54,WESTERN WALSH,FGF,25-JAN-26 00:00:00,CST-6,26-JAN-26 02:00:00,0,0,0,0,,,Mesonet,,,,,,,,,,,,,,,,,,,,,,Arctic air settled into the Northern Plains and Upper Midwest resulting in a prologued period of extreme cold and wind chills across eastern North Dakota.,The NDAWN station at Adams 5N consistently reported wind chills -40 or lower from January 25 through the early morning hours of January 26. The lowest wind chill value during this period at the station was -47.,CSV
202601,22,635,202601,23,1100,210626,1315295,NORTH DAKOTA,38,2026,January,Extreme Cold/Wind Chill,Z,16,EASTERN WALSH,FGF,22-JAN-26 06:35:00,CST-6,23-JAN-26 11:00:00,0,0,0,0,,,AWOS,,,,,,,,,,,,,,,,,,,,,,Arctic air settled into the Northern Plains and Upper Midwest resulting in a prologued period of extreme cold and wind chills across eastern North Dakota.,"The AWOS KGAF at Grafton, ND consistently reported wind chills -40 or lower from January 22 through the morning hours of January 23. The lowest wind chill value during this period at the station was -47.",CSV
202601,25,0,202601,25,1100,210626,1315297,NORTH DAKOTA,38,2026,January,Extreme Cold/Wind Chill,Z,16,EASTERN WALSH,FGF,25-JAN-26 00:00:00,CST-6,25-JAN-26 11:00:00,0,0,0,0,,,AWOS,,,,,,,,,,,,,,,,,,,,,,Arctic air settled into the Northern Plains and Upper Midwest resulting in a prologued period of extreme cold and wind chills across eastern North Dakota.,"The AWOS KGAF at Grafton, ND consistently reported wind chills -40 or lower on the morning of January 25. The lowest wind chill value during this period at the station was -45.",CSV
202601,22,1055,202601,26,215,210626,1315057,NORTH DAKOTA,38,2026,January,Extreme Cold/Wind Chill,Z,7,CAVALIER,FGF,22-JAN-26 10:55:00,CST-6,26-JAN-26 02:15:00,0,0,0,0,,,AWOS,,,,,,,,,,,,,,,,,,,,,,Arctic air settled into the Northern Plains and Upper Midwest resulting in a prologued period of extreme cold and wind chills across eastern North Dakota.,"The AWOS KD55 at Langdon, ND frequently reported wind chills below -40. The lowest wind chill reported was -57.",CSV
202601,22,600,202601,23,1100,210626,1315121,NORTH DAKOTA,38,2026,January,Extreme Cold/Wind Chill,Z,8,PEMBINA,FGF,22-JAN-26 06:00:00,CST-6,23-JAN-26 11:00:00,0,0,0,0,,,AWOS,,,,,,,,,,,,,,,,,,,,,,Arctic air settled into the Northern Plains and Upper Midwest resulting in a prologued period of extreme cold and wind chills across eastern North Dakota.,"The AWOS K2C8 at Cavalier, ND consistently reported wind chills -40 or lower through the daytime of January 22nd into the morning of the 23rd, with the lowest wind chill value -50.",CSV
202601,24,2355,202601,25,935,210626,1315141,NORTH DAKOTA,38,2026,January,Extreme Cold/Wind Chill,Z,8,PEMBINA,FGF,24-JAN-26 23:55:00,CST-6,25-JAN-26 09:35:00,0,0,0,0,,,AWOS,,,,,,,,,,,,,,,,,,,,,,Arctic air settled into the Northern Plains and Upper Midwest resulting in a prologued period of extreme cold and wind chills across eastern North Dakota.,"The AWOS K2C8 at Cavalier, ND consistently reported wind chills -40 or lower from late evening on January 24 through the morning of January 25. The lowest wind chill value during this period was -44.",CSV
202601,22,756,202601,22,1056,210626,1315209,NORTH DAKOTA,38,2026,January,Extreme Cold/Wind Chill,Z,15,RAMSEY,FGF,22-JAN-26 07:56:00,CST-6,22-JAN-26 10:56:00,0,0,0,0,,,AWOS,,,,,,,,,,,,,,,,,,,,,,Arctic air settled into the Northern Plains and Upper Midwest resulting in a prologued period of extreme cold and wind chills across eastern North Dakota.,The AWOS KDVL at Devils Lake consistently reported wind chills -40 or lower from January 22 through the morning of January 23. The lowest wind chill value during this period was -51.,CSV
202601,25,56,202601,25,1056,210626,1315213,NORTH DAKOTA,38,2026,January,Extreme Cold/Wind Chill,Z,15,RAMSEY,FGF,25-JAN-26 00:56:00,CST-6,25-JAN-26 10:56:00,0,0,0,0,,,AWOS,,,,,,,,,,,,,,,,,,,,,,Arctic air settled into the Northern Plains and Upper Midwest resulting in a prologued period of extreme cold and wind chills across eastern North Dakota.,The AWOS KDVL at Devils Lake consistently reported wind chills -40 or lower on the morning of January 25th. The lowest wind chill value during this period was -51.,CSV
202601,15,1500,202601,16,1800,209529,1311566,NORTH DAKOTA,38,2026,January,High Wind,Z,41,HETTINGER,BIS,15-JAN-26 15:00:00,CST-6,16-JAN-26 18:00:00,0,0,0,0,0.00K,0.00K,RAWS,56.00,MG,,,,,,,,,,,,,,,,,,,,A pair of cold fronts moving through western and central North Dakota combined with a series of short-wave troughs resulted in an extended period of strong winds. The strongest reported wind gust was 74 mph at the Bowman Airport in Bowman County.,Williams Lookout RAWS reported wind gusts to 64 mph.,CSV
202601,15,1500,202601,16,1800,209529,1311567,NORTH DAKOTA,38,2026,January,High Wind,Z,42,GRANT,BIS,15-JAN-26 15:00:00,CST-6,16-JAN-26 18:00:00,0,0,0,0,0.00K,0.00K,Mesonet,53.00,MG,,,,,,,,,,,,,,,,,,,,A pair of cold fronts moving through western and central North Dakota combined with a series of short-wave troughs resulted in an extended period of strong winds. The strongest reported wind gust was 74 mph at the Bowman Airport in Bowman County.,New Leipzig NDDOT site reported wind gusts to 61 mph.,CSV
202601,15,1500,202601,16,1800,209529,1311568,NORTH DAKOTA,38,2026,January,High Wind,Z,43,BOWMAN,BIS,15-JAN-26 15:00:00,CST-6,16-JAN-26 18:00:00,0,0,0,0,0.00K,0.00K,AWOS,64.00,MG,,,,,,,,,,,,,,,,,,,,A pair of cold fronts moving through western and central North Dakota combined with a series of short-wave troughs resulted in an extended period of strong winds. The strongest reported wind gust was 74 mph at the Bowman Airport in Bowman County.,Bowman AWOS reported wind gusts to 74 mph.,CSV
202601,15,1500,202601,16,1800,209529,1311569,NORTH DAKOTA,38,2026,January,High Wind,Z,44,ADAMS,BIS,15-JAN-26 15:00:00,CST-6,16-JAN-26 18:00:00,0,0,0,0,0.00K,0.00K,ASOS,59.00,MG,,,,,,,,,,,,,,,,,,,,A pair of cold fronts moving through western and central North Dakota combined with a series of short-wave troughs resulted in an extended period of strong winds. The strongest reported wind gust was 74 mph at the Bowman Airport in Bowman County.,Hettinger ASOS reported wind gusts to 68 mph.,CSV
202601,15,1500,202601,16,1800,209529,1311570,NORTH DAKOTA,38,2026,January,High Wind,Z,45,SIOUX,BIS,15-JAN-26 15:00:00,CST-6,16-JAN-26 18:00:00,0,0,0,0,0.00K,0.00K,RAWS,55.00,MG,,,,,,,,,,,,,,,,,,,,A pair of cold fronts moving through western and central North Dakota combined with a series of short-wave troughs resulted in an extended period of strong winds. The strongest reported wind gust was 74 mph at the Bowman Airport in Bowman County.,Tatanka Prairie RAWS reported wind gusts to 63 mph.,CSV
202601,15,1500,202601,16,1800,209529,1311571,NORTH DAKOTA,38,2026,January,High Wind,Z,46,EMMONS,BIS,15-JAN-26 15:00:00,CST-6,16-JAN-26 18:00:00,0,0,0,0,0.00K,0.00K,Mesonet,51.00,MG,,,,,,,,,,,,,,,,,,,,A pair of cold fronts moving through western and central North Dakota combined with a series of short-wave troughs resulted in an extended period of strong winds. The strongest reported wind gust was 74 mph at the Bowman Airport in Bowman County.,Hazelton NDDOT site reported wind gusts to 59 mph.,CSV
202601,15,1500,202601,16,1800,209529,1311572,NORTH DAKOTA,38,2026,January,High Wind,Z,20,OLIVER,BIS,15-JAN-26 15:00:00,CST-6,16-JAN-26 18:00:00,0,0,0,0,0.00K,0.00K,Mesonet,52.00,EG,,,,,,,,,,,,,,,,,,,,A pair of cold fronts moving through western and central North Dakota combined with a series of short-wave troughs resulted in an extended period of strong winds. The strongest reported wind gust was 74 mph at the Bowman Airport in Bowman County.,Oliver County had estimated 60 mph wind gusts.,CSV
202601,16,1330,202601,16,1802,210625,1316461,NORTH DAKOTA,38,2026,January,Blizzard,Z,27,GRAND FORKS,FGF,16-JAN-26 13:30:00,CST-6,16-JAN-26 18:02:00,0,0,0,0,,,NWS Employee,,,,,,,,,,,,,,,,,,,,,,"A clipper-type system brought a period of strong winds and light to locally moderate snow accumulations that resulted in localized blizzard conditions within the Red River Valley of eastern North Dakota.  Snow totals ranged from around inch to 3.1 inches. The highest wind gusts ranged from 45mph to 49 mph for most of eastern North Dakota, with one gust to 58 mph at Grand Forks International Airport.",Off duty NWS employee reported blizzard conditions ongoing in Grand Forks County.,CSV
202601,15,1500,202601,16,1800,209529,1306199,NORTH DAKOTA,38,2026,January,High Wind,Z,1,DIVIDE,BIS,15-JAN-26 15:00:00,CST-6,16-JAN-26 18:00:00,0,0,0,0,0.00K,0.00K,RAWS,62.00,MG,,,,,,,,,,,,,,,,,,,,A pair of cold fronts moving through western and central North Dakota combined with a series of short-wave troughs resulted in an extended period of strong winds. The strongest reported wind gust was 74 mph at the Bowman Airport in Bowman County.,Crosby RAWS reported wind gusts to 71 mph.,CSV
202601,15,1500,202601,16,1800,209529,1311559,NORTH DAKOTA,38,2026,January,High Wind,Z,21,MCLEAN,BIS,15-JAN-26 15:00:00,CST-6,16-JAN-26 18:00:00,0,0,0,0,0.00K,0.00K,ASOS,52.00,MG,,,,,,,,,,,,,,,,,,,,A pair of cold fronts moving through western and central North Dakota combined with a series of short-wave troughs resulted in an extended period of strong winds. The strongest reported wind gust was 74 mph at the Bowman Airport in Bowman County.,Garrison ASOS reported wind gusts to 60 mph.,CSV
202601,15,1500,202601,16,1800,209529,1311560,NORTH DAKOTA,38,2026,January,High Wind,Z,31,GOLDEN VALLEY,BIS,15-JAN-26 15:00:00,CST-6,16-JAN-26 18:00:00,0,0,0,0,0.00K,0.00K,AWOS,56.00,MG,,,,,,,,,,,,,,,,,,,,A pair of cold fronts moving through western and central North Dakota combined with a series of short-wave troughs resulted in an extended period of strong winds. The strongest reported wind gust was 74 mph at the Bowman Airport in Bowman County.,Beach AWOS reported wind gusts to 64 mph.,CSV
202601,15,1500,202601,16,1800,209529,1311561,NORTH DAKOTA,38,2026,January,High Wind,Z,32,BILLINGS,BIS,15-JAN-26 15:00:00,CST-6,16-JAN-26 18:00:00,0,0,0,0,0.00K,0.00K,Mesonet,61.00,MG,,,,,,,,,,,,,,,,,,,,A pair of cold fronts moving through western and central North Dakota combined with a series of short-wave troughs resulted in an extended period of strong winds. The strongest reported wind gust was 74 mph at the Bowman Airport in Bowman County.,Fryburg NDDOT site reported wind gusts to 70 mph.,CSV
202601,15,1500,202601,16,1800,209529,1311562,NORTH DAKOTA,38,2026,January,High Wind,Z,33,STARK,BIS,15-JAN-26 15:00:00,CST-6,16-JAN-26 18:00:00,0,0,0,0,0.00K,0.00K,Mesonet,60.00,MG,,,,,,,,,,,,,,,,,,,,A pair of cold fronts moving through western and central North Dakota combined with a series of short-wave troughs resulted in an extended period of strong winds. The strongest reported wind gust was 74 mph at the Bowman Airport in Bowman County.,Gladstone NDDOT site reported wind gusts to 69 mph.,CSV
202601,15,1500,202601,16,1800,209529,1311563,NORTH DAKOTA,38,2026,January,High Wind,Z,34,MORTON,BIS,15-JAN-26 15:00:00,CST-6,16-JAN-26 18:00:00,0,0,0,0,0.00K,0.00K,Mesonet,50.00,MG,,,,,,,,,,,,,,,,,,,,A pair of cold fronts moving through western and central North Dakota combined with a series of short-wave troughs resulted in an extended period of strong winds. The strongest reported wind gust was 74 mph at the Bowman Airport in Bowman County.,Glen Ullin NDDOT site reported wind gusts to 58 mph.,CSV
202601,15,1500,202601,16,1800,209529,1311564,NORTH DAKOTA,38,2026,January,High Wind,Z,35,BURLEIGH,BIS,15-JAN-26 15:00:00,CST-6,16-JAN-26 18:00:00,0,0,0,0,0.00K,0.00K,Mesonet,56.00,MG,,,,,,,,,,,,,,,,,,,,A pair of cold fronts moving through western and central North Dakota combined with a series of short-wave troughs resulted in an extended period of strong winds. The strongest reported wind gust was 74 mph at the Bowman Airport in Bowman County.,Glen Ullin NDDOT site reported wind gusts to 65 mph.,CSV
202601,15,1500,202601,16,1800,209529,1311565,NORTH DAKOTA,38,2026,January,High Wind,Z,40,SLOPE,BIS,15-JAN-26 15:00:00,CST-6,16-JAN-26 18:00:00,0,0,0,0,0.00K,0.00K,RAWS,63.00,MG,,,,,,,,,,,,,,,,,,,,A pair of cold fronts moving through western and central North Dakota combined with a series of short-wave troughs resulted in an extended period of strong winds. The strongest reported wind gust was 74 mph at the Bowman Airport in Bowman County.,Sand Creek RAWS reported wind gusts to 73 mph.,CSV
202602,19,700,202602,19,700,211159,1320127,NORTH DAKOTA,38,2026,February,Heavy Snow,Z,39,CASS,FGF,19-FEB-26 07:00:00,CST-6,19-FEB-26 07:00:00,0,0,0,0,,,CoCoRaHS,,,,,,,,,,,,,,,,,,,,,,A strong upper low brought heavy snow to much of eastern North Dakota and northwest Minnesota on February 17th and 18th. Snowfall totals ranged from a few inches to nearly 17 inches.,"Received a CoCoRaHS report of 6.5 inches of snow 6.3 miles south of Fargo, ND. Station ND-CS-77.",CSV
202602,19,800,202602,19,800,211159,1320128,NORTH DAKOTA,38,2026,February,Heavy Snow,Z,8,PEMBINA,FGF,19-FEB-26 08:00:00,CST-6,19-FEB-26 08:00:00,0,0,0,0,,,CoCoRaHS,,,,,,,,,,,,,,,,,,,,,,A strong upper low brought heavy snow to much of eastern North Dakota and northwest Minnesota on February 17th and 18th. Snowfall totals ranged from a few inches to nearly 17 inches.,"Received a report of 6 inches of snow from a CoCoRaHS station 7.9 miles WNW of Cavalier, ND.",CSV
202602,19,1709,202602,19,1709,211159,1320130,NORTH DAKOTA,38,2026,February,Heavy Snow,Z,26,NELSON,FGF,19-FEB-26 17:09:00,CST-6,19-FEB-26 17:09:00,0,0,0,0,,,Emergency Manager,,,,,,,,,,,,,,,,,,,,,,A strong upper low brought heavy snow to much of eastern North Dakota and northwest Minnesota on February 17th and 18th. Snowfall totals ranged from a few inches to nearly 17 inches.,"Received a report of 14 inches of snow measured by emergency management in Michigan, ND.",CSV
202602,19,728,202602,20,837,211159,1320131,NORTH DAKOTA,38,2026,February,Heavy Snow,Z,15,RAMSEY,FGF,19-FEB-26 07:28:00,CST-6,20-FEB-26 08:37:00,0,0,0,0,,,Broadcast Media,,,,,,,,,,,,,,,,,,,,,,A strong upper low brought heavy snow to much of eastern North Dakota and northwest Minnesota on February 17th and 18th. Snowfall totals ranged from a few inches to nearly 17 inches.,Received a report of 17 inches of snow measured by KXMB in Devils Lake. This is the storm total.,CSV
202602,18,441,202602,18,441,211159,1320101,NORTH DAKOTA,38,2026,February,Heavy Snow,Z,15,RAMSEY,FGF,18-FEB-26 04:41:00,CST-6,18-FEB-26 04:41:00,0,0,0,0,,,Public,,,,,,,,,,,,,,,,,,,,,,A strong upper low brought heavy snow to much of eastern North Dakota and northwest Minnesota on February 17th and 18th. Snowfall totals ranged from a few inches to nearly 17 inches.,Public report of 8 inches of snow as measured with a ruler on the back deck. Light snow still falling. Measurement taken in Devils Lake.,CSV
202602,17,2100,202602,18,1800,210305,1311999,NORTH DAKOTA,38,2026,February,Heavy Snow,Z,3,RENVILLE,BIS,17-FEB-26 21:00:00,CST-6,18-FEB-26 18:00:00,0,0,0,0,0.00K,0.00K,Public,,,,,,,,,,,,,,,,,,,,,,"A broad low pressure system over the Northern Plains combined with an upper level trough pushing through the region to produce heavy snow over northwest and north central North Dakota. The greatest snow amounts reported were around nine inches, which occurred in Divide, Bottineau, and Pierce Counties.",Locations north of Tolley received six inches of snow.,CSV
202602,17,2100,202602,18,1800,210305,1312000,NORTH DAKOTA,38,2026,February,Heavy Snow,Z,1,DIVIDE,BIS,17-FEB-26 21:00:00,CST-6,18-FEB-26 18:00:00,0,0,0,0,0.00K,0.00K,Public,,,,,,,,,,,,,,,,,,,,,,"A broad low pressure system over the Northern Plains combined with an upper level trough pushing through the region to produce heavy snow over northwest and north central North Dakota. The greatest snow amounts reported were around nine inches, which occurred in Divide, Bottineau, and Pierce Counties.",Crosby received nine inches of snow.,CSV
202602,17,2100,202602,18,1800,210305,1312001,NORTH DAKOTA,38,2026,February,Heavy Snow,Z,9,WILLIAMS,BIS,17-FEB-26 21:00:00,CST-6,18-FEB-26 18:00:00,0,0,0,0,0.00K,0.00K,Public,,,,,,,,,,,,,,,,,,,,,,"A broad low pressure system over the Northern Plains combined with an upper level trough pushing through the region to produce heavy snow over northwest and north central North Dakota. The greatest snow amounts reported were around nine inches, which occurred in Divide, Bottineau, and Pierce Counties.",Grenora received eight inches of snow.,CSV
202602,17,2100,202602,18,1800,210305,1312002,NORTH DAKOTA,38,2026,February,Heavy Snow,Z,5,ROLETTE,BIS,17-FEB-26 21:00:00,CST-6,18-FEB-26 18:00:00,0,0,0,0,0.00K,0.00K,Public,,,,,,,,,,,,,,,,,,,,,,"A broad low pressure system over the Northern Plains combined with an upper level trough pushing through the region to produce heavy snow over northwest and north central North Dakota. The greatest snow amounts reported were around nine inches, which occurred in Divide, Bottineau, and Pierce Counties.",Rolla received seven inches of snow.,CSV
202602,17,2100,202602,18,1800,210305,1312003,NORTH DAKOTA,38,2026,February,Heavy Snow,Z,4,BOTTINEAU,BIS,17-FEB-26 21:00:00,CST-6,18-FEB-26 18:00:00,0,0,0,0,0.00K,0.00K,CoCoRaHS,,,,,,,,,,,,,,,,,,,,,,"A broad low pressure system over the Northern Plains combined with an upper level trough pushing through the region to produce heavy snow over northwest and north central North Dakota. The greatest snow amounts reported were around nine inches, which occurred in Divide, Bottineau, and Pierce Counties.",Locations northeast of Bottineau received nine inches of snow.,CSV
202602,17,2100,202602,18,1800,210305,1312004,NORTH DAKOTA,38,2026,February,Heavy Snow,Z,23,WELLS,BIS,17-FEB-26 21:00:00,CST-6,18-FEB-26 18:00:00,0,0,0,0,0.00K,0.00K,CoCoRaHS,,,,,,,,,,,,,,,,,,,,,,"A broad low pressure system over the Northern Plains combined with an upper level trough pushing through the region to produce heavy snow over northwest and north central North Dakota. The greatest snow amounts reported were around nine inches, which occurred in Divide, Bottineau, and Pierce Counties.",Locations northeast of Emrick received eight inches of snow.,CSV
202602,27,1000,202602,27,1000,211160,1321156,NORTH DAKOTA,38,2026,February,High Wind,Z,7,CAVALIER,FGF,27-FEB-26 10:00:00,CST-6,27-FEB-26 10:00:00,0,0,0,0,,,Mesonet,50.00,MG,,,,,,,,,,,,,,,,,,,,Wind gusts up to 66 mph were observed on February 27th as steep pressure rises and strong mixing led to several hours of strong winds.,NDAWN reports a 58 mph wind gust at the 10 meter height.,CSV
202602,27,1215,202602,27,1215,211160,1321158,NORTH DAKOTA,38,2026,February,High Wind,Z,28,GRIGGS,FGF,27-FEB-26 12:15:00,CST-6,27-FEB-26 12:15:00,0,0,0,0,,,AWOS,51.00,MG,,,,,,,,,,,,,,,,,,,,Wind gusts up to 66 mph were observed on February 27th as steep pressure rises and strong mixing led to several hours of strong winds.,AWOS station KS32 at the Cooperstown airport reports a 59 mph wind gust.,CSV
202602,18,441,202602,18,542,211159,1320102,NORTH DAKOTA,38,2026,February,Heavy Snow,Z,15,RAMSEY,FGF,18-FEB-26 04:41:00,CST-6,18-FEB-26 05:42:00,0,0,0,0,,,Public,,,,,,,,,,,,,,,,,,,,,,A strong upper low brought heavy snow to much of eastern North Dakota and northwest Minnesota on February 17th and 18th. Snowfall totals ranged from a few inches to nearly 17 inches.,Two public reports of an estimated 12 inches of snow. Measurements taken in Devils Lake.,CSV
202602,18,441,202602,18,653,211159,1320103,NORTH DAKOTA,38,2026,February,Heavy Snow,Z,15,RAMSEY,FGF,18-FEB-26 04:41:00,CST-6,18-FEB-26 06:53:00,0,0,0,0,,,Public,,,,,,,,,,,,,,,,,,,,,,A strong upper low brought heavy snow to much of eastern North Dakota and northwest Minnesota on February 17th and 18th. Snowfall totals ranged from a few inches to nearly 17 inches.,Measurement of 12 inches of snow taken at the corner of Hwy 19 and US Hwy 2 in Devils Lake.,CSV
202602,18,441,202602,18,829,211159,1320105,NORTH DAKOTA,38,2026,February,Heavy Snow,Z,15,RAMSEY,FGF,18-FEB-26 04:41:00,CST-6,18-FEB-26 08:29:00,0,0,0,0,,,Public,,,,,,,,,,,,,,,,,,,,,,A strong upper low brought heavy snow to much of eastern North Dakota and northwest Minnesota on February 17th and 18th. Snowfall totals ranged from a few inches to nearly 17 inches.,Public report of 12 inches of snow measured 2 miles SW of Devils Lake.,CSV
202602,18,1430,202602,18,1430,211159,1320118,NORTH DAKOTA,38,2026,February,Heavy Snow,Z,14,BENSON,FGF,18-FEB-26 14:30:00,CST-6,18-FEB-26 14:30:00,0,0,0,0,,,Public,,,,,,,,,,,,,,,,,,,,,,A strong upper low brought heavy snow to much of eastern North Dakota and northwest Minnesota on February 17th and 18th. Snowfall totals ranged from a few inches to nearly 17 inches.,"Received a public report of 8 inches of snow 5 miles miles northwest of Oberon, ND.",CSV
202602,18,1430,202602,18,1430,211159,1320120,NORTH DAKOTA,38,2026,February,Heavy Snow,Z,14,BENSON,FGF,18-FEB-26 14:30:00,CST-6,18-FEB-26 14:30:00,0,0,0,0,,,Public,,,,,,,,,,,,,,,,,,,,,,A strong upper low brought heavy snow to much of eastern North Dakota and northwest Minnesota on February 17th and 18th. Snowfall totals ranged from a few inches to nearly 17 inches.,"Received a public report of 7 inches of snow 4 miles miles southwest of Oberon, ND.",CSV
202602,18,1500,202602,18,1500,211159,1320124,NORTH DAKOTA,38,2026,February,Heavy Snow,Z,14,BENSON,FGF,18-FEB-26 15:00:00,CST-6,18-FEB-26 15:00:00,0,0,0,0,,,Public,,,,,,,,,,,,,,,,,,,,,,A strong upper low brought heavy snow to much of eastern North Dakota and northwest Minnesota on February 17th and 18th. Snowfall totals ranged from a few inches to nearly 17 inches.,"Received a public report of 12 inches of snow in Leeds, ND.",CSV
202602,17,2100,202602,18,1800,210305,1311996,NORTH DAKOTA,38,2026,February,Heavy Snow,Z,10,MOUNTRAIL,BIS,17-FEB-26 21:00:00,CST-6,18-FEB-26 18:00:00,0,0,0,0,0.00K,0.00K,Public,,,,,,,,,,,,,,,,,,,,,,"A broad low pressure system over the Northern Plains combined with an upper level trough pushing through the region to produce heavy snow over northwest and north central North Dakota. The greatest snow amounts reported were around nine inches, which occurred in Divide, Bottineau, and Pierce Counties.",Plaza received seven inches of snow.,CSV
202602,17,2100,202602,18,1800,210305,1311997,NORTH DAKOTA,38,2026,February,Heavy Snow,Z,11,WARD,BIS,17-FEB-26 21:00:00,CST-6,18-FEB-26 18:00:00,0,0,0,0,0.00K,0.00K,Public,,,,,,,,,,,,,,,,,,,,,,"A broad low pressure system over the Northern Plains combined with an upper level trough pushing through the region to produce heavy snow over northwest and north central North Dakota. The greatest snow amounts reported were around nine inches, which occurred in Divide, Bottineau, and Pierce Counties.",Kenmare received seven inches of snow.,CSV
202602,17,2100,202602,18,1800,210305,1311998,NORTH DAKOTA,38,2026,February,Heavy Snow,Z,2,BURKE,BIS,17-FEB-26 21:00:00,CST-6,18-FEB-26 18:00:00,0,0,0,0,0.00K,0.00K,Public,,,,,,,,,,,,,,,,,,,,,,"A broad low pressure system over the Northern Plains combined with an upper level trough pushing through the region to produce heavy snow over northwest and north central North Dakota. The greatest snow amounts reported were around nine inches, which occurred in Divide, Bottineau, and Pierce Counties.",Locations north of Lostwood received seven inches of snow.,CSV
202603,11,1800,202603,13,108,212029,1327847,NORTH DAKOTA,38,2026,March,Heavy Snow,Z,7,CAVALIER,FGF,11-MAR-26 18:00:00,CST-6,13-MAR-26 01:08:00,0,0,0,0,,,COOP Observer,,,,,,,,,,,,,,,,,,,,,,"A strong shortwave trough moved through the Northern Plains and brought high winds, heavy snow, and blowing snow across eastern North Dakota and northwest Minnesota. The highest winds occurs to the south of the main areas of snow.","Received a report of 6.5 inches of snow as measured by a Co-Op observer 1 mile east of Langdon, ND.",CSV
202603,11,1800,202603,13,108,212029,1327840,NORTH DAKOTA,38,2026,March,Heavy Snow,Z,8,PEMBINA,FGF,11-MAR-26 18:00:00,CST-6,13-MAR-26 01:08:00,0,0,0,0,,,Public,,,,,,,,,,,,,,,,,,,,,,"A strong shortwave trough moved through the Northern Plains and brought high winds, heavy snow, and blowing snow across eastern North Dakota and northwest Minnesota. The highest winds occurs to the south of the main areas of snow.","Received a public report of 7 inches of snow as measured 12 miles northwest of Cavalier, ND. Report received via social media.",CSV
202603,11,1800,202603,13,108,212029,1327841,NORTH DAKOTA,38,2026,March,Heavy Snow,Z,16,EASTERN WALSH,FGF,11-MAR-26 18:00:00,CST-6,13-MAR-26 01:08:00,0,0,0,0,,,Emergency Manager,,,,,,,,,,,,,,,,,,,,,,"A strong shortwave trough moved through the Northern Plains and brought high winds, heavy snow, and blowing snow across eastern North Dakota and northwest Minnesota. The highest winds occurs to the south of the main areas of snow.","Received a report of 7 inches of snow as measured by an Emergency Manager, 1 mile north of Grafton, ND.",CSV
202601,18,951,202601,18,1653,210486,1316908,NORTH DAKOTA,38,2026,January,Blizzard,Z,27,GRAND FORKS,FGF,18-JAN-26 09:51:00,CST-6,18-JAN-26 16:53:00,0,0,0,0,,,ASOS,,,,,,,,,,,,,,,,,,,,,,"A strong upper trough moved across the Northern Plains, bringing strong winds, light snow, and blizzard conditions. The initial area of light snow ended during the early morning of January 18 as a strong cold front moved into the region. Post frontal snow showers along with strong winds behind the front contributed to widespread whiteout conditions in blowing snow primarily in northeast North Dakota and the Red River Valley of northwest Minnesota. Strongest wind gusts were 50 to 57 mph. Interstate 29 was closed from Grand Forks, ND to the International Border during due to whiteout conditions. A no travel advised was also issued over parts of northeast ND by NDDOT.","Whiteout conditions due to falling snow and blowing snow were reported at KGFK ASOS, with winds gusting 35 to 56 mph.",CSV
202601,18,855,202601,18,1635,210486,1316914,NORTH DAKOTA,38,2026,January,Blizzard,Z,16,EASTERN WALSH,FGF,18-JAN-26 08:55:00,CST-6,18-JAN-26 16:35:00,0,0,0,0,,,AWOS,,,,,,,,,,,,,,,,,,,,,,"A strong upper trough moved across the Northern Plains, bringing strong winds, light snow, and blizzard conditions. The initial area of light snow ended during the early morning of January 18 as a strong cold front moved into the region. Post frontal snow showers along with strong winds behind the front contributed to widespread whiteout conditions in blowing snow primarily in northeast North Dakota and the Red River Valley of northwest Minnesota. Strongest wind gusts were 50 to 57 mph. Interstate 29 was closed from Grand Forks, ND to the International Border during due to whiteout conditions. A no travel advised was also issued over parts of northeast ND by NDDOT.","Whiteout conditions reported at KGAF AWOS at Grafton, ND, with winds gusting 35 to 52 mph.",CSV
202602,27,1214,202602,27,1214,211160,1321157,NORTH DAKOTA,38,2026,February,High Wind,Z,27,GRAND FORKS,FGF,27-FEB-26 12:14:00,CST-6,27-FEB-26 12:14:00,0,0,0,0,,,ASOS,51.00,MG,,,,,,,,,,,,,,,,,,,,Wind gusts up to 66 mph were observed on February 27th as steep pressure rises and strong mixing led to several hours of strong winds.,ASOS station at KGFK Grand Forks International Airport reports a 59 mph wind gust.,CSV
202601,22,1000,202601,23,100,210626,1315334,NORTH DAKOTA,38,2026,January,Extreme Cold/Wind Chill,Z,29,STEELE,FGF,22-JAN-26 10:00:00,CST-6,23-JAN-26 01:00:00,0,0,0,0,,,Mesonet,,,,,,,,,,,,,,,,,,,,,,Arctic air settled into the Northern Plains and Upper Midwest resulting in a prologued period of extreme cold and wind chills across eastern North Dakota.,The NDAWN station at Finely 1 NNW consistently reported wind chill values -40 or lower from the morning of January 22 through midday on January 23. The lowest wind chill value during that period was -50.,CSV
202601,25,400,202601,25,1200,210626,1315335,NORTH DAKOTA,38,2026,January,Extreme Cold/Wind Chill,Z,29,STEELE,FGF,25-JAN-26 04:00:00,CST-6,25-JAN-26 12:00:00,0,0,0,0,,,Mesonet,,,,,,,,,,,,,,,,,,,,,,Arctic air settled into the Northern Plains and Upper Midwest resulting in a prologued period of extreme cold and wind chills across eastern North Dakota.,The NDAWN station at Finely 1 NNW consistently reported wind chill values -40 or lower on the morning of January 25. The lowest wind chill value during that period was -44.,CSV
202601,22,1000,202601,23,1200,210626,1315337,NORTH DAKOTA,38,2026,January,Extreme Cold/Wind Chill,Z,30,TRAILL,FGF,22-JAN-26 10:00:00,CST-6,23-JAN-26 12:00:00,0,0,0,0,,,Mesonet,,,,,,,,,,,,,,,,,,,,,,Arctic air settled into the Northern Plains and Upper Midwest resulting in a prologued period of extreme cold and wind chills across eastern North Dakota.,The NDAWN station at Hillsboro 7SE consistently reported wind chill values -40 or lower from the morning of January 22 through midday on January 23. The lowest wind chill value during that period was -47.,CSV
202601,25,700,202601,25,1200,210626,1315339,NORTH DAKOTA,38,2026,January,Extreme Cold/Wind Chill,Z,30,TRAILL,FGF,25-JAN-26 07:00:00,CST-6,25-JAN-26 12:00:00,0,0,0,0,,,Mesonet,,,,,,,,,,,,,,,,,,,,,,Arctic air settled into the Northern Plains and Upper Midwest resulting in a prologued period of extreme cold and wind chills across eastern North Dakota.,The NDAWN station at Hillsboro 7SE consistently reported wind chill values -40 or lower on the morning of January 25. The lowest wind chill value during that period was -43.,CSV
202601,22,1055,202601,23,1100,210626,1315341,NORTH DAKOTA,38,2026,January,Extreme Cold/Wind Chill,Z,38,BARNES,FGF,22-JAN-26 10:55:00,CST-6,23-JAN-26 11:00:00,0,0,0,0,,,AWOS,,,,,,,,,,,,,,,,,,,,,,Arctic air settled into the Northern Plains and Upper Midwest resulting in a prologued period of extreme cold and wind chills across eastern North Dakota.,"The AWOS KBAC at Valley City, ND consistently reported wind chills -40 or lower from the morning of January 22nd into the morning of the 23rd. The lowest wind chill value during that period was -47.",CSV
202603,11,1800,202603,13,108,212029,1327848,NORTH DAKOTA,38,2026,March,Heavy Snow,Z,53,RICHLAND,FGF,11-MAR-26 18:00:00,CST-6,13-MAR-26 01:08:00,0,0,0,0,,,Public,,,,,,,,,,,,,,,,,,,,,,"A strong shortwave trough moved through the Northern Plains and brought high winds, heavy snow, and blowing snow across eastern North Dakota and northwest Minnesota. The highest winds occurs to the south of the main areas of snow.","Received a public report of 6 inches of snow as measured in Hankinson, ND.",CSV
202603,12,2055,202603,13,35,212029,1327909,NORTH DAKOTA,38,2026,March,High Wind,Z,52,SARGENT,FGF,12-MAR-26 20:55:00,CST-6,13-MAR-26 00:35:00,0,0,0,0,,,AWOS,58.00,MG,,,,,,,,,,,,,,,,,,,,"A strong shortwave trough moved through the Northern Plains and brought high winds, heavy snow, and blowing snow across eastern North Dakota and northwest Minnesota. The highest winds occurs to the south of the main areas of snow.","Sustained winds exceeding 40 mph, and wind gusts of 58 and 67 mph were measured by the AWOS KGWR at the Gwinner, ND airport.",CSV
202603,12,2353,202603,13,53,212029,1327910,NORTH DAKOTA,38,2026,March,High Wind,Z,39,CASS,FGF,12-MAR-26 23:53:00,CST-6,13-MAR-26 00:53:00,0,0,0,0,,,ASOS,56.00,MG,,,,,,,,,,,,,,,,,,,,"A strong shortwave trough moved through the Northern Plains and brought high winds, heavy snow, and blowing snow across eastern North Dakota and northwest Minnesota. The highest winds occurs to the south of the main areas of snow.",Sustained wind 40 mph and a wind gust to 64 mph were observed by the KFAR ASOS at Fargo International Airport.,CSV
202603,12,2355,202603,13,15,212029,1327911,NORTH DAKOTA,38,2026,March,High Wind,Z,53,RICHLAND,FGF,12-MAR-26 23:55:00,CST-6,13-MAR-26 00:15:00,0,0,0,0,,,AWOS,54.00,MG,,,,,,,,,,,,,,,,,,,,"A strong shortwave trough moved through the Northern Plains and brought high winds, heavy snow, and blowing snow across eastern North Dakota and northwest Minnesota. The highest winds occurs to the south of the main areas of snow.","Measured wind gusts of 61 and 62 mph at KBWP AWOS at Harry Stern Airport in Wahpeton, ND.",CSV
202602,18,1928,202602,18,1928,211159,1320111,NORTH DAKOTA,38,2026,February,Heavy Snow,Z,15,RAMSEY,FGF,18-FEB-26 19:28:00,CST-6,18-FEB-26 19:28:00,0,0,0,0,,,Broadcast Media,,,,,,,,,,,,,,,,,,,,,,A strong upper low brought heavy snow to much of eastern North Dakota and northwest Minnesota on February 17th and 18th. Snowfall totals ranged from a few inches to nearly 17 inches.,Measurement of 14 inches of snow reported from KXMB.,CSV
202602,18,1430,202602,18,1430,211159,1320116,NORTH DAKOTA,38,2026,February,Heavy Snow,Z,14,BENSON,FGF,18-FEB-26 14:30:00,CST-6,18-FEB-26 14:30:00,0,0,0,0,,,Public,,,,,,,,,,,,,,,,,,,,,,A strong upper low brought heavy snow to much of eastern North Dakota and northwest Minnesota on February 17th and 18th. Snowfall totals ranged from a few inches to nearly 17 inches.,"Received a public report of 10 inches of snow in Minnewaukan, ND.",CSV
202602,18,1200,202602,19,600,211159,1320110,NORTH DAKOTA,38,2026,February,Heavy Snow,Z,27,GRAND FORKS,FGF,18-FEB-26 12:00:00,CST-6,19-FEB-26 06:00:00,0,0,0,0,,,Official NWS Observations,,,,,,,,,,,,,,,,,,,,,,A strong upper low brought heavy snow to much of eastern North Dakota and northwest Minnesota on February 17th and 18th. Snowfall totals ranged from a few inches to nearly 17 inches.,"NWS official midday observation measures 6.3 inches of snow so far in the event. 48 hour snowfall was 11.3 inches, with a liquid content of 1.33 inches. Measurement taken 1 mile WNW of Grand Forks.",CSV
202602,19,1007,202602,19,1007,211159,1320122,NORTH DAKOTA,38,2026,February,Heavy Snow,Z,7,CAVALIER,FGF,19-FEB-26 10:07:00,CST-6,19-FEB-26 10:07:00,0,0,0,0,,,COOP Observer,,,,,,,,,,,,,,,,,,,,,,A strong upper low brought heavy snow to much of eastern North Dakota and northwest Minnesota on February 17th and 18th. Snowfall totals ranged from a few inches to nearly 17 inches.,"Trained Co-Op observer reports 6.5 inches of snow 2 miles ESE of Langdon, ND.",CSV
202602,19,1410,202602,19,1410,211159,1320129,NORTH DAKOTA,38,2026,February,Heavy Snow,Z,6,TOWNER,FGF,19-FEB-26 14:10:00,CST-6,19-FEB-26 14:10:00,0,0,0,0,,,Public,,,,,,,,,,,,,,,,,,,,,,A strong upper low brought heavy snow to much of eastern North Dakota and northwest Minnesota on February 17th and 18th. Snowfall totals ranged from a few inches to nearly 17 inches.,"Received a public report of 7.5 inches of snow in Rocklake, ND.",CSV
202601,25,800,202601,25,1200,210626,1315347,NORTH DAKOTA,38,2026,January,Extreme Cold/Wind Chill,Z,38,BARNES,FGF,25-JAN-26 08:00:00,CST-6,25-JAN-26 12:00:00,0,0,0,0,,,Mesonet,,,,,,,,,,,,,,,,,,,,,,Arctic air settled into the Northern Plains and Upper Midwest resulting in a prologued period of extreme cold and wind chills across eastern North Dakota.,The NDAWN station at Dazey 2E consistently reported wind chills -40 or lower from on the morning of January 25. The lowest wind chill value during this period at the station was -44.,CSV
202601,22,937,202601,23,1000,210626,1315353,NORTH DAKOTA,38,2026,January,Extreme Cold/Wind Chill,Z,39,CASS,FGF,22-JAN-26 09:37:00,CST-6,23-JAN-26 10:00:00,0,0,0,0,0.00K,0.00K,ASOS,,,,,,,,,,,,,,,,,,,,,,Arctic air settled into the Northern Plains and Upper Midwest resulting in a prologued period of extreme cold and wind chills across eastern North Dakota.,The KFAR ASOS at Fargo International Airport consistently reported wind chills -40 or lower from the morning of January 22 through the morning hours of January 24. The lowest wind chill value during this period at the station was -45.,CSV
202601,22,1600,202601,23,1100,210626,1315357,NORTH DAKOTA,38,2026,January,Extreme Cold/Wind Chill,Z,49,RANSOM,FGF,22-JAN-26 16:00:00,CST-6,23-JAN-26 11:00:00,0,0,0,0,,,Mesonet,,,,,,,,,,,,,,,,,,,,,,Arctic air settled into the Northern Plains and Upper Midwest resulting in a prologued period of extreme cold and wind chills across eastern North Dakota.,The NDAWN station at Lisbon 2W consistently reported wind chills -40 or lower from the evening of January 22 through the early morning hours of January 23. The lowest wind chill value during this period at the station was -44.,CSV
202601,22,1615,202601,23,1000,210626,1315360,NORTH DAKOTA,38,2026,January,Extreme Cold/Wind Chill,Z,52,SARGENT,FGF,22-JAN-26 16:15:00,CST-6,23-JAN-26 10:00:00,0,0,0,0,,,AWOS,,,,,,,,,,,,,,,,,,,,,,Arctic air settled into the Northern Plains and Upper Midwest resulting in a prologued period of extreme cold and wind chills across eastern North Dakota.,"The KGWR AWOS at Gwinner, ND consistently reported wind chills -40 or lower from the evening of January 22 through the morning hours of January 23. The lowest wind chill value during this period at that site was -46.",CSV
202601,22,315,202601,23,455,210626,1315366,NORTH DAKOTA,38,2026,January,Extreme Cold/Wind Chill,Z,53,RICHLAND,FGF,22-JAN-26 03:15:00,CST-6,23-JAN-26 04:55:00,0,0,0,0,,,AWOS,,,,,,,,,,,,,,,,,,,,,,Arctic air settled into the Northern Plains and Upper Midwest resulting in a prologued period of extreme cold and wind chills across eastern North Dakota.,"The KBWP AWOS at Wahpeton, ND frequently reported wind chills -40 or lower from the evening of January 22 through the morning hours of January 23. The lowest wind chill value during this period at that site was -46.",CSV
202602,17,2100,202602,18,1800,210305,1312005,NORTH DAKOTA,38,2026,February,Heavy Snow,Z,13,PIERCE,BIS,17-FEB-26 21:00:00,CST-6,18-FEB-26 18:00:00,0,0,0,0,0.00K,0.00K,CoCoRaHS,,,,,,,,,,,,,,,,,,,,,,"A broad low pressure system over the Northern Plains combined with an upper level trough pushing through the region to produce heavy snow over northwest and north central North Dakota. The greatest snow amounts reported were around nine inches, which occurred in Divide, Bottineau, and Pierce Counties.",Locations south of Berwick received nine inches of snow.,CSV
202602,17,2100,202602,18,1800,210305,1312006,NORTH DAKOTA,38,2026,February,Heavy Snow,Z,12,MCHENRY,BIS,17-FEB-26 21:00:00,CST-6,18-FEB-26 18:00:00,0,0,0,0,0.00K,0.00K,CoCoRaHS,,,,,,,,,,,,,,,,,,,,,,"A broad low pressure system over the Northern Plains combined with an upper level trough pushing through the region to produce heavy snow over northwest and north central North Dakota. The greatest snow amounts reported were around nine inches, which occurred in Divide, Bottineau, and Pierce Counties.",McHenry County received an estimated seven inches of snow.,CSV
202603,12,1300,202603,12,2000,211569,1321867,NORTH DAKOTA,38,2026,March,High Wind,Z,21,MCLEAN,BIS,12-MAR-26 13:00:00,CST-6,12-MAR-26 20:00:00,0,0,0,0,0.00K,0.00K,ASOS,50.00,MG,,,,,,,,,,,,,,,,,,,,"A surface low pressure system passed over North Dakota and deepened over the Red River Valley.  This, combined with strong winds aloft mixing down, resulted in very strong wind gusts over much of western and central North Dakota. The strongest wind gust reported was 89 mph which occurred at Hettinger in Adams County.",Garrison ASOS reported wind gusts to 58 mph.,CSV
202603,12,1300,202603,12,2300,211569,1321868,NORTH DAKOTA,38,2026,March,High Wind,Z,22,SHERIDAN,BIS,12-MAR-26 13:00:00,CST-6,12-MAR-26 23:00:00,0,0,0,0,0.00K,0.00K,Mesonet,38.00,MS,,,,,,,,,,,,,,,,,,,,"A surface low pressure system passed over North Dakota and deepened over the Red River Valley.  This, combined with strong winds aloft mixing down, resulted in very strong wind gusts over much of western and central North Dakota. The strongest wind gust reported was 89 mph which occurred at Hettinger in Adams County.",Denhoff NDDOT reported sustained winds to 44 mph.,CSV
202603,12,1300,202603,12,2300,211569,1321869,NORTH DAKOTA,38,2026,March,High Wind,Z,23,WELLS,BIS,12-MAR-26 13:00:00,CST-6,12-MAR-26 23:00:00,0,0,0,0,0.00K,0.00K,AWOS,35.00,MS,,,,,,,,,,,,,,,,,,,,"A surface low pressure system passed over North Dakota and deepened over the Red River Valley.  This, combined with strong winds aloft mixing down, resulted in very strong wind gusts over much of western and central North Dakota. The strongest wind gust reported was 89 mph which occurred at Hettinger in Adams County.",Harvey AWOS reported sustained winds to 40 mph.,CSV
202603,12,1000,202603,12,2000,211569,1321870,NORTH DAKOTA,38,2026,March,High Wind,Z,31,GOLDEN VALLEY,BIS,12-MAR-26 10:00:00,CST-6,12-MAR-26 20:00:00,0,0,0,0,0.00K,0.00K,AWOS,62.00,MG,,,,,,,,,,,,,,,,,,,,"A surface low pressure system passed over North Dakota and deepened over the Red River Valley.  This, combined with strong winds aloft mixing down, resulted in very strong wind gusts over much of western and central North Dakota. The strongest wind gust reported was 89 mph which occurred at Hettinger in Adams County.",Beach AWOS reported wind gusts to 71 mph.,CSV
202603,12,1000,202603,12,2000,211569,1321871,NORTH DAKOTA,38,2026,March,High Wind,Z,32,BILLINGS,BIS,12-MAR-26 10:00:00,CST-6,12-MAR-26 20:00:00,0,0,0,0,0.00K,0.00K,Mesonet,55.00,MG,,,,,,,,,,,,,,,,,,,,"A surface low pressure system passed over North Dakota and deepened over the Red River Valley.  This, combined with strong winds aloft mixing down, resulted in very strong wind gusts over much of western and central North Dakota. The strongest wind gust reported was 89 mph which occurred at Hettinger in Adams County.",Medora NDDOT site reported wind gusts to 63 mph.,CSV
202603,12,1000,202603,12,2000,211569,1321872,NORTH DAKOTA,38,2026,March,High Wind,Z,33,STARK,BIS,12-MAR-26 10:00:00,CST-6,12-MAR-26 20:00:00,0,0,0,0,0.00K,0.00K,ASOS,65.00,MG,,,,,,,,,,,,,,,,,,,,"A surface low pressure system passed over North Dakota and deepened over the Red River Valley.  This, combined with strong winds aloft mixing down, resulted in very strong wind gusts over much of western and central North Dakota. The strongest wind gust reported was 89 mph which occurred at Hettinger in Adams County.",Dickinson ASOS reported wind gusts to 75 mph.,CSV
202603,12,1300,202603,12,2000,211569,1321873,NORTH DAKOTA,38,2026,March,High Wind,Z,34,MORTON,BIS,12-MAR-26 13:00:00,CST-6,12-MAR-26 20:00:00,0,0,0,0,0.00K,0.00K,Mesonet,55.00,MG,,,,,,,,,,,,,,,,,,,,"A surface low pressure system passed over North Dakota and deepened over the Red River Valley.  This, combined with strong winds aloft mixing down, resulted in very strong wind gusts over much of western and central North Dakota. The strongest wind gust reported was 89 mph which occurred at Hettinger in Adams County.",New Salem NDDOT site reported wind gusts to 63 mph.,CSV
202603,12,1300,202603,12,2000,211569,1321874,NORTH DAKOTA,38,2026,March,High Wind,Z,35,BURLEIGH,BIS,12-MAR-26 13:00:00,CST-6,12-MAR-26 20:00:00,0,0,0,0,0.00K,0.00K,RAWS,62.00,MG,,,,,,,,,,,,,,,,,,,,"A surface low pressure system passed over North Dakota and deepened over the Red River Valley.  This, combined with strong winds aloft mixing down, resulted in very strong wind gusts over much of western and central North Dakota. The strongest wind gust reported was 89 mph which occurred at Hettinger in Adams County.",Long Lake RAWS reported wind gusts to 71 mph.,CSV
202603,12,1300,202603,12,2300,211569,1321875,NORTH DAKOTA,38,2026,March,High Wind,Z,37,STUTSMAN,BIS,12-MAR-26 13:00:00,CST-6,12-MAR-26 23:00:00,0,0,0,0,0.00K,0.00K,Mesonet,55.00,MG,,,,,,,,,,,,,,,,,,,,"A surface low pressure system passed over North Dakota and deepened over the Red River Valley.  This, combined with strong winds aloft mixing down, resulted in very strong wind gusts over much of western and central North Dakota. The strongest wind gust reported was 89 mph which occurred at Hettinger in Adams County.",Medina NDDOT site reported wind gusts to 63 mph.,CSV
202603,12,1300,202603,12,2000,211569,1321876,NORTH DAKOTA,38,2026,March,High Wind,Z,42,GRANT,BIS,12-MAR-26 13:00:00,CST-6,12-MAR-26 20:00:00,0,0,0,0,0.00K,0.00K,Mesonet,69.00,MG,,,,,,,,,,,,,,,,,,,,"A surface low pressure system passed over North Dakota and deepened over the Red River Valley.  This, combined with strong winds aloft mixing down, resulted in very strong wind gusts over much of western and central North Dakota. The strongest wind gust reported was 89 mph which occurred at Hettinger in Adams County.",Lake Tschida CWOP reported wind gusts to 79 mph.,CSV
202603,12,1000,202603,12,2000,211569,1321877,NORTH DAKOTA,38,2026,March,High Wind,Z,43,BOWMAN,BIS,12-MAR-26 10:00:00,CST-6,12-MAR-26 20:00:00,0,0,0,0,0.00K,0.00K,AWOS,66.00,MG,,,,,,,,,,,,,,,,,,,,"A surface low pressure system passed over North Dakota and deepened over the Red River Valley.  This, combined with strong winds aloft mixing down, resulted in very strong wind gusts over much of western and central North Dakota. The strongest wind gust reported was 89 mph which occurred at Hettinger in Adams County.",Bowman AWOS reported wind gusts to 76 mph.,CSV
202603,12,1300,202603,12,2000,211569,1321878,NORTH DAKOTA,38,2026,March,High Wind,Z,45,SIOUX,BIS,12-MAR-26 13:00:00,CST-6,12-MAR-26 20:00:00,0,0,0,0,0.00K,0.00K,RAWS,61.00,MG,,,,,,,,,,,,,,,,,,,,"A surface low pressure system passed over North Dakota and deepened over the Red River Valley.  This, combined with strong winds aloft mixing down, resulted in very strong wind gusts over much of western and central North Dakota. The strongest wind gust reported was 89 mph which occurred at Hettinger in Adams County.",Tatanka Prairie RAWS reported wind gusts to 70 mph.,CSV
202603,14,700,202603,15,300,210803,1316394,NORTH DAKOTA,38,2026,March,Heavy Snow,Z,33,STARK,BIS,14-MAR-26 07:00:00,CST-6,15-MAR-26 03:00:00,0,0,0,0,0.00K,0.00K,Public,,,,,,,,,,,,,,,,,,,,,,"An upper level low pressure system passing from the Northern Rockies through the Northern Plains resulted in snow developing, with heavy snow over portions of southwest and south central North Dakota. The greatest snow report of ten inches occurred at Gladstone in Stark County.",Gladstone received ten inches of snow.,CSV
202603,14,1000,202603,15,600,210803,1316395,NORTH DAKOTA,38,2026,March,Heavy Snow,Z,45,SIOUX,BIS,14-MAR-26 10:00:00,CST-6,15-MAR-26 06:00:00,0,0,0,0,0.00K,0.00K,Public,,,,,,,,,,,,,,,,,,,,,,"An upper level low pressure system passing from the Northern Rockies through the Northern Plains resulted in snow developing, with heavy snow over portions of southwest and south central North Dakota. The greatest snow report of ten inches occurred at Gladstone in Stark County.",Solen received six inches of snow.,CSV
202603,14,1300,202603,15,800,210803,1316397,NORTH DAKOTA,38,2026,March,Heavy Snow,Z,50,MCINTOSH,BIS,14-MAR-26 13:00:00,CST-6,15-MAR-26 08:00:00,0,0,0,0,0.00K,0.00K,COOP Observer,,,,,,,,,,,,,,,,,,,,,,"An upper level low pressure system passing from the Northern Rockies through the Northern Plains resulted in snow developing, with heavy snow over portions of southwest and south central North Dakota. The greatest snow report of ten inches occurred at Gladstone in Stark County.",Ashley received six inches of snow.,CSV
202603,14,1300,202603,15,800,210803,1316398,NORTH DAKOTA,38,2026,March,Heavy Snow,Z,47,LOGAN,BIS,14-MAR-26 13:00:00,CST-6,15-MAR-26 08:00:00,0,0,0,0,0.00K,0.00K,CoCoRaHS,,,,,,,,,,,,,,,,,,,,,,"An upper level low pressure system passing from the Northern Rockies through the Northern Plains resulted in snow developing, with heavy snow over portions of southwest and south central North Dakota. The greatest snow report of ten inches occurred at Gladstone in Stark County.",Napoleon received six inches of snow.,CSV
202603,14,1000,202603,15,600,210803,1321775,NORTH DAKOTA,38,2026,March,Heavy Snow,Z,42,GRANT,BIS,14-MAR-26 10:00:00,CST-6,15-MAR-26 06:00:00,0,0,0,0,0.00K,0.00K,COOP Observer,,,,,,,,,,,,,,,,,,,,,,"An upper level low pressure system passing from the Northern Rockies through the Northern Plains resulted in snow developing, with heavy snow over portions of southwest and south central North Dakota. The greatest snow report of ten inches occurred at Gladstone in Stark County.",Pretty Rock received seven inches of snow.,CSV
202603,12,1300,202603,12,2000,211569,1321879,NORTH DAKOTA,38,2026,March,High Wind,Z,46,EMMONS,BIS,12-MAR-26 13:00:00,CST-6,12-MAR-26 20:00:00,0,0,0,0,0.00K,0.00K,Mesonet,58.00,MG,,,,,,,,,,,,,,,,,,,,"A surface low pressure system passed over North Dakota and deepened over the Red River Valley.  This, combined with strong winds aloft mixing down, resulted in very strong wind gusts over much of western and central North Dakota. The strongest wind gust reported was 89 mph which occurred at Hettinger in Adams County.",Hazelton NDDOT site reported wind gusts to 67 mph.,CSV
202603,12,1300,202603,12,2300,211569,1321880,NORTH DAKOTA,38,2026,March,High Wind,Z,48,LA MOURE,BIS,12-MAR-26 13:00:00,CST-6,12-MAR-26 23:00:00,0,0,0,0,0.00K,0.00K,Mesonet,59.00,MG,,,,,,,,,,,,,,,,,,,,"A surface low pressure system passed over North Dakota and deepened over the Red River Valley.  This, combined with strong winds aloft mixing down, resulted in very strong wind gusts over much of western and central North Dakota. The strongest wind gust reported was 89 mph which occurred at Hettinger in Adams County.",Verona NDDOT site reported wind gusts to 68 mph.,CSV
202603,12,1300,202603,12,2300,211569,1321881,NORTH DAKOTA,38,2026,March,High Wind,Z,50,MCINTOSH,BIS,12-MAR-26 13:00:00,CST-6,12-MAR-26 23:00:00,0,0,0,0,0.00K,0.00K,Mesonet,54.00,MG,,,,,,,,,,,,,,,,,,,,"A surface low pressure system passed over North Dakota and deepened over the Red River Valley.  This, combined with strong winds aloft mixing down, resulted in very strong wind gusts over much of western and central North Dakota. The strongest wind gust reported was 89 mph which occurred at Hettinger in Adams County.",Wishek NDDOT site reported wind gusts to 62 mph.,CSV
202603,12,1300,202603,12,2300,211569,1321882,NORTH DAKOTA,38,2026,March,High Wind,Z,51,DICKEY,BIS,12-MAR-26 13:00:00,CST-6,12-MAR-26 23:00:00,0,0,0,0,0.00K,0.00K,AWOS,62.00,MG,,,,,,,,,,,,,,,,,,,,"A surface low pressure system passed over North Dakota and deepened over the Red River Valley.  This, combined with strong winds aloft mixing down, resulted in very strong wind gusts over much of western and central North Dakota. The strongest wind gust reported was 89 mph which occurred at Hettinger in Adams County.",Oakes AWOS reported wind gusts to 71 mph.,CSV
202603,12,1000,202603,12,1600,211569,1321883,NORTH DAKOTA,38,2026,March,High Wind,Z,9,WILLIAMS,BIS,12-MAR-26 10:00:00,CST-6,12-MAR-26 16:00:00,0,0,0,0,0.00K,0.00K,RAWS,52.00,EG,,,,,,,,,,,,,,,,,,,,"A surface low pressure system passed over North Dakota and deepened over the Red River Valley.  This, combined with strong winds aloft mixing down, resulted in very strong wind gusts over much of western and central North Dakota. The strongest wind gust reported was 89 mph which occurred at Hettinger in Adams County.",Williams County had estimated gusts to 60 mph.,CSV
202603,14,1300,202603,15,800,210803,1321776,NORTH DAKOTA,38,2026,March,Heavy Snow,Z,48,LA MOURE,BIS,14-MAR-26 13:00:00,CST-6,15-MAR-26 08:00:00,0,0,0,0,0.00K,0.00K,CoCoRaHS,,,,,,,,,,,,,,,,,,,,,,"An upper level low pressure system passing from the Northern Rockies through the Northern Plains resulted in snow developing, with heavy snow over portions of southwest and south central North Dakota. The greatest snow report of ten inches occurred at Gladstone in Stark County.",LaMoure County received an estimated six inches of snow.,CSV
202603,12,1300,202603,12,1600,211569,1321884,NORTH DAKOTA,38,2026,March,High Wind,Z,10,MOUNTRAIL,BIS,12-MAR-26 13:00:00,CST-6,12-MAR-26 16:00:00,0,0,0,0,0.00K,0.00K,ASOS,52.00,EG,,,,,,,,,,,,,,,,,,,,"A surface low pressure system passed over North Dakota and deepened over the Red River Valley.  This, combined with strong winds aloft mixing down, resulted in very strong wind gusts over much of western and central North Dakota. The strongest wind gust reported was 89 mph which occurred at Hettinger in Adams County.",Mountrail County had estimated wind gusts to 60 mph.,CSV
202603,14,1300,202603,15,800,210803,1321777,NORTH DAKOTA,38,2026,March,Heavy Snow,Z,51,DICKEY,BIS,14-MAR-26 13:00:00,CST-6,15-MAR-26 08:00:00,0,0,0,0,0.00K,0.00K,COOP Observer,,,,,,,,,,,,,,,,,,,,,,"An upper level low pressure system passing from the Northern Rockies through the Northern Plains resulted in snow developing, with heavy snow over portions of southwest and south central North Dakota. The greatest snow report of ten inches occurred at Gladstone in Stark County.",Dickey County received an estimated six inches of snow.,CSV
202603,12,1300,202603,12,1600,211569,1321885,NORTH DAKOTA,38,2026,March,High Wind,Z,11,WARD,BIS,12-MAR-26 13:00:00,CST-6,12-MAR-26 16:00:00,0,0,0,0,0.00K,0.00K,ASOS,52.00,EG,,,,,,,,,,,,,,,,,,,,"A surface low pressure system passed over North Dakota and deepened over the Red River Valley.  This, combined with strong winds aloft mixing down, resulted in very strong wind gusts over much of western and central North Dakota. The strongest wind gust reported was 89 mph which occurred at Hettinger in Adams County.",Ward County had estimated wind gusts to 60 mph.,CSV
202603,14,1000,202603,15,600,210803,1321778,NORTH DAKOTA,38,2026,March,Heavy Snow,Z,46,EMMONS,BIS,14-MAR-26 10:00:00,CST-6,15-MAR-26 06:00:00,0,0,0,0,0.00K,0.00K,Public,,,,,,,,,,,,,,,,,,,,,,"An upper level low pressure system passing from the Northern Rockies through the Northern Plains resulted in snow developing, with heavy snow over portions of southwest and south central North Dakota. The greatest snow report of ten inches occurred at Gladstone in Stark County.",Emmons County received an estimated six inches of snow.,CSV
202603,12,1300,202603,12,1600,211569,1321886,NORTH DAKOTA,38,2026,March,High Wind,Z,12,MCHENRY,BIS,12-MAR-26 13:00:00,CST-6,12-MAR-26 16:00:00,0,0,0,0,0.00K,0.00K,Mesonet,35.00,ES,,,,,,,,,,,,,,,,,,,,"A surface low pressure system passed over North Dakota and deepened over the Red River Valley.  This, combined with strong winds aloft mixing down, resulted in very strong wind gusts over much of western and central North Dakota. The strongest wind gust reported was 89 mph which occurred at Hettinger in Adams County.",McHenry County had estimated sustained winds to 40 mph.,CSV
202603,12,1300,202603,12,2000,211569,1321887,NORTH DAKOTA,38,2026,March,High Wind,Z,20,OLIVER,BIS,12-MAR-26 13:00:00,CST-6,12-MAR-26 20:00:00,0,0,0,0,0.00K,0.00K,Mesonet,52.00,EG,,,,,,,,,,,,,,,,,,,,"A surface low pressure system passed over North Dakota and deepened over the Red River Valley.  This, combined with strong winds aloft mixing down, resulted in very strong wind gusts over much of western and central North Dakota. The strongest wind gust reported was 89 mph which occurred at Hettinger in Adams County.",Oliver County had estimated wind gusts to 60 mph.,CSV
202603,14,1000,202603,15,600,210803,1321779,NORTH DAKOTA,38,2026,March,Heavy Snow,Z,34,MORTON,BIS,14-MAR-26 10:00:00,CST-6,15-MAR-26 06:00:00,0,0,0,0,0.00K,0.00K,Public,,,,,,,,,,,,,,,,,,,,,,"An upper level low pressure system passing from the Northern Rockies through the Northern Plains resulted in snow developing, with heavy snow over portions of southwest and south central North Dakota. The greatest snow report of ten inches occurred at Gladstone in Stark County.",Morton County received an estimated six inches of snow.,CSV
202603,14,700,202603,15,300,210803,1321780,NORTH DAKOTA,38,2026,March,Heavy Snow,Z,32,BILLINGS,BIS,14-MAR-26 07:00:00,CST-6,15-MAR-26 03:00:00,0,0,0,0,0.00K,0.00K,Public,,,,,,,,,,,,,,,,,,,,,,"An upper level low pressure system passing from the Northern Rockies through the Northern Plains resulted in snow developing, with heavy snow over portions of southwest and south central North Dakota. The greatest snow report of ten inches occurred at Gladstone in Stark County.",Billings County received an estimated six inches of snow.,CSV
202603,14,700,202603,15,300,210803,1321781,NORTH DAKOTA,38,2026,March,Heavy Snow,Z,40,SLOPE,BIS,14-MAR-26 07:00:00,CST-6,15-MAR-26 03:00:00,0,0,0,0,0.00K,0.00K,Public,,,,,,,,,,,,,,,,,,,,,,"An upper level low pressure system passing from the Northern Rockies through the Northern Plains resulted in snow developing, with heavy snow over portions of southwest and south central North Dakota. The greatest snow report of ten inches occurred at Gladstone in Stark County.",Slope County received an estimated six inches of snow.,CSV
202603,14,700,202603,15,300,210803,1321782,NORTH DAKOTA,38,2026,March,Heavy Snow,Z,41,HETTINGER,BIS,14-MAR-26 07:00:00,CST-6,15-MAR-26 03:00:00,0,0,0,0,0.00K,0.00K,Public,,,,,,,,,,,,,,,,,,,,,,"An upper level low pressure system passing from the Northern Rockies through the Northern Plains resulted in snow developing, with heavy snow over portions of southwest and south central North Dakota. The greatest snow report of ten inches occurred at Gladstone in Stark County.",Hettinger County received an estimated six inches of snow.,CSV
202603,12,1300,202603,12,2300,211569,1321888,NORTH DAKOTA,38,2026,March,High Wind,Z,25,FOSTER,BIS,12-MAR-26 13:00:00,CST-6,12-MAR-26 23:00:00,0,0,0,0,0.00K,0.00K,Mesonet,52.00,EG,,,,,,,,,,,,,,,,,,,,"A surface low pressure system passed over North Dakota and deepened over the Red River Valley.  This, combined with strong winds aloft mixing down, resulted in very strong wind gusts over much of western and central North Dakota. The strongest wind gust reported was 89 mph which occurred at Hettinger in Adams County.",Foster County had estimated wind gusts to 60 mph.,CSV
202603,12,1300,202603,12,2300,211569,1321889,NORTH DAKOTA,38,2026,March,High Wind,Z,36,KIDDER,BIS,12-MAR-26 13:00:00,CST-6,12-MAR-26 23:00:00,0,0,0,0,0.00K,0.00K,Mesonet,52.00,EG,,,,,,,,,,,,,,,,,,,,"A surface low pressure system passed over North Dakota and deepened over the Red River Valley.  This, combined with strong winds aloft mixing down, resulted in very strong wind gusts over much of western and central North Dakota. The strongest wind gust reported was 89 mph which occurred at Hettinger in Adams County.",Kidder County had estimated wind gusts to 60 mph.,CSV
202603,14,700,202603,15,300,210803,1321783,NORTH DAKOTA,38,2026,March,Heavy Snow,Z,44,ADAMS,BIS,14-MAR-26 07:00:00,CST-6,15-MAR-26 03:00:00,0,0,0,0,0.00K,0.00K,Public,,,,,,,,,,,,,,,,,,,,,,"An upper level low pressure system passing from the Northern Rockies through the Northern Plains resulted in snow developing, with heavy snow over portions of southwest and south central North Dakota. The greatest snow report of ten inches occurred at Gladstone in Stark County.",Adams County received an estimated six inches of snow.,CSV
202603,12,1000,202603,12,2000,211569,1321785,NORTH DAKOTA,38,2026,March,High Wind,Z,41,HETTINGER,BIS,12-MAR-26 10:00:00,CST-6,12-MAR-26 20:00:00,0,0,0,0,0.00K,0.00K,RAWS,76.00,MG,,,,,,,,,,,,,,,,,,,,"A surface low pressure system passed over North Dakota and deepened over the Red River Valley.  This, combined with strong winds aloft mixing down, resulted in very strong wind gusts over much of western and central North Dakota. The strongest wind gust reported was 89 mph which occurred at Hettinger in Adams County.",Williams Lookout RAWS reported wind gusts to 88 mph.,CSV
202603,12,1000,202603,12,2000,211569,1321786,NORTH DAKOTA,38,2026,March,High Wind,Z,40,SLOPE,BIS,12-MAR-26 10:00:00,CST-6,12-MAR-26 20:00:00,0,0,0,0,0.00K,0.00K,RAWS,70.00,MG,,,,,,,,,,,,,,,,,,,,"A surface low pressure system passed over North Dakota and deepened over the Red River Valley.  This, combined with strong winds aloft mixing down, resulted in very strong wind gusts over much of western and central North Dakota. The strongest wind gust reported was 89 mph which occurred at Hettinger in Adams County.",Sand Creek RAWS reported wind gusts to 81 mph.,CSV
202603,12,1000,202603,12,2000,211569,1321864,NORTH DAKOTA,38,2026,March,High Wind,Z,17,MCKENZIE,BIS,12-MAR-26 10:00:00,CST-6,12-MAR-26 20:00:00,0,0,0,0,0.00K,0.00K,RAWS,58.00,MG,,,,,,,,,,,,,,,,,,,,"A surface low pressure system passed over North Dakota and deepened over the Red River Valley.  This, combined with strong winds aloft mixing down, resulted in very strong wind gusts over much of western and central North Dakota. The strongest wind gust reported was 89 mph which occurred at Hettinger in Adams County.",Watford City RAWS reported wind gusts to 67 mph.,CSV
202603,12,1000,202603,12,2000,211569,1321865,NORTH DAKOTA,38,2026,March,High Wind,Z,18,DUNN,BIS,12-MAR-26 10:00:00,CST-6,12-MAR-26 20:00:00,0,0,0,0,0.00K,0.00K,AWOS,63.00,MG,,,,,,,,,,,,,,,,,,,,"A surface low pressure system passed over North Dakota and deepened over the Red River Valley.  This, combined with strong winds aloft mixing down, resulted in very strong wind gusts over much of western and central North Dakota. The strongest wind gust reported was 89 mph which occurred at Hettinger in Adams County.",Killdeer AWOS reported wind gusts to 72 mph.,CSV
202603,12,1300,202603,12,2000,211569,1321866,NORTH DAKOTA,38,2026,March,High Wind,Z,19,MERCER,BIS,12-MAR-26 13:00:00,CST-6,12-MAR-26 20:00:00,0,0,0,0,0.00K,0.00K,Mesonet,56.00,MG,,,,,,,,,,,,,,,,,,,,"A surface low pressure system passed over North Dakota and deepened over the Red River Valley.  This, combined with strong winds aloft mixing down, resulted in very strong wind gusts over much of western and central North Dakota. The strongest wind gust reported was 89 mph which occurred at Hettinger in Adams County.",Golden Valley NDDOT site reported wind gusts to 64 mph.,CSV
202603,12,1300,202603,12,2300,211569,1321890,NORTH DAKOTA,38,2026,March,High Wind,Z,47,LOGAN,BIS,12-MAR-26 13:00:00,CST-6,12-MAR-26 23:00:00,0,0,0,0,0.00K,0.00K,Mesonet,52.00,EG,,,,,,,,,,,,,,,,,,,,"A surface low pressure system passed over North Dakota and deepened over the Red River Valley.  This, combined with strong winds aloft mixing down, resulted in very strong wind gusts over much of western and central North Dakota. The strongest wind gust reported was 89 mph which occurred at Hettinger in Adams County.",Logan County had estimated wind gusts to 60 mph.,CSV
202603,12,1000,202603,12,2000,211569,1321784,NORTH DAKOTA,38,2026,March,High Wind,Z,44,ADAMS,BIS,12-MAR-26 10:00:00,CST-6,12-MAR-26 20:00:00,0,0,0,0,0.00K,0.00K,ASOS,77.00,MG,,,,,,,,,,,,,,,,,,,,"A surface low pressure system passed over North Dakota and deepened over the Red River Valley.  This, combined with strong winds aloft mixing down, resulted in very strong wind gusts over much of western and central North Dakota. The strongest wind gust reported was 89 mph which occurred at Hettinger in Adams County.",Hettinger ASOS reported wind gusts to 89 mph.,CSV
202606,29,28,202606,29,32,215274,1351167,NORTH DAKOTA,38,2026,June,Hail,C,5,BENSON,FGF,29-JUN-26 00:28:00,CST-6,29-JUN-26 00:32:00,0,0,0,0,,,Public,1.00,,,,,,,,,,,2.49,NNW,BAKER,2.49,NNW,BAKER,48.2,-99.68,48.2,-99.68,"During the early morning hours a thunderstorm cluster moved into the western part of the Devils Lake Basin producing severe wind and hail. Later in the morning a thunderstorm cluster developed in northeast SD and expanded into a larger complex as it passed into far southeast ND and across west central and northwest MN, where it produced severe wind gusts in southeast ND. As this complex moved east a wake low resulted in non thunderstorm high winds in southeast ND.",Report of quarter size hail.,CSV
202606,29,810,202606,29,812,215274,1351174,NORTH DAKOTA,38,2026,June,Thunderstorm Wind,C,77,RICHLAND,FGF,29-JUN-26 08:10:00,CST-6,29-JUN-26 08:12:00,0,0,0,0,,,Public,52.00,EG,,,,,,,,,,.69,S,LIDGERWOOD,.69,S,LIDGERWOOD,46.07,-97.15,46.07,-97.15,"During the early morning hours a thunderstorm cluster moved into the western part of the Devils Lake Basin producing severe wind and hail. Later in the morning a thunderstorm cluster developed in northeast SD and expanded into a larger complex as it passed into far southeast ND and across west central and northwest MN, where it produced severe wind gusts in southeast ND. As this complex moved east a wake low resulted in non thunderstorm high winds in southeast ND.",Report of tree blown down by thunderstorm winds. Time estimated by radar.,CSV
202606,29,1000,202606,29,1003,215274,1351320,NORTH DAKOTA,38,2026,June,High Wind,Z,52,SARGENT,FGF,29-JUN-26 10:00:00,CST-6,29-JUN-26 10:03:00,0,0,0,0,,,Public,50.00,MG,,,,,,,,,,,,,,,,,,,,"During the early morning hours a thunderstorm cluster moved into the western part of the Devils Lake Basin producing severe wind and hail. Later in the morning a thunderstorm cluster developed in northeast SD and expanded into a larger complex as it passed into far southeast ND and across west central and northwest MN, where it produced severe wind gusts in southeast ND. As this complex moved east a wake low resulted in non thunderstorm high winds in southeast ND.",Measurement at personal weather station 5 E Milnor.,CSV
202606,29,1000,202606,29,1005,215274,1351310,NORTH DAKOTA,38,2026,June,High Wind,Z,53,RICHLAND,FGF,29-JUN-26 10:00:00,CST-6,29-JUN-26 10:05:00,0,0,0,0,,,Mesonet,54.00,MG,,,,,,,,,,,,,,,,,,,,"During the early morning hours a thunderstorm cluster moved into the western part of the Devils Lake Basin producing severe wind and hail. Later in the morning a thunderstorm cluster developed in northeast SD and expanded into a larger complex as it passed into far southeast ND and across west central and northwest MN, where it produced severe wind gusts in southeast ND. As this complex moved east a wake low resulted in non thunderstorm high winds in southeast ND.","Non thunderstorm wind gust measured by station 5 S Dwight, ND.",CSV
202606,29,1015,202606,29,1018,215274,1351325,NORTH DAKOTA,38,2026,June,High Wind,Z,39,CASS,FGF,29-JUN-26 10:15:00,CST-6,29-JUN-26 10:18:00,0,0,0,0,,,Public,56.00,EG,,,,,,,,,,,,,,,,,,,,"During the early morning hours a thunderstorm cluster moved into the western part of the Devils Lake Basin producing severe wind and hail. Later in the morning a thunderstorm cluster developed in northeast SD and expanded into a larger complex as it passed into far southeast ND and across west central and northwest MN, where it produced severe wind gusts in southeast ND. As this complex moved east a wake low resulted in non thunderstorm high winds in southeast ND.","Uprooted trees in Rose Creek neighborhood in south Fargo, ND. Time estimated by radar, with damage likely associated with non thunderstorm winds from wake low.",CSV
202606,29,2229,202606,29,2230,215299,1351383,NORTH DAKOTA,38,2026,June,Thunderstorm Wind,C,19,CAVALIER,FGF,29-JUN-26 22:29:00,CST-6,29-JUN-26 22:30:00,0,0,0,0,,,Mesonet,52.00,MG,,,,,,,,,,2.66,WNW,CLYDE,2.66,WNW,CLYDE,48.79,-98.93,48.79,-98.93,"Severe thunderstorms including several supercells developed over parts of eastern ND and northwest MN during the afternoon and evening, with very large hail and severe winds reported over parts of eastern ND. The largest hail was the size of softballs in south Fargo, ND.","Measured gusty by NDDOT site 040 near Clyde, ND.",CSV
202606,1,0,202606,30,600,214626,1345744,NORTH DAKOTA,38,2026,June,Drought,Z,17,MCKENZIE,BIS,01-JUN-26 00:00:00,CST-6,30-JUN-26 06:00:00,0,0,0,0,0.00K,0.00K,Drought Monitor,,,,,,,,,,,,,,,,,,,,,,Severe drought persisted through the month in western McKenzie County due to below normal precipitation. Refer to the U.S. Drought Monitor for details.,,CSV
202606,2,1125,202606,2,1130,214848,1347872,NORTH DAKOTA,38,2026,June,Hail,C,19,CAVALIER,FGF,02-JUN-26 11:25:00,CST-6,02-JUN-26 11:30:00,0,0,0,0,,,Public,1.00,,,,,,,,,,,1.83,E,OSNABROCK,1.83,E,OSNABROCK,48.67,-98.11,48.67,-98.11,"Severe thunderstorms occurs from late morning through the evening hours across the Devils Lake Basin and northeast North Dakota. Large hail to the size of golf balls was reported, and severe winds to 73 mph were measured.",,CSV
202606,2,1402,202606,2,1405,214848,1347873,NORTH DAKOTA,38,2026,June,Hail,C,95,TOWNER,FGF,02-JUN-26 14:02:00,CST-6,02-JUN-26 14:05:00,0,0,0,0,,,Public,1.25,,,,,,,,,,,.83,NNW,ROCKLAKE,.83,NNW,ROCKLAKE,48.79,-99.24,48.79,-99.24,"Severe thunderstorms occurs from late morning through the evening hours across the Devils Lake Basin and northeast North Dakota. Large hail to the size of golf balls was reported, and severe winds to 73 mph were measured.","Hail slightly bigger than quarter size, estimated to be half dollar size fell for 2 to 3 minutes.",CSV
202606,2,1408,202606,2,1410,214848,1347874,NORTH DAKOTA,38,2026,June,Hail,C,95,TOWNER,FGF,02-JUN-26 14:08:00,CST-6,02-JUN-26 14:10:00,0,0,0,0,,,Public,1.75,,,,,,,,,,,2.91,NNW,HANSBORO,2.91,NNW,HANSBORO,48.99,-99.39,48.99,-99.39,"Severe thunderstorms occurs from late morning through the evening hours across the Devils Lake Basin and northeast North Dakota. Large hail to the size of golf balls was reported, and severe winds to 73 mph were measured.",,CSV
202606,2,1540,202606,2,1545,214848,1347875,NORTH DAKOTA,38,2026,June,Hail,C,19,CAVALIER,FGF,02-JUN-26 15:40:00,CST-6,02-JUN-26 15:45:00,0,0,0,0,,,Public,1.00,,,,,,,,,,,.45,W,CALVIN,.45,W,CALVIN,48.85,-98.93,48.85,-98.93,"Severe thunderstorms occurs from late morning through the evening hours across the Devils Lake Basin and northeast North Dakota. Large hail to the size of golf balls was reported, and severe winds to 73 mph were measured.",,CSV
202606,2,1601,202606,2,1606,214848,1347876,NORTH DAKOTA,38,2026,June,Hail,C,71,RAMSEY,FGF,02-JUN-26 16:01:00,CST-6,02-JUN-26 16:06:00,0,0,0,0,0.00K,0.00K,Trained Spotter,1.00,,,,,,,,,,,.92,W,DOYON,.92,W,DOYON,48.05,-98.55,48.05,-98.55,"Severe thunderstorms occurs from late morning through the evening hours across the Devils Lake Basin and northeast North Dakota. Large hail to the size of golf balls was reported, and severe winds to 73 mph were measured.",,CSV
202606,2,1624,202606,2,1629,214848,1347877,NORTH DAKOTA,38,2026,June,Hail,C,71,RAMSEY,FGF,02-JUN-26 16:24:00,CST-6,02-JUN-26 16:29:00,0,0,0,0,,,Public,1.00,,,,,,,,,,,5.55,SW,BROCKET,5.55,SW,BROCKET,48.16,-98.43,48.16,-98.43,"Severe thunderstorms occurs from late morning through the evening hours across the Devils Lake Basin and northeast North Dakota. Large hail to the size of golf balls was reported, and severe winds to 73 mph were measured.",,CSV
202606,2,1704,202606,2,1706,214848,1347878,NORTH DAKOTA,38,2026,June,Thunderstorm Wind,C,99,WALSH,FGF,02-JUN-26 17:04:00,CST-6,02-JUN-26 17:06:00,0,0,0,0,,,Mesonet,63.00,MG,,,,,,,,,,4.84,N,ADAMS,4.84,N,ADAMS,48.49,-98.07,48.49,-98.07,"Severe thunderstorms occurs from late morning through the evening hours across the Devils Lake Basin and northeast North Dakota. Large hail to the size of golf balls was reported, and severe winds to 73 mph were measured.","Measured at NDAWN site 5 miles north of Adams, ND.",CSV
202606,2,2033,202606,2,2035,214848,1347879,NORTH DAKOTA,38,2026,June,Thunderstorm Wind,C,39,GRIGGS,FGF,02-JUN-26 20:33:00,CST-6,02-JUN-26 20:35:00,0,0,0,0,,,AWOS,50.00,MG,,,,,,,,,,0,N,COOPERSTOWN ARPT,0,N,COOPERSTOWN ARPT,47.42,-98.1,47.42,-98.1,"Severe thunderstorms occurs from late morning through the evening hours across the Devils Lake Basin and northeast North Dakota. Large hail to the size of golf balls was reported, and severe winds to 73 mph were measured.","Measured wind gust at the AWOS station KS32 at the Cooperstown, ND Airport.",CSV
202606,7,2258,202606,7,2300,214850,1347889,NORTH DAKOTA,38,2026,June,Thunderstorm Wind,C,5,BENSON,FGF,07-JUN-26 22:58:00,CST-6,07-JUN-26 23:00:00,0,0,0,0,,,Public,51.00,MG,,,,,,,,,,5.6,S,BAKER,5.6,S,BAKER,48.09,-99.67,48.09,-99.67,A large thunderstorm complex moved across western and central ND during the evening hours of June 7th. As it moved into to the western part of the Devils Lake Basin a severe wind gust of 59 mph was measured before the complex weakened becoming sub-severe.,Measured by personal weather station.,CSV
202606,9,2205,202606,9,2210,214852,1347898,NORTH DAKOTA,38,2026,June,Thunderstorm Wind,C,19,CAVALIER,FGF,09-JUN-26 22:05:00,CST-6,09-JUN-26 22:10:00,0,0,0,0,,,Public,52.00,EG,,,,,,,,,,1.15,SW,MILTON,1.15,SW,MILTON,48.62,-98.07,48.62,-98.07,A large linear MCS progressed west to east across eastern ND during the evening hours of June 9th and early morning hours of June 10th. Severe winds occurred over parts of eastern ND.,Report of several large trees blown down orientated to the northeast.,CSV
202606,9,2235,202606,9,2240,214852,1347899,NORTH DAKOTA,38,2026,June,Thunderstorm Wind,C,67,PEMBINA,FGF,09-JUN-26 22:35:00,CST-6,09-JUN-26 22:40:00,0,0,0,0,,,Public,61.00,EG,,,,,,,,,,2.38,WSW,HAMILTON,2.38,WSW,HAMILTON,48.79,-97.5,48.79,-97.5,A large linear MCS progressed west to east across eastern ND during the evening hours of June 9th and early morning hours of June 10th. Severe winds occurred over parts of eastern ND.,"Report of several large cottonwood trees blow down. Structural damage to house including gutter,  siding, and soffit.",CSV
202606,9,2315,202606,9,2315,214852,1347900,NORTH DAKOTA,38,2026,June,Thunderstorm Wind,C,3,BARNES,FGF,09-JUN-26 23:15:00,CST-6,09-JUN-26 23:15:00,0,0,0,0,,,Public,52.00,EG,,,,,,,,,,.47,W,WIMBLEDON,.47,W,WIMBLEDON,47.17,-98.46,47.17,-98.46,A large linear MCS progressed west to east across eastern ND during the evening hours of June 9th and early morning hours of June 10th. Severe winds occurred over parts of eastern ND.,Several large branches the size of a baseball bat in the diameter blown down.,CSV
202606,9,2040,202606,9,2041,214852,1347901,NORTH DAKOTA,38,2026,June,Thunderstorm Wind,C,5,BENSON,FGF,09-JUN-26 20:40:00,CST-6,09-JUN-26 20:41:00,0,0,0,0,,,Mesonet,50.00,MG,,,,,,,,,,.69,N,MADDOCK MUNI ARPT,.69,N,MADDOCK MUNI ARPT,47.99,-99.53,47.99,-99.53,A large linear MCS progressed west to east across eastern ND during the evening hours of June 9th and early morning hours of June 10th. Severe winds occurred over parts of eastern ND.,Measured gust by NDAWN 33ft sensor.,CSV
202606,9,2049,202606,9,2050,214852,1347902,NORTH DAKOTA,38,2026,June,Thunderstorm Wind,C,5,BENSON,FGF,09-JUN-26 20:49:00,CST-6,09-JUN-26 20:50:00,0,0,0,0,,,Mesonet,53.00,MG,,,,,,,,,,0,N,BAKER,0,N,BAKER,48.17,-99.65,48.17,-99.65,A large linear MCS progressed west to east across eastern ND during the evening hours of June 9th and early morning hours of June 10th. Severe winds occurred over parts of eastern ND.,Measured gust by NDAWN 10ft wind sensor.,CSV
202606,9,2116,202606,9,2117,214852,1347903,NORTH DAKOTA,38,2026,June,Thunderstorm Wind,C,71,RAMSEY,FGF,09-JUN-26 21:16:00,CST-6,09-JUN-26 21:17:00,0,0,0,0,,,Mesonet,50.00,MG,,,,,,,,,,1.46,NNW,WEBSTER,1.46,NNW,WEBSTER,48.3,-98.88,48.3,-98.88,A large linear MCS progressed west to east across eastern ND during the evening hours of June 9th and early morning hours of June 10th. Severe winds occurred over parts of eastern ND.,Measured gust by NDAWN 33 ft sensor.,CSV
202606,9,2117,202606,9,2119,214852,1347904,NORTH DAKOTA,38,2026,June,Thunderstorm Wind,C,71,RAMSEY,FGF,09-JUN-26 21:17:00,CST-6,09-JUN-26 21:19:00,0,0,0,0,,,AWOS,50.00,MG,,,,,,,,,,0,N,(DVL)DEVILS LAKE MUN,0,N,(DVL)DEVILS LAKE MUN,48.12,-98.92,48.12,-98.92,A large linear MCS progressed west to east across eastern ND during the evening hours of June 9th and early morning hours of June 10th. Severe winds occurred over parts of eastern ND.,Measured gust at KDVL located at the Devils Lake airport.,CSV
202606,9,2328,202606,9,2329,214852,1347905,NORTH DAKOTA,38,2026,June,Thunderstorm Wind,C,81,SARGENT,FGF,09-JUN-26 23:28:00,CST-6,09-JUN-26 23:29:00,0,0,0,0,,,Mesonet,54.00,MG,,,,,,,,,,3.17,NW,FORMAN,3.17,NW,FORMAN,46.15,-97.68,46.15,-97.68,A large linear MCS progressed west to east across eastern ND during the evening hours of June 9th and early morning hours of June 10th. Severe winds occurred over parts of eastern ND.,Measured gusts by Weather Underground station.,CSV
202606,9,2341,202606,9,2342,214852,1347906,NORTH DAKOTA,38,2026,June,Thunderstorm Wind,C,81,SARGENT,FGF,09-JUN-26 23:41:00,CST-6,09-JUN-26 23:42:00,0,0,0,0,,,Mesonet,68.00,MG,,,,,,,,,,3.74,SSW,DE LAMERE,3.74,SSW,DE LAMERE,46.22,-97.36,46.22,-97.36,A large linear MCS progressed west to east across eastern ND during the evening hours of June 9th and early morning hours of June 10th. Severe winds occurred over parts of eastern ND.,Measured gust at Weather Underground station.,CSV
202606,10,9,202606,10,10,214852,1347907,NORTH DAKOTA,38,2026,June,Thunderstorm Wind,C,77,RICHLAND,FGF,10-JUN-26 00:09:00,CST-6,10-JUN-26 00:10:00,0,0,0,0,,,Mesonet,50.00,MG,,,,,,,,,,10,W,WALCOTT,10,W,WALCOTT,46.54,-97.14,46.54,-97.14,A large linear MCS progressed west to east across eastern ND during the evening hours of June 9th and early morning hours of June 10th. Severe winds occurred over parts of eastern ND.,Measured gust by NDAWN site 10 ft sensor.,CSV
202606,10,5,202606,10,6,214852,1347908,NORTH DAKOTA,38,2026,June,Thunderstorm Wind,C,77,RICHLAND,FGF,10-JUN-26 00:05:00,CST-6,10-JUN-26 00:06:00,0,0,0,0,,,Mesonet,57.00,MG,,,,,,,,,,2.92,SSW,MOORETON,2.92,SSW,MOORETON,46.23,-96.89,46.23,-96.89,A large linear MCS progressed west to east across eastern ND during the evening hours of June 9th and early morning hours of June 10th. Severe winds occurred over parts of eastern ND.,Measured gust by NDAWN station 33 ft sensor.,CSV
202606,10,41,202606,10,43,214852,1347909,NORTH DAKOTA,38,2026,June,Thunderstorm Wind,C,17,CASS,FGF,10-JUN-26 00:41:00,CST-6,10-JUN-26 00:43:00,0,0,0,0,,,ASOS,52.00,MG,,,,,,,,,,0,N,(FAR)HECTOR INTL ARP,0,N,(FAR)HECTOR INTL ARP,46.92,-96.82,46.92,-96.82,A large linear MCS progressed west to east across eastern ND during the evening hours of June 9th and early morning hours of June 10th. Severe winds occurred over parts of eastern ND.,Measured gust at KFAR located at Fargo International Airport.,CSV
202606,29,129,202606,29,131,215274,1351175,NORTH DAKOTA,38,2026,June,Thunderstorm Wind,C,5,BENSON,FGF,29-JUN-26 01:29:00,CST-6,29-JUN-26 01:31:00,0,0,0,0,,,Mesonet,54.00,MG,,,,,,,,,,1.15,SE,NILES,1.15,SE,NILES,48.27,-99.33,48.27,-99.33,"During the early morning hours a thunderstorm cluster moved into the western part of the Devils Lake Basin producing severe wind and hail. Later in the morning a thunderstorm cluster developed in northeast SD and expanded into a larger complex as it passed into far southeast ND and across west central and northwest MN, where it produced severe wind gusts in southeast ND. As this complex moved east a wake low resulted in non thunderstorm high winds in southeast ND.","Measured gust by NDDOT site 6.4  miles west of Churchs Ferry, ND.",CSV
202606,29,112,202606,29,115,215274,1351172,NORTH DAKOTA,38,2026,June,Hail,C,5,BENSON,FGF,29-JUN-26 01:12:00,CST-6,29-JUN-26 01:15:00,0,0,0,0,,,Public,1.00,,,,,,,,,,,.69,N,LEEDS,.69,N,LEEDS,48.29,-99.43,48.29,-99.43,"During the early morning hours a thunderstorm cluster moved into the western part of the Devils Lake Basin producing severe wind and hail. Later in the morning a thunderstorm cluster developed in northeast SD and expanded into a larger complex as it passed into far southeast ND and across west central and northwest MN, where it produced severe wind gusts in southeast ND. As this complex moved east a wake low resulted in non thunderstorm high winds in southeast ND.",Report of quarter size hail. Siding damage to multiple homes in Leeds and vehicle damage from hail.,CSV
202606,10,4,202606,10,5,214852,1347910,NORTH DAKOTA,38,2026,June,Thunderstorm Wind,C,73,RANSOM,FGF,10-JUN-26 00:04:00,CST-6,10-JUN-26 00:05:00,0,0,0,0,,,Mesonet,51.00,MG,,,,,,,,,,2.8,N,MC LEOD,2.8,N,MC LEOD,46.44,-97.31,46.44,-97.31,A large linear MCS progressed west to east across eastern ND during the evening hours of June 9th and early morning hours of June 10th. Severe winds occurred over parts of eastern ND.,Measured gust at RAWS site.,CSV
202606,10,1614,202606,10,1615,214854,1347928,NORTH DAKOTA,38,2026,June,Thunderstorm Wind,C,39,GRIGGS,FGF,10-JUN-26 16:14:00,CST-6,10-JUN-26 16:15:00,0,0,0,0,,,AWOS,52.00,MG,,,,,,,,,,.47,W,COOPERSTOWN ARPT,.47,W,COOPERSTOWN ARPT,47.42,-98.11,47.42,-98.11,"A severe thunderstorm produced a wind gust of 60 mph at Cooperstown, ND in eastern ND. Other thunderstorms produced non severe winds and hail over parts of eastern ND.","Measured gust at KS32 at Cooperstown, ND Airport.",CSV
202606,29,1908,202606,29,1910,215299,1351378,NORTH DAKOTA,38,2026,June,Hail,C,17,CASS,FGF,29-JUN-26 19:08:00,CST-6,29-JUN-26 19:10:00,0,0,0,0,,,Public,4.00,,,,,,,,,,,.84,NW,WILD RICE,.84,NW,WILD RICE,46.76,-96.81,46.76,-96.81,"Severe thunderstorms including several supercells developed over parts of eastern ND and northwest MN during the afternoon and evening, with very large hail and severe winds reported over parts of eastern ND. The largest hail was the size of softballs in south Fargo, ND.",Broadcast media relayed photo of 4  inch hail stone next to tape measurer from south Fargo area. Estimated location and time based on radar.,CSV
202606,29,1910,202606,29,1911,215299,1351379,NORTH DAKOTA,38,2026,June,Hail,C,17,CASS,FGF,29-JUN-26 19:10:00,CST-6,29-JUN-26 19:11:00,0,0,0,0,,,Public,1.25,,,,,,,,,,,2.76,N,WILD RICE,2.76,N,WILD RICE,46.79,-96.8,46.79,-96.8,"Severe thunderstorms including several supercells developed over parts of eastern ND and northwest MN during the afternoon and evening, with very large hail and severe winds reported over parts of eastern ND. The largest hail was the size of softballs in south Fargo, ND.",Report relayed by mPING of half dollar size hail.,CSV
202606,29,1916,202606,29,1918,215299,1351380,NORTH DAKOTA,38,2026,June,Hail,C,17,CASS,FGF,29-JUN-26 19:16:00,CST-6,29-JUN-26 19:18:00,0,0,0,0,0.00K,0.00K,Public,1.75,,,,,,,,,,,2.74,ESE,COTTER,2.74,ESE,COTTER,46.83,-96.8,46.83,-96.8,"Severe thunderstorms including several supercells developed over parts of eastern ND and northwest MN during the afternoon and evening, with very large hail and severe winds reported over parts of eastern ND. The largest hail was the size of softballs in south Fargo, ND.",Report from public of estimated golf ball size hail 4 S of Fargo.,CSV
202606,29,2227,202606,29,2228,215299,1351381,NORTH DAKOTA,38,2026,June,Hail,C,99,WALSH,FGF,29-JUN-26 22:27:00,CST-6,29-JUN-26 22:28:00,0,0,0,0,,,Public,1.00,,,,,,,,,,,.69,N,MINTO,.69,N,MINTO,48.29,-97.37,48.29,-97.37,"Severe thunderstorms including several supercells developed over parts of eastern ND and northwest MN during the afternoon and evening, with very large hail and severe winds reported over parts of eastern ND. The largest hail was the size of softballs in south Fargo, ND.",Report of measured quarter size hail.,CSV
202606,29,2134,202606,29,2135,215299,1351382,NORTH DAKOTA,38,2026,June,Thunderstorm Wind,C,71,RAMSEY,FGF,29-JUN-26 21:34:00,CST-6,29-JUN-26 21:35:00,0,0,0,0,,,Mesonet,63.00,MG,,,,,,,,,,.83,SSW,WEBSTER,.83,SSW,WEBSTER,48.27,-98.88,48.27,-98.88,"Severe thunderstorms including several supercells developed over parts of eastern ND and northwest MN during the afternoon and evening, with very large hail and severe winds reported over parts of eastern ND. The largest hail was the size of softballs in south Fargo, ND.","Measured gust by NDAWN 1 mile south of Webster, ND.",CSV
202606,2,1650,202606,2,1650,213973,1340795,NORTH DAKOTA,38,2026,June,Hail,C,43,KIDDER,BIS,02-JUN-26 16:50:00,CST-6,02-JUN-26 16:50:00,0,0,0,0,0.00K,0.00K,Broadcast Media,1.00,,,,,,,,,,,.84,SW,ROBINSON,.84,SW,ROBINSON,47.14,-99.78,47.14,-99.78,"As an upper level low moved through the region, severe thunderstorms developed along a weak cold front that moved through North Dakota. Scattered showers and non-severe thunderstorms were ongoing during the morning before increasing in strength throughout the afternoon. A cluster of severe thunderstorms moved through parts of north central North Dakota, including the Turtle Mountains area, before additional storms developed to the south in the James River Valley area. |The most significant damage occurred approximately 4 miles northeast of Belcourt. Multiple buildings were damaged at a collection of properties in this area. A garage on the southwest side of the damage area lost a section of its roof that video and drone footage show was blown northeast across the property. The other main building with damage is a residential home at the center property that lost a significant portion of its roof ripped off. On the north and east side of this property, there were multiple hardwood trees damaged, some snapped about halfway down, but all generally extending to the northeast. A utility truck was parked at the center property and was facing south when the storm came through. A two by four plank of wood went through the windshield and both occupants of the truck had minor injuries. At the eastern property in this group, a shed collapsed and was blown into the edge of a wooded area to the northeast. Drone footage shows numerous trees damaged in this wooded area, extending a few hundred feet northeast of the buildings on the property. Winds were estimated at 95 mph. To the northeast, there was another property with approximately 15 to 20 oak trees that were damaged. |The other main area of damage occurred in Stutsman County, one mile west of Spiritwood. A 200 foot by 60 foot barn was blown over and dismantled. Based on photo and satellite imagery, barn was oriented west-east with 3 doors facing south. The storm was moving from south to north, which would be a favorable direction to funnel wind into the broad side of the barn with multiple doors, helping the barn collapse and push pieces into the tree row directly to the north. This is consistent with wind speeds of around 85 mph.|The highest measured wind gust was 62 mph near Zeeland in Mcintosh County and near Pettibone in Kidder County. The largest hail reported was golf ball sized, west of Belcourt in Rolette County.",Hail up to the size of quarters that lasted about 10 minutes.,CSV
202606,2,1737,202606,2,1737,213973,1340797,NORTH DAKOTA,38,2026,June,Thunderstorm Wind,C,51,MCINTOSH,BIS,02-JUN-26 17:37:00,CST-6,02-JUN-26 17:37:00,0,0,0,0,0.00K,0.00K,Mesonet,54.00,MG,,,,,,,,,,6.75,W,VENTURA,6.75,W,VENTURA,46.01,-99.69,46.01,-99.69,"As an upper level low moved through the region, severe thunderstorms developed along a weak cold front that moved through North Dakota. Scattered showers and non-severe thunderstorms were ongoing during the morning before increasing in strength throughout the afternoon. A cluster of severe thunderstorms moved through parts of north central North Dakota, including the Turtle Mountains area, before additional storms developed to the south in the James River Valley area. |The most significant damage occurred approximately 4 miles northeast of Belcourt. Multiple buildings were damaged at a collection of properties in this area. A garage on the southwest side of the damage area lost a section of its roof that video and drone footage show was blown northeast across the property. The other main building with damage is a residential home at the center property that lost a significant portion of its roof ripped off. On the north and east side of this property, there were multiple hardwood trees damaged, some snapped about halfway down, but all generally extending to the northeast. A utility truck was parked at the center property and was facing south when the storm came through. A two by four plank of wood went through the windshield and both occupants of the truck had minor injuries. At the eastern property in this group, a shed collapsed and was blown into the edge of a wooded area to the northeast. Drone footage shows numerous trees damaged in this wooded area, extending a few hundred feet northeast of the buildings on the property. Winds were estimated at 95 mph. To the northeast, there was another property with approximately 15 to 20 oak trees that were damaged. |The other main area of damage occurred in Stutsman County, one mile west of Spiritwood. A 200 foot by 60 foot barn was blown over and dismantled. Based on photo and satellite imagery, barn was oriented west-east with 3 doors facing south. The storm was moving from south to north, which would be a favorable direction to funnel wind into the broad side of the barn with multiple doors, helping the barn collapse and push pieces into the tree row directly to the north. This is consistent with wind speeds of around 85 mph.|The highest measured wind gust was 62 mph near Zeeland in Mcintosh County and near Pettibone in Kidder County. The largest hail reported was golf ball sized, west of Belcourt in Rolette County.",Zeeland NDAWN station reported wind gusts up to 62 mph.,CSV
202606,2,1756,202606,2,1756,213973,1340798,NORTH DAKOTA,38,2026,June,Hail,C,43,KIDDER,BIS,02-JUN-26 17:56:00,CST-6,02-JUN-26 17:56:00,0,0,0,0,0.00K,0.00K,Public,1.00,,,,,,,,,,,0,N,PETTIBONE,0,N,PETTIBONE,47.12,-99.52,47.12,-99.52,"As an upper level low moved through the region, severe thunderstorms developed along a weak cold front that moved through North Dakota. Scattered showers and non-severe thunderstorms were ongoing during the morning before increasing in strength throughout the afternoon. A cluster of severe thunderstorms moved through parts of north central North Dakota, including the Turtle Mountains area, before additional storms developed to the south in the James River Valley area. |The most significant damage occurred approximately 4 miles northeast of Belcourt. Multiple buildings were damaged at a collection of properties in this area. A garage on the southwest side of the damage area lost a section of its roof that video and drone footage show was blown northeast across the property. The other main building with damage is a residential home at the center property that lost a significant portion of its roof ripped off. On the north and east side of this property, there were multiple hardwood trees damaged, some snapped about halfway down, but all generally extending to the northeast. A utility truck was parked at the center property and was facing south when the storm came through. A two by four plank of wood went through the windshield and both occupants of the truck had minor injuries. At the eastern property in this group, a shed collapsed and was blown into the edge of a wooded area to the northeast. Drone footage shows numerous trees damaged in this wooded area, extending a few hundred feet northeast of the buildings on the property. Winds were estimated at 95 mph. To the northeast, there was another property with approximately 15 to 20 oak trees that were damaged. |The other main area of damage occurred in Stutsman County, one mile west of Spiritwood. A 200 foot by 60 foot barn was blown over and dismantled. Based on photo and satellite imagery, barn was oriented west-east with 3 doors facing south. The storm was moving from south to north, which would be a favorable direction to funnel wind into the broad side of the barn with multiple doors, helping the barn collapse and push pieces into the tree row directly to the north. This is consistent with wind speeds of around 85 mph.|The highest measured wind gust was 62 mph near Zeeland in Mcintosh County and near Pettibone in Kidder County. The largest hail reported was golf ball sized, west of Belcourt in Rolette County.","Hail up to the size of quarters reported. Nearby, there was a report of smaller hail but larger quantity.",CSV
202606,2,1809,202606,2,1809,213973,1340799,NORTH DAKOTA,38,2026,June,Thunderstorm Wind,C,43,KIDDER,BIS,02-JUN-26 18:09:00,CST-6,02-JUN-26 18:09:00,0,0,0,0,0.00K,0.00K,Public,54.00,MG,,,,,,,,,,1.41,E,PETTIBONE,1.41,E,PETTIBONE,47.12,-99.49,47.12,-99.49,"As an upper level low moved through the region, severe thunderstorms developed along a weak cold front that moved through North Dakota. Scattered showers and non-severe thunderstorms were ongoing during the morning before increasing in strength throughout the afternoon. A cluster of severe thunderstorms moved through parts of north central North Dakota, including the Turtle Mountains area, before additional storms developed to the south in the James River Valley area. |The most significant damage occurred approximately 4 miles northeast of Belcourt. Multiple buildings were damaged at a collection of properties in this area. A garage on the southwest side of the damage area lost a section of its roof that video and drone footage show was blown northeast across the property. The other main building with damage is a residential home at the center property that lost a significant portion of its roof ripped off. On the north and east side of this property, there were multiple hardwood trees damaged, some snapped about halfway down, but all generally extending to the northeast. A utility truck was parked at the center property and was facing south when the storm came through. A two by four plank of wood went through the windshield and both occupants of the truck had minor injuries. At the eastern property in this group, a shed collapsed and was blown into the edge of a wooded area to the northeast. Drone footage shows numerous trees damaged in this wooded area, extending a few hundred feet northeast of the buildings on the property. Winds were estimated at 95 mph. To the northeast, there was another property with approximately 15 to 20 oak trees that were damaged. |The other main area of damage occurred in Stutsman County, one mile west of Spiritwood. A 200 foot by 60 foot barn was blown over and dismantled. Based on photo and satellite imagery, barn was oriented west-east with 3 doors facing south. The storm was moving from south to north, which would be a favorable direction to funnel wind into the broad side of the barn with multiple doors, helping the barn collapse and push pieces into the tree row directly to the north. This is consistent with wind speeds of around 85 mph.|The highest measured wind gust was 62 mph near Zeeland in Mcintosh County and near Pettibone in Kidder County. The largest hail reported was golf ball sized, west of Belcourt in Rolette County.",Private weather station reported wind gusts up to 62 mph.,CSV
202606,2,1913,202606,2,1913,213973,1340800,NORTH DAKOTA,38,2026,June,Thunderstorm Wind,C,93,STUTSMAN,BIS,02-JUN-26 19:13:00,CST-6,02-JUN-26 19:13:00,0,0,0,0,0.00K,0.00K,Public,53.00,MG,,,,,,,,,,3.29,W,PINGREE,3.29,W,PINGREE,47.17,-98.99,47.17,-98.99,"As an upper level low moved through the region, severe thunderstorms developed along a weak cold front that moved through North Dakota. Scattered showers and non-severe thunderstorms were ongoing during the morning before increasing in strength throughout the afternoon. A cluster of severe thunderstorms moved through parts of north central North Dakota, including the Turtle Mountains area, before additional storms developed to the south in the James River Valley area. |The most significant damage occurred approximately 4 miles northeast of Belcourt. Multiple buildings were damaged at a collection of properties in this area. A garage on the southwest side of the damage area lost a section of its roof that video and drone footage show was blown northeast across the property. The other main building with damage is a residential home at the center property that lost a significant portion of its roof ripped off. On the north and east side of this property, there were multiple hardwood trees damaged, some snapped about halfway down, but all generally extending to the northeast. A utility truck was parked at the center property and was facing south when the storm came through. A two by four plank of wood went through the windshield and both occupants of the truck had minor injuries. At the eastern property in this group, a shed collapsed and was blown into the edge of a wooded area to the northeast. Drone footage shows numerous trees damaged in this wooded area, extending a few hundred feet northeast of the buildings on the property. Winds were estimated at 95 mph. To the northeast, there was another property with approximately 15 to 20 oak trees that were damaged. |The other main area of damage occurred in Stutsman County, one mile west of Spiritwood. A 200 foot by 60 foot barn was blown over and dismantled. Based on photo and satellite imagery, barn was oriented west-east with 3 doors facing south. The storm was moving from south to north, which would be a favorable direction to funnel wind into the broad side of the barn with multiple doors, helping the barn collapse and push pieces into the tree row directly to the north. This is consistent with wind speeds of around 85 mph.|The highest measured wind gust was 62 mph near Zeeland in Mcintosh County and near Pettibone in Kidder County. The largest hail reported was golf ball sized, west of Belcourt in Rolette County.",Private weather station reported wind gusts up to 61 mph.,CSV
202606,2,1930,202606,2,1930,213973,1340801,NORTH DAKOTA,38,2026,June,Thunderstorm Wind,C,93,STUTSMAN,BIS,02-JUN-26 19:30:00,CST-6,02-JUN-26 19:30:00,0,0,0,0,0.00K,0.00K,Public,51.00,MG,,,,,,,,,,2.89,WNW,KENSAL,2.89,WNW,KENSAL,47.31,-98.79,47.31,-98.79,"As an upper level low moved through the region, severe thunderstorms developed along a weak cold front that moved through North Dakota. Scattered showers and non-severe thunderstorms were ongoing during the morning before increasing in strength throughout the afternoon. A cluster of severe thunderstorms moved through parts of north central North Dakota, including the Turtle Mountains area, before additional storms developed to the south in the James River Valley area. |The most significant damage occurred approximately 4 miles northeast of Belcourt. Multiple buildings were damaged at a collection of properties in this area. A garage on the southwest side of the damage area lost a section of its roof that video and drone footage show was blown northeast across the property. The other main building with damage is a residential home at the center property that lost a significant portion of its roof ripped off. On the north and east side of this property, there were multiple hardwood trees damaged, some snapped about halfway down, but all generally extending to the northeast. A utility truck was parked at the center property and was facing south when the storm came through. A two by four plank of wood went through the windshield and both occupants of the truck had minor injuries. At the eastern property in this group, a shed collapsed and was blown into the edge of a wooded area to the northeast. Drone footage shows numerous trees damaged in this wooded area, extending a few hundred feet northeast of the buildings on the property. Winds were estimated at 95 mph. To the northeast, there was another property with approximately 15 to 20 oak trees that were damaged. |The other main area of damage occurred in Stutsman County, one mile west of Spiritwood. A 200 foot by 60 foot barn was blown over and dismantled. Based on photo and satellite imagery, barn was oriented west-east with 3 doors facing south. The storm was moving from south to north, which would be a favorable direction to funnel wind into the broad side of the barn with multiple doors, helping the barn collapse and push pieces into the tree row directly to the north. This is consistent with wind speeds of around 85 mph.|The highest measured wind gust was 62 mph near Zeeland in Mcintosh County and near Pettibone in Kidder County. The largest hail reported was golf ball sized, west of Belcourt in Rolette County.",Private weather station reported wind gusts up to 59 mph.,CSV
202606,2,1930,202606,2,1930,213973,1340802,NORTH DAKOTA,38,2026,June,Thunderstorm Wind,C,93,STUTSMAN,BIS,02-JUN-26 19:30:00,CST-6,02-JUN-26 19:30:00,0,0,0,0,0.00K,0.00K,Mesonet,50.00,MG,,,,,,,,,,5.16,W,COURTENAY,5.16,W,COURTENAY,47.22,-98.68,47.22,-98.68,"As an upper level low moved through the region, severe thunderstorms developed along a weak cold front that moved through North Dakota. Scattered showers and non-severe thunderstorms were ongoing during the morning before increasing in strength throughout the afternoon. A cluster of severe thunderstorms moved through parts of north central North Dakota, including the Turtle Mountains area, before additional storms developed to the south in the James River Valley area. |The most significant damage occurred approximately 4 miles northeast of Belcourt. Multiple buildings were damaged at a collection of properties in this area. A garage on the southwest side of the damage area lost a section of its roof that video and drone footage show was blown northeast across the property. The other main building with damage is a residential home at the center property that lost a significant portion of its roof ripped off. On the north and east side of this property, there were multiple hardwood trees damaged, some snapped about halfway down, but all generally extending to the northeast. A utility truck was parked at the center property and was facing south when the storm came through. A two by four plank of wood went through the windshield and both occupants of the truck had minor injuries. At the eastern property in this group, a shed collapsed and was blown into the edge of a wooded area to the northeast. Drone footage shows numerous trees damaged in this wooded area, extending a few hundred feet northeast of the buildings on the property. Winds were estimated at 95 mph. To the northeast, there was another property with approximately 15 to 20 oak trees that were damaged. |The other main area of damage occurred in Stutsman County, one mile west of Spiritwood. A 200 foot by 60 foot barn was blown over and dismantled. Based on photo and satellite imagery, barn was oriented west-east with 3 doors facing south. The storm was moving from south to north, which would be a favorable direction to funnel wind into the broad side of the barn with multiple doors, helping the barn collapse and push pieces into the tree row directly to the north. This is consistent with wind speeds of around 85 mph.|The highest measured wind gust was 62 mph near Zeeland in Mcintosh County and near Pettibone in Kidder County. The largest hail reported was golf ball sized, west of Belcourt in Rolette County.",Courtenay NDAWN station reported wind gusts up to 58 mph.,CSV
202606,2,1938,202606,2,1938,213973,1340803,NORTH DAKOTA,38,2026,June,Thunderstorm Wind,C,93,STUTSMAN,BIS,02-JUN-26 19:38:00,CST-6,02-JUN-26 19:38:00,0,0,0,0,0.00K,0.00K,Public,74.00,EG,,,,,,,,,,1.17,NW,SPIRITWOOD,1.17,NW,SPIRITWOOD,46.94,-98.52,46.94,-98.52,"As an upper level low moved through the region, severe thunderstorms developed along a weak cold front that moved through North Dakota. Scattered showers and non-severe thunderstorms were ongoing during the morning before increasing in strength throughout the afternoon. A cluster of severe thunderstorms moved through parts of north central North Dakota, including the Turtle Mountains area, before additional storms developed to the south in the James River Valley area. |The most significant damage occurred approximately 4 miles northeast of Belcourt. Multiple buildings were damaged at a collection of properties in this area. A garage on the southwest side of the damage area lost a section of its roof that video and drone footage show was blown northeast across the property. The other main building with damage is a residential home at the center property that lost a significant portion of its roof ripped off. On the north and east side of this property, there were multiple hardwood trees damaged, some snapped about halfway down, but all generally extending to the northeast. A utility truck was parked at the center property and was facing south when the storm came through. A two by four plank of wood went through the windshield and both occupants of the truck had minor injuries. At the eastern property in this group, a shed collapsed and was blown into the edge of a wooded area to the northeast. Drone footage shows numerous trees damaged in this wooded area, extending a few hundred feet northeast of the buildings on the property. Winds were estimated at 95 mph. To the northeast, there was another property with approximately 15 to 20 oak trees that were damaged. |The other main area of damage occurred in Stutsman County, one mile west of Spiritwood. A 200 foot by 60 foot barn was blown over and dismantled. Based on photo and satellite imagery, barn was oriented west-east with 3 doors facing south. The storm was moving from south to north, which would be a favorable direction to funnel wind into the broad side of the barn with multiple doors, helping the barn collapse and push pieces into the tree row directly to the north. This is consistent with wind speeds of around 85 mph.|The highest measured wind gust was 62 mph near Zeeland in Mcintosh County and near Pettibone in Kidder County. The largest hail reported was golf ball sized, west of Belcourt in Rolette County.","A 200 foot by 60 foot barn was blown over and dismantled one mile west of Spiritwood. Based on photo and satellite imagery, barn was oriented west-east with 3 doors facing south. The storm was moving from south to north, which would be a favorable direction to funnel wind into the broad side of the barn with multiple doors, helping the barn collapse and push pieces into the tree row directly to the north. This is consistent with wind speeds of around 85 mph.",CSV
202606,2,849,202606,2,851,213973,1340786,NORTH DAKOTA,38,2026,June,Hail,C,41,HETTINGER,BIS,02-JUN-26 08:49:00,MST-7,02-JUN-26 08:51:00,0,0,0,0,0.00K,0.00K,COOP Observer,0.75,,,,,,,,,,,1.18,NW,NEW ENGLAND,1.18,NW,NEW ENGLAND,46.54,-102.87,46.54,-102.87,"As an upper level low moved through the region, severe thunderstorms developed along a weak cold front that moved through North Dakota. Scattered showers and non-severe thunderstorms were ongoing during the morning before increasing in strength throughout the afternoon. A cluster of severe thunderstorms moved through parts of north central North Dakota, including the Turtle Mountains area, before additional storms developed to the south in the James River Valley area. |The most significant damage occurred approximately 4 miles northeast of Belcourt. Multiple buildings were damaged at a collection of properties in this area. A garage on the southwest side of the damage area lost a section of its roof that video and drone footage show was blown northeast across the property. The other main building with damage is a residential home at the center property that lost a significant portion of its roof ripped off. On the north and east side of this property, there were multiple hardwood trees damaged, some snapped about halfway down, but all generally extending to the northeast. A utility truck was parked at the center property and was facing south when the storm came through. A two by four plank of wood went through the windshield and both occupants of the truck had minor injuries. At the eastern property in this group, a shed collapsed and was blown into the edge of a wooded area to the northeast. Drone footage shows numerous trees damaged in this wooded area, extending a few hundred feet northeast of the buildings on the property. Winds were estimated at 95 mph. To the northeast, there was another property with approximately 15 to 20 oak trees that were damaged. |The other main area of damage occurred in Stutsman County, one mile west of Spiritwood. A 200 foot by 60 foot barn was blown over and dismantled. Based on photo and satellite imagery, barn was oriented west-east with 3 doors facing south. The storm was moving from south to north, which would be a favorable direction to funnel wind into the broad side of the barn with multiple doors, helping the barn collapse and push pieces into the tree row directly to the north. This is consistent with wind speeds of around 85 mph.|The highest measured wind gust was 62 mph near Zeeland in Mcintosh County and near Pettibone in Kidder County. The largest hail reported was golf ball sized, west of Belcourt in Rolette County.",Hail estimated to be penny sized.,CSV
202606,2,1255,202606,2,1258,213973,1340787,NORTH DAKOTA,38,2026,June,Hail,C,79,ROLETTE,BIS,02-JUN-26 12:55:00,CST-6,02-JUN-26 12:58:00,0,0,0,0,0.00K,0.00K,Public,1.75,,,,,,,,,,,5.95,E,SAN HAVEN,5.95,E,SAN HAVEN,48.84,-99.9,48.84,-99.9,"As an upper level low moved through the region, severe thunderstorms developed along a weak cold front that moved through North Dakota. Scattered showers and non-severe thunderstorms were ongoing during the morning before increasing in strength throughout the afternoon. A cluster of severe thunderstorms moved through parts of north central North Dakota, including the Turtle Mountains area, before additional storms developed to the south in the James River Valley area. |The most significant damage occurred approximately 4 miles northeast of Belcourt. Multiple buildings were damaged at a collection of properties in this area. A garage on the southwest side of the damage area lost a section of its roof that video and drone footage show was blown northeast across the property. The other main building with damage is a residential home at the center property that lost a significant portion of its roof ripped off. On the north and east side of this property, there were multiple hardwood trees damaged, some snapped about halfway down, but all generally extending to the northeast. A utility truck was parked at the center property and was facing south when the storm came through. A two by four plank of wood went through the windshield and both occupants of the truck had minor injuries. At the eastern property in this group, a shed collapsed and was blown into the edge of a wooded area to the northeast. Drone footage shows numerous trees damaged in this wooded area, extending a few hundred feet northeast of the buildings on the property. Winds were estimated at 95 mph. To the northeast, there was another property with approximately 15 to 20 oak trees that were damaged. |The other main area of damage occurred in Stutsman County, one mile west of Spiritwood. A 200 foot by 60 foot barn was blown over and dismantled. Based on photo and satellite imagery, barn was oriented west-east with 3 doors facing south. The storm was moving from south to north, which would be a favorable direction to funnel wind into the broad side of the barn with multiple doors, helping the barn collapse and push pieces into the tree row directly to the north. This is consistent with wind speeds of around 85 mph.|The highest measured wind gust was 62 mph near Zeeland in Mcintosh County and near Pettibone in Kidder County. The largest hail reported was golf ball sized, west of Belcourt in Rolette County.",Hail estimated to be golf ball sized. Public report relayed by broadcast media.,CSV
202606,2,1302,202606,2,1307,213973,1340792,NORTH DAKOTA,38,2026,June,Thunderstorm Wind,C,79,ROLETTE,BIS,02-JUN-26 13:02:00,CST-6,02-JUN-26 13:07:00,2,0,0,0,0.00K,0.00K,Local Official,83.00,EG,,,,,,,,,,4.24,NNE,BELCOURT,4.24,NNE,BELCOURT,48.89,-99.71,48.89,-99.71,"As an upper level low moved through the region, severe thunderstorms developed along a weak cold front that moved through North Dakota. Scattered showers and non-severe thunderstorms were ongoing during the morning before increasing in strength throughout the afternoon. A cluster of severe thunderstorms moved through parts of north central North Dakota, including the Turtle Mountains area, before additional storms developed to the south in the James River Valley area. |The most significant damage occurred approximately 4 miles northeast of Belcourt. Multiple buildings were damaged at a collection of properties in this area. A garage on the southwest side of the damage area lost a section of its roof that video and drone footage show was blown northeast across the property. The other main building with damage is a residential home at the center property that lost a significant portion of its roof ripped off. On the north and east side of this property, there were multiple hardwood trees damaged, some snapped about halfway down, but all generally extending to the northeast. A utility truck was parked at the center property and was facing south when the storm came through. A two by four plank of wood went through the windshield and both occupants of the truck had minor injuries. At the eastern property in this group, a shed collapsed and was blown into the edge of a wooded area to the northeast. Drone footage shows numerous trees damaged in this wooded area, extending a few hundred feet northeast of the buildings on the property. Winds were estimated at 95 mph. To the northeast, there was another property with approximately 15 to 20 oak trees that were damaged. |The other main area of damage occurred in Stutsman County, one mile west of Spiritwood. A 200 foot by 60 foot barn was blown over and dismantled. Based on photo and satellite imagery, barn was oriented west-east with 3 doors facing south. The storm was moving from south to north, which would be a favorable direction to funnel wind into the broad side of the barn with multiple doors, helping the barn collapse and push pieces into the tree row directly to the north. This is consistent with wind speeds of around 85 mph.|The highest measured wind gust was 62 mph near Zeeland in Mcintosh County and near Pettibone in Kidder County. The largest hail reported was golf ball sized, west of Belcourt in Rolette County.","Thunderstorm wind damage reported approximately 4 miles northeast of Belcourt. Multiple buildings were damaged at a collection of properties in this area. A garage on the southwest side of the damage area lost a section of its roof that video and drone footage show was blown northeast across the property. The other main building with damage is a residential home at the center property that lost a significant portion of its roof ripped off. On the north and east side of this property, there were multiple hardwood trees damaged, some snapped about halfway down, but all generally extending to the northeast. A utility truck was parked at the center property and was facing south when the storm came through. A two by four plank of wood went through the windshield and both occupants of the truck had minor injuries. At the eastern property in this group, a shed collapsed and was blown into the edge of a wooded area to the northeast. Drone footage shows numerous trees damaged in this wooded area, extending a few hundred feet northeast of the buildings on the property. Winds were estimated at 95 mph.",CSV
202606,2,1307,202606,2,1310,213973,1340793,NORTH DAKOTA,38,2026,June,Thunderstorm Wind,C,79,ROLETTE,BIS,02-JUN-26 13:07:00,CST-6,02-JUN-26 13:10:00,0,0,0,0,0.00K,0.00K,Public,78.00,EG,,,,,,,,,,2.76,S,ST JOHN,2.76,S,ST JOHN,48.91,-99.68,48.91,-99.68,"As an upper level low moved through the region, severe thunderstorms developed along a weak cold front that moved through North Dakota. Scattered showers and non-severe thunderstorms were ongoing during the morning before increasing in strength throughout the afternoon. A cluster of severe thunderstorms moved through parts of north central North Dakota, including the Turtle Mountains area, before additional storms developed to the south in the James River Valley area. |The most significant damage occurred approximately 4 miles northeast of Belcourt. Multiple buildings were damaged at a collection of properties in this area. A garage on the southwest side of the damage area lost a section of its roof that video and drone footage show was blown northeast across the property. The other main building with damage is a residential home at the center property that lost a significant portion of its roof ripped off. On the north and east side of this property, there were multiple hardwood trees damaged, some snapped about halfway down, but all generally extending to the northeast. A utility truck was parked at the center property and was facing south when the storm came through. A two by four plank of wood went through the windshield and both occupants of the truck had minor injuries. At the eastern property in this group, a shed collapsed and was blown into the edge of a wooded area to the northeast. Drone footage shows numerous trees damaged in this wooded area, extending a few hundred feet northeast of the buildings on the property. Winds were estimated at 95 mph. To the northeast, there was another property with approximately 15 to 20 oak trees that were damaged. |The other main area of damage occurred in Stutsman County, one mile west of Spiritwood. A 200 foot by 60 foot barn was blown over and dismantled. Based on photo and satellite imagery, barn was oriented west-east with 3 doors facing south. The storm was moving from south to north, which would be a favorable direction to funnel wind into the broad side of the barn with multiple doors, helping the barn collapse and push pieces into the tree row directly to the north. This is consistent with wind speeds of around 85 mph.|The highest measured wind gust was 62 mph near Zeeland in Mcintosh County and near Pettibone in Kidder County. The largest hail reported was golf ball sized, west of Belcourt in Rolette County.","Approximately 15 to 20 oak trees were damaged at this property. Photos provided  show various degrees of damage, ranging from branches broken to an uprooted tree. Some of  the trees were likely already dead when they were damaged. A trampoline was also blown into the edge of the wooded area. This damage is consistent with straight line wind speeds of 90 mph.",CSV
202605,10,200,202605,10,700,213055,1341166,NORTH DAKOTA,38,2026,May,Frost/Freeze,Z,52,SARGENT,FGF,10-MAY-26 02:00:00,CST-6,10-MAY-26 07:00:00,0,0,0,0,,,Mesonet,,,,,,,,,,,,,,,,,,,,,,"Unseasonably cold temperatures developed during the growing season across eastern North Dakota and northwest Minnesota, with hard freeze conditions observed at some locations during the morning hours before sunrise. The 2026 Spring growing season officially began at 12am on May 9.","Brampton, ND NDAWN observed a low temperature of 28 degrees at 2:45 AM CST. Other NDAWN sites in northern Sargent observed low temperatures of 30 degrees during the early morning hours.",CSV
202605,10,230,202605,10,630,213055,1341180,NORTH DAKOTA,38,2026,May,Frost/Freeze,Z,16,EASTERN WALSH,FGF,10-MAY-26 02:30:00,CST-6,10-MAY-26 06:30:00,0,0,0,0,,,Mesonet,,,,,,,,,,,,,,,,,,,,,,"Unseasonably cold temperatures developed during the growing season across eastern North Dakota and northwest Minnesota, with hard freeze conditions observed at some locations during the morning hours before sunrise. The 2026 Spring growing season officially began at 12am on May 9.","Adams, ND NDAWN observed a low temperature of 23 at 5:15 AM CST. Grafton, ND NDAWN observed a low temperature of 26 at 5:30 AM CST.",CSV
202605,10,0,202605,10,700,213055,1341184,NORTH DAKOTA,38,2026,May,Frost/Freeze,Z,6,TOWNER,FGF,10-MAY-26 00:00:00,CST-6,10-MAY-26 07:00:00,0,0,0,0,,,AWOS,,,,,,,,,,,,,,,,,,,,,,"Unseasonably cold temperatures developed during the growing season across eastern North Dakota and northwest Minnesota, with hard freeze conditions observed at some locations during the morning hours before sunrise. The 2026 Spring growing season officially began at 12am on May 9.","Cando, ND Airport AWOS observed a low temperature of 27 at 5:35 AM CST. The Cando, ND NDAWN also observed a low temperature of 27 at 5:40 AM CST.",CSV
202605,10,100,202605,10,715,213055,1341192,NORTH DAKOTA,38,2026,May,Frost/Freeze,Z,7,CAVALIER,FGF,10-MAY-26 01:00:00,CST-6,10-MAY-26 07:15:00,0,0,0,0,,,Mesonet,,,,,,,,,,,,,,,,,,,,,,"Unseasonably cold temperatures developed during the growing season across eastern North Dakota and northwest Minnesota, with hard freeze conditions observed at some locations during the morning hours before sunrise. The 2026 Spring growing season officially began at 12am on May 9.","A personal weather station at Mount Carmel, ND observed a low temperature of 25 at 5:35 AM CST, while the CWOP at Dresden, ND also observed a low of 25 at 5:47 AM CST. The Langdon, ND Airport AWOS observed a low of 27 at 5:35 AM CST.",CSV
202605,10,30,202605,10,730,213055,1341196,NORTH DAKOTA,38,2026,May,Frost/Freeze,Z,8,PEMBINA,FGF,10-MAY-26 00:30:00,CST-6,10-MAY-26 07:30:00,0,0,0,0,,,AWOS,,,,,,,,,,,,,,,,,,,,,,"Unseasonably cold temperatures developed during the growing season across eastern North Dakota and northwest Minnesota, with hard freeze conditions observed at some locations during the morning hours before sunrise. The 2026 Spring growing season officially began at 12am on May 9.",The Walhalla Airport AWOS observed a low of 27 at 2:55 AM CST and the Cavalier Airport AWOS observed a low temperature of 27 at 3:55 AM CST.,CSV
202605,11,300,202605,11,700,213057,1341261,NORTH DAKOTA,38,2026,May,Frost/Freeze,Z,54,WESTERN WALSH,FGF,11-MAY-26 03:00:00,CST-6,11-MAY-26 07:00:00,0,0,0,0,,,Mesonet,,,,,,,,,,,,,,,,,,,,,,"Unseasonably cold temperatures developed during the growing season across eastern North Dakota and northwest Minnesota, with hard freeze conditions observed at some locations during the morning hours before sunrise. The 2026 Spring growing season officially began at 12am on May 9.","Adams, ND NDAWN observed a low temperature of 30 at 5:15 AM CST. Other nearby observation sites in south central Walsh County and northwest Grand Forks County were 27 and 28, and it can be extrapolated that freeze conditions expected across much of Western Walsh County during this period.",CSV
202605,11,235,202605,11,700,213057,1341263,NORTH DAKOTA,38,2026,May,Frost/Freeze,Z,28,GRIGGS,FGF,11-MAY-26 02:35:00,CST-6,11-MAY-26 07:00:00,0,0,0,0,,,AWOS,,,,,,,,,,,,,,,,,,,,,,"Unseasonably cold temperatures developed during the growing season across eastern North Dakota and northwest Minnesota, with hard freeze conditions observed at some locations during the morning hours before sunrise. The 2026 Spring growing season officially began at 12am on May 9.",Cooperstown AWOS observed a low temperature of 30 at 5:35 AM CST.,CSV
202605,11,300,202605,11,700,213057,1341265,NORTH DAKOTA,38,2026,May,Frost/Freeze,Z,26,NELSON,FGF,11-MAY-26 03:00:00,CST-6,11-MAY-26 07:00:00,0,0,0,0,,,Mesonet,,,,,,,,,,,,,,,,,,,,,,"Unseasonably cold temperatures developed during the growing season across eastern North Dakota and northwest Minnesota, with hard freeze conditions observed at some locations during the morning hours before sunrise. The 2026 Spring growing season officially began at 12am on May 9.","Michigan, ND NDAWN observed a low temperature of 30 at 4:10 AM CST. Pekin, ND NDAWN observed at low temperature of 31 at 5:05 AM CST.",CSV
202605,11,300,202605,11,700,213057,1341267,NORTH DAKOTA,38,2026,May,Frost/Freeze,Z,29,STEELE,FGF,11-MAY-26 03:00:00,CST-6,11-MAY-26 07:00:00,0,0,0,0,,,Mesonet,,,,,,,,,,,,,,,,,,,,,,"Unseasonably cold temperatures developed during the growing season across eastern North Dakota and northwest Minnesota, with hard freeze conditions observed at some locations during the morning hours before sunrise. The 2026 Spring growing season officially began at 12am on May 9.",Hope NDAWN observed a morning low of 23 at 5:25 AM CST. Finley NDAWN observed a morning low of 29 at 4:25 AM CST.,CSV
202605,11,400,202605,11,1100,213057,1341270,NORTH DAKOTA,38,2026,May,Frost/Freeze,Z,52,SARGENT,FGF,11-MAY-26 04:00:00,CST-6,11-MAY-26 11:00:00,0,0,0,0,,,Mesonet,,,,,,,,,,,,,,,,,,,,,,"Unseasonably cold temperatures developed during the growing season across eastern North Dakota and northwest Minnesota, with hard freeze conditions observed at some locations during the morning hours before sunrise. The 2026 Spring growing season officially began at 12am on May 9.","Sites across Sargent County reported lows between 30 and 32. The lowest observed value of 30 was at Milnor 1S, ND NDAWN.",CSV
202605,11,300,202605,11,1100,213057,1341273,NORTH DAKOTA,38,2026,May,Frost/Freeze,Z,49,RANSOM,FGF,11-MAY-26 03:00:00,CST-6,11-MAY-26 11:00:00,0,0,0,0,,,Mesonet,,,,,,,,,,,,,,,,,,,,,,"Unseasonably cold temperatures developed during the growing season across eastern North Dakota and northwest Minnesota, with hard freeze conditions observed at some locations during the morning hours before sunrise. The 2026 Spring growing season officially began at 12am on May 9.","Lisbon, ND NDAWN observed a morning low temperature of 30 at 5:40 AM.",CSV
202605,11,235,202605,11,555,213057,1341275,NORTH DAKOTA,38,2026,May,Frost/Freeze,Z,8,PEMBINA,FGF,11-MAY-26 02:35:00,CST-6,11-MAY-26 05:55:00,0,0,0,0,,,Mesonet,,,,,,,,,,,,,,,,,,,,,,"Unseasonably cold temperatures developed during the growing season across eastern North Dakota and northwest Minnesota, with hard freeze conditions observed at some locations during the morning hours before sunrise. The 2026 Spring growing season officially began at 12am on May 9.","Sites across Pembina County observed morning low temperatures between 29 and 32. The lowest observed values of 29 was at the St. Thomas, ND NDAWN at 4:20 AM.",CSV
202605,10,230,202605,10,600,213055,1341168,NORTH DAKOTA,38,2026,May,Frost/Freeze,Z,28,GRIGGS,FGF,10-MAY-26 02:30:00,CST-6,10-MAY-26 06:00:00,0,0,0,0,,,Mesonet,,,,,,,,,,,,,,,,,,,,,,"Unseasonably cold temperatures developed during the growing season across eastern North Dakota and northwest Minnesota, with hard freeze conditions observed at some locations during the morning hours before sunrise. The 2026 Spring growing season officially began at 12am on May 9.","Cooperstown, ND NDAWN observed a low temperature of 28 degrees at 5:50 AM CST. The Cooperstown, ND AWOS observed a low temperatures of 30 degrees at 5:15 AM CST.",CSV
202605,10,300,202605,10,700,213055,1341163,NORTH DAKOTA,38,2026,May,Frost/Freeze,Z,38,BARNES,FGF,10-MAY-26 03:00:00,CST-6,10-MAY-26 07:00:00,0,0,0,0,,,Mesonet,,,,,,,,,,,,,,,,,,,,,,"Unseasonably cold temperatures developed during the growing season across eastern North Dakota and northwest Minnesota, with hard freeze conditions observed at some locations during the morning hours before sunrise. The 2026 Spring growing season officially began at 12am on May 9.","Dazey, ND NDAWN observed a low temperatures of 29 degrees at 4:40 AM CST, Pillsbury, ND NDAWN observed a low of 30 degrees at 6 AM LST, and Valley City AWOS observed a low of 32 degrees at 5:35 AM CST.",CSV
202605,10,300,202605,10,700,213055,1341170,NORTH DAKOTA,38,2026,May,Frost/Freeze,Z,30,TRAILL,FGF,10-MAY-26 03:00:00,CST-6,10-MAY-26 07:00:00,0,0,0,0,,,Mesonet,,,,,,,,,,,,,,,,,,,,,,"Unseasonably cold temperatures developed during the growing season across eastern North Dakota and northwest Minnesota, with hard freeze conditions observed at some locations during the morning hours before sunrise. The 2026 Spring growing season officially began at 12am on May 9.","Mayville, ND NDAWN observed a low temperature of 31 at 6:15 AM CST while a personal weather station at Hatton, ND 1 SE observed at low temperature of 32 at 6:15 AM CST.",CSV
202605,10,400,202605,10,700,213055,1341169,NORTH DAKOTA,38,2026,May,Frost/Freeze,Z,29,STEELE,FGF,10-MAY-26 04:00:00,CST-6,10-MAY-26 07:00:00,0,0,0,0,,,Mesonet,,,,,,,,,,,,,,,,,,,,,,"Unseasonably cold temperatures developed during the growing season across eastern North Dakota and northwest Minnesota, with hard freeze conditions observed at some locations during the morning hours before sunrise. The 2026 Spring growing season officially began at 12am on May 9.","Finley, ND NDAWN observed a low temperature of 30 degrees at 5:25 AM CST and Hope, ND NDAWN observed at low temperatures of 30 degrees at 5:30 AM CST.",CSV
202605,10,300,202605,10,700,213055,1341176,NORTH DAKOTA,38,2026,May,Frost/Freeze,Z,24,EDDY,FGF,10-MAY-26 03:00:00,CST-6,10-MAY-26 07:00:00,0,0,0,0,,,Mesonet,,,,,,,,,,,,,,,,,,,,,,"Unseasonably cold temperatures developed during the growing season across eastern North Dakota and northwest Minnesota, with hard freeze conditions observed at some locations during the morning hours before sunrise. The 2026 Spring growing season officially began at 12am on May 9.","McHenry, ND NDAWN in eastern Eddy County observed a low temperature of 32 at 5:40 AM CST. The NDAWN site at Bremen 3E located in northeast Wells next to western Eddy County and the NDAWN at Carrington 4N just southwest of Eddy County both observed low temperatures of 25. Extrapolating between these sites, western Eddy County likely experienced hard freeze conditions.",CSV
202605,14,431,202605,14,433,214236,1342378,NORTH DAKOTA,38,2026,May,Thunderstorm Wind,C,103,WELLS,BIS,14-MAY-26 04:31:00,CST-6,14-MAY-26 04:33:00,0,0,0,0,0.00K,0.00K,Mesonet,53.00,MG,,,,,,,,,,1.73,W,HURDSFIELD,1.73,W,HURDSFIELD,47.4511,-99.9369,47.4511,-99.9369,Isolated thunderstorms developed along a cold front that moved through early in the morning. There was one reported severe wind gust of 61 mph near Hurdsfield in Wells County.,Hurdsfield NDAWN station reported wind gusts up to 61 mph.,CSV
202605,15,1045,202605,15,1100,213047,1333561,NORTH DAKOTA,38,2026,May,High Wind,Z,7,CAVALIER,FGF,15-MAY-26 10:45:00,CST-6,15-MAY-26 11:00:00,0,0,0,0,,,Mesonet,50.00,EG,,,,,,,,,,,,,,,,,,,,A strong low pressure system brought a period of high winds to parts of the Devils Lake region in northeast North Dakota.,"Wind gust measured at ND040 ND DOT site located 2 NW of Clyde, ND.",CSV
202605,10,230,202605,10,700,213055,1341171,NORTH DAKOTA,38,2026,May,Frost/Freeze,Z,27,GRAND FORKS,FGF,10-MAY-26 02:30:00,CST-6,10-MAY-26 07:00:00,0,0,0,0,,,ASOS,,,,,,,,,,,,,,,,,,,,,,"Unseasonably cold temperatures developed during the growing season across eastern North Dakota and northwest Minnesota, with hard freeze conditions observed at some locations during the morning hours before sunrise. The 2026 Spring growing season officially began at 12am on May 9.",Grand Forks international Airport ASOS observed a low temperature of 24 at 5:53 AM CST. The Grand Forks Air Force Base ASOS observed a low temperature of 26 at 5:55 AM CST. Other sites across Grand Forks County from NDAWN observed low temperatures from 28 to 31. The official NWS COOP site within the Grand Fork city limits observed a low temperature of 32.,CSV
202605,10,200,202605,10,600,213055,1341173,NORTH DAKOTA,38,2026,May,Frost/Freeze,Z,26,NELSON,FGF,10-MAY-26 02:00:00,CST-6,10-MAY-26 06:00:00,0,0,0,0,,,Mesonet,,,,,,,,,,,,,,,,,,,,,,"Unseasonably cold temperatures developed during the growing season across eastern North Dakota and northwest Minnesota, with hard freeze conditions observed at some locations during the morning hours before sunrise. The 2026 Spring growing season officially began at 12am on May 9.","Pekin, ND DAWN observed a low temperature of 28 at 5:20 AM CST. Michigan, ND DAWN also observed a low temperature of 28 at 5:30 AM CST.",CSV
202605,10,100,202605,10,600,213055,1341174,NORTH DAKOTA,38,2026,May,Frost/Freeze,Z,14,BENSON,FGF,10-MAY-26 01:00:00,CST-6,10-MAY-26 06:00:00,0,0,0,0,,,Mesonet,,,,,,,,,,,,,,,,,,,,,,"Unseasonably cold temperatures developed during the growing season across eastern North Dakota and northwest Minnesota, with hard freeze conditions observed at some locations during the morning hours before sunrise. The 2026 Spring growing season officially began at 12am on May 9.","Maddock, ND DAWN observed a low temperature of 25 at 3:30 AM CST. Baker, ND DAWN observed a low of 27 at 5:15 AM CST, and Niles, ND NDAWN observed at low of 28 at 5:40 AM CST. A personal weather station at Leeds, ND 2 NE observed a low temperature of 30 at 5:15 AM CST.",CSV
202605,11,300,202605,11,530,213057,1341246,NORTH DAKOTA,38,2026,May,Frost/Freeze,Z,39,CASS,FGF,11-MAY-26 03:00:00,CST-6,11-MAY-26 05:30:00,0,0,0,0,,,Mesonet,,,,,,,,,,,,,,,,,,,,,,"Unseasonably cold temperatures developed during the growing season across eastern North Dakota and northwest Minnesota, with hard freeze conditions observed at some locations during the morning hours before sunrise. The 2026 Spring growing season officially began at 12am on May 9.","Sites across rural Cass County outside of the immediate Fargo metro reported morning low temperatures from 24 to 32. The lowest observed value of 24 was at the Galesburg, ND NDAWN at 4:15 AM CST.",CSV
202605,11,200,202605,11,600,213057,1341247,NORTH DAKOTA,38,2026,May,Frost/Freeze,Z,30,TRAILL,FGF,11-MAY-26 02:00:00,CST-6,11-MAY-26 06:00:00,0,0,0,0,,,Mesonet,,,,,,,,,,,,,,,,,,,,,,"Unseasonably cold temperatures developed during the growing season across eastern North Dakota and northwest Minnesota, with hard freeze conditions observed at some locations during the morning hours before sunrise. The 2026 Spring growing season officially began at 12am on May 9.","Sites across Traill County observed morning lows from 28 to 31. The lowest observed temperature of 28 was at the Mayville, ND NDAWN at 4:35 AM CST.",CSV
202605,10,300,202605,10,700,213055,1341175,NORTH DAKOTA,38,2026,May,Frost/Freeze,Z,15,RAMSEY,FGF,10-MAY-26 03:00:00,CST-6,10-MAY-26 07:00:00,0,0,0,0,,,Mesonet,,,,,,,,,,,,,,,,,,,,,,"Unseasonably cold temperatures developed during the growing season across eastern North Dakota and northwest Minnesota, with hard freeze conditions observed at some locations during the morning hours before sunrise. The 2026 Spring growing season officially began at 12am on May 9.","Webster, ND NDAWN observed a low temperature of 22 at 5:25 AM CST. A personal weather station at Garske, ND 2 ENE observed a low of 24 at 4:40 AM CST while an NDAWN at Edmore, ND observed a low of 25 at 5:15 CST. Other mesonet sites observed lows from 28 to 32.",CSV
202605,11,130,202605,11,1030,213057,1341251,NORTH DAKOTA,38,2026,May,Frost/Freeze,Z,53,RICHLAND,FGF,11-MAY-26 01:30:00,CST-6,11-MAY-26 10:30:00,0,0,0,0,,,Mesonet,,,,,,,,,,,,,,,,,,,,,,"Unseasonably cold temperatures developed during the growing season across eastern North Dakota and northwest Minnesota, with hard freeze conditions observed at some locations during the morning hours before sunrise. The 2026 Spring growing season officially began at 12am on May 9.","Sites across Richland County observed morning low temperatures between 28 and 32. The lowest observed temperature of 28 was at the Mooreton, ND NDAWN at 5:15 AM CST.",CSV
202605,11,230,202605,11,1045,213057,1341256,NORTH DAKOTA,38,2026,May,Frost/Freeze,Z,27,GRAND FORKS,FGF,11-MAY-26 02:30:00,CST-6,11-MAY-26 10:45:00,0,0,0,0,,,ASOS,,,,,,,,,,,,,,,,,,,,,,"Unseasonably cold temperatures developed during the growing season across eastern North Dakota and northwest Minnesota, with hard freeze conditions observed at some locations during the morning hours before sunrise. The 2026 Spring growing season officially began at 12am on May 9.",Sites across Grand Forks County reported morning low temperatures from 27 to 32. The lowest observed value of 27 was at Grand Forks International Airport ASOS at 05:53 AM CST.,CSV
202605,11,435,202605,11,1115,213057,1341258,NORTH DAKOTA,38,2026,May,Frost/Freeze,Z,16,EASTERN WALSH,FGF,11-MAY-26 04:35:00,CST-6,11-MAY-26 11:15:00,0,0,0,0,,,AWOS,,,,,,,,,,,,,,,,,,,,,,"Unseasonably cold temperatures developed during the growing season across eastern North Dakota and northwest Minnesota, with hard freeze conditions observed at some locations during the morning hours before sunrise. The 2026 Spring growing season officially began at 12am on May 9.",Sites across eastern Walsh County observed morning low temperatures between 27 and 32. The lowest temperature of 27 was observed at Grafton Airport AWOS at 4:35 AM CST.,CSV
202605,11,335,202605,11,600,213057,1341276,NORTH DAKOTA,38,2026,May,Frost/Freeze,Z,7,CAVALIER,FGF,11-MAY-26 03:35:00,CST-6,11-MAY-26 06:00:00,0,0,0,0,,,Mesonet,,,,,,,,,,,,,,,,,,,,,,"Unseasonably cold temperatures developed during the growing season across eastern North Dakota and northwest Minnesota, with hard freeze conditions observed at some locations during the morning hours before sunrise. The 2026 Spring growing season officially began at 12am on May 9.","Sites across Cavalier County observed morning lows from 29 to 32. The lowest value of 29 was observed by Osnabrock, ND NDAWN at 3:05 AM CST.",CSV
202605,14,1000,202605,14,1400,213045,1333532,NORTH DAKOTA,38,2026,May,Dust Storm,Z,30,TRAILL,FGF,14-MAY-26 10:00:00,CST-6,14-MAY-26 14:00:00,0,0,0,0,,,Trained Spotter,,,,,,,,,,,,,,,,,,,,,,"A strong low pressure system passing through southern Canada brought high winds across parts of eastern ND and northwest MN. Due to ambient dry conditions blowing dust developed, and localized brown out conditions developed within the southern Red River Valley.",Trained spotter sent picture of blowing dust across Interstate 29 reducing visibility to under one quarter mile at 10:51 AM CST. Satellite analysis indicated a blowing dust plume was impacting the stretch of interstate in central Trail County where the report was received. The strongest wind gust measured in Trail County was 53 mph at Mesonet station DVI06914 Mayville ND 1 W.,CSV
202605,10,300,202605,10,700,213055,1341179,NORTH DAKOTA,38,2026,May,Frost/Freeze,Z,54,WESTERN WALSH,FGF,10-MAY-26 03:00:00,CST-6,10-MAY-26 07:00:00,0,0,0,0,,,Mesonet,,,,,,,,,,,,,,,,,,,,,,"Unseasonably cold temperatures developed during the growing season across eastern North Dakota and northwest Minnesota, with hard freeze conditions observed at some locations during the morning hours before sunrise. The 2026 Spring growing season officially began at 12am on May 9.","Adams, ND NDAWN observed a low temperature of 23 at 5:15 CST.",CSV
202603,11,1800,202603,13,108,212029,1327845,NORTH DAKOTA,38,2026,March,Heavy Snow,Z,53,RICHLAND,FGF,11-MAR-26 18:00:00,CST-6,13-MAR-26 01:08:00,0,0,0,0,,,Public,,,,,,,,,,,,,,,,,,,,,,"A strong shortwave trough moved through the Northern Plains and brought high winds, heavy snow, and blowing snow across eastern North Dakota and northwest Minnesota. The highest winds occurs to the south of the main areas of snow.","Received a public report of 6 inches of snow as measured in Great Bend, ND.",CSV
202603,11,1800,202603,13,108,212029,1327846,NORTH DAKOTA,38,2026,March,Heavy Snow,Z,27,GRAND FORKS,FGF,11-MAR-26 18:00:00,CST-6,13-MAR-26 01:08:00,0,0,0,0,,,CoCoRaHS,,,,,,,,,,,,,,,,,,,,,,"A strong shortwave trough moved through the Northern Plains and brought high winds, heavy snow, and blowing snow across eastern North Dakota and northwest Minnesota. The highest winds occurs to the south of the main areas of snow.",Received a report of 6.1 inches of snow as measured by a CoCoRahs observer 3.4 miles SSE of Grand Forks.,CSV
202606,7,1740,202606,7,1742,214591,1345302,NORTH DAKOTA,38,2026,June,Hail,C,53,MCKENZIE,BIS,07-JUN-26 17:40:00,MST-7,07-JUN-26 17:42:00,0,0,0,0,0.00K,0.00K,Public,2.00,,,,,,,,,,,4.86,N,ALEXANDER,4.86,N,ALEXANDER,47.92,-103.64,47.92,-103.64,"An upper level low and surface cold front combined with a very unstable airmass resulted in severe thunderstorms across western and central North Dakota. Supercell thunderstorms initially produced very large hail before transitioning to a linear storm mode, which led to widespread significant thunderstorm wind gusts. The largest reported hail was 3 inches in diameter, occurring southwest of Medora in Billings County. Measured wind gusts of 60 to 80 mph were common as storms moved across western and central North Dakota. The area with the most significant wind damage occurred across Stark, Morton, Mercer, and McLean Counties. In a swath from Dickinson, to Hebron, to Beulah, to Douglas Bay, to west of Garrison, damage from thunderstorm wind gusts led to winds estimated from 80 to 100 mph. The strongest measured wind gust came from a personal weather station just east of Beulah that reported a gust of 103 mph. Damage included campers turned over, large trees downed, roof damage, power outages, garages destroyed, vehicle damage, siding damage, and dented grain bins.",,CSV
202606,7,1750,202606,7,1752,214591,1345310,NORTH DAKOTA,38,2026,June,Hail,C,53,MCKENZIE,BIS,07-JUN-26 17:50:00,MST-7,07-JUN-26 17:52:00,0,0,0,0,0.00K,0.00K,Broadcast Media,2.00,,,,,,,,,,,3.11,NW,ARNEGARD,3.11,NW,ARNEGARD,47.85,-103.48,47.85,-103.48,"An upper level low and surface cold front combined with a very unstable airmass resulted in severe thunderstorms across western and central North Dakota. Supercell thunderstorms initially produced very large hail before transitioning to a linear storm mode, which led to widespread significant thunderstorm wind gusts. The largest reported hail was 3 inches in diameter, occurring southwest of Medora in Billings County. Measured wind gusts of 60 to 80 mph were common as storms moved across western and central North Dakota. The area with the most significant wind damage occurred across Stark, Morton, Mercer, and McLean Counties. In a swath from Dickinson, to Hebron, to Beulah, to Douglas Bay, to west of Garrison, damage from thunderstorm wind gusts led to winds estimated from 80 to 100 mph. The strongest measured wind gust came from a personal weather station just east of Beulah that reported a gust of 103 mph. Damage included campers turned over, large trees downed, roof damage, power outages, garages destroyed, vehicle damage, siding damage, and dented grain bins.",,CSV
202606,7,2019,202606,7,2021,214591,1348630,NORTH DAKOTA,38,2026,June,Thunderstorm Wind,C,57,MERCER,BIS,07-JUN-26 20:19:00,CST-6,07-JUN-26 20:21:00,0,0,0,0,0.00K,0.00K,Public,90.00,MG,,,,,,,,,,.47,E,BEULAH,.47,E,BEULAH,47.27,-101.77,47.27,-101.77,"An upper level low and surface cold front combined with a very unstable airmass resulted in severe thunderstorms across western and central North Dakota. Supercell thunderstorms initially produced very large hail before transitioning to a linear storm mode, which led to widespread significant thunderstorm wind gusts. The largest reported hail was 3 inches in diameter, occurring southwest of Medora in Billings County. Measured wind gusts of 60 to 80 mph were common as storms moved across western and central North Dakota. The area with the most significant wind damage occurred across Stark, Morton, Mercer, and McLean Counties. In a swath from Dickinson, to Hebron, to Beulah, to Douglas Bay, to west of Garrison, damage from thunderstorm wind gusts led to winds estimated from 80 to 100 mph. The strongest measured wind gust came from a personal weather station just east of Beulah that reported a gust of 103 mph. Damage included campers turned over, large trees downed, roof damage, power outages, garages destroyed, vehicle damage, siding damage, and dented grain bins.",Personal weather station reported wind gusts up to 103 mph.,CSV
202606,7,2020,202606,7,2022,214591,1348634,NORTH DAKOTA,38,2026,June,Thunderstorm Wind,C,65,OLIVER,BIS,07-JUN-26 20:20:00,CST-6,07-JUN-26 20:22:00,0,0,0,0,0.00K,0.00K,Public,52.00,MG,,,,,,,,,,3.5,SW,CENTER,3.5,SW,CENTER,47.09,-101.36,47.09,-101.36,"An upper level low and surface cold front combined with a very unstable airmass resulted in severe thunderstorms across western and central North Dakota. Supercell thunderstorms initially produced very large hail before transitioning to a linear storm mode, which led to widespread significant thunderstorm wind gusts. The largest reported hail was 3 inches in diameter, occurring southwest of Medora in Billings County. Measured wind gusts of 60 to 80 mph were common as storms moved across western and central North Dakota. The area with the most significant wind damage occurred across Stark, Morton, Mercer, and McLean Counties. In a swath from Dickinson, to Hebron, to Beulah, to Douglas Bay, to west of Garrison, damage from thunderstorm wind gusts led to winds estimated from 80 to 100 mph. The strongest measured wind gust came from a personal weather station just east of Beulah that reported a gust of 103 mph. Damage included campers turned over, large trees downed, roof damage, power outages, garages destroyed, vehicle damage, siding damage, and dented grain bins.",Private weather station reported wind gusts up to 60 mph.,CSV
202606,7,1756,202606,7,1759,214591,1345312,NORTH DAKOTA,38,2026,June,Thunderstorm Wind,C,87,SLOPE,BIS,07-JUN-26 17:56:00,MST-7,07-JUN-26 17:59:00,0,0,0,0,0.00K,0.00K,Mesonet,51.00,MG,,,,,,,,,,17,ENE,AMIDON,17,ENE,AMIDON,46.53,-102.97,46.53,-102.97,"An upper level low and surface cold front combined with a very unstable airmass resulted in severe thunderstorms across western and central North Dakota. Supercell thunderstorms initially produced very large hail before transitioning to a linear storm mode, which led to widespread significant thunderstorm wind gusts. The largest reported hail was 3 inches in diameter, occurring southwest of Medora in Billings County. Measured wind gusts of 60 to 80 mph were common as storms moved across western and central North Dakota. The area with the most significant wind damage occurred across Stark, Morton, Mercer, and McLean Counties. In a swath from Dickinson, to Hebron, to Beulah, to Douglas Bay, to west of Garrison, damage from thunderstorm wind gusts led to winds estimated from 80 to 100 mph. The strongest measured wind gust came from a personal weather station just east of Beulah that reported a gust of 103 mph. Damage included campers turned over, large trees downed, roof damage, power outages, garages destroyed, vehicle damage, siding damage, and dented grain bins.",New England NDAWN station reported wind gusts up to 59 mph.,CSV
202606,7,1804,202606,7,1807,214591,1345313,NORTH DAKOTA,38,2026,June,Thunderstorm Wind,C,25,DUNN,BIS,07-JUN-26 18:04:00,MST-7,07-JUN-26 18:07:00,0,0,0,0,0.00K,0.00K,Mesonet,62.00,MG,,,,,,,,,,4.86,N,HALLIDAY,4.86,N,HALLIDAY,47.42,-102.32,47.42,-102.32,"An upper level low and surface cold front combined with a very unstable airmass resulted in severe thunderstorms across western and central North Dakota. Supercell thunderstorms initially produced very large hail before transitioning to a linear storm mode, which led to widespread significant thunderstorm wind gusts. The largest reported hail was 3 inches in diameter, occurring southwest of Medora in Billings County. Measured wind gusts of 60 to 80 mph were common as storms moved across western and central North Dakota. The area with the most significant wind damage occurred across Stark, Morton, Mercer, and McLean Counties. In a swath from Dickinson, to Hebron, to Beulah, to Douglas Bay, to west of Garrison, damage from thunderstorm wind gusts led to winds estimated from 80 to 100 mph. The strongest measured wind gust came from a personal weather station just east of Beulah that reported a gust of 103 mph. Damage included campers turned over, large trees downed, roof damage, power outages, garages destroyed, vehicle damage, siding damage, and dented grain bins.",Halliday NDAWN station reported wind gusts up to 71 mph.,CSV
202606,7,2020,202606,7,2023,214591,1348637,NORTH DAKOTA,38,2026,June,Thunderstorm Wind,C,55,MCLEAN,BIS,07-JUN-26 20:20:00,CST-6,07-JUN-26 20:23:00,0,0,0,0,0.00K,0.00K,Public,73.00,MG,,,,,,,,,,6.24,S,ROSEGLEN,6.24,S,ROSEGLEN,47.66,-101.84,47.66,-101.84,"An upper level low and surface cold front combined with a very unstable airmass resulted in severe thunderstorms across western and central North Dakota. Supercell thunderstorms initially produced very large hail before transitioning to a linear storm mode, which led to widespread significant thunderstorm wind gusts. The largest reported hail was 3 inches in diameter, occurring southwest of Medora in Billings County. Measured wind gusts of 60 to 80 mph were common as storms moved across western and central North Dakota. The area with the most significant wind damage occurred across Stark, Morton, Mercer, and McLean Counties. In a swath from Dickinson, to Hebron, to Beulah, to Douglas Bay, to west of Garrison, damage from thunderstorm wind gusts led to winds estimated from 80 to 100 mph. The strongest measured wind gust came from a personal weather station just east of Beulah that reported a gust of 103 mph. Damage included campers turned over, large trees downed, roof damage, power outages, garages destroyed, vehicle damage, siding damage, and dented grain bins.",Reported wind gusts up to 84 mph. Large cottonwood tree blown down over roadway.,CSV
202606,7,2020,202606,7,2023,214591,1348645,NORTH DAKOTA,38,2026,June,Thunderstorm Wind,C,57,MERCER,BIS,07-JUN-26 20:20:00,CST-6,07-JUN-26 20:23:00,0,0,0,0,100.00K,0.00K,Public,87.00,EG,,,,,,,,,,6.91,N,BEULAH,6.91,N,BEULAH,47.37,-101.78,47.37,-101.78,"An upper level low and surface cold front combined with a very unstable airmass resulted in severe thunderstorms across western and central North Dakota. Supercell thunderstorms initially produced very large hail before transitioning to a linear storm mode, which led to widespread significant thunderstorm wind gusts. The largest reported hail was 3 inches in diameter, occurring southwest of Medora in Billings County. Measured wind gusts of 60 to 80 mph were common as storms moved across western and central North Dakota. The area with the most significant wind damage occurred across Stark, Morton, Mercer, and McLean Counties. In a swath from Dickinson, to Hebron, to Beulah, to Douglas Bay, to west of Garrison, damage from thunderstorm wind gusts led to winds estimated from 80 to 100 mph. The strongest measured wind gust came from a personal weather station just east of Beulah that reported a gust of 103 mph. Damage included campers turned over, large trees downed, roof damage, power outages, garages destroyed, vehicle damage, siding damage, and dented grain bins.","Significant home damage from very strong thunderstorm wind gusts reported north of Beulah. Attached double garage was ripped away from home and destroyed, with debris scattered across the yard. Garage doors were facing west into the wind. Some damage to the siding and roof of the main part of the house, especially on the southern side where the garage was attached. Some larger tree branches were snapped off of the few trees directly east of the house. The barn at the northeast side of the property had some minor roof and siding damage, as well as broken windows. Damage is consistent with wind speeds around 100 mph.",CSV
202606,9,1736,202606,9,1739,214965,1348741,NORTH DAKOTA,38,2026,June,Hail,C,23,DIVIDE,BIS,09-JUN-26 17:36:00,CST-6,09-JUN-26 17:39:00,0,0,0,0,0.00K,0.00K,Trained Spotter,1.75,,,,,,,,,,,3.7,W,FORTUNA,3.7,W,FORTUNA,48.91,-103.78,48.91,-103.78,"A surface trough and low-level jet combined with a very moist and unstable air mass that led to severe thunderstorm development along the triple point of a surface low in west central North Dakota. Thunderstorms developed during the afternoon in southwest North Dakota, with additional storms in the far northwest. Storms gradually moved to the north-northeast through the evening in a primarily cluster storm mode. The area of most significant damage was in Ward and McHenry Counties. In the town of Sawyer in Ward County, the Emergency Manager reported damage from powerful thunderstorm wind gusts that resulted in power outages, trees on roads, and a large tree that fell onto a house and made a hole in the roof. Northeast of Deering in McHenry County, there was significant damage to a homestead due to thunderstorm wind gusts. A barn on the property had roof panels ripped off and some collapse of the wood frame structure for the roof. Damage in both of these locations were consistent with wind speeds around 90 mph. The largest reported hail was 3 inches in diameter, a few miles west of Fortuna in Divide County. One tornado occurred with these storms, and was reported approximately 3 miles east of Noonan in Divide County. It was a very brief tornado and caused no known damage, so has been rated EF-Unknown by NWS policy.",,CSV
202606,9,1740,202606,9,1742,214965,1348742,NORTH DAKOTA,38,2026,June,Hail,C,23,DIVIDE,BIS,09-JUN-26 17:40:00,CST-6,09-JUN-26 17:42:00,0,0,0,0,0.00K,0.00K,Emergency Manager,3.00,,,,,,,,,,,3.7,W,FORTUNA,3.7,W,FORTUNA,48.91,-103.78,48.91,-103.78,"A surface trough and low-level jet combined with a very moist and unstable air mass that led to severe thunderstorm development along the triple point of a surface low in west central North Dakota. Thunderstorms developed during the afternoon in southwest North Dakota, with additional storms in the far northwest. Storms gradually moved to the north-northeast through the evening in a primarily cluster storm mode. The area of most significant damage was in Ward and McHenry Counties. In the town of Sawyer in Ward County, the Emergency Manager reported damage from powerful thunderstorm wind gusts that resulted in power outages, trees on roads, and a large tree that fell onto a house and made a hole in the roof. Northeast of Deering in McHenry County, there was significant damage to a homestead due to thunderstorm wind gusts. A barn on the property had roof panels ripped off and some collapse of the wood frame structure for the roof. Damage in both of these locations were consistent with wind speeds around 90 mph. The largest reported hail was 3 inches in diameter, a few miles west of Fortuna in Divide County. One tornado occurred with these storms, and was reported approximately 3 miles east of Noonan in Divide County. It was a very brief tornado and caused no known damage, so has been rated EF-Unknown by NWS policy.",,CSV
202606,9,1749,202606,9,1752,214965,1348755,NORTH DAKOTA,38,2026,June,Thunderstorm Wind,C,101,WARD,BIS,09-JUN-26 17:49:00,CST-6,09-JUN-26 17:52:00,0,0,0,0,2.00K,0.00K,Public,52.00,EG,,,,,,,,,,.92,W,MINOT,.92,W,MINOT,48.23,-101.3,48.23,-101.3,"A surface trough and low-level jet combined with a very moist and unstable air mass that led to severe thunderstorm development along the triple point of a surface low in west central North Dakota. Thunderstorms developed during the afternoon in southwest North Dakota, with additional storms in the far northwest. Storms gradually moved to the north-northeast through the evening in a primarily cluster storm mode. The area of most significant damage was in Ward and McHenry Counties. In the town of Sawyer in Ward County, the Emergency Manager reported damage from powerful thunderstorm wind gusts that resulted in power outages, trees on roads, and a large tree that fell onto a house and made a hole in the roof. Northeast of Deering in McHenry County, there was significant damage to a homestead due to thunderstorm wind gusts. A barn on the property had roof panels ripped off and some collapse of the wood frame structure for the roof. Damage in both of these locations were consistent with wind speeds around 90 mph. The largest reported hail was 3 inches in diameter, a few miles west of Fortuna in Divide County. One tornado occurred with these storms, and was reported approximately 3 miles east of Noonan in Divide County. It was a very brief tornado and caused no known damage, so has been rated EF-Unknown by NWS policy.",Thunderstorm wind gusts knocked down tree branches in the city of Minot.,CSV
202606,9,1749,202606,9,1752,214965,1348756,NORTH DAKOTA,38,2026,June,Thunderstorm Wind,C,101,WARD,BIS,09-JUN-26 17:49:00,CST-6,09-JUN-26 17:52:00,0,0,0,0,0.00K,0.00K,Mesonet,63.00,MG,,,,,,,,,,7.15,SSW,SAWYER,7.15,SSW,SAWYER,47.98,-101.09,47.98,-101.09,"A surface trough and low-level jet combined with a very moist and unstable air mass that led to severe thunderstorm development along the triple point of a surface low in west central North Dakota. Thunderstorms developed during the afternoon in southwest North Dakota, with additional storms in the far northwest. Storms gradually moved to the north-northeast through the evening in a primarily cluster storm mode. The area of most significant damage was in Ward and McHenry Counties. In the town of Sawyer in Ward County, the Emergency Manager reported damage from powerful thunderstorm wind gusts that resulted in power outages, trees on roads, and a large tree that fell onto a house and made a hole in the roof. Northeast of Deering in McHenry County, there was significant damage to a homestead due to thunderstorm wind gusts. A barn on the property had roof panels ripped off and some collapse of the wood frame structure for the roof. Damage in both of these locations were consistent with wind speeds around 90 mph. The largest reported hail was 3 inches in diameter, a few miles west of Fortuna in Divide County. One tornado occurred with these storms, and was reported approximately 3 miles east of Noonan in Divide County. It was a very brief tornado and caused no known damage, so has been rated EF-Unknown by NWS policy.",Sawyer NDAWN station reported wind gusts up to 72 mph.,CSV
202606,9,1803,202606,9,1806,214965,1348775,NORTH DAKOTA,38,2026,June,Thunderstorm Wind,C,49,MCHENRY,BIS,09-JUN-26 18:03:00,CST-6,09-JUN-26 18:06:00,0,0,0,0,0.00K,0.00K,Trained Spotter,56.00,MG,,,,,,,,,,.69,S,VELVA,.69,S,VELVA,48.06,-100.93,48.06,-100.93,"A surface trough and low-level jet combined with a very moist and unstable air mass that led to severe thunderstorm development along the triple point of a surface low in west central North Dakota. Thunderstorms developed during the afternoon in southwest North Dakota, with additional storms in the far northwest. Storms gradually moved to the north-northeast through the evening in a primarily cluster storm mode. The area of most significant damage was in Ward and McHenry Counties. In the town of Sawyer in Ward County, the Emergency Manager reported damage from powerful thunderstorm wind gusts that resulted in power outages, trees on roads, and a large tree that fell onto a house and made a hole in the roof. Northeast of Deering in McHenry County, there was significant damage to a homestead due to thunderstorm wind gusts. A barn on the property had roof panels ripped off and some collapse of the wood frame structure for the roof. Damage in both of these locations were consistent with wind speeds around 90 mph. The largest reported hail was 3 inches in diameter, a few miles west of Fortuna in Divide County. One tornado occurred with these storms, and was reported approximately 3 miles east of Noonan in Divide County. It was a very brief tornado and caused no known damage, so has been rated EF-Unknown by NWS policy.",Trained spotter estimated winds of 60 to 70 mph.,CSV
202606,9,1814,202606,9,1816,214965,1348776,NORTH DAKOTA,38,2026,June,Hail,C,23,DIVIDE,BIS,09-JUN-26 18:14:00,CST-6,09-JUN-26 18:16:00,0,0,0,0,0.00K,0.00K,Broadcast Media,1.75,,,,,,,,,,,5.55,S,NOONAN,5.55,S,NOONAN,48.8,-103.01,48.8,-103.01,"A surface trough and low-level jet combined with a very moist and unstable air mass that led to severe thunderstorm development along the triple point of a surface low in west central North Dakota. Thunderstorms developed during the afternoon in southwest North Dakota, with additional storms in the far northwest. Storms gradually moved to the north-northeast through the evening in a primarily cluster storm mode. The area of most significant damage was in Ward and McHenry Counties. In the town of Sawyer in Ward County, the Emergency Manager reported damage from powerful thunderstorm wind gusts that resulted in power outages, trees on roads, and a large tree that fell onto a house and made a hole in the roof. Northeast of Deering in McHenry County, there was significant damage to a homestead due to thunderstorm wind gusts. A barn on the property had roof panels ripped off and some collapse of the wood frame structure for the roof. Damage in both of these locations were consistent with wind speeds around 90 mph. The largest reported hail was 3 inches in diameter, a few miles west of Fortuna in Divide County. One tornado occurred with these storms, and was reported approximately 3 miles east of Noonan in Divide County. It was a very brief tornado and caused no known damage, so has been rated EF-Unknown by NWS policy.",,CSV
202606,7,1805,202606,7,1807,214591,1345317,NORTH DAKOTA,38,2026,June,Thunderstorm Wind,C,41,HETTINGER,BIS,07-JUN-26 18:05:00,MST-7,07-JUN-26 18:07:00,0,0,0,0,0.00K,0.00K,Law Enforcement,52.00,MG,,,,,,,,,,0,N,REGENT,0,N,REGENT,46.42,-102.55,46.42,-102.55,"An upper level low and surface cold front combined with a very unstable airmass resulted in severe thunderstorms across western and central North Dakota. Supercell thunderstorms initially produced very large hail before transitioning to a linear storm mode, which led to widespread significant thunderstorm wind gusts. The largest reported hail was 3 inches in diameter, occurring southwest of Medora in Billings County. Measured wind gusts of 60 to 80 mph were common as storms moved across western and central North Dakota. The area with the most significant wind damage occurred across Stark, Morton, Mercer, and McLean Counties. In a swath from Dickinson, to Hebron, to Beulah, to Douglas Bay, to west of Garrison, damage from thunderstorm wind gusts led to winds estimated from 80 to 100 mph. The strongest measured wind gust came from a personal weather station just east of Beulah that reported a gust of 103 mph. Damage included campers turned over, large trees downed, roof damage, power outages, garages destroyed, vehicle damage, siding damage, and dented grain bins.",Law enforcement reported wind gusts up to 60 mph.,CSV
202606,7,1807,202606,7,1810,214591,1345318,NORTH DAKOTA,38,2026,June,Thunderstorm Wind,C,41,HETTINGER,BIS,07-JUN-26 18:07:00,MST-7,07-JUN-26 18:10:00,0,0,0,0,0.00K,0.00K,Trained Spotter,61.00,EG,,,,,,,,,,.84,SW,MOTT,.84,SW,MOTT,46.37,-102.33,46.37,-102.33,"An upper level low and surface cold front combined with a very unstable airmass resulted in severe thunderstorms across western and central North Dakota. Supercell thunderstorms initially produced very large hail before transitioning to a linear storm mode, which led to widespread significant thunderstorm wind gusts. The largest reported hail was 3 inches in diameter, occurring southwest of Medora in Billings County. Measured wind gusts of 60 to 80 mph were common as storms moved across western and central North Dakota. The area with the most significant wind damage occurred across Stark, Morton, Mercer, and McLean Counties. In a swath from Dickinson, to Hebron, to Beulah, to Douglas Bay, to west of Garrison, damage from thunderstorm wind gusts led to winds estimated from 80 to 100 mph. The strongest measured wind gust came from a personal weather station just east of Beulah that reported a gust of 103 mph. Damage included campers turned over, large trees downed, roof damage, power outages, garages destroyed, vehicle damage, siding damage, and dented grain bins.",Trained spotter estimated wind gusts up to 70 mph.,CSV
202606,7,2021,202606,7,2024,214591,1348660,NORTH DAKOTA,38,2026,June,Thunderstorm Wind,C,57,MERCER,BIS,07-JUN-26 20:21:00,CST-6,07-JUN-26 20:24:00,0,0,0,0,0.00K,0.00K,Mesonet,66.00,MG,,,,,,,,,,2.34,W,HAZEN,2.34,W,HAZEN,47.3,-101.68,47.3,-101.68,"An upper level low and surface cold front combined with a very unstable airmass resulted in severe thunderstorms across western and central North Dakota. Supercell thunderstorms initially produced very large hail before transitioning to a linear storm mode, which led to widespread significant thunderstorm wind gusts. The largest reported hail was 3 inches in diameter, occurring southwest of Medora in Billings County. Measured wind gusts of 60 to 80 mph were common as storms moved across western and central North Dakota. The area with the most significant wind damage occurred across Stark, Morton, Mercer, and McLean Counties. In a swath from Dickinson, to Hebron, to Beulah, to Douglas Bay, to west of Garrison, damage from thunderstorm wind gusts led to winds estimated from 80 to 100 mph. The strongest measured wind gust came from a personal weather station just east of Beulah that reported a gust of 103 mph. Damage included campers turned over, large trees downed, roof damage, power outages, garages destroyed, vehicle damage, siding damage, and dented grain bins.",Zap NDAWN reported wind gusts up to 76 mph.,CSV
202606,7,2021,202606,7,2024,214591,1348661,NORTH DAKOTA,38,2026,June,Thunderstorm Wind,C,57,MERCER,BIS,07-JUN-26 20:21:00,CST-6,07-JUN-26 20:24:00,0,0,0,0,0.00K,0.00K,Mesonet,74.00,MG,,,,,,,,,,11.3,NNW,ZAP,11.3,NNW,ZAP,47.44,-101.97,47.44,-101.97,"An upper level low and surface cold front combined with a very unstable airmass resulted in severe thunderstorms across western and central North Dakota. Supercell thunderstorms initially produced very large hail before transitioning to a linear storm mode, which led to widespread significant thunderstorm wind gusts. The largest reported hail was 3 inches in diameter, occurring southwest of Medora in Billings County. Measured wind gusts of 60 to 80 mph were common as storms moved across western and central North Dakota. The area with the most significant wind damage occurred across Stark, Morton, Mercer, and McLean Counties. In a swath from Dickinson, to Hebron, to Beulah, to Douglas Bay, to west of Garrison, damage from thunderstorm wind gusts led to winds estimated from 80 to 100 mph. The strongest measured wind gust came from a personal weather station just east of Beulah that reported a gust of 103 mph. Damage included campers turned over, large trees downed, roof damage, power outages, garages destroyed, vehicle damage, siding damage, and dented grain bins.",Zap NDAWN station reported wind gusts up to 85 mph.,CSV
202606,7,1813,202606,7,1815,214591,1345320,NORTH DAKOTA,38,2026,June,Thunderstorm Wind,C,41,HETTINGER,BIS,07-JUN-26 18:13:00,MST-7,07-JUN-26 18:15:00,0,0,0,0,0.00K,0.00K,Mesonet,59.00,MG,,,,,,,,,,0,N,MOTT,0,N,MOTT,46.38,-102.32,46.38,-102.32,"An upper level low and surface cold front combined with a very unstable airmass resulted in severe thunderstorms across western and central North Dakota. Supercell thunderstorms initially produced very large hail before transitioning to a linear storm mode, which led to widespread significant thunderstorm wind gusts. The largest reported hail was 3 inches in diameter, occurring southwest of Medora in Billings County. Measured wind gusts of 60 to 80 mph were common as storms moved across western and central North Dakota. The area with the most significant wind damage occurred across Stark, Morton, Mercer, and McLean Counties. In a swath from Dickinson, to Hebron, to Beulah, to Douglas Bay, to west of Garrison, damage from thunderstorm wind gusts led to winds estimated from 80 to 100 mph. The strongest measured wind gust came from a personal weather station just east of Beulah that reported a gust of 103 mph. Damage included campers turned over, large trees downed, roof damage, power outages, garages destroyed, vehicle damage, siding damage, and dented grain bins.",Mott NDAWN reported wind gusts up to 68 mph.,CSV
202606,7,1815,202606,7,1817,214591,1348596,NORTH DAKOTA,38,2026,June,Thunderstorm Wind,C,41,HETTINGER,BIS,07-JUN-26 18:15:00,MST-7,07-JUN-26 18:17:00,0,0,0,0,0.00K,0.00K,Law Enforcement,70.00,EG,,,,,,,,,,0,N,REGENT,0,N,REGENT,46.42,-102.55,46.42,-102.55,"An upper level low and surface cold front combined with a very unstable airmass resulted in severe thunderstorms across western and central North Dakota. Supercell thunderstorms initially produced very large hail before transitioning to a linear storm mode, which led to widespread significant thunderstorm wind gusts. The largest reported hail was 3 inches in diameter, occurring southwest of Medora in Billings County. Measured wind gusts of 60 to 80 mph were common as storms moved across western and central North Dakota. The area with the most significant wind damage occurred across Stark, Morton, Mercer, and McLean Counties. In a swath from Dickinson, to Hebron, to Beulah, to Douglas Bay, to west of Garrison, damage from thunderstorm wind gusts led to winds estimated from 80 to 100 mph. The strongest measured wind gust came from a personal weather station just east of Beulah that reported a gust of 103 mph. Damage included campers turned over, large trees downed, roof damage, power outages, garages destroyed, vehicle damage, siding damage, and dented grain bins.",Estimated 70 to 80 mph winds. Also had dime to quarter sized hail.,CSV
202606,7,2021,202606,7,2024,214591,1348662,NORTH DAKOTA,38,2026,June,Thunderstorm Wind,C,57,MERCER,BIS,07-JUN-26 20:21:00,CST-6,07-JUN-26 20:24:00,1,0,0,0,0.00K,0.00K,Emergency Manager,61.00,EG,,,,,,,,,,.47,E,HAZEN,.47,E,HAZEN,47.3,-101.62,47.3,-101.62,"An upper level low and surface cold front combined with a very unstable airmass resulted in severe thunderstorms across western and central North Dakota. Supercell thunderstorms initially produced very large hail before transitioning to a linear storm mode, which led to widespread significant thunderstorm wind gusts. The largest reported hail was 3 inches in diameter, occurring southwest of Medora in Billings County. Measured wind gusts of 60 to 80 mph were common as storms moved across western and central North Dakota. The area with the most significant wind damage occurred across Stark, Morton, Mercer, and McLean Counties. In a swath from Dickinson, to Hebron, to Beulah, to Douglas Bay, to west of Garrison, damage from thunderstorm wind gusts led to winds estimated from 80 to 100 mph. The strongest measured wind gust came from a personal weather station just east of Beulah that reported a gust of 103 mph. Damage included campers turned over, large trees downed, roof damage, power outages, garages destroyed, vehicle damage, siding damage, and dented grain bins.",Emergency manager reported one injury from Sunday storms. Man was sleeping in a tent at  John Moses Park and a tree fell on his tent.,CSV
202606,7,2022,202606,7,2024,214591,1348664,NORTH DAKOTA,38,2026,June,Thunderstorm Wind,C,57,MERCER,BIS,07-JUN-26 20:22:00,CST-6,07-JUN-26 20:24:00,0,0,0,0,0.00K,0.00K,Mesonet,69.00,MG,,,,,,,,,,2.34,W,HAZEN,2.34,W,HAZEN,47.3,-101.68,47.3,-101.68,"An upper level low and surface cold front combined with a very unstable airmass resulted in severe thunderstorms across western and central North Dakota. Supercell thunderstorms initially produced very large hail before transitioning to a linear storm mode, which led to widespread significant thunderstorm wind gusts. The largest reported hail was 3 inches in diameter, occurring southwest of Medora in Billings County. Measured wind gusts of 60 to 80 mph were common as storms moved across western and central North Dakota. The area with the most significant wind damage occurred across Stark, Morton, Mercer, and McLean Counties. In a swath from Dickinson, to Hebron, to Beulah, to Douglas Bay, to west of Garrison, damage from thunderstorm wind gusts led to winds estimated from 80 to 100 mph. The strongest measured wind gust came from a personal weather station just east of Beulah that reported a gust of 103 mph. Damage included campers turned over, large trees downed, roof damage, power outages, garages destroyed, vehicle damage, siding damage, and dented grain bins.",Hazen NDAWN station reported wind gusts up to 79 mph.,CSV
202606,7,1825,202606,7,1828,214591,1348597,NORTH DAKOTA,38,2026,June,Hail,C,53,MCKENZIE,BIS,07-JUN-26 18:25:00,MST-7,07-JUN-26 18:28:00,0,0,0,0,0.00K,0.00K,Public,2.00,,,,,,,,,,,.83,SW,ARNEGARD,.83,SW,ARNEGARD,47.81,-103.44,47.81,-103.44,"An upper level low and surface cold front combined with a very unstable airmass resulted in severe thunderstorms across western and central North Dakota. Supercell thunderstorms initially produced very large hail before transitioning to a linear storm mode, which led to widespread significant thunderstorm wind gusts. The largest reported hail was 3 inches in diameter, occurring southwest of Medora in Billings County. Measured wind gusts of 60 to 80 mph were common as storms moved across western and central North Dakota. The area with the most significant wind damage occurred across Stark, Morton, Mercer, and McLean Counties. In a swath from Dickinson, to Hebron, to Beulah, to Douglas Bay, to west of Garrison, damage from thunderstorm wind gusts led to winds estimated from 80 to 100 mph. The strongest measured wind gust came from a personal weather station just east of Beulah that reported a gust of 103 mph. Damage included campers turned over, large trees downed, roof damage, power outages, garages destroyed, vehicle damage, siding damage, and dented grain bins.",,CSV
202606,7,1831,202606,7,1834,214591,1348600,NORTH DAKOTA,38,2026,June,Thunderstorm Wind,C,37,GRANT,BIS,07-JUN-26 18:31:00,MST-7,07-JUN-26 18:34:00,0,0,0,0,0.00K,0.00K,Mesonet,55.00,MG,,,,,,,,,,9.18,NNW,NEW LEIPZIG,9.18,NNW,NEW LEIPZIG,46.5,-101.99,46.5,-101.99,"An upper level low and surface cold front combined with a very unstable airmass resulted in severe thunderstorms across western and central North Dakota. Supercell thunderstorms initially produced very large hail before transitioning to a linear storm mode, which led to widespread significant thunderstorm wind gusts. The largest reported hail was 3 inches in diameter, occurring southwest of Medora in Billings County. Measured wind gusts of 60 to 80 mph were common as storms moved across western and central North Dakota. The area with the most significant wind damage occurred across Stark, Morton, Mercer, and McLean Counties. In a swath from Dickinson, to Hebron, to Beulah, to Douglas Bay, to west of Garrison, damage from thunderstorm wind gusts led to winds estimated from 80 to 100 mph. The strongest measured wind gust came from a personal weather station just east of Beulah that reported a gust of 103 mph. Damage included campers turned over, large trees downed, roof damage, power outages, garages destroyed, vehicle damage, siding damage, and dented grain bins.",Elgin NDAWN station reported wind gusts up to 63 mph.,CSV
202606,7,2028,202606,7,2031,214591,1348665,NORTH DAKOTA,38,2026,June,Thunderstorm Wind,C,57,MERCER,BIS,07-JUN-26 20:28:00,CST-6,07-JUN-26 20:31:00,0,0,0,0,0.00K,0.00K,Mesonet,78.00,MG,,,,,,,,,,7.1,WSW,PICK CITY,7.1,WSW,PICK CITY,47.48,-101.61,47.48,-101.61,"An upper level low and surface cold front combined with a very unstable airmass resulted in severe thunderstorms across western and central North Dakota. Supercell thunderstorms initially produced very large hail before transitioning to a linear storm mode, which led to widespread significant thunderstorm wind gusts. The largest reported hail was 3 inches in diameter, occurring southwest of Medora in Billings County. Measured wind gusts of 60 to 80 mph were common as storms moved across western and central North Dakota. The area with the most significant wind damage occurred across Stark, Morton, Mercer, and McLean Counties. In a swath from Dickinson, to Hebron, to Beulah, to Douglas Bay, to west of Garrison, damage from thunderstorm wind gusts led to winds estimated from 80 to 100 mph. The strongest measured wind gust came from a personal weather station just east of Beulah that reported a gust of 103 mph. Damage included campers turned over, large trees downed, roof damage, power outages, garages destroyed, vehicle damage, siding damage, and dented grain bins.",Pick City NDAWN reported wind gusts up to 90 mph.,CSV
202606,7,2030,202606,7,2033,214591,1348666,NORTH DAKOTA,38,2026,June,Thunderstorm Wind,C,57,MERCER,BIS,07-JUN-26 20:30:00,CST-6,07-JUN-26 20:33:00,0,0,0,0,50.00K,0.00K,Public,70.00,EG,,,,,,,,,,14.53,W,PICK CITY,14.53,W,PICK CITY,47.5,-101.78,47.5,-101.78,"An upper level low and surface cold front combined with a very unstable airmass resulted in severe thunderstorms across western and central North Dakota. Supercell thunderstorms initially produced very large hail before transitioning to a linear storm mode, which led to widespread significant thunderstorm wind gusts. The largest reported hail was 3 inches in diameter, occurring southwest of Medora in Billings County. Measured wind gusts of 60 to 80 mph were common as storms moved across western and central North Dakota. The area with the most significant wind damage occurred across Stark, Morton, Mercer, and McLean Counties. In a swath from Dickinson, to Hebron, to Beulah, to Douglas Bay, to west of Garrison, damage from thunderstorm wind gusts led to winds estimated from 80 to 100 mph. The strongest measured wind gust came from a personal weather station just east of Beulah that reported a gust of 103 mph. Damage included campers turned over, large trees downed, roof damage, power outages, garages destroyed, vehicle damage, siding damage, and dented grain bins.",Damage to campers from strong thunderstorm wind gusts at Legacy North Campground next to Beulah Bay. One camper was completely overturned.,CSV
202606,7,1832,202606,7,1834,214591,1348601,NORTH DAKOTA,38,2026,June,Thunderstorm Wind,C,89,STARK,BIS,07-JUN-26 18:32:00,MST-7,07-JUN-26 18:34:00,0,0,0,0,0.00K,0.00K,ASOS,71.00,MG,,,,,,,,,,0,N,(DIK)DICKINSON MUNI,0,N,(DIK)DICKINSON MUNI,46.8,-102.8,46.8,-102.8,"An upper level low and surface cold front combined with a very unstable airmass resulted in severe thunderstorms across western and central North Dakota. Supercell thunderstorms initially produced very large hail before transitioning to a linear storm mode, which led to widespread significant thunderstorm wind gusts. The largest reported hail was 3 inches in diameter, occurring southwest of Medora in Billings County. Measured wind gusts of 60 to 80 mph were common as storms moved across western and central North Dakota. The area with the most significant wind damage occurred across Stark, Morton, Mercer, and McLean Counties. In a swath from Dickinson, to Hebron, to Beulah, to Douglas Bay, to west of Garrison, damage from thunderstorm wind gusts led to winds estimated from 80 to 100 mph. The strongest measured wind gust came from a personal weather station just east of Beulah that reported a gust of 103 mph. Damage included campers turned over, large trees downed, roof damage, power outages, garages destroyed, vehicle damage, siding damage, and dented grain bins.",Dickinson Airport ASOS reported wind gusts up to 82 mph.,CSV
202606,7,1835,202606,7,1838,214591,1348602,NORTH DAKOTA,38,2026,June,Thunderstorm Wind,C,89,STARK,BIS,07-JUN-26 18:35:00,MST-7,07-JUN-26 18:38:00,0,0,0,0,0.00K,0.00K,Trained Spotter,74.00,MG,,,,,,,,,,1.17,NW,GLADSTONE,1.17,NW,GLADSTONE,46.88,-102.57,46.88,-102.57,"An upper level low and surface cold front combined with a very unstable airmass resulted in severe thunderstorms across western and central North Dakota. Supercell thunderstorms initially produced very large hail before transitioning to a linear storm mode, which led to widespread significant thunderstorm wind gusts. The largest reported hail was 3 inches in diameter, occurring southwest of Medora in Billings County. Measured wind gusts of 60 to 80 mph were common as storms moved across western and central North Dakota. The area with the most significant wind damage occurred across Stark, Morton, Mercer, and McLean Counties. In a swath from Dickinson, to Hebron, to Beulah, to Douglas Bay, to west of Garrison, damage from thunderstorm wind gusts led to winds estimated from 80 to 100 mph. The strongest measured wind gust came from a personal weather station just east of Beulah that reported a gust of 103 mph. Damage included campers turned over, large trees downed, roof damage, power outages, garages destroyed, vehicle damage, siding damage, and dented grain bins.",Trained spotter reported wind gusts up to 85 mph.,CSV
202606,7,2034,202606,7,2036,214591,1348668,NORTH DAKOTA,38,2026,June,Thunderstorm Wind,C,55,MCLEAN,BIS,07-JUN-26 20:34:00,CST-6,07-JUN-26 20:36:00,0,0,0,0,0.00K,0.00K,Public,55.00,MG,,,,,,,,,,4.38,SSW,RIVERDALE,4.38,SSW,RIVERDALE,47.44,-101.4,47.44,-101.4,"An upper level low and surface cold front combined with a very unstable airmass resulted in severe thunderstorms across western and central North Dakota. Supercell thunderstorms initially produced very large hail before transitioning to a linear storm mode, which led to widespread significant thunderstorm wind gusts. The largest reported hail was 3 inches in diameter, occurring southwest of Medora in Billings County. Measured wind gusts of 60 to 80 mph were common as storms moved across western and central North Dakota. The area with the most significant wind damage occurred across Stark, Morton, Mercer, and McLean Counties. In a swath from Dickinson, to Hebron, to Beulah, to Douglas Bay, to west of Garrison, damage from thunderstorm wind gusts led to winds estimated from 80 to 100 mph. The strongest measured wind gust came from a personal weather station just east of Beulah that reported a gust of 103 mph. Damage included campers turned over, large trees downed, roof damage, power outages, garages destroyed, vehicle damage, siding damage, and dented grain bins.",Personal weather station reported wind gusts up to 63 mph.,CSV
202606,7,2040,202606,7,2044,214591,1348669,NORTH DAKOTA,38,2026,June,Thunderstorm Wind,C,55,MCLEAN,BIS,07-JUN-26 20:40:00,CST-6,07-JUN-26 20:44:00,0,0,0,0,100.00K,0.00K,Public,78.00,EG,,,,,,,,,,3.12,SE,EMMET,3.12,SE,EMMET,47.62,-101.6,47.62,-101.6,"An upper level low and surface cold front combined with a very unstable airmass resulted in severe thunderstorms across western and central North Dakota. Supercell thunderstorms initially produced very large hail before transitioning to a linear storm mode, which led to widespread significant thunderstorm wind gusts. The largest reported hail was 3 inches in diameter, occurring southwest of Medora in Billings County. Measured wind gusts of 60 to 80 mph were common as storms moved across western and central North Dakota. The area with the most significant wind damage occurred across Stark, Morton, Mercer, and McLean Counties. In a swath from Dickinson, to Hebron, to Beulah, to Douglas Bay, to west of Garrison, damage from thunderstorm wind gusts led to winds estimated from 80 to 100 mph. The strongest measured wind gust came from a personal weather station just east of Beulah that reported a gust of 103 mph. Damage included campers turned over, large trees downed, roof damage, power outages, garages destroyed, vehicle damage, siding damage, and dented grain bins.","Significant damage from strong thunderstorm wind gusts occurred in the Douglas Bay area. Photos included campers flipped, small outbuildings knocked over, and a farm  outbuilding with moderate loss of roof panels. Damage is consistent with wind speeds around 90 mph.",CSV
202606,7,1835,202606,7,1837,214591,1348605,NORTH DAKOTA,38,2026,June,Thunderstorm Wind,C,89,STARK,BIS,07-JUN-26 18:35:00,MST-7,07-JUN-26 18:37:00,0,0,0,0,15.00K,0.00K,Public,78.00,EG,,,,,,,,,,.69,S,DICKINSON,.69,S,DICKINSON,46.87,-102.78,46.87,-102.78,"An upper level low and surface cold front combined with a very unstable airmass resulted in severe thunderstorms across western and central North Dakota. Supercell thunderstorms initially produced very large hail before transitioning to a linear storm mode, which led to widespread significant thunderstorm wind gusts. The largest reported hail was 3 inches in diameter, occurring southwest of Medora in Billings County. Measured wind gusts of 60 to 80 mph were common as storms moved across western and central North Dakota. The area with the most significant wind damage occurred across Stark, Morton, Mercer, and McLean Counties. In a swath from Dickinson, to Hebron, to Beulah, to Douglas Bay, to west of Garrison, damage from thunderstorm wind gusts led to winds estimated from 80 to 100 mph. The strongest measured wind gust came from a personal weather station just east of Beulah that reported a gust of 103 mph. Damage included campers turned over, large trees downed, roof damage, power outages, garages destroyed, vehicle damage, siding damage, and dented grain bins.",Local emergency management relayed a report of an 80x200 storage building with structure damage consistent with winds around 90 mph.,CSV
202606,7,1834,202606,7,1838,214591,1348606,NORTH DAKOTA,38,2026,June,Thunderstorm Wind,C,89,STARK,BIS,07-JUN-26 18:34:00,MST-7,07-JUN-26 18:38:00,0,0,0,0,75.00K,0.00K,Emergency Manager,78.00,EG,,,,,,,,,,0,N,DICKINSON,0,N,DICKINSON,46.88,-102.78,46.88,-102.78,"An upper level low and surface cold front combined with a very unstable airmass resulted in severe thunderstorms across western and central North Dakota. Supercell thunderstorms initially produced very large hail before transitioning to a linear storm mode, which led to widespread significant thunderstorm wind gusts. The largest reported hail was 3 inches in diameter, occurring southwest of Medora in Billings County. Measured wind gusts of 60 to 80 mph were common as storms moved across western and central North Dakota. The area with the most significant wind damage occurred across Stark, Morton, Mercer, and McLean Counties. In a swath from Dickinson, to Hebron, to Beulah, to Douglas Bay, to west of Garrison, damage from thunderstorm wind gusts led to winds estimated from 80 to 100 mph. The strongest measured wind gust came from a personal weather station just east of Beulah that reported a gust of 103 mph. Damage included campers turned over, large trees downed, roof damage, power outages, garages destroyed, vehicle damage, siding damage, and dented grain bins.","Stark County Emergency Management relayed numerous damage photos from across the city of Dickinson. Damage includes trees down, fences down, minor roof damage, and other various property damage. A very large tree was uprooted by Dickinson City Hall that cracked the sidewalk and ripped the gutter out of the street. Overall damage is consistent with wind speeds of 80 to 90 mph.",CSV
202606,7,2040,202606,7,2044,214591,1348670,NORTH DAKOTA,38,2026,June,Thunderstorm Wind,C,55,MCLEAN,BIS,07-JUN-26 20:40:00,CST-6,07-JUN-26 20:44:00,0,0,0,0,50.00K,0.00K,Public,87.00,EG,,,,,,,,,,3.26,W,EMMET,3.26,W,EMMET,47.65,-101.72,47.65,-101.72,"An upper level low and surface cold front combined with a very unstable airmass resulted in severe thunderstorms across western and central North Dakota. Supercell thunderstorms initially produced very large hail before transitioning to a linear storm mode, which led to widespread significant thunderstorm wind gusts. The largest reported hail was 3 inches in diameter, occurring southwest of Medora in Billings County. Measured wind gusts of 60 to 80 mph were common as storms moved across western and central North Dakota. The area with the most significant wind damage occurred across Stark, Morton, Mercer, and McLean Counties. In a swath from Dickinson, to Hebron, to Beulah, to Douglas Bay, to west of Garrison, damage from thunderstorm wind gusts led to winds estimated from 80 to 100 mph. The strongest measured wind gust came from a personal weather station just east of Beulah that reported a gust of 103 mph. Damage included campers turned over, large trees downed, roof damage, power outages, garages destroyed, vehicle damage, siding damage, and dented grain bins.","Significant damage due to strong thunderstorm wind gusts occurred at a farmstead approximately 14 miles west of Garrison. Farmstead has outbuilding with significant  damage to walls and roof, as well as dented grain bins. Damage is consistent with wind  speeds around 100 mph.",CSV
202606,7,2044,202606,7,2046,214591,1348672,NORTH DAKOTA,38,2026,June,Thunderstorm Wind,C,55,MCLEAN,BIS,07-JUN-26 20:44:00,CST-6,07-JUN-26 20:46:00,0,0,0,0,0.00K,0.00K,Mesonet,71.00,MG,,,,,,,,,,4.37,NNW,EMMET,4.37,NNW,EMMET,47.71,-101.68,47.71,-101.68,"An upper level low and surface cold front combined with a very unstable airmass resulted in severe thunderstorms across western and central North Dakota. Supercell thunderstorms initially produced very large hail before transitioning to a linear storm mode, which led to widespread significant thunderstorm wind gusts. The largest reported hail was 3 inches in diameter, occurring southwest of Medora in Billings County. Measured wind gusts of 60 to 80 mph were common as storms moved across western and central North Dakota. The area with the most significant wind damage occurred across Stark, Morton, Mercer, and McLean Counties. In a swath from Dickinson, to Hebron, to Beulah, to Douglas Bay, to west of Garrison, damage from thunderstorm wind gusts led to winds estimated from 80 to 100 mph. The strongest measured wind gust came from a personal weather station just east of Beulah that reported a gust of 103 mph. Damage included campers turned over, large trees downed, roof damage, power outages, garages destroyed, vehicle damage, siding damage, and dented grain bins.",Garrison NDAWN station reported wind gusts up to 82 mph.,CSV
202606,7,1837,202606,7,1839,214591,1348608,NORTH DAKOTA,38,2026,June,Thunderstorm Wind,C,61,MOUNTRAIL,BIS,07-JUN-26 18:37:00,CST-6,07-JUN-26 18:39:00,0,0,0,0,80.00K,0.00K,Emergency Manager,70.00,EG,,,,,,,,,,12.17,NW,SANISH,12.17,NW,SANISH,48.12,-102.73,48.12,-102.73,"An upper level low and surface cold front combined with a very unstable airmass resulted in severe thunderstorms across western and central North Dakota. Supercell thunderstorms initially produced very large hail before transitioning to a linear storm mode, which led to widespread significant thunderstorm wind gusts. The largest reported hail was 3 inches in diameter, occurring southwest of Medora in Billings County. Measured wind gusts of 60 to 80 mph were common as storms moved across western and central North Dakota. The area with the most significant wind damage occurred across Stark, Morton, Mercer, and McLean Counties. In a swath from Dickinson, to Hebron, to Beulah, to Douglas Bay, to west of Garrison, damage from thunderstorm wind gusts led to winds estimated from 80 to 100 mph. The strongest measured wind gust came from a personal weather station just east of Beulah that reported a gust of 103 mph. Damage included campers turned over, large trees downed, roof damage, power outages, garages destroyed, vehicle damage, siding damage, and dented grain bins.",Mountrail County Emergency Manager reported 3 campers turned over by strong thunderstorm wind gusts in White Earth Bay. Numerous properties in the same area with  south facing hail damage to siding and windows. Damage is consistent with wind speeds of approximately 80 mph.,CSV
202606,7,1840,202606,7,1842,214591,1348610,NORTH DAKOTA,38,2026,June,Thunderstorm Wind,C,89,STARK,BIS,07-JUN-26 18:40:00,MST-7,07-JUN-26 18:42:00,0,0,0,0,0.00K,0.00K,Mesonet,73.00,MG,,,,,,,,,,6.28,NW,TAYLOR,6.28,NW,TAYLOR,46.96,-102.52,46.96,-102.52,"An upper level low and surface cold front combined with a very unstable airmass resulted in severe thunderstorms across western and central North Dakota. Supercell thunderstorms initially produced very large hail before transitioning to a linear storm mode, which led to widespread significant thunderstorm wind gusts. The largest reported hail was 3 inches in diameter, occurring southwest of Medora in Billings County. Measured wind gusts of 60 to 80 mph were common as storms moved across western and central North Dakota. The area with the most significant wind damage occurred across Stark, Morton, Mercer, and McLean Counties. In a swath from Dickinson, to Hebron, to Beulah, to Douglas Bay, to west of Garrison, damage from thunderstorm wind gusts led to winds estimated from 80 to 100 mph. The strongest measured wind gust came from a personal weather station just east of Beulah that reported a gust of 103 mph. Damage included campers turned over, large trees downed, roof damage, power outages, garages destroyed, vehicle damage, siding damage, and dented grain bins.",Taylor NDAWN station reported wind gusts up to 84 mph.,CSV
202606,7,2049,202606,7,2051,214591,1348673,NORTH DAKOTA,38,2026,June,Thunderstorm Wind,C,55,MCLEAN,BIS,07-JUN-26 20:49:00,CST-6,07-JUN-26 20:51:00,0,0,0,0,0.00K,0.00K,Mesonet,81.00,MG,,,,,,,,,,4.37,NNW,EMMET,4.37,NNW,EMMET,47.71,-101.68,47.71,-101.68,"An upper level low and surface cold front combined with a very unstable airmass resulted in severe thunderstorms across western and central North Dakota. Supercell thunderstorms initially produced very large hail before transitioning to a linear storm mode, which led to widespread significant thunderstorm wind gusts. The largest reported hail was 3 inches in diameter, occurring southwest of Medora in Billings County. Measured wind gusts of 60 to 80 mph were common as storms moved across western and central North Dakota. The area with the most significant wind damage occurred across Stark, Morton, Mercer, and McLean Counties. In a swath from Dickinson, to Hebron, to Beulah, to Douglas Bay, to west of Garrison, damage from thunderstorm wind gusts led to winds estimated from 80 to 100 mph. The strongest measured wind gust came from a personal weather station just east of Beulah that reported a gust of 103 mph. Damage included campers turned over, large trees downed, roof damage, power outages, garages destroyed, vehicle damage, siding damage, and dented grain bins.",Garrison NDAWN station reported wind gusts up to 93 mph.,CSV
202606,7,2050,202606,7,2052,214591,1348674,NORTH DAKOTA,38,2026,June,Thunderstorm Wind,C,55,MCLEAN,BIS,07-JUN-26 20:50:00,CST-6,07-JUN-26 20:52:00,0,0,0,0,0.00K,0.00K,Mesonet,85.00,MG,,,,,,,,,,4.37,NNW,EMMET,4.37,NNW,EMMET,47.71,-101.68,47.71,-101.68,"An upper level low and surface cold front combined with a very unstable airmass resulted in severe thunderstorms across western and central North Dakota. Supercell thunderstorms initially produced very large hail before transitioning to a linear storm mode, which led to widespread significant thunderstorm wind gusts. The largest reported hail was 3 inches in diameter, occurring southwest of Medora in Billings County. Measured wind gusts of 60 to 80 mph were common as storms moved across western and central North Dakota. The area with the most significant wind damage occurred across Stark, Morton, Mercer, and McLean Counties. In a swath from Dickinson, to Hebron, to Beulah, to Douglas Bay, to west of Garrison, damage from thunderstorm wind gusts led to winds estimated from 80 to 100 mph. The strongest measured wind gust came from a personal weather station just east of Beulah that reported a gust of 103 mph. Damage included campers turned over, large trees downed, roof damage, power outages, garages destroyed, vehicle damage, siding damage, and dented grain bins.",Garrison NDAWN station reported wind gusts up to 98 mph.,CSV
202606,6,1920,202606,6,1923,214590,1345291,NORTH DAKOTA,38,2026,June,Hail,C,23,DIVIDE,BIS,06-JUN-26 19:20:00,CST-6,06-JUN-26 19:23:00,0,0,0,0,0.00K,0.00K,Public,1.75,,,,,,,,,,,3.7,E,FORTUNA,3.7,E,FORTUNA,48.91,-103.62,48.91,-103.62,"A surface trough moved through North Dakota during the evening, with a few severe thunderstorms that occurred in northwest North Dakota. The largest hail report of ping pong ball sized hail was in Divide County. There were non-severe thunderstorms further south in Billings County near Fairfield, although there was a non-thunderstorm wind gust of 66 mph near Fairfield due to a heat burst. This caused the temperature to jump to 92 degrees.",,CSV
202606,6,1935,202606,6,1938,214590,1345292,NORTH DAKOTA,38,2026,June,Hail,C,23,DIVIDE,BIS,06-JUN-26 19:35:00,CST-6,06-JUN-26 19:38:00,0,0,0,0,0.00K,0.00K,Public,1.50,,,,,,,,,,,.83,NNW,AMBROSE,.83,NNW,AMBROSE,48.96,-103.48,48.96,-103.48,"A surface trough moved through North Dakota during the evening, with a few severe thunderstorms that occurred in northwest North Dakota. The largest hail report of ping pong ball sized hail was in Divide County. There were non-severe thunderstorms further south in Billings County near Fairfield, although there was a non-thunderstorm wind gust of 66 mph near Fairfield due to a heat burst. This caused the temperature to jump to 92 degrees.",,CSV
202606,6,2323,202606,6,2325,214590,1348579,NORTH DAKOTA,38,2026,June,High Wind,Z,32,BILLINGS,BIS,06-JUN-26 23:23:00,CST-6,06-JUN-26 23:25:00,0,0,0,0,0.00K,0.00K,Mesonet,57.00,MG,,,,,,,,,,,,,,,,,,,,"A surface trough moved through North Dakota during the evening, with a few severe thunderstorms that occurred in northwest North Dakota. The largest hail report of ping pong ball sized hail was in Divide County. There were non-severe thunderstorms further south in Billings County near Fairfield, although there was a non-thunderstorm wind gust of 66 mph near Fairfield due to a heat burst. This caused the temperature to jump to 92 degrees.",Fairfield NDAWN station reported wind gusts up to 66 mph.,CSV
202606,7,1845,202606,7,1848,214591,1348611,NORTH DAKOTA,38,2026,June,Thunderstorm Wind,C,25,DUNN,BIS,07-JUN-26 18:45:00,MST-7,07-JUN-26 18:48:00,0,0,0,0,0.00K,0.00K,Mesonet,60.00,MG,,,,,,,,,,3.95,SW,MANNING,3.95,SW,MANNING,47.19,-102.83,47.19,-102.83,"An upper level low and surface cold front combined with a very unstable airmass resulted in severe thunderstorms across western and central North Dakota. Supercell thunderstorms initially produced very large hail before transitioning to a linear storm mode, which led to widespread significant thunderstorm wind gusts. The largest reported hail was 3 inches in diameter, occurring southwest of Medora in Billings County. Measured wind gusts of 60 to 80 mph were common as storms moved across western and central North Dakota. The area with the most significant wind damage occurred across Stark, Morton, Mercer, and McLean Counties. In a swath from Dickinson, to Hebron, to Beulah, to Douglas Bay, to west of Garrison, damage from thunderstorm wind gusts led to winds estimated from 80 to 100 mph. The strongest measured wind gust came from a personal weather station just east of Beulah that reported a gust of 103 mph. Damage included campers turned over, large trees downed, roof damage, power outages, garages destroyed, vehicle damage, siding damage, and dented grain bins.",Manning NDAWN station reported wind gusts up to 69 mph.,CSV
202606,7,1851,202606,7,1853,214591,1348612,NORTH DAKOTA,38,2026,June,Thunderstorm Wind,C,25,DUNN,BIS,07-JUN-26 18:51:00,MST-7,07-JUN-26 18:53:00,0,0,0,0,0.00K,0.00K,Mesonet,61.00,MG,,,,,,,,,,7.57,SE,EMERSON,7.57,SE,EMERSON,47.1,-102.54,47.1,-102.54,"An upper level low and surface cold front combined with a very unstable airmass resulted in severe thunderstorms across western and central North Dakota. Supercell thunderstorms initially produced very large hail before transitioning to a linear storm mode, which led to widespread significant thunderstorm wind gusts. The largest reported hail was 3 inches in diameter, occurring southwest of Medora in Billings County. Measured wind gusts of 60 to 80 mph were common as storms moved across western and central North Dakota. The area with the most significant wind damage occurred across Stark, Morton, Mercer, and McLean Counties. In a swath from Dickinson, to Hebron, to Beulah, to Douglas Bay, to west of Garrison, damage from thunderstorm wind gusts led to winds estimated from 80 to 100 mph. The strongest measured wind gust came from a personal weather station just east of Beulah that reported a gust of 103 mph. Damage included campers turned over, large trees downed, roof damage, power outages, garages destroyed, vehicle damage, siding damage, and dented grain bins.",Hirschville NDAWN station reported wind gusts up to 70 mph.,CSV
202606,7,2050,202606,7,2053,214591,1348675,NORTH DAKOTA,38,2026,June,Thunderstorm Wind,C,55,MCLEAN,BIS,07-JUN-26 20:50:00,CST-6,07-JUN-26 20:53:00,0,0,0,0,0.00K,0.00K,Public,61.00,MG,,,,,,,,,,10.01,NE,COLEHARBOR,10.01,NE,COLEHARBOR,47.66,-101.08,47.66,-101.08,"An upper level low and surface cold front combined with a very unstable airmass resulted in severe thunderstorms across western and central North Dakota. Supercell thunderstorms initially produced very large hail before transitioning to a linear storm mode, which led to widespread significant thunderstorm wind gusts. The largest reported hail was 3 inches in diameter, occurring southwest of Medora in Billings County. Measured wind gusts of 60 to 80 mph were common as storms moved across western and central North Dakota. The area with the most significant wind damage occurred across Stark, Morton, Mercer, and McLean Counties. In a swath from Dickinson, to Hebron, to Beulah, to Douglas Bay, to west of Garrison, damage from thunderstorm wind gusts led to winds estimated from 80 to 100 mph. The strongest measured wind gust came from a personal weather station just east of Beulah that reported a gust of 103 mph. Damage included campers turned over, large trees downed, roof damage, power outages, garages destroyed, vehicle damage, siding damage, and dented grain bins.",Personal weather station reported wind gusts up to 70 mph.,CSV
202606,7,2052,202606,7,2055,214591,1348676,NORTH DAKOTA,38,2026,June,Thunderstorm Wind,C,101,WARD,BIS,07-JUN-26 20:52:00,CST-6,07-JUN-26 20:55:00,0,0,0,0,0.00K,0.00K,Mesonet,75.00,MG,,,,,,,,,,8.92,E,DOUGLAS,8.92,E,DOUGLAS,47.87,-101.31,47.87,-101.31,"An upper level low and surface cold front combined with a very unstable airmass resulted in severe thunderstorms across western and central North Dakota. Supercell thunderstorms initially produced very large hail before transitioning to a linear storm mode, which led to widespread significant thunderstorm wind gusts. The largest reported hail was 3 inches in diameter, occurring southwest of Medora in Billings County. Measured wind gusts of 60 to 80 mph were common as storms moved across western and central North Dakota. The area with the most significant wind damage occurred across Stark, Morton, Mercer, and McLean Counties. In a swath from Dickinson, to Hebron, to Beulah, to Douglas Bay, to west of Garrison, damage from thunderstorm wind gusts led to winds estimated from 80 to 100 mph. The strongest measured wind gust came from a personal weather station just east of Beulah that reported a gust of 103 mph. Damage included campers turned over, large trees downed, roof damage, power outages, garages destroyed, vehicle damage, siding damage, and dented grain bins.",Max NDAWN station reported wind gusts up to 86 mph.,CSV
202606,7,1904,202606,7,1908,214591,1348613,NORTH DAKOTA,38,2026,June,Hail,C,105,WILLIAMS,BIS,07-JUN-26 19:04:00,CST-6,07-JUN-26 19:08:00,0,0,0,0,0.00K,0.00K,Public,1.75,,,,,,,,,,,.46,W,WILLISTON,.46,W,WILLISTON,48.15,-103.63,48.15,-103.63,"An upper level low and surface cold front combined with a very unstable airmass resulted in severe thunderstorms across western and central North Dakota. Supercell thunderstorms initially produced very large hail before transitioning to a linear storm mode, which led to widespread significant thunderstorm wind gusts. The largest reported hail was 3 inches in diameter, occurring southwest of Medora in Billings County. Measured wind gusts of 60 to 80 mph were common as storms moved across western and central North Dakota. The area with the most significant wind damage occurred across Stark, Morton, Mercer, and McLean Counties. In a swath from Dickinson, to Hebron, to Beulah, to Douglas Bay, to west of Garrison, damage from thunderstorm wind gusts led to winds estimated from 80 to 100 mph. The strongest measured wind gust came from a personal weather station just east of Beulah that reported a gust of 103 mph. Damage included campers turned over, large trees downed, roof damage, power outages, garages destroyed, vehicle damage, siding damage, and dented grain bins.",,CSV
202606,7,1904,202606,7,1907,214591,1348614,NORTH DAKOTA,38,2026,June,Thunderstorm Wind,C,53,MCKENZIE,BIS,07-JUN-26 19:04:00,MST-7,07-JUN-26 19:07:00,0,0,0,0,0.00K,0.00K,Mesonet,58.00,MG,,,,,,,,,,3.47,SW,WATFORD CITY,3.47,SW,WATFORD CITY,47.77,-103.34,47.77,-103.34,"An upper level low and surface cold front combined with a very unstable airmass resulted in severe thunderstorms across western and central North Dakota. Supercell thunderstorms initially produced very large hail before transitioning to a linear storm mode, which led to widespread significant thunderstorm wind gusts. The largest reported hail was 3 inches in diameter, occurring southwest of Medora in Billings County. Measured wind gusts of 60 to 80 mph were common as storms moved across western and central North Dakota. The area with the most significant wind damage occurred across Stark, Morton, Mercer, and McLean Counties. In a swath from Dickinson, to Hebron, to Beulah, to Douglas Bay, to west of Garrison, damage from thunderstorm wind gusts led to winds estimated from 80 to 100 mph. The strongest measured wind gust came from a personal weather station just east of Beulah that reported a gust of 103 mph. Damage included campers turned over, large trees downed, roof damage, power outages, garages destroyed, vehicle damage, siding damage, and dented grain bins.",Watford City NDAWN station reported wind gusts up to 67 mph.,CSV
202606,7,2057,202606,7,2059,214591,1348677,NORTH DAKOTA,38,2026,June,Thunderstorm Wind,C,55,MCLEAN,BIS,07-JUN-26 20:57:00,CST-6,07-JUN-26 20:59:00,0,0,0,0,0.00K,0.00K,Mesonet,54.00,MG,,,,,,,,,,1.67,NW,WASHBURN,1.67,NW,WASHBURN,47.3,-101.04,47.3,-101.04,"An upper level low and surface cold front combined with a very unstable airmass resulted in severe thunderstorms across western and central North Dakota. Supercell thunderstorms initially produced very large hail before transitioning to a linear storm mode, which led to widespread significant thunderstorm wind gusts. The largest reported hail was 3 inches in diameter, occurring southwest of Medora in Billings County. Measured wind gusts of 60 to 80 mph were common as storms moved across western and central North Dakota. The area with the most significant wind damage occurred across Stark, Morton, Mercer, and McLean Counties. In a swath from Dickinson, to Hebron, to Beulah, to Douglas Bay, to west of Garrison, damage from thunderstorm wind gusts led to winds estimated from 80 to 100 mph. The strongest measured wind gust came from a personal weather station just east of Beulah that reported a gust of 103 mph. Damage included campers turned over, large trees downed, roof damage, power outages, garages destroyed, vehicle damage, siding damage, and dented grain bins.",Washburn NDDOT station reported wind gusts up to 62 mph.,CSV
202606,7,2106,202606,7,2108,214591,1348678,NORTH DAKOTA,38,2026,June,Thunderstorm Wind,C,15,BURLEIGH,BIS,07-JUN-26 21:06:00,CST-6,07-JUN-26 21:08:00,0,0,0,0,0.00K,0.00K,ASOS,59.00,MG,,,,,,,,,,.69,S,(BIS)BISMARCK MUNI A,.69,S,(BIS)BISMARCK MUNI A,46.77,-100.75,46.77,-100.75,"An upper level low and surface cold front combined with a very unstable airmass resulted in severe thunderstorms across western and central North Dakota. Supercell thunderstorms initially produced very large hail before transitioning to a linear storm mode, which led to widespread significant thunderstorm wind gusts. The largest reported hail was 3 inches in diameter, occurring southwest of Medora in Billings County. Measured wind gusts of 60 to 80 mph were common as storms moved across western and central North Dakota. The area with the most significant wind damage occurred across Stark, Morton, Mercer, and McLean Counties. In a swath from Dickinson, to Hebron, to Beulah, to Douglas Bay, to west of Garrison, damage from thunderstorm wind gusts led to winds estimated from 80 to 100 mph. The strongest measured wind gust came from a personal weather station just east of Beulah that reported a gust of 103 mph. Damage included campers turned over, large trees downed, roof damage, power outages, garages destroyed, vehicle damage, siding damage, and dented grain bins.",Bismarck Airport ASOS reported wind gusts up to 68 mph.,CSV
202606,7,1906,202606,7,1908,214591,1348615,NORTH DAKOTA,38,2026,June,Thunderstorm Wind,C,23,DIVIDE,BIS,07-JUN-26 19:06:00,CST-6,07-JUN-26 19:08:00,0,0,0,0,0.00K,0.00K,Mesonet,55.00,MG,,,,,,,,,,8.99,S,ALKABO,8.99,S,ALKABO,48.74,-103.88,48.74,-103.88,"An upper level low and surface cold front combined with a very unstable airmass resulted in severe thunderstorms across western and central North Dakota. Supercell thunderstorms initially produced very large hail before transitioning to a linear storm mode, which led to widespread significant thunderstorm wind gusts. The largest reported hail was 3 inches in diameter, occurring southwest of Medora in Billings County. Measured wind gusts of 60 to 80 mph were common as storms moved across western and central North Dakota. The area with the most significant wind damage occurred across Stark, Morton, Mercer, and McLean Counties. In a swath from Dickinson, to Hebron, to Beulah, to Douglas Bay, to west of Garrison, damage from thunderstorm wind gusts led to winds estimated from 80 to 100 mph. The strongest measured wind gust came from a personal weather station just east of Beulah that reported a gust of 103 mph. Damage included campers turned over, large trees downed, roof damage, power outages, garages destroyed, vehicle damage, siding damage, and dented grain bins.",Grenora NDAWN station reported wind gusts up to 63 mph.,CSV
202606,7,1915,202606,7,1918,214591,1348617,NORTH DAKOTA,38,2026,June,Thunderstorm Wind,C,25,DUNN,BIS,07-JUN-26 19:15:00,MST-7,07-JUN-26 19:18:00,0,0,0,0,0.00K,0.00K,Public,56.00,MG,,,,,,,,,,4.86,N,HALLIDAY,4.86,N,HALLIDAY,47.42,-102.32,47.42,-102.32,"An upper level low and surface cold front combined with a very unstable airmass resulted in severe thunderstorms across western and central North Dakota. Supercell thunderstorms initially produced very large hail before transitioning to a linear storm mode, which led to widespread significant thunderstorm wind gusts. The largest reported hail was 3 inches in diameter, occurring southwest of Medora in Billings County. Measured wind gusts of 60 to 80 mph were common as storms moved across western and central North Dakota. The area with the most significant wind damage occurred across Stark, Morton, Mercer, and McLean Counties. In a swath from Dickinson, to Hebron, to Beulah, to Douglas Bay, to west of Garrison, damage from thunderstorm wind gusts led to winds estimated from 80 to 100 mph. The strongest measured wind gust came from a personal weather station just east of Beulah that reported a gust of 103 mph. Damage included campers turned over, large trees downed, roof damage, power outages, garages destroyed, vehicle damage, siding damage, and dented grain bins.",Halliday NDAWN station reported wind gusts up to 64 mph.,CSV
202606,7,2106,202606,7,2109,214591,1348679,NORTH DAKOTA,38,2026,June,Thunderstorm Wind,C,101,WARD,BIS,07-JUN-26 21:06:00,CST-6,07-JUN-26 21:09:00,0,0,0,0,0.00K,0.00K,Mesonet,60.00,MG,,,,,,,,,,7.15,SSW,SAWYER,7.15,SSW,SAWYER,47.98,-101.09,47.98,-101.09,"An upper level low and surface cold front combined with a very unstable airmass resulted in severe thunderstorms across western and central North Dakota. Supercell thunderstorms initially produced very large hail before transitioning to a linear storm mode, which led to widespread significant thunderstorm wind gusts. The largest reported hail was 3 inches in diameter, occurring southwest of Medora in Billings County. Measured wind gusts of 60 to 80 mph were common as storms moved across western and central North Dakota. The area with the most significant wind damage occurred across Stark, Morton, Mercer, and McLean Counties. In a swath from Dickinson, to Hebron, to Beulah, to Douglas Bay, to west of Garrison, damage from thunderstorm wind gusts led to winds estimated from 80 to 100 mph. The strongest measured wind gust came from a personal weather station just east of Beulah that reported a gust of 103 mph. Damage included campers turned over, large trees downed, roof damage, power outages, garages destroyed, vehicle damage, siding damage, and dented grain bins.",Sawyer NDAWN station reported wind gusts up to 69 mph.,CSV
202606,7,2120,202606,7,2123,214591,1348681,NORTH DAKOTA,38,2026,June,Thunderstorm Wind,C,101,WARD,BIS,07-JUN-26 21:20:00,CST-6,07-JUN-26 21:23:00,0,0,0,0,20.00K,0.00K,Public,70.00,EG,,,,,,,,,,1.15,NW,SAWYER,1.15,NW,SAWYER,48.09,-101.07,48.09,-101.07,"An upper level low and surface cold front combined with a very unstable airmass resulted in severe thunderstorms across western and central North Dakota. Supercell thunderstorms initially produced very large hail before transitioning to a linear storm mode, which led to widespread significant thunderstorm wind gusts. The largest reported hail was 3 inches in diameter, occurring southwest of Medora in Billings County. Measured wind gusts of 60 to 80 mph were common as storms moved across western and central North Dakota. The area with the most significant wind damage occurred across Stark, Morton, Mercer, and McLean Counties. In a swath from Dickinson, to Hebron, to Beulah, to Douglas Bay, to west of Garrison, damage from thunderstorm wind gusts led to winds estimated from 80 to 100 mph. The strongest measured wind gust came from a personal weather station just east of Beulah that reported a gust of 103 mph. Damage included campers turned over, large trees downed, roof damage, power outages, garages destroyed, vehicle damage, siding damage, and dented grain bins.",Damage from thunderstorm wind gusts occurred in Sawyer. Photos showed multiple trees broken and a few tin roof panels pulled up.,CSV
202606,7,1619,202606,7,1621,214591,1345293,NORTH DAKOTA,38,2026,June,Hail,C,33,GOLDEN VALLEY,BIS,07-JUN-26 16:19:00,MST-7,07-JUN-26 16:21:00,0,0,0,0,0.00K,0.00K,Public,2.75,,,,,,,,,,,10.72,SE,SENTINEL BUTTE,10.72,SE,SENTINEL BUTTE,46.81,-103.67,46.81,-103.67,"An upper level low and surface cold front combined with a very unstable airmass resulted in severe thunderstorms across western and central North Dakota. Supercell thunderstorms initially produced very large hail before transitioning to a linear storm mode, which led to widespread significant thunderstorm wind gusts. The largest reported hail was 3 inches in diameter, occurring southwest of Medora in Billings County. Measured wind gusts of 60 to 80 mph were common as storms moved across western and central North Dakota. The area with the most significant wind damage occurred across Stark, Morton, Mercer, and McLean Counties. In a swath from Dickinson, to Hebron, to Beulah, to Douglas Bay, to west of Garrison, damage from thunderstorm wind gusts led to winds estimated from 80 to 100 mph. The strongest measured wind gust came from a personal weather station just east of Beulah that reported a gust of 103 mph. Damage included campers turned over, large trees downed, roof damage, power outages, garages destroyed, vehicle damage, siding damage, and dented grain bins.",,CSV
202606,7,1919,202606,7,1921,214591,1348618,NORTH DAKOTA,38,2026,June,Thunderstorm Wind,C,23,DIVIDE,BIS,07-JUN-26 19:19:00,CST-6,07-JUN-26 19:21:00,0,0,0,0,0.00K,0.00K,Mesonet,69.00,MG,,,,,,,,,,5.71,WNW,FORTUNA,5.71,WNW,FORTUNA,48.96,-103.81,48.96,-103.81,"An upper level low and surface cold front combined with a very unstable airmass resulted in severe thunderstorms across western and central North Dakota. Supercell thunderstorms initially produced very large hail before transitioning to a linear storm mode, which led to widespread significant thunderstorm wind gusts. The largest reported hail was 3 inches in diameter, occurring southwest of Medora in Billings County. Measured wind gusts of 60 to 80 mph were common as storms moved across western and central North Dakota. The area with the most significant wind damage occurred across Stark, Morton, Mercer, and McLean Counties. In a swath from Dickinson, to Hebron, to Beulah, to Douglas Bay, to west of Garrison, damage from thunderstorm wind gusts led to winds estimated from 80 to 100 mph. The strongest measured wind gust came from a personal weather station just east of Beulah that reported a gust of 103 mph. Damage included campers turned over, large trees downed, roof damage, power outages, garages destroyed, vehicle damage, siding damage, and dented grain bins.",Fortuna NDAWN station reported wind gusts up to 79 mph.,CSV
202606,7,1934,202606,7,1937,214591,1348619,NORTH DAKOTA,38,2026,June,Thunderstorm Wind,C,23,DIVIDE,BIS,07-JUN-26 19:34:00,CST-6,07-JUN-26 19:37:00,0,0,0,0,0.00K,0.00K,Mesonet,56.00,MG,,,,,,,,,,7.72,S,CROSBY,7.72,S,CROSBY,48.81,-103.31,48.81,-103.31,"An upper level low and surface cold front combined with a very unstable airmass resulted in severe thunderstorms across western and central North Dakota. Supercell thunderstorms initially produced very large hail before transitioning to a linear storm mode, which led to widespread significant thunderstorm wind gusts. The largest reported hail was 3 inches in diameter, occurring southwest of Medora in Billings County. Measured wind gusts of 60 to 80 mph were common as storms moved across western and central North Dakota. The area with the most significant wind damage occurred across Stark, Morton, Mercer, and McLean Counties. In a swath from Dickinson, to Hebron, to Beulah, to Douglas Bay, to west of Garrison, damage from thunderstorm wind gusts led to winds estimated from 80 to 100 mph. The strongest measured wind gust came from a personal weather station just east of Beulah that reported a gust of 103 mph. Damage included campers turned over, large trees downed, roof damage, power outages, garages destroyed, vehicle damage, siding damage, and dented grain bins.",Crosby NDAWN station reported wind gusts up to 65 mph.,CSV
202606,7,2126,202606,7,2128,214591,1348682,NORTH DAKOTA,38,2026,June,Thunderstorm Wind,C,83,SHERIDAN,BIS,07-JUN-26 21:26:00,CST-6,07-JUN-26 21:28:00,0,0,0,0,0.00K,0.00K,Mesonet,69.00,MG,,,,,,,,,,15.42,WSW,MARTIN,15.42,WSW,MARTIN,47.75,-100.43,47.75,-100.43,"An upper level low and surface cold front combined with a very unstable airmass resulted in severe thunderstorms across western and central North Dakota. Supercell thunderstorms initially produced very large hail before transitioning to a linear storm mode, which led to widespread significant thunderstorm wind gusts. The largest reported hail was 3 inches in diameter, occurring southwest of Medora in Billings County. Measured wind gusts of 60 to 80 mph were common as storms moved across western and central North Dakota. The area with the most significant wind damage occurred across Stark, Morton, Mercer, and McLean Counties. In a swath from Dickinson, to Hebron, to Beulah, to Douglas Bay, to west of Garrison, damage from thunderstorm wind gusts led to winds estimated from 80 to 100 mph. The strongest measured wind gust came from a personal weather station just east of Beulah that reported a gust of 103 mph. Damage included campers turned over, large trees downed, roof damage, power outages, garages destroyed, vehicle damage, siding damage, and dented grain bins.",Skogmo NDAWN station reported wind gusts up to 79 mph.,CSV
202606,7,2127,202606,7,2130,214591,1348683,NORTH DAKOTA,38,2026,June,Thunderstorm Wind,C,49,MCHENRY,BIS,07-JUN-26 21:27:00,CST-6,07-JUN-26 21:30:00,0,0,0,0,0.00K,0.00K,AWOS,63.00,MG,,,,,,,,,,2.69,WNW,BALFOUR,2.69,WNW,BALFOUR,47.97,-100.58,47.97,-100.58,"An upper level low and surface cold front combined with a very unstable airmass resulted in severe thunderstorms across western and central North Dakota. Supercell thunderstorms initially produced very large hail before transitioning to a linear storm mode, which led to widespread significant thunderstorm wind gusts. The largest reported hail was 3 inches in diameter, occurring southwest of Medora in Billings County. Measured wind gusts of 60 to 80 mph were common as storms moved across western and central North Dakota. The area with the most significant wind damage occurred across Stark, Morton, Mercer, and McLean Counties. In a swath from Dickinson, to Hebron, to Beulah, to Douglas Bay, to west of Garrison, damage from thunderstorm wind gusts led to winds estimated from 80 to 100 mph. The strongest measured wind gust came from a personal weather station just east of Beulah that reported a gust of 103 mph. Damage included campers turned over, large trees downed, roof damage, power outages, garages destroyed, vehicle damage, siding damage, and dented grain bins.",Balfour AWOS station reported wind gusts up to 72 mph.,CSV
202606,7,1630,202606,7,1633,214591,1345294,NORTH DAKOTA,38,2026,June,Hail,C,7,BILLINGS,BIS,07-JUN-26 16:30:00,MST-7,07-JUN-26 16:33:00,0,0,0,0,0.00K,0.00K,Public,3.00,,,,,,,,,,,5.3,SW,MEDORA,5.3,SW,MEDORA,46.86,-103.6,46.86,-103.6,"An upper level low and surface cold front combined with a very unstable airmass resulted in severe thunderstorms across western and central North Dakota. Supercell thunderstorms initially produced very large hail before transitioning to a linear storm mode, which led to widespread significant thunderstorm wind gusts. The largest reported hail was 3 inches in diameter, occurring southwest of Medora in Billings County. Measured wind gusts of 60 to 80 mph were common as storms moved across western and central North Dakota. The area with the most significant wind damage occurred across Stark, Morton, Mercer, and McLean Counties. In a swath from Dickinson, to Hebron, to Beulah, to Douglas Bay, to west of Garrison, damage from thunderstorm wind gusts led to winds estimated from 80 to 100 mph. The strongest measured wind gust came from a personal weather station just east of Beulah that reported a gust of 103 mph. Damage included campers turned over, large trees downed, roof damage, power outages, garages destroyed, vehicle damage, siding damage, and dented grain bins.",,CSV
202606,7,1632,202606,7,1634,214591,1345295,NORTH DAKOTA,38,2026,June,Hail,C,7,BILLINGS,BIS,07-JUN-26 16:32:00,MST-7,07-JUN-26 16:34:00,0,0,0,0,0.00K,0.00K,Public,2.00,,,,,,,,,,,4.02,WNW,MEDORA,4.02,WNW,MEDORA,46.94,-103.61,46.94,-103.61,"An upper level low and surface cold front combined with a very unstable airmass resulted in severe thunderstorms across western and central North Dakota. Supercell thunderstorms initially produced very large hail before transitioning to a linear storm mode, which led to widespread significant thunderstorm wind gusts. The largest reported hail was 3 inches in diameter, occurring southwest of Medora in Billings County. Measured wind gusts of 60 to 80 mph were common as storms moved across western and central North Dakota. The area with the most significant wind damage occurred across Stark, Morton, Mercer, and McLean Counties. In a swath from Dickinson, to Hebron, to Beulah, to Douglas Bay, to west of Garrison, damage from thunderstorm wind gusts led to winds estimated from 80 to 100 mph. The strongest measured wind gust came from a personal weather station just east of Beulah that reported a gust of 103 mph. Damage included campers turned over, large trees downed, roof damage, power outages, garages destroyed, vehicle damage, siding damage, and dented grain bins.",,CSV
202606,7,1934,202606,7,1938,214591,1348620,NORTH DAKOTA,38,2026,June,Thunderstorm Wind,C,23,DIVIDE,BIS,07-JUN-26 19:34:00,CST-6,07-JUN-26 19:38:00,0,0,0,0,0.00K,0.00K,Mesonet,64.00,MG,,,,,,,,,,7.72,S,CROSBY,7.72,S,CROSBY,48.81,-103.31,48.81,-103.31,"An upper level low and surface cold front combined with a very unstable airmass resulted in severe thunderstorms across western and central North Dakota. Supercell thunderstorms initially produced very large hail before transitioning to a linear storm mode, which led to widespread significant thunderstorm wind gusts. The largest reported hail was 3 inches in diameter, occurring southwest of Medora in Billings County. Measured wind gusts of 60 to 80 mph were common as storms moved across western and central North Dakota. The area with the most significant wind damage occurred across Stark, Morton, Mercer, and McLean Counties. In a swath from Dickinson, to Hebron, to Beulah, to Douglas Bay, to west of Garrison, damage from thunderstorm wind gusts led to winds estimated from 80 to 100 mph. The strongest measured wind gust came from a personal weather station just east of Beulah that reported a gust of 103 mph. Damage included campers turned over, large trees downed, roof damage, power outages, garages destroyed, vehicle damage, siding damage, and dented grain bins.",Crosby NDAWN station reported wind gusts up to 74 mph.,CSV
202606,7,1935,202606,7,1938,214591,1348621,NORTH DAKOTA,38,2026,June,Thunderstorm Wind,C,89,STARK,BIS,07-JUN-26 19:35:00,MST-7,07-JUN-26 19:38:00,0,0,0,0,15.00K,0.00K,Emergency Manager,70.00,EG,,,,,,,,,,.47,W,DICKINSON,.47,W,DICKINSON,46.88,-102.79,46.88,-102.79,"An upper level low and surface cold front combined with a very unstable airmass resulted in severe thunderstorms across western and central North Dakota. Supercell thunderstorms initially produced very large hail before transitioning to a linear storm mode, which led to widespread significant thunderstorm wind gusts. The largest reported hail was 3 inches in diameter, occurring southwest of Medora in Billings County. Measured wind gusts of 60 to 80 mph were common as storms moved across western and central North Dakota. The area with the most significant wind damage occurred across Stark, Morton, Mercer, and McLean Counties. In a swath from Dickinson, to Hebron, to Beulah, to Douglas Bay, to west of Garrison, damage from thunderstorm wind gusts led to winds estimated from 80 to 100 mph. The strongest measured wind gust came from a personal weather station just east of Beulah that reported a gust of 103 mph. Damage included campers turned over, large trees downed, roof damage, power outages, garages destroyed, vehicle damage, siding damage, and dented grain bins.","Power out in the city of Dickinson, with multiple power lines down and a report of at least one tree on a house.",CSV
202606,7,2132,202606,7,2135,214591,1348684,NORTH DAKOTA,38,2026,June,Thunderstorm Wind,C,15,BURLEIGH,BIS,07-JUN-26 21:32:00,CST-6,07-JUN-26 21:35:00,0,0,0,0,0.00K,0.00K,Mesonet,58.00,MG,,,,,,,,,,9.95,NNW,WING,9.95,NNW,WING,47.27,-100.33,47.27,-100.33,"An upper level low and surface cold front combined with a very unstable airmass resulted in severe thunderstorms across western and central North Dakota. Supercell thunderstorms initially produced very large hail before transitioning to a linear storm mode, which led to widespread significant thunderstorm wind gusts. The largest reported hail was 3 inches in diameter, occurring southwest of Medora in Billings County. Measured wind gusts of 60 to 80 mph were common as storms moved across western and central North Dakota. The area with the most significant wind damage occurred across Stark, Morton, Mercer, and McLean Counties. In a swath from Dickinson, to Hebron, to Beulah, to Douglas Bay, to west of Garrison, damage from thunderstorm wind gusts led to winds estimated from 80 to 100 mph. The strongest measured wind gust came from a personal weather station just east of Beulah that reported a gust of 103 mph. Damage included campers turned over, large trees downed, roof damage, power outages, garages destroyed, vehicle damage, siding damage, and dented grain bins.",Wing NDAWN station reported wind gusts up to 67 mph.,CSV
202606,7,2153,202606,7,2155,214591,1348685,NORTH DAKOTA,38,2026,June,Thunderstorm Wind,C,9,BOTTINEAU,BIS,07-JUN-26 21:53:00,CST-6,07-JUN-26 21:55:00,0,0,0,0,0.00K,0.00K,Public,50.00,MG,,,,,,,,,,3.19,E,KRAMER,3.19,E,KRAMER,48.7,-100.63,48.7,-100.63,"An upper level low and surface cold front combined with a very unstable airmass resulted in severe thunderstorms across western and central North Dakota. Supercell thunderstorms initially produced very large hail before transitioning to a linear storm mode, which led to widespread significant thunderstorm wind gusts. The largest reported hail was 3 inches in diameter, occurring southwest of Medora in Billings County. Measured wind gusts of 60 to 80 mph were common as storms moved across western and central North Dakota. The area with the most significant wind damage occurred across Stark, Morton, Mercer, and McLean Counties. In a swath from Dickinson, to Hebron, to Beulah, to Douglas Bay, to west of Garrison, damage from thunderstorm wind gusts led to winds estimated from 80 to 100 mph. The strongest measured wind gust came from a personal weather station just east of Beulah that reported a gust of 103 mph. Damage included campers turned over, large trees downed, roof damage, power outages, garages destroyed, vehicle damage, siding damage, and dented grain bins.",Personal weather station measured wind gusts up to 58 mph.,CSV
202606,7,1640,202606,7,1646,214591,1345296,NORTH DAKOTA,38,2026,June,Hail,C,7,BILLINGS,BIS,07-JUN-26 16:40:00,MST-7,07-JUN-26 16:46:00,0,0,0,0,0.00K,0.00K,Trained Spotter,1.00,,,,,,,,,,,0,N,MEDORA,0,N,MEDORA,46.92,-103.53,46.92,-103.53,"An upper level low and surface cold front combined with a very unstable airmass resulted in severe thunderstorms across western and central North Dakota. Supercell thunderstorms initially produced very large hail before transitioning to a linear storm mode, which led to widespread significant thunderstorm wind gusts. The largest reported hail was 3 inches in diameter, occurring southwest of Medora in Billings County. Measured wind gusts of 60 to 80 mph were common as storms moved across western and central North Dakota. The area with the most significant wind damage occurred across Stark, Morton, Mercer, and McLean Counties. In a swath from Dickinson, to Hebron, to Beulah, to Douglas Bay, to west of Garrison, damage from thunderstorm wind gusts led to winds estimated from 80 to 100 mph. The strongest measured wind gust came from a personal weather station just east of Beulah that reported a gust of 103 mph. Damage included campers turned over, large trees downed, roof damage, power outages, garages destroyed, vehicle damage, siding damage, and dented grain bins.",,CSV
202606,7,1701,202606,7,1704,214591,1345297,NORTH DAKOTA,38,2026,June,Thunderstorm Wind,C,11,BOWMAN,BIS,07-JUN-26 17:01:00,MST-7,07-JUN-26 17:04:00,0,0,0,0,0.00K,0.00K,Mesonet,52.00,MG,,,,,,,,,,9.6,W,HALEY,9.6,W,HALEY,45.97,-103.32,45.97,-103.32,"An upper level low and surface cold front combined with a very unstable airmass resulted in severe thunderstorms across western and central North Dakota. Supercell thunderstorms initially produced very large hail before transitioning to a linear storm mode, which led to widespread significant thunderstorm wind gusts. The largest reported hail was 3 inches in diameter, occurring southwest of Medora in Billings County. Measured wind gusts of 60 to 80 mph were common as storms moved across western and central North Dakota. The area with the most significant wind damage occurred across Stark, Morton, Mercer, and McLean Counties. In a swath from Dickinson, to Hebron, to Beulah, to Douglas Bay, to west of Garrison, damage from thunderstorm wind gusts led to winds estimated from 80 to 100 mph. The strongest measured wind gust came from a personal weather station just east of Beulah that reported a gust of 103 mph. Damage included campers turned over, large trees downed, roof damage, power outages, garages destroyed, vehicle damage, siding damage, and dented grain bins.",Haley NDAWN station reported wind gusts up to 60 mph.,CSV
202606,7,1938,202606,7,1940,214591,1348622,NORTH DAKOTA,38,2026,June,Thunderstorm Wind,C,59,MORTON,BIS,07-JUN-26 19:38:00,CST-6,07-JUN-26 19:40:00,0,0,0,0,0.00K,0.00K,Mesonet,57.00,MG,,,,,,,,,,6.01,SSW,HEBRON,6.01,SSW,HEBRON,46.82,-102.08,46.82,-102.08,"An upper level low and surface cold front combined with a very unstable airmass resulted in severe thunderstorms across western and central North Dakota. Supercell thunderstorms initially produced very large hail before transitioning to a linear storm mode, which led to widespread significant thunderstorm wind gusts. The largest reported hail was 3 inches in diameter, occurring southwest of Medora in Billings County. Measured wind gusts of 60 to 80 mph were common as storms moved across western and central North Dakota. The area with the most significant wind damage occurred across Stark, Morton, Mercer, and McLean Counties. In a swath from Dickinson, to Hebron, to Beulah, to Douglas Bay, to west of Garrison, damage from thunderstorm wind gusts led to winds estimated from 80 to 100 mph. The strongest measured wind gust came from a personal weather station just east of Beulah that reported a gust of 103 mph. Damage included campers turned over, large trees downed, roof damage, power outages, garages destroyed, vehicle damage, siding damage, and dented grain bins.",Hebron NDAWN station reported wind gusts up to 66 mph.,CSV
202606,7,1940,202606,7,1942,214591,1348624,NORTH DAKOTA,38,2026,June,Thunderstorm Wind,C,59,MORTON,BIS,07-JUN-26 19:40:00,CST-6,07-JUN-26 19:42:00,0,0,0,0,100.00K,0.00K,Trained Spotter,87.00,EG,,,,,,,,,,.94,W,HEBRON,.94,W,HEBRON,46.9,-102.05,46.9,-102.05,"An upper level low and surface cold front combined with a very unstable airmass resulted in severe thunderstorms across western and central North Dakota. Supercell thunderstorms initially produced very large hail before transitioning to a linear storm mode, which led to widespread significant thunderstorm wind gusts. The largest reported hail was 3 inches in diameter, occurring southwest of Medora in Billings County. Measured wind gusts of 60 to 80 mph were common as storms moved across western and central North Dakota. The area with the most significant wind damage occurred across Stark, Morton, Mercer, and McLean Counties. In a swath from Dickinson, to Hebron, to Beulah, to Douglas Bay, to west of Garrison, damage from thunderstorm wind gusts led to winds estimated from 80 to 100 mph. The strongest measured wind gust came from a personal weather station just east of Beulah that reported a gust of 103 mph. Damage included campers turned over, large trees downed, roof damage, power outages, garages destroyed, vehicle damage, siding damage, and dented grain bins.","Trained weather spotter reported thunderstorm wind damage in the city of Hebron. Power out in the city of Hebron. Numerous branches and trees down, with lots of debris around town. Estimated winds at 80 to 100 mph.",CSV
202606,7,2215,202606,7,2218,214591,1348686,NORTH DAKOTA,38,2026,June,Thunderstorm Wind,C,9,BOTTINEAU,BIS,07-JUN-26 22:15:00,CST-6,07-JUN-26 22:18:00,0,0,0,0,5.00K,0.00K,Public,70.00,EG,,,,,,,,,,.91,W,BOTTINEAU,.91,W,BOTTINEAU,48.83,-100.45,48.83,-100.45,"An upper level low and surface cold front combined with a very unstable airmass resulted in severe thunderstorms across western and central North Dakota. Supercell thunderstorms initially produced very large hail before transitioning to a linear storm mode, which led to widespread significant thunderstorm wind gusts. The largest reported hail was 3 inches in diameter, occurring southwest of Medora in Billings County. Measured wind gusts of 60 to 80 mph were common as storms moved across western and central North Dakota. The area with the most significant wind damage occurred across Stark, Morton, Mercer, and McLean Counties. In a swath from Dickinson, to Hebron, to Beulah, to Douglas Bay, to west of Garrison, damage from thunderstorm wind gusts led to winds estimated from 80 to 100 mph. The strongest measured wind gust came from a personal weather station just east of Beulah that reported a gust of 103 mph. Damage included campers turned over, large trees downed, roof damage, power outages, garages destroyed, vehicle damage, siding damage, and dented grain bins.",Thunderstorm wind gusts knocked down a large tree on top of a porch.,CSV
202606,7,2215,202606,7,2218,214591,1348687,NORTH DAKOTA,38,2026,June,Thunderstorm Wind,C,9,BOTTINEAU,BIS,07-JUN-26 22:15:00,CST-6,07-JUN-26 22:18:00,0,0,0,0,0.00K,0.00K,Mesonet,65.00,MG,,,,,,,,,,0,N,BOTTINEAU ARPT,0,N,BOTTINEAU ARPT,48.83,-100.42,48.83,-100.42,"An upper level low and surface cold front combined with a very unstable airmass resulted in severe thunderstorms across western and central North Dakota. Supercell thunderstorms initially produced very large hail before transitioning to a linear storm mode, which led to widespread significant thunderstorm wind gusts. The largest reported hail was 3 inches in diameter, occurring southwest of Medora in Billings County. Measured wind gusts of 60 to 80 mph were common as storms moved across western and central North Dakota. The area with the most significant wind damage occurred across Stark, Morton, Mercer, and McLean Counties. In a swath from Dickinson, to Hebron, to Beulah, to Douglas Bay, to west of Garrison, damage from thunderstorm wind gusts led to winds estimated from 80 to 100 mph. The strongest measured wind gust came from a personal weather station just east of Beulah that reported a gust of 103 mph. Damage included campers turned over, large trees downed, roof damage, power outages, garages destroyed, vehicle damage, siding damage, and dented grain bins.",Bottineau AWOS reported wind gusts up to 75 mph.,CSV
202606,9,1500,202606,9,1508,214965,1348711,NORTH DAKOTA,38,2026,June,Hail,C,89,STARK,BIS,09-JUN-26 15:00:00,MST-7,09-JUN-26 15:08:00,0,0,0,0,0.00K,0.00K,Public,1.75,,,,,,,,,,,10.36,S,ANTELOPE,10.36,S,ANTELOPE,46.7,-102.2,46.7,-102.2,"A surface trough and low-level jet combined with a very moist and unstable air mass that led to severe thunderstorm development along the triple point of a surface low in west central North Dakota. Thunderstorms developed during the afternoon in southwest North Dakota, with additional storms in the far northwest. Storms gradually moved to the north-northeast through the evening in a primarily cluster storm mode. The area of most significant damage was in Ward and McHenry Counties. In the town of Sawyer in Ward County, the Emergency Manager reported damage from powerful thunderstorm wind gusts that resulted in power outages, trees on roads, and a large tree that fell onto a house and made a hole in the roof. Northeast of Deering in McHenry County, there was significant damage to a homestead due to thunderstorm wind gusts. A barn on the property had roof panels ripped off and some collapse of the wood frame structure for the roof. Damage in both of these locations were consistent with wind speeds around 90 mph. The largest reported hail was 3 inches in diameter, a few miles west of Fortuna in Divide County. One tornado occurred with these storms, and was reported approximately 3 miles east of Noonan in Divide County. It was a very brief tornado and caused no known damage, so has been rated EF-Unknown by NWS policy.",,CSV
202606,9,1542,202606,9,1544,214965,1348715,NORTH DAKOTA,38,2026,June,Thunderstorm Wind,C,25,DUNN,BIS,09-JUN-26 15:42:00,MST-7,09-JUN-26 15:44:00,0,0,0,0,0.00K,0.00K,Mesonet,54.00,MG,,,,,,,,,,4.86,N,HALLIDAY,4.86,N,HALLIDAY,47.42,-102.32,47.42,-102.32,"A surface trough and low-level jet combined with a very moist and unstable air mass that led to severe thunderstorm development along the triple point of a surface low in west central North Dakota. Thunderstorms developed during the afternoon in southwest North Dakota, with additional storms in the far northwest. Storms gradually moved to the north-northeast through the evening in a primarily cluster storm mode. The area of most significant damage was in Ward and McHenry Counties. In the town of Sawyer in Ward County, the Emergency Manager reported damage from powerful thunderstorm wind gusts that resulted in power outages, trees on roads, and a large tree that fell onto a house and made a hole in the roof. Northeast of Deering in McHenry County, there was significant damage to a homestead due to thunderstorm wind gusts. A barn on the property had roof panels ripped off and some collapse of the wood frame structure for the roof. Damage in both of these locations were consistent with wind speeds around 90 mph. The largest reported hail was 3 inches in diameter, a few miles west of Fortuna in Divide County. One tornado occurred with these storms, and was reported approximately 3 miles east of Noonan in Divide County. It was a very brief tornado and caused no known damage, so has been rated EF-Unknown by NWS policy.",Halliday NDAWN station reported wind gusts up to 62 mph.,CSV
202606,9,1557,202606,9,1559,214965,1348717,NORTH DAKOTA,38,2026,June,Thunderstorm Wind,C,59,MORTON,BIS,09-JUN-26 15:57:00,CST-6,09-JUN-26 15:59:00,0,0,0,0,0.00K,0.00K,Mesonet,51.00,MG,,,,,,,,,,7.3,SSW,HEBRON,7.3,SSW,HEBRON,46.8,-102.08,46.8,-102.08,"A surface trough and low-level jet combined with a very moist and unstable air mass that led to severe thunderstorm development along the triple point of a surface low in west central North Dakota. Thunderstorms developed during the afternoon in southwest North Dakota, with additional storms in the far northwest. Storms gradually moved to the north-northeast through the evening in a primarily cluster storm mode. The area of most significant damage was in Ward and McHenry Counties. In the town of Sawyer in Ward County, the Emergency Manager reported damage from powerful thunderstorm wind gusts that resulted in power outages, trees on roads, and a large tree that fell onto a house and made a hole in the roof. Northeast of Deering in McHenry County, there was significant damage to a homestead due to thunderstorm wind gusts. A barn on the property had roof panels ripped off and some collapse of the wood frame structure for the roof. Damage in both of these locations were consistent with wind speeds around 90 mph. The largest reported hail was 3 inches in diameter, a few miles west of Fortuna in Divide County. One tornado occurred with these storms, and was reported approximately 3 miles east of Noonan in Divide County. It was a very brief tornado and caused no known damage, so has been rated EF-Unknown by NWS policy.",Hebron NDAWN station reported wind gusts up to 59 mph.,CSV
202606,9,1602,202606,9,1605,214965,1348719,NORTH DAKOTA,38,2026,June,Hail,C,59,MORTON,BIS,09-JUN-26 16:02:00,CST-6,09-JUN-26 16:05:00,0,0,0,0,0.00K,0.00K,Trained Spotter,1.00,,,,,,,,,,,.94,W,HEBRON,.94,W,HEBRON,46.9,-102.05,46.9,-102.05,"A surface trough and low-level jet combined with a very moist and unstable air mass that led to severe thunderstorm development along the triple point of a surface low in west central North Dakota. Thunderstorms developed during the afternoon in southwest North Dakota, with additional storms in the far northwest. Storms gradually moved to the north-northeast through the evening in a primarily cluster storm mode. The area of most significant damage was in Ward and McHenry Counties. In the town of Sawyer in Ward County, the Emergency Manager reported damage from powerful thunderstorm wind gusts that resulted in power outages, trees on roads, and a large tree that fell onto a house and made a hole in the roof. Northeast of Deering in McHenry County, there was significant damage to a homestead due to thunderstorm wind gusts. A barn on the property had roof panels ripped off and some collapse of the wood frame structure for the roof. Damage in both of these locations were consistent with wind speeds around 90 mph. The largest reported hail was 3 inches in diameter, a few miles west of Fortuna in Divide County. One tornado occurred with these storms, and was reported approximately 3 miles east of Noonan in Divide County. It was a very brief tornado and caused no known damage, so has been rated EF-Unknown by NWS policy.",,CSV
202606,9,1610,202606,9,1614,214965,1348721,NORTH DAKOTA,38,2026,June,Hail,C,59,MORTON,BIS,09-JUN-26 16:10:00,CST-6,09-JUN-26 16:14:00,0,0,0,0,0.00K,0.00K,Broadcast Media,1.25,,,,,,,,,,,.94,W,HEBRON,.94,W,HEBRON,46.9,-102.05,46.9,-102.05,"A surface trough and low-level jet combined with a very moist and unstable air mass that led to severe thunderstorm development along the triple point of a surface low in west central North Dakota. Thunderstorms developed during the afternoon in southwest North Dakota, with additional storms in the far northwest. Storms gradually moved to the north-northeast through the evening in a primarily cluster storm mode. The area of most significant damage was in Ward and McHenry Counties. In the town of Sawyer in Ward County, the Emergency Manager reported damage from powerful thunderstorm wind gusts that resulted in power outages, trees on roads, and a large tree that fell onto a house and made a hole in the roof. Northeast of Deering in McHenry County, there was significant damage to a homestead due to thunderstorm wind gusts. A barn on the property had roof panels ripped off and some collapse of the wood frame structure for the roof. Damage in both of these locations were consistent with wind speeds around 90 mph. The largest reported hail was 3 inches in diameter, a few miles west of Fortuna in Divide County. One tornado occurred with these storms, and was reported approximately 3 miles east of Noonan in Divide County. It was a very brief tornado and caused no known damage, so has been rated EF-Unknown by NWS policy.",,CSV
202606,9,1615,202606,9,1618,214965,1348722,NORTH DAKOTA,38,2026,June,Hail,C,57,MERCER,BIS,09-JUN-26 16:15:00,CST-6,09-JUN-26 16:18:00,0,0,0,0,0.00K,0.00K,Public,1.00,,,,,,,,,,,.69,S,BEULAH,.69,S,BEULAH,47.26,-101.78,47.26,-101.78,"A surface trough and low-level jet combined with a very moist and unstable air mass that led to severe thunderstorm development along the triple point of a surface low in west central North Dakota. Thunderstorms developed during the afternoon in southwest North Dakota, with additional storms in the far northwest. Storms gradually moved to the north-northeast through the evening in a primarily cluster storm mode. The area of most significant damage was in Ward and McHenry Counties. In the town of Sawyer in Ward County, the Emergency Manager reported damage from powerful thunderstorm wind gusts that resulted in power outages, trees on roads, and a large tree that fell onto a house and made a hole in the roof. Northeast of Deering in McHenry County, there was significant damage to a homestead due to thunderstorm wind gusts. A barn on the property had roof panels ripped off and some collapse of the wood frame structure for the roof. Damage in both of these locations were consistent with wind speeds around 90 mph. The largest reported hail was 3 inches in diameter, a few miles west of Fortuna in Divide County. One tornado occurred with these storms, and was reported approximately 3 miles east of Noonan in Divide County. It was a very brief tornado and caused no known damage, so has been rated EF-Unknown by NWS policy.",,CSV
202606,9,1616,202606,9,1620,214965,1348724,NORTH DAKOTA,38,2026,June,Hail,C,57,MERCER,BIS,09-JUN-26 16:16:00,CST-6,09-JUN-26 16:20:00,0,0,0,0,0.00K,0.00K,Broadcast Media,1.00,,,,,,,,,,,.69,S,BEULAH,.69,S,BEULAH,47.26,-101.78,47.26,-101.78,"A surface trough and low-level jet combined with a very moist and unstable air mass that led to severe thunderstorm development along the triple point of a surface low in west central North Dakota. Thunderstorms developed during the afternoon in southwest North Dakota, with additional storms in the far northwest. Storms gradually moved to the north-northeast through the evening in a primarily cluster storm mode. The area of most significant damage was in Ward and McHenry Counties. In the town of Sawyer in Ward County, the Emergency Manager reported damage from powerful thunderstorm wind gusts that resulted in power outages, trees on roads, and a large tree that fell onto a house and made a hole in the roof. Northeast of Deering in McHenry County, there was significant damage to a homestead due to thunderstorm wind gusts. A barn on the property had roof panels ripped off and some collapse of the wood frame structure for the roof. Damage in both of these locations were consistent with wind speeds around 90 mph. The largest reported hail was 3 inches in diameter, a few miles west of Fortuna in Divide County. One tornado occurred with these storms, and was reported approximately 3 miles east of Noonan in Divide County. It was a very brief tornado and caused no known damage, so has been rated EF-Unknown by NWS policy.",,CSV
202606,9,1630,202606,9,1632,214965,1348725,NORTH DAKOTA,38,2026,June,Hail,C,57,MERCER,BIS,09-JUN-26 16:30:00,CST-6,09-JUN-26 16:32:00,0,0,0,0,0.00K,0.00K,Public,1.00,,,,,,,,,,,.69,S,BEULAH,.69,S,BEULAH,47.26,-101.78,47.26,-101.78,"A surface trough and low-level jet combined with a very moist and unstable air mass that led to severe thunderstorm development along the triple point of a surface low in west central North Dakota. Thunderstorms developed during the afternoon in southwest North Dakota, with additional storms in the far northwest. Storms gradually moved to the north-northeast through the evening in a primarily cluster storm mode. The area of most significant damage was in Ward and McHenry Counties. In the town of Sawyer in Ward County, the Emergency Manager reported damage from powerful thunderstorm wind gusts that resulted in power outages, trees on roads, and a large tree that fell onto a house and made a hole in the roof. Northeast of Deering in McHenry County, there was significant damage to a homestead due to thunderstorm wind gusts. A barn on the property had roof panels ripped off and some collapse of the wood frame structure for the roof. Damage in both of these locations were consistent with wind speeds around 90 mph. The largest reported hail was 3 inches in diameter, a few miles west of Fortuna in Divide County. One tornado occurred with these storms, and was reported approximately 3 miles east of Noonan in Divide County. It was a very brief tornado and caused no known damage, so has been rated EF-Unknown by NWS policy.",,CSV
202606,9,1635,202606,9,1638,214965,1348726,NORTH DAKOTA,38,2026,June,Hail,C,57,MERCER,BIS,09-JUN-26 16:35:00,CST-6,09-JUN-26 16:38:00,0,0,0,0,0.00K,0.00K,Trained Spotter,1.50,,,,,,,,,,,.69,S,BEULAH,.69,S,BEULAH,47.26,-101.78,47.26,-101.78,"A surface trough and low-level jet combined with a very moist and unstable air mass that led to severe thunderstorm development along the triple point of a surface low in west central North Dakota. Thunderstorms developed during the afternoon in southwest North Dakota, with additional storms in the far northwest. Storms gradually moved to the north-northeast through the evening in a primarily cluster storm mode. The area of most significant damage was in Ward and McHenry Counties. In the town of Sawyer in Ward County, the Emergency Manager reported damage from powerful thunderstorm wind gusts that resulted in power outages, trees on roads, and a large tree that fell onto a house and made a hole in the roof. Northeast of Deering in McHenry County, there was significant damage to a homestead due to thunderstorm wind gusts. A barn on the property had roof panels ripped off and some collapse of the wood frame structure for the roof. Damage in both of these locations were consistent with wind speeds around 90 mph. The largest reported hail was 3 inches in diameter, a few miles west of Fortuna in Divide County. One tornado occurred with these storms, and was reported approximately 3 miles east of Noonan in Divide County. It was a very brief tornado and caused no known damage, so has been rated EF-Unknown by NWS policy.",,CSV
202606,9,1703,202606,9,1706,214965,1348729,NORTH DAKOTA,38,2026,June,Hail,C,105,WILLIAMS,BIS,09-JUN-26 17:03:00,CST-6,09-JUN-26 17:06:00,0,0,0,0,0.00K,0.00K,Emergency Manager,1.00,,,,,,,,,,,3.45,N,ALAMO,3.45,N,ALAMO,48.63,-103.47,48.63,-103.47,"A surface trough and low-level jet combined with a very moist and unstable air mass that led to severe thunderstorm development along the triple point of a surface low in west central North Dakota. Thunderstorms developed during the afternoon in southwest North Dakota, with additional storms in the far northwest. Storms gradually moved to the north-northeast through the evening in a primarily cluster storm mode. The area of most significant damage was in Ward and McHenry Counties. In the town of Sawyer in Ward County, the Emergency Manager reported damage from powerful thunderstorm wind gusts that resulted in power outages, trees on roads, and a large tree that fell onto a house and made a hole in the roof. Northeast of Deering in McHenry County, there was significant damage to a homestead due to thunderstorm wind gusts. A barn on the property had roof panels ripped off and some collapse of the wood frame structure for the roof. Damage in both of these locations were consistent with wind speeds around 90 mph. The largest reported hail was 3 inches in diameter, a few miles west of Fortuna in Divide County. One tornado occurred with these storms, and was reported approximately 3 miles east of Noonan in Divide County. It was a very brief tornado and caused no known damage, so has been rated EF-Unknown by NWS policy.",,CSV
202606,9,1716,202606,9,1720,214965,1348734,NORTH DAKOTA,38,2026,June,Thunderstorm Wind,C,55,MCLEAN,BIS,09-JUN-26 17:16:00,CST-6,09-JUN-26 17:20:00,0,0,0,0,0.00K,0.00K,ASOS,65.00,MG,,,,,,,,,,1.67,SW,GARRISON MUNI ARPT,1.67,SW,GARRISON MUNI ARPT,47.61,-101.4,47.61,-101.4,"A surface trough and low-level jet combined with a very moist and unstable air mass that led to severe thunderstorm development along the triple point of a surface low in west central North Dakota. Thunderstorms developed during the afternoon in southwest North Dakota, with additional storms in the far northwest. Storms gradually moved to the north-northeast through the evening in a primarily cluster storm mode. The area of most significant damage was in Ward and McHenry Counties. In the town of Sawyer in Ward County, the Emergency Manager reported damage from powerful thunderstorm wind gusts that resulted in power outages, trees on roads, and a large tree that fell onto a house and made a hole in the roof. Northeast of Deering in McHenry County, there was significant damage to a homestead due to thunderstorm wind gusts. A barn on the property had roof panels ripped off and some collapse of the wood frame structure for the roof. Damage in both of these locations were consistent with wind speeds around 90 mph. The largest reported hail was 3 inches in diameter, a few miles west of Fortuna in Divide County. One tornado occurred with these storms, and was reported approximately 3 miles east of Noonan in Divide County. It was a very brief tornado and caused no known damage, so has been rated EF-Unknown by NWS policy.",Garrison ASOS reported wind gusts up to 75 mph.,CSV
202606,9,1719,202606,9,1722,214965,1348736,NORTH DAKOTA,38,2026,June,Thunderstorm Wind,C,55,MCLEAN,BIS,09-JUN-26 17:19:00,CST-6,09-JUN-26 17:22:00,0,0,0,0,0.00K,0.00K,Emergency Manager,52.00,MG,,,,,,,,,,0,N,GARRISON,0,N,GARRISON,47.65,-101.42,47.65,-101.42,"A surface trough and low-level jet combined with a very moist and unstable air mass that led to severe thunderstorm development along the triple point of a surface low in west central North Dakota. Thunderstorms developed during the afternoon in southwest North Dakota, with additional storms in the far northwest. Storms gradually moved to the north-northeast through the evening in a primarily cluster storm mode. The area of most significant damage was in Ward and McHenry Counties. In the town of Sawyer in Ward County, the Emergency Manager reported damage from powerful thunderstorm wind gusts that resulted in power outages, trees on roads, and a large tree that fell onto a house and made a hole in the roof. Northeast of Deering in McHenry County, there was significant damage to a homestead due to thunderstorm wind gusts. A barn on the property had roof panels ripped off and some collapse of the wood frame structure for the roof. Damage in both of these locations were consistent with wind speeds around 90 mph. The largest reported hail was 3 inches in diameter, a few miles west of Fortuna in Divide County. One tornado occurred with these storms, and was reported approximately 3 miles east of Noonan in Divide County. It was a very brief tornado and caused no known damage, so has been rated EF-Unknown by NWS policy.",Emergency Manager reported wind gusts up to 60 mph.,CSV
202606,7,1706,202606,7,1709,214591,1345298,NORTH DAKOTA,38,2026,June,Hail,C,7,BILLINGS,BIS,07-JUN-26 17:06:00,MST-7,07-JUN-26 17:09:00,0,0,0,0,0.00K,0.00K,Trained Spotter,1.50,,,,,,,,,,,10.88,NNE,FRYBURG,10.88,NNE,FRYBURG,47.02,-103.25,47.02,-103.25,"An upper level low and surface cold front combined with a very unstable airmass resulted in severe thunderstorms across western and central North Dakota. Supercell thunderstorms initially produced very large hail before transitioning to a linear storm mode, which led to widespread significant thunderstorm wind gusts. The largest reported hail was 3 inches in diameter, occurring southwest of Medora in Billings County. Measured wind gusts of 60 to 80 mph were common as storms moved across western and central North Dakota. The area with the most significant wind damage occurred across Stark, Morton, Mercer, and McLean Counties. In a swath from Dickinson, to Hebron, to Beulah, to Douglas Bay, to west of Garrison, damage from thunderstorm wind gusts led to winds estimated from 80 to 100 mph. The strongest measured wind gust came from a personal weather station just east of Beulah that reported a gust of 103 mph. Damage included campers turned over, large trees downed, roof damage, power outages, garages destroyed, vehicle damage, siding damage, and dented grain bins.",,CSV
202606,7,1714,202606,7,1717,214591,1345299,NORTH DAKOTA,38,2026,June,Thunderstorm Wind,C,11,BOWMAN,BIS,07-JUN-26 17:14:00,MST-7,07-JUN-26 17:17:00,0,0,0,0,0.00K,0.00K,ASOS,56.00,MG,,,,,,,,,,3.35,W,BUFFALO SPGS,3.35,W,BUFFALO SPGS,46.17,-103.3,46.17,-103.3,"An upper level low and surface cold front combined with a very unstable airmass resulted in severe thunderstorms across western and central North Dakota. Supercell thunderstorms initially produced very large hail before transitioning to a linear storm mode, which led to widespread significant thunderstorm wind gusts. The largest reported hail was 3 inches in diameter, occurring southwest of Medora in Billings County. Measured wind gusts of 60 to 80 mph were common as storms moved across western and central North Dakota. The area with the most significant wind damage occurred across Stark, Morton, Mercer, and McLean Counties. In a swath from Dickinson, to Hebron, to Beulah, to Douglas Bay, to west of Garrison, damage from thunderstorm wind gusts led to winds estimated from 80 to 100 mph. The strongest measured wind gust came from a personal weather station just east of Beulah that reported a gust of 103 mph. Damage included campers turned over, large trees downed, roof damage, power outages, garages destroyed, vehicle damage, siding damage, and dented grain bins.",Bowman Airport ASOS reported wind gusts up to 64 mph.,CSV
202606,7,1951,202606,7,1954,214591,1348625,NORTH DAKOTA,38,2026,June,Thunderstorm Wind,C,23,DIVIDE,BIS,07-JUN-26 19:51:00,CST-6,07-JUN-26 19:54:00,0,0,0,0,0.00K,0.00K,Mesonet,56.00,MG,,,,,,,,,,8.99,S,NOONAN,8.99,S,NOONAN,48.75,-103.01,48.75,-103.01,"An upper level low and surface cold front combined with a very unstable airmass resulted in severe thunderstorms across western and central North Dakota. Supercell thunderstorms initially produced very large hail before transitioning to a linear storm mode, which led to widespread significant thunderstorm wind gusts. The largest reported hail was 3 inches in diameter, occurring southwest of Medora in Billings County. Measured wind gusts of 60 to 80 mph were common as storms moved across western and central North Dakota. The area with the most significant wind damage occurred across Stark, Morton, Mercer, and McLean Counties. In a swath from Dickinson, to Hebron, to Beulah, to Douglas Bay, to west of Garrison, damage from thunderstorm wind gusts led to winds estimated from 80 to 100 mph. The strongest measured wind gust came from a personal weather station just east of Beulah that reported a gust of 103 mph. Damage included campers turned over, large trees downed, roof damage, power outages, garages destroyed, vehicle damage, siding damage, and dented grain bins.",Noonan NDAWN station reported wind gusts up to 64 mph.,CSV
202606,7,1955,202606,7,1957,214591,1348626,NORTH DAKOTA,38,2026,June,Thunderstorm Wind,C,59,MORTON,BIS,07-JUN-26 19:55:00,CST-6,07-JUN-26 19:57:00,0,0,0,0,0.00K,0.00K,ASOS,60.00,MG,,,,,,,,,,1.58,WSW,GLEN ULLIN,1.58,WSW,GLEN ULLIN,46.81,-101.86,46.81,-101.86,"An upper level low and surface cold front combined with a very unstable airmass resulted in severe thunderstorms across western and central North Dakota. Supercell thunderstorms initially produced very large hail before transitioning to a linear storm mode, which led to widespread significant thunderstorm wind gusts. The largest reported hail was 3 inches in diameter, occurring southwest of Medora in Billings County. Measured wind gusts of 60 to 80 mph were common as storms moved across western and central North Dakota. The area with the most significant wind damage occurred across Stark, Morton, Mercer, and McLean Counties. In a swath from Dickinson, to Hebron, to Beulah, to Douglas Bay, to west of Garrison, damage from thunderstorm wind gusts led to winds estimated from 80 to 100 mph. The strongest measured wind gust came from a personal weather station just east of Beulah that reported a gust of 103 mph. Damage included campers turned over, large trees downed, roof damage, power outages, garages destroyed, vehicle damage, siding damage, and dented grain bins.",Glen Ullin ASOS reported wind gusts up to 69 mph.,CSV
202606,8,10,202606,8,12,214591,1348688,NORTH DAKOTA,38,2026,June,Thunderstorm Wind,C,51,MCINTOSH,BIS,08-JUN-26 00:10:00,CST-6,08-JUN-26 00:12:00,0,0,0,0,0.00K,0.00K,Mesonet,58.00,MG,,,,,,,,,,5.77,W,WISHEK,5.77,W,WISHEK,46.26,-99.67,46.26,-99.67,"An upper level low and surface cold front combined with a very unstable airmass resulted in severe thunderstorms across western and central North Dakota. Supercell thunderstorms initially produced very large hail before transitioning to a linear storm mode, which led to widespread significant thunderstorm wind gusts. The largest reported hail was 3 inches in diameter, occurring southwest of Medora in Billings County. Measured wind gusts of 60 to 80 mph were common as storms moved across western and central North Dakota. The area with the most significant wind damage occurred across Stark, Morton, Mercer, and McLean Counties. In a swath from Dickinson, to Hebron, to Beulah, to Douglas Bay, to west of Garrison, damage from thunderstorm wind gusts led to winds estimated from 80 to 100 mph. The strongest measured wind gust came from a personal weather station just east of Beulah that reported a gust of 103 mph. Damage included campers turned over, large trees downed, roof damage, power outages, garages destroyed, vehicle damage, siding damage, and dented grain bins.",Wishek NDAWN station reported wind gusts up to 67 mph.,CSV
202606,8,25,202606,8,30,214591,1348689,NORTH DAKOTA,38,2026,June,Thunderstorm Wind,C,47,LOGAN,BIS,08-JUN-26 00:25:00,CST-6,08-JUN-26 00:30:00,0,0,0,0,0.00K,0.00K,Mesonet,51.00,MG,,,,,,,,,,14.1,SW,GACKLE,14.1,SW,GACKLE,46.51,-99.37,46.51,-99.37,"An upper level low and surface cold front combined with a very unstable airmass resulted in severe thunderstorms across western and central North Dakota. Supercell thunderstorms initially produced very large hail before transitioning to a linear storm mode, which led to widespread significant thunderstorm wind gusts. The largest reported hail was 3 inches in diameter, occurring southwest of Medora in Billings County. Measured wind gusts of 60 to 80 mph were common as storms moved across western and central North Dakota. The area with the most significant wind damage occurred across Stark, Morton, Mercer, and McLean Counties. In a swath from Dickinson, to Hebron, to Beulah, to Douglas Bay, to west of Garrison, damage from thunderstorm wind gusts led to winds estimated from 80 to 100 mph. The strongest measured wind gust came from a personal weather station just east of Beulah that reported a gust of 103 mph. Damage included campers turned over, large trees downed, roof damage, power outages, garages destroyed, vehicle damage, siding damage, and dented grain bins.",Streeter NDAWN station reported wind gusts up to 59 mph.,CSV
202606,9,1711,202606,9,1714,214965,1348730,NORTH DAKOTA,38,2026,June,Thunderstorm Wind,C,55,MCLEAN,BIS,09-JUN-26 17:11:00,CST-6,09-JUN-26 17:14:00,0,0,0,0,0.00K,0.00K,Public,56.00,MG,,,,,,,,,,3.73,SSW,RAUB,3.73,SSW,RAUB,47.7,-102.08,47.7,-102.08,"A surface trough and low-level jet combined with a very moist and unstable air mass that led to severe thunderstorm development along the triple point of a surface low in west central North Dakota. Thunderstorms developed during the afternoon in southwest North Dakota, with additional storms in the far northwest. Storms gradually moved to the north-northeast through the evening in a primarily cluster storm mode. The area of most significant damage was in Ward and McHenry Counties. In the town of Sawyer in Ward County, the Emergency Manager reported damage from powerful thunderstorm wind gusts that resulted in power outages, trees on roads, and a large tree that fell onto a house and made a hole in the roof. Northeast of Deering in McHenry County, there was significant damage to a homestead due to thunderstorm wind gusts. A barn on the property had roof panels ripped off and some collapse of the wood frame structure for the roof. Damage in both of these locations were consistent with wind speeds around 90 mph. The largest reported hail was 3 inches in diameter, a few miles west of Fortuna in Divide County. One tornado occurred with these storms, and was reported approximately 3 miles east of Noonan in Divide County. It was a very brief tornado and caused no known damage, so has been rated EF-Unknown by NWS policy.",Personal weather station reported wind gusts up to 65 mph.,CSV
202606,9,1713,202606,9,1716,214965,1348733,NORTH DAKOTA,38,2026,June,Thunderstorm Wind,C,55,MCLEAN,BIS,09-JUN-26 17:13:00,CST-6,09-JUN-26 17:16:00,0,0,0,0,0.00K,0.00K,Mesonet,50.00,MG,,,,,,,,,,4.37,NNW,EMMET,4.37,NNW,EMMET,47.71,-101.68,47.71,-101.68,"A surface trough and low-level jet combined with a very moist and unstable air mass that led to severe thunderstorm development along the triple point of a surface low in west central North Dakota. Thunderstorms developed during the afternoon in southwest North Dakota, with additional storms in the far northwest. Storms gradually moved to the north-northeast through the evening in a primarily cluster storm mode. The area of most significant damage was in Ward and McHenry Counties. In the town of Sawyer in Ward County, the Emergency Manager reported damage from powerful thunderstorm wind gusts that resulted in power outages, trees on roads, and a large tree that fell onto a house and made a hole in the roof. Northeast of Deering in McHenry County, there was significant damage to a homestead due to thunderstorm wind gusts. A barn on the property had roof panels ripped off and some collapse of the wood frame structure for the roof. Damage in both of these locations were consistent with wind speeds around 90 mph. The largest reported hail was 3 inches in diameter, a few miles west of Fortuna in Divide County. One tornado occurred with these storms, and was reported approximately 3 miles east of Noonan in Divide County. It was a very brief tornado and caused no known damage, so has been rated EF-Unknown by NWS policy.",Garrison NDAWN reported wind gusts up to 58 mph.,CSV
202606,9,1728,202606,9,1731,214965,1348737,NORTH DAKOTA,38,2026,June,Hail,C,55,MCLEAN,BIS,09-JUN-26 17:28:00,CST-6,09-JUN-26 17:31:00,0,0,0,0,0.00K,0.00K,Trained Spotter,0.88,,,,,,,,,,,0,N,RIVERDALE,0,N,RIVERDALE,47.5,-101.37,47.5,-101.37,"A surface trough and low-level jet combined with a very moist and unstable air mass that led to severe thunderstorm development along the triple point of a surface low in west central North Dakota. Thunderstorms developed during the afternoon in southwest North Dakota, with additional storms in the far northwest. Storms gradually moved to the north-northeast through the evening in a primarily cluster storm mode. The area of most significant damage was in Ward and McHenry Counties. In the town of Sawyer in Ward County, the Emergency Manager reported damage from powerful thunderstorm wind gusts that resulted in power outages, trees on roads, and a large tree that fell onto a house and made a hole in the roof. Northeast of Deering in McHenry County, there was significant damage to a homestead due to thunderstorm wind gusts. A barn on the property had roof panels ripped off and some collapse of the wood frame structure for the roof. Damage in both of these locations were consistent with wind speeds around 90 mph. The largest reported hail was 3 inches in diameter, a few miles west of Fortuna in Divide County. One tornado occurred with these storms, and was reported approximately 3 miles east of Noonan in Divide County. It was a very brief tornado and caused no known damage, so has been rated EF-Unknown by NWS policy.",,CSV
202606,9,1729,202606,9,1733,214965,1348738,NORTH DAKOTA,38,2026,June,Thunderstorm Wind,C,55,MCLEAN,BIS,09-JUN-26 17:29:00,CST-6,09-JUN-26 17:33:00,0,0,0,0,0.00K,0.00K,AWOS,54.00,MG,,,,,,,,,,1.38,S,MAX,1.38,S,MAX,47.8,-101.3,47.8,-101.3,"A surface trough and low-level jet combined with a very moist and unstable air mass that led to severe thunderstorm development along the triple point of a surface low in west central North Dakota. Thunderstorms developed during the afternoon in southwest North Dakota, with additional storms in the far northwest. Storms gradually moved to the north-northeast through the evening in a primarily cluster storm mode. The area of most significant damage was in Ward and McHenry Counties. In the town of Sawyer in Ward County, the Emergency Manager reported damage from powerful thunderstorm wind gusts that resulted in power outages, trees on roads, and a large tree that fell onto a house and made a hole in the roof. Northeast of Deering in McHenry County, there was significant damage to a homestead due to thunderstorm wind gusts. A barn on the property had roof panels ripped off and some collapse of the wood frame structure for the roof. Damage in both of these locations were consistent with wind speeds around 90 mph. The largest reported hail was 3 inches in diameter, a few miles west of Fortuna in Divide County. One tornado occurred with these storms, and was reported approximately 3 miles east of Noonan in Divide County. It was a very brief tornado and caused no known damage, so has been rated EF-Unknown by NWS policy.",Max AWOS reported wind gusts up to 62 mph.,CSV
202606,9,1745,202606,9,1748,214965,1348743,NORTH DAKOTA,38,2026,June,Hail,C,23,DIVIDE,BIS,09-JUN-26 17:45:00,CST-6,09-JUN-26 17:48:00,0,0,0,0,0.00K,0.00K,Emergency Manager,2.00,,,,,,,,,,,19.87,SSW,CROSBY,19.87,SSW,CROSBY,48.65,-103.43,48.65,-103.43,"A surface trough and low-level jet combined with a very moist and unstable air mass that led to severe thunderstorm development along the triple point of a surface low in west central North Dakota. Thunderstorms developed during the afternoon in southwest North Dakota, with additional storms in the far northwest. Storms gradually moved to the north-northeast through the evening in a primarily cluster storm mode. The area of most significant damage was in Ward and McHenry Counties. In the town of Sawyer in Ward County, the Emergency Manager reported damage from powerful thunderstorm wind gusts that resulted in power outages, trees on roads, and a large tree that fell onto a house and made a hole in the roof. Northeast of Deering in McHenry County, there was significant damage to a homestead due to thunderstorm wind gusts. A barn on the property had roof panels ripped off and some collapse of the wood frame structure for the roof. Damage in both of these locations were consistent with wind speeds around 90 mph. The largest reported hail was 3 inches in diameter, a few miles west of Fortuna in Divide County. One tornado occurred with these storms, and was reported approximately 3 miles east of Noonan in Divide County. It was a very brief tornado and caused no known damage, so has been rated EF-Unknown by NWS policy.",,CSV
202606,9,1748,202606,9,1751,214965,1348754,NORTH DAKOTA,38,2026,June,Thunderstorm Wind,C,101,WARD,BIS,09-JUN-26 17:48:00,CST-6,09-JUN-26 17:51:00,0,0,0,0,0.00K,0.00K,Mesonet,52.00,MG,,,,,,,,,,3.72,SSW,MINOT,3.72,SSW,MINOT,48.18,-101.31,48.18,-101.31,"A surface trough and low-level jet combined with a very moist and unstable air mass that led to severe thunderstorm development along the triple point of a surface low in west central North Dakota. Thunderstorms developed during the afternoon in southwest North Dakota, with additional storms in the far northwest. Storms gradually moved to the north-northeast through the evening in a primarily cluster storm mode. The area of most significant damage was in Ward and McHenry Counties. In the town of Sawyer in Ward County, the Emergency Manager reported damage from powerful thunderstorm wind gusts that resulted in power outages, trees on roads, and a large tree that fell onto a house and made a hole in the roof. Northeast of Deering in McHenry County, there was significant damage to a homestead due to thunderstorm wind gusts. A barn on the property had roof panels ripped off and some collapse of the wood frame structure for the roof. Damage in both of these locations were consistent with wind speeds around 90 mph. The largest reported hail was 3 inches in diameter, a few miles west of Fortuna in Divide County. One tornado occurred with these storms, and was reported approximately 3 miles east of Noonan in Divide County. It was a very brief tornado and caused no known damage, so has been rated EF-Unknown by NWS policy.",Minot NDAWN station reported wind gusts up to 60 mph.,CSV
202606,9,1800,202606,9,1805,214965,1348772,NORTH DAKOTA,38,2026,June,Thunderstorm Wind,C,101,WARD,BIS,09-JUN-26 18:00:00,CST-6,09-JUN-26 18:05:00,0,0,0,0,40.00K,0.00K,Emergency Manager,78.00,EG,,,,,,,,,,.69,N,SAWYER,.69,N,SAWYER,48.09,-101.05,48.09,-101.05,"A surface trough and low-level jet combined with a very moist and unstable air mass that led to severe thunderstorm development along the triple point of a surface low in west central North Dakota. Thunderstorms developed during the afternoon in southwest North Dakota, with additional storms in the far northwest. Storms gradually moved to the north-northeast through the evening in a primarily cluster storm mode. The area of most significant damage was in Ward and McHenry Counties. In the town of Sawyer in Ward County, the Emergency Manager reported damage from powerful thunderstorm wind gusts that resulted in power outages, trees on roads, and a large tree that fell onto a house and made a hole in the roof. Northeast of Deering in McHenry County, there was significant damage to a homestead due to thunderstorm wind gusts. A barn on the property had roof panels ripped off and some collapse of the wood frame structure for the roof. Damage in both of these locations were consistent with wind speeds around 90 mph. The largest reported hail was 3 inches in diameter, a few miles west of Fortuna in Divide County. One tornado occurred with these storms, and was reported approximately 3 miles east of Noonan in Divide County. It was a very brief tornado and caused no known damage, so has been rated EF-Unknown by NWS policy.","Ward County Emergency Manager reported damage in Sawyer due to thunderstorm wind gusts. Damage includes power outages, numerous trees down on roads, and a large tree fell onto a house and made a hole in the roof. Damage is consistent with wind speeds around 90 mph.",CSV
202606,9,1801,202606,9,1804,214965,1348774,NORTH DAKOTA,38,2026,June,Thunderstorm Wind,C,49,MCHENRY,BIS,09-JUN-26 18:01:00,CST-6,09-JUN-26 18:04:00,0,0,0,0,0.00K,0.00K,Mesonet,51.00,MG,,,,,,,,,,5.7,WSW,SIMCOE,5.7,WSW,SIMCOE,48.15,-100.99,48.15,-100.99,"A surface trough and low-level jet combined with a very moist and unstable air mass that led to severe thunderstorm development along the triple point of a surface low in west central North Dakota. Thunderstorms developed during the afternoon in southwest North Dakota, with additional storms in the far northwest. Storms gradually moved to the north-northeast through the evening in a primarily cluster storm mode. The area of most significant damage was in Ward and McHenry Counties. In the town of Sawyer in Ward County, the Emergency Manager reported damage from powerful thunderstorm wind gusts that resulted in power outages, trees on roads, and a large tree that fell onto a house and made a hole in the roof. Northeast of Deering in McHenry County, there was significant damage to a homestead due to thunderstorm wind gusts. A barn on the property had roof panels ripped off and some collapse of the wood frame structure for the roof. Damage in both of these locations were consistent with wind speeds around 90 mph. The largest reported hail was 3 inches in diameter, a few miles west of Fortuna in Divide County. One tornado occurred with these storms, and was reported approximately 3 miles east of Noonan in Divide County. It was a very brief tornado and caused no known damage, so has been rated EF-Unknown by NWS policy.",Genoa NDAWN station reported wind gusts up to 59 mph.,CSV
202606,9,1846,202606,9,1850,214965,1348787,NORTH DAKOTA,38,2026,June,Thunderstorm Wind,C,49,MCHENRY,BIS,09-JUN-26 18:46:00,CST-6,09-JUN-26 18:50:00,0,0,0,0,0.00K,0.00K,Mesonet,56.00,MG,,,,,,,,,,2.8,N,UPHAM,2.8,N,UPHAM,48.62,-100.73,48.62,-100.73,"A surface trough and low-level jet combined with a very moist and unstable air mass that led to severe thunderstorm development along the triple point of a surface low in west central North Dakota. Thunderstorms developed during the afternoon in southwest North Dakota, with additional storms in the far northwest. Storms gradually moved to the north-northeast through the evening in a primarily cluster storm mode. The area of most significant damage was in Ward and McHenry Counties. In the town of Sawyer in Ward County, the Emergency Manager reported damage from powerful thunderstorm wind gusts that resulted in power outages, trees on roads, and a large tree that fell onto a house and made a hole in the roof. Northeast of Deering in McHenry County, there was significant damage to a homestead due to thunderstorm wind gusts. A barn on the property had roof panels ripped off and some collapse of the wood frame structure for the roof. Damage in both of these locations were consistent with wind speeds around 90 mph. The largest reported hail was 3 inches in diameter, a few miles west of Fortuna in Divide County. One tornado occurred with these storms, and was reported approximately 3 miles east of Noonan in Divide County. It was a very brief tornado and caused no known damage, so has been rated EF-Unknown by NWS policy.",J. Clark Salyer mesonet station reported wind gusts up to 64 mph.,CSV
202606,9,1849,202606,9,1853,214965,1348788,NORTH DAKOTA,38,2026,June,Thunderstorm Wind,C,9,BOTTINEAU,BIS,09-JUN-26 18:49:00,CST-6,09-JUN-26 18:53:00,0,0,0,0,0.00K,0.00K,Mesonet,60.00,MG,,,,,,,,,,6.91,S,WESTHOPE,6.91,S,WESTHOPE,48.82,-101.02,48.82,-101.02,"A surface trough and low-level jet combined with a very moist and unstable air mass that led to severe thunderstorm development along the triple point of a surface low in west central North Dakota. Thunderstorms developed during the afternoon in southwest North Dakota, with additional storms in the far northwest. Storms gradually moved to the north-northeast through the evening in a primarily cluster storm mode. The area of most significant damage was in Ward and McHenry Counties. In the town of Sawyer in Ward County, the Emergency Manager reported damage from powerful thunderstorm wind gusts that resulted in power outages, trees on roads, and a large tree that fell onto a house and made a hole in the roof. Northeast of Deering in McHenry County, there was significant damage to a homestead due to thunderstorm wind gusts. A barn on the property had roof panels ripped off and some collapse of the wood frame structure for the roof. Damage in both of these locations were consistent with wind speeds around 90 mph. The largest reported hail was 3 inches in diameter, a few miles west of Fortuna in Divide County. One tornado occurred with these storms, and was reported approximately 3 miles east of Noonan in Divide County. It was a very brief tornado and caused no known damage, so has been rated EF-Unknown by NWS policy.",Westhope NDDOT station reported wind gusts up to 69 mph.,CSV
202606,9,1819,202606,9,1823,214965,1348777,NORTH DAKOTA,38,2026,June,Thunderstorm Wind,C,49,MCHENRY,BIS,09-JUN-26 18:19:00,CST-6,09-JUN-26 18:23:00,0,0,0,0,0.00K,0.00K,Mesonet,59.00,MG,,,,,,,,,,7.8,NW,DENBIGH,7.8,NW,DENBIGH,48.4,-100.7,48.4,-100.7,"A surface trough and low-level jet combined with a very moist and unstable air mass that led to severe thunderstorm development along the triple point of a surface low in west central North Dakota. Thunderstorms developed during the afternoon in southwest North Dakota, with additional storms in the far northwest. Storms gradually moved to the north-northeast through the evening in a primarily cluster storm mode. The area of most significant damage was in Ward and McHenry Counties. In the town of Sawyer in Ward County, the Emergency Manager reported damage from powerful thunderstorm wind gusts that resulted in power outages, trees on roads, and a large tree that fell onto a house and made a hole in the roof. Northeast of Deering in McHenry County, there was significant damage to a homestead due to thunderstorm wind gusts. A barn on the property had roof panels ripped off and some collapse of the wood frame structure for the roof. Damage in both of these locations were consistent with wind speeds around 90 mph. The largest reported hail was 3 inches in diameter, a few miles west of Fortuna in Divide County. One tornado occurred with these storms, and was reported approximately 3 miles east of Noonan in Divide County. It was a very brief tornado and caused no known damage, so has been rated EF-Unknown by NWS policy.",Bantry NDAWN station reported wind gusts up to 68 mph.,CSV
202606,9,1825,202606,9,1827,214965,1348778,NORTH DAKOTA,38,2026,June,Hail,C,23,DIVIDE,BIS,09-JUN-26 18:25:00,CST-6,09-JUN-26 18:27:00,0,0,0,0,0.00K,0.00K,Emergency Manager,1.50,,,,,,,,,,,.83,NNW,NOONAN,.83,NNW,NOONAN,48.89,-103.01,48.89,-103.01,"A surface trough and low-level jet combined with a very moist and unstable air mass that led to severe thunderstorm development along the triple point of a surface low in west central North Dakota. Thunderstorms developed during the afternoon in southwest North Dakota, with additional storms in the far northwest. Storms gradually moved to the north-northeast through the evening in a primarily cluster storm mode. The area of most significant damage was in Ward and McHenry Counties. In the town of Sawyer in Ward County, the Emergency Manager reported damage from powerful thunderstorm wind gusts that resulted in power outages, trees on roads, and a large tree that fell onto a house and made a hole in the roof. Northeast of Deering in McHenry County, there was significant damage to a homestead due to thunderstorm wind gusts. A barn on the property had roof panels ripped off and some collapse of the wood frame structure for the roof. Damage in both of these locations were consistent with wind speeds around 90 mph. The largest reported hail was 3 inches in diameter, a few miles west of Fortuna in Divide County. One tornado occurred with these storms, and was reported approximately 3 miles east of Noonan in Divide County. It was a very brief tornado and caused no known damage, so has been rated EF-Unknown by NWS policy.",,CSV
202606,9,1825,202606,9,1829,214965,1348783,NORTH DAKOTA,38,2026,June,Thunderstorm Wind,C,49,MCHENRY,BIS,09-JUN-26 18:25:00,CST-6,09-JUN-26 18:29:00,0,0,0,0,15.00K,0.00K,Fire Department/Rescue,78.00,EG,,,,,,,,,,9.7,NNE,DEERING,9.7,NNE,DEERING,48.52,-100.94,48.52,-100.94,"A surface trough and low-level jet combined with a very moist and unstable air mass that led to severe thunderstorm development along the triple point of a surface low in west central North Dakota. Thunderstorms developed during the afternoon in southwest North Dakota, with additional storms in the far northwest. Storms gradually moved to the north-northeast through the evening in a primarily cluster storm mode. The area of most significant damage was in Ward and McHenry Counties. In the town of Sawyer in Ward County, the Emergency Manager reported damage from powerful thunderstorm wind gusts that resulted in power outages, trees on roads, and a large tree that fell onto a house and made a hole in the roof. Northeast of Deering in McHenry County, there was significant damage to a homestead due to thunderstorm wind gusts. A barn on the property had roof panels ripped off and some collapse of the wood frame structure for the roof. Damage in both of these locations were consistent with wind speeds around 90 mph. The largest reported hail was 3 inches in diameter, a few miles west of Fortuna in Divide County. One tornado occurred with these storms, and was reported approximately 3 miles east of Noonan in Divide County. It was a very brief tornado and caused no known damage, so has been rated EF-Unknown by NWS policy.","Damage to a homestead from powerful thunderstorm wind gusts. Main area of damage is to a barn on the property, with roof panels ripped off and some collapse of wood frame structure for the roof panels. Large portions of the panels were scattered across the property, and a large branch of hardwood tree broke off. Damage is consistent with wind speeds around 90 mph.",CSV
202606,9,1838,202606,9,1840,214965,1348784,NORTH DAKOTA,38,2026,June,Thunderstorm Wind,C,9,BOTTINEAU,BIS,09-JUN-26 18:38:00,CST-6,09-JUN-26 18:40:00,0,0,0,0,0.00K,0.00K,Mesonet,54.00,MG,,,,,,,,,,8.03,SSW,SOURIS,8.03,SSW,SOURIS,48.82,-100.76,48.82,-100.76,"A surface trough and low-level jet combined with a very moist and unstable air mass that led to severe thunderstorm development along the triple point of a surface low in west central North Dakota. Thunderstorms developed during the afternoon in southwest North Dakota, with additional storms in the far northwest. Storms gradually moved to the north-northeast through the evening in a primarily cluster storm mode. The area of most significant damage was in Ward and McHenry Counties. In the town of Sawyer in Ward County, the Emergency Manager reported damage from powerful thunderstorm wind gusts that resulted in power outages, trees on roads, and a large tree that fell onto a house and made a hole in the roof. Northeast of Deering in McHenry County, there was significant damage to a homestead due to thunderstorm wind gusts. A barn on the property had roof panels ripped off and some collapse of the wood frame structure for the roof. Damage in both of these locations were consistent with wind speeds around 90 mph. The largest reported hail was 3 inches in diameter, a few miles west of Fortuna in Divide County. One tornado occurred with these storms, and was reported approximately 3 miles east of Noonan in Divide County. It was a very brief tornado and caused no known damage, so has been rated EF-Unknown by NWS policy.",Bottineau NDAWN station reported wind gusts up to 62 mph.,CSV
202606,9,1853,202606,9,1856,214965,1348790,NORTH DAKOTA,38,2026,June,Thunderstorm Wind,C,13,BURKE,BIS,09-JUN-26 18:53:00,CST-6,09-JUN-26 18:56:00,0,0,0,0,0.00K,0.00K,Mesonet,50.00,MG,,,,,,,,,,1.94,SE,PORTAL,1.94,SE,PORTAL,48.98,-102.52,48.98,-102.52,"A surface trough and low-level jet combined with a very moist and unstable air mass that led to severe thunderstorm development along the triple point of a surface low in west central North Dakota. Thunderstorms developed during the afternoon in southwest North Dakota, with additional storms in the far northwest. Storms gradually moved to the north-northeast through the evening in a primarily cluster storm mode. The area of most significant damage was in Ward and McHenry Counties. In the town of Sawyer in Ward County, the Emergency Manager reported damage from powerful thunderstorm wind gusts that resulted in power outages, trees on roads, and a large tree that fell onto a house and made a hole in the roof. Northeast of Deering in McHenry County, there was significant damage to a homestead due to thunderstorm wind gusts. A barn on the property had roof panels ripped off and some collapse of the wood frame structure for the roof. Damage in both of these locations were consistent with wind speeds around 90 mph. The largest reported hail was 3 inches in diameter, a few miles west of Fortuna in Divide County. One tornado occurred with these storms, and was reported approximately 3 miles east of Noonan in Divide County. It was a very brief tornado and caused no known damage, so has been rated EF-Unknown by NWS policy.",Portal NDAWN station reported wind gusts up to 58 mph.,CSV
202606,9,1859,202606,9,1902,214965,1348795,NORTH DAKOTA,38,2026,June,Thunderstorm Wind,C,9,BOTTINEAU,BIS,09-JUN-26 18:59:00,CST-6,09-JUN-26 19:02:00,0,0,0,0,0.00K,0.00K,Public,52.00,MG,,,,,,,,,,6.85,ENE,BOTTINEAU ARPT,6.85,ENE,BOTTINEAU ARPT,48.88,-100.29,48.88,-100.29,"A surface trough and low-level jet combined with a very moist and unstable air mass that led to severe thunderstorm development along the triple point of a surface low in west central North Dakota. Thunderstorms developed during the afternoon in southwest North Dakota, with additional storms in the far northwest. Storms gradually moved to the north-northeast through the evening in a primarily cluster storm mode. The area of most significant damage was in Ward and McHenry Counties. In the town of Sawyer in Ward County, the Emergency Manager reported damage from powerful thunderstorm wind gusts that resulted in power outages, trees on roads, and a large tree that fell onto a house and made a hole in the roof. Northeast of Deering in McHenry County, there was significant damage to a homestead due to thunderstorm wind gusts. A barn on the property had roof panels ripped off and some collapse of the wood frame structure for the roof. Damage in both of these locations were consistent with wind speeds around 90 mph. The largest reported hail was 3 inches in diameter, a few miles west of Fortuna in Divide County. One tornado occurred with these storms, and was reported approximately 3 miles east of Noonan in Divide County. It was a very brief tornado and caused no known damage, so has been rated EF-Unknown by NWS policy.",Personal weather station reported wind gusts up to 60 mph.,CSV
202606,7,1730,202606,7,1732,214591,1345300,NORTH DAKOTA,38,2026,June,Hail,C,7,BILLINGS,BIS,07-JUN-26 17:30:00,MST-7,07-JUN-26 17:32:00,0,0,0,0,0.00K,0.00K,Public,1.50,,,,,,,,,,,8.01,E,FAIRFIELD,8.01,E,FAIRFIELD,47.19,-103.05,47.19,-103.05,"An upper level low and surface cold front combined with a very unstable airmass resulted in severe thunderstorms across western and central North Dakota. Supercell thunderstorms initially produced very large hail before transitioning to a linear storm mode, which led to widespread significant thunderstorm wind gusts. The largest reported hail was 3 inches in diameter, occurring southwest of Medora in Billings County. Measured wind gusts of 60 to 80 mph were common as storms moved across western and central North Dakota. The area with the most significant wind damage occurred across Stark, Morton, Mercer, and McLean Counties. In a swath from Dickinson, to Hebron, to Beulah, to Douglas Bay, to west of Garrison, damage from thunderstorm wind gusts led to winds estimated from 80 to 100 mph. The strongest measured wind gust came from a personal weather station just east of Beulah that reported a gust of 103 mph. Damage included campers turned over, large trees downed, roof damage, power outages, garages destroyed, vehicle damage, siding damage, and dented grain bins.",,CSV
202606,7,1738,202606,7,1741,214591,1345301,NORTH DAKOTA,38,2026,June,Thunderstorm Wind,C,87,SLOPE,BIS,07-JUN-26 17:38:00,MST-7,07-JUN-26 17:41:00,0,0,0,0,0.00K,0.00K,Mesonet,52.00,MG,,,,,,,,,,19.55,SE,AMIDON,19.55,SE,AMIDON,46.28,-103.03,46.28,-103.03,"An upper level low and surface cold front combined with a very unstable airmass resulted in severe thunderstorms across western and central North Dakota. Supercell thunderstorms initially produced very large hail before transitioning to a linear storm mode, which led to widespread significant thunderstorm wind gusts. The largest reported hail was 3 inches in diameter, occurring southwest of Medora in Billings County. Measured wind gusts of 60 to 80 mph were common as storms moved across western and central North Dakota. The area with the most significant wind damage occurred across Stark, Morton, Mercer, and McLean Counties. In a swath from Dickinson, to Hebron, to Beulah, to Douglas Bay, to west of Garrison, damage from thunderstorm wind gusts led to winds estimated from 80 to 100 mph. The strongest measured wind gust came from a personal weather station just east of Beulah that reported a gust of 103 mph. Damage included campers turned over, large trees downed, roof damage, power outages, garages destroyed, vehicle damage, siding damage, and dented grain bins.",Cedar Lake NDAWN reported wind gusts up to 60 mph.,CSV
202606,7,1955,202606,7,1958,214591,1348627,NORTH DAKOTA,38,2026,June,Thunderstorm Wind,C,59,MORTON,BIS,07-JUN-26 19:55:00,CST-6,07-JUN-26 19:58:00,0,0,0,0,10.00K,0.00K,Public,61.00,EG,,,,,,,,,,0,N,GLEN ULLIN,0,N,GLEN ULLIN,46.82,-101.83,46.82,-101.83,"An upper level low and surface cold front combined with a very unstable airmass resulted in severe thunderstorms across western and central North Dakota. Supercell thunderstorms initially produced very large hail before transitioning to a linear storm mode, which led to widespread significant thunderstorm wind gusts. The largest reported hail was 3 inches in diameter, occurring southwest of Medora in Billings County. Measured wind gusts of 60 to 80 mph were common as storms moved across western and central North Dakota. The area with the most significant wind damage occurred across Stark, Morton, Mercer, and McLean Counties. In a swath from Dickinson, to Hebron, to Beulah, to Douglas Bay, to west of Garrison, damage from thunderstorm wind gusts led to winds estimated from 80 to 100 mph. The strongest measured wind gust came from a personal weather station just east of Beulah that reported a gust of 103 mph. Damage included campers turned over, large trees downed, roof damage, power outages, garages destroyed, vehicle damage, siding damage, and dented grain bins.",Public submitted photos of tree damage across the city of Glen Ullin.,CSV
202606,7,2014,202606,7,2017,214591,1348628,NORTH DAKOTA,38,2026,June,Thunderstorm Wind,C,57,MERCER,BIS,07-JUN-26 20:14:00,CST-6,07-JUN-26 20:17:00,0,0,0,0,0.00K,0.00K,Mesonet,55.00,MG,,,,,,,,,,2.34,W,HAZEN,2.34,W,HAZEN,47.3,-101.68,47.3,-101.68,"An upper level low and surface cold front combined with a very unstable airmass resulted in severe thunderstorms across western and central North Dakota. Supercell thunderstorms initially produced very large hail before transitioning to a linear storm mode, which led to widespread significant thunderstorm wind gusts. The largest reported hail was 3 inches in diameter, occurring southwest of Medora in Billings County. Measured wind gusts of 60 to 80 mph were common as storms moved across western and central North Dakota. The area with the most significant wind damage occurred across Stark, Morton, Mercer, and McLean Counties. In a swath from Dickinson, to Hebron, to Beulah, to Douglas Bay, to west of Garrison, damage from thunderstorm wind gusts led to winds estimated from 80 to 100 mph. The strongest measured wind gust came from a personal weather station just east of Beulah that reported a gust of 103 mph. Damage included campers turned over, large trees downed, roof damage, power outages, garages destroyed, vehicle damage, siding damage, and dented grain bins.",Hazen NDAWN station reported wind gusts up to 63 mph.,CSV
202606,7,2037,202606,7,2040,214591,1357751,NORTH DAKOTA,38,2026,June,Tornado,C,101,WARD,BIS,07-JUN-26 20:37:00,CST-6,07-JUN-26 20:40:00,0,0,0,0,0.00K,0.00K,Trained Spotter,,,,,EFU,0.49,50,,,,,9.97,SW,DES LACS,9.5,WSW,DES LACS,48.1691,-101.7493,48.1745,-101.7425,"An upper level low and surface cold front combined with a very unstable airmass resulted in severe thunderstorms across western and central North Dakota. Supercell thunderstorms initially produced very large hail before transitioning to a linear storm mode, which led to widespread significant thunderstorm wind gusts. The largest reported hail was 3 inches in diameter, occurring southwest of Medora in Billings County. Measured wind gusts of 60 to 80 mph were common as storms moved across western and central North Dakota. The area with the most significant wind damage occurred across Stark, Morton, Mercer, and McLean Counties. In a swath from Dickinson, to Hebron, to Beulah, to Douglas Bay, to west of Garrison, damage from thunderstorm wind gusts led to winds estimated from 80 to 100 mph. The strongest measured wind gust came from a personal weather station just east of Beulah that reported a gust of 103 mph. Damage included campers turned over, large trees downed, roof damage, power outages, garages destroyed, vehicle damage, siding damage, and dented grain bins.","A white rope tornado came down south of Berthold and was on the ground for about 3 minutes, kicking up dust in a field. There were no structures impacted from this tornado and no damage to evaluate. By National Weather Service policy the tornado is rated EF-U (Unknown).",CSV
202606,7,1953,202606,7,1954,214591,1357758,NORTH DAKOTA,38,2026,June,Tornado,C,101,WARD,BIS,07-JUN-26 19:53:00,CST-6,07-JUN-26 19:54:00,0,0,0,0,0.00K,0.00K,Public,,,,,EFU,0.58,50,,,,,8.43,NNE,NIOBE,8.87,NNE,NIOBE,48.7935,-102.1522,48.7973,-102.1408,"An upper level low and surface cold front combined with a very unstable airmass resulted in severe thunderstorms across western and central North Dakota. Supercell thunderstorms initially produced very large hail before transitioning to a linear storm mode, which led to widespread significant thunderstorm wind gusts. The largest reported hail was 3 inches in diameter, occurring southwest of Medora in Billings County. Measured wind gusts of 60 to 80 mph were common as storms moved across western and central North Dakota. The area with the most significant wind damage occurred across Stark, Morton, Mercer, and McLean Counties. In a swath from Dickinson, to Hebron, to Beulah, to Douglas Bay, to west of Garrison, damage from thunderstorm wind gusts led to winds estimated from 80 to 100 mph. The strongest measured wind gust came from a personal weather station just east of Beulah that reported a gust of 103 mph. Damage included campers turned over, large trees downed, roof damage, power outages, garages destroyed, vehicle damage, siding damage, and dented grain bins.","This tornado is a continuation of the entry from Burke County. A brief, dusty tornado touched down southeast of Bowbells. The tornado formed and soon after knocked over a grain bin and sheared off the top half of pine trees. The tornado then tracked to the northeast for a couple of miles before dissipating before reaching the river. In Ward County, there was no damage within the County to evaluate, so by National Weather Service policy the tornado is rated EF-U (Unknown).",CSV
202604,3,700,202604,4,1000,211610,1322131,NORTH DAKOTA,38,2026,April,Heavy Snow,Z,47,LOGAN,BIS,03-APR-26 07:00:00,CST-6,04-APR-26 10:00:00,0,0,0,0,0.00K,0.00K,COOP Observer,,,,,,,,,,,,,,,,,,,,,,"A strong upper level low pressure system passed through the Pacific Northwest and over the Northern Rockies into the Northern Plains. This system brought heavy snow primarily to the southern half of North Dakota, with the heaviest snow generally south of Interstate 94. The greatest snow amount reported was 16 inches at Napoleon in Logan County.",Locations near Napoleon received 16 inches of snow.,CSV
202604,3,700,202604,4,1000,211610,1322132,NORTH DAKOTA,38,2026,April,Heavy Snow,Z,37,STUTSMAN,BIS,03-APR-26 07:00:00,CST-6,04-APR-26 10:00:00,0,0,0,0,0.00K,0.00K,Public,,,,,,,,,,,,,,,,,,,,,,"A strong upper level low pressure system passed through the Pacific Northwest and over the Northern Rockies into the Northern Plains. This system brought heavy snow primarily to the southern half of North Dakota, with the heaviest snow generally south of Interstate 94. The greatest snow amount reported was 16 inches at Napoleon in Logan County.",Cleveland received 16 inches of snow.,CSV
202604,3,700,202604,4,700,211610,1322134,NORTH DAKOTA,38,2026,April,Heavy Snow,Z,36,KIDDER,BIS,03-APR-26 07:00:00,CST-6,04-APR-26 07:00:00,0,0,0,0,0.00K,0.00K,Public,,,,,,,,,,,,,,,,,,,,,,"A strong upper level low pressure system passed through the Pacific Northwest and over the Northern Rockies into the Northern Plains. This system brought heavy snow primarily to the southern half of North Dakota, with the heaviest snow generally south of Interstate 94. The greatest snow amount reported was 16 inches at Napoleon in Logan County.",Locations southeast of Lake Isabel received 15 inches of snow.,CSV
202604,3,700,202604,4,1000,211610,1322135,NORTH DAKOTA,38,2026,April,Heavy Snow,Z,48,LA MOURE,BIS,03-APR-26 07:00:00,CST-6,04-APR-26 10:00:00,0,0,0,0,0.00K,0.00K,Public,,,,,,,,,,,,,,,,,,,,,,"A strong upper level low pressure system passed through the Pacific Northwest and over the Northern Rockies into the Northern Plains. This system brought heavy snow primarily to the southern half of North Dakota, with the heaviest snow generally south of Interstate 94. The greatest snow amount reported was 16 inches at Napoleon in Logan County.",Locations north of Verona received 15 inches of snow.,CSV
202606,19,1247,202606,19,1252,214856,1347938,NORTH DAKOTA,38,2026,June,Hail,C,17,CASS,FGF,19-JUN-26 12:47:00,CST-6,19-JUN-26 12:52:00,0,0,0,0,,,Public,1.00,,,,,,,,,,,2.28,NNW,WILD RICE,2.28,NNW,WILD RICE,46.78,-96.82,46.78,-96.82,"Thunderstorms developed across parts of eastern ND and one severe thunderstorm produced quarter size hail in Cass County, ND.",Hail was mainly pea to nickel sized. A few hail stones as large as a quarter. Hail lasted  five minutes.,CSV
202604,3,1200,202604,4,1400,212660,1330666,NORTH DAKOTA,38,2026,April,Heavy Snow,Z,38,BARNES,FGF,03-APR-26 12:00:00,CST-6,04-APR-26 14:00:00,0,0,0,0,,,Public,,,,,,,,,,,,,,,,,,,,,,"A strong low pressure system developed over the Northern Plains and tracked across the Upper Midwest. This brought a series of heavy snow bands to eastern ND and Northwest MN from the afternoon of April 3 through the evening of April 4. A large swath of heavy snow was reported across southeast North Dakota, with highest values 10 to 17.5 inches.","Broadcast media relayed a public report of 16 inches measured storm total snowfall at Nome, ND in southeast Barnes County. NOHRSC analysis and observations in nearby counties support a swath of 8 to 16 inches occurred across Barnes County with the highest values across the southern part of the county.",CSV
202604,3,1100,202604,4,1400,212660,1330668,NORTH DAKOTA,38,2026,April,Heavy Snow,Z,52,SARGENT,FGF,03-APR-26 11:00:00,CST-6,04-APR-26 14:00:00,0,0,0,0,,,Public,,,,,,,,,,,,,,,,,,,,,,"A strong low pressure system developed over the Northern Plains and tracked across the Upper Midwest. This brought a series of heavy snow bands to eastern ND and Northwest MN from the afternoon of April 3 through the evening of April 4. A large swath of heavy snow was reported across southeast North Dakota, with highest values 10 to 17.5 inches.","Public report of 10.0 inches of snow measured in Forman, ND. NOHRSC analysis and observations in nearby counties indicate anywhere from 8 to 12 inches of snow likely fell across Sargent County, with the potential for totals near 16 inches near Ransom County.",CSV
202604,3,1100,202604,4,1600,212660,1330669,NORTH DAKOTA,38,2026,April,Heavy Snow,Z,53,RICHLAND,FGF,03-APR-26 11:00:00,CST-6,04-APR-26 16:00:00,0,0,0,0,,,Public,,,,,,,,,,,,,,,,,,,,,,"A strong low pressure system developed over the Northern Plains and tracked across the Upper Midwest. This brought a series of heavy snow bands to eastern ND and Northwest MN from the afternoon of April 3 through the evening of April 4. A large swath of heavy snow was reported across southeast North Dakota, with highest values 10 to 17.5 inches.","Public report of 12.0 inches of snow measured 10 miles south of Leonard, ND which was the highest report in Richland County. Other measurements in Richland County from Cocorahs and COOP sites ranged from 7.5 to 10.2 inches.",CSV
202604,3,1300,202604,4,800,212660,1330670,NORTH DAKOTA,38,2026,April,Heavy Snow,Z,24,EDDY,FGF,03-APR-26 13:00:00,CST-6,04-APR-26 08:00:00,0,0,0,0,,,Emergency Manager,,,,,,,,,,,,,,,,,,,,,,"A strong low pressure system developed over the Northern Plains and tracked across the Upper Midwest. This brought a series of heavy snow bands to eastern ND and Northwest MN from the afternoon of April 3 through the evening of April 4. A large swath of heavy snow was reported across southeast North Dakota, with highest values 10 to 17.5 inches.","Emergency manager estimated 6 inches of snow fell across New Rockford, ND.",CSV
202604,3,1300,202604,4,900,212660,1330674,NORTH DAKOTA,38,2026,April,Heavy Snow,Z,28,GRIGGS,FGF,03-APR-26 13:00:00,CST-6,04-APR-26 09:00:00,0,0,0,0,,,CoCoRaHS,,,,,,,,,,,,,,,,,,,,,,"A strong low pressure system developed over the Northern Plains and tracked across the Upper Midwest. This brought a series of heavy snow bands to eastern ND and Northwest MN from the afternoon of April 3 through the evening of April 4. A large swath of heavy snow was reported across southeast North Dakota, with highest values 10 to 17.5 inches.",Cocorahs station ND-GG-3 Cooperstown ND measured 7.1 inches for a storm total.,CSV
202604,3,700,202604,4,700,211610,1322136,NORTH DAKOTA,38,2026,April,Heavy Snow,Z,46,EMMONS,BIS,03-APR-26 07:00:00,CST-6,04-APR-26 07:00:00,0,0,0,0,0.00K,0.00K,Public,,,,,,,,,,,,,,,,,,,,,,"A strong upper level low pressure system passed through the Pacific Northwest and over the Northern Rockies into the Northern Plains. This system brought heavy snow primarily to the southern half of North Dakota, with the heaviest snow generally south of Interstate 94. The greatest snow amount reported was 16 inches at Napoleon in Logan County.",Linton received 14 inches of snow.,CSV
202604,3,500,202604,4,300,211610,1323047,NORTH DAKOTA,38,2026,April,Heavy Snow,Z,42,GRANT,BIS,03-APR-26 05:00:00,CST-6,04-APR-26 03:00:00,0,0,0,0,0.00K,0.00K,COOP Observer,,,,,,,,,,,,,,,,,,,,,,"A strong upper level low pressure system passed through the Pacific Northwest and over the Northern Rockies into the Northern Plains. This system brought heavy snow primarily to the southern half of North Dakota, with the heaviest snow generally south of Interstate 94. The greatest snow amount reported was 16 inches at Napoleon in Logan County.",Locations south of Elgin received 14 inches of snow.,CSV
202604,3,200,202604,4,0,211610,1323048,NORTH DAKOTA,38,2026,April,Heavy Snow,Z,40,SLOPE,BIS,03-APR-26 02:00:00,CST-6,04-APR-26 00:00:00,0,0,0,0,0.00K,0.00K,Public,,,,,,,,,,,,,,,,,,,,,,"A strong upper level low pressure system passed through the Pacific Northwest and over the Northern Rockies into the Northern Plains. This system brought heavy snow primarily to the southern half of North Dakota, with the heaviest snow generally south of Interstate 94. The greatest snow amount reported was 16 inches at Napoleon in Logan County.",Slope County received an estimated six inches of snow.,CSV
202604,3,700,202604,4,1000,211610,1322141,NORTH DAKOTA,38,2026,April,Heavy Snow,Z,50,MCINTOSH,BIS,03-APR-26 07:00:00,CST-6,04-APR-26 10:00:00,0,0,0,0,0.00K,0.00K,Public,,,,,,,,,,,,,,,,,,,,,,"A strong upper level low pressure system passed through the Pacific Northwest and over the Northern Rockies into the Northern Plains. This system brought heavy snow primarily to the southern half of North Dakota, with the heaviest snow generally south of Interstate 94. The greatest snow amount reported was 16 inches at Napoleon in Logan County.",Locations northeast of Hague received 12 inches of snow.,CSV
202604,3,700,202604,4,700,211610,1322143,NORTH DAKOTA,38,2026,April,Heavy Snow,Z,35,BURLEIGH,BIS,03-APR-26 07:00:00,CST-6,04-APR-26 07:00:00,0,0,0,0,0.00K,0.00K,Official NWS Observations,,,,,,,,,,,,,,,,,,,,,,"A strong upper level low pressure system passed through the Pacific Northwest and over the Northern Rockies into the Northern Plains. This system brought heavy snow primarily to the southern half of North Dakota, with the heaviest snow generally south of Interstate 94. The greatest snow amount reported was 16 inches at Napoleon in Logan County.",Locations near Bismarck received nine inches of snow.,CSV
202604,3,700,202604,4,1000,211610,1322144,NORTH DAKOTA,38,2026,April,Heavy Snow,Z,51,DICKEY,BIS,03-APR-26 07:00:00,CST-6,04-APR-26 10:00:00,0,0,0,0,0.00K,0.00K,Public,,,,,,,,,,,,,,,,,,,,,,"A strong upper level low pressure system passed through the Pacific Northwest and over the Northern Rockies into the Northern Plains. This system brought heavy snow primarily to the southern half of North Dakota, with the heaviest snow generally south of Interstate 94. The greatest snow amount reported was 16 inches at Napoleon in Logan County.",Ellendale received 11 inches of snow.,CSV
202604,3,700,202604,4,700,211610,1322145,NORTH DAKOTA,38,2026,April,Heavy Snow,Z,45,SIOUX,BIS,03-APR-26 07:00:00,CST-6,04-APR-26 07:00:00,0,0,0,0,0.00K,0.00K,Public,,,,,,,,,,,,,,,,,,,,,,"A strong upper level low pressure system passed through the Pacific Northwest and over the Northern Rockies into the Northern Plains. This system brought heavy snow primarily to the southern half of North Dakota, with the heaviest snow generally south of Interstate 94. The greatest snow amount reported was 16 inches at Napoleon in Logan County.",Fort Yates received 11 inches of snow.,CSV
202604,3,200,202604,4,0,211610,1323049,NORTH DAKOTA,38,2026,April,Heavy Snow,Z,32,BILLINGS,BIS,03-APR-26 02:00:00,CST-6,04-APR-26 00:00:00,0,0,0,0,0.00K,0.00K,Public,,,,,,,,,,,,,,,,,,,,,,"A strong upper level low pressure system passed through the Pacific Northwest and over the Northern Rockies into the Northern Plains. This system brought heavy snow primarily to the southern half of North Dakota, with the heaviest snow generally south of Interstate 94. The greatest snow amount reported was 16 inches at Napoleon in Logan County.",Billings County received an estimated six inches of snow.,CSV
202604,3,200,202604,4,0,211610,1323050,NORTH DAKOTA,38,2026,April,Heavy Snow,Z,18,DUNN,BIS,03-APR-26 02:00:00,CST-6,04-APR-26 00:00:00,0,0,0,0,0.00K,0.00K,Public,,,,,,,,,,,,,,,,,,,,,,"A strong upper level low pressure system passed through the Pacific Northwest and over the Northern Rockies into the Northern Plains. This system brought heavy snow primarily to the southern half of North Dakota, with the heaviest snow generally south of Interstate 94. The greatest snow amount reported was 16 inches at Napoleon in Logan County.",Dunn County received an estimated six inches of snow.,CSV
202604,3,200,202604,4,0,211610,1323051,NORTH DAKOTA,38,2026,April,Heavy Snow,Z,19,MERCER,BIS,03-APR-26 02:00:00,CST-6,04-APR-26 00:00:00,0,0,0,0,0.00K,0.00K,Public,,,,,,,,,,,,,,,,,,,,,,"A strong upper level low pressure system passed through the Pacific Northwest and over the Northern Rockies into the Northern Plains. This system brought heavy snow primarily to the southern half of North Dakota, with the heaviest snow generally south of Interstate 94. The greatest snow amount reported was 16 inches at Napoleon in Logan County.",Mercer County received an estimated six inches of snow.,CSV
202604,3,200,202604,4,0,211610,1323052,NORTH DAKOTA,38,2026,April,Heavy Snow,Z,20,OLIVER,BIS,03-APR-26 02:00:00,CST-6,04-APR-26 00:00:00,0,0,0,0,0.00K,0.00K,Public,,,,,,,,,,,,,,,,,,,,,,"A strong upper level low pressure system passed through the Pacific Northwest and over the Northern Rockies into the Northern Plains. This system brought heavy snow primarily to the southern half of North Dakota, with the heaviest snow generally south of Interstate 94. The greatest snow amount reported was 16 inches at Napoleon in Logan County.",Oliver County received an estimated six inches of snow.,CSV
202606,3,1718,202606,3,1720,214849,1347880,NORTH DAKOTA,38,2026,June,Hail,C,35,GRAND FORKS,FGF,03-JUN-26 17:18:00,CST-6,03-JUN-26 17:20:00,0,0,0,0,,,Broadcast Media,1.00,,,,,,,,,,,1.55,ESE,MEKINOCK,1.55,ESE,MEKINOCK,48.01,-97.34,48.01,-97.34,"A severe thunderstorm developed northwest of Grand Forks, ND near Mekinock, ND during the late afternoon.","Quarter size hail reported 1 mile east of  Mekinock, ND. Report relayed by media.",CSV
202604,3,200,202604,4,0,211610,1322146,NORTH DAKOTA,38,2026,April,Heavy Snow,Z,41,HETTINGER,BIS,03-APR-26 02:00:00,CST-6,04-APR-26 00:00:00,0,0,0,0,0.00K,0.00K,Broadcast Media,,,,,,,,,,,,,,,,,,,,,,"A strong upper level low pressure system passed through the Pacific Northwest and over the Northern Rockies into the Northern Plains. This system brought heavy snow primarily to the southern half of North Dakota, with the heaviest snow generally south of Interstate 94. The greatest snow amount reported was 16 inches at Napoleon in Logan County.",Locations near New England received nine inches of snow.,CSV
202604,3,1200,202604,4,1500,212660,1330665,NORTH DAKOTA,38,2026,April,Heavy Snow,Z,39,CASS,FGF,03-APR-26 12:00:00,CST-6,04-APR-26 15:00:00,0,0,0,0,,,CoCoRaHS,,,,,,,,,,,,,,,,,,,,,,"A strong low pressure system developed over the Northern Plains and tracked across the Upper Midwest. This brought a series of heavy snow bands to eastern ND and Northwest MN from the afternoon of April 3 through the evening of April 4. A large swath of heavy snow was reported across southeast North Dakota, with highest values 10 to 17.5 inches.","Cocorahs station ND-CS-77 Fargo ND 6.3 S measured a storm total snow accumulation of 14.5 inches which was the highest measured in Cass County. Widespread measured reports from the public, Cocorahs, and COOP sites ranged from 8 to 13 inches across Cass county. The FDRN8 COOP site in Fargo measured a storm total of 10.4 inches.",CSV
202604,3,700,202604,4,700,211610,1323053,NORTH DAKOTA,38,2026,April,Heavy Snow,Z,21,MCLEAN,BIS,03-APR-26 07:00:00,CST-6,04-APR-26 07:00:00,0,0,0,0,0.00K,0.00K,Public,,,,,,,,,,,,,,,,,,,,,,"A strong upper level low pressure system passed through the Pacific Northwest and over the Northern Rockies into the Northern Plains. This system brought heavy snow primarily to the southern half of North Dakota, with the heaviest snow generally south of Interstate 94. The greatest snow amount reported was 16 inches at Napoleon in Logan County.",McLean County received an estimated six inches of snow.,CSV
202604,3,1200,202604,4,1400,212660,1330675,NORTH DAKOTA,38,2026,April,Heavy Snow,Z,49,RANSOM,FGF,03-APR-26 12:00:00,CST-6,04-APR-26 14:00:00,0,0,0,0,,,Public,,,,,,,,,,,,,,,,,,,,,,"A strong low pressure system developed over the Northern Plains and tracked across the Upper Midwest. This brought a series of heavy snow bands to eastern ND and Northwest MN from the afternoon of April 3 through the evening of April 4. A large swath of heavy snow was reported across southeast North Dakota, with highest values 10 to 17.5 inches.","Report of 17.5 inches of measured snow from the public in Lisbon, ND was the highest in Ransom County. Based on NORSC analysis and reports from emergency management, public and COOP total snow ranged from 8 to 17.5 inches across Ransom County. The official COOP in Lisbon, ND measured 17.0 inches.",CSV
202604,3,1400,202604,4,1100,212660,1330676,NORTH DAKOTA,38,2026,April,Heavy Snow,Z,29,STEELE,FGF,03-APR-26 14:00:00,CST-6,04-APR-26 11:00:00,0,0,0,0,,,Public,,,,,,,,,,,,,,,,,,,,,,"A strong low pressure system developed over the Northern Plains and tracked across the Upper Midwest. This brought a series of heavy snow bands to eastern ND and Northwest MN from the afternoon of April 3 through the evening of April 4. A large swath of heavy snow was reported across southeast North Dakota, with highest values 10 to 17.5 inches.","Public estimated 8 inches of snow fell in Finley, ND. There was a public report of 7.0 inches measured 5 NNE of Luverne, ND.",CSV
202604,3,1500,202604,4,1300,212660,1330688,NORTH DAKOTA,38,2026,April,Heavy Snow,Z,30,TRAILL,FGF,03-APR-26 15:00:00,CST-6,04-APR-26 13:00:00,0,0,0,0,,,Public,,,,,,,,,,,,,,,,,,,,,,"A strong low pressure system developed over the Northern Plains and tracked across the Upper Midwest. This brought a series of heavy snow bands to eastern ND and Northwest MN from the afternoon of April 3 through the evening of April 4. A large swath of heavy snow was reported across southeast North Dakota, with highest values 10 to 17.5 inches.","Public report of 9.5 inches of snow measured at Hillsboro, ND. The Cocorahs station ND-TR-3 Grandin ND 7.1 ENE measured 8.8 inches for the storm total.",CSV
202604,22,2100,202604,22,2105,212659,1330481,NORTH DAKOTA,38,2026,April,Thunderstorm Wind,C,71,RAMSEY,FGF,22-APR-26 21:00:00,CST-6,22-APR-26 21:05:00,0,0,0,0,,,Mesonet,52.00,MG,,,,,,,,,,1.15,SE,BROCKET,1.15,SE,BROCKET,48.21,-98.33,48.21,-98.33,Severe thunderstorms produced wind gusts up to 60 mph over parts of the Devils Lake Basin in northeast ND during the late evening hours on April 22.,"Measured wind gust of 60 mph by 10m sensor at NDAWN station located near Brocket, ND.",CSV
202604,22,2155,202604,22,2158,212659,1330482,NORTH DAKOTA,38,2026,April,Thunderstorm Wind,C,5,BENSON,FGF,22-APR-26 21:55:00,CST-6,22-APR-26 21:58:00,0,0,0,0,,,Mesonet,50.00,MG,,,,,,,,,,.69,N,MADDOCK MUNI ARPT,.69,N,MADDOCK MUNI ARPT,47.99,-99.53,47.99,-99.53,Severe thunderstorms produced wind gusts up to 60 mph over parts of the Devils Lake Basin in northeast ND during the late evening hours on April 22.,"Measured wind gust of 58 mph on 10m sensor at NDAWN station located near 	Maddock, ND.",CSV
202604,3,500,202604,4,300,211610,1323042,NORTH DAKOTA,38,2026,April,Heavy Snow,Z,34,MORTON,BIS,03-APR-26 05:00:00,CST-6,04-APR-26 03:00:00,0,0,0,0,0.00K,0.00K,Public,,,,,,,,,,,,,,,,,,,,,,"A strong upper level low pressure system passed through the Pacific Northwest and over the Northern Rockies into the Northern Plains. This system brought heavy snow primarily to the southern half of North Dakota, with the heaviest snow generally south of Interstate 94. The greatest snow amount reported was 16 inches at Napoleon in Logan County.",Locations west of Huff received nine inches of snow.,CSV
202604,3,200,202604,4,0,211610,1323043,NORTH DAKOTA,38,2026,April,Heavy Snow,Z,44,ADAMS,BIS,03-APR-26 02:00:00,CST-6,04-APR-26 00:00:00,0,0,0,0,0.00K,0.00K,Public,,,,,,,,,,,,,,,,,,,,,,"A strong upper level low pressure system passed through the Pacific Northwest and over the Northern Rockies into the Northern Plains. This system brought heavy snow primarily to the southern half of North Dakota, with the heaviest snow generally south of Interstate 94. The greatest snow amount reported was 16 inches at Napoleon in Logan County.",Haynes received seven inches of snow.,CSV
202604,3,200,202604,4,0,211610,1323044,NORTH DAKOTA,38,2026,April,Heavy Snow,Z,33,STARK,BIS,03-APR-26 02:00:00,CST-6,04-APR-26 00:00:00,0,0,0,0,0.00K,0.00K,Broadcast Media,,,,,,,,,,,,,,,,,,,,,,"A strong upper level low pressure system passed through the Pacific Northwest and over the Northern Rockies into the Northern Plains. This system brought heavy snow primarily to the southern half of North Dakota, with the heaviest snow generally south of Interstate 94. The greatest snow amount reported was 16 inches at Napoleon in Logan County.",Locations northwest of Gladstone received six inches of snow.,CSV
202604,3,200,202604,4,0,211610,1323045,NORTH DAKOTA,38,2026,April,Heavy Snow,Z,43,BOWMAN,BIS,03-APR-26 02:00:00,CST-6,04-APR-26 00:00:00,0,0,0,0,0.00K,0.00K,Public,,,,,,,,,,,,,,,,,,,,,,"A strong upper level low pressure system passed through the Pacific Northwest and over the Northern Rockies into the Northern Plains. This system brought heavy snow primarily to the southern half of North Dakota, with the heaviest snow generally south of Interstate 94. The greatest snow amount reported was 16 inches at Napoleon in Logan County.",Bowman received eight inches of snow.,CSV
202604,3,700,202604,4,700,211610,1323046,NORTH DAKOTA,38,2026,April,Heavy Snow,Z,25,FOSTER,BIS,03-APR-26 07:00:00,CST-6,04-APR-26 07:00:00,0,0,0,0,0.00K,0.00K,COOP Observer,,,,,,,,,,,,,,,,,,,,,,"A strong upper level low pressure system passed through the Pacific Northwest and over the Northern Rockies into the Northern Plains. This system brought heavy snow primarily to the southern half of North Dakota, with the heaviest snow generally south of Interstate 94. The greatest snow amount reported was 16 inches at Napoleon in Logan County.",Carrington received six inches of snow.,CSV
202604,3,700,202604,4,700,211610,1323054,NORTH DAKOTA,38,2026,April,Heavy Snow,Z,22,SHERIDAN,BIS,03-APR-26 07:00:00,CST-6,04-APR-26 07:00:00,0,0,0,0,0.00K,0.00K,Public,,,,,,,,,,,,,,,,,,,,,,"A strong upper level low pressure system passed through the Pacific Northwest and over the Northern Rockies into the Northern Plains. This system brought heavy snow primarily to the southern half of North Dakota, with the heaviest snow generally south of Interstate 94. The greatest snow amount reported was 16 inches at Napoleon in Logan County.",Sheridan County received an estimated six inches of snow.,CSV
202604,3,700,202604,4,700,211610,1323055,NORTH DAKOTA,38,2026,April,Heavy Snow,Z,23,WELLS,BIS,03-APR-26 07:00:00,CST-6,04-APR-26 07:00:00,0,0,0,0,0.00K,0.00K,Public,,,,,,,,,,,,,,,,,,,,,,"A strong upper level low pressure system passed through the Pacific Northwest and over the Northern Rockies into the Northern Plains. This system brought heavy snow primarily to the southern half of North Dakota, with the heaviest snow generally south of Interstate 94. The greatest snow amount reported was 16 inches at Napoleon in Logan County.",Wells County received an estimated six inches of snow.,CSV
202604,22,1958,202604,22,2000,211702,1323056,NORTH DAKOTA,38,2026,April,Thunderstorm Wind,C,51,MCINTOSH,BIS,22-APR-26 19:58:00,CST-6,22-APR-26 20:00:00,0,0,0,0,0.00K,0.00K,Mesonet,63.00,MG,,,,,,,,,,5.77,W,WISHEK,5.77,W,WISHEK,46.26,-99.67,46.26,-99.67,Isolated thunderstorms moved through south central North Dakota in an atmosphere with a very dry and deep sub-cloud layer. This led to random severe wind gusts with a few of the storms. The strongest reported wind gust was 72 mph which occurred near Wishek in McIntosh County.,,CSV
202604,22,2106,202604,22,2108,211702,1323057,NORTH DAKOTA,38,2026,April,Thunderstorm Wind,C,51,MCINTOSH,BIS,22-APR-26 21:06:00,CST-6,22-APR-26 21:08:00,0,0,0,0,0.00K,0.00K,Mesonet,58.00,MG,,,,,,,,,,6.75,W,VENTURA,6.75,W,VENTURA,46.01,-99.69,46.01,-99.69,Isolated thunderstorms moved through south central North Dakota in an atmosphere with a very dry and deep sub-cloud layer. This led to random severe wind gusts with a few of the storms. The strongest reported wind gust was 72 mph which occurred near Wishek in McIntosh County.,,CSV
202604,22,2132,202604,22,2135,211702,1323058,NORTH DAKOTA,38,2026,April,Thunderstorm Wind,C,29,EMMONS,BIS,22-APR-26 21:32:00,CST-6,22-APR-26 21:35:00,0,0,0,0,0.00K,0.00K,Mesonet,51.00,MG,,,,,,,,,,13.06,WSW,LINTON MUNI ARPT,13.06,WSW,LINTON MUNI ARPT,46.13,-100.47,46.13,-100.47,Isolated thunderstorms moved through south central North Dakota in an atmosphere with a very dry and deep sub-cloud layer. This led to random severe wind gusts with a few of the storms. The strongest reported wind gust was 72 mph which occurred near Wishek in McIntosh County.,,CSV
202605,14,1300,202605,14,1800,213774,1342359,NORTH DAKOTA,38,2026,May,Dust Storm,Z,56,NDZ056: CENTRAL AND SOUTHERN WARD/MINOT AREA,BIS,14-MAY-26 13:00:00,CST-6,14-MAY-26 18:00:00,0,0,0,0,0.00K,0.00K,Mesonet,,,,,,,,,,,,,,,,,,,,,,"A strong surface low deepened as it moved through North Dakota, leading to high non-thunderstorm wind gusts. By the early afternoon, the strong winds were producing blowing dust and significantly reduced visibility across western North Dakota, with a Blowing Dust Warning and Blowing Dust Advisory issued for much of western and central North Dakota. Visibility was under one quarter of a mile at times. The strongest wind gust reported was 76 mph near Crosby in Divide County.",Widespread blowing dust with visibility down to a quarter mile.,CSV
202605,14,1300,202605,14,1800,213774,1342360,NORTH DAKOTA,38,2026,May,Dust Storm,Z,4,BOTTINEAU,BIS,14-MAY-26 13:00:00,CST-6,14-MAY-26 18:00:00,0,0,0,0,0.00K,0.00K,Mesonet,,,,,,,,,,,,,,,,,,,,,,"A strong surface low deepened as it moved through North Dakota, leading to high non-thunderstorm wind gusts. By the early afternoon, the strong winds were producing blowing dust and significantly reduced visibility across western North Dakota, with a Blowing Dust Warning and Blowing Dust Advisory issued for much of western and central North Dakota. Visibility was under one quarter of a mile at times. The strongest wind gust reported was 76 mph near Crosby in Divide County.",Widespread blowing dust with visibility down to a quarter mile.,CSV
202605,14,1300,202605,14,1800,213774,1342361,NORTH DAKOTA,38,2026,May,Dust Storm,Z,10,MOUNTRAIL,BIS,14-MAY-26 13:00:00,CST-6,14-MAY-26 18:00:00,0,0,0,0,0.00K,0.00K,Mesonet,,,,,,,,,,,,,,,,,,,,,,"A strong surface low deepened as it moved through North Dakota, leading to high non-thunderstorm wind gusts. By the early afternoon, the strong winds were producing blowing dust and significantly reduced visibility across western North Dakota, with a Blowing Dust Warning and Blowing Dust Advisory issued for much of western and central North Dakota. Visibility was under one quarter of a mile at times. The strongest wind gust reported was 76 mph near Crosby in Divide County.",Widespread blowing dust with visibility down to a quarter mile.,CSV
202605,14,1300,202605,14,1800,213774,1342365,NORTH DAKOTA,38,2026,May,Dust Storm,Z,19,MERCER,BIS,14-MAY-26 13:00:00,CST-6,14-MAY-26 18:00:00,0,0,0,0,0.00K,0.00K,Mesonet,,,,,,,,,,,,,,,,,,,,,,"A strong surface low deepened as it moved through North Dakota, leading to high non-thunderstorm wind gusts. By the early afternoon, the strong winds were producing blowing dust and significantly reduced visibility across western North Dakota, with a Blowing Dust Warning and Blowing Dust Advisory issued for much of western and central North Dakota. Visibility was under one quarter of a mile at times. The strongest wind gust reported was 76 mph near Crosby in Divide County.",Widespread blowing dust with visibility down to a quarter mile.,CSV
202605,14,1300,202605,14,1800,213774,1342366,NORTH DAKOTA,38,2026,May,Dust Storm,Z,57,NDZ057: WESTERN MCLEAN,BIS,14-MAY-26 13:00:00,CST-6,14-MAY-26 18:00:00,0,0,0,0,0.00K,0.00K,Mesonet,,,,,,,,,,,,,,,,,,,,,,"A strong surface low deepened as it moved through North Dakota, leading to high non-thunderstorm wind gusts. By the early afternoon, the strong winds were producing blowing dust and significantly reduced visibility across western North Dakota, with a Blowing Dust Warning and Blowing Dust Advisory issued for much of western and central North Dakota. Visibility was under one quarter of a mile at times. The strongest wind gust reported was 76 mph near Crosby in Divide County.",Widespread blowing dust with visibility down to a quarter mile.,CSV
202605,14,850,202605,14,853,213045,1333554,NORTH DAKOTA,38,2026,May,High Wind,Z,39,CASS,FGF,14-MAY-26 08:50:00,CST-6,14-MAY-26 08:53:00,0,0,0,0,,,ASOS,52.00,MG,,,,,,,,,,,,,,,,,,,,"A strong low pressure system passing through southern Canada brought high winds across parts of eastern ND and northwest MN. Due to ambient dry conditions blowing dust developed, and localized brown out conditions developed within the southern Red River Valley.","Measured gust at KFAR Fargo, ND International Airport.",CSV
202605,14,1500,202605,14,2000,213774,1342349,NORTH DAKOTA,38,2026,May,High Wind,Z,13,PIERCE,BIS,14-MAY-26 15:00:00,CST-6,14-MAY-26 20:00:00,0,0,0,0,0.00K,0.00K,Mesonet,52.00,EG,,,,,,,,,,,,,,,,,,,,"A strong surface low deepened as it moved through North Dakota, leading to high non-thunderstorm wind gusts. By the early afternoon, the strong winds were producing blowing dust and significantly reduced visibility across western North Dakota, with a Blowing Dust Warning and Blowing Dust Advisory issued for much of western and central North Dakota. Visibility was under one quarter of a mile at times. The strongest wind gust reported was 76 mph near Crosby in Divide County.",Pierce County had estimated wind gusts up to 60 mph.,CSV
202605,14,1300,202605,14,1800,213774,1342353,NORTH DAKOTA,38,2026,May,Dust Storm,Z,1,DIVIDE,BIS,14-MAY-26 13:00:00,CST-6,14-MAY-26 18:00:00,0,0,0,0,0.00K,0.00K,Mesonet,,,,,,,,,,,,,,,,,,,,,,"A strong surface low deepened as it moved through North Dakota, leading to high non-thunderstorm wind gusts. By the early afternoon, the strong winds were producing blowing dust and significantly reduced visibility across western North Dakota, with a Blowing Dust Warning and Blowing Dust Advisory issued for much of western and central North Dakota. Visibility was under one quarter of a mile at times. The strongest wind gust reported was 76 mph near Crosby in Divide County.",Widespread blowing dust with visibility down to a quarter mile.,CSV
202605,14,1300,202605,14,1800,213774,1342355,NORTH DAKOTA,38,2026,May,Dust Storm,Z,2,BURKE,BIS,14-MAY-26 13:00:00,CST-6,14-MAY-26 18:00:00,0,0,0,0,0.00K,0.00K,Mesonet,,,,,,,,,,,,,,,,,,,,,,"A strong surface low deepened as it moved through North Dakota, leading to high non-thunderstorm wind gusts. By the early afternoon, the strong winds were producing blowing dust and significantly reduced visibility across western North Dakota, with a Blowing Dust Warning and Blowing Dust Advisory issued for much of western and central North Dakota. Visibility was under one quarter of a mile at times. The strongest wind gust reported was 76 mph near Crosby in Divide County.",Widespread blowing dust with visibility down to a quarter mile.,CSV
202605,14,1300,202605,14,1800,213774,1342357,NORTH DAKOTA,38,2026,May,Dust Storm,Z,9,WILLIAMS,BIS,14-MAY-26 13:00:00,CST-6,14-MAY-26 18:00:00,0,0,0,0,0.00K,0.00K,Mesonet,,,,,,,,,,,,,,,,,,,,,,"A strong surface low deepened as it moved through North Dakota, leading to high non-thunderstorm wind gusts. By the early afternoon, the strong winds were producing blowing dust and significantly reduced visibility across western North Dakota, with a Blowing Dust Warning and Blowing Dust Advisory issued for much of western and central North Dakota. Visibility was under one quarter of a mile at times. The strongest wind gust reported was 76 mph near Crosby in Divide County.",Widespread blowing dust with visibility down to a quarter mile.,CSV
202605,14,1300,202605,14,1800,213774,1342362,NORTH DAKOTA,38,2026,May,Dust Storm,Z,3,RENVILLE,BIS,14-MAY-26 13:00:00,CST-6,14-MAY-26 18:00:00,0,0,0,0,0.00K,0.00K,Mesonet,,,,,,,,,,,,,,,,,,,,,,"A strong surface low deepened as it moved through North Dakota, leading to high non-thunderstorm wind gusts. By the early afternoon, the strong winds were producing blowing dust and significantly reduced visibility across western North Dakota, with a Blowing Dust Warning and Blowing Dust Advisory issued for much of western and central North Dakota. Visibility was under one quarter of a mile at times. The strongest wind gust reported was 76 mph near Crosby in Divide County.",Widespread blowing dust with visibility down to a quarter mile.,CSV
202605,14,900,202605,14,1800,213774,1340134,NORTH DAKOTA,38,2026,May,High Wind,Z,40,SLOPE,BIS,14-MAY-26 09:00:00,CST-6,14-MAY-26 18:00:00,0,0,0,0,0.00K,0.00K,Mesonet,52.00,MG,,,,,,,,,,,,,,,,,,,,"A strong surface low deepened as it moved through North Dakota, leading to high non-thunderstorm wind gusts. By the early afternoon, the strong winds were producing blowing dust and significantly reduced visibility across western North Dakota, with a Blowing Dust Warning and Blowing Dust Advisory issued for much of western and central North Dakota. Visibility was under one quarter of a mile at times. The strongest wind gust reported was 76 mph near Crosby in Divide County.",NDAWN station 5 W New England reported wind gusts up to 60 mph.,CSV
202605,14,1500,202605,14,2000,213774,1340138,NORTH DAKOTA,38,2026,May,High Wind,Z,4,BOTTINEAU,BIS,14-MAY-26 15:00:00,CST-6,14-MAY-26 20:00:00,0,0,0,0,0.00K,0.00K,AWOS,52.00,MG,,,,,,,,,,,,,,,,,,,,"A strong surface low deepened as it moved through North Dakota, leading to high non-thunderstorm wind gusts. By the early afternoon, the strong winds were producing blowing dust and significantly reduced visibility across western North Dakota, with a Blowing Dust Warning and Blowing Dust Advisory issued for much of western and central North Dakota. Visibility was under one quarter of a mile at times. The strongest wind gust reported was 76 mph near Crosby in Divide County.",Antler AWOS reported wind gusts up to 60 mph.,CSV
202605,14,900,202605,14,1800,213774,1340140,NORTH DAKOTA,38,2026,May,High Wind,Z,33,STARK,BIS,14-MAY-26 09:00:00,CST-6,14-MAY-26 18:00:00,0,0,0,0,0.00K,0.00K,ASOS,50.00,MG,,,,,,,,,,,,,,,,,,,,"A strong surface low deepened as it moved through North Dakota, leading to high non-thunderstorm wind gusts. By the early afternoon, the strong winds were producing blowing dust and significantly reduced visibility across western North Dakota, with a Blowing Dust Warning and Blowing Dust Advisory issued for much of western and central North Dakota. Visibility was under one quarter of a mile at times. The strongest wind gust reported was 76 mph near Crosby in Divide County.",Dickinson Airport ASOS reported wind gusts up to 58 mph.,CSV
202605,14,1500,202605,14,2000,213774,1342348,NORTH DAKOTA,38,2026,May,High Wind,Z,12,MCHENRY,BIS,14-MAY-26 15:00:00,CST-6,14-MAY-26 20:00:00,0,0,0,0,0.00K,0.00K,Mesonet,52.00,EG,,,,,,,,,,,,,,,,,,,,"A strong surface low deepened as it moved through North Dakota, leading to high non-thunderstorm wind gusts. By the early afternoon, the strong winds were producing blowing dust and significantly reduced visibility across western North Dakota, with a Blowing Dust Warning and Blowing Dust Advisory issued for much of western and central North Dakota. Visibility was under one quarter of a mile at times. The strongest wind gust reported was 76 mph near Crosby in Divide County.",McHenry County had estimated wind gusts up to 60 mph.,CSV
202605,14,900,202605,14,1800,213774,1340114,NORTH DAKOTA,38,2026,May,High Wind,Z,9,WILLIAMS,BIS,14-MAY-26 09:00:00,CST-6,14-MAY-26 18:00:00,0,0,0,0,0.00K,0.00K,ASOS,59.00,MG,,,,,,,,,,,,,,,,,,,,"A strong surface low deepened as it moved through North Dakota, leading to high non-thunderstorm wind gusts. By the early afternoon, the strong winds were producing blowing dust and significantly reduced visibility across western North Dakota, with a Blowing Dust Warning and Blowing Dust Advisory issued for much of western and central North Dakota. Visibility was under one quarter of a mile at times. The strongest wind gust reported was 76 mph near Crosby in Divide County.",Williston Airport ASOS reported wind gusts up to 68 mph.,CSV
202605,14,900,202605,14,1800,213774,1340116,NORTH DAKOTA,38,2026,May,High Wind,Z,1,DIVIDE,BIS,14-MAY-26 09:00:00,CST-6,14-MAY-26 18:00:00,0,0,0,0,0.00K,0.00K,Mesonet,66.00,MG,,,,,,,,,,,,,,,,,,,,"A strong surface low deepened as it moved through North Dakota, leading to high non-thunderstorm wind gusts. By the early afternoon, the strong winds were producing blowing dust and significantly reduced visibility across western North Dakota, with a Blowing Dust Warning and Blowing Dust Advisory issued for much of western and central North Dakota. Visibility was under one quarter of a mile at times. The strongest wind gust reported was 76 mph near Crosby in Divide County.",Crosby mesonet reported wind gusts up to 76 mph.,CSV
202605,14,900,202605,14,1800,213774,1340120,NORTH DAKOTA,38,2026,May,High Wind,Z,18,DUNN,BIS,14-MAY-26 09:00:00,CST-6,14-MAY-26 18:00:00,0,0,0,0,0.00K,0.00K,Mesonet,56.00,MG,,,,,,,,,,,,,,,,,,,,"A strong surface low deepened as it moved through North Dakota, leading to high non-thunderstorm wind gusts. By the early afternoon, the strong winds were producing blowing dust and significantly reduced visibility across western North Dakota, with a Blowing Dust Warning and Blowing Dust Advisory issued for much of western and central North Dakota. Visibility was under one quarter of a mile at times. The strongest wind gust reported was 76 mph near Crosby in Divide County.",NDAWN Little Missouri station reported wind gusts up to 64 mph.,CSV
202605,14,900,202605,14,1800,213774,1340124,NORTH DAKOTA,38,2026,May,High Wind,Z,17,MCKENZIE,BIS,14-MAY-26 09:00:00,CST-6,14-MAY-26 18:00:00,0,0,0,0,0.00K,0.00K,Mesonet,55.00,MG,,,,,,,,,,,,,,,,,,,,"A strong surface low deepened as it moved through North Dakota, leading to high non-thunderstorm wind gusts. By the early afternoon, the strong winds were producing blowing dust and significantly reduced visibility across western North Dakota, with a Blowing Dust Warning and Blowing Dust Advisory issued for much of western and central North Dakota. Visibility was under one quarter of a mile at times. The strongest wind gust reported was 76 mph near Crosby in Divide County.",NDAWN station 3 SW Watford City reported wind gusts up to 63 mph.,CSV
202605,14,1500,202605,14,2000,213774,1340130,NORTH DAKOTA,38,2026,May,High Wind,Z,56,NDZ056: CENTRAL AND SOUTHERN WARD/MINOT AREA,BIS,14-MAY-26 15:00:00,CST-6,14-MAY-26 20:00:00,0,0,0,0,0.00K,0.00K,AWOS,55.00,MG,,,,,,,,,,,,,,,,,,,,"A strong surface low deepened as it moved through North Dakota, leading to high non-thunderstorm wind gusts. By the early afternoon, the strong winds were producing blowing dust and significantly reduced visibility across western North Dakota, with a Blowing Dust Warning and Blowing Dust Advisory issued for much of western and central North Dakota. Visibility was under one quarter of a mile at times. The strongest wind gust reported was 76 mph near Crosby in Divide County.",Heartland AWOS reported wind gusts up to 63 mph.,CSV
202605,20,300,202605,20,600,213059,1344372,NORTH DAKOTA,38,2026,May,Frost/Freeze,Z,49,RANSOM,FGF,20-MAY-26 03:00:00,CST-6,20-MAY-26 06:00:00,0,0,0,0,,,Mesonet,,,,,,,,,,,,,,,,,,,,,,"Unseasonably cold temperatures developed during the growing season across eastern North Dakota and northwest Minnesota, with hard freeze conditions observed at some locations during the morning hours before sunrise. The 2026 Spring growing season officially began at 12am  on May 9.","A low temperature of 29 was reported at a RAWS site 18 E of Lisbon, ND at 4:49 AM CST.",CSV
202605,20,300,202605,20,700,213059,1344378,NORTH DAKOTA,38,2026,May,Frost/Freeze,Z,53,RICHLAND,FGF,20-MAY-26 03:00:00,CST-6,20-MAY-26 07:00:00,0,0,0,0,,,Mesonet,,,,,,,,,,,,,,,,,,,,,,"Unseasonably cold temperatures developed during the growing season across eastern North Dakota and northwest Minnesota, with hard freeze conditions observed at some locations during the morning hours before sunrise. The 2026 Spring growing season officially began at 12am  on May 9.","Low temperatures ranged from 28 to 32 across central and northern Richland County. The lowest temperature of 28 was reported by the NDAWN at Ekre, ND at 5:35 AM CST.",CSV
202605,8,1720,202605,8,1722,213771,1340103,NORTH DAKOTA,38,2026,May,High Wind,Z,10,MOUNTRAIL,BIS,08-MAY-26 17:20:00,CST-6,08-MAY-26 17:22:00,0,0,0,0,0.00K,0.00K,Mesonet,52.00,MG,,,,,,,,,,,,,,,,,,,,"A cold front moved through North Dakota, bringing strong winds to the state. Showers along the front aided in mixing down non-thunderstorm severe wind gusts. The strongest wind gust of 68 mph was reported near Ray in Williams County.",NDAWN station 6 SE Powers Lake reported wind gusts up to 60 mph.,CSV
202605,8,1751,202605,8,1753,213771,1340092,NORTH DAKOTA,38,2026,May,High Wind,Z,9,WILLIAMS,BIS,08-MAY-26 17:51:00,CST-6,08-MAY-26 17:53:00,0,0,0,0,0.00K,0.00K,ASOS,51.00,MG,,,,,,,,,,,,,,,,,,,,"A cold front moved through North Dakota, bringing strong winds to the state. Showers along the front aided in mixing down non-thunderstorm severe wind gusts. The strongest wind gust of 68 mph was reported near Ray in Williams County.",Williston Airport ASOS reported wind gusts to 59 mph.,CSV
202605,8,1753,202605,8,1756,213771,1340101,NORTH DAKOTA,38,2026,May,High Wind,Z,10,MOUNTRAIL,BIS,08-MAY-26 17:53:00,CST-6,08-MAY-26 17:56:00,0,0,0,0,0.00K,0.00K,Mesonet,53.00,MG,,,,,,,,,,,,,,,,,,,,"A cold front moved through North Dakota, bringing strong winds to the state. Showers along the front aided in mixing down non-thunderstorm severe wind gusts. The strongest wind gust of 68 mph was reported near Ray in Williams County.",NDAWN station 5 SW Parshall reported wind gusts up to 61 mph.,CSV
202605,8,1756,202605,8,1759,213771,1340099,NORTH DAKOTA,38,2026,May,High Wind,Z,9,WILLIAMS,BIS,08-MAY-26 17:56:00,CST-6,08-MAY-26 17:59:00,0,0,0,0,0.00K,0.00K,Mesonet,59.00,MG,,,,,,,,,,,,,,,,,,,,"A cold front moved through North Dakota, bringing strong winds to the state. Showers along the front aided in mixing down non-thunderstorm severe wind gusts. The strongest wind gust of 68 mph was reported near Ray in Williams County.",NDAWN station 12 SSE Ray reported wind gusts up to 68 mph.,CSV
202605,8,1814,202605,8,1816,213771,1339696,NORTH DAKOTA,38,2026,May,High Wind,Z,36,KIDDER,BIS,08-MAY-26 18:14:00,CST-6,08-MAY-26 18:16:00,0,0,0,0,0.00K,0.00K,Mesonet,56.00,MG,,,,,,,,,,,,,,,,,,,,"A cold front moved through North Dakota, bringing strong winds to the state. Showers along the front aided in mixing down non-thunderstorm severe wind gusts. The strongest wind gust of 68 mph was reported near Ray in Williams County.",NDAWN station 5 NW Steele reported wind gusts to 63 mph.,CSV
202605,8,1901,202605,8,1904,213771,1340097,NORTH DAKOTA,38,2026,May,High Wind,Z,58,NDZ058: EASTERN MCLEAN,BIS,08-MAY-26 19:01:00,CST-6,08-MAY-26 19:04:00,0,0,0,0,0.00K,0.00K,ASOS,51.00,MG,,,,,,,,,,,,,,,,,,,,"A cold front moved through North Dakota, bringing strong winds to the state. Showers along the front aided in mixing down non-thunderstorm severe wind gusts. The strongest wind gust of 68 mph was reported near Ray in Williams County.",Garrison ASOS reported wind gusts up to 59 mph.,CSV
202605,14,1500,202605,14,2000,213774,1340117,NORTH DAKOTA,38,2026,May,High Wind,Z,58,NDZ058: EASTERN MCLEAN,BIS,14-MAY-26 15:00:00,CST-6,14-MAY-26 20:00:00,0,0,0,0,0.00K,0.00K,ASOS,58.00,MG,,,,,,,,,,,,,,,,,,,,"A strong surface low deepened as it moved through North Dakota, leading to high non-thunderstorm wind gusts. By the early afternoon, the strong winds were producing blowing dust and significantly reduced visibility across western North Dakota, with a Blowing Dust Warning and Blowing Dust Advisory issued for much of western and central North Dakota. Visibility was under one quarter of a mile at times. The strongest wind gust reported was 76 mph near Crosby in Divide County.",Garrison ASOS reported wind gusts up to 67 mph.,CSV
202605,14,900,202605,14,1800,213774,1340118,NORTH DAKOTA,38,2026,May,High Wind,Z,2,BURKE,BIS,14-MAY-26 09:00:00,CST-6,14-MAY-26 18:00:00,0,0,0,0,0.00K,0.00K,Mesonet,57.00,MG,,,,,,,,,,,,,,,,,,,,"A strong surface low deepened as it moved through North Dakota, leading to high non-thunderstorm wind gusts. By the early afternoon, the strong winds were producing blowing dust and significantly reduced visibility across western North Dakota, with a Blowing Dust Warning and Blowing Dust Advisory issued for much of western and central North Dakota. Visibility was under one quarter of a mile at times. The strongest wind gust reported was 76 mph near Crosby in Divide County.",Lostwood mesonet station reported wind gusts up to 66 mph.,CSV
202605,19,2235,202605,20,600,213059,1344284,NORTH DAKOTA,38,2026,May,Frost/Freeze,Z,8,PEMBINA,FGF,19-MAY-26 22:35:00,CST-6,20-MAY-26 06:00:00,0,0,0,0,,,AWOS,,,,,,,,,,,,,,,,,,,,,,"Unseasonably cold temperatures developed during the growing season across eastern North Dakota and northwest Minnesota, with hard freeze conditions observed at some locations during the morning hours before sunrise. The 2026 Spring growing season officially began at 12am  on May 9.","Low temperatures ranged from 28 to 32 across much of Pembina County. The lowest value of 28 was reported at the Cavalier, ND Airport AWOS at 5:15 AM CST and the Walhalla, ND Airport AWOS at 3:35 AM CST.",CSV
202605,14,1500,202605,14,2000,213774,1340132,NORTH DAKOTA,38,2026,May,High Wind,Z,5,ROLETTE,BIS,14-MAY-26 15:00:00,CST-6,14-MAY-26 20:00:00,0,0,0,0,0.00K,0.00K,AWOS,53.00,MG,,,,,,,,,,,,,,,,,,,,"A strong surface low deepened as it moved through North Dakota, leading to high non-thunderstorm wind gusts. By the early afternoon, the strong winds were producing blowing dust and significantly reduced visibility across western North Dakota, with a Blowing Dust Warning and Blowing Dust Advisory issued for much of western and central North Dakota. Visibility was under one quarter of a mile at times. The strongest wind gust reported was 76 mph near Crosby in Divide County.",Rolla AWOS reported wind gusts up to 61 mph.,CSV
202605,15,700,202605,15,1500,213879,1340660,NORTH DAKOTA,38,2026,May,High Wind,Z,10,MOUNTRAIL,BIS,15-MAY-26 07:00:00,CST-6,15-MAY-26 15:00:00,0,0,0,0,0.00K,0.00K,Mesonet,52.00,MG,,,,,,,,,,,,,,,,,,,,An upper level low and surface front produced strong winds across northern North Dakota. There were a few isolated thunderstorms early in the day before non-thunderstorm wind gusts reached around 60 mph. The highest observed non-thunderstorm wind gust was 62 mph in Rolette.,Powers Lake NDAWN station reported wind gusts up to 60 mph.,CSV
202605,14,1500,202605,14,2000,213774,1343875,NORTH DAKOTA,38,2026,May,High Wind,Z,55,NDZ055: NORTHWEST WARD,BIS,14-MAY-26 15:00:00,CST-6,14-MAY-26 20:00:00,0,0,0,0,0.00K,0.00K,AWOS,55.00,MG,,,,,,,,,,,,,,,,,,,,"A strong surface low deepened as it moved through North Dakota, leading to high non-thunderstorm wind gusts. By the early afternoon, the strong winds were producing blowing dust and significantly reduced visibility across western North Dakota, with a Blowing Dust Warning and Blowing Dust Advisory issued for much of western and central North Dakota. Visibility was under one quarter of a mile at times. The strongest wind gust reported was 76 mph near Crosby in Divide County.",Coulee AWOS station reported wind gusts up to 63 mph.,CSV
202605,11,1600,202605,11,2100,213882,1340109,NORTH DAKOTA,38,2026,May,High Wind,Z,10,MOUNTRAIL,BIS,11-MAY-26 16:00:00,CST-6,11-MAY-26 21:00:00,0,0,0,0,0.00K,0.00K,AWOS,51.00,MG,,,,,,,,,,,,,,,,,,,,A strong surface pressure gradient between surface high and low pressure centers led to strong southerly winds ahead of a cold front that switched winds to northwesterly. The strongest wind gust was 59 mph in Mountrail County.,Palermo ASOS reported wind gusts up to 59 mph.,CSV
202605,20,200,202605,20,400,213059,1344363,NORTH DAKOTA,38,2026,May,Frost/Freeze,Z,28,GRIGGS,FGF,20-MAY-26 02:00:00,CST-6,20-MAY-26 04:00:00,0,0,0,0,,,AWOS,,,,,,,,,,,,,,,,,,,,,,"Unseasonably cold temperatures developed during the growing season across eastern North Dakota and northwest Minnesota, with hard freeze conditions observed at some locations during the morning hours before sunrise. The 2026 Spring growing season officially began at 12am  on May 9.","A low temperature of 32 was reported by the Cooperstown, ND Airport AWOS at 2:55 AM CST.",CSV
202605,20,200,202605,20,600,213059,1344364,NORTH DAKOTA,38,2026,May,Frost/Freeze,Z,29,STEELE,FGF,20-MAY-26 02:00:00,CST-6,20-MAY-26 06:00:00,0,0,0,0,,,Mesonet,,,,,,,,,,,,,,,,,,,,,,"Unseasonably cold temperatures developed during the growing season across eastern North Dakota and northwest Minnesota, with hard freeze conditions observed at some locations during the morning hours before sunrise. The 2026 Spring growing season officially began at 12am  on May 9.","A low temperature of 31 was reported at the Hope, ND NDAWN at 4:30 AM CST. A low temperature of 32 was reported at the Finley, ND NDAWN at 4:30 AM CST.",CSV
202605,14,900,202605,14,1800,213774,1343923,NORTH DAKOTA,38,2026,May,High Wind,Z,10,MOUNTRAIL,BIS,14-MAY-26 09:00:00,CST-6,14-MAY-26 18:00:00,0,0,0,0,0.00K,0.00K,Mesonet,54.00,MG,,,,,,,,,,,,,,,,,,,,"A strong surface low deepened as it moved through North Dakota, leading to high non-thunderstorm wind gusts. By the early afternoon, the strong winds were producing blowing dust and significantly reduced visibility across western North Dakota, with a Blowing Dust Warning and Blowing Dust Advisory issued for much of western and central North Dakota. Visibility was under one quarter of a mile at times. The strongest wind gust reported was 76 mph near Crosby in Divide County.",Powers Lake NDAWN station reported wind gusts up to 62 mph.,CSV
202605,14,1500,202605,14,2000,213774,1343925,NORTH DAKOTA,38,2026,May,High Wind,Z,56,NDZ056: CENTRAL AND SOUTHERN WARD/MINOT AREA,BIS,14-MAY-26 15:00:00,CST-6,14-MAY-26 20:00:00,0,0,0,0,0.00K,0.00K,ASOS,54.00,MG,,,,,,,,,,,,,,,,,,,,"A strong surface low deepened as it moved through North Dakota, leading to high non-thunderstorm wind gusts. By the early afternoon, the strong winds were producing blowing dust and significantly reduced visibility across western North Dakota, with a Blowing Dust Warning and Blowing Dust Advisory issued for much of western and central North Dakota. Visibility was under one quarter of a mile at times. The strongest wind gust reported was 76 mph near Crosby in Divide County.",Minot Airport ASOS reported wind gusts up to 62 mph.,CSV
202605,14,900,202605,14,1800,213774,1344316,NORTH DAKOTA,38,2026,May,High Wind,Z,9,WILLIAMS,BIS,14-MAY-26 09:00:00,CST-6,14-MAY-26 18:00:00,0,0,0,0,0.00K,0.00K,Mesonet,51.00,MG,,,,,,,,,,,,,,,,,,,,"A strong surface low deepened as it moved through North Dakota, leading to high non-thunderstorm wind gusts. By the early afternoon, the strong winds were producing blowing dust and significantly reduced visibility across western North Dakota, with a Blowing Dust Warning and Blowing Dust Advisory issued for much of western and central North Dakota. Visibility was under one quarter of a mile at times. The strongest wind gust reported was 76 mph near Crosby in Divide County.",Hofflund NDAWN station reported wind gusts up to 59 mph.,CSV
202605,14,900,202605,14,1800,213774,1344317,NORTH DAKOTA,38,2026,May,High Wind,Z,10,MOUNTRAIL,BIS,14-MAY-26 09:00:00,CST-6,14-MAY-26 18:00:00,0,0,0,0,0.00K,0.00K,Mesonet,51.00,MG,,,,,,,,,,,,,,,,,,,,"A strong surface low deepened as it moved through North Dakota, leading to high non-thunderstorm wind gusts. By the early afternoon, the strong winds were producing blowing dust and significantly reduced visibility across western North Dakota, with a Blowing Dust Warning and Blowing Dust Advisory issued for much of western and central North Dakota. Visibility was under one quarter of a mile at times. The strongest wind gust reported was 76 mph near Crosby in Divide County.",Liberty NDAWN station reported wind gusts up to 59 mph.,CSV
202605,15,700,202605,15,1500,213879,1340659,NORTH DAKOTA,38,2026,May,High Wind,Z,17,MCKENZIE,BIS,15-MAY-26 07:00:00,CST-6,15-MAY-26 15:00:00,0,0,0,0,0.00K,0.00K,Mesonet,52.00,MG,,,,,,,,,,,,,,,,,,,,An upper level low and surface front produced strong winds across northern North Dakota. There were a few isolated thunderstorms early in the day before non-thunderstorm wind gusts reached around 60 mph. The highest observed non-thunderstorm wind gust was 62 mph in Rolette.,Arnegard NDDOT station reported wind gusts up to 60 mph.,CSV
202605,15,700,202605,15,1500,213879,1340656,NORTH DAKOTA,38,2026,May,High Wind,Z,44,ADAMS,BIS,15-MAY-26 07:00:00,CST-6,15-MAY-26 15:00:00,0,0,0,0,0.00K,0.00K,ASOS,51.00,MG,,,,,,,,,,,,,,,,,,,,An upper level low and surface front produced strong winds across northern North Dakota. There were a few isolated thunderstorms early in the day before non-thunderstorm wind gusts reached around 60 mph. The highest observed non-thunderstorm wind gust was 62 mph in Rolette.,Hettinger Airport ASOS reported wind gusts up to 59 mph.,CSV
202605,15,700,202605,15,1500,213879,1340655,NORTH DAKOTA,38,2026,May,High Wind,Z,57,NDZ057: WESTERN MCLEAN,BIS,15-MAY-26 07:00:00,CST-6,15-MAY-26 15:00:00,0,0,0,0,0.00K,0.00K,ASOS,51.00,MG,,,,,,,,,,,,,,,,,,,,An upper level low and surface front produced strong winds across northern North Dakota. There were a few isolated thunderstorms early in the day before non-thunderstorm wind gusts reached around 60 mph. The highest observed non-thunderstorm wind gust was 62 mph in Rolette.,Garrison ASOS reported wind gusts up to 59 mph.,CSV
202605,15,1000,202605,15,1800,213879,1340657,NORTH DAKOTA,38,2026,May,High Wind,Z,4,BOTTINEAU,BIS,15-MAY-26 10:00:00,CST-6,15-MAY-26 18:00:00,0,0,0,0,0.00K,0.00K,AWOS,52.00,MG,,,,,,,,,,,,,,,,,,,,An upper level low and surface front produced strong winds across northern North Dakota. There were a few isolated thunderstorms early in the day before non-thunderstorm wind gusts reached around 60 mph. The highest observed non-thunderstorm wind gust was 62 mph in Rolette.,Bottineau AWOS reported wind gusts up to 60 mph.,CSV
202605,15,1000,202605,15,1800,213879,1340658,NORTH DAKOTA,38,2026,May,High Wind,Z,5,ROLETTE,BIS,15-MAY-26 10:00:00,CST-6,15-MAY-26 18:00:00,0,0,0,0,0.00K,0.00K,Mesonet,54.00,MG,,,,,,,,,,,,,,,,,,,,An upper level low and surface front produced strong winds across northern North Dakota. There were a few isolated thunderstorms early in the day before non-thunderstorm wind gusts reached around 60 mph. The highest observed non-thunderstorm wind gust was 62 mph in Rolette.,Dunseith NDDOT station reported wind gusts up to 62 mph.,CSV
202605,14,900,202605,14,1800,213774,1343844,NORTH DAKOTA,38,2026,May,High Wind,Z,9,WILLIAMS,BIS,14-MAY-26 09:00:00,CST-6,14-MAY-26 18:00:00,0,0,0,0,0.00K,0.00K,Mesonet,62.00,MG,,,,,,,,,,,,,,,,,,,,"A strong surface low deepened as it moved through North Dakota, leading to high non-thunderstorm wind gusts. By the early afternoon, the strong winds were producing blowing dust and significantly reduced visibility across western North Dakota, with a Blowing Dust Warning and Blowing Dust Advisory issued for much of western and central North Dakota. Visibility was under one quarter of a mile at times. The strongest wind gust reported was 76 mph near Crosby in Divide County.",Ray NDAWN station reported wind gusts up to 71 mph.,CSV
202605,14,900,202605,14,1800,213774,1340115,NORTH DAKOTA,38,2026,May,High Wind,Z,10,MOUNTRAIL,BIS,14-MAY-26 09:00:00,CST-6,14-MAY-26 18:00:00,0,0,0,0,0.00K,0.00K,AWOS,60.00,MG,,,,,,,,,,,,,,,,,,,,"A strong surface low deepened as it moved through North Dakota, leading to high non-thunderstorm wind gusts. By the early afternoon, the strong winds were producing blowing dust and significantly reduced visibility across western North Dakota, with a Blowing Dust Warning and Blowing Dust Advisory issued for much of western and central North Dakota. Visibility was under one quarter of a mile at times. The strongest wind gust reported was 76 mph near Crosby in Divide County.",Stanley AWOS reported wind gusts up to 69 mph. Sustained winds were up to 45 mph.,CSV
202605,14,900,202605,14,1800,213774,1340112,NORTH DAKOTA,38,2026,May,High Wind,Z,9,WILLIAMS,BIS,14-MAY-26 09:00:00,CST-6,14-MAY-26 18:00:00,0,0,0,0,0.00K,0.00K,AWOS,57.00,MG,,,,,,,,,,,,,,,,,,,,"A strong surface low deepened as it moved through North Dakota, leading to high non-thunderstorm wind gusts. By the early afternoon, the strong winds were producing blowing dust and significantly reduced visibility across western North Dakota, with a Blowing Dust Warning and Blowing Dust Advisory issued for much of western and central North Dakota. Visibility was under one quarter of a mile at times. The strongest wind gust reported was 76 mph near Crosby in Divide County.",Tioga AWOS reported wind gusts up to 66 mph. Sustained winds were up to 49 mph.,CSV
202605,14,1300,202605,14,1800,213774,1342358,NORTH DAKOTA,38,2026,May,Dust Storm,Z,55,NDZ055: NORTHWEST WARD,BIS,14-MAY-26 13:00:00,CST-6,14-MAY-26 18:00:00,0,0,0,0,0.00K,0.00K,Mesonet,,,,,,,,,,,,,,,,,,,,,,"A strong surface low deepened as it moved through North Dakota, leading to high non-thunderstorm wind gusts. By the early afternoon, the strong winds were producing blowing dust and significantly reduced visibility across western North Dakota, with a Blowing Dust Warning and Blowing Dust Advisory issued for much of western and central North Dakota. Visibility was under one quarter of a mile at times. The strongest wind gust reported was 76 mph near Crosby in Divide County.",Widespread blowing dust with visibility down to a quarter mile.,CSV
202605,20,0,202605,20,600,213059,1344313,NORTH DAKOTA,38,2026,May,Frost/Freeze,Z,54,WESTERN WALSH,FGF,20-MAY-26 00:00:00,CST-6,20-MAY-26 06:00:00,0,0,0,0,,,Mesonet,,,,,,,,,,,,,,,,,,,,,,"Unseasonably cold temperatures developed during the growing season across eastern North Dakota and northwest Minnesota, with hard freeze conditions observed at some locations during the morning hours before sunrise. The 2026 Spring growing season officially began at 12am  on May 9.","A low temperature of 30 was reported by the Adams, ND NDAWN at 3:05 AM CST.",CSV
202605,20,215,202605,20,600,213059,1344345,NORTH DAKOTA,38,2026,May,Frost/Freeze,Z,16,EASTERN WALSH,FGF,20-MAY-26 02:15:00,CST-6,20-MAY-26 06:00:00,0,0,0,0,,,AWOS,,,,,,,,,,,,,,,,,,,,,,"Unseasonably cold temperatures developed during the growing season across eastern North Dakota and northwest Minnesota, with hard freeze conditions observed at some locations during the morning hours before sunrise. The 2026 Spring growing season officially began at 12am  on May 9.","Low temperatures ranged from 28 to 31 across eastern Walsh County. The lowest temperature reported was 28 at the Grafton, ND Airport AWOS at 5:15 AM CST.",CSV
202605,20,0,202605,20,600,213059,1344349,NORTH DAKOTA,38,2026,May,Frost/Freeze,Z,26,NELSON,FGF,20-MAY-26 00:00:00,CST-6,20-MAY-26 06:00:00,0,0,0,0,,,Mesonet,,,,,,,,,,,,,,,,,,,,,,"Unseasonably cold temperatures developed during the growing season across eastern North Dakota and northwest Minnesota, with hard freeze conditions observed at some locations during the morning hours before sunrise. The 2026 Spring growing season officially began at 12am  on May 9.","A low temperature of 30 was reported at the Michigan, ND NDAWN at 1 AM CST. A low temperature of 32 was reported at the Pekin, ND NDAWN at 4:50 AM CST.",CSV
202605,20,12,202605,20,600,213059,1344362,NORTH DAKOTA,38,2026,May,Frost/Freeze,Z,27,GRAND FORKS,FGF,20-MAY-26 00:12:00,CST-6,20-MAY-26 06:00:00,0,0,0,0,,,Mesonet,,,,,,,,,,,,,,,,,,,,,,"Unseasonably cold temperatures developed during the growing season across eastern North Dakota and northwest Minnesota, with hard freeze conditions observed at some locations during the morning hours before sunrise. The 2026 Spring growing season officially began at 12am  on May 9.",Low temperatures between 27 and 32 were reported across Grand Forks County. The lowest temperature was 27 at the Emerado 2E NDAWN. The KGFK ASOS at Grand Forks International Airport reported a low temperature of 31 at 5:53 AM CST.,CSV
202605,20,200,202605,20,600,213059,1344365,NORTH DAKOTA,38,2026,May,Frost/Freeze,Z,30,TRAILL,FGF,20-MAY-26 02:00:00,CST-6,20-MAY-26 06:00:00,0,0,0,0,,,Mesonet,,,,,,,,,,,,,,,,,,,,,,"Unseasonably cold temperatures developed during the growing season across eastern North Dakota and northwest Minnesota, with hard freeze conditions observed at some locations during the morning hours before sunrise. The 2026 Spring growing season officially began at 12am  on May 9.","A low temperature of 31 was reported at the Hillsboro, ND NDAWN at 4:45 AM CST. A low temperature of 32 was reported at a personal weather station in Blanchard, ND at 5:25 AM CST.",CSV
202605,20,155,202605,20,600,213059,1344367,NORTH DAKOTA,38,2026,May,Frost/Freeze,Z,38,BARNES,FGF,20-MAY-26 01:55:00,CST-6,20-MAY-26 06:00:00,0,0,0,0,,,AWOS,,,,,,,,,,,,,,,,,,,,,,"Unseasonably cold temperatures developed during the growing season across eastern North Dakota and northwest Minnesota, with hard freeze conditions observed at some locations during the morning hours before sunrise. The 2026 Spring growing season officially began at 12am  on May 9.","Low temperatures of 30 to 32 were reported in Barnes County. The lowest temperature of 30 was reported at the Valley City, ND Airport AWOS at 5:15 AM CST. The NDAWN at Dazey, ND and NDAWN at Pillsbury, ND both reported low temperatures of 32.",CSV
202605,20,20,202605,20,600,213059,1344370,NORTH DAKOTA,38,2026,May,Frost/Freeze,Z,39,CASS,FGF,20-MAY-26 00:20:00,CST-6,20-MAY-26 06:00:00,0,0,0,0,,,Mesonet,,,,,,,,,,,,,,,,,,,,,,"Unseasonably cold temperatures developed during the growing season across eastern North Dakota and northwest Minnesota, with hard freeze conditions observed at some locations during the morning hours before sunrise. The 2026 Spring growing season officially began at 12am  on May 9.","Low temperatures ranging from 28 to 32 were reported over parts of Cass County. The lowest temperature of 28 was reported at the Leonard, ND NDAWN. The KFAR ASOS at Fargo International Airport reported a low temperature of 32 at 5:53 AM CST.",CSV
202605,20,300,202605,20,600,213059,1344297,NORTH DAKOTA,38,2026,May,Frost/Freeze,Z,14,BENSON,FGF,20-MAY-26 03:00:00,CST-6,20-MAY-26 06:00:00,0,0,0,0,,,Mesonet,,,,,,,,,,,,,,,,,,,,,,"Unseasonably cold temperatures developed during the growing season across eastern North Dakota and northwest Minnesota, with hard freeze conditions observed at some locations during the morning hours before sunrise. The 2026 Spring growing season officially began at 12am  on May 9.","Low temperatures of 31 and 32 were reported at sites across the western half of Benson County. The Lowest value of 31 was reported at the Maddock, ND NDAWN at 3:15 AM CST.",CSV
202605,20,200,202605,20,600,213059,1344299,NORTH DAKOTA,38,2026,May,Frost/Freeze,Z,15,RAMSEY,FGF,20-MAY-26 02:00:00,CST-6,20-MAY-26 06:00:00,0,0,0,0,,,Mesonet,,,,,,,,,,,,,,,,,,,,,,"Unseasonably cold temperatures developed during the growing season across eastern North Dakota and northwest Minnesota, with hard freeze conditions observed at some locations during the morning hours before sunrise. The 2026 Spring growing season officially began at 12am  on May 9.","Low temperatures between 30 and 32 were reported across the northern half of Ramsey County. The lowest value of 30 was at the Edmore, ND NDAWN at 2:50 AM CST.",CSV
202605,14,900,202605,14,1800,213774,1343872,NORTH DAKOTA,38,2026,May,High Wind,Z,3,RENVILLE,BIS,14-MAY-26 09:00:00,CST-6,14-MAY-26 18:00:00,0,0,0,0,0.00K,0.00K,AWOS,55.00,MG,,,,,,,,,,,,,,,,,,,,"A strong surface low deepened as it moved through North Dakota, leading to high non-thunderstorm wind gusts. By the early afternoon, the strong winds were producing blowing dust and significantly reduced visibility across western North Dakota, with a Blowing Dust Warning and Blowing Dust Advisory issued for much of western and central North Dakota. Visibility was under one quarter of a mile at times. The strongest wind gust reported was 76 mph near Crosby in Divide County.",Mohall AWOS reported wind gusts up to 63 mph.,CSV
202605,14,1500,202605,14,2000,213774,1343884,NORTH DAKOTA,38,2026,May,High Wind,Z,56,NDZ056: CENTRAL AND SOUTHERN WARD/MINOT AREA,BIS,14-MAY-26 15:00:00,CST-6,14-MAY-26 20:00:00,0,0,0,0,0.00K,0.00K,AWOS,55.00,MG,,,,,,,,,,,,,,,,,,,,"A strong surface low deepened as it moved through North Dakota, leading to high non-thunderstorm wind gusts. By the early afternoon, the strong winds were producing blowing dust and significantly reduced visibility across western North Dakota, with a Blowing Dust Warning and Blowing Dust Advisory issued for much of western and central North Dakota. Visibility was under one quarter of a mile at times. The strongest wind gust reported was 76 mph near Crosby in Divide County.",Hartland AWOS station reported wind gusts up to 63 mph.,CSV
202605,14,900,202605,14,1800,213774,1343890,NORTH DAKOTA,38,2026,May,High Wind,Z,17,MCKENZIE,BIS,14-MAY-26 09:00:00,CST-6,14-MAY-26 18:00:00,0,0,0,0,0.00K,0.00K,Mesonet,54.00,MG,,,,,,,,,,,,,,,,,,,,"A strong surface low deepened as it moved through North Dakota, leading to high non-thunderstorm wind gusts. By the early afternoon, the strong winds were producing blowing dust and significantly reduced visibility across western North Dakota, with a Blowing Dust Warning and Blowing Dust Advisory issued for much of western and central North Dakota. Visibility was under one quarter of a mile at times. The strongest wind gust reported was 76 mph near Crosby in Divide County.",Keene NDAWN station reported wind gusts up to 62 mph.,CSV
202605,14,900,202605,14,1800,213774,1343921,NORTH DAKOTA,38,2026,May,High Wind,Z,10,MOUNTRAIL,BIS,14-MAY-26 09:00:00,CST-6,14-MAY-26 18:00:00,0,0,0,0,0.00K,0.00K,Mesonet,54.00,MG,,,,,,,,,,,,,,,,,,,,"A strong surface low deepened as it moved through North Dakota, leading to high non-thunderstorm wind gusts. By the early afternoon, the strong winds were producing blowing dust and significantly reduced visibility across western North Dakota, with a Blowing Dust Warning and Blowing Dust Advisory issued for much of western and central North Dakota. Visibility was under one quarter of a mile at times. The strongest wind gust reported was 76 mph near Crosby in Divide County.",Shell Lake NDAWN station reported wind gusts up to 62 mph.,CSV
202605,15,700,202605,15,1500,213879,1340654,NORTH DAKOTA,38,2026,May,High Wind,Z,55,NDZ055: NORTHWEST WARD,BIS,15-MAY-26 07:00:00,CST-6,15-MAY-26 15:00:00,0,0,0,0,0.00K,0.00K,AWOS,51.00,MG,,,,,,,,,,,,,,,,,,,,An upper level low and surface front produced strong winds across northern North Dakota. There were a few isolated thunderstorms early in the day before non-thunderstorm wind gusts reached around 60 mph. The highest observed non-thunderstorm wind gust was 62 mph in Rolette.,AWOS station 5 W Coulee reported wind gusts up to 59 mph.,CSV
202605,19,2335,202605,20,600,213059,1344270,NORTH DAKOTA,38,2026,May,Frost/Freeze,Z,6,TOWNER,FGF,19-MAY-26 23:35:00,CST-6,20-MAY-26 06:00:00,0,0,0,0,,,AWOS,,,,,,,,,,,,,,,,,,,,,,"Unseasonably cold temperatures developed during the growing season across eastern North Dakota and northwest Minnesota, with hard freeze conditions observed at some locations during the morning hours before sunrise. The 2026 Spring growing season officially began at 12am  on May 9.","Low temperature of 32 was reported at the Cando, MN AWOS.",CSV
202605,19,2235,202605,20,600,213059,1344282,NORTH DAKOTA,38,2026,May,Frost/Freeze,Z,7,CAVALIER,FGF,19-MAY-26 22:35:00,CST-6,20-MAY-26 06:00:00,0,0,0,0,,,Mesonet,,,,,,,,,,,,,,,,,,,,,,"Unseasonably cold temperatures developed during the growing season across eastern North Dakota and northwest Minnesota, with hard freeze conditions observed at some locations during the morning hours before sunrise. The 2026 Spring growing season officially began at 12am  on May 9.","Low temperatures ranged from 28 to 32 across much of Cavalier County. The lowest temperature of 28 was reported by a personal weather station at Mount Carmel, ND at 3:55 AM CST. The AWOS and NDAWN sites at Langdon, ND both reported low temperatures of 30.",CSV
202605,14,1300,202605,14,1800,213774,1342368,NORTH DAKOTA,38,2026,May,Dust Storm,Z,58,NDZ058: EASTERN MCLEAN,BIS,14-MAY-26 13:00:00,CST-6,14-MAY-26 18:00:00,0,0,0,0,0.00K,0.00K,Mesonet,,,,,,,,,,,,,,,,,,,,,,"A strong surface low deepened as it moved through North Dakota, leading to high non-thunderstorm wind gusts. By the early afternoon, the strong winds were producing blowing dust and significantly reduced visibility across western North Dakota, with a Blowing Dust Warning and Blowing Dust Advisory issued for much of western and central North Dakota. Visibility was under one quarter of a mile at times. The strongest wind gust reported was 76 mph near Crosby in Divide County.",Widespread blowing dust with visibility down to a quarter mile.,CSV
202605,14,900,202605,14,1800,213774,1343850,NORTH DAKOTA,38,2026,May,High Wind,Z,1,DIVIDE,BIS,14-MAY-26 09:00:00,CST-6,14-MAY-26 18:00:00,0,0,0,0,0.00K,0.00K,Mesonet,59.00,MG,,,,,,,,,,,,,,,,,,,,"A strong surface low deepened as it moved through North Dakota, leading to high non-thunderstorm wind gusts. By the early afternoon, the strong winds were producing blowing dust and significantly reduced visibility across western North Dakota, with a Blowing Dust Warning and Blowing Dust Advisory issued for much of western and central North Dakota. Visibility was under one quarter of a mile at times. The strongest wind gust reported was 76 mph near Crosby in Divide County.",Fortuna NDAWN station reported wind gusts up to 68 mph.,CSV
202605,14,900,202605,14,1800,213774,1343860,NORTH DAKOTA,38,2026,May,High Wind,Z,2,BURKE,BIS,14-MAY-26 09:00:00,CST-6,14-MAY-26 18:00:00,0,0,0,0,0.00K,0.00K,Mesonet,56.00,MG,,,,,,,,,,,,,,,,,,,,"A strong surface low deepened as it moved through North Dakota, leading to high non-thunderstorm wind gusts. By the early afternoon, the strong winds were producing blowing dust and significantly reduced visibility across western North Dakota, with a Blowing Dust Warning and Blowing Dust Advisory issued for much of western and central North Dakota. Visibility was under one quarter of a mile at times. The strongest wind gust reported was 76 mph near Crosby in Divide County.",Columbus NDAWN station reported wind gusts up to 64 mph.,CSV
202605,14,1300,202605,14,1800,213774,1342369,NORTH DAKOTA,38,2026,May,Dust Storm,Z,22,SHERIDAN,BIS,14-MAY-26 13:00:00,CST-6,14-MAY-26 18:00:00,0,0,0,0,0.00K,0.00K,Mesonet,,,,,,,,,,,,,,,,,,,,,,"A strong surface low deepened as it moved through North Dakota, leading to high non-thunderstorm wind gusts. By the early afternoon, the strong winds were producing blowing dust and significantly reduced visibility across western North Dakota, with a Blowing Dust Warning and Blowing Dust Advisory issued for much of western and central North Dakota. Visibility was under one quarter of a mile at times. The strongest wind gust reported was 76 mph near Crosby in Divide County.",Widespread blowing dust with visibility down to a quarter mile.,CSV
202605,14,1300,202605,14,1800,213774,1342373,NORTH DAKOTA,38,2026,May,Dust Storm,Z,23,WELLS,BIS,14-MAY-26 13:00:00,CST-6,14-MAY-26 18:00:00,0,0,0,0,0.00K,0.00K,Mesonet,,,,,,,,,,,,,,,,,,,,,,"A strong surface low deepened as it moved through North Dakota, leading to high non-thunderstorm wind gusts. By the early afternoon, the strong winds were producing blowing dust and significantly reduced visibility across western North Dakota, with a Blowing Dust Warning and Blowing Dust Advisory issued for much of western and central North Dakota. Visibility was under one quarter of a mile at times. The strongest wind gust reported was 76 mph near Crosby in Divide County.",Widespread blowing dust with visibility down to a quarter mile.,CSV
202605,14,900,202605,14,1800,213774,1343867,NORTH DAKOTA,38,2026,May,High Wind,Z,1,DIVIDE,BIS,14-MAY-26 09:00:00,CST-6,14-MAY-26 18:00:00,0,0,0,0,0.00K,0.00K,Mesonet,55.00,MG,,,,,,,,,,,,,,,,,,,,"A strong surface low deepened as it moved through North Dakota, leading to high non-thunderstorm wind gusts. By the early afternoon, the strong winds were producing blowing dust and significantly reduced visibility across western North Dakota, with a Blowing Dust Warning and Blowing Dust Advisory issued for much of western and central North Dakota. Visibility was under one quarter of a mile at times. The strongest wind gust reported was 76 mph near Crosby in Divide County.",Noonan NDAWN station reported wind gusts up to 63 mph.,CSV
202605,14,900,202605,14,1800,213774,1343870,NORTH DAKOTA,38,2026,May,High Wind,Z,17,MCKENZIE,BIS,14-MAY-26 09:00:00,CST-6,14-MAY-26 18:00:00,0,0,0,0,0.00K,0.00K,Mesonet,55.00,MG,,,,,,,,,,,,,,,,,,,,"A strong surface low deepened as it moved through North Dakota, leading to high non-thunderstorm wind gusts. By the early afternoon, the strong winds were producing blowing dust and significantly reduced visibility across western North Dakota, with a Blowing Dust Warning and Blowing Dust Advisory issued for much of western and central North Dakota. Visibility was under one quarter of a mile at times. The strongest wind gust reported was 76 mph near Crosby in Divide County.",Charbonneau NDAWN station reported wind gusts up to 63 mph.,CSV
202605,20,300,202605,20,600,213059,1344375,NORTH DAKOTA,38,2026,May,Frost/Freeze,Z,52,SARGENT,FGF,20-MAY-26 03:00:00,CST-6,20-MAY-26 06:00:00,0,0,0,0,,,Mesonet,,,,,,,,,,,,,,,,,,,,,,"Unseasonably cold temperatures developed during the growing season across eastern North Dakota and northwest Minnesota, with hard freeze conditions observed at some locations during the morning hours before sunrise. The 2026 Spring growing season officially began at 12am  on May 9.","Low temperatures were below freezing over western Sargent County. The Brampton, ND NDAWN reported a low temperature of 31 at 4:25 AM CST. The NDAWN 3W of Stirum, ND also reported a low temperature of 31 during this period.",CSV
202605,14,900,202605,14,1800,213774,1343847,NORTH DAKOTA,38,2026,May,High Wind,Z,1,DIVIDE,BIS,14-MAY-26 09:00:00,CST-6,14-MAY-26 18:00:00,0,0,0,0,0.00K,0.00K,Mesonet,60.00,MG,,,,,,,,,,,,,,,,,,,,"A strong surface low deepened as it moved through North Dakota, leading to high non-thunderstorm wind gusts. By the early afternoon, the strong winds were producing blowing dust and significantly reduced visibility across western North Dakota, with a Blowing Dust Warning and Blowing Dust Advisory issued for much of western and central North Dakota. Visibility was under one quarter of a mile at times. The strongest wind gust reported was 76 mph near Crosby in Divide County.",Grenora NDAWN station reported gusts up to 69 mph.,CSV
202605,15,1455,202605,15,1457,213879,1340653,NORTH DAKOTA,38,2026,May,Thunderstorm Wind,C,61,MOUNTRAIL,BIS,15-MAY-26 14:55:00,CST-6,15-MAY-26 14:57:00,0,0,0,0,0.00K,0.00K,AWOS,57.00,MG,,,,,,,,,,3.74,W,PALERMO,3.74,W,PALERMO,48.34,-102.3,48.34,-102.3,An upper level low and surface front produced strong winds across northern North Dakota. There were a few isolated thunderstorms early in the day before non-thunderstorm wind gusts reached around 60 mph. The highest observed non-thunderstorm wind gust was 62 mph in Rolette.,AWOS station K1IN 3 W Palermo reported wind gusts up to 66 mph.,CSV
202605,15,1100,202605,15,1630,213047,1333560,NORTH DAKOTA,38,2026,May,High Wind,Z,7,CAVALIER,FGF,15-MAY-26 11:00:00,CST-6,15-MAY-26 16:30:00,0,0,0,0,,,Mesonet,56.00,MG,,,,,,,,,,,,,,,,,,,,A strong low pressure system brought a period of high winds to parts of the Devils Lake region in northeast North Dakota.,"Frequent gusts measured 58 mph or higher with a peak gust of 65 mph at ND DOT station ND041 located  5 WSW Olga, ND.",CSV
202605,15,1330,202605,15,1358,213047,1333563,NORTH DAKOTA,38,2026,May,High Wind,Z,15,RAMSEY,FGF,15-MAY-26 13:30:00,CST-6,15-MAY-26 13:58:00,0,0,0,0,,,Mesonet,50.00,MG,,,,,,,,,,,,,,,,,,,,A strong low pressure system brought a period of high winds to parts of the Devils Lake region in northeast North Dakota.,"Measured wind gust at ND DOT site HMDN8 located near Hampden, ND.",CSV
202605,14,1300,202605,14,1800,213774,1342363,NORTH DAKOTA,38,2026,May,Dust Storm,Z,17,MCKENZIE,BIS,14-MAY-26 13:00:00,CST-6,14-MAY-26 18:00:00,0,0,0,0,0.00K,0.00K,Mesonet,,,,,,,,,,,,,,,,,,,,,,"A strong surface low deepened as it moved through North Dakota, leading to high non-thunderstorm wind gusts. By the early afternoon, the strong winds were producing blowing dust and significantly reduced visibility across western North Dakota, with a Blowing Dust Warning and Blowing Dust Advisory issued for much of western and central North Dakota. Visibility was under one quarter of a mile at times. The strongest wind gust reported was 76 mph near Crosby in Divide County.",Widespread blowing dust with visibility down to a quarter mile.,CSV
202605,14,1300,202605,14,1800,213774,1342364,NORTH DAKOTA,38,2026,May,Dust Storm,Z,18,DUNN,BIS,14-MAY-26 13:00:00,CST-6,14-MAY-26 18:00:00,0,0,0,0,0.00K,0.00K,Mesonet,,,,,,,,,,,,,,,,,,,,,,"A strong surface low deepened as it moved through North Dakota, leading to high non-thunderstorm wind gusts. By the early afternoon, the strong winds were producing blowing dust and significantly reduced visibility across western North Dakota, with a Blowing Dust Warning and Blowing Dust Advisory issued for much of western and central North Dakota. Visibility was under one quarter of a mile at times. The strongest wind gust reported was 76 mph near Crosby in Divide County.",Widespread blowing dust with visibility down to a quarter mile.,CSV
202606,9,1820,202606,9,1822,214965,1357763,NORTH DAKOTA,38,2026,June,Tornado,C,23,DIVIDE,BIS,09-JUN-26 18:20:00,CST-6,09-JUN-26 18:22:00,0,0,0,0,0.00K,0.00K,Storm Chaser,,,,,EFU,0.25,50,,,,,2.55,E,NOONAN,2.73,E,NOONAN,48.8802,-102.9438,48.8828,-102.9401,"A surface trough and low-level jet combined with a very moist and unstable air mass that led to severe thunderstorm development along the triple point of a surface low in west central North Dakota. Thunderstorms developed during the afternoon in southwest North Dakota, with additional storms in the far northwest. Storms gradually moved to the north-northeast through the evening in a primarily cluster storm mode. The area of most significant damage was in Ward and McHenry Counties. In the town of Sawyer in Ward County, the Emergency Manager reported damage from powerful thunderstorm wind gusts that resulted in power outages, trees on roads, and a large tree that fell onto a house and made a hole in the roof. Northeast of Deering in McHenry County, there was significant damage to a homestead due to thunderstorm wind gusts. A barn on the property had roof panels ripped off and some collapse of the wood frame structure for the roof. Damage in both of these locations were consistent with wind speeds around 90 mph. The largest reported hail was 3 inches in diameter, a few miles west of Fortuna in Divide County. One tornado occurred with these storms, and was reported approximately 3 miles east of Noonan in Divide County. It was a very brief tornado and caused no known damage, so has been rated EF-Unknown by NWS policy.",Storm chaser reported brief tornado at this approximate location. No known damage to evaluate and no other information available. By National Weather Service policy the tornado is rated EF-U (Unknown).,CSV
202606,27,1638,202606,27,1641,214972,1348820,NORTH DAKOTA,38,2026,June,Thunderstorm Wind,C,33,GOLDEN VALLEY,BIS,27-JUN-26 16:38:00,MST-7,27-JUN-26 16:41:00,0,0,0,0,0.00K,0.00K,Mesonet,51.00,MG,,,,,,,,,,8.49,E,SENTINEL BUTTE,8.49,E,SENTINEL BUTTE,46.92,-103.65,46.92,-103.65,"A warm front lifted across North Dakota while strong southerly surface flow increased temperatures and dew points over the region. As a surface trough tracked to the east, storms developed in eastern Montana and moved into western North Dakota during the evening. Storms quickly formed a line as they continued moving east-northeast, with powerful wind gusts the primary hazard across western and portions of central North Dakota. A tornado occurred approximately 7 miles north-northeast of Belfield in Billings County. The track was less than one mile long and wind speeds were estimated up to 90 mph, leading to an EF-1 rating. Damaging wind gusts of 60 to 80 mph were common across the area as storms moved through. The most significant damage occurred in a neighborhood west of Williston. The Emergency Manager reported debris in a southwest to northeast orientation, consistent with straight line winds. Notable damage includes two homes with roofs uplifted and partially blown off. Other damage includes sheds, enclosed trailers, and campers damaged or destroyed. Some tree damage was also noted. Damage is consistent with wind speeds around 95 mph.",Personal weather station reported wind gusts up to 59 mph.,CSV
202606,27,2219,202606,27,2223,214972,1348858,NORTH DAKOTA,38,2026,June,Thunderstorm Wind,C,83,SHERIDAN,BIS,27-JUN-26 22:19:00,CST-6,27-JUN-26 22:23:00,0,0,0,0,0.00K,0.00K,Mesonet,61.00,MG,,,,,,,,,,5.44,SW,PICKARDVILLE,5.44,SW,PICKARDVILLE,47.42,-100.67,47.42,-100.67,"A warm front lifted across North Dakota while strong southerly surface flow increased temperatures and dew points over the region. As a surface trough tracked to the east, storms developed in eastern Montana and moved into western North Dakota during the evening. Storms quickly formed a line as they continued moving east-northeast, with powerful wind gusts the primary hazard across western and portions of central North Dakota. A tornado occurred approximately 7 miles north-northeast of Belfield in Billings County. The track was less than one mile long and wind speeds were estimated up to 90 mph, leading to an EF-1 rating. Damaging wind gusts of 60 to 80 mph were common across the area as storms moved through. The most significant damage occurred in a neighborhood west of Williston. The Emergency Manager reported debris in a southwest to northeast orientation, consistent with straight line winds. Notable damage includes two homes with roofs uplifted and partially blown off. Other damage includes sheds, enclosed trailers, and campers damaged or destroyed. Some tree damage was also noted. Damage is consistent with wind speeds around 95 mph.",Pickardville NDAWN reported wind gusts up to 70 mph.,CSV
202606,27,1728,202606,27,1731,214972,1357772,NORTH DAKOTA,38,2026,June,Tornado,C,7,BILLINGS,BIS,27-JUN-26 17:28:00,MST-7,27-JUN-26 17:31:00,0,0,0,0,10.00K,0.00K,Storm Chaser,,,,,EF1,0.18,50,,,,,11.06,NE,FRYBURG,11.15,NE,FRYBURG,46.9876,-103.161,46.9901,-103.1623,"A warm front lifted across North Dakota while strong southerly surface flow increased temperatures and dew points over the region. As a surface trough tracked to the east, storms developed in eastern Montana and moved into western North Dakota during the evening. Storms quickly formed a line as they continued moving east-northeast, with powerful wind gusts the primary hazard across western and portions of central North Dakota. A tornado occurred approximately 7 miles north-northeast of Belfield in Billings County. The track was less than one mile long and wind speeds were estimated up to 90 mph, leading to an EF-1 rating. Damaging wind gusts of 60 to 80 mph were common across the area as storms moved through. The most significant damage occurred in a neighborhood west of Williston. The Emergency Manager reported debris in a southwest to northeast orientation, consistent with straight line winds. Notable damage includes two homes with roofs uplifted and partially blown off. Other damage includes sheds, enclosed trailers, and campers damaged or destroyed. Some tree damage was also noted. Damage is consistent with wind speeds around 95 mph.","A storm chaser submitted a video of a tornado that occurred north of Belfield. The Billings County Emergency Manager relayed damage that occurred. The property owner reported multiple large spruce trees knocked over and uprooted laying in different directions. There was also damage to apple and olive trees on this property. There was some minor roof damage and broken windows to the house and detached garage. Based on the damage done this tornado was rated EF-1, and from that wind speeds were estimated to be around 90 mph.",CSV
202606,27,1640,202606,27,1644,214972,1348821,NORTH DAKOTA,38,2026,June,Hail,C,11,BOWMAN,BIS,27-JUN-26 16:40:00,MST-7,27-JUN-26 16:44:00,0,0,0,0,0.00K,0.00K,Emergency Manager,1.00,,,,,,,,,,,16.93,SW,RHAME,16.93,SW,RHAME,46.05,-103.89,46.05,-103.89,"A warm front lifted across North Dakota while strong southerly surface flow increased temperatures and dew points over the region. As a surface trough tracked to the east, storms developed in eastern Montana and moved into western North Dakota during the evening. Storms quickly formed a line as they continued moving east-northeast, with powerful wind gusts the primary hazard across western and portions of central North Dakota. A tornado occurred approximately 7 miles north-northeast of Belfield in Billings County. The track was less than one mile long and wind speeds were estimated up to 90 mph, leading to an EF-1 rating. Damaging wind gusts of 60 to 80 mph were common across the area as storms moved through. The most significant damage occurred in a neighborhood west of Williston. The Emergency Manager reported debris in a southwest to northeast orientation, consistent with straight line winds. Notable damage includes two homes with roofs uplifted and partially blown off. Other damage includes sheds, enclosed trailers, and campers damaged or destroyed. Some tree damage was also noted. Damage is consistent with wind speeds around 95 mph.",,CSV
202606,27,1716,202606,27,1720,214972,1348822,NORTH DAKOTA,38,2026,June,Thunderstorm Wind,C,11,BOWMAN,BIS,27-JUN-26 17:16:00,MST-7,27-JUN-26 17:20:00,0,0,0,0,0.00K,0.00K,Law Enforcement,61.00,EG,,,,,,,,,,2.87,W,RHAME,2.87,W,RHAME,46.23,-103.71,46.23,-103.71,"A warm front lifted across North Dakota while strong southerly surface flow increased temperatures and dew points over the region. As a surface trough tracked to the east, storms developed in eastern Montana and moved into western North Dakota during the evening. Storms quickly formed a line as they continued moving east-northeast, with powerful wind gusts the primary hazard across western and portions of central North Dakota. A tornado occurred approximately 7 miles north-northeast of Belfield in Billings County. The track was less than one mile long and wind speeds were estimated up to 90 mph, leading to an EF-1 rating. Damaging wind gusts of 60 to 80 mph were common across the area as storms moved through. The most significant damage occurred in a neighborhood west of Williston. The Emergency Manager reported debris in a southwest to northeast orientation, consistent with straight line winds. Notable damage includes two homes with roofs uplifted and partially blown off. Other damage includes sheds, enclosed trailers, and campers damaged or destroyed. Some tree damage was also noted. Damage is consistent with wind speeds around 95 mph.",Deputy reported wind gusts estimated at 70 MPH.,CSV
202606,28,1842,202606,28,1845,214973,1351894,NORTH DAKOTA,38,2026,June,Hail,C,59,MORTON,BIS,28-JUN-26 18:42:00,CST-6,28-JUN-26 18:45:00,0,0,0,0,0.00K,0.00K,Trained Spotter,1.50,,,,,,,,,,,7.66,N,NEW SALEM,7.66,N,NEW SALEM,46.96,-101.44,46.96,-101.44,"Surface low pressure tracked across the Northern Plains, leading to moisture advection and isolated severe thunderstorms across central North Dakota. Supercells developed during the evening hours, continuing until the late evening. The strongest wind gust report was near Minot Air Force Base in Ward County, where a trained spotter reported wind gusts of 60 to 70 mph. The largest hail occurred in McHenry County, with hail of 2 inches in diameter observed near Velva and Drake. A tornado was observed approximately 4 miles east-southeast of Riverdale in McLean County around 9 PM CDT. There was no known damage from this tornado, therefore there is no estimated wind speed and it is assigned a rating of EF-Unknown per NWS policy.",,CSV
202606,28,1942,202606,28,1946,214973,1351897,NORTH DAKOTA,38,2026,June,Hail,C,57,MERCER,BIS,28-JUN-26 19:42:00,CST-6,28-JUN-26 19:46:00,0,0,0,0,0.00K,0.00K,Trained Spotter,1.25,,,,,,,,,,,.69,N,GOLDEN VLY,.69,N,GOLDEN VLY,47.29,-102.07,47.29,-102.07,"Surface low pressure tracked across the Northern Plains, leading to moisture advection and isolated severe thunderstorms across central North Dakota. Supercells developed during the evening hours, continuing until the late evening. The strongest wind gust report was near Minot Air Force Base in Ward County, where a trained spotter reported wind gusts of 60 to 70 mph. The largest hail occurred in McHenry County, with hail of 2 inches in diameter observed near Velva and Drake. A tornado was observed approximately 4 miles east-southeast of Riverdale in McLean County around 9 PM CDT. There was no known damage from this tornado, therefore there is no estimated wind speed and it is assigned a rating of EF-Unknown per NWS policy.",,CSV
202606,27,1717,202606,27,1720,214972,1348823,NORTH DAKOTA,38,2026,June,Thunderstorm Wind,C,11,BOWMAN,BIS,27-JUN-26 17:17:00,MST-7,27-JUN-26 17:20:00,0,0,0,0,0.00K,0.00K,Emergency Manager,52.00,MG,,,,,,,,,,2.39,W,RHAME,2.39,W,RHAME,46.23,-103.7,46.23,-103.7,"A warm front lifted across North Dakota while strong southerly surface flow increased temperatures and dew points over the region. As a surface trough tracked to the east, storms developed in eastern Montana and moved into western North Dakota during the evening. Storms quickly formed a line as they continued moving east-northeast, with powerful wind gusts the primary hazard across western and portions of central North Dakota. A tornado occurred approximately 7 miles north-northeast of Belfield in Billings County. The track was less than one mile long and wind speeds were estimated up to 90 mph, leading to an EF-1 rating. Damaging wind gusts of 60 to 80 mph were common across the area as storms moved through. The most significant damage occurred in a neighborhood west of Williston. The Emergency Manager reported debris in a southwest to northeast orientation, consistent with straight line winds. Notable damage includes two homes with roofs uplifted and partially blown off. Other damage includes sheds, enclosed trailers, and campers damaged or destroyed. Some tree damage was also noted. Damage is consistent with wind speeds around 95 mph.",Deputy reported wind gusts up to 60 MPH.,CSV
202606,27,1717,202606,27,1721,214972,1348824,NORTH DAKOTA,38,2026,June,Thunderstorm Wind,C,11,BOWMAN,BIS,27-JUN-26 17:17:00,MST-7,27-JUN-26 17:21:00,0,0,0,0,0.00K,0.00K,Emergency Manager,53.00,MG,,,,,,,,,,9.44,SW,RHAME,9.44,SW,RHAME,46.15,-103.81,46.15,-103.81,"A warm front lifted across North Dakota while strong southerly surface flow increased temperatures and dew points over the region. As a surface trough tracked to the east, storms developed in eastern Montana and moved into western North Dakota during the evening. Storms quickly formed a line as they continued moving east-northeast, with powerful wind gusts the primary hazard across western and portions of central North Dakota. A tornado occurred approximately 7 miles north-northeast of Belfield in Billings County. The track was less than one mile long and wind speeds were estimated up to 90 mph, leading to an EF-1 rating. Damaging wind gusts of 60 to 80 mph were common across the area as storms moved through. The most significant damage occurred in a neighborhood west of Williston. The Emergency Manager reported debris in a southwest to northeast orientation, consistent with straight line winds. Notable damage includes two homes with roofs uplifted and partially blown off. Other damage includes sheds, enclosed trailers, and campers damaged or destroyed. Some tree damage was also noted. Damage is consistent with wind speeds around 95 mph.",Deputy reported wind gusts up to 61 mph.,CSV
202606,28,1954,202606,28,1957,214973,1351898,NORTH DAKOTA,38,2026,June,Hail,C,55,MCLEAN,BIS,28-JUN-26 19:54:00,CST-6,28-JUN-26 19:57:00,0,0,0,0,0.00K,0.00K,Public,1.00,,,,,,,,,,,0,N,RIVERDALE,0,N,RIVERDALE,47.5,-101.37,47.5,-101.37,"Surface low pressure tracked across the Northern Plains, leading to moisture advection and isolated severe thunderstorms across central North Dakota. Supercells developed during the evening hours, continuing until the late evening. The strongest wind gust report was near Minot Air Force Base in Ward County, where a trained spotter reported wind gusts of 60 to 70 mph. The largest hail occurred in McHenry County, with hail of 2 inches in diameter observed near Velva and Drake. A tornado was observed approximately 4 miles east-southeast of Riverdale in McLean County around 9 PM CDT. There was no known damage from this tornado, therefore there is no estimated wind speed and it is assigned a rating of EF-Unknown per NWS policy.",,CSV
202606,28,1955,202606,28,1958,214973,1351899,NORTH DAKOTA,38,2026,June,Hail,C,57,MERCER,BIS,28-JUN-26 19:55:00,CST-6,28-JUN-26 19:58:00,0,0,0,0,0.00K,0.00K,Public,0.88,,,,,,,,,,,.83,SE,HAZEN,.83,SE,HAZEN,47.29,-101.62,47.29,-101.62,"Surface low pressure tracked across the Northern Plains, leading to moisture advection and isolated severe thunderstorms across central North Dakota. Supercells developed during the evening hours, continuing until the late evening. The strongest wind gust report was near Minot Air Force Base in Ward County, where a trained spotter reported wind gusts of 60 to 70 mph. The largest hail occurred in McHenry County, with hail of 2 inches in diameter observed near Velva and Drake. A tornado was observed approximately 4 miles east-southeast of Riverdale in McLean County around 9 PM CDT. There was no known damage from this tornado, therefore there is no estimated wind speed and it is assigned a rating of EF-Unknown per NWS policy.",,CSV
202606,28,2055,202606,28,2059,214973,1351900,NORTH DAKOTA,38,2026,June,Thunderstorm Wind,C,55,MCLEAN,BIS,28-JUN-26 20:55:00,CST-6,28-JUN-26 20:59:00,0,0,0,0,0.00K,0.00K,Mesonet,53.00,MG,,,,,,,,,,3.58,NNW,TURTLE LAKE,3.58,NNW,TURTLE LAKE,47.57,-100.92,47.57,-100.92,"Surface low pressure tracked across the Northern Plains, leading to moisture advection and isolated severe thunderstorms across central North Dakota. Supercells developed during the evening hours, continuing until the late evening. The strongest wind gust report was near Minot Air Force Base in Ward County, where a trained spotter reported wind gusts of 60 to 70 mph. The largest hail occurred in McHenry County, with hail of 2 inches in diameter observed near Velva and Drake. A tornado was observed approximately 4 miles east-southeast of Riverdale in McLean County around 9 PM CDT. There was no known damage from this tornado, therefore there is no estimated wind speed and it is assigned a rating of EF-Unknown per NWS policy.",Turtle Lake NDAWN reported wind gusts up to 61 mph.,CSV
202606,27,1725,202606,27,1728,214972,1348825,NORTH DAKOTA,38,2026,June,Thunderstorm Wind,C,11,BOWMAN,BIS,27-JUN-26 17:25:00,MST-7,27-JUN-26 17:28:00,0,0,0,0,0.00K,0.00K,Mesonet,71.00,MG,,,,,,,,,,2.76,WNW,BOWMAN ARPT,2.76,WNW,BOWMAN ARPT,46.2,-103.47,46.2,-103.47,"A warm front lifted across North Dakota while strong southerly surface flow increased temperatures and dew points over the region. As a surface trough tracked to the east, storms developed in eastern Montana and moved into western North Dakota during the evening. Storms quickly formed a line as they continued moving east-northeast, with powerful wind gusts the primary hazard across western and portions of central North Dakota. A tornado occurred approximately 7 miles north-northeast of Belfield in Billings County. The track was less than one mile long and wind speeds were estimated up to 90 mph, leading to an EF-1 rating. Damaging wind gusts of 60 to 80 mph were common across the area as storms moved through. The most significant damage occurred in a neighborhood west of Williston. The Emergency Manager reported debris in a southwest to northeast orientation, consistent with straight line winds. Notable damage includes two homes with roofs uplifted and partially blown off. Other damage includes sheds, enclosed trailers, and campers damaged or destroyed. Some tree damage was also noted. Damage is consistent with wind speeds around 95 mph.",Bowman NDAWN reported wind gusts up to 82 mph.,CSV
202606,27,1728,202606,27,1732,214972,1348826,NORTH DAKOTA,38,2026,June,Thunderstorm Wind,C,25,DUNN,BIS,27-JUN-26 17:28:00,MST-7,27-JUN-26 17:32:00,0,0,0,0,0.00K,0.00K,Public,54.00,MG,,,,,,,,,,7.05,SSW,MANNING,7.05,SSW,MANNING,47.13,-102.8,47.13,-102.8,"A warm front lifted across North Dakota while strong southerly surface flow increased temperatures and dew points over the region. As a surface trough tracked to the east, storms developed in eastern Montana and moved into western North Dakota during the evening. Storms quickly formed a line as they continued moving east-northeast, with powerful wind gusts the primary hazard across western and portions of central North Dakota. A tornado occurred approximately 7 miles north-northeast of Belfield in Billings County. The track was less than one mile long and wind speeds were estimated up to 90 mph, leading to an EF-1 rating. Damaging wind gusts of 60 to 80 mph were common across the area as storms moved through. The most significant damage occurred in a neighborhood west of Williston. The Emergency Manager reported debris in a southwest to northeast orientation, consistent with straight line winds. Notable damage includes two homes with roofs uplifted and partially blown off. Other damage includes sheds, enclosed trailers, and campers damaged or destroyed. Some tree damage was also noted. Damage is consistent with wind speeds around 95 mph.",Personal weather station reported wind gusts up to 62 mph.,CSV
202606,28,2102,202606,28,2106,214973,1351901,NORTH DAKOTA,38,2026,June,Thunderstorm Wind,C,101,WARD,BIS,28-JUN-26 21:02:00,CST-6,28-JUN-26 21:06:00,0,0,0,0,0.00K,0.00K,Trained Spotter,61.00,EG,,,,,,,,,,.83,SSE,(MIB)MINOT AFB,.83,SSE,(MIB)MINOT AFB,48.42,-101.36,48.42,-101.36,"Surface low pressure tracked across the Northern Plains, leading to moisture advection and isolated severe thunderstorms across central North Dakota. Supercells developed during the evening hours, continuing until the late evening. The strongest wind gust report was near Minot Air Force Base in Ward County, where a trained spotter reported wind gusts of 60 to 70 mph. The largest hail occurred in McHenry County, with hail of 2 inches in diameter observed near Velva and Drake. A tornado was observed approximately 4 miles east-southeast of Riverdale in McLean County around 9 PM CDT. There was no known damage from this tornado, therefore there is no estimated wind speed and it is assigned a rating of EF-Unknown per NWS policy.",Trained spotter estimated wind gusts of 60 to 70 mph.,CSV
202606,28,2255,202606,28,2258,214973,1351902,NORTH DAKOTA,38,2026,June,Hail,C,49,MCHENRY,BIS,28-JUN-26 22:55:00,CST-6,28-JUN-26 22:58:00,0,0,0,0,0.00K,0.00K,Broadcast Media,2.00,,,,,,,,,,,.46,E,BERGEN,.46,E,BERGEN,48,-100.71,48,-100.71,"Surface low pressure tracked across the Northern Plains, leading to moisture advection and isolated severe thunderstorms across central North Dakota. Supercells developed during the evening hours, continuing until the late evening. The strongest wind gust report was near Minot Air Force Base in Ward County, where a trained spotter reported wind gusts of 60 to 70 mph. The largest hail occurred in McHenry County, with hail of 2 inches in diameter observed near Velva and Drake. A tornado was observed approximately 4 miles east-southeast of Riverdale in McLean County around 9 PM CDT. There was no known damage from this tornado, therefore there is no estimated wind speed and it is assigned a rating of EF-Unknown per NWS policy.",,CSV
202606,28,2330,202606,28,2334,214973,1351903,NORTH DAKOTA,38,2026,June,Hail,C,49,MCHENRY,BIS,28-JUN-26 23:30:00,CST-6,28-JUN-26 23:34:00,0,0,0,0,0.00K,0.00K,Trained Spotter,2.00,,,,,,,,,,,4.43,NE,NORFOLK,4.43,NE,NORFOLK,48.02,-100.24,48.02,-100.24,"Surface low pressure tracked across the Northern Plains, leading to moisture advection and isolated severe thunderstorms across central North Dakota. Supercells developed during the evening hours, continuing until the late evening. The strongest wind gust report was near Minot Air Force Base in Ward County, where a trained spotter reported wind gusts of 60 to 70 mph. The largest hail occurred in McHenry County, with hail of 2 inches in diameter observed near Velva and Drake. A tornado was observed approximately 4 miles east-southeast of Riverdale in McLean County around 9 PM CDT. There was no known damage from this tornado, therefore there is no estimated wind speed and it is assigned a rating of EF-Unknown per NWS policy.",,CSV
202606,27,1729,202606,27,1733,214972,1348827,NORTH DAKOTA,38,2026,June,Thunderstorm Wind,C,11,BOWMAN,BIS,27-JUN-26 17:29:00,MST-7,27-JUN-26 17:33:00,0,0,0,0,0.00K,0.00K,AWOS,60.00,MG,,,,,,,,,,3.42,WSW,BUFFALO SPGS,3.42,WSW,BUFFALO SPGS,46.16,-103.3,46.16,-103.3,"A warm front lifted across North Dakota while strong southerly surface flow increased temperatures and dew points over the region. As a surface trough tracked to the east, storms developed in eastern Montana and moved into western North Dakota during the evening. Storms quickly formed a line as they continued moving east-northeast, with powerful wind gusts the primary hazard across western and portions of central North Dakota. A tornado occurred approximately 7 miles north-northeast of Belfield in Billings County. The track was less than one mile long and wind speeds were estimated up to 90 mph, leading to an EF-1 rating. Damaging wind gusts of 60 to 80 mph were common across the area as storms moved through. The most significant damage occurred in a neighborhood west of Williston. The Emergency Manager reported debris in a southwest to northeast orientation, consistent with straight line winds. Notable damage includes two homes with roofs uplifted and partially blown off. Other damage includes sheds, enclosed trailers, and campers damaged or destroyed. Some tree damage was also noted. Damage is consistent with wind speeds around 95 mph.",Bowman Airport AWOS reported wind gusts up to 69 mph.,CSV
202606,27,1737,202606,27,1740,214972,1348828,NORTH DAKOTA,38,2026,June,Thunderstorm Wind,C,87,SLOPE,BIS,27-JUN-26 17:37:00,MST-7,27-JUN-26 17:40:00,0,0,0,0,0.00K,0.00K,Mesonet,59.00,MG,,,,,,,,,,1.46,NNE,AMIDON,1.46,NNE,AMIDON,46.5,-103.31,46.5,-103.31,"A warm front lifted across North Dakota while strong southerly surface flow increased temperatures and dew points over the region. As a surface trough tracked to the east, storms developed in eastern Montana and moved into western North Dakota during the evening. Storms quickly formed a line as they continued moving east-northeast, with powerful wind gusts the primary hazard across western and portions of central North Dakota. A tornado occurred approximately 7 miles north-northeast of Belfield in Billings County. The track was less than one mile long and wind speeds were estimated up to 90 mph, leading to an EF-1 rating. Damaging wind gusts of 60 to 80 mph were common across the area as storms moved through. The most significant damage occurred in a neighborhood west of Williston. The Emergency Manager reported debris in a southwest to northeast orientation, consistent with straight line winds. Notable damage includes two homes with roofs uplifted and partially blown off. Other damage includes sheds, enclosed trailers, and campers damaged or destroyed. Some tree damage was also noted. Damage is consistent with wind speeds around 95 mph.",Amidon NDAWN station reported wind gusts up to 68 mph.,CSV
202606,28,2335,202606,28,2339,214973,1351905,NORTH DAKOTA,38,2026,June,Hail,C,49,MCHENRY,BIS,28-JUN-26 23:35:00,CST-6,28-JUN-26 23:39:00,0,0,0,0,0.00K,0.00K,Trained Spotter,1.50,,,,,,,,,,,4.43,NE,NORFOLK,4.43,NE,NORFOLK,48.02,-100.24,48.02,-100.24,"Surface low pressure tracked across the Northern Plains, leading to moisture advection and isolated severe thunderstorms across central North Dakota. Supercells developed during the evening hours, continuing until the late evening. The strongest wind gust report was near Minot Air Force Base in Ward County, where a trained spotter reported wind gusts of 60 to 70 mph. The largest hail occurred in McHenry County, with hail of 2 inches in diameter observed near Velva and Drake. A tornado was observed approximately 4 miles east-southeast of Riverdale in McLean County around 9 PM CDT. There was no known damage from this tornado, therefore there is no estimated wind speed and it is assigned a rating of EF-Unknown per NWS policy.",,CSV
202606,28,2000,202606,28,2004,214973,1358003,NORTH DAKOTA,38,2026,June,Tornado,C,55,MCLEAN,BIS,28-JUN-26 20:00:00,CST-6,28-JUN-26 20:04:00,0,0,0,0,0.00K,0.00K,Public,,,,,EFU,1.48,50,,,,,3.82,ESE,RIVERDALE,4.22,E,RIVERDALE,47.4825,-101.2925,47.502,-101.2796,"Surface low pressure tracked across the Northern Plains, leading to moisture advection and isolated severe thunderstorms across central North Dakota. Supercells developed during the evening hours, continuing until the late evening. The strongest wind gust report was near Minot Air Force Base in Ward County, where a trained spotter reported wind gusts of 60 to 70 mph. The largest hail occurred in McHenry County, with hail of 2 inches in diameter observed near Velva and Drake. A tornado was observed approximately 4 miles east-southeast of Riverdale in McLean County around 9 PM CDT. There was no known damage from this tornado, therefore there is no estimated wind speed and it is assigned a rating of EF-Unknown per NWS policy.",A brief stovepipe tornado was observed southwest of Riverdale. No known damage to evaluate and no other information available. By National Weather Service policy the tornado is rated EF-U (Unknown).,CSV
202606,29,1429,202606,29,1434,214974,1351912,NORTH DAKOTA,38,2026,June,Thunderstorm Wind,C,59,MORTON,BIS,29-JUN-26 14:29:00,CST-6,29-JUN-26 14:34:00,0,0,0,0,0.00K,0.00K,Mesonet,55.00,MG,,,,,,,,,,.47,W,MANDAN MUNI ARPT,.47,W,MANDAN MUNI ARPT,46.77,-100.91,46.77,-100.91,"A low pressure over the Northern Plains, combined with a moist and unstable air mass, led to a conditional threat of severe thunderstorms as an upper level jet streak moved over North Dakota. Thunderstorms developed in the early afternoon along a quasi-stationary surface trough that was placed across central North Dakota. Numerous large hail and damaging thunderstorm wind gusts were reported across southwest and central North Dakota through the afternoon and evening as storms moved through. The largest hail reported was 2.25 inches in diameter in Max in McLean County. The strongest wind gust was also measured in McLean County, with a 77 mph wind gust reported at a US Air Force Weather station just south of Max.",Mandan NDAWN station reported wind gusts up to 63 mph.,CSV
202606,27,1743,202606,27,1746,214972,1348829,NORTH DAKOTA,38,2026,June,Thunderstorm Wind,C,33,GOLDEN VALLEY,BIS,27-JUN-26 17:43:00,MST-7,27-JUN-26 17:46:00,0,0,0,0,0.00K,0.00K,Mesonet,59.00,MG,,,,,,,,,,10.53,N,SENTINEL BUTTE,10.53,N,SENTINEL BUTTE,47.07,-103.79,47.07,-103.79,"A warm front lifted across North Dakota while strong southerly surface flow increased temperatures and dew points over the region. As a surface trough tracked to the east, storms developed in eastern Montana and moved into western North Dakota during the evening. Storms quickly formed a line as they continued moving east-northeast, with powerful wind gusts the primary hazard across western and portions of central North Dakota. A tornado occurred approximately 7 miles north-northeast of Belfield in Billings County. The track was less than one mile long and wind speeds were estimated up to 90 mph, leading to an EF-1 rating. Damaging wind gusts of 60 to 80 mph were common across the area as storms moved through. The most significant damage occurred in a neighborhood west of Williston. The Emergency Manager reported debris in a southwest to northeast orientation, consistent with straight line winds. Notable damage includes two homes with roofs uplifted and partially blown off. Other damage includes sheds, enclosed trailers, and campers damaged or destroyed. Some tree damage was also noted. Damage is consistent with wind speeds around 95 mph.",Sentinel Butte NDAWN reported wind gusts up to 68 mph.,CSV
202606,27,1745,202606,27,1749,214972,1348830,NORTH DAKOTA,38,2026,June,Thunderstorm Wind,C,33,GOLDEN VALLEY,BIS,27-JUN-26 17:45:00,MST-7,27-JUN-26 17:49:00,0,0,0,0,0.00K,0.00K,Mesonet,68.00,MG,,,,,,,,,,9.74,SE,TROTTERS,9.74,SE,TROTTERS,47.21,-103.79,47.21,-103.79,"A warm front lifted across North Dakota while strong southerly surface flow increased temperatures and dew points over the region. As a surface trough tracked to the east, storms developed in eastern Montana and moved into western North Dakota during the evening. Storms quickly formed a line as they continued moving east-northeast, with powerful wind gusts the primary hazard across western and portions of central North Dakota. A tornado occurred approximately 7 miles north-northeast of Belfield in Billings County. The track was less than one mile long and wind speeds were estimated up to 90 mph, leading to an EF-1 rating. Damaging wind gusts of 60 to 80 mph were common across the area as storms moved through. The most significant damage occurred in a neighborhood west of Williston. The Emergency Manager reported debris in a southwest to northeast orientation, consistent with straight line winds. Notable damage includes two homes with roofs uplifted and partially blown off. Other damage includes sheds, enclosed trailers, and campers damaged or destroyed. Some tree damage was also noted. Damage is consistent with wind speeds around 95 mph.",Mosher NDAWN reported wind gusts up to 78 mph.,CSV
202606,29,1432,202606,29,1437,214974,1351913,NORTH DAKOTA,38,2026,June,Hail,C,59,MORTON,BIS,29-JUN-26 14:32:00,CST-6,29-JUN-26 14:37:00,0,0,0,0,0.00K,0.00K,Trained Spotter,2.00,,,,,,,,,,,.47,E,MANDAN,.47,E,MANDAN,46.83,-100.89,46.83,-100.89,"A low pressure over the Northern Plains, combined with a moist and unstable air mass, led to a conditional threat of severe thunderstorms as an upper level jet streak moved over North Dakota. Thunderstorms developed in the early afternoon along a quasi-stationary surface trough that was placed across central North Dakota. Numerous large hail and damaging thunderstorm wind gusts were reported across southwest and central North Dakota through the afternoon and evening as storms moved through. The largest hail reported was 2.25 inches in diameter in Max in McLean County. The strongest wind gust was also measured in McLean County, with a 77 mph wind gust reported at a US Air Force Weather station just south of Max.",,CSV
202606,29,1438,202606,29,1442,214974,1351925,NORTH DAKOTA,38,2026,June,Hail,C,15,BURLEIGH,BIS,29-JUN-26 14:38:00,CST-6,29-JUN-26 14:42:00,0,0,0,0,0.25K,0.00K,NWS Employee,1.75,,,,,,,,,,,5.84,NNW,BISMARCK,5.84,NNW,BISMARCK,46.88,-100.81,46.88,-100.81,"A low pressure over the Northern Plains, combined with a moist and unstable air mass, led to a conditional threat of severe thunderstorms as an upper level jet streak moved over North Dakota. Thunderstorms developed in the early afternoon along a quasi-stationary surface trough that was placed across central North Dakota. Numerous large hail and damaging thunderstorm wind gusts were reported across southwest and central North Dakota through the afternoon and evening as storms moved through. The largest hail reported was 2.25 inches in diameter in Max in McLean County. The strongest wind gust was also measured in McLean County, with a 77 mph wind gust reported at a US Air Force Weather station just south of Max.",One window on house was broken.,CSV
202606,29,1438,202606,29,1443,214974,1351926,NORTH DAKOTA,38,2026,June,Hail,C,49,MCHENRY,BIS,29-JUN-26 14:38:00,CST-6,29-JUN-26 14:43:00,0,0,0,0,0.00K,0.00K,Public,1.00,,,,,,,,,,,2.49,NNE,SIMCOE,2.49,NNE,SIMCOE,48.2,-100.84,48.2,-100.84,"A low pressure over the Northern Plains, combined with a moist and unstable air mass, led to a conditional threat of severe thunderstorms as an upper level jet streak moved over North Dakota. Thunderstorms developed in the early afternoon along a quasi-stationary surface trough that was placed across central North Dakota. Numerous large hail and damaging thunderstorm wind gusts were reported across southwest and central North Dakota through the afternoon and evening as storms moved through. The largest hail reported was 2.25 inches in diameter in Max in McLean County. The strongest wind gust was also measured in McLean County, with a 77 mph wind gust reported at a US Air Force Weather station just south of Max.",,CSV
202606,27,1751,202606,27,1754,214972,1348831,NORTH DAKOTA,38,2026,June,Thunderstorm Wind,C,33,GOLDEN VALLEY,BIS,27-JUN-26 17:51:00,MST-7,27-JUN-26 17:54:00,0,0,0,0,0.00K,0.00K,Mesonet,51.00,MG,,,,,,,,,,8.49,E,SENTINEL BUTTE,8.49,E,SENTINEL BUTTE,46.92,-103.65,46.92,-103.65,"A warm front lifted across North Dakota while strong southerly surface flow increased temperatures and dew points over the region. As a surface trough tracked to the east, storms developed in eastern Montana and moved into western North Dakota during the evening. Storms quickly formed a line as they continued moving east-northeast, with powerful wind gusts the primary hazard across western and portions of central North Dakota. A tornado occurred approximately 7 miles north-northeast of Belfield in Billings County. The track was less than one mile long and wind speeds were estimated up to 90 mph, leading to an EF-1 rating. Damaging wind gusts of 60 to 80 mph were common across the area as storms moved through. The most significant damage occurred in a neighborhood west of Williston. The Emergency Manager reported debris in a southwest to northeast orientation, consistent with straight line winds. Notable damage includes two homes with roofs uplifted and partially blown off. Other damage includes sheds, enclosed trailers, and campers damaged or destroyed. Some tree damage was also noted. Damage is consistent with wind speeds around 95 mph.",Medora mesonet station reported wind gusts up to 59 mph.,CSV
202606,27,1752,202606,27,1756,214972,1348832,NORTH DAKOTA,38,2026,June,Thunderstorm Wind,C,33,GOLDEN VALLEY,BIS,27-JUN-26 17:52:00,MST-7,27-JUN-26 17:56:00,0,0,0,0,0.00K,0.00K,Mesonet,75.00,MG,,,,,,,,,,9.74,SE,TROTTERS,9.74,SE,TROTTERS,47.21,-103.79,47.21,-103.79,"A warm front lifted across North Dakota while strong southerly surface flow increased temperatures and dew points over the region. As a surface trough tracked to the east, storms developed in eastern Montana and moved into western North Dakota during the evening. Storms quickly formed a line as they continued moving east-northeast, with powerful wind gusts the primary hazard across western and portions of central North Dakota. A tornado occurred approximately 7 miles north-northeast of Belfield in Billings County. The track was less than one mile long and wind speeds were estimated up to 90 mph, leading to an EF-1 rating. Damaging wind gusts of 60 to 80 mph were common across the area as storms moved through. The most significant damage occurred in a neighborhood west of Williston. The Emergency Manager reported debris in a southwest to northeast orientation, consistent with straight line winds. Notable damage includes two homes with roofs uplifted and partially blown off. Other damage includes sheds, enclosed trailers, and campers damaged or destroyed. Some tree damage was also noted. Damage is consistent with wind speeds around 95 mph.",Mosher NDAWN reported wind gusts up to 86 mph.,CSV
202606,29,1440,202606,29,1444,214974,1351927,NORTH DAKOTA,38,2026,June,Hail,C,49,MCHENRY,BIS,29-JUN-26 14:40:00,CST-6,29-JUN-26 14:44:00,0,0,0,0,0.00K,0.00K,Broadcast Media,1.25,,,,,,,,,,,2.49,NNE,SIMCOE,2.49,NNE,SIMCOE,48.2,-100.84,48.2,-100.84,"A low pressure over the Northern Plains, combined with a moist and unstable air mass, led to a conditional threat of severe thunderstorms as an upper level jet streak moved over North Dakota. Thunderstorms developed in the early afternoon along a quasi-stationary surface trough that was placed across central North Dakota. Numerous large hail and damaging thunderstorm wind gusts were reported across southwest and central North Dakota through the afternoon and evening as storms moved through. The largest hail reported was 2.25 inches in diameter in Max in McLean County. The strongest wind gust was also measured in McLean County, with a 77 mph wind gust reported at a US Air Force Weather station just south of Max.",,CSV
202606,29,1441,202606,29,1445,214974,1351928,NORTH DAKOTA,38,2026,June,Hail,C,15,BURLEIGH,BIS,29-JUN-26 14:41:00,CST-6,29-JUN-26 14:45:00,0,0,0,0,0.00K,0.00K,Trained Spotter,1.00,,,,,,,,,,,4.17,N,BISMARCK,4.17,N,BISMARCK,46.86,-100.78,46.86,-100.78,"A low pressure over the Northern Plains, combined with a moist and unstable air mass, led to a conditional threat of severe thunderstorms as an upper level jet streak moved over North Dakota. Thunderstorms developed in the early afternoon along a quasi-stationary surface trough that was placed across central North Dakota. Numerous large hail and damaging thunderstorm wind gusts were reported across southwest and central North Dakota through the afternoon and evening as storms moved through. The largest hail reported was 2.25 inches in diameter in Max in McLean County. The strongest wind gust was also measured in McLean County, with a 77 mph wind gust reported at a US Air Force Weather station just south of Max.",,CSV
202606,29,1445,202606,29,1448,214974,1351929,NORTH DAKOTA,38,2026,June,Hail,C,15,BURLEIGH,BIS,29-JUN-26 14:45:00,CST-6,29-JUN-26 14:48:00,0,0,0,0,0.00K,0.00K,Trained Spotter,2.00,,,,,,,,,,,6.93,N,BISMARCK,6.93,N,BISMARCK,46.9,-100.76,46.9,-100.76,"A low pressure over the Northern Plains, combined with a moist and unstable air mass, led to a conditional threat of severe thunderstorms as an upper level jet streak moved over North Dakota. Thunderstorms developed in the early afternoon along a quasi-stationary surface trough that was placed across central North Dakota. Numerous large hail and damaging thunderstorm wind gusts were reported across southwest and central North Dakota through the afternoon and evening as storms moved through. The largest hail reported was 2.25 inches in diameter in Max in McLean County. The strongest wind gust was also measured in McLean County, with a 77 mph wind gust reported at a US Air Force Weather station just south of Max.",,CSV
202606,27,1818,202606,27,1822,214972,1348833,NORTH DAKOTA,38,2026,June,Thunderstorm Wind,C,89,STARK,BIS,27-JUN-26 18:18:00,MST-7,27-JUN-26 18:22:00,0,0,0,0,0.00K,0.00K,ASOS,59.00,MG,,,,,,,,,,0,N,(DIK)DICKINSON MUNI,0,N,(DIK)DICKINSON MUNI,46.8,-102.8,46.8,-102.8,"A warm front lifted across North Dakota while strong southerly surface flow increased temperatures and dew points over the region. As a surface trough tracked to the east, storms developed in eastern Montana and moved into western North Dakota during the evening. Storms quickly formed a line as they continued moving east-northeast, with powerful wind gusts the primary hazard across western and portions of central North Dakota. A tornado occurred approximately 7 miles north-northeast of Belfield in Billings County. The track was less than one mile long and wind speeds were estimated up to 90 mph, leading to an EF-1 rating. Damaging wind gusts of 60 to 80 mph were common across the area as storms moved through. The most significant damage occurred in a neighborhood west of Williston. The Emergency Manager reported debris in a southwest to northeast orientation, consistent with straight line winds. Notable damage includes two homes with roofs uplifted and partially blown off. Other damage includes sheds, enclosed trailers, and campers damaged or destroyed. Some tree damage was also noted. Damage is consistent with wind speeds around 95 mph.",Dickinson Airport ASOS reported wind gusts up to 68 mph.,CSV
202606,27,1830,202606,27,1833,214972,1348834,NORTH DAKOTA,38,2026,June,Thunderstorm Wind,C,25,DUNN,BIS,27-JUN-26 18:30:00,MST-7,27-JUN-26 18:33:00,0,0,0,0,0.00K,0.00K,Mesonet,70.00,MG,,,,,,,,,,3.95,SW,MANNING,3.95,SW,MANNING,47.19,-102.83,47.19,-102.83,"A warm front lifted across North Dakota while strong southerly surface flow increased temperatures and dew points over the region. As a surface trough tracked to the east, storms developed in eastern Montana and moved into western North Dakota during the evening. Storms quickly formed a line as they continued moving east-northeast, with powerful wind gusts the primary hazard across western and portions of central North Dakota. A tornado occurred approximately 7 miles north-northeast of Belfield in Billings County. The track was less than one mile long and wind speeds were estimated up to 90 mph, leading to an EF-1 rating. Damaging wind gusts of 60 to 80 mph were common across the area as storms moved through. The most significant damage occurred in a neighborhood west of Williston. The Emergency Manager reported debris in a southwest to northeast orientation, consistent with straight line winds. Notable damage includes two homes with roofs uplifted and partially blown off. Other damage includes sheds, enclosed trailers, and campers damaged or destroyed. Some tree damage was also noted. Damage is consistent with wind speeds around 95 mph.",Manning NDAWN reported wind gusts up to 80 mph.,CSV
202606,29,1504,202606,29,1507,214974,1351930,NORTH DAKOTA,38,2026,June,Hail,C,1,ADAMS,BIS,29-JUN-26 15:04:00,MST-7,29-JUN-26 15:07:00,0,0,0,0,0.00K,0.00K,Emergency Manager,1.00,,,,,,,,,,,.48,W,HETTINGER,.48,W,HETTINGER,46,-102.64,46,-102.64,"A low pressure over the Northern Plains, combined with a moist and unstable air mass, led to a conditional threat of severe thunderstorms as an upper level jet streak moved over North Dakota. Thunderstorms developed in the early afternoon along a quasi-stationary surface trough that was placed across central North Dakota. Numerous large hail and damaging thunderstorm wind gusts were reported across southwest and central North Dakota through the afternoon and evening as storms moved through. The largest hail reported was 2.25 inches in diameter in Max in McLean County. The strongest wind gust was also measured in McLean County, with a 77 mph wind gust reported at a US Air Force Weather station just south of Max.",,CSV
202606,29,1510,202606,29,1515,214974,1351931,NORTH DAKOTA,38,2026,June,Hail,C,15,BURLEIGH,BIS,29-JUN-26 15:10:00,CST-6,29-JUN-26 15:15:00,0,0,0,0,0.00K,0.00K,Public,1.50,,,,,,,,,,,8.98,S,REGAN,8.98,S,REGAN,47.02,-100.53,47.02,-100.53,"A low pressure over the Northern Plains, combined with a moist and unstable air mass, led to a conditional threat of severe thunderstorms as an upper level jet streak moved over North Dakota. Thunderstorms developed in the early afternoon along a quasi-stationary surface trough that was placed across central North Dakota. Numerous large hail and damaging thunderstorm wind gusts were reported across southwest and central North Dakota through the afternoon and evening as storms moved through. The largest hail reported was 2.25 inches in diameter in Max in McLean County. The strongest wind gust was also measured in McLean County, with a 77 mph wind gust reported at a US Air Force Weather station just south of Max.",,CSV
202606,29,1510,202606,29,1515,214974,1351932,NORTH DAKOTA,38,2026,June,Thunderstorm Wind,C,55,MCLEAN,BIS,29-JUN-26 15:10:00,CST-6,29-JUN-26 15:15:00,0,0,0,0,0.00K,0.00K,ASOS,54.00,MG,,,,,,,,,,.47,W,GARRISON,.47,W,GARRISON,47.65,-101.43,47.65,-101.43,"A low pressure over the Northern Plains, combined with a moist and unstable air mass, led to a conditional threat of severe thunderstorms as an upper level jet streak moved over North Dakota. Thunderstorms developed in the early afternoon along a quasi-stationary surface trough that was placed across central North Dakota. Numerous large hail and damaging thunderstorm wind gusts were reported across southwest and central North Dakota through the afternoon and evening as storms moved through. The largest hail reported was 2.25 inches in diameter in Max in McLean County. The strongest wind gust was also measured in McLean County, with a 77 mph wind gust reported at a US Air Force Weather station just south of Max.",Garrison ASOS reported wind gusts up to 62 mph.,CSV
202606,27,1830,202606,27,1834,214972,1348836,NORTH DAKOTA,38,2026,June,Thunderstorm Wind,C,87,SLOPE,BIS,27-JUN-26 18:30:00,MST-7,27-JUN-26 18:34:00,0,0,0,0,0.00K,0.00K,Mesonet,56.00,MG,,,,,,,,,,10.67,WNW,AMIDON,10.67,WNW,AMIDON,46.55,-103.52,46.55,-103.52,"A warm front lifted across North Dakota while strong southerly surface flow increased temperatures and dew points over the region. As a surface trough tracked to the east, storms developed in eastern Montana and moved into western North Dakota during the evening. Storms quickly formed a line as they continued moving east-northeast, with powerful wind gusts the primary hazard across western and portions of central North Dakota. A tornado occurred approximately 7 miles north-northeast of Belfield in Billings County. The track was less than one mile long and wind speeds were estimated up to 90 mph, leading to an EF-1 rating. Damaging wind gusts of 60 to 80 mph were common across the area as storms moved through. The most significant damage occurred in a neighborhood west of Williston. The Emergency Manager reported debris in a southwest to northeast orientation, consistent with straight line winds. Notable damage includes two homes with roofs uplifted and partially blown off. Other damage includes sheds, enclosed trailers, and campers damaged or destroyed. Some tree damage was also noted. Damage is consistent with wind speeds around 95 mph.",Sand Creek mesonet station reported wind gusts up to 65 mph.,CSV
202606,27,1845,202606,27,1848,214972,1348837,NORTH DAKOTA,38,2026,June,Thunderstorm Wind,C,53,MCKENZIE,BIS,27-JUN-26 18:45:00,MST-7,27-JUN-26 18:48:00,0,0,0,0,0.00K,0.00K,Mesonet,55.00,MG,,,,,,,,,,6.29,N,CHARBONNEAU,6.29,N,CHARBONNEAU,47.94,-103.79,47.94,-103.79,"A warm front lifted across North Dakota while strong southerly surface flow increased temperatures and dew points over the region. As a surface trough tracked to the east, storms developed in eastern Montana and moved into western North Dakota during the evening. Storms quickly formed a line as they continued moving east-northeast, with powerful wind gusts the primary hazard across western and portions of central North Dakota. A tornado occurred approximately 7 miles north-northeast of Belfield in Billings County. The track was less than one mile long and wind speeds were estimated up to 90 mph, leading to an EF-1 rating. Damaging wind gusts of 60 to 80 mph were common across the area as storms moved through. The most significant damage occurred in a neighborhood west of Williston. The Emergency Manager reported debris in a southwest to northeast orientation, consistent with straight line winds. Notable damage includes two homes with roofs uplifted and partially blown off. Other damage includes sheds, enclosed trailers, and campers damaged or destroyed. Some tree damage was also noted. Damage is consistent with wind speeds around 95 mph.",Charbonneau NDAWN station reported wind gusts up to 63 mph.,CSV
202606,29,1520,202606,29,1532,214974,1351936,NORTH DAKOTA,38,2026,June,Hail,C,55,MCLEAN,BIS,29-JUN-26 15:20:00,CST-6,29-JUN-26 15:32:00,0,0,0,0,0.00K,0.00K,Other Federal Agency,1.25,,,,,,,,,,,5.36,SSW,MAX,5.36,SSW,MAX,47.75,-101.35,47.75,-101.35,"A low pressure over the Northern Plains, combined with a moist and unstable air mass, led to a conditional threat of severe thunderstorms as an upper level jet streak moved over North Dakota. Thunderstorms developed in the early afternoon along a quasi-stationary surface trough that was placed across central North Dakota. Numerous large hail and damaging thunderstorm wind gusts were reported across southwest and central North Dakota through the afternoon and evening as storms moved through. The largest hail reported was 2.25 inches in diameter in Max in McLean County. The strongest wind gust was also measured in McLean County, with a 77 mph wind gust reported at a US Air Force Weather station just south of Max.",,CSV
202606,29,1530,202606,29,1534,214974,1351939,NORTH DAKOTA,38,2026,June,Hail,C,55,MCLEAN,BIS,29-JUN-26 15:30:00,CST-6,29-JUN-26 15:34:00,0,0,0,0,0.00K,0.00K,Public,2.25,,,,,,,,,,,0,N,MAX,0,N,MAX,47.82,-101.3,47.82,-101.3,"A low pressure over the Northern Plains, combined with a moist and unstable air mass, led to a conditional threat of severe thunderstorms as an upper level jet streak moved over North Dakota. Thunderstorms developed in the early afternoon along a quasi-stationary surface trough that was placed across central North Dakota. Numerous large hail and damaging thunderstorm wind gusts were reported across southwest and central North Dakota through the afternoon and evening as storms moved through. The largest hail reported was 2.25 inches in diameter in Max in McLean County. The strongest wind gust was also measured in McLean County, with a 77 mph wind gust reported at a US Air Force Weather station just south of Max.",,CSV
202606,29,1534,202606,29,1539,214974,1351941,NORTH DAKOTA,38,2026,June,Thunderstorm Wind,C,101,WARD,BIS,29-JUN-26 15:34:00,CST-6,29-JUN-26 15:39:00,0,0,0,0,0.00K,0.00K,Mesonet,61.00,MG,,,,,,,,,,8.92,E,DOUGLAS,8.92,E,DOUGLAS,47.87,-101.31,47.87,-101.31,"A low pressure over the Northern Plains, combined with a moist and unstable air mass, led to a conditional threat of severe thunderstorms as an upper level jet streak moved over North Dakota. Thunderstorms developed in the early afternoon along a quasi-stationary surface trough that was placed across central North Dakota. Numerous large hail and damaging thunderstorm wind gusts were reported across southwest and central North Dakota through the afternoon and evening as storms moved through. The largest hail reported was 2.25 inches in diameter in Max in McLean County. The strongest wind gust was also measured in McLean County, with a 77 mph wind gust reported at a US Air Force Weather station just south of Max.",Max NDAWN station reported wind gusts up to 70 mph.,CSV
202606,27,1945,202606,27,1949,214972,1348838,NORTH DAKOTA,38,2026,June,Thunderstorm Wind,C,105,WILLIAMS,BIS,27-JUN-26 19:45:00,CST-6,27-JUN-26 19:49:00,0,0,0,0,0.00K,0.00K,Mesonet,58.00,MG,,,,,,,,,,3.84,ESE,BUFORD,3.84,ESE,BUFORD,47.97,-103.93,47.97,-103.93,"A warm front lifted across North Dakota while strong southerly surface flow increased temperatures and dew points over the region. As a surface trough tracked to the east, storms developed in eastern Montana and moved into western North Dakota during the evening. Storms quickly formed a line as they continued moving east-northeast, with powerful wind gusts the primary hazard across western and portions of central North Dakota. A tornado occurred approximately 7 miles north-northeast of Belfield in Billings County. The track was less than one mile long and wind speeds were estimated up to 90 mph, leading to an EF-1 rating. Damaging wind gusts of 60 to 80 mph were common across the area as storms moved through. The most significant damage occurred in a neighborhood west of Williston. The Emergency Manager reported debris in a southwest to northeast orientation, consistent with straight line winds. Notable damage includes two homes with roofs uplifted and partially blown off. Other damage includes sheds, enclosed trailers, and campers damaged or destroyed. Some tree damage was also noted. Damage is consistent with wind speeds around 95 mph.",Buford NDAWN station reported wind gusts up to 67 mph.,CSV
202606,27,2000,202606,27,2005,214972,1348840,NORTH DAKOTA,38,2026,June,Thunderstorm Wind,C,105,WILLIAMS,BIS,27-JUN-26 20:00:00,CST-6,27-JUN-26 20:05:00,0,0,0,0,50.00K,0.00K,Emergency Manager,83.00,EG,,,,,,,,,,4.92,N,TRENTON,4.92,N,TRENTON,48.14,-103.87,48.14,-103.87,"A warm front lifted across North Dakota while strong southerly surface flow increased temperatures and dew points over the region. As a surface trough tracked to the east, storms developed in eastern Montana and moved into western North Dakota during the evening. Storms quickly formed a line as they continued moving east-northeast, with powerful wind gusts the primary hazard across western and portions of central North Dakota. A tornado occurred approximately 7 miles north-northeast of Belfield in Billings County. The track was less than one mile long and wind speeds were estimated up to 90 mph, leading to an EF-1 rating. Damaging wind gusts of 60 to 80 mph were common across the area as storms moved through. The most significant damage occurred in a neighborhood west of Williston. The Emergency Manager reported debris in a southwest to northeast orientation, consistent with straight line winds. Notable damage includes two homes with roofs uplifted and partially blown off. Other damage includes sheds, enclosed trailers, and campers damaged or destroyed. Some tree damage was also noted. Damage is consistent with wind speeds around 95 mph.","Significant storm damage caused by powerful thunderstorm wind gusts across nearly a mile in a neighborhood west of Williston. Emergency manager reported debris in a  southwest to northeast orientation, consistent with straight line winds. Notable damage includes two homes with roofs uplifted and partially blown off. One roof blown 100 yards away. Other damage includes sheds, enclosed trailers, and campers damaged or destroyed. Some tree damage also noted. Damage is consistent with winds around 95 mph.",CSV
202606,29,1534,202606,29,1538,214974,1351943,NORTH DAKOTA,38,2026,June,Thunderstorm Wind,C,55,MCLEAN,BIS,29-JUN-26 15:34:00,CST-6,29-JUN-26 15:38:00,0,0,0,0,0.00K,0.00K,Mesonet,67.00,MG,,,,,,,,,,1.38,S,MAX,1.38,S,MAX,47.8,-101.3,47.8,-101.3,"A low pressure over the Northern Plains, combined with a moist and unstable air mass, led to a conditional threat of severe thunderstorms as an upper level jet streak moved over North Dakota. Thunderstorms developed in the early afternoon along a quasi-stationary surface trough that was placed across central North Dakota. Numerous large hail and damaging thunderstorm wind gusts were reported across southwest and central North Dakota through the afternoon and evening as storms moved through. The largest hail reported was 2.25 inches in diameter in Max in McLean County. The strongest wind gust was also measured in McLean County, with a 77 mph wind gust reported at a US Air Force Weather station just south of Max.",US Air Force weather station reported wind gusts up to 77 mph.,CSV
202606,29,1552,202606,29,1557,214974,1351944,NORTH DAKOTA,38,2026,June,Thunderstorm Wind,C,101,WARD,BIS,29-JUN-26 15:52:00,CST-6,29-JUN-26 15:57:00,0,0,0,0,0.00K,0.00K,Mesonet,51.00,MG,,,,,,,,,,7.15,SSW,SAWYER,7.15,SSW,SAWYER,47.98,-101.09,47.98,-101.09,"A low pressure over the Northern Plains, combined with a moist and unstable air mass, led to a conditional threat of severe thunderstorms as an upper level jet streak moved over North Dakota. Thunderstorms developed in the early afternoon along a quasi-stationary surface trough that was placed across central North Dakota. Numerous large hail and damaging thunderstorm wind gusts were reported across southwest and central North Dakota through the afternoon and evening as storms moved through. The largest hail reported was 2.25 inches in diameter in Max in McLean County. The strongest wind gust was also measured in McLean County, with a 77 mph wind gust reported at a US Air Force Weather station just south of Max.",Sawyer NDAWN station reported wind gusts up to 59 mph.,CSV
202606,29,1555,202606,29,1559,214974,1351945,NORTH DAKOTA,38,2026,June,Hail,C,15,BURLEIGH,BIS,29-JUN-26 15:55:00,CST-6,29-JUN-26 15:59:00,0,0,0,0,0.00K,0.00K,Public,1.50,,,,,,,,,,,2.13,NNE,ARENA,2.13,NNE,ARENA,47.16,-100.16,47.16,-100.16,"A low pressure over the Northern Plains, combined with a moist and unstable air mass, led to a conditional threat of severe thunderstorms as an upper level jet streak moved over North Dakota. Thunderstorms developed in the early afternoon along a quasi-stationary surface trough that was placed across central North Dakota. Numerous large hail and damaging thunderstorm wind gusts were reported across southwest and central North Dakota through the afternoon and evening as storms moved through. The largest hail reported was 2.25 inches in diameter in Max in McLean County. The strongest wind gust was also measured in McLean County, with a 77 mph wind gust reported at a US Air Force Weather station just south of Max.",,CSV
202606,9,1917,202606,9,1921,214965,1348796,NORTH DAKOTA,38,2026,June,Thunderstorm Wind,C,13,BURKE,BIS,09-JUN-26 19:17:00,CST-6,09-JUN-26 19:21:00,0,0,0,0,0.00K,0.00K,Mesonet,55.00,MG,,,,,,,,,,1.45,NNE,BOWBELLS,1.45,NNE,BOWBELLS,48.82,-102.24,48.82,-102.24,"A surface trough and low-level jet combined with a very moist and unstable air mass that led to severe thunderstorm development along the triple point of a surface low in west central North Dakota. Thunderstorms developed during the afternoon in southwest North Dakota, with additional storms in the far northwest. Storms gradually moved to the north-northeast through the evening in a primarily cluster storm mode. The area of most significant damage was in Ward and McHenry Counties. In the town of Sawyer in Ward County, the Emergency Manager reported damage from powerful thunderstorm wind gusts that resulted in power outages, trees on roads, and a large tree that fell onto a house and made a hole in the roof. Northeast of Deering in McHenry County, there was significant damage to a homestead due to thunderstorm wind gusts. A barn on the property had roof panels ripped off and some collapse of the wood frame structure for the roof. Damage in both of these locations were consistent with wind speeds around 90 mph. The largest reported hail was 3 inches in diameter, a few miles west of Fortuna in Divide County. One tornado occurred with these storms, and was reported approximately 3 miles east of Noonan in Divide County. It was a very brief tornado and caused no known damage, so has been rated EF-Unknown by NWS policy.",Bowbells NDAWN reported wind gusts up to 63 mph.,CSV
202606,9,1942,202606,9,1945,214965,1348797,NORTH DAKOTA,38,2026,June,Thunderstorm Wind,C,43,KIDDER,BIS,09-JUN-26 19:42:00,CST-6,09-JUN-26 19:45:00,0,0,0,0,0.00K,0.00K,Mesonet,52.00,MG,,,,,,,,,,2.8,N,STEELE MUNI ARPT,2.8,N,STEELE MUNI ARPT,46.89,-99.99,46.89,-99.99,"A surface trough and low-level jet combined with a very moist and unstable air mass that led to severe thunderstorm development along the triple point of a surface low in west central North Dakota. Thunderstorms developed during the afternoon in southwest North Dakota, with additional storms in the far northwest. Storms gradually moved to the north-northeast through the evening in a primarily cluster storm mode. The area of most significant damage was in Ward and McHenry Counties. In the town of Sawyer in Ward County, the Emergency Manager reported damage from powerful thunderstorm wind gusts that resulted in power outages, trees on roads, and a large tree that fell onto a house and made a hole in the roof. Northeast of Deering in McHenry County, there was significant damage to a homestead due to thunderstorm wind gusts. A barn on the property had roof panels ripped off and some collapse of the wood frame structure for the roof. Damage in both of these locations were consistent with wind speeds around 90 mph. The largest reported hail was 3 inches in diameter, a few miles west of Fortuna in Divide County. One tornado occurred with these storms, and was reported approximately 3 miles east of Noonan in Divide County. It was a very brief tornado and caused no known damage, so has been rated EF-Unknown by NWS policy.",Steele NDAWN reported wind gusts up to 60 mph.,CSV
202606,27,2006,202606,27,2009,214972,1348842,NORTH DAKOTA,38,2026,June,Thunderstorm Wind,C,105,WILLIAMS,BIS,27-JUN-26 20:06:00,CST-6,27-JUN-26 20:09:00,0,0,0,0,0.00K,0.00K,Mesonet,63.00,MG,,,,,,,,,,11.39,SSW,BONETRAILL,11.39,SSW,BONETRAILL,48.26,-103.91,48.26,-103.91,"A warm front lifted across North Dakota while strong southerly surface flow increased temperatures and dew points over the region. As a surface trough tracked to the east, storms developed in eastern Montana and moved into western North Dakota during the evening. Storms quickly formed a line as they continued moving east-northeast, with powerful wind gusts the primary hazard across western and portions of central North Dakota. A tornado occurred approximately 7 miles north-northeast of Belfield in Billings County. The track was less than one mile long and wind speeds were estimated up to 90 mph, leading to an EF-1 rating. Damaging wind gusts of 60 to 80 mph were common across the area as storms moved through. The most significant damage occurred in a neighborhood west of Williston. The Emergency Manager reported debris in a southwest to northeast orientation, consistent with straight line winds. Notable damage includes two homes with roofs uplifted and partially blown off. Other damage includes sheds, enclosed trailers, and campers damaged or destroyed. Some tree damage was also noted. Damage is consistent with wind speeds around 95 mph.",Pioneer NDAWN station reported wind gusts up to 72 mph.,CSV
202606,27,2011,202606,27,2015,214972,1348843,NORTH DAKOTA,38,2026,June,Thunderstorm Wind,C,105,WILLIAMS,BIS,27-JUN-26 20:11:00,CST-6,27-JUN-26 20:15:00,0,0,0,0,0.00K,0.00K,Mesonet,52.00,MG,,,,,,,,,,5.55,S,BONETRAILL,5.55,S,BONETRAILL,48.34,-103.86,48.34,-103.86,"A warm front lifted across North Dakota while strong southerly surface flow increased temperatures and dew points over the region. As a surface trough tracked to the east, storms developed in eastern Montana and moved into western North Dakota during the evening. Storms quickly formed a line as they continued moving east-northeast, with powerful wind gusts the primary hazard across western and portions of central North Dakota. A tornado occurred approximately 7 miles north-northeast of Belfield in Billings County. The track was less than one mile long and wind speeds were estimated up to 90 mph, leading to an EF-1 rating. Damaging wind gusts of 60 to 80 mph were common across the area as storms moved through. The most significant damage occurred in a neighborhood west of Williston. The Emergency Manager reported debris in a southwest to northeast orientation, consistent with straight line winds. Notable damage includes two homes with roofs uplifted and partially blown off. Other damage includes sheds, enclosed trailers, and campers damaged or destroyed. Some tree damage was also noted. Damage is consistent with wind speeds around 95 mph.",Personal weather station reported wind gusts up to 60 mph.,CSV
202606,29,1609,202606,29,1614,214974,1351946,NORTH DAKOTA,38,2026,June,Thunderstorm Wind,C,49,MCHENRY,BIS,29-JUN-26 16:09:00,CST-6,29-JUN-26 16:14:00,0,0,0,0,0.00K,0.00K,Public,52.00,MG,,,,,,,,,,.83,SW,VELVA,.83,SW,VELVA,48.06,-100.94,48.06,-100.94,"A low pressure over the Northern Plains, combined with a moist and unstable air mass, led to a conditional threat of severe thunderstorms as an upper level jet streak moved over North Dakota. Thunderstorms developed in the early afternoon along a quasi-stationary surface trough that was placed across central North Dakota. Numerous large hail and damaging thunderstorm wind gusts were reported across southwest and central North Dakota through the afternoon and evening as storms moved through. The largest hail reported was 2.25 inches in diameter in Max in McLean County. The strongest wind gust was also measured in McLean County, with a 77 mph wind gust reported at a US Air Force Weather station just south of Max.",Personal weather station measured wind gusts up to 60 mph.,CSV
202606,29,1800,202606,29,1803,214974,1351947,NORTH DAKOTA,38,2026,June,Hail,C,89,STARK,BIS,29-JUN-26 18:00:00,MST-7,29-JUN-26 18:03:00,0,0,0,0,0.00K,0.00K,Public,1.00,,,,,,,,,,,.84,SE,SOUTH HEART,.84,SE,SOUTH HEART,46.86,-102.99,46.86,-102.99,"A low pressure over the Northern Plains, combined with a moist and unstable air mass, led to a conditional threat of severe thunderstorms as an upper level jet streak moved over North Dakota. Thunderstorms developed in the early afternoon along a quasi-stationary surface trough that was placed across central North Dakota. Numerous large hail and damaging thunderstorm wind gusts were reported across southwest and central North Dakota through the afternoon and evening as storms moved through. The largest hail reported was 2.25 inches in diameter in Max in McLean County. The strongest wind gust was also measured in McLean County, with a 77 mph wind gust reported at a US Air Force Weather station just south of Max.",,CSV
202606,29,1825,202606,29,1829,214974,1351948,NORTH DAKOTA,38,2026,June,Hail,C,41,HETTINGER,BIS,29-JUN-26 18:25:00,MST-7,29-JUN-26 18:29:00,0,0,0,0,0.00K,0.00K,COOP Observer,1.00,,,,,,,,,,,1.18,NW,NEW ENGLAND,1.18,NW,NEW ENGLAND,46.54,-102.87,46.54,-102.87,"A low pressure over the Northern Plains, combined with a moist and unstable air mass, led to a conditional threat of severe thunderstorms as an upper level jet streak moved over North Dakota. Thunderstorms developed in the early afternoon along a quasi-stationary surface trough that was placed across central North Dakota. Numerous large hail and damaging thunderstorm wind gusts were reported across southwest and central North Dakota through the afternoon and evening as storms moved through. The largest hail reported was 2.25 inches in diameter in Max in McLean County. The strongest wind gust was also measured in McLean County, with a 77 mph wind gust reported at a US Air Force Weather station just south of Max.",,CSV
202606,9,1947,202606,9,1951,214965,1348798,NORTH DAKOTA,38,2026,June,Thunderstorm Wind,C,15,BURLEIGH,BIS,09-JUN-26 19:47:00,CST-6,09-JUN-26 19:51:00,0,0,0,0,0.00K,0.00K,Mesonet,63.00,MG,,,,,,,,,,1.9,E,MOFFIT,1.9,E,MOFFIT,46.68,-100.24,46.68,-100.24,"A surface trough and low-level jet combined with a very moist and unstable air mass that led to severe thunderstorm development along the triple point of a surface low in west central North Dakota. Thunderstorms developed during the afternoon in southwest North Dakota, with additional storms in the far northwest. Storms gradually moved to the north-northeast through the evening in a primarily cluster storm mode. The area of most significant damage was in Ward and McHenry Counties. In the town of Sawyer in Ward County, the Emergency Manager reported damage from powerful thunderstorm wind gusts that resulted in power outages, trees on roads, and a large tree that fell onto a house and made a hole in the roof. Northeast of Deering in McHenry County, there was significant damage to a homestead due to thunderstorm wind gusts. A barn on the property had roof panels ripped off and some collapse of the wood frame structure for the roof. Damage in both of these locations were consistent with wind speeds around 90 mph. The largest reported hail was 3 inches in diameter, a few miles west of Fortuna in Divide County. One tornado occurred with these storms, and was reported approximately 3 miles east of Noonan in Divide County. It was a very brief tornado and caused no known damage, so has been rated EF-Unknown by NWS policy.",Long Lake mesonet station reported wind gusts up to 73 mph.,CSV
202606,9,2016,202606,9,2020,214965,1348800,NORTH DAKOTA,38,2026,June,Thunderstorm Wind,C,103,WELLS,BIS,09-JUN-26 20:16:00,CST-6,09-JUN-26 20:20:00,0,0,0,0,0.00K,0.00K,AWOS,53.00,MG,,,,,,,,,,1.38,S,HARVEY ARPT,1.38,S,HARVEY ARPT,47.78,-99.93,47.78,-99.93,"A surface trough and low-level jet combined with a very moist and unstable air mass that led to severe thunderstorm development along the triple point of a surface low in west central North Dakota. Thunderstorms developed during the afternoon in southwest North Dakota, with additional storms in the far northwest. Storms gradually moved to the north-northeast through the evening in a primarily cluster storm mode. The area of most significant damage was in Ward and McHenry Counties. In the town of Sawyer in Ward County, the Emergency Manager reported damage from powerful thunderstorm wind gusts that resulted in power outages, trees on roads, and a large tree that fell onto a house and made a hole in the roof. Northeast of Deering in McHenry County, there was significant damage to a homestead due to thunderstorm wind gusts. A barn on the property had roof panels ripped off and some collapse of the wood frame structure for the roof. Damage in both of these locations were consistent with wind speeds around 90 mph. The largest reported hail was 3 inches in diameter, a few miles west of Fortuna in Divide County. One tornado occurred with these storms, and was reported approximately 3 miles east of Noonan in Divide County. It was a very brief tornado and caused no known damage, so has been rated EF-Unknown by NWS policy.",Harvey AWOS station reported wind gusts up to 61 mph.,CSV
202606,27,2015,202606,27,2018,214972,1348846,NORTH DAKOTA,38,2026,June,Thunderstorm Wind,C,105,WILLIAMS,BIS,27-JUN-26 20:15:00,CST-6,27-JUN-26 20:18:00,0,0,0,0,0.00K,0.00K,ASOS,60.00,MG,,,,,,,,,,7.74,NW,(ISN)SLOULIN FLD WIL,7.74,NW,(ISN)SLOULIN FLD WIL,48.27,-103.75,48.27,-103.75,"A warm front lifted across North Dakota while strong southerly surface flow increased temperatures and dew points over the region. As a surface trough tracked to the east, storms developed in eastern Montana and moved into western North Dakota during the evening. Storms quickly formed a line as they continued moving east-northeast, with powerful wind gusts the primary hazard across western and portions of central North Dakota. A tornado occurred approximately 7 miles north-northeast of Belfield in Billings County. The track was less than one mile long and wind speeds were estimated up to 90 mph, leading to an EF-1 rating. Damaging wind gusts of 60 to 80 mph were common across the area as storms moved through. The most significant damage occurred in a neighborhood west of Williston. The Emergency Manager reported debris in a southwest to northeast orientation, consistent with straight line winds. Notable damage includes two homes with roofs uplifted and partially blown off. Other damage includes sheds, enclosed trailers, and campers damaged or destroyed. Some tree damage was also noted. Damage is consistent with wind speeds around 95 mph.",Williston Airport ASOS reported wind gusts up to 69 mph.,CSV
202606,27,2020,202606,27,2024,214972,1348847,NORTH DAKOTA,38,2026,June,Thunderstorm Wind,C,105,WILLIAMS,BIS,27-JUN-26 20:20:00,CST-6,27-JUN-26 20:24:00,0,0,0,0,5.00K,0.00K,Emergency Manager,61.00,EG,,,,,,,,,,2.27,SSW,(ISN)SLOULIN FLD WIL,2.27,SSW,(ISN)SLOULIN FLD WIL,48.15,-103.67,48.15,-103.67,"A warm front lifted across North Dakota while strong southerly surface flow increased temperatures and dew points over the region. As a surface trough tracked to the east, storms developed in eastern Montana and moved into western North Dakota during the evening. Storms quickly formed a line as they continued moving east-northeast, with powerful wind gusts the primary hazard across western and portions of central North Dakota. A tornado occurred approximately 7 miles north-northeast of Belfield in Billings County. The track was less than one mile long and wind speeds were estimated up to 90 mph, leading to an EF-1 rating. Damaging wind gusts of 60 to 80 mph were common across the area as storms moved through. The most significant damage occurred in a neighborhood west of Williston. The Emergency Manager reported debris in a southwest to northeast orientation, consistent with straight line winds. Notable damage includes two homes with roofs uplifted and partially blown off. Other damage includes sheds, enclosed trailers, and campers damaged or destroyed. Some tree damage was also noted. Damage is consistent with wind speeds around 95 mph.",Emergency manager reported damage from strong wind gusts in Williston. Power lines are down in the city and there was damage to the top of a tall car dealership sign.,CSV
202606,29,2005,202606,29,2009,214974,1351949,NORTH DAKOTA,38,2026,June,Hail,C,43,KIDDER,BIS,29-JUN-26 20:05:00,CST-6,29-JUN-26 20:09:00,0,0,0,0,0.00K,0.00K,Public,1.00,,,,,,,,,,,0,N,PETTIBONE,0,N,PETTIBONE,47.12,-99.52,47.12,-99.52,"A low pressure over the Northern Plains, combined with a moist and unstable air mass, led to a conditional threat of severe thunderstorms as an upper level jet streak moved over North Dakota. Thunderstorms developed in the early afternoon along a quasi-stationary surface trough that was placed across central North Dakota. Numerous large hail and damaging thunderstorm wind gusts were reported across southwest and central North Dakota through the afternoon and evening as storms moved through. The largest hail reported was 2.25 inches in diameter in Max in McLean County. The strongest wind gust was also measured in McLean County, with a 77 mph wind gust reported at a US Air Force Weather station just south of Max.",,CSV
202606,29,2115,202606,29,2120,214974,1351951,NORTH DAKOTA,38,2026,June,Thunderstorm Wind,C,69,PIERCE,BIS,29-JUN-26 21:15:00,CST-6,29-JUN-26 21:20:00,0,0,0,0,0.00K,0.00K,Mesonet,55.00,MG,,,,,,,,,,1.96,WNW,RUGBY,1.96,WNW,RUGBY,48.38,-100.02,48.38,-100.02,"A low pressure over the Northern Plains, combined with a moist and unstable air mass, led to a conditional threat of severe thunderstorms as an upper level jet streak moved over North Dakota. Thunderstorms developed in the early afternoon along a quasi-stationary surface trough that was placed across central North Dakota. Numerous large hail and damaging thunderstorm wind gusts were reported across southwest and central North Dakota through the afternoon and evening as storms moved through. The largest hail reported was 2.25 inches in diameter in Max in McLean County. The strongest wind gust was also measured in McLean County, with a 77 mph wind gust reported at a US Air Force Weather station just south of Max.",Rugby AWOS station reported wind gusts up to 63 mph.,CSV
202606,29,2215,202606,29,2220,214974,1351954,NORTH DAKOTA,38,2026,June,Thunderstorm Wind,C,79,ROLETTE,BIS,29-JUN-26 22:15:00,CST-6,29-JUN-26 22:20:00,0,0,0,0,0.00K,0.00K,AWOS,52.00,MG,,,,,,,,,,2.26,NNW,ROLLA,2.26,NNW,ROLLA,48.88,-99.62,48.88,-99.62,"A low pressure over the Northern Plains, combined with a moist and unstable air mass, led to a conditional threat of severe thunderstorms as an upper level jet streak moved over North Dakota. Thunderstorms developed in the early afternoon along a quasi-stationary surface trough that was placed across central North Dakota. Numerous large hail and damaging thunderstorm wind gusts were reported across southwest and central North Dakota through the afternoon and evening as storms moved through. The largest hail reported was 2.25 inches in diameter in Max in McLean County. The strongest wind gust was also measured in McLean County, with a 77 mph wind gust reported at a US Air Force Weather station just south of Max.",Rolla AWOS station reported wind gusts up to 60 mph.,CSV
202606,9,2019,202606,9,2022,214965,1348801,NORTH DAKOTA,38,2026,June,Thunderstorm Wind,C,103,WELLS,BIS,09-JUN-26 20:19:00,CST-6,09-JUN-26 20:22:00,0,0,0,0,0.00K,0.00K,Storm Chaser,52.00,EG,,,,,,,,,,4.93,S,HARVEY,4.93,S,HARVEY,47.7,-99.92,47.7,-99.92,"A surface trough and low-level jet combined with a very moist and unstable air mass that led to severe thunderstorm development along the triple point of a surface low in west central North Dakota. Thunderstorms developed during the afternoon in southwest North Dakota, with additional storms in the far northwest. Storms gradually moved to the north-northeast through the evening in a primarily cluster storm mode. The area of most significant damage was in Ward and McHenry Counties. In the town of Sawyer in Ward County, the Emergency Manager reported damage from powerful thunderstorm wind gusts that resulted in power outages, trees on roads, and a large tree that fell onto a house and made a hole in the roof. Northeast of Deering in McHenry County, there was significant damage to a homestead due to thunderstorm wind gusts. A barn on the property had roof panels ripped off and some collapse of the wood frame structure for the roof. Damage in both of these locations were consistent with wind speeds around 90 mph. The largest reported hail was 3 inches in diameter, a few miles west of Fortuna in Divide County. One tornado occurred with these storms, and was reported approximately 3 miles east of Noonan in Divide County. It was a very brief tornado and caused no known damage, so has been rated EF-Unknown by NWS policy.",Storm chasers reported wind gusts up to 60 mph.,CSV
202606,9,2030,202606,9,2034,214965,1348802,NORTH DAKOTA,38,2026,June,Thunderstorm Wind,C,103,WELLS,BIS,09-JUN-26 20:30:00,CST-6,09-JUN-26 20:34:00,0,0,0,0,0.00K,0.00K,Public,52.00,EG,,,,,,,,,,.83,NW,FESSENDEN,.83,NW,FESSENDEN,47.66,-99.63,47.66,-99.63,"A surface trough and low-level jet combined with a very moist and unstable air mass that led to severe thunderstorm development along the triple point of a surface low in west central North Dakota. Thunderstorms developed during the afternoon in southwest North Dakota, with additional storms in the far northwest. Storms gradually moved to the north-northeast through the evening in a primarily cluster storm mode. The area of most significant damage was in Ward and McHenry Counties. In the town of Sawyer in Ward County, the Emergency Manager reported damage from powerful thunderstorm wind gusts that resulted in power outages, trees on roads, and a large tree that fell onto a house and made a hole in the roof. Northeast of Deering in McHenry County, there was significant damage to a homestead due to thunderstorm wind gusts. A barn on the property had roof panels ripped off and some collapse of the wood frame structure for the roof. Damage in both of these locations were consistent with wind speeds around 90 mph. The largest reported hail was 3 inches in diameter, a few miles west of Fortuna in Divide County. One tornado occurred with these storms, and was reported approximately 3 miles east of Noonan in Divide County. It was a very brief tornado and caused no known damage, so has been rated EF-Unknown by NWS policy.",Public report of wind gusts up to 60 mph.,CSV
202606,27,2029,202606,27,2031,214972,1348848,NORTH DAKOTA,38,2026,June,Thunderstorm Wind,C,105,WILLIAMS,BIS,27-JUN-26 20:29:00,CST-6,27-JUN-26 20:31:00,0,0,0,0,0.00K,0.00K,Public,50.00,MG,,,,,,,,,,.46,W,GRENORA,.46,W,GRENORA,48.62,-103.94,48.62,-103.94,"A warm front lifted across North Dakota while strong southerly surface flow increased temperatures and dew points over the region. As a surface trough tracked to the east, storms developed in eastern Montana and moved into western North Dakota during the evening. Storms quickly formed a line as they continued moving east-northeast, with powerful wind gusts the primary hazard across western and portions of central North Dakota. A tornado occurred approximately 7 miles north-northeast of Belfield in Billings County. The track was less than one mile long and wind speeds were estimated up to 90 mph, leading to an EF-1 rating. Damaging wind gusts of 60 to 80 mph were common across the area as storms moved through. The most significant damage occurred in a neighborhood west of Williston. The Emergency Manager reported debris in a southwest to northeast orientation, consistent with straight line winds. Notable damage includes two homes with roofs uplifted and partially blown off. Other damage includes sheds, enclosed trailers, and campers damaged or destroyed. Some tree damage was also noted. Damage is consistent with wind speeds around 95 mph.",Personal weather station reported wind gusts up to 60 mph.,CSV
202606,27,2031,202606,27,2034,214972,1348849,NORTH DAKOTA,38,2026,June,Thunderstorm Wind,C,105,WILLIAMS,BIS,27-JUN-26 20:31:00,CST-6,27-JUN-26 20:34:00,0,0,0,0,0.00K,0.00K,Public,56.00,MG,,,,,,,,,,.83,SSW,ZAHL,.83,SSW,ZAHL,48.56,-103.69,48.56,-103.69,"A warm front lifted across North Dakota while strong southerly surface flow increased temperatures and dew points over the region. As a surface trough tracked to the east, storms developed in eastern Montana and moved into western North Dakota during the evening. Storms quickly formed a line as they continued moving east-northeast, with powerful wind gusts the primary hazard across western and portions of central North Dakota. A tornado occurred approximately 7 miles north-northeast of Belfield in Billings County. The track was less than one mile long and wind speeds were estimated up to 90 mph, leading to an EF-1 rating. Damaging wind gusts of 60 to 80 mph were common across the area as storms moved through. The most significant damage occurred in a neighborhood west of Williston. The Emergency Manager reported debris in a southwest to northeast orientation, consistent with straight line winds. Notable damage includes two homes with roofs uplifted and partially blown off. Other damage includes sheds, enclosed trailers, and campers damaged or destroyed. Some tree damage was also noted. Damage is consistent with wind speeds around 95 mph.",Personal weather station reported wind gusts up to 65 mph.,CSV
202606,29,1900,202606,29,1902,214974,1358014,NORTH DAKOTA,38,2026,June,Funnel Cloud,C,41,HETTINGER,BIS,29-JUN-26 19:00:00,MST-7,29-JUN-26 19:02:00,0,0,0,0,0.00K,0.00K,Law Enforcement,,,,,,,,,,,,3.58,SSE,REGENT,3.58,SSE,REGENT,46.37,-102.53,46.37,-102.53,"A low pressure over the Northern Plains, combined with a moist and unstable air mass, led to a conditional threat of severe thunderstorms as an upper level jet streak moved over North Dakota. Thunderstorms developed in the early afternoon along a quasi-stationary surface trough that was placed across central North Dakota. Numerous large hail and damaging thunderstorm wind gusts were reported across southwest and central North Dakota through the afternoon and evening as storms moved through. The largest hail reported was 2.25 inches in diameter in Max in McLean County. The strongest wind gust was also measured in McLean County, with a 77 mph wind gust reported at a US Air Force Weather station just south of Max.",Multiple sources reported a funnel cloud west of Mott. Photo showed funnel about halfway to the ground. Exact location estimated from radar.,CSV
202606,9,2034,202606,9,2037,214965,1348803,NORTH DAKOTA,38,2026,June,Thunderstorm Wind,C,43,KIDDER,BIS,09-JUN-26 20:34:00,CST-6,09-JUN-26 20:37:00,0,0,0,0,0.00K,0.00K,Mesonet,56.00,MG,,,,,,,,,,1.41,E,PETTIBONE,1.41,E,PETTIBONE,47.12,-99.49,47.12,-99.49,"A surface trough and low-level jet combined with a very moist and unstable air mass that led to severe thunderstorm development along the triple point of a surface low in west central North Dakota. Thunderstorms developed during the afternoon in southwest North Dakota, with additional storms in the far northwest. Storms gradually moved to the north-northeast through the evening in a primarily cluster storm mode. The area of most significant damage was in Ward and McHenry Counties. In the town of Sawyer in Ward County, the Emergency Manager reported damage from powerful thunderstorm wind gusts that resulted in power outages, trees on roads, and a large tree that fell onto a house and made a hole in the roof. Northeast of Deering in McHenry County, there was significant damage to a homestead due to thunderstorm wind gusts. A barn on the property had roof panels ripped off and some collapse of the wood frame structure for the roof. Damage in both of these locations were consistent with wind speeds around 90 mph. The largest reported hail was 3 inches in diameter, a few miles west of Fortuna in Divide County. One tornado occurred with these storms, and was reported approximately 3 miles east of Noonan in Divide County. It was a very brief tornado and caused no known damage, so has been rated EF-Unknown by NWS policy.",Personal Weather Station reported wind gusts up to 65 mph.,CSV
202606,9,2223,202606,9,2227,214965,1348805,NORTH DAKOTA,38,2026,June,Thunderstorm Wind,C,43,KIDDER,BIS,09-JUN-26 22:23:00,CST-6,09-JUN-26 22:27:00,0,0,0,0,0.00K,0.00K,Mesonet,51.00,MG,,,,,,,,,,11.07,S,CRYSTAL SPGS,11.07,S,CRYSTAL SPGS,46.72,-99.46,46.72,-99.46,"A surface trough and low-level jet combined with a very moist and unstable air mass that led to severe thunderstorm development along the triple point of a surface low in west central North Dakota. Thunderstorms developed during the afternoon in southwest North Dakota, with additional storms in the far northwest. Storms gradually moved to the north-northeast through the evening in a primarily cluster storm mode. The area of most significant damage was in Ward and McHenry Counties. In the town of Sawyer in Ward County, the Emergency Manager reported damage from powerful thunderstorm wind gusts that resulted in power outages, trees on roads, and a large tree that fell onto a house and made a hole in the roof. Northeast of Deering in McHenry County, there was significant damage to a homestead due to thunderstorm wind gusts. A barn on the property had roof panels ripped off and some collapse of the wood frame structure for the roof. Damage in both of these locations were consistent with wind speeds around 90 mph. The largest reported hail was 3 inches in diameter, a few miles west of Fortuna in Divide County. One tornado occurred with these storms, and was reported approximately 3 miles east of Noonan in Divide County. It was a very brief tornado and caused no known damage, so has been rated EF-Unknown by NWS policy.",Streeter NDAWN reported wind gusts up to 59 mph.,CSV
202606,27,2040,202606,27,2044,214972,1348851,NORTH DAKOTA,38,2026,June,Thunderstorm Wind,C,23,DIVIDE,BIS,27-JUN-26 20:40:00,CST-6,27-JUN-26 20:44:00,0,0,0,0,0.00K,0.00K,Mesonet,58.00,MG,,,,,,,,,,8.99,S,ALKABO,8.99,S,ALKABO,48.74,-103.88,48.74,-103.88,"A warm front lifted across North Dakota while strong southerly surface flow increased temperatures and dew points over the region. As a surface trough tracked to the east, storms developed in eastern Montana and moved into western North Dakota during the evening. Storms quickly formed a line as they continued moving east-northeast, with powerful wind gusts the primary hazard across western and portions of central North Dakota. A tornado occurred approximately 7 miles north-northeast of Belfield in Billings County. The track was less than one mile long and wind speeds were estimated up to 90 mph, leading to an EF-1 rating. Damaging wind gusts of 60 to 80 mph were common across the area as storms moved through. The most significant damage occurred in a neighborhood west of Williston. The Emergency Manager reported debris in a southwest to northeast orientation, consistent with straight line winds. Notable damage includes two homes with roofs uplifted and partially blown off. Other damage includes sheds, enclosed trailers, and campers damaged or destroyed. Some tree damage was also noted. Damage is consistent with wind speeds around 95 mph.",Grenora NDAWN reported wind gusts up to 67 mph.,CSV
202606,27,2044,202606,27,2048,214972,1348852,NORTH DAKOTA,38,2026,June,Thunderstorm Wind,C,57,MERCER,BIS,27-JUN-26 20:44:00,CST-6,27-JUN-26 20:48:00,0,0,0,0,0.00K,0.00K,Emergency Manager,52.00,MG,,,,,,,,,,.69,S,BEULAH,.69,S,BEULAH,47.26,-101.78,47.26,-101.78,"A warm front lifted across North Dakota while strong southerly surface flow increased temperatures and dew points over the region. As a surface trough tracked to the east, storms developed in eastern Montana and moved into western North Dakota during the evening. Storms quickly formed a line as they continued moving east-northeast, with powerful wind gusts the primary hazard across western and portions of central North Dakota. A tornado occurred approximately 7 miles north-northeast of Belfield in Billings County. The track was less than one mile long and wind speeds were estimated up to 90 mph, leading to an EF-1 rating. Damaging wind gusts of 60 to 80 mph were common across the area as storms moved through. The most significant damage occurred in a neighborhood west of Williston. The Emergency Manager reported debris in a southwest to northeast orientation, consistent with straight line winds. Notable damage includes two homes with roofs uplifted and partially blown off. Other damage includes sheds, enclosed trailers, and campers damaged or destroyed. Some tree damage was also noted. Damage is consistent with wind speeds around 95 mph.",,CSV
202606,7,1950,202606,7,1953,214591,1357754,NORTH DAKOTA,38,2026,June,Tornado,C,13,BURKE,BIS,07-JUN-26 19:50:00,CST-6,07-JUN-26 19:53:00,0,0,0,0,50.00K,0.00K,Public,,,,,EF1,2.68,50,BIS,ND,101,WARD,2.63,SE,BOWBELLS,4.47,E,BOWBELLS,48.7762,-102.205,48.7935,-102.1522,"An upper level low and surface cold front combined with a very unstable airmass resulted in severe thunderstorms across western and central North Dakota. Supercell thunderstorms initially produced very large hail before transitioning to a linear storm mode, which led to widespread significant thunderstorm wind gusts. The largest reported hail was 3 inches in diameter, occurring southwest of Medora in Billings County. Measured wind gusts of 60 to 80 mph were common as storms moved across western and central North Dakota. The area with the most significant wind damage occurred across Stark, Morton, Mercer, and McLean Counties. In a swath from Dickinson, to Hebron, to Beulah, to Douglas Bay, to west of Garrison, damage from thunderstorm wind gusts led to winds estimated from 80 to 100 mph. The strongest measured wind gust came from a personal weather station just east of Beulah that reported a gust of 103 mph. Damage included campers turned over, large trees downed, roof damage, power outages, garages destroyed, vehicle damage, siding damage, and dented grain bins.","A brief, dusty tornado touched down southeast of Bowbells. The tornado formed and soon after knocked over a grain bin and sheared off the top half of pine trees. The tornado then tracked to the northeast for a couple of miles before dissipating before reaching the river. This tornado continued into Ward County. Based on the damage done this tornado was rated EF-1, and from that wind speeds were estimated to be around 95 mph.",CSV
202606,9,2235,202606,9,2245,214965,1348807,NORTH DAKOTA,38,2026,June,Thunderstorm Wind,C,21,DICKEY,BIS,09-JUN-26 22:35:00,CST-6,09-JUN-26 22:45:00,0,0,0,0,0.00K,0.00K,Mesonet,60.00,MG,,,,,,,,,,2.28,NNE,ELLENDALE ARPT,2.28,NNE,ELLENDALE ARPT,46.05,-98.5,46.05,-98.5,"A surface trough and low-level jet combined with a very moist and unstable air mass that led to severe thunderstorm development along the triple point of a surface low in west central North Dakota. Thunderstorms developed during the afternoon in southwest North Dakota, with additional storms in the far northwest. Storms gradually moved to the north-northeast through the evening in a primarily cluster storm mode. The area of most significant damage was in Ward and McHenry Counties. In the town of Sawyer in Ward County, the Emergency Manager reported damage from powerful thunderstorm wind gusts that resulted in power outages, trees on roads, and a large tree that fell onto a house and made a hole in the roof. Northeast of Deering in McHenry County, there was significant damage to a homestead due to thunderstorm wind gusts. A barn on the property had roof panels ripped off and some collapse of the wood frame structure for the roof. Damage in both of these locations were consistent with wind speeds around 90 mph. The largest reported hail was 3 inches in diameter, a few miles west of Fortuna in Divide County. One tornado occurred with these storms, and was reported approximately 3 miles east of Noonan in Divide County. It was a very brief tornado and caused no known damage, so has been rated EF-Unknown by NWS policy.",Ellendale NDAWN station reported wind gusts up to 69 mph.,CSV
202606,9,2251,202606,9,2254,214965,1348809,NORTH DAKOTA,38,2026,June,Thunderstorm Wind,C,93,STUTSMAN,BIS,09-JUN-26 22:51:00,CST-6,09-JUN-26 22:54:00,0,0,0,0,0.00K,0.00K,ASOS,61.00,MG,,,,,,,,,,.47,E,(JMS)JAMESTOWN MUNI,.47,E,(JMS)JAMESTOWN MUNI,46.93,-98.67,46.93,-98.67,"A surface trough and low-level jet combined with a very moist and unstable air mass that led to severe thunderstorm development along the triple point of a surface low in west central North Dakota. Thunderstorms developed during the afternoon in southwest North Dakota, with additional storms in the far northwest. Storms gradually moved to the north-northeast through the evening in a primarily cluster storm mode. The area of most significant damage was in Ward and McHenry Counties. In the town of Sawyer in Ward County, the Emergency Manager reported damage from powerful thunderstorm wind gusts that resulted in power outages, trees on roads, and a large tree that fell onto a house and made a hole in the roof. Northeast of Deering in McHenry County, there was significant damage to a homestead due to thunderstorm wind gusts. A barn on the property had roof panels ripped off and some collapse of the wood frame structure for the roof. Damage in both of these locations were consistent with wind speeds around 90 mph. The largest reported hail was 3 inches in diameter, a few miles west of Fortuna in Divide County. One tornado occurred with these storms, and was reported approximately 3 miles east of Noonan in Divide County. It was a very brief tornado and caused no known damage, so has been rated EF-Unknown by NWS policy.",Jamestown Airport ASOS reported wind gusts up to 70 mph.,CSV
202606,27,2050,202606,27,2054,214972,1348853,NORTH DAKOTA,38,2026,June,Thunderstorm Wind,C,61,MOUNTRAIL,BIS,27-JUN-26 20:50:00,CST-6,27-JUN-26 20:54:00,0,0,0,0,0.00K,0.00K,Mesonet,54.00,MG,,,,,,,,,,9.54,SSW,MANITOU,9.54,SSW,MANITOU,48.2,-102.7,48.2,-102.7,"A warm front lifted across North Dakota while strong southerly surface flow increased temperatures and dew points over the region. As a surface trough tracked to the east, storms developed in eastern Montana and moved into western North Dakota during the evening. Storms quickly formed a line as they continued moving east-northeast, with powerful wind gusts the primary hazard across western and portions of central North Dakota. A tornado occurred approximately 7 miles north-northeast of Belfield in Billings County. The track was less than one mile long and wind speeds were estimated up to 90 mph, leading to an EF-1 rating. Damaging wind gusts of 60 to 80 mph were common across the area as storms moved through. The most significant damage occurred in a neighborhood west of Williston. The Emergency Manager reported debris in a southwest to northeast orientation, consistent with straight line winds. Notable damage includes two homes with roofs uplifted and partially blown off. Other damage includes sheds, enclosed trailers, and campers damaged or destroyed. Some tree damage was also noted. Damage is consistent with wind speeds around 95 mph.",Rat Lake NDAWN reported wind gusts up to 62 mph.,CSV
202606,27,2100,202606,27,2103,214972,1348854,NORTH DAKOTA,38,2026,June,Thunderstorm Wind,C,23,DIVIDE,BIS,27-JUN-26 21:00:00,CST-6,27-JUN-26 21:03:00,0,0,0,0,0.00K,0.00K,Mesonet,69.00,MG,,,,,,,,,,5.71,WNW,FORTUNA,5.71,WNW,FORTUNA,48.96,-103.81,48.96,-103.81,"A warm front lifted across North Dakota while strong southerly surface flow increased temperatures and dew points over the region. As a surface trough tracked to the east, storms developed in eastern Montana and moved into western North Dakota during the evening. Storms quickly formed a line as they continued moving east-northeast, with powerful wind gusts the primary hazard across western and portions of central North Dakota. A tornado occurred approximately 7 miles north-northeast of Belfield in Billings County. The track was less than one mile long and wind speeds were estimated up to 90 mph, leading to an EF-1 rating. Damaging wind gusts of 60 to 80 mph were common across the area as storms moved through. The most significant damage occurred in a neighborhood west of Williston. The Emergency Manager reported debris in a southwest to northeast orientation, consistent with straight line winds. Notable damage includes two homes with roofs uplifted and partially blown off. Other damage includes sheds, enclosed trailers, and campers damaged or destroyed. Some tree damage was also noted. Damage is consistent with wind speeds around 95 mph.",Fortuna NDAWN reported wind gusts up to 79 mph.,CSV
202606,9,2253,202606,9,2256,214965,1348810,NORTH DAKOTA,38,2026,June,Hail,C,93,STUTSMAN,BIS,09-JUN-26 22:53:00,CST-6,09-JUN-26 22:56:00,0,0,0,0,0.00K,0.00K,Trained Spotter,1.00,,,,,,,,,,,.84,NW,JAMESTOWN,.84,NW,JAMESTOWN,46.91,-98.71,46.91,-98.71,"A surface trough and low-level jet combined with a very moist and unstable air mass that led to severe thunderstorm development along the triple point of a surface low in west central North Dakota. Thunderstorms developed during the afternoon in southwest North Dakota, with additional storms in the far northwest. Storms gradually moved to the north-northeast through the evening in a primarily cluster storm mode. The area of most significant damage was in Ward and McHenry Counties. In the town of Sawyer in Ward County, the Emergency Manager reported damage from powerful thunderstorm wind gusts that resulted in power outages, trees on roads, and a large tree that fell onto a house and made a hole in the roof. Northeast of Deering in McHenry County, there was significant damage to a homestead due to thunderstorm wind gusts. A barn on the property had roof panels ripped off and some collapse of the wood frame structure for the roof. Damage in both of these locations were consistent with wind speeds around 90 mph. The largest reported hail was 3 inches in diameter, a few miles west of Fortuna in Divide County. One tornado occurred with these storms, and was reported approximately 3 miles east of Noonan in Divide County. It was a very brief tornado and caused no known damage, so has been rated EF-Unknown by NWS policy.",,CSV
202606,9,2307,202606,9,2311,214965,1348811,NORTH DAKOTA,38,2026,June,Thunderstorm Wind,C,21,DICKEY,BIS,09-JUN-26 23:07:00,CST-6,09-JUN-26 23:11:00,0,0,0,0,0.00K,0.00K,Public,52.00,EG,,,,,,,,,,.84,NW,OAKES,.84,NW,OAKES,46.14,-98.09,46.14,-98.09,"A surface trough and low-level jet combined with a very moist and unstable air mass that led to severe thunderstorm development along the triple point of a surface low in west central North Dakota. Thunderstorms developed during the afternoon in southwest North Dakota, with additional storms in the far northwest. Storms gradually moved to the north-northeast through the evening in a primarily cluster storm mode. The area of most significant damage was in Ward and McHenry Counties. In the town of Sawyer in Ward County, the Emergency Manager reported damage from powerful thunderstorm wind gusts that resulted in power outages, trees on roads, and a large tree that fell onto a house and made a hole in the roof. Northeast of Deering in McHenry County, there was significant damage to a homestead due to thunderstorm wind gusts. A barn on the property had roof panels ripped off and some collapse of the wood frame structure for the roof. Damage in both of these locations were consistent with wind speeds around 90 mph. The largest reported hail was 3 inches in diameter, a few miles west of Fortuna in Divide County. One tornado occurred with these storms, and was reported approximately 3 miles east of Noonan in Divide County. It was a very brief tornado and caused no known damage, so has been rated EF-Unknown by NWS policy.",Six inch diameter tree branch broken.,CSV
202606,27,2122,202606,27,2125,214972,1348855,NORTH DAKOTA,38,2026,June,Thunderstorm Wind,C,59,MORTON,BIS,27-JUN-26 21:22:00,CST-6,27-JUN-26 21:25:00,0,0,0,0,0.00K,0.00K,Mesonet,53.00,MG,,,,,,,,,,5.31,SW,JUDSON,5.31,SW,JUDSON,46.77,-101.34,46.77,-101.34,"A warm front lifted across North Dakota while strong southerly surface flow increased temperatures and dew points over the region. As a surface trough tracked to the east, storms developed in eastern Montana and moved into western North Dakota during the evening. Storms quickly formed a line as they continued moving east-northeast, with powerful wind gusts the primary hazard across western and portions of central North Dakota. A tornado occurred approximately 7 miles north-northeast of Belfield in Billings County. The track was less than one mile long and wind speeds were estimated up to 90 mph, leading to an EF-1 rating. Damaging wind gusts of 60 to 80 mph were common across the area as storms moved through. The most significant damage occurred in a neighborhood west of Williston. The Emergency Manager reported debris in a southwest to northeast orientation, consistent with straight line winds. Notable damage includes two homes with roofs uplifted and partially blown off. Other damage includes sheds, enclosed trailers, and campers damaged or destroyed. Some tree damage was also noted. Damage is consistent with wind speeds around 95 mph.",New Salem NDAWN reported wind gusts up to 61 mph.,CSV
202606,27,2124,202606,27,2128,214972,1348856,NORTH DAKOTA,38,2026,June,Thunderstorm Wind,C,59,MORTON,BIS,27-JUN-26 21:24:00,CST-6,27-JUN-26 21:28:00,0,0,0,0,0.00K,0.00K,Public,72.00,MG,,,,,,,,,,.84,NE,FLASHER,.84,NE,FLASHER,46.46,-101.22,46.46,-101.22,"A warm front lifted across North Dakota while strong southerly surface flow increased temperatures and dew points over the region. As a surface trough tracked to the east, storms developed in eastern Montana and moved into western North Dakota during the evening. Storms quickly formed a line as they continued moving east-northeast, with powerful wind gusts the primary hazard across western and portions of central North Dakota. A tornado occurred approximately 7 miles north-northeast of Belfield in Billings County. The track was less than one mile long and wind speeds were estimated up to 90 mph, leading to an EF-1 rating. Damaging wind gusts of 60 to 80 mph were common across the area as storms moved through. The most significant damage occurred in a neighborhood west of Williston. The Emergency Manager reported debris in a southwest to northeast orientation, consistent with straight line winds. Notable damage includes two homes with roofs uplifted and partially blown off. Other damage includes sheds, enclosed trailers, and campers damaged or destroyed. Some tree damage was also noted. Damage is consistent with wind speeds around 95 mph.",Personal weather station reported wind gusts up to 83 mph.,CSV
