BEGIN_YEARMONTH,BEGIN_DAY,BEGIN_TIME,END_YEARMONTH,END_DAY,END_TIME,EPISODE_ID,EVENT_ID,STATE,STATE_FIPS,YEAR,MONTH_NAME,EVENT_TYPE,CZ_TYPE,CZ_FIPS,CZ_NAME,WFO,BEGIN_DATE_TIME,CZ_TIMEZONE,END_DATE_TIME,INJURIES_DIRECT,INJURIES_INDIRECT,DEATHS_DIRECT,DEATHS_INDIRECT,DAMAGE_PROPERTY,DAMAGE_CROPS,SOURCE,MAGNITUDE,MAGNITUDE_TYPE,FLOOD_CAUSE,CATEGORY,TOR_F_SCALE,TOR_LENGTH,TOR_WIDTH,TOR_OTHER_WFO,TOR_OTHER_CZ_STATE,TOR_OTHER_CZ_FIPS,TOR_OTHER_CZ_NAME,BEGIN_RANGE,BEGIN_AZIMUTH,BEGIN_LOCATION,END_RANGE,END_AZIMUTH,END_LOCATION,BEGIN_LAT,BEGIN_LON,END_LAT,END_LON,EPISODE_NARRATIVE,EVENT_NARRATIVE,DATA_SOURCE
202601,24,800,202601,26,600,209297,1304427,COLORADO,8,2026,January,Cold/Wind Chill,Z,38,LARIMER COUNTY BELOW 6000 FEET / NW WELD COUNTY,BOU,24-JAN-26 08:00:00,MST-7,26-JAN-26 06:00:00,0,0,0,0,,,Mesonet,,,,,,,,,,,,,,,,,,,,,,"Arctic air moved into eastern Colorado the 23rd and linger into the 24th. A brief warmup occurred on the 25th ahead of a second arctic cold front produced falling temperatures during the afternoon of the 25th. Light snow occurred on the 23rd and the 25th. Total snow generally ranged up to 2 inches, with a few locations seeing 3 inches. Wind chill readings fell into -15F to -25F during the morning of the 23rd, only improving later on the 24th into the 25th. Wind chills again fell into the -15F to -25F range later on the 25th and during the early morning hours of the 26th.",Wind chills readings fell to -15 to -25F.,CSV
202601,23,800,202601,26,900,209297,1304428,COLORADO,8,2026,January,Cold/Wind Chill,Z,42,NE WELD COUNTY,BOU,23-JAN-26 08:00:00,MST-7,26-JAN-26 09:00:00,0,0,0,0,,,Mesonet,,,,,,,,,,,,,,,,,,,,,,"Arctic air moved into eastern Colorado the 23rd and linger into the 24th. A brief warmup occurred on the 25th ahead of a second arctic cold front produced falling temperatures during the afternoon of the 25th. Light snow occurred on the 23rd and the 25th. Total snow generally ranged up to 2 inches, with a few locations seeing 3 inches. Wind chill readings fell into -15F to -25F during the morning of the 23rd, only improving later on the 24th into the 25th. Wind chills again fell into the -15F to -25F range later on the 25th and during the early morning hours of the 26th.",Wind chills readings fell to -15 to -25F.,CSV
202601,25,0,202601,26,900,209297,1304429,COLORADO,8,2026,January,Cold/Wind Chill,Z,43,C & S WELD COUNTY,BOU,25-JAN-26 00:00:00,MST-7,26-JAN-26 09:00:00,0,0,0,0,,,Mesonet,,,,,,,,,,,,,,,,,,,,,,"Arctic air moved into eastern Colorado the 23rd and linger into the 24th. A brief warmup occurred on the 25th ahead of a second arctic cold front produced falling temperatures during the afternoon of the 25th. Light snow occurred on the 23rd and the 25th. Total snow generally ranged up to 2 inches, with a few locations seeing 3 inches. Wind chill readings fell into -15F to -25F during the morning of the 23rd, only improving later on the 24th into the 25th. Wind chills again fell into the -15F to -25F range later on the 25th and during the early morning hours of the 26th.",Wind chills readings fell to -15 to -25F.,CSV
202601,4,515,202601,4,1045,210018,1309965,COLORADO,8,2026,January,Dense Fog,Z,7,DEBEQUE TO SILT CORRIDOR,GJT,04-JAN-26 05:15:00,MST-7,04-JAN-26 10:45:00,0,0,0,0,0.00K,0.00K,ASOS,,,,,,,,,,,,,,,,,,,,,,"High pressure set up across western Colorado overnight from January 3 to 4, leading to clear skies and light winds. Pools of strong moisture remained within many valleys though from precipitation earlier in January. With this, cooling overnight temperatures led to a saturated near-surface environment and widespread dense fog.","Widespread dense fog developed within valleys along I-70 during the morning of January 4. The KRIL ASOS at the Rifle Garfield County Airport reported 1/4-mile visibility due to dense fog for about a half an hour between 5:30-6:00 AM. After a brief period of improved visibilities, dense fog redeveloped around 7:00 AM. Visibilities reached 1/4 mile or less for about 3.5 hours before dissipating. No reports of injuries, damages, or fatalities were received.",CSV
202601,23,1000,202601,26,1000,209297,1304430,COLORADO,8,2026,January,Cold/Wind Chill,Z,44,MORGAN COUNTY,BOU,23-JAN-26 10:00:00,MST-7,26-JAN-26 10:00:00,0,0,0,0,,,Mesonet,,,,,,,,,,,,,,,,,,,,,,"Arctic air moved into eastern Colorado the 23rd and linger into the 24th. A brief warmup occurred on the 25th ahead of a second arctic cold front produced falling temperatures during the afternoon of the 25th. Light snow occurred on the 23rd and the 25th. Total snow generally ranged up to 2 inches, with a few locations seeing 3 inches. Wind chill readings fell into -15F to -25F during the morning of the 23rd, only improving later on the 24th into the 25th. Wind chills again fell into the -15F to -25F range later on the 25th and during the early morning hours of the 26th.",Wind chills readings fell to -15 to -25F.,CSV
202601,23,1000,202601,26,900,209297,1304431,COLORADO,8,2026,January,Cold/Wind Chill,Z,46,N & NE ELBERT COUNTY BELOW 6000 FEET / N LINCOLN COUNTY,BOU,23-JAN-26 10:00:00,MST-7,26-JAN-26 09:00:00,0,0,0,0,,,Mesonet,,,,,,,,,,,,,,,,,,,,,,"Arctic air moved into eastern Colorado the 23rd and linger into the 24th. A brief warmup occurred on the 25th ahead of a second arctic cold front produced falling temperatures during the afternoon of the 25th. Light snow occurred on the 23rd and the 25th. Total snow generally ranged up to 2 inches, with a few locations seeing 3 inches. Wind chill readings fell into -15F to -25F during the morning of the 23rd, only improving later on the 24th into the 25th. Wind chills again fell into the -15F to -25F range later on the 25th and during the early morning hours of the 26th.",Wind chills readings fell to -15 to -25F.,CSV
202601,23,1000,202601,26,900,209297,1304432,COLORADO,8,2026,January,Cold/Wind Chill,Z,47,SE ELBERT COUNTY BELOW 6000 FEET / SOUTH LINCOLN COUNTY,BOU,23-JAN-26 10:00:00,MST-7,26-JAN-26 09:00:00,0,0,0,0,,,Mesonet,,,,,,,,,,,,,,,,,,,,,,"Arctic air moved into eastern Colorado the 23rd and linger into the 24th. A brief warmup occurred on the 25th ahead of a second arctic cold front produced falling temperatures during the afternoon of the 25th. Light snow occurred on the 23rd and the 25th. Total snow generally ranged up to 2 inches, with a few locations seeing 3 inches. Wind chill readings fell into -15F to -25F during the morning of the 23rd, only improving later on the 24th into the 25th. Wind chills again fell into the -15F to -25F range later on the 25th and during the early morning hours of the 26th.",Wind chills readings fell to -15 to -25F.,CSV
202601,23,1000,202601,26,900,209297,1304433,COLORADO,8,2026,January,Cold/Wind Chill,Z,48,LOGAN COUNTY,BOU,23-JAN-26 10:00:00,MST-7,26-JAN-26 09:00:00,0,0,0,0,,,Mesonet,,,,,,,,,,,,,,,,,,,,,,"Arctic air moved into eastern Colorado the 23rd and linger into the 24th. A brief warmup occurred on the 25th ahead of a second arctic cold front produced falling temperatures during the afternoon of the 25th. Light snow occurred on the 23rd and the 25th. Total snow generally ranged up to 2 inches, with a few locations seeing 3 inches. Wind chill readings fell into -15F to -25F during the morning of the 23rd, only improving later on the 24th into the 25th. Wind chills again fell into the -15F to -25F range later on the 25th and during the early morning hours of the 26th.",Wind chills readings fell to -15 to -25F.,CSV
202601,9,100,202601,9,945,210087,1310252,COLORADO,8,2026,January,Dense Fog,Z,22,ANIMAS RIVER BASIN,GJT,09-JAN-26 01:00:00,MST-7,09-JAN-26 09:45:00,0,0,0,0,0.00K,0.00K,ASOS,,,,,,,,,,,,,,,,,,,,,,"A broad trough moved through the CONUS in mid-January with weak flow situated over Colorado. Embedded shortwaves moved through the trough, bringing bouts of active weather, including overnight from January 8 to 9. Strong snow bands developed ahead of the cold front moving through southwestern Colorado. As skies cleared and temperatures dropped behind the front, dense fog developed within some valleys near the San Juan mountains where heavy snow had occurred.","Widespread fog, including areas of dense fog, developed within the Animas River Basin during the morning of January 9 following heavy snowfall. The KDRO ASOS at the Durango La-Plata County Airport reported two prolonged periods of visibility being reduced to or below 1 mile. During the first period, sporadic and brief periods of 1/4-mile visibility due to dense fog occurred. During the second period which began shortly before sunrise, dense fog reduced visibility to or less than 1/4 mile for about three and a half hours before slowly dissipating through mid-morning. No reports of injuries, damages, or fatalities were received.",CSV
202601,1,0,202601,7,2359,210145,1310604,COLORADO,8,2026,January,Drought,Z,1,LOWER YAMPA RIVER BASIN,GJT,01-JAN-26 00:00:00,MST-7,07-JAN-26 23:59:00,0,0,0,0,0.00K,0.00K,Drought Monitor,,,,,,,,,,,,,,,,,,,,,,"The winter of 2025-2026 has been, overall, a dry and warm one. And as such, drought has clung on across eastern Utah and western Colorado, especially across the Central Divide Mountains. Areas in the eastern Uinta mountains have also seen drought linger.","At the beginning of the month of January, the US Drought Monitor analyzed an area of Extreme (D3) Drought covering approximately 3% of Colorado Zone 001 - Lower Yampa River Basin. The remainder of the zone saw 27% Severe (D2) Drought and 70% Moderate (D1) Drought. With the 1/7 US Drought Monitor update, the area of extreme (D3) Drought was removed from the zone, with drought now 30% Severe (D2) and 70% Moderate (D1) in the zone. No reports of damages or impacts from this drought have been received.",CSV
202601,23,1000,202601,26,800,209297,1304434,COLORADO,8,2026,January,Cold/Wind Chill,Z,49,WASHINGTON COUNTY,BOU,23-JAN-26 10:00:00,MST-7,26-JAN-26 08:00:00,0,0,0,0,,,Mesonet,,,,,,,,,,,,,,,,,,,,,,"Arctic air moved into eastern Colorado the 23rd and linger into the 24th. A brief warmup occurred on the 25th ahead of a second arctic cold front produced falling temperatures during the afternoon of the 25th. Light snow occurred on the 23rd and the 25th. Total snow generally ranged up to 2 inches, with a few locations seeing 3 inches. Wind chill readings fell into -15F to -25F during the morning of the 23rd, only improving later on the 24th into the 25th. Wind chills again fell into the -15F to -25F range later on the 25th and during the early morning hours of the 26th.",Wind chills readings fell to -15 to -25F.,CSV
202601,23,900,202601,26,900,209297,1304435,COLORADO,8,2026,January,Cold/Wind Chill,Z,50,SEDGWICK COUNTY,BOU,23-JAN-26 09:00:00,MST-7,26-JAN-26 09:00:00,0,0,0,0,,,Mesonet,,,,,,,,,,,,,,,,,,,,,,"Arctic air moved into eastern Colorado the 23rd and linger into the 24th. A brief warmup occurred on the 25th ahead of a second arctic cold front produced falling temperatures during the afternoon of the 25th. Light snow occurred on the 23rd and the 25th. Total snow generally ranged up to 2 inches, with a few locations seeing 3 inches. Wind chill readings fell into -15F to -25F during the morning of the 23rd, only improving later on the 24th into the 25th. Wind chills again fell into the -15F to -25F range later on the 25th and during the early morning hours of the 26th.",Wind chills readings fell to -15 to -25F.,CSV
202601,23,1800,202601,26,900,209297,1304436,COLORADO,8,2026,January,Cold/Wind Chill,Z,51,PHILLIPS COUNTY,BOU,23-JAN-26 18:00:00,MST-7,26-JAN-26 09:00:00,0,0,0,0,,,Mesonet,,,,,,,,,,,,,,,,,,,,,,"Arctic air moved into eastern Colorado the 23rd and linger into the 24th. A brief warmup occurred on the 25th ahead of a second arctic cold front produced falling temperatures during the afternoon of the 25th. Light snow occurred on the 23rd and the 25th. Total snow generally ranged up to 2 inches, with a few locations seeing 3 inches. Wind chill readings fell into -15F to -25F during the morning of the 23rd, only improving later on the 24th into the 25th. Wind chills again fell into the -15F to -25F range later on the 25th and during the early morning hours of the 26th.",Wind chills readings fell to -15 to -25F.,CSV
202601,1,0,202601,31,2359,210145,1310605,COLORADO,8,2026,January,Drought,Z,8,CENTRAL COLORADO RIVER BASIN,GJT,01-JAN-26 00:00:00,MST-7,31-JAN-26 23:59:00,0,0,0,0,0.00K,0.00K,Drought Monitor,,,,,,,,,,,,,,,,,,,,,,"The winter of 2025-2026 has been, overall, a dry and warm one. And as such, drought has clung on across eastern Utah and western Colorado, especially across the Central Divide Mountains. Areas in the eastern Uinta mountains have also seen drought linger.","At the beginning of the month of January, the US Drought Monitor analyzed an area of Exceptional (D4) Drought covering 5% of Colorado Zone 008 - Central Colorado River Basin. Extreme (D3) Drought covered an additional 40% of the zone, with Severe (D2) covering the remainder. With the 1/21 US Drought Monitor update, the area of Extreme (D3) Drought expanded to cover roughly 85% of the zone, with the coverage of Severe (D2) Drought shrinking to just 10% of the zone. The 5% coverage of Exceptional (D4) Drought remained unchanged. No reports of damages or impacts have been received.",CSV
202601,1,0,202601,31,2359,210145,1310606,COLORADO,8,2026,January,Drought,Z,10,GORE AND ELK MOUNTAINS/CENTRAL MOUNTAIN VALLEYS,GJT,01-JAN-26 00:00:00,MST-7,31-JAN-26 23:59:00,0,0,0,0,0.00K,0.00K,Drought Monitor,,,,,,,,,,,,,,,,,,,,,,"The winter of 2025-2026 has been, overall, a dry and warm one. And as such, drought has clung on across eastern Utah and western Colorado, especially across the Central Divide Mountains. Areas in the eastern Uinta mountains have also seen drought linger.","At the beginning of the month of January, the US Drought Monitor analyzed an area of Exceptional (D4) Drought as covering roughly 25% of Colorado Zone 010 - Gore and Elk Mountains/Central Mountain Valleys. Extreme (D3) Drought covered an additional 40% of the zone, Severe (D2) Drought covered 48% of the zone, and Moderate (D1) Drought covered just 2% of the zone. With the 1/7 Drought Monitor update, the area of Exceptional (D4) Drought increased to 30%, while the area of Severe (D2) Drought dropped to 44% and Moderate (D1) Drought dropped to 1% coverage. Extreme (D3) Drought coverage remained unchanged. With the 1/21 update, Exceptional (D4) Drought expanded again to 35% coverage, with Extreme (D3) Drought expanding to 45% coverage, with 19% Severe (D2) and 1% Moderate (D1) covering the remainder. No reports of damages or impacts have been recieved.",CSV
202601,15,2045,202601,15,2045,209941,1309423,COLORADO,8,2026,January,Dust Storm,Z,91,KIT CARSON COUNTY,GLD,15-JAN-26 20:45:00,MST-7,15-JAN-26 20:45:00,0,0,0,0,,,NWS Employee,,,,,,,,,,,,,,,,,,,,,,A strong cold front moved through northeast Colorado on the evening of the 15th. Multiple wind gusts ranging from 55 mph - 65 mph were recorded. Blowing dust with visibility around 0.10 miles reported.,"At 1 E Vona, blowing dust reported with visibilities approximately 0.10 mile.",CSV
202601,15,2112,202601,15,2144,209941,1309425,COLORADO,8,2026,January,High Wind,Z,92,CHEYENNE COUNTY,GLD,15-JAN-26 21:12:00,MST-7,15-JAN-26 21:44:00,0,0,0,0,,,Mesonet,56.00,MG,,,,,,,,,,,,,,,,,,,,A strong cold front moved through northeast Colorado on the evening of the 15th. Multiple wind gusts ranging from 55 mph - 65 mph were recorded. Blowing dust with visibility around 0.10 miles reported.,"A UPR at 2 E Arapahoe reported wind gusts of 64 mph, 63 (x2) mph and 62 mph. A personal weather station at 2 SSW Firstview reported a 59 mph gust. A UPR at 1 WNW Kit Carson recorded a gust of 59 mph.",CSV
202601,21,0,202601,31,2359,210147,1310609,COLORADO,8,2026,January,Drought,Z,4,ELKHEAD AND PARK MOUNTAINS,GJT,21-JAN-26 00:00:00,MST-7,31-JAN-26 23:59:00,0,0,0,0,0.00K,0.00K,Drought Monitor,,,,,,,,,,,,,,,,,,,,,,"As the month of January continued to be generally drier and warmer than normal, drought began to expand outward from the core of Exceptional (D4) Drought in the central Colorado Divide.","With the 1/21 update of the US Drought Monitor, Extreme (D3) Drought had developed in Colorado Zone 004 - Elkhead and Park Mountains. This area of Extreme (D3) Drought covered 25% of the zone, with 40% of the zone under Severe (D2) Drought conditions, and the remaining 35% of the zone under Moderate (D1) Drought conditions. These conditions remained unchanged through the end of the month. No reports of impacts or damages related to the drought in this zone have been received.",CSV
202601,5,200,202601,6,600,210287,1311870,COLORADO,8,2026,January,Winter Weather,Z,4,ELKHEAD AND PARK MOUNTAINS,GJT,05-JAN-26 02:00:00,MST-7,06-JAN-26 06:00:00,0,0,0,0,0.00K,0.00K,SNOTEL,,,,,,,,,,,,,,,,,,,,,,"A jet streak and shortwave trough pushed through the northern and central portions of the area, bringing moderate snowfall to the northern and central Colorado mountains as well as the Eastern Uinta Mountains of northeast Utah. The strong southwest flow also led to windy conditions at the higher elevations resulting in blowing snow as well. Temperatures stayed warm with this system, keeping better snow accumulations mainly confined to areas above 9000 feet.",Generally 5 to 10 inches of snow fell across the area with up to 11 inches at Tower. A peak wind gust of 46 mph occurred at Storm Peak Lab.,CSV
202601,5,400,202601,6,100,210287,1311875,COLORADO,8,2026,January,Winter Weather,Z,12,WEST ELK AND SAWATCH MOUNTAINS,GJT,05-JAN-26 04:00:00,MST-7,06-JAN-26 01:00:00,0,0,0,0,0.00K,0.00K,CoCoRaHS,,,,,,,,,,,,,,,,,,,,,,"A jet streak and shortwave trough pushed through the northern and central portions of the area, bringing moderate snowfall to the northern and central Colorado mountains as well as the Eastern Uinta Mountains of northeast Utah. The strong southwest flow also led to windy conditions at the higher elevations resulting in blowing snow as well. Temperatures stayed warm with this system, keeping better snow accumulations mainly confined to areas above 9000 feet.",Generally 5 to 12 inches of snow fell across the area with 8.5 inches of snow reported at Crested Butte 6.2N. Winds gusted 45 to 64 mph in the higher elevations with a peak wind gust of 64 mph at Monarch Pass.,CSV
202601,2,800,202601,2,1700,210629,1314976,COLORADO,8,2026,January,Heavy Snow,Z,60,EASTERN SAWATCH MOUNTAINS ABOVE 11000 FT,PUB,02-JAN-26 08:00:00,MST-7,02-JAN-26 17:00:00,0,0,0,0,0.00K,0.00K,Public,,,,,,,,,,,,,,,,,,,,,,"A quick-moving shortwave brought a brief period of accumulating snow to the mountains, while strong winds were seen just east of the terrain.",There was 6.0 inches of snow measured.,CSV
202601,2,200,202601,2,1700,210629,1314977,COLORADO,8,2026,January,Heavy Snow,Z,68,EASTERN SAN JUAN MOUNTAINS ABOVE 10000 FT,PUB,02-JAN-26 02:00:00,MST-7,02-JAN-26 17:00:00,0,0,0,0,0.00K,0.00K,Public,,,,,,,,,,,,,,,,,,,,,,"A quick-moving shortwave brought a brief period of accumulating snow to the mountains, while strong winds were seen just east of the terrain.",There was 5.0 inches of snow measured.,CSV
202601,4,543,202601,4,543,210629,1314978,COLORADO,8,2026,January,High Wind,Z,81,TELLER COUNTY / RAMPART RANGE ABOVE 7500 FT / PIKES PEAK BETWEEN 7500 & 11000 FT,PUB,04-JAN-26 05:43:00,MST-7,04-JAN-26 05:43:00,0,0,0,0,0.00K,0.00K,COOP Observer,57.00,MG,,,,,,,,,,,,,,,,,,,,"A quick-moving shortwave brought a brief period of accumulating snow to the mountains, while strong winds were seen just east of the terrain.",There was a 66 mph wind gust measured.,CSV
202601,4,540,202601,4,540,210629,1314979,COLORADO,8,2026,January,High Wind,Z,85,COLORADO SPRINGS VICINITY / SOUTHERN EL PASO COUNTY / RAMPART RANGE BELOW 7500 FT,PUB,04-JAN-26 05:40:00,MST-7,04-JAN-26 05:40:00,0,0,0,0,0.00K,0.00K,COOP Observer,62.00,MG,,,,,,,,,,,,,,,,,,,,"A quick-moving shortwave brought a brief period of accumulating snow to the mountains, while strong winds were seen just east of the terrain.","There was a 71 mph gust measured near Manitou Springs, CO.",CSV
202601,8,1700,202601,9,1700,210630,1314980,COLORADO,8,2026,January,Heavy Snow,Z,79,WET MOUNTAINS BETWEEN 8500 AND 10000 FT,PUB,08-JAN-26 17:00:00,MST-7,09-JAN-26 17:00:00,0,0,0,0,0.00K,0.00K,Public,,,,,,,,,,,,,,,,,,,,,,"An ejecting shortwave trough passed over the region during the second week of January, leading to quickly accumulating snow for the mountains and a rain/snow mix for the eastern plains of Colorado.",There was 7.3 inches of snow measured.,CSV
202601,16,730,202601,16,1400,209078,1302369,COLORADO,8,2026,January,Strong Wind,Z,35,LARIMER & BOULDER COUNTIES BETWEEN 6000 & 9000 FEET,BOU,16-JAN-26 07:30:00,MST-7,16-JAN-26 14:00:00,0,0,0,0,,,Mesonet,49.00,EG,,,,,,,,,,,,,,,,,,,,"A strong cold front swept southward across eastern Colorado during the evening of January 15th, with it bringing wind gusts of 55 to 70 mph. Winds subsided overnight, but became strong again during morning and afternoon hours of January 16th. A few power poles came down in Larimer County. Several miles of I-25 north of Fort Collins to the WY state line was closed to all traffic and US 85 north of Greeley to the WY line was closed to all traffic as well. A grass fire (about 500 acres) occurred along I-76 in Sedgwick county south of Sedgwick. Mandatory evacuations south of I-76 and east of HWY 59 lasted about hour before the fire was contained.",Winds generally reach 40 to 60 mph across the foothills of Larimer County (below the 75 mph for high wind criteria). Even weaker winds were reported in the foothills of Boulder County. A small corridor near the Wyoming border experienced strong winds with the strongest report being 78 mph near Virginia Dale.,CSV
202601,15,1911,202601,16,1705,209078,1302373,COLORADO,8,2026,January,High Wind,Z,42,NE WELD COUNTY,BOU,15-JAN-26 19:11:00,MST-7,16-JAN-26 17:05:00,0,0,0,0,,,Mesonet,67.00,MG,,,,,,,,,,,,,,,,,,,,"A strong cold front swept southward across eastern Colorado during the evening of January 15th, with it bringing wind gusts of 55 to 70 mph. Winds subsided overnight, but became strong again during morning and afternoon hours of January 16th. A few power poles came down in Larimer County. Several miles of I-25 north of Fort Collins to the WY state line was closed to all traffic and US 85 north of Greeley to the WY line was closed to all traffic as well. A grass fire (about 500 acres) occurred along I-76 in Sedgwick county south of Sedgwick. Mandatory evacuations south of I-76 and east of HWY 59 lasted about hour before the fire was contained.",A cold front brought a 77 mph wind gust to Briggsdale during the evening of the 15th. High winds reformed the morning of the 16th with frequent gusts of 50 to 70 mph.,CSV
202601,16,900,202601,16,1700,209078,1302377,COLORADO,8,2026,January,High Wind,Z,43,C & S WELD COUNTY,BOU,16-JAN-26 09:00:00,MST-7,16-JAN-26 17:00:00,0,0,0,0,,,Mesonet,62.00,MG,,,,,,,,,,,,,,,,,,,,"A strong cold front swept southward across eastern Colorado during the evening of January 15th, with it bringing wind gusts of 55 to 70 mph. Winds subsided overnight, but became strong again during morning and afternoon hours of January 16th. A few power poles came down in Larimer County. Several miles of I-25 north of Fort Collins to the WY state line was closed to all traffic and US 85 north of Greeley to the WY line was closed to all traffic as well. A grass fire (about 500 acres) occurred along I-76 in Sedgwick county south of Sedgwick. Mandatory evacuations south of I-76 and east of HWY 59 lasted about hour before the fire was contained.","Wind gusts reached 55 to 70 mph with a few gusts of 70 to 75 mph. Here are some of the stronger wind reports. At Severance 73 mph, Greeley Airport 61 mph,  near Masters 71 mph, and 60 mph near Keenesburg.",CSV
202601,8,1700,202601,9,1700,210630,1314981,COLORADO,8,2026,January,Heavy Snow,Z,78,WESTCLIFFE VICINITY / WET MOUNTAIN VALLEY BELOW 8500 FT,PUB,08-JAN-26 17:00:00,MST-7,09-JAN-26 17:00:00,0,0,0,0,0.00K,0.00K,CoCoRaHS,,,,,,,,,,,,,,,,,,,,,,"An ejecting shortwave trough passed over the region during the second week of January, leading to quickly accumulating snow for the mountains and a rain/snow mix for the eastern plains of Colorado.",There was 4.0 inches of snow measured.,CSV
202601,8,1700,202601,9,1700,210630,1314982,COLORADO,8,2026,January,Heavy Snow,Z,77,WEST / CENTRAL FREMONT COUNTY BELOW 8500 FT,PUB,08-JAN-26 17:00:00,MST-7,09-JAN-26 17:00:00,0,0,0,0,0.00K,0.00K,CoCoRaHS,,,,,,,,,,,,,,,,,,,,,,"An ejecting shortwave trough passed over the region during the second week of January, leading to quickly accumulating snow for the mountains and a rain/snow mix for the eastern plains of Colorado.",There was 4.4 inches of snow measured.,CSV
202601,8,1700,202601,9,1700,210630,1314983,COLORADO,8,2026,January,Heavy Snow,Z,95,WESTERN KIOWA COUNTY,PUB,08-JAN-26 17:00:00,MST-7,09-JAN-26 17:00:00,0,0,0,0,0.00K,0.00K,Public,,,,,,,,,,,,,,,,,,,,,,"An ejecting shortwave trough passed over the region during the second week of January, leading to quickly accumulating snow for the mountains and a rain/snow mix for the eastern plains of Colorado.",There was 7.4 inches of snow measured.,CSV
202601,8,1700,202601,9,1700,210630,1314984,COLORADO,8,2026,January,Heavy Snow,Z,87,WALSENBURG VICINITY / UPPER HUERFANO RIVER BASIN BELOW 7500 FT,PUB,08-JAN-26 17:00:00,MST-7,09-JAN-26 17:00:00,0,0,0,0,0.00K,0.00K,Public,,,,,,,,,,,,,,,,,,,,,,"An ejecting shortwave trough passed over the region during the second week of January, leading to quickly accumulating snow for the mountains and a rain/snow mix for the eastern plains of Colorado.",There was 6.5 inches of snow measured.,CSV
202601,8,1700,202601,9,1700,210630,1314985,COLORADO,8,2026,January,Heavy Snow,Z,88,TRINIDAD VICINITY / LOWER HUERFANO RIVER BASIN & WESTERN LAS ANIMAS COUNTY BELOW 7500 FT,PUB,08-JAN-26 17:00:00,MST-7,09-JAN-26 17:00:00,0,0,0,0,0.00K,0.00K,CoCoRaHS,,,,,,,,,,,,,,,,,,,,,,"An ejecting shortwave trough passed over the region during the second week of January, leading to quickly accumulating snow for the mountains and a rain/snow mix for the eastern plains of Colorado.",There was 4.0 inches of snow measured.,CSV
202601,8,1200,202601,9,1100,210630,1314986,COLORADO,8,2026,January,Heavy Snow,Z,81,TELLER COUNTY / RAMPART RANGE ABOVE 7500 FT / PIKES PEAK BETWEEN 7500 & 11000 FT,PUB,08-JAN-26 12:00:00,MST-7,09-JAN-26 11:00:00,0,0,0,0,0.00K,0.00K,CoCoRaHS,,,,,,,,,,,,,,,,,,,,,,"An ejecting shortwave trough passed over the region during the second week of January, leading to quickly accumulating snow for the mountains and a rain/snow mix for the eastern plains of Colorado.",There was 9.8 inches of snow measured.,CSV
202601,9,200,202601,9,1700,210630,1314988,COLORADO,8,2026,January,Heavy Snow,Z,99,SPRINGFIELD VICINITY / BACA COUNTY,PUB,09-JAN-26 02:00:00,MST-7,09-JAN-26 17:00:00,0,0,0,0,0.00K,0.00K,COOP Observer,,,,,,,,,,,,,,,,,,,,,,"An ejecting shortwave trough passed over the region during the second week of January, leading to quickly accumulating snow for the mountains and a rain/snow mix for the eastern plains of Colorado.",There was 7.0 inches of snow measured.,CSV
202601,8,1700,202601,9,1700,210630,1314989,COLORADO,8,2026,January,Heavy Snow,Z,74,SOUTHERN SANGRE DE CRISTO MOUNTAINS BETWEEN 7500 & 11000 FT,PUB,08-JAN-26 17:00:00,MST-7,09-JAN-26 17:00:00,0,0,0,0,0.00K,0.00K,CoCoRaHS,,,,,,,,,,,,,,,,,,,,,,"An ejecting shortwave trough passed over the region during the second week of January, leading to quickly accumulating snow for the mountains and a rain/snow mix for the eastern plains of Colorado.",There was 5.0 inches of snow measured.,CSV
202601,8,0,202601,9,1200,210289,1311884,COLORADO,8,2026,January,Heavy Snow,Z,4,ELKHEAD AND PARK MOUNTAINS,GJT,08-JAN-26 00:00:00,MST-7,09-JAN-26 12:00:00,0,0,0,0,0.00K,0.00K,CoCoRaHS,,,,,,,,,,,,,,,,,,,,,,"An open wave low pressure trough moved through Utah and formed a closed low near the Four Corners before pushing through southwest Colorado. Significant moisture ahead of this trough and cold air behind a strong cold front led to moderate to heavy snowfall across the mountains of western Colorado and southeast Utah, with the highest snowfall totals across the Uncompahgre Gorge area of the northwest San Juans due to favorable light northerly flow behind the closed low and temperatures within the dendritic growth zone.",Generally 6 to 15 inches of snow fell across the area with locally higher amounts up to 16.5 at Rabbit Ears Pass. 13.2 inches of snow was reported at Steamboat Springs 2.0ESE. Winds were generally below 45 mph with gusts in the 30s.,CSV
202601,8,100,202601,9,1200,210289,1311890,COLORADO,8,2026,January,Winter Weather,Z,10,GORE AND ELK MOUNTAINS/CENTRAL MOUNTAIN VALLEYS,GJT,08-JAN-26 01:00:00,MST-7,09-JAN-26 12:00:00,0,0,0,0,0.00K,0.00K,Mesonet,,,,,,,,,,,,,,,,,,,,,,"An open wave low pressure trough moved through Utah and formed a closed low near the Four Corners before pushing through southwest Colorado. Significant moisture ahead of this trough and cold air behind a strong cold front led to moderate to heavy snowfall across the mountains of western Colorado and southeast Utah, with the highest snowfall totals across the Uncompahgre Gorge area of the northwest San Juans due to favorable light northerly flow behind the closed low and temperatures within the dendritic growth zone.",Generally 5 to 10 inches of snow fell across the area with 5.7 inches reported at Vail 0.9WNW and up to 10 inches of snow reported at Snowmass Ski Area.,CSV
202601,7,2100,202601,9,1200,210289,1311892,COLORADO,8,2026,January,Winter Weather,Z,13,FLATTOP MOUNTAINS,GJT,07-JAN-26 21:00:00,MST-7,09-JAN-26 12:00:00,0,0,0,0,0.00K,0.00K,SNOTEL,,,,,,,,,,,,,,,,,,,,,,"An open wave low pressure trough moved through Utah and formed a closed low near the Four Corners before pushing through southwest Colorado. Significant moisture ahead of this trough and cold air behind a strong cold front led to moderate to heavy snowfall across the mountains of western Colorado and southeast Utah, with the highest snowfall totals across the Uncompahgre Gorge area of the northwest San Juans due to favorable light northerly flow behind the closed low and temperatures within the dendritic growth zone.",Generally 6 to 10 inches of snow fell across the area.,CSV
202601,16,944,202601,16,1309,209078,1302378,COLORADO,8,2026,January,High Wind,Z,44,MORGAN COUNTY,BOU,16-JAN-26 09:44:00,MST-7,16-JAN-26 13:09:00,0,0,0,0,,,Mesonet,56.00,MG,,,,,,,,,,,,,,,,,,,,"A strong cold front swept southward across eastern Colorado during the evening of January 15th, with it bringing wind gusts of 55 to 70 mph. Winds subsided overnight, but became strong again during morning and afternoon hours of January 16th. A few power poles came down in Larimer County. Several miles of I-25 north of Fort Collins to the WY state line was closed to all traffic and US 85 north of Greeley to the WY line was closed to all traffic as well. A grass fire (about 500 acres) occurred along I-76 in Sedgwick county south of Sedgwick. Mandatory evacuations south of I-76 and east of HWY 59 lasted about hour before the fire was contained.",A CDOT weather station near Wiggins reported wind gusts reaching 64 mph.,CSV
202601,16,1300,202601,16,1400,209078,1302379,COLORADO,8,2026,January,High Wind,Z,45,C & E ADAMS & ARAPAHOE COUNTIES,BOU,16-JAN-26 13:00:00,MST-7,16-JAN-26 14:00:00,0,0,0,0,0.00K,0.00K,Mesonet,50.00,MG,,,,,,,,,,,,,,,,,,,,"A strong cold front swept southward across eastern Colorado during the evening of January 15th, with it bringing wind gusts of 55 to 70 mph. Winds subsided overnight, but became strong again during morning and afternoon hours of January 16th. A few power poles came down in Larimer County. Several miles of I-25 north of Fort Collins to the WY state line was closed to all traffic and US 85 north of Greeley to the WY line was closed to all traffic as well. A grass fire (about 500 acres) occurred along I-76 in Sedgwick county south of Sedgwick. Mandatory evacuations south of I-76 and east of HWY 59 lasted about hour before the fire was contained.",A weather station in Byers reported a 58 mph wind gust.,CSV
202601,16,900,202601,16,1400,209078,1302380,COLORADO,8,2026,January,High Wind,Z,46,N & NE ELBERT COUNTY BELOW 6000 FEET / N LINCOLN COUNTY,BOU,16-JAN-26 09:00:00,MST-7,16-JAN-26 14:00:00,0,0,0,0,,,Mesonet,65.00,MG,,,,,,,,,,,,,,,,,,,,"A strong cold front swept southward across eastern Colorado during the evening of January 15th, with it bringing wind gusts of 55 to 70 mph. Winds subsided overnight, but became strong again during morning and afternoon hours of January 16th. A few power poles came down in Larimer County. Several miles of I-25 north of Fort Collins to the WY state line was closed to all traffic and US 85 north of Greeley to the WY line was closed to all traffic as well. A grass fire (about 500 acres) occurred along I-76 in Sedgwick county south of Sedgwick. Mandatory evacuations south of I-76 and east of HWY 59 lasted about hour before the fire was contained.",The ASOS at the Limon airport reported a peak wind of 75 mph with numerous wind gusts in the 50 to 70 mph range. Additional wind gusts of 55 to 65 mph occurred at Cedar Point and Agate.,CSV
202601,8,1700,202601,9,1700,210630,1314990,COLORADO,8,2026,January,Heavy Snow,Z,71,SOUTHERN SAN LUIS VALLEY,PUB,08-JAN-26 17:00:00,MST-7,09-JAN-26 17:00:00,0,0,0,0,0.00K,0.00K,CoCoRaHS,,,,,,,,,,,,,,,,,,,,,,"An ejecting shortwave trough passed over the region during the second week of January, leading to quickly accumulating snow for the mountains and a rain/snow mix for the eastern plains of Colorado.",There was 3.5 inches of snow measured.,CSV
202601,8,1700,202601,9,1400,210630,1314991,COLORADO,8,2026,January,Heavy Snow,Z,86,PUEBLO VICINITY / PUEBLO COUNTY BELOW 6300 FT,PUB,08-JAN-26 17:00:00,MST-7,09-JAN-26 14:00:00,0,0,0,0,0.00K,0.00K,CoCoRaHS,,,,,,,,,,,,,,,,,,,,,,"An ejecting shortwave trough passed over the region during the second week of January, leading to quickly accumulating snow for the mountains and a rain/snow mix for the eastern plains of Colorado.",There was 8.0 inches of snow measured.,CSV
202601,8,1400,202601,9,1100,210630,1314992,COLORADO,8,2026,January,Heavy Snow,Z,84,NORTHERN EL PASO COUNTY / MONUMENT RIDGE / RAMPART RANGE BELOW 7500 FT,PUB,08-JAN-26 14:00:00,MST-7,09-JAN-26 11:00:00,0,0,0,0,0.00K,0.00K,CoCoRaHS,,,,,,,,,,,,,,,,,,,,,,"An ejecting shortwave trough passed over the region during the second week of January, leading to quickly accumulating snow for the mountains and a rain/snow mix for the eastern plains of Colorado.",There was 9.7 inches of snow measured.,CSV
202601,9,200,202601,9,1700,210630,1314993,COLORADO,8,2026,January,Heavy Snow,Z,98,LAMAR VICINITY / PROWERS COUNTY,PUB,09-JAN-26 02:00:00,MST-7,09-JAN-26 17:00:00,0,0,0,0,0.00K,0.00K,Trained Spotter,,,,,,,,,,,,,,,,,,,,,,"An ejecting shortwave trough passed over the region during the second week of January, leading to quickly accumulating snow for the mountains and a rain/snow mix for the eastern plains of Colorado.",There was 9.0 inches of snow measured.,CSV
202601,9,200,202601,9,1700,210630,1314994,COLORADO,8,2026,January,Heavy Snow,Z,93,LA JUNTA VICINITY / OTERO COUNTY,PUB,09-JAN-26 02:00:00,MST-7,09-JAN-26 17:00:00,0,0,0,0,0.00K,0.00K,CoCoRaHS,,,,,,,,,,,,,,,,,,,,,,"An ejecting shortwave trough passed over the region during the second week of January, leading to quickly accumulating snow for the mountains and a rain/snow mix for the eastern plains of Colorado.",There was 6.7 inches of snow measured.,CSV
202601,8,1200,202601,9,1700,210630,1314995,COLORADO,8,2026,January,Heavy Snow,Z,68,EASTERN SAN JUAN MOUNTAINS ABOVE 10000 FT,PUB,08-JAN-26 12:00:00,MST-7,09-JAN-26 17:00:00,0,0,0,0,0.00K,0.00K,Public,,,,,,,,,,,,,,,,,,,,,,"An ejecting shortwave trough passed over the region during the second week of January, leading to quickly accumulating snow for the mountains and a rain/snow mix for the eastern plains of Colorado.",There was 8.0 inches of snow measured.,CSV
202601,8,1700,202601,9,1700,210630,1314996,COLORADO,8,2026,January,Heavy Snow,Z,94,EASTERN LAS ANIMAS COUNTY,PUB,08-JAN-26 17:00:00,MST-7,09-JAN-26 17:00:00,0,0,0,0,0.00K,0.00K,CoCoRaHS,,,,,,,,,,,,,,,,,,,,,,"An ejecting shortwave trough passed over the region during the second week of January, leading to quickly accumulating snow for the mountains and a rain/snow mix for the eastern plains of Colorado.",There was 3.0 inches of snow measured.,CSV
202601,9,200,202601,9,1700,210630,1314997,COLORADO,8,2026,January,Heavy Snow,Z,89,CROWLEY COUNTY,PUB,09-JAN-26 02:00:00,MST-7,09-JAN-26 17:00:00,0,0,0,0,0.00K,0.00K,CoCoRaHS,,,,,,,,,,,,,,,,,,,,,,"An ejecting shortwave trough passed over the region during the second week of January, leading to quickly accumulating snow for the mountains and a rain/snow mix for the eastern plains of Colorado.",There was 4.0 inches of snow measured.,CSV
202601,8,400,202601,9,1200,210289,1311895,COLORADO,8,2026,January,Winter Weather,Z,17,UNCOMPAHGRE PLATEAU AND DALLAS DIVIDE,GJT,08-JAN-26 04:00:00,MST-7,09-JAN-26 12:00:00,0,0,0,0,0.00K,0.00K,Mesonet,,,,,,,,,,,,,,,,,,,,,,"An open wave low pressure trough moved through Utah and formed a closed low near the Four Corners before pushing through southwest Colorado. Significant moisture ahead of this trough and cold air behind a strong cold front led to moderate to heavy snowfall across the mountains of western Colorado and southeast Utah, with the highest snowfall totals across the Uncompahgre Gorge area of the northwest San Juans due to favorable light northerly flow behind the closed low and temperatures within the dendritic growth zone.",Generally 7 to 12 inches of snow fell across the area with up to 12 inches at Columbine Pass. 11.5 inches of snow was reported at Montrose 15W.,CSV
202601,8,0,202601,9,1200,210289,1311896,COLORADO,8,2026,January,Heavy Snow,Z,18,NORTHWESTERN SAN JUAN MOUNTAINS,GJT,08-JAN-26 00:00:00,MST-7,09-JAN-26 12:00:00,0,0,0,0,0.00K,0.00K,COOP Observer,,,,,,,,,,,,,,,,,,,,,,"An open wave low pressure trough moved through Utah and formed a closed low near the Four Corners before pushing through southwest Colorado. Significant moisture ahead of this trough and cold air behind a strong cold front led to moderate to heavy snowfall across the mountains of western Colorado and southeast Utah, with the highest snowfall totals across the Uncompahgre Gorge area of the northwest San Juans due to favorable light northerly flow behind the closed low and temperatures within the dendritic growth zone.",Generally 6 to 12 inches of snow fell across the area with higher amounts of 15 to 20 inches of snow in the Uncompahgre Gorge area of the Northwest San Juans. 20.8 inches of snow was reported at Dallas Divide with 18.5 inches reported in Ouray.,CSV
202601,7,2200,202601,9,1200,210289,1311897,COLORADO,8,2026,January,Winter Weather,Z,19,SOUTHWESTERN SAN JUAN MOUNTAINS,GJT,07-JAN-26 22:00:00,MST-7,09-JAN-26 12:00:00,0,0,0,0,0.00K,0.00K,SNOTEL,,,,,,,,,,,,,,,,,,,,,,"An open wave low pressure trough moved through Utah and formed a closed low near the Four Corners before pushing through southwest Colorado. Significant moisture ahead of this trough and cold air behind a strong cold front led to moderate to heavy snowfall across the mountains of western Colorado and southeast Utah, with the highest snowfall totals across the Uncompahgre Gorge area of the northwest San Juans due to favorable light northerly flow behind the closed low and temperatures within the dendritic growth zone.",Generally 5 to 12 inches of snow fell across the area.,CSV
202601,23,200,202601,24,1400,210292,1311902,COLORADO,8,2026,January,Winter Weather,Z,10,GORE AND ELK MOUNTAINS/CENTRAL MOUNTAIN VALLEYS,GJT,23-JAN-26 02:00:00,MST-7,24-JAN-26 14:00:00,0,0,0,0,0.00K,0.00K,SNOTEL,,,,,,,,,,,,,,,,,,,,,,"Southwest flow ahead of a deepening cutoff low over the Desert Southwest allowed for sufficient moisture to work into the area along a strong cold front. An additional low pressure system dropped in from the northwest, bringing colder air with it and pushing this cold front across the area. This resulted in moderate to heavy snowfall across the central and southern mountains of western Colorado and southeast Utah with the higher accumulations over the Uncompahgre Plateau and San Juan Mountains due to colder air and favorable orographics.",Generally 6 to 12 inches of snow fell across the area. A peak wind gust of 47 mph occurred at Snowmass Ski Area.,CSV
202601,16,1200,202601,16,1500,209078,1302382,COLORADO,8,2026,January,High Wind,Z,48,LOGAN COUNTY,BOU,16-JAN-26 12:00:00,MST-7,16-JAN-26 15:00:00,0,0,0,0,,,Mesonet,54.00,MG,,,,,,,,,,,,,,,,,,,,"A strong cold front swept southward across eastern Colorado during the evening of January 15th, with it bringing wind gusts of 55 to 70 mph. Winds subsided overnight, but became strong again during morning and afternoon hours of January 16th. A few power poles came down in Larimer County. Several miles of I-25 north of Fort Collins to the WY state line was closed to all traffic and US 85 north of Greeley to the WY line was closed to all traffic as well. A grass fire (about 500 acres) occurred along I-76 in Sedgwick county south of Sedgwick. Mandatory evacuations south of I-76 and east of HWY 59 lasted about hour before the fire was contained.","Wind gusts reached 60 mph at the Sterling Airport and 62 mph 5 miles north of Pawnee Pass. A CDOT sensor along I-76 recorded a 83 mph wind gust, but the accuracy of the report is questionable.",CSV
202601,15,1906,202601,16,1630,209078,1302384,COLORADO,8,2026,January,High Wind,Z,50,SEDGWICK COUNTY,BOU,15-JAN-26 19:06:00,MST-7,16-JAN-26 16:30:00,0,0,0,0,,,Mesonet,61.00,MG,,,,,,,,,,,,,,,,,,,,"A strong cold front swept southward across eastern Colorado during the evening of January 15th, with it bringing wind gusts of 55 to 70 mph. Winds subsided overnight, but became strong again during morning and afternoon hours of January 16th. A few power poles came down in Larimer County. Several miles of I-25 north of Fort Collins to the WY state line was closed to all traffic and US 85 north of Greeley to the WY line was closed to all traffic as well. A grass fire (about 500 acres) occurred along I-76 in Sedgwick county south of Sedgwick. Mandatory evacuations south of I-76 and east of HWY 59 lasted about hour before the fire was contained.",A 65 mph was recorded at a CDOT along I-76 near Julesburg during the evening of the 15th when a cold front pushed through. Strong winds reformed on the morning of the 16th and continued through the afternoon with a peak wind gusts of 70 mph. A weather station (CHAPL1) a few miles west of Julesburg also reported at 70 mph wind gust.,CSV
202601,15,1955,202601,16,1650,209078,1302385,COLORADO,8,2026,January,High Wind,Z,51,PHILLIPS COUNTY,BOU,15-JAN-26 19:55:00,MST-7,16-JAN-26 16:50:00,0,0,0,0,,,Mesonet,64.00,MG,,,,,,,,,,,,,,,,,,,,"A strong cold front swept southward across eastern Colorado during the evening of January 15th, with it bringing wind gusts of 55 to 70 mph. Winds subsided overnight, but became strong again during morning and afternoon hours of January 16th. A few power poles came down in Larimer County. Several miles of I-25 north of Fort Collins to the WY state line was closed to all traffic and US 85 north of Greeley to the WY line was closed to all traffic as well. A grass fire (about 500 acres) occurred along I-76 in Sedgwick county south of Sedgwick. Mandatory evacuations south of I-76 and east of HWY 59 lasted about hour before the fire was contained.",Wind sensors in and around the Holyoke area reported wind gusts of 60 to 70 mph with a cold front passage during the evening of the 15th. Strong winds reformed during the morning and afternoon of the 16th with additional wind gusts of 60 to 70 mph.,CSV
202601,8,1700,202601,9,1400,210630,1314998,COLORADO,8,2026,January,Heavy Snow,Z,85,COLORADO SPRINGS VICINITY / SOUTHERN EL PASO COUNTY / RAMPART RANGE BELOW 7500 FT,PUB,08-JAN-26 17:00:00,MST-7,09-JAN-26 14:00:00,0,0,0,0,0.00K,0.00K,Trained Spotter,,,,,,,,,,,,,,,,,,,,,,"An ejecting shortwave trough passed over the region during the second week of January, leading to quickly accumulating snow for the mountains and a rain/snow mix for the eastern plains of Colorado.",There was 9.6 inches of snow measured.,CSV
202601,8,1700,202601,9,1400,210630,1314999,COLORADO,8,2026,January,Heavy Snow,Z,83,CANON CITY VICINITY / EASTERN FREMONT COUNTY,PUB,08-JAN-26 17:00:00,MST-7,09-JAN-26 14:00:00,0,0,0,0,0.00K,0.00K,CoCoRaHS,,,,,,,,,,,,,,,,,,,,,,"An ejecting shortwave trough passed over the region during the second week of January, leading to quickly accumulating snow for the mountains and a rain/snow mix for the eastern plains of Colorado.",There was 4.9 inches of snow measured.,CSV
202601,23,1100,202601,25,500,210656,1315361,COLORADO,8,2026,January,Heavy Snow,Z,79,WET MOUNTAINS BETWEEN 8500 AND 10000 FT,PUB,23-JAN-26 11:00:00,MST-7,25-JAN-26 05:00:00,0,0,0,0,0.00K,0.00K,Trained Spotter,,,,,,,,,,,,,,,,,,,,,,An incoming upper-level trough brought in moisture and sub-freezing temperatures to much of SE Colorado. Leading to snow over and near the higher terrain.,There was 5.0 inches of snow measured.,CSV
202601,23,2300,202601,25,500,210656,1315362,COLORADO,8,2026,January,Heavy Snow,Z,87,WALSENBURG VICINITY / UPPER HUERFANO RIVER BASIN BELOW 7500 FT,PUB,23-JAN-26 23:00:00,MST-7,25-JAN-26 05:00:00,0,0,0,0,0.00K,0.00K,CoCoRaHS,,,,,,,,,,,,,,,,,,,,,,An incoming upper-level trough brought in moisture and sub-freezing temperatures to much of SE Colorado. Leading to snow over and near the higher terrain.,There was 4.0 inches of snow measured.,CSV
202601,23,1100,202601,25,500,210656,1315364,COLORADO,8,2026,January,Heavy Snow,Z,74,SOUTHERN SANGRE DE CRISTO MOUNTAINS BETWEEN 7500 & 11000 FT,PUB,23-JAN-26 11:00:00,MST-7,25-JAN-26 05:00:00,0,0,0,0,0.00K,0.00K,CoCoRaHS,,,,,,,,,,,,,,,,,,,,,,An incoming upper-level trough brought in moisture and sub-freezing temperatures to much of SE Colorado. Leading to snow over and near the higher terrain.,There was 6.0 inches of snow measured.,CSV
202601,23,1100,202601,25,500,210656,1315365,COLORADO,8,2026,January,Heavy Snow,Z,60,EASTERN SAWATCH MOUNTAINS ABOVE 11000 FT,PUB,23-JAN-26 11:00:00,MST-7,25-JAN-26 05:00:00,0,0,0,0,0.00K,0.00K,Public,,,,,,,,,,,,,,,,,,,,,,An incoming upper-level trough brought in moisture and sub-freezing temperatures to much of SE Colorado. Leading to snow over and near the higher terrain.,There was 15.0 inches of snow measured.,CSV
202601,23,1100,202601,25,500,210656,1315368,COLORADO,8,2026,January,Heavy Snow,Z,68,EASTERN SAN JUAN MOUNTAINS ABOVE 10000 FT,PUB,23-JAN-26 11:00:00,MST-7,25-JAN-26 05:00:00,0,0,0,0,0.00K,0.00K,Public,,,,,,,,,,,,,,,,,,,,,,An incoming upper-level trough brought in moisture and sub-freezing temperatures to much of SE Colorado. Leading to snow over and near the higher terrain.,There was 8.0 inches of snow measured.,CSV
202601,23,1100,202601,25,500,210656,1315370,COLORADO,8,2026,January,Heavy Snow,Z,69,DEL NORTE VICINITY / NORTHERN SAN LUIS VALLEY BELOW 8500 FT,PUB,23-JAN-26 11:00:00,MST-7,25-JAN-26 05:00:00,0,0,0,0,0.00K,0.00K,COOP Observer,,,,,,,,,,,,,,,,,,,,,,An incoming upper-level trough brought in moisture and sub-freezing temperatures to much of SE Colorado. Leading to snow over and near the higher terrain.,There was 5.6 inches of snow measured.,CSV
202601,23,2300,202601,25,500,210656,1315372,COLORADO,8,2026,January,Heavy Snow,Z,85,COLORADO SPRINGS VICINITY / SOUTHERN EL PASO COUNTY / RAMPART RANGE BELOW 7500 FT,PUB,23-JAN-26 23:00:00,MST-7,25-JAN-26 05:00:00,0,0,0,0,0.00K,0.00K,Trained Spotter,,,,,,,,,,,,,,,,,,,,,,An incoming upper-level trough brought in moisture and sub-freezing temperatures to much of SE Colorado. Leading to snow over and near the higher terrain.,There was 5.1 inches of snow measured.,CSV
202601,23,1100,202601,24,1200,210292,1311903,COLORADO,8,2026,January,Winter Weather,Z,11,CENTRAL GUNNISON AND UNCOMPAHGRE RIVER BASIN,GJT,23-JAN-26 11:00:00,MST-7,24-JAN-26 12:00:00,0,0,0,0,0.00K,0.00K,CoCoRaHS,,,,,,,,,,,,,,,,,,,,,,"Southwest flow ahead of a deepening cutoff low over the Desert Southwest allowed for sufficient moisture to work into the area along a strong cold front. An additional low pressure system dropped in from the northwest, bringing colder air with it and pushing this cold front across the area. This resulted in moderate to heavy snowfall across the central and southern mountains of western Colorado and southeast Utah with the higher accumulations over the Uncompahgre Plateau and San Juan Mountains due to colder air and favorable orographics.",Generally 2 to 6 inches of snow fell across the area with locally higher amounts up to 9.3 inches of snow reported at Crawford 3.6SW.,CSV
202601,23,300,202601,24,1500,210292,1311905,COLORADO,8,2026,January,Winter Weather,Z,12,WEST ELK AND SAWATCH MOUNTAINS,GJT,23-JAN-26 03:00:00,MST-7,24-JAN-26 15:00:00,0,0,0,0,0.00K,0.00K,Mesonet,,,,,,,,,,,,,,,,,,,,,,"Southwest flow ahead of a deepening cutoff low over the Desert Southwest allowed for sufficient moisture to work into the area along a strong cold front. An additional low pressure system dropped in from the northwest, bringing colder air with it and pushing this cold front across the area. This resulted in moderate to heavy snowfall across the central and southern mountains of western Colorado and southeast Utah with the higher accumulations over the Uncompahgre Plateau and San Juan Mountains due to colder air and favorable orographics.",Generally 5 to 12 inches of snow fell across the area. 10 inches of snow was reported at Crested Butte 6.2N and McClure Pass.,CSV
202601,23,1100,202601,24,1300,210292,1311906,COLORADO,8,2026,January,Heavy Snow,Z,17,UNCOMPAHGRE PLATEAU AND DALLAS DIVIDE,GJT,23-JAN-26 11:00:00,MST-7,24-JAN-26 13:00:00,0,0,0,0,0.00K,0.00K,Mesonet,,,,,,,,,,,,,,,,,,,,,,"Southwest flow ahead of a deepening cutoff low over the Desert Southwest allowed for sufficient moisture to work into the area along a strong cold front. An additional low pressure system dropped in from the northwest, bringing colder air with it and pushing this cold front across the area. This resulted in moderate to heavy snowfall across the central and southern mountains of western Colorado and southeast Utah with the higher accumulations over the Uncompahgre Plateau and San Juan Mountains due to colder air and favorable orographics.",Generally 15 to 20 inches of snow fell across the higher elevations including Columbine Pass with 4 to 7 inches of snow at the lower elevations of the area. 6.6 inches of snow was reported at Ridgway 5.3NNW.,CSV
202601,22,2200,202601,24,1600,210292,1311908,COLORADO,8,2026,January,Heavy Snow,Z,19,SOUTHWESTERN SAN JUAN MOUNTAINS,GJT,22-JAN-26 22:00:00,MST-7,24-JAN-26 16:00:00,0,0,0,0,0.00K,0.00K,SNOTEL,,,,,,,,,,,,,,,,,,,,,,"Southwest flow ahead of a deepening cutoff low over the Desert Southwest allowed for sufficient moisture to work into the area along a strong cold front. An additional low pressure system dropped in from the northwest, bringing colder air with it and pushing this cold front across the area. This resulted in moderate to heavy snowfall across the central and southern mountains of western Colorado and southeast Utah with the higher accumulations over the Uncompahgre Plateau and San Juan Mountains due to colder air and favorable orographics.",Generally 9 to 18 inches of snow fell across the area with locally higher amounts up to 24 inches at Cumbres Trestle.,CSV
202601,15,1944,202601,16,1700,209078,1302383,COLORADO,8,2026,January,High Wind,Z,49,WASHINGTON COUNTY,BOU,15-JAN-26 19:44:00,MST-7,16-JAN-26 17:00:00,0,0,0,0,,,Mesonet,64.00,MG,,,,,,,,,,,,,,,,,,,,"A strong cold front swept southward across eastern Colorado during the evening of January 15th, with it bringing wind gusts of 55 to 70 mph. Winds subsided overnight, but became strong again during morning and afternoon hours of January 16th. A few power poles came down in Larimer County. Several miles of I-25 north of Fort Collins to the WY state line was closed to all traffic and US 85 north of Greeley to the WY line was closed to all traffic as well. A grass fire (about 500 acres) occurred along I-76 in Sedgwick county south of Sedgwick. Mandatory evacuations south of I-76 and east of HWY 59 lasted about hour before the fire was contained.","Wind gusts reached 74 mph at the Akron airport with passage of a cold front during the evening of January 15th, winds subsided overnight and early morning of the 16th, but intensified during the mid morning hours with gusts of 50 to 70 mph continuing into the late afternoon hours. The peak gusts during the 16th at the Akron airport was 70 mph.",CSV
202601,16,1000,202601,16,1140,209078,1302381,COLORADO,8,2026,January,High Wind,Z,47,SE ELBERT COUNTY BELOW 6000 FEET / SOUTH LINCOLN COUNTY,BOU,16-JAN-26 10:00:00,MST-7,16-JAN-26 11:40:00,0,0,0,0,0.00K,0.00K,Mesonet,53.00,MG,,,,,,,,,,,,,,,,,,,,"A strong cold front swept southward across eastern Colorado during the evening of January 15th, with it bringing wind gusts of 55 to 70 mph. Winds subsided overnight, but became strong again during morning and afternoon hours of January 16th. A few power poles came down in Larimer County. Several miles of I-25 north of Fort Collins to the WY state line was closed to all traffic and US 85 north of Greeley to the WY line was closed to all traffic as well. A grass fire (about 500 acres) occurred along I-76 in Sedgwick county south of Sedgwick. Mandatory evacuations south of I-76 and east of HWY 59 lasted about hour before the fire was contained.",A 61 mph wind gust occurred 7 miles south of Hugo and a 59 mph wind gust was measured southeast of Hugo.,CSV
202601,15,2359,202601,15,2359,210658,1315373,COLORADO,8,2026,January,High Wind,Z,99,SPRINGFIELD VICINITY / BACA COUNTY,PUB,15-JAN-26 23:59:00,MST-7,15-JAN-26 23:59:00,0,0,0,0,0.00K,0.00K,RAWS,50.00,MG,,,,,,,,,,,,,,,,,,,,"A passing jet maximum aloft, combined with a potent cold front coming in from the north, resulted in some strong wind gusts over the far eastern plains of Colorado.",There was a 58 mph gust measured at Ute Canyon.,CSV
202601,16,1153,202601,16,1153,210658,1315374,COLORADO,8,2026,January,High Wind,Z,98,LAMAR VICINITY / PROWERS COUNTY,PUB,16-JAN-26 11:53:00,MST-7,16-JAN-26 11:53:00,0,0,0,0,0.00K,0.00K,ASOS,51.00,MG,,,,,,,,,,,,,,,,,,,,"A passing jet maximum aloft, combined with a potent cold front coming in from the north, resulted in some strong wind gusts over the far eastern plains of Colorado.",There was a 59 mph gust measured at the Lamar Airport ASOS.,CSV
202601,16,1036,202601,16,1319,210658,1315376,COLORADO,8,2026,January,High Wind,Z,96,EASTERN KIOWA COUNTY,PUB,16-JAN-26 10:36:00,MST-7,16-JAN-26 13:19:00,0,0,0,0,0.00K,0.00K,Public,70.00,MG,,,,,,,,,,,,,,,,,,,,"A passing jet maximum aloft, combined with a potent cold front coming in from the north, resulted in some strong wind gusts over the far eastern plains of Colorado.","There was an 80 mph gust measured near Towner, Colorado.",CSV
202601,8,200,202601,9,300,210289,1317760,COLORADO,8,2026,January,Winter Weather,Z,3,ROAN AND TAVAPUTS PLATEAUS,GJT,08-JAN-26 02:00:00,MST-7,09-JAN-26 03:00:00,0,0,0,0,0.00K,0.00K,State Official,,,,,,,,,,,,,,,,,,,,,,"An open wave low pressure trough moved through Utah and formed a closed low near the Four Corners before pushing through southwest Colorado. Significant moisture ahead of this trough and cold air behind a strong cold front led to moderate to heavy snowfall across the mountains of western Colorado and southeast Utah, with the highest snowfall totals across the Uncompahgre Gorge area of the northwest San Juans due to favorable light northerly flow behind the closed low and temperatures within the dendritic growth zone.",Douglas Pass reported 6.5 inches of snow. Winds gusted to 41 mph at Douglas Pass but sustained winds peaked to 32 mph.,CSV
202601,3,415,202601,3,1045,209921,1309240,COLORADO,8,2026,January,Dense Fog,Z,6,GRAND VALLEY,GJT,03-JAN-26 04:15:00,MST-7,03-JAN-26 10:45:00,0,0,0,0,0.00K,0.00K,ASOS,,,,,,,,,,,,,,,,,,,,,,"Potent surface moisture lingered within Colorado valleys overnight on January 2 and 3 resulting from widespread rain and snow over the prior two days. A deep upper-level ridge moving overhead made way for clear skies though. With the resulting radiational cooling, overnight surface conditions became saturated and supported widespread dense fog development.","Widespread dense fog developed within the Grand Valley on the morning of January 3. The KGJT ASOS at the Grand Junction Regional Airport reported a brief period of 1/4-mile visibility from dense fog early in the morning before sunrise. Reduced visibility due to mist and fog remained before a prolonged period of less than 1/4 mile visibility due to dense fog developed after sunrise and lasted almost two hours. No reports of injuries, damages, or fatalities were received.",CSV
202601,3,115,202601,3,700,209921,1309241,COLORADO,8,2026,January,Dense Fog,Z,22,ANIMAS RIVER BASIN,GJT,03-JAN-26 01:15:00,MST-7,03-JAN-26 07:00:00,0,0,0,0,0.00K,0.00K,ASOS,,,,,,,,,,,,,,,,,,,,,,"Potent surface moisture lingered within Colorado valleys overnight on January 2 and 3 resulting from widespread rain and snow over the prior two days. A deep upper-level ridge moving overhead made way for clear skies though. With the resulting radiational cooling, overnight surface conditions became saturated and supported widespread dense fog development.","Widespread dense fog developed within the Animas River Basin on the morning of January 3. The KDRO ASOS at the Durango-La Plata County Airport reported multiple prolonged periods of 1/4 mile visibility from dense fog prior to midnight. No reports of injuries, damages, or fatalities were received.",CSV
202601,3,645,202601,3,715,209921,1309242,COLORADO,8,2026,January,Dense Fog,Z,2,CENTRAL YAMPA RIVER BASIN,GJT,03-JAN-26 06:45:00,MST-7,03-JAN-26 07:15:00,0,0,0,0,0.00K,0.00K,ASOS,,,,,,,,,,,,,,,,,,,,,,"Potent surface moisture lingered within Colorado valleys overnight on January 2 and 3 resulting from widespread rain and snow over the prior two days. A deep upper-level ridge moving overhead made way for clear skies though. With the resulting radiational cooling, overnight surface conditions became saturated and supported widespread dense fog development.","Patchy dense fog developed within the Central Yampa River Basin on the morning of January 3. The KCAG ASOS at the Craig-Moffat County Airport reported brief 1/4-mile visibility from freezing fog just before sunrise. No reports of injuries, damages, or fatalities were received.",CSV
202601,3,230,202601,3,315,209921,1309244,COLORADO,8,2026,January,Dense Fog,Z,10,GORE AND ELK MOUNTAINS/CENTRAL MOUNTAIN VALLEYS,GJT,03-JAN-26 02:30:00,MST-7,03-JAN-26 03:15:00,0,0,0,0,0.00K,0.00K,ASOS,,,,,,,,,,,,,,,,,,,,,,"Potent surface moisture lingered within Colorado valleys overnight on January 2 and 3 resulting from widespread rain and snow over the prior two days. A deep upper-level ridge moving overhead made way for clear skies though. With the resulting radiational cooling, overnight surface conditions became saturated and supported widespread dense fog development.","Patchy dense fog developed within the central Colorado mountain valleys along Colorado State Highway 82 early in the morning on January 3. The KASE ASOS at the Aspen/Pitkin County Airport reported brief 1/4-mile visibility from freezing fog. No reports of injuries, damages, or fatalities were received.",CSV
202601,16,1745,202601,16,1900,209078,1302360,COLORADO,8,2026,January,Wildfire,Z,50,SEDGWICK COUNTY,BOU,16-JAN-26 17:45:00,MST-7,16-JAN-26 19:00:00,0,0,0,0,,,Broadcast Media,,,,,,,,,,,,,,,,,,,,,,"A strong cold front swept southward across eastern Colorado during the evening of January 15th, with it bringing wind gusts of 55 to 70 mph. Winds subsided overnight, but became strong again during morning and afternoon hours of January 16th. A few power poles came down in Larimer County. Several miles of I-25 north of Fort Collins to the WY state line was closed to all traffic and US 85 north of Greeley to the WY line was closed to all traffic as well. A grass fire (about 500 acres) occurred along I-76 in Sedgwick county south of Sedgwick. Mandatory evacuations south of I-76 and east of HWY 59 lasted about hour before the fire was contained.",A grass fire (about 500 acres) occurred along I-76 in Sedgwick county south of Sedgwick. Mandatory evacuations south of I-76 and east of HWY 59 lasted about hour before the fire was contained.,CSV
202601,15,1935,202601,16,1600,209078,1302367,COLORADO,8,2026,January,High Wind,Z,38,LARIMER COUNTY BELOW 6000 FEET / NW WELD COUNTY,BOU,15-JAN-26 19:35:00,MST-7,16-JAN-26 16:00:00,0,0,0,0,,,Mesonet,79.00,MG,,,,,,,,,,,,,,,,,,,,"A strong cold front swept southward across eastern Colorado during the evening of January 15th, with it bringing wind gusts of 55 to 70 mph. Winds subsided overnight, but became strong again during morning and afternoon hours of January 16th. A few power poles came down in Larimer County. Several miles of I-25 north of Fort Collins to the WY state line was closed to all traffic and US 85 north of Greeley to the WY line was closed to all traffic as well. A grass fire (about 500 acres) occurred along I-76 in Sedgwick county south of Sedgwick. Mandatory evacuations south of I-76 and east of HWY 59 lasted about hour before the fire was contained.","There were several gusts reaching 60 to 80 mph, during the day on the 16th. Here are some of the stronger reports. At Buckeye 79 mph, 5 miles north-northwest of Nunn 78 mph, 75 mph north of Carr, and 64 mph along I-25 at the Wyoming/Colorado border. A few power poles came down in Larimer County during the morning. Several miles of I-25 north of Fort Collins to the WY state line were closed to traffic and US 85 north of Greeley to the WY line was closed to traffic as well.",CSV
202601,8,800,202601,8,830,210082,1310241,COLORADO,8,2026,January,Dense Fog,Z,11,CENTRAL GUNNISON AND UNCOMPAHGRE RIVER BASIN,GJT,08-JAN-26 08:00:00,MST-7,08-JAN-26 08:30:00,0,0,0,0,0.00K,0.00K,ASOS,,,,,,,,,,,,,,,,,,,,,,"Weak southwesterly flow around a deepening trough brought mid-level moisture over Colorado, prompting snow showers to portions of the region overnight from January 7 to 8. Some weak moisture from previous days' precipitation lingered in some valleys still, and brief breaks in cloud cover enabled enough radiational cooling to saturate some locations. Localized dense fog was able to develop as a result, though lingering cloud cover over central Colorado in the hours around sunrise kept fog development primarily to the lower valleys of western Colorado.","Localized dense fog developed within the lower valleys along US-50 on the morning of January 8. The KMTJ ASOS at the Montrose Regional Airport reported about a half an hour of 1/4-mile visibility due to dense fog occurring between two snow showers shortly after sunrise. No reports of injuries, damages, or fatalities were received.",CSV
202601,21,0,202601,31,2359,210147,1310608,COLORADO,8,2026,January,Drought,Z,13,FLATTOP MOUNTAINS,GJT,21-JAN-26 00:00:00,MST-7,31-JAN-26 23:59:00,0,0,0,0,0.00K,0.00K,Drought Monitor,,,,,,,,,,,,,,,,,,,,,,"As the month of January continued to be generally drier and warmer than normal, drought began to expand outward from the core of Exceptional (D4) Drought in the central Colorado Divide.","With the 1/21 US Drought Monitor update, an area of Extreme (D3) Drought had expanded into Colorado Zone 013 - Flattop Mountains. This area of Extreme (D3) Drought covered 10% of the zone, with 80% of the zone under Severe (D2) Drought, and 10% under Moderate (D1) Drought. These drought conditions remained unchanged through the end of the month. No reports of impacts or damages related to this drought expansion have been received.",CSV
202601,8,615,202601,8,1000,210082,1310242,COLORADO,8,2026,January,Dense Fog,Z,1,LOWER YAMPA RIVER BASIN,GJT,08-JAN-26 06:15:00,MST-7,08-JAN-26 10:00:00,0,0,0,0,0.00K,0.00K,AWOS,,,,,,,,,,,,,,,,,,,,,,"Weak southwesterly flow around a deepening trough brought mid-level moisture over Colorado, prompting snow showers to portions of the region overnight from January 7 to 8. Some weak moisture from previous days' precipitation lingered in some valleys still, and brief breaks in cloud cover enabled enough radiational cooling to saturate some locations. Localized dense fog was able to develop as a result, though lingering cloud cover over central Colorado in the hours around sunrise kept fog development primarily to the lower valleys of western Colorado.","Localized dense fog developed within the Lower Yampa River Basin on the morning of January 8. The K4V0 AWOS at the Rangely Airport reported multiple brief periods, an hour long or shorter duration, of 1/4-mile visibility due to freezing fog beginning shortly before sunrise and occurring for a couple hours after sunrise. No reports of injuries, damages, or fatalities were received.",CSV
202601,9,1000,202601,9,1500,210148,1310610,COLORADO,8,2026,January,Avalanche,Z,10,GORE AND ELK MOUNTAINS/CENTRAL MOUNTAIN VALLEYS,GJT,09-JAN-26 10:00:00,MST-7,09-JAN-26 15:00:00,1,0,0,0,0.00K,0.00K,State Official,,,,,,,,,,,,,,,,,,,,,,"The winter of 2025-2026 has see precious little in the amount of snow accumulating in the mountains. When a decent storm does develop, bringing fresh snow to the higher elevations, back country skiers flock to the terrain. However, with the infrequency of accumulating snow this winter, the snowpack is overall unstable, and liable to avalanche when this new fresh snow loads on top of the older, unstable layers. At that point, all it takes is a person in the wrong place at the wrong time.","To summarize the write up provided by the Colorado Avalanche Information Center (CAIC) regarding this incident: The area of the incident is known locally as King Arthur's/Timber Falls (39.628, -106.308). 1 backcountry tourer caught and partially buried, injured. Skier triggered avalanched rated as R2 and D2, meaning it was small relative to it's path but was large enough to catch, injure or kill a person. Avalanche was below treelline and on an east facing slope. CAIC had rated the avalanche danger in that area on that day a 2/5 or moderate, mainly at or above treeline, with danger ranged 1/5 or low below treeline. North through east facing slopes rated most dangerous. 2 skiers triggered the avalanche, with only one being caught and pinned against a tree, suffering cuts and abrasions. With assistance from the other skier, who was able to avoid the avalanche, the trapped skier was freed and both were able to leave the site of the avalanche.",CSV
202601,23,300,202601,24,1500,210292,1311907,COLORADO,8,2026,January,Heavy Snow,Z,18,NORTHWESTERN SAN JUAN MOUNTAINS,GJT,23-JAN-26 03:00:00,MST-7,24-JAN-26 15:00:00,0,0,0,0,0.00K,0.00K,Mesonet,,,,,,,,,,,,,,,,,,,,,,"Southwest flow ahead of a deepening cutoff low over the Desert Southwest allowed for sufficient moisture to work into the area along a strong cold front. An additional low pressure system dropped in from the northwest, bringing colder air with it and pushing this cold front across the area. This resulted in moderate to heavy snowfall across the central and southern mountains of western Colorado and southeast Utah with the higher accumulations over the Uncompahgre Plateau and San Juan Mountains due to colder air and favorable orographics.",Generally 10 to 16 inches of snow fell across the area with 11.9 inches of snow reported at Ouray 0.23NNW.,CSV
202601,2,530,202601,2,615,209917,1309213,COLORADO,8,2026,January,Dense Fog,Z,1,LOWER YAMPA RIVER BASIN,GJT,02-JAN-26 05:30:00,MST-7,02-JAN-26 06:15:00,0,0,0,0,0.00K,0.00K,AWOS,,,,,,,,,,,,,,,,,,,,,,"A deep Pacific trough brought moist southwesterly flow to much of the western CONUS on January 1. A weak upper-level jet streak arrived in coincidence with the surge of moisture, prompting widespread precipitation in western Colorado throughout the morning of the 1st. Strong cold air advection behind the storms rapidly saturated valleys, and areas of dense fog developed during throughout the night and into the morning of January 2.","Patchy dense fog developed within the Lower Yampa River Basin early on the morning of January 2. The K4V0 AWOS at the Rangely Airport reported brief 1/4-mile visibility from freezing fog before sunrise. No reports of injuries, damages, or fatalities were received.",CSV
202601,2,2330,202601,3,1045,209921,1309237,COLORADO,8,2026,January,Dense Fog,Z,11,CENTRAL GUNNISON AND UNCOMPAHGRE RIVER BASIN,GJT,02-JAN-26 23:30:00,MST-7,03-JAN-26 10:45:00,0,0,0,0,0.00K,0.00K,ASOS,,,,,,,,,,,,,,,,,,,,,,"Potent surface moisture lingered within Colorado valleys overnight on January 2 and 3 resulting from widespread rain and snow over the prior two days. A deep upper-level ridge moving overhead made way for clear skies though. With the resulting radiational cooling, overnight surface conditions became saturated and supported widespread dense fog development.","Areas of dense fog developed within lower valleys along US-50 overnight on January 2 and 3. The KMTJ ASOS at the Montrose Regional Airport reported 1/4-mile visibility due to freezing fog for about an hour near midnight. The KAJZ AWOS at the Blake Field Delta Airport reported multiple brief periods of reduced visibility prior to sunrise as well as over three hours of 1/4-mile visibility near and after sunrise due to dense fog. No reports of injuries, damages, or fatalities were received.",CSV
202601,1,2045,202601,2,45,209917,1309212,COLORADO,8,2026,January,Dense Fog,Z,23,SAN JUAN RIVER BASIN,GJT,01-JAN-26 20:45:00,MST-7,02-JAN-26 00:45:00,0,0,0,0,0.00K,0.00K,AWOS,,,,,,,,,,,,,,,,,,,,,,"A deep Pacific trough brought moist southwesterly flow to much of the western CONUS on January 1. A weak upper-level jet streak arrived in coincidence with the surge of moisture, prompting widespread precipitation in western Colorado throughout the morning of the 1st. Strong cold air advection behind the storms rapidly saturated valleys, and areas of dense fog developed during throughout the night and into the morning of January 2.","Patchy dense fog developed within the San Juan River Basin overnight on January 1 and 2. The KPSO AWOS at the Stevens-Pagosa Springs Airfield reported brief 1/4-mile visibility from dense fog near midnight. No reports of injuries, damages, or fatalities were received.",CSV
202601,2,445,202601,2,500,209917,1309215,COLORADO,8,2026,January,Dense Fog,Z,20,PARADOX VALLEY / LOWER DOLORES RIVER BASIN,GJT,02-JAN-26 04:45:00,MST-7,02-JAN-26 05:00:00,0,0,0,0,0.00K,0.00K,AWOS,,,,,,,,,,,,,,,,,,,,,,"A deep Pacific trough brought moist southwesterly flow to much of the western CONUS on January 1. A weak upper-level jet streak arrived in coincidence with the surge of moisture, prompting widespread precipitation in western Colorado throughout the morning of the 1st. Strong cold air advection behind the storms rapidly saturated valleys, and areas of dense fog developed during throughout the night and into the morning of January 2.","Patchy dense fog developed within Paradox Valley on the morning of January 2. The KAIB AWOS at Hopkins Field in Nucla, Colorado reported brief 1/4-mile visibility from dense fog before sunrise. No reports of injuries, damages, or fatalities were received.",CSV
202601,2,500,202601,2,900,209917,1309214,COLORADO,8,2026,January,Dense Fog,Z,7,DEBEQUE TO SILT CORRIDOR,GJT,02-JAN-26 05:00:00,MST-7,02-JAN-26 09:00:00,0,0,0,0,0.00K,0.00K,ASOS,,,,,,,,,,,,,,,,,,,,,,"A deep Pacific trough brought moist southwesterly flow to much of the western CONUS on January 1. A weak upper-level jet streak arrived in coincidence with the surge of moisture, prompting widespread precipitation in western Colorado throughout the morning of the 1st. Strong cold air advection behind the storms rapidly saturated valleys, and areas of dense fog developed during throughout the night and into the morning of January 2.","Areas of dense fog developed within valleys along I-70 during the morning of January 2. The KRIL ASOS at the Rifle Garfield County Airport reported two periods of 1/4-mile visibility from dense fog. The first occurred before sunrise and lasted for about 15 minutes. The second occurred shortly after sunrise and after a brief rain shower, and fog persisted for about a half an hour before dissipating. No reports of injuries, damages, or fatalities were received.",CSV
202601,24,445,202601,24,1045,210088,1310258,COLORADO,8,2026,January,Dense Fog,Z,6,GRAND VALLEY,GJT,24-JAN-26 04:45:00,MST-7,24-JAN-26 10:45:00,0,0,0,0,0.00K,0.00K,ASOS,,,,,,,,,,,,,,,,,,,,,,"Strong moisture transport flowed through the Intermountain West around a deep upper-level trough in late January, bringing widespread precipitation to Colorado's west slope. While much of the region continued to be impacted by active weather through the night and morning, drying mid-levels cleared skies over the Grand and Paradox Valleys. Dense fog already began to develop at this point, but as the frontal boundary supporting the precipitation dipped south, cooling temperatures prolonged dense fog throughout the majority of the morning.","Widespread dense fog developed within the Grand Valley on the morning of January 24. The KGJT ASOS at the Grand Junction Regional Airport reported two prolonged periods of reduced visibility due to dense fog. The first period lasted about two and a half hours leading up to sunrise with visibilities reaching 1/4 mile. Fog dispersed for a short period before returning for about another two hours in which visibility dropped below 1/4 mile. No reports of injuries, damages, or fatalities were received.",CSV
202601,24,230,202601,24,800,210088,1310262,COLORADO,8,2026,January,Dense Fog,Z,20,PARADOX VALLEY / LOWER DOLORES RIVER BASIN,GJT,24-JAN-26 02:30:00,MST-7,24-JAN-26 08:00:00,0,0,0,0,0.00K,0.00K,AWOS,,,,,,,,,,,,,,,,,,,,,,"Strong moisture transport flowed through the Intermountain West around a deep upper-level trough in late January, bringing widespread precipitation to Colorado's west slope. While much of the region continued to be impacted by active weather through the night and morning, drying mid-levels cleared skies over the Grand and Paradox Valleys. Dense fog already began to develop at this point, but as the frontal boundary supporting the precipitation dipped south, cooling temperatures prolonged dense fog throughout the majority of the morning.","Widespread dense fog developed within Paradox Valley on the morning of January 24. The KAIB AWOS at Hopkins Field in Nucla, Colorado reported a prolonged period of 1/4-mile visibility due to dense fog and freezing fog, lasting beyond sunrise. No reports of injuries, damages, or fatalities were received.",CSV
202601,6,200,202601,6,400,210081,1310240,COLORADO,8,2026,January,Dense Fog,Z,2,CENTRAL YAMPA RIVER BASIN,GJT,06-JAN-26 02:00:00,MST-7,06-JAN-26 04:00:00,0,0,0,0,0.00K,0.00K,ASOS,,,,,,,,,,,,,,,,,,,,,,"A moderate surge of moisture accompanied by a transient shortwave swept southeastwards through the Intermountain West on January 5 and 6, bringing rain and snow to the west slope of Colorado. Heavier bands of precipitation developed over northwestern Colorado valleys, leaving the near-surface environment saturated even as high pressure filled in throughout the night. As temperatures cooled with clearing skies, widespread dense fog developed within some of these northwestern Colorado valleys.","Widespread, yet relatively brief, dense fog developed within the Central Yampa River Basin early on the morning of January 6. The KCAG ASOS at the Craig-Moffat Airport reported 1/4-mile visibility due to freezing fog for over two hours, and the KHDN AWOS at the Yampa Valley Regional Airport reported about an hour of 1/4-mile visibility due to freezing fog. No reports of injuries, damages, or fatalities were received.",CSV
202601,1,900,202601,2,1700,210285,1311850,COLORADO,8,2026,January,Winter Weather,Z,4,ELKHEAD AND PARK MOUNTAINS,GJT,01-JAN-26 09:00:00,MST-7,02-JAN-26 17:00:00,0,0,0,0,0.00K,0.00K,SNOTEL,,,,,,,,,,,,,,,,,,,,,,"An open low pressure trough moved through the area with better dynamics and moisture at the onset, with the Park Range Mountains favored for the better accumulations. Moderate snow continued across the central and southern Colorado mountains as well as the La Sal Mountains and Abajo Mountains of southeast Utah, driven mainly from orographic components. Temperatures were fairly mild, which limited snow accumulations to the higher elevations above 8000 feet.",Generally 5 to 12 inches of snow fell across the area with locally higher amounts up to 24 inches at Tower. A peak wind gust of 45 mph occurred at Storm Peak Lab.,CSV
202601,1,500,202601,2,1500,210285,1311852,COLORADO,8,2026,January,Winter Weather,Z,12,WEST ELK AND SAWATCH MOUNTAINS,GJT,01-JAN-26 05:00:00,MST-7,02-JAN-26 15:00:00,0,0,0,0,0.00K,0.00K,CoCoRaHS,,,,,,,,,,,,,,,,,,,,,,"An open low pressure trough moved through the area with better dynamics and moisture at the onset, with the Park Range Mountains favored for the better accumulations. Moderate snow continued across the central and southern Colorado mountains as well as the La Sal Mountains and Abajo Mountains of southeast Utah, driven mainly from orographic components. Temperatures were fairly mild, which limited snow accumulations to the higher elevations above 8000 feet.",Generally 5 to 10 inches of snow fell across the area with 6.5 inches reported at Crested Butte 6.2N. A peak wind gust of 61 mph occurred at Monarch Pass.,CSV
202601,1,1100,202601,2,1700,210285,1311854,COLORADO,8,2026,January,Winter Weather,Z,13,FLATTOP MOUNTAINS,GJT,01-JAN-26 11:00:00,MST-7,02-JAN-26 17:00:00,0,0,0,0,0.00K,0.00K,SNOTEL,,,,,,,,,,,,,,,,,,,,,,"An open low pressure trough moved through the area with better dynamics and moisture at the onset, with the Park Range Mountains favored for the better accumulations. Moderate snow continued across the central and southern Colorado mountains as well as the La Sal Mountains and Abajo Mountains of southeast Utah, driven mainly from orographic components. Temperatures were fairly mild, which limited snow accumulations to the higher elevations above 8000 feet.",Generally 4 to 10 inches of snow fell across the area.,CSV
202601,1,600,202601,2,1200,210285,1311856,COLORADO,8,2026,January,Heavy Snow,Z,17,UNCOMPAHGRE PLATEAU AND DALLAS DIVIDE,GJT,01-JAN-26 06:00:00,MST-7,02-JAN-26 12:00:00,0,0,0,0,0.00K,0.00K,SNOTEL,,,,,,,,,,,,,,,,,,,,,,"An open low pressure trough moved through the area with better dynamics and moisture at the onset, with the Park Range Mountains favored for the better accumulations. Moderate snow continued across the central and southern Colorado mountains as well as the La Sal Mountains and Abajo Mountains of southeast Utah, driven mainly from orographic components. Temperatures were fairly mild, which limited snow accumulations to the higher elevations above 8000 feet.",Generally 18 to 20 inches of snow fell at the higher elevations including Columbine Pass.,CSV
202601,15,1954,202601,15,2015,209941,1309422,COLORADO,8,2026,January,High Wind,Z,90,YUMA COUNTY,GLD,15-JAN-26 19:54:00,MST-7,15-JAN-26 20:15:00,0,0,0,0,,,Public,56.00,MG,,,,,,,,,,,,,,,,,,,,A strong cold front moved through northeast Colorado on the evening of the 15th. Multiple wind gusts ranging from 55 mph - 65 mph were recorded. Blowing dust with visibility around 0.10 miles reported.,A 65 mph wind gust was recorded from ambient weather station located 6 NNW Wauneta. A 61 mph wind gust was recorded from ambient weather station located 7 N Beecher Island. A 60 mph wind gust from an AWS was recorded at 7 S Laird. A 58 mph wind gust was recorded from AWOS (K2V5) at 2 NW Wray.  Two 58 mph wind gusts from AWOS K2V6 located 1 SSE Yuma.,CSV
202601,24,15,202601,24,400,210088,1310261,COLORADO,8,2026,January,Dense Fog,Z,11,CENTRAL GUNNISON AND UNCOMPAHGRE RIVER BASIN,GJT,24-JAN-26 00:15:00,MST-7,24-JAN-26 04:00:00,0,0,0,0,0.00K,0.00K,AWOS,,,,,,,,,,,,,,,,,,,,,,"Strong moisture transport flowed through the Intermountain West around a deep upper-level trough in late January, bringing widespread precipitation to Colorado's west slope. While much of the region continued to be impacted by active weather through the night and morning, drying mid-levels cleared skies over the Grand and Paradox Valleys. Dense fog already began to develop at this point, but as the frontal boundary supporting the precipitation dipped south, cooling temperatures prolonged dense fog throughout the majority of the morning.","Areas of dense fog developed within lower valleys along US-50 during the morning of January 24. The KAJZ AWOS at the Blake Field Delta Airport reported about two hours of 1/4-mile visibility due to dense fog following a prolonged period of snowfall. No reports of injuries, damages, or fatalities were received.",CSV
202601,1,400,202601,2,1200,210285,1311859,COLORADO,8,2026,January,Winter Weather,Z,18,NORTHWESTERN SAN JUAN MOUNTAINS,GJT,01-JAN-26 04:00:00,MST-7,02-JAN-26 12:00:00,0,0,0,0,0.00K,0.00K,SNOTEL,,,,,,,,,,,,,,,,,,,,,,"An open low pressure trough moved through the area with better dynamics and moisture at the onset, with the Park Range Mountains favored for the better accumulations. Moderate snow continued across the central and southern Colorado mountains as well as the La Sal Mountains and Abajo Mountains of southeast Utah, driven mainly from orographic components. Temperatures were fairly mild, which limited snow accumulations to the higher elevations above 8000 feet.",Generally 5 to 10 inches of snow fell across the area with locally higher amounts up to 14 inches at Lone Cone.,CSV
202601,1,500,202601,2,1600,210285,1311861,COLORADO,8,2026,January,Winter Weather,Z,19,SOUTHWESTERN SAN JUAN MOUNTAINS,GJT,01-JAN-26 05:00:00,MST-7,02-JAN-26 16:00:00,0,0,0,0,0.00K,0.00K,SNOTEL,,,,,,,,,,,,,,,,,,,,,,"An open low pressure trough moved through the area with better dynamics and moisture at the onset, with the Park Range Mountains favored for the better accumulations. Moderate snow continued across the central and southern Colorado mountains as well as the La Sal Mountains and Abajo Mountains of southeast Utah, driven mainly from orographic components. Temperatures were fairly mild, which limited snow accumulations to the higher elevations above 8000 feet.",Generally 6 to 12 inches of snow fell across the area with locally higher amounts up to 15 inches at Mancos.,CSV
202601,15,2045,202601,15,2115,209941,1309424,COLORADO,8,2026,January,High Wind,Z,91,KIT CARSON COUNTY,GLD,15-JAN-26 20:45:00,MST-7,15-JAN-26 21:15:00,0,0,0,0,,,ASOS,53.00,MG,,,,,,,,,,,,,,,,,,,,A strong cold front moved through northeast Colorado on the evening of the 15th. Multiple wind gusts ranging from 55 mph - 65 mph were recorded. Blowing dust with visibility around 0.10 miles reported.,"Wind gusts of 59 and 61 mph were recorded from the Burlington Airport (KITR) ASOS. A personal weather station at 9 NNW Bethune recorded a gust of 58 mph. A personal weather station at 7 N Stratton recorded a gust of 57 mph.  A personal weather station recorded a gust of 56 mph at 9 NNW Bethune. A member of the public reported a semi overturned on I-70 east approximately 1 mile from Stratton, Colorado.",CSV
202602,16,2100,202602,17,600,210691,1315684,COLORADO,8,2026,February,High Wind,Z,3,ROAN AND TAVAPUTS PLATEAUS,GJT,16-FEB-26 21:00:00,MST-7,17-FEB-26 06:00:00,0,0,0,0,0.00K,0.00K,Department of Highways,75.00,MG,,,,,,,,,,,,,,,,,,,,"In the days leading up to this event, a strong trough made landfall along the West Coast of the US. Ahead of this system, unusually warm and dry conditions prevailed as high pressure dominated the Intermountain West. The trough began to track inland on the 15th into the 16th, but the high pressure was reluctant to shift east. This led to a tightening up of the pressure gradient between these two features, enhancing an already strong southwesterly upper level jet. Lift began to increase ahead of the trough on the evening of the 16th, with mountain rain and snow showers breaking out over the higher terrain of eastern Utah and western Colorado. This also helped to keep deep mixing ongoing well after sunset, resulting in some of the peak winds occurring between midnight and daybreak on the 17th. In addition, a potent cold front was associated with this system, and was expected to sweep through eastern Utah and western Colorado around daybreak. Ahead of the cold front, the surface pressure gradient tightened substantially and surface winds maxed out. This coincided with the period between midnight and daybreak on the 17th.","At 10:41 PM MST on February 16th, the Colorado Department of Transportation sensor 139s034 Douglas Pass recorded a gust to 86 mph. Additional gusts recorded at this sensor during the event include a second gust to 86 mph at 1:55 AM MST 2/17, and a gust to 74 at 5:29 AM MST on the 17th. Additional sensors in the zone, all RAWS, recorded gusts from 45 mph to 67 mph during the period of high winds. No reports of damages, injuries, or fatalities were received in association with these high winds.",CSV
202602,16,1900,202602,17,1300,210691,1315685,COLORADO,8,2026,February,High Wind,Z,18,NORTHWESTERN SAN JUAN MOUNTAINS,GJT,16-FEB-26 19:00:00,MST-7,17-FEB-26 13:00:00,0,0,0,0,0.00K,0.00K,Department of Highways,74.00,MG,,,,,,,,,,,,,,,,,,,,"In the days leading up to this event, a strong trough made landfall along the West Coast of the US. Ahead of this system, unusually warm and dry conditions prevailed as high pressure dominated the Intermountain West. The trough began to track inland on the 15th into the 16th, but the high pressure was reluctant to shift east. This led to a tightening up of the pressure gradient between these two features, enhancing an already strong southwesterly upper level jet. Lift began to increase ahead of the trough on the evening of the 16th, with mountain rain and snow showers breaking out over the higher terrain of eastern Utah and western Colorado. This also helped to keep deep mixing ongoing well after sunset, resulting in some of the peak winds occurring between midnight and daybreak on the 17th. In addition, a potent cold front was associated with this system, and was expected to sweep through eastern Utah and western Colorado around daybreak. Ahead of the cold front, the surface pressure gradient tightened substantially and surface winds maxed out. This coincided with the period between midnight and daybreak on the 17th.","The peak gust of this event was 85 mph at 8:01 PM MST February 16th at the Sawpit Colorado Department of Transportation sensor in Sawpit, Colorado. Additional gusts within the zone ranged from 50 mph to 66 mph during this event. The peak gust at an AWOS or ASOS was 58 mph at the KTEX AWOS at Telluride Regional Airport in Telluride, CO at 1:55 AM MST 2/17. No reports of injuries, damages, or fatalities were received in association with this event.",CSV
202602,17,930,202602,17,1445,211607,1322124,COLORADO,8,2026,February,High Wind,Z,91,KIT CARSON COUNTY,GLD,17-FEB-26 09:30:00,MST-7,17-FEB-26 14:45:00,0,0,0,0,0.00K,0.00K,ASOS,62.00,MG,,,,,,,,,,,,,,,,,,,,High winds occurred along and behind an advancing cold front.  The peak gust was 72 MPH near Aroya.,The peak gust in the county was reported at the airport.,CSV
202602,16,1800,202602,17,1200,210691,1315686,COLORADO,8,2026,February,High Wind,Z,6,GRAND VALLEY,GJT,16-FEB-26 18:00:00,MST-7,17-FEB-26 12:00:00,0,0,0,0,0.00K,0.00K,Mesonet,62.00,MG,,,,,,,,,,,,,,,,,,,,"In the days leading up to this event, a strong trough made landfall along the West Coast of the US. Ahead of this system, unusually warm and dry conditions prevailed as high pressure dominated the Intermountain West. The trough began to track inland on the 15th into the 16th, but the high pressure was reluctant to shift east. This led to a tightening up of the pressure gradient between these two features, enhancing an already strong southwesterly upper level jet. Lift began to increase ahead of the trough on the evening of the 16th, with mountain rain and snow showers breaking out over the higher terrain of eastern Utah and western Colorado. This also helped to keep deep mixing ongoing well after sunset, resulting in some of the peak winds occurring between midnight and daybreak on the 17th. In addition, a potent cold front was associated with this system, and was expected to sweep through eastern Utah and western Colorado around daybreak. Ahead of the cold front, the surface pressure gradient tightened substantially and surface winds maxed out. This coincided with the period between midnight and daybreak on the 17th.","The peak gust recorded during this event was to 71 mph at the Hallenbeck Reservoir DRI mesonet sensor at 3:15 AM MST 2/17. Gusts at or above 58 mph began as early as 6:45 PM MST 2/16, again with a gust at the Hallenbeck Reservoir site. A gust to 60 mph was recorded at the KGJT ASOS at Grand Junction Regional Airport at 1:33 AM MST 2/17. Additional gusts between 45 mph and 55 mph were recorded across the region during the period of high winds. No reports of damages, injuries, or fatalities were received in association with this event.",CSV
202602,17,300,202602,17,1200,210691,1315687,COLORADO,8,2026,February,High Wind,Z,12,WEST ELK AND SAWATCH MOUNTAINS,GJT,17-FEB-26 03:00:00,MST-7,17-FEB-26 12:00:00,0,0,0,0,0.00K,0.00K,AWOS,76.00,MG,,,,,,,,,,,,,,,,,,,,"In the days leading up to this event, a strong trough made landfall along the West Coast of the US. Ahead of this system, unusually warm and dry conditions prevailed as high pressure dominated the Intermountain West. The trough began to track inland on the 15th into the 16th, but the high pressure was reluctant to shift east. This led to a tightening up of the pressure gradient between these two features, enhancing an already strong southwesterly upper level jet. Lift began to increase ahead of the trough on the evening of the 16th, with mountain rain and snow showers breaking out over the higher terrain of eastern Utah and western Colorado. This also helped to keep deep mixing ongoing well after sunset, resulting in some of the peak winds occurring between midnight and daybreak on the 17th. In addition, a potent cold front was associated with this system, and was expected to sweep through eastern Utah and western Colorado around daybreak. Ahead of the cold front, the surface pressure gradient tightened substantially and surface winds maxed out. This coincided with the period between midnight and daybreak on the 17th.","The peak gust to 87 mph was recorded at the KMYP AWOS on Monarch Pass at 3:15 AM MST 2/17. Additional gusts recorded at this sensor were to 72 mph at 5:55 AM MST 2/17, and to 86 mph at 11:55 AM MST 2/17. Gusts at other sensors across the region ranged from 45 mph to 71 mph during the period of highest winds. No reports of damages, injuries, or fatalities related to this wind event were received.",CSV
202602,25,1130,202602,25,1400,209914,1309193,COLORADO,8,2026,February,Wildfire,Z,40,N DOUGLAS COUNTY BELOW 6000 FEET / DENVER / W ADAMS & ARAPAHOE COUNTIES / E BROOMFIELD COUNTY,BOU,25-FEB-26 11:30:00,MST-7,25-FEB-26 14:00:00,0,0,0,0,0.00K,0.00K,Broadcast Media,,,,,,,,,,,,,,,,,,,,,,Gusty to strong west downslope winds developed along the east slope of the Front Range Mountains and Foothills during the morning of the 25th. Windy conditions spread east across the plains with gusts of 45 to 55 mph with a few local gusts reaching 65 mph. The strong winds combined very warm and dry conditions fuel two wildfires. One on the north Denver metro area and a second in northern Logan County.,"The fire burned across 10 acres of dry, grassy fields and charred about 150 vehicles as it produced billows of black smoke visible across the Denver area. Smoke reduced visibility on Interstate 25 to the point that state transportation officials closed the highway in both directions for more than an hour. Four firefighters and one other person were injured by the fire.",CSV
202602,25,1320,202602,25,1630,209914,1309194,COLORADO,8,2026,February,Wildfire,Z,48,LOGAN COUNTY,BOU,25-FEB-26 13:20:00,MST-7,25-FEB-26 16:30:00,0,0,0,0,0.00K,0.00K,Broadcast Media,,,,,,,,,,,,,,,,,,,,,,Gusty to strong west downslope winds developed along the east slope of the Front Range Mountains and Foothills during the morning of the 25th. Windy conditions spread east across the plains with gusts of 45 to 55 mph with a few local gusts reaching 65 mph. The strong winds combined very warm and dry conditions fuel two wildfires. One on the north Denver metro area and a second in northern Logan County.,"The wildfire was ignited by a motor vehicle accident at Highway 113 and Logan County Road 66, according to the Logan County Office of Emergency Management. The area is mainly grassland and rough terrain. Strong northwest to north winds fanned the fire burning 3,500 to 4,000 acres.",CSV
202602,24,400,202602,24,1810,209914,1309296,COLORADO,8,2026,February,High Wind,Z,34,S & SE GRAND / W CENTRAL & SW BOULDER / GILPIN / CLEAR CREEK / SUMMIT / N & W PARK COUNTIES ABOVE 9000 FEET,BOU,24-FEB-26 04:00:00,MST-7,24-FEB-26 18:10:00,0,0,0,0,0.00K,0.00K,Mesonet,76.00,EG,,,,,,,,,,,,,,,,,,,,Gusty to strong west downslope winds developed along the east slope of the Front Range Mountains and Foothills during the morning of the 25th. Windy conditions spread east across the plains with gusts of 45 to 55 mph with a few local gusts reaching 65 mph. The strong winds combined very warm and dry conditions fuel two wildfires. One on the north Denver metro area and a second in northern Logan County.,Wind gusts above timberline reached gusts of 75 to 85 mph.,CSV
202602,25,1200,202602,25,1635,209914,1318197,COLORADO,8,2026,February,High Wind,Z,38,LARIMER COUNTY BELOW 6000 FEET / NW WELD COUNTY,BOU,25-FEB-26 12:00:00,MST-7,25-FEB-26 16:35:00,0,0,0,0,,,Mesonet,62.00,MG,,,,,,,,,,,,,,,,,,,,Gusty to strong west downslope winds developed along the east slope of the Front Range Mountains and Foothills during the morning of the 25th. Windy conditions spread east across the plains with gusts of 45 to 55 mph with a few local gusts reaching 65 mph. The strong winds combined very warm and dry conditions fuel two wildfires. One on the north Denver metro area and a second in northern Logan County.,A wind gust of 71 mph was record at the Buckeye RAWS and a gust of 58 mph 4 south-southeast of Carr.,CSV
202602,17,400,202602,17,1200,210691,1315688,COLORADO,8,2026,February,High Wind,Z,4,ELKHEAD AND PARK MOUNTAINS,GJT,17-FEB-26 04:00:00,MST-7,17-FEB-26 12:00:00,0,0,0,0,0.00K,0.00K,Mesonet,68.00,MG,,,,,,,,,,,,,,,,,,,,"In the days leading up to this event, a strong trough made landfall along the West Coast of the US. Ahead of this system, unusually warm and dry conditions prevailed as high pressure dominated the Intermountain West. The trough began to track inland on the 15th into the 16th, but the high pressure was reluctant to shift east. This led to a tightening up of the pressure gradient between these two features, enhancing an already strong southwesterly upper level jet. Lift began to increase ahead of the trough on the evening of the 16th, with mountain rain and snow showers breaking out over the higher terrain of eastern Utah and western Colorado. This also helped to keep deep mixing ongoing well after sunset, resulting in some of the peak winds occurring between midnight and daybreak on the 17th. In addition, a potent cold front was associated with this system, and was expected to sweep through eastern Utah and western Colorado around daybreak. Ahead of the cold front, the surface pressure gradient tightened substantially and surface winds maxed out. This coincided with the period between midnight and daybreak on the 17th.","The peak gust during this event was to 78 mph, recorded at the Steamboat Springs DRI Mesonet site at 7:15 AM MST 2/17. Additional gusts at sites around the zone ranged from 55 mph to 70 mph during the period of highest winds. No reports of damages, injuries, or fatalities related to this high wind event were received.",CSV
202602,17,200,202602,17,1300,210691,1315689,COLORADO,8,2026,February,High Wind,Z,7,DEBEQUE TO SILT CORRIDOR,GJT,17-FEB-26 02:00:00,MST-7,17-FEB-26 13:00:00,0,0,0,0,0.00K,0.00K,ASOS,60.00,MG,,,,,,,,,,,,,,,,,,,,"In the days leading up to this event, a strong trough made landfall along the West Coast of the US. Ahead of this system, unusually warm and dry conditions prevailed as high pressure dominated the Intermountain West. The trough began to track inland on the 15th into the 16th, but the high pressure was reluctant to shift east. This led to a tightening up of the pressure gradient between these two features, enhancing an already strong southwesterly upper level jet. Lift began to increase ahead of the trough on the evening of the 16th, with mountain rain and snow showers breaking out over the higher terrain of eastern Utah and western Colorado. This also helped to keep deep mixing ongoing well after sunset, resulting in some of the peak winds occurring between midnight and daybreak on the 17th. In addition, a potent cold front was associated with this system, and was expected to sweep through eastern Utah and western Colorado around daybreak. Ahead of the cold front, the surface pressure gradient tightened substantially and surface winds maxed out. This coincided with the period between midnight and daybreak on the 17th.","The peak gust recorded during this event was to 69 mph, recorded at the KRIL ASOS at Garfield County Regional Airport in Rifle, CO at 5:03 AM MST 2/17. An additional gust to 58 mph was recorded at the Colorado Department of Transportation mesonet site 070w054 DeBeque at 4:28 AM MST 2/17. Additional gusts at other sensors around the zone ranged from 45 mph to 55 mph during the period of highest winds. No reports of injuries, damages, or fatalities were received.",CSV
202602,25,1430,202602,25,1540,209914,1318198,COLORADO,8,2026,February,High Wind,Z,42,NE WELD COUNTY,BOU,25-FEB-26 14:30:00,MST-7,25-FEB-26 15:40:00,0,0,0,0,,,Mesonet,54.00,EG,,,,,,,,,,,,,,,,,,,,Gusty to strong west downslope winds developed along the east slope of the Front Range Mountains and Foothills during the morning of the 25th. Windy conditions spread east across the plains with gusts of 45 to 55 mph with a few local gusts reaching 65 mph. The strong winds combined very warm and dry conditions fuel two wildfires. One on the north Denver metro area and a second in northern Logan County.,Several wind gusts in the 58 to 62 mph range were recorded including a 62 mph wind gust in Briggsdale.,CSV
202602,25,1430,202602,25,1450,209914,1318199,COLORADO,8,2026,February,High Wind,Z,44,MORGAN COUNTY,BOU,25-FEB-26 14:30:00,MST-7,25-FEB-26 14:50:00,0,0,0,0,,,AWOS,52.00,MG,,,,,,,,,,,,,,,,,,,,Gusty to strong west downslope winds developed along the east slope of the Front Range Mountains and Foothills during the morning of the 25th. Windy conditions spread east across the plains with gusts of 45 to 55 mph with a few local gusts reaching 65 mph. The strong winds combined very warm and dry conditions fuel two wildfires. One on the north Denver metro area and a second in northern Logan County.,A 60 mph wind gust was recorded at the Fort Morgan airport.,CSV
202602,25,1540,202602,25,1555,209914,1318200,COLORADO,8,2026,February,High Wind,Z,49,WASHINGTON COUNTY,BOU,25-FEB-26 15:40:00,MST-7,25-FEB-26 15:55:00,0,0,0,0,,,ASOS,53.00,MG,,,,,,,,,,,,,,,,,,,,Gusty to strong west downslope winds developed along the east slope of the Front Range Mountains and Foothills during the morning of the 25th. Windy conditions spread east across the plains with gusts of 45 to 55 mph with a few local gusts reaching 65 mph. The strong winds combined very warm and dry conditions fuel two wildfires. One on the north Denver metro area and a second in northern Logan County.,A 61 mph wind gust was reported at the Akron airport.,CSV
202602,17,200,202602,17,1200,210691,1315690,COLORADO,8,2026,February,High Wind,Z,2,CENTRAL YAMPA RIVER BASIN,GJT,17-FEB-26 02:00:00,MST-7,17-FEB-26 12:00:00,0,0,0,0,0.00K,0.00K,RAWS,56.00,MG,,,,,,,,,,,,,,,,,,,,"In the days leading up to this event, a strong trough made landfall along the West Coast of the US. Ahead of this system, unusually warm and dry conditions prevailed as high pressure dominated the Intermountain West. The trough began to track inland on the 15th into the 16th, but the high pressure was reluctant to shift east. This led to a tightening up of the pressure gradient between these two features, enhancing an already strong southwesterly upper level jet. Lift began to increase ahead of the trough on the evening of the 16th, with mountain rain and snow showers breaking out over the higher terrain of eastern Utah and western Colorado. This also helped to keep deep mixing ongoing well after sunset, resulting in some of the peak winds occurring between midnight and daybreak on the 17th. In addition, a potent cold front was associated with this system, and was expected to sweep through eastern Utah and western Colorado around daybreak. Ahead of the cold front, the surface pressure gradient tightened substantially and surface winds maxed out. This coincided with the period between midnight and daybreak on the 17th.","The peak gust of this event was to 64 mph at the Great Divide 2SW RAWS site at 4:46 AM MST 2/17. The peak gust at an ASOS or AWOS was 55 mph at the KCAG ASOS at Craig-Moffat County Airport in Craig, CO at 5:12 AM MST 2/17. Additional gusts at various sensors around the zone ranged from 45 mph to 58 mph during the period of highest winds. No reports of injuries, fatalities, or damages were received.",CSV
202602,17,200,202602,17,700,210691,1315691,COLORADO,8,2026,February,High Wind,Z,8,CENTRAL COLORADO RIVER BASIN,GJT,17-FEB-26 02:00:00,MST-7,17-FEB-26 07:00:00,0,0,0,0,0.00K,0.00K,Department of Highways,56.00,MG,,,,,,,,,,,,,,,,,,,,"In the days leading up to this event, a strong trough made landfall along the West Coast of the US. Ahead of this system, unusually warm and dry conditions prevailed as high pressure dominated the Intermountain West. The trough began to track inland on the 15th into the 16th, but the high pressure was reluctant to shift east. This led to a tightening up of the pressure gradient between these two features, enhancing an already strong southwesterly upper level jet. Lift began to increase ahead of the trough on the evening of the 16th, with mountain rain and snow showers breaking out over the higher terrain of eastern Utah and western Colorado. This also helped to keep deep mixing ongoing well after sunset, resulting in some of the peak winds occurring between midnight and daybreak on the 17th. In addition, a potent cold front was associated with this system, and was expected to sweep through eastern Utah and western Colorado around daybreak. Ahead of the cold front, the surface pressure gradient tightened substantially and surface winds maxed out. This coincided with the period between midnight and daybreak on the 17th.","The peak gust to 64 mph was recorded at the Colorado Department of Transportation (CDOT) mesonet site 0.1 mi W of No Name Tunnel at 5:29 AM MST 2/17. A gust to 62 mph was recorded at 6:33 AM MST 2/17 at the CDOT mesonet site 070w12085rws1rhs - 0.2 mi W. The peak gust at an AWOS or ASOS was to 58 mph at the KEGE AWOS at Eagle County Regional Airport at 4:00 AM MST 2/17. Additional gusts at various sensors across the region recorded gusts of 45 mph to 57 mph during the period of highest winds. No reports of damages, injuries, or fatalities associated with this high wind event were received.",CSV
202602,17,500,202602,17,700,210691,1315692,COLORADO,8,2026,February,High Wind,Z,22,ANIMAS RIVER BASIN,GJT,17-FEB-26 05:00:00,MST-7,17-FEB-26 07:00:00,0,0,0,0,0.00K,0.00K,ASOS,50.00,MG,,,,,,,,,,,,,,,,,,,,"In the days leading up to this event, a strong trough made landfall along the West Coast of the US. Ahead of this system, unusually warm and dry conditions prevailed as high pressure dominated the Intermountain West. The trough began to track inland on the 15th into the 16th, but the high pressure was reluctant to shift east. This led to a tightening up of the pressure gradient between these two features, enhancing an already strong southwesterly upper level jet. Lift began to increase ahead of the trough on the evening of the 16th, with mountain rain and snow showers breaking out over the higher terrain of eastern Utah and western Colorado. This also helped to keep deep mixing ongoing well after sunset, resulting in some of the peak winds occurring between midnight and daybreak on the 17th. In addition, a potent cold front was associated with this system, and was expected to sweep through eastern Utah and western Colorado around daybreak. Ahead of the cold front, the surface pressure gradient tightened substantially and surface winds maxed out. This coincided with the period between midnight and daybreak on the 17th.","The peak gust during this event was 58 mph, recorded at the KDRO ASOS at Durango-La Plata County Airport in Durango, CO at 5:58 AM MST 2/17. Additional gusts at various sensors across the zone during the period of highest winds were 45 mph to 50 mph. No reports of damages, injuries, or fatalities associated with this high wind event have been received.",CSV
202602,1,0,202602,28,2359,210660,1315383,COLORADO,8,2026,February,Drought,Z,10,GORE AND ELK MOUNTAINS/CENTRAL MOUNTAIN VALLEYS,GJT,01-FEB-26 00:00:00,MST-7,28-FEB-26 23:59:00,0,0,0,0,0.00K,0.00K,Drought Monitor,,,,,,,,,,,,,,,,,,,,,,"Above normal temperatures and below normal precipitation continued through the month of February. This led to a continued state of drought across eastern Utah and western Colorado, particularly along the northern and central Colorado Divide mountains. Extreme (D3) Drought saw expansion during the middle of the month, moving into portions of lower elevation northwest Colorado.","At the beginning of the month of February, the US Drought Monitor analyzed an area of Exceptional (D4) Drought as covering roughly 35% of Colorado Zone 010 - Gore and Elk Mountains/Central Mountain Valleys. Exceptional (D3) Drought covered 45% of the zone, with Severe (D2) covering 19%, and Moderate (D1) covering 1%. With the 2/11 US Drought Monitor update, Exceptional (D4) Drought remained unchanged, at 35% coverage. Extreme (D3) Drought expanded to 50% coverage, with Severe (D2) Drought shrinking to 15% coverage, and Moderate (D1) Drought being removed. From this point through the end of the month, drought conditions remained unchanged in the zone. No reports of damages or impacts from drought conditions have been received.",CSV
202602,1,0,202602,28,2359,210660,1315384,COLORADO,8,2026,February,Drought,Z,8,CENTRAL COLORADO RIVER BASIN,GJT,01-FEB-26 00:00:00,MST-7,28-FEB-26 23:59:00,0,0,0,0,0.00K,0.00K,Drought Monitor,,,,,,,,,,,,,,,,,,,,,,"Above normal temperatures and below normal precipitation continued through the month of February. This led to a continued state of drought across eastern Utah and western Colorado, particularly along the northern and central Colorado Divide mountains. Extreme (D3) Drought saw expansion during the middle of the month, moving into portions of lower elevation northwest Colorado.","At the beginning of the month of February, the US Drought Monitor analyzed an area of Exceptional (D4) Drought as covering roughly 5% of Colorado Zone 008 - Central Colorado River Basin. Extreme (D3) Drought covered 85% of the zone, with the remaining 10% under Severe (D2) Drought. With the 2/4 Drought Monitor update, Exceptional (D4) Drought coverage remained unchanged at 5%, while Extreme (D3) Drought expanded to 90% zone coverage. Severe (D2) Drought shrank to 5% zone coverage. From this point through the end of the month, there were no changes to drought conditions in this zone. No reports of impacts or damages related to this drought have been received.",CSV
202602,18,1100,202602,18,1400,210696,1315703,COLORADO,8,2026,February,High Wind,Z,21,FOUR CORNERS / UPPER DOLORES RIVER BASIN,GJT,18-FEB-26 11:00:00,MST-7,18-FEB-26 14:00:00,0,0,0,0,0.00K,0.00K,Mesonet,58.00,MG,,,,,,,,,,,,,,,,,,,,"Winds on the 18th were generally weaker than the winds that had occurred with cold-frontal passage the day before. However, a strong northwesterly jet remained aloft, and daytime mixing allowed for stronger, post-frontal winds to gust across the region. Particularly, northwest to southeast oriented valleys, and areas around the Four Corners, are favored under this type of post-frontal regime.","The peak gust of 67 mph was recorded at the Colorado State University AGMET Mesonet at Yellow Jacket, CO at 1:05 PM MST. Additional gusts at various sensors across the zone ranged from 45 mph to 55 mph during the period of highest winds. No reports of injuries, damages, or fatalities associated with this high wind event have been received.",CSV
202602,1,0,202602,28,2359,210660,1315385,COLORADO,8,2026,February,Drought,Z,13,FLATTOP MOUNTAINS,GJT,01-FEB-26 00:00:00,MST-7,28-FEB-26 23:59:00,0,0,0,0,0.00K,0.00K,Drought Monitor,,,,,,,,,,,,,,,,,,,,,,"Above normal temperatures and below normal precipitation continued through the month of February. This led to a continued state of drought across eastern Utah and western Colorado, particularly along the northern and central Colorado Divide mountains. Extreme (D3) Drought saw expansion during the middle of the month, moving into portions of lower elevation northwest Colorado.","At the beginning of the month of February, the US Drought Monitor analyzed an area of Extreme (D3) Drought covering roughly 10% of Colorado Zone 013 - Flattop Mountains. Severe (D2) Drought covered 80% of the zone, with Moderate (D1) Drought covering the remaining 10%. With the 2/4 Drought Monitor update, Extreme (D3) Drought expanded to cover roughly 75% of the zone, with the remaining 25% under Severe (D2) Drought. Between this point and the end of the month, there were no changes to drought conditions in this zone. No reports of impacts or damages related to this drought were received.",CSV
202602,1,0,202602,28,2359,210660,1315386,COLORADO,8,2026,February,Drought,Z,4,ELKHEAD AND PARK MOUNTAINS,GJT,01-FEB-26 00:00:00,MST-7,28-FEB-26 23:59:00,0,0,0,0,0.00K,0.00K,Drought Monitor,,,,,,,,,,,,,,,,,,,,,,"Above normal temperatures and below normal precipitation continued through the month of February. This led to a continued state of drought across eastern Utah and western Colorado, particularly along the northern and central Colorado Divide mountains. Extreme (D3) Drought saw expansion during the middle of the month, moving into portions of lower elevation northwest Colorado.","At the beginning of the month of February, the US Drought Monitor analyzed an area of Extreme (D3) Drought as covering roughly 25% of Colorado Zone 004 - Elkhead and Park Mountains, with Severe (D2) Drought covering the remaining 75%. With the 2/4 Drought Monitor update, Extreme (D3) Drought expanded to cover 40% of the zone, with the remaining 60% under Severe (D2) Drought. From this point through the end of the month, no changes to drought condition in this zone were recorded. No reports of impacts or damages related to this drought have been received.",CSV
202602,4,0,202602,28,2359,210660,1315387,COLORADO,8,2026,February,Drought,Z,5,UPPER YAMPA RIVER BASIN,GJT,04-FEB-26 00:00:00,MST-7,28-FEB-26 23:59:00,0,0,0,0,0.00K,0.00K,Drought Monitor,,,,,,,,,,,,,,,,,,,,,,"Above normal temperatures and below normal precipitation continued through the month of February. This led to a continued state of drought across eastern Utah and western Colorado, particularly along the northern and central Colorado Divide mountains. Extreme (D3) Drought saw expansion during the middle of the month, moving into portions of lower elevation northwest Colorado.","While there were no instances of Extreme (D3) or Exceptional (D4) Drought to start the month of February, the US Drought Monitor did analyze an area of Extreme (D3) Drought covering 20% of Colorado Zone 005 - Upper Yampa River Basin with the 2/4 update. The remaining 80% of the zone were under Severe (D2) Drought conditions. From this point through the end of the month, there were no recorded changes to drought conditions in this zone. No reports of impacts or damages related to this drought were received.",CSV
202602,18,900,202602,18,1100,210696,1315704,COLORADO,8,2026,February,High Wind,Z,11,CENTRAL GUNNISON AND UNCOMPAHGRE RIVER BASIN,GJT,18-FEB-26 09:00:00,MST-7,18-FEB-26 11:00:00,0,0,0,0,0.00K,0.00K,ASOS,50.00,MG,,,,,,,,,,,,,,,,,,,,"Winds on the 18th were generally weaker than the winds that had occurred with cold-frontal passage the day before. However, a strong northwesterly jet remained aloft, and daytime mixing allowed for stronger, post-frontal winds to gust across the region. Particularly, northwest to southeast oriented valleys, and areas around the Four Corners, are favored under this type of post-frontal regime.","The peak, and only, gust to be recorded during this event in this zone was 58 mph at KMTJ ASOS at Montrose Regional Airport in Montrose, CO. The gust occurred at 10:11 AM MST. No other gusts above 45 mph were recorded on this day, though that does not discount that gusts to this level or above occurred, as there are only so many sensors in the zone. No reports of injuries, damages, or fatalities associated with this high wind event were received.",CSV
202602,1,0,202602,7,2359,210660,1315381,COLORADO,8,2026,February,Drought,Z,1,LOWER YAMPA RIVER BASIN,GJT,01-FEB-26 00:00:00,MST-7,07-FEB-26 23:59:00,0,0,0,0,0.00K,0.00K,Drought Monitor,,,,,,,,,,,,,,,,,,,,,,"Above normal temperatures and below normal precipitation continued through the month of February. This led to a continued state of drought across eastern Utah and western Colorado, particularly along the northern and central Colorado Divide mountains. Extreme (D3) Drought saw expansion during the middle of the month, moving into portions of lower elevation northwest Colorado.",Extreme (D3) Drought was removed from Colorado Zone 001 - Lower Yampa River Basin on February 7th. Drought did not reoccur over the course of a month from that date. Therefore this will be the last drought entry for this zone until such time as Extreme (D3) or Exceptional (D4) Drought again develops.,CSV
202602,21,1200,202602,21,1700,210664,1315393,COLORADO,8,2026,February,Avalanche,Z,18,NORTHWESTERN SAN JUAN MOUNTAINS,GJT,21-FEB-26 12:00:00,MST-7,21-FEB-26 17:00:00,1,0,0,0,0.00K,0.00K,State Official,,,,,,,,,,,,,,,,,,,,,,"A solid mid-month snow storm brought a few feet of fresh snow to the Colorado Divide mountains. This fresh snow fell atop a shallow layer of faceted, old, and unstable snow, creating an overall unstable snowpack. However, as this winter has been very snow poor, the fresh snow enticed a number of backcountry tourers, despite dangerous avalanche conditions as analyzed by the Colorado Avalanche Information Center. As a result, two avalanches resulted in injuries to two different backcountry tourers.","On the accident day, the avalanche danger in the area was rated 3/5 - Considerable at all levels, below, near, and above treeline. Avalanche danger was rated on all aspects, with large to very large avalanches likely west through north to east aspects, and small avalanches possible on southwest through southeast aspects. Avalanche discussion indicated that recent avalanches in the area had been large enough to bury, injure, or kill a person, and could be triggered remotely, from a distance or below, and could travel long distances. The accident group consisted of three backcountry tourers, 1 split board rider and 2 skiers, and the intention was to ski a southwest slope from a sub-peak south of Bonita Peak into Minnehaha Basin (37.893, -107.625). Before ascending toward their destination, they stomped on several areas of drifted snow with no reaction. South slopes noted to have shallow snowpack. Rider 1 descended first and made two ski cuts with no reactivity, then started down the slope. A number of turns into Rider 1's descent the avalanche broke and the Rider was caught, tumbling end over end down the rocky path. Rider 1 came to a stop in a standing position at the bottom of the path, buried from the waist down. A second avalanche, triggered by Skier 1 in the hangfire, struck Rider 1 and pushed them further downhill, leaving them in a seated position. Skier 1, who triggered this avalanche, was also caught and carried, bouncing over rocks and left with their legs buried and an injured arm. Rider 1 was able to self-extricate and moved to Skier 1 to extricate them. Skier 2 chose to descend the way they had ascended, and all met and returned to the trailhead. The larger of the two avalanches was rated R2/D2, meaning it was small relative to its path but was large enough to catch, bury, injure, or kill a person. The smaller avalanche was rated R1/D1, meaning it was very small relative to its path and was small enough to be mostly harmless.",CSV
202602,13,115,202602,13,1130,210728,1315945,COLORADO,8,2026,February,Dense Fog,Z,2,CENTRAL YAMPA RIVER BASIN,GJT,13-FEB-26 01:15:00,MST-7,13-FEB-26 11:30:00,0,0,0,0,0.00K,0.00K,ASOS,,,,,,,,,,,,,,,,,,,,,,"Relatively clear early-day skies on February 12 led to isolated convection with rain and snow showers across portions of western Colorado. Some valleys were already saturated or near-saturated due to periods of precipitation over the prior days. As such, in spite of dense cloud cover lingering overnight and lacking radiational cooling, saturated surface conditions paired with weakening winds were capable of producing areas of dense fog on the morning on February 13.","Widespread dense fog developed within the Yampa River Basin during the morning of February 13. The KCAG ASOS at the Craig-Moffat County Airport reported two prolonged periods of 1/4-mile visibility due to dense fog and freezing fog, once before sunrise and once after. Several hours of reduced visibility above 1/4 mile due to mist and fog were also observed during the morning. The KEEO ASOS at the Meeker Coulter Field Airport observed almost three hours of 1/4-mile visibility due to freezing fog prior to sunrise. The KHDN AWOS at the Yampa Valley Regional Airport also reported several prolonged periods of 1/4-mile visibility due to dense fog and freezing fog both before and after sunrise. No reports of injuries, damages, or fatalities were received.",CSV
202602,17,0,202602,19,400,210928,1317688,COLORADO,8,2026,February,Winter Storm,Z,4,ELKHEAD AND PARK MOUNTAINS,GJT,17-FEB-26 00:00:00,MST-7,19-FEB-26 04:00:00,0,0,0,0,0.00K,0.00K,Mesonet,,,,,,,,,,,,,,,,,,,,,,"A low pressure trough digging southward down the west coast along with a 180 kt jet stream allowed a significant surge of Atmospheric River moisture along with strong southwest winds to advect into eastern Utah and western Colorado. This allowed for significant mountain snowfall across most mountains in eastern Utah and western Colorado where one to two feet of snow fell. Snowfall transitioned from a heavy wet snow with lower snow ratios in the early stages to an efficient power like snow with higher snowfall ratios due to the drastically changing temperatures. Some favored southwest slopes received up to three or more feet of snow as well. The strong jet allowed for strong winds and blowing snow in addition to the heavy snow falling with gusts in the 45 to 60 mph range on average across the mountains with some localized higher gusts above 70 mph. Due to the warm airmass, most lower valleys received rain or a mix limiting accumulations except the southwest Colorado valleys that saw a combination of heavy snow and blowing snow due to the wind once they received the colder air with a second shortwave and strong cold front towards the latter half of this three day storm event.  There were also some snow squalls in some areas due to the combination of heavy snow, wind and low visibility at times with the passage of the strong cold front toward the latter half of the event.",Generally 11 to 20 inches of snow fell across the area with 11.5 inches reported at Steamboat Springs 2.0 ESE. Winds gusted in the 55 to 75 mph range at Storm Peak Lab with a peak wind gust of 78 mph.,CSV
202602,14,30,202602,14,300,210732,1315953,COLORADO,8,2026,February,Dense Fog,Z,23,SAN JUAN RIVER BASIN,GJT,14-FEB-26 00:30:00,MST-7,14-FEB-26 03:00:00,0,0,0,0,0.00K,0.00K,AWOS,,,,,,,,,,,,,,,,,,,,,,"Following multiple days of rain and snow showers, drier northwesterly flow on the backside of a shortwave trough brought clearer skies on the evening of February 13 into the morning of February 14. With ample surface moisture still in place from the prior days' precipitation and strong radiational cooling from clear skies, dense fog developed across many valleys.","Areas of dense fog developed within the San Juan River Basin during the morning of February 14. The KPSO AWOS at the Stevens-Pagosa Springs Airfield reported about two hours of 1/4-mile visibility due to dense fog following several hours of light to moderate snowfall. No reports of injuries, damages, or fatalities were received.",CSV
202602,14,700,202602,14,745,210732,1315951,COLORADO,8,2026,February,Dense Fog,Z,2,CENTRAL YAMPA RIVER BASIN,GJT,14-FEB-26 07:00:00,MST-7,14-FEB-26 07:45:00,0,0,0,0,0.00K,0.00K,ASOS,,,,,,,,,,,,,,,,,,,,,,"Following multiple days of rain and snow showers, drier northwesterly flow on the backside of a shortwave trough brought clearer skies on the evening of February 13 into the morning of February 14. With ample surface moisture still in place from the prior days' precipitation and strong radiational cooling from clear skies, dense fog developed across many valleys.","Localized dense fog developed within the Yampa River Basin during the morning of February 14. The KEEO ASOS at the Meeker Coulter Field Airport reported about a half an hour of reduced visibility due to freezing fog. During this period, visibility dropped below 1/4 mile for about ten minutes as well. No reports of injuries, damages, or fatalities were received.",CSV
202601,5,0,202601,5,2300,210287,1311872,COLORADO,8,2026,January,Winter Weather,Z,9,GRAND AND BATTLEMENT MESAS,GJT,05-JAN-26 00:00:00,MST-7,05-JAN-26 23:00:00,0,0,0,0,0.00K,0.00K,Mesonet,,,,,,,,,,,,,,,,,,,,,,"A jet streak and shortwave trough pushed through the northern and central portions of the area, bringing moderate snowfall to the northern and central Colorado mountains as well as the Eastern Uinta Mountains of northeast Utah. The strong southwest flow also led to windy conditions at the higher elevations resulting in blowing snow as well. Temperatures stayed warm with this system, keeping better snow accumulations mainly confined to areas above 9000 feet.",Generally 6 to 10 inches of snow fell across the area with 7 inches reported at Skyway.,CSV
202602,11,800,202602,12,1300,210926,1317677,COLORADO,8,2026,February,Winter Weather,Z,4,ELKHEAD AND PARK MOUNTAINS,GJT,11-FEB-26 08:00:00,MST-7,12-FEB-26 13:00:00,0,0,0,0,0.00K,0.00K,SNOTEL,,,,,,,,,,,,,,,,,,,,,,A closed low off the Southern California coast pulled in some deep atmospheric river moisture ahead of a shortwave trough dropping southward across northwest Colorado. This led to moderate snow accumulations in the northern and central Colorado mountains with much less elsewhere. Warm temperatures also resulted in high snow levels with most accumulations above 9000 feet and rain or rain/snow mix in the valleys limiting accumulations.,Generally 5 to 12 inches of snow fell across the area with locally higher amounts up to 15 inches at Whiskey Park.,CSV
202602,11,1200,202602,12,1700,210926,1317679,COLORADO,8,2026,February,Winter Weather,Z,9,GRAND AND BATTLEMENT MESAS,GJT,11-FEB-26 12:00:00,MST-7,12-FEB-26 17:00:00,0,0,0,0,0.00K,0.00K,State Official,,,,,,,,,,,,,,,,,,,,,,A closed low off the Southern California coast pulled in some deep atmospheric river moisture ahead of a shortwave trough dropping southward across northwest Colorado. This led to moderate snow accumulations in the northern and central Colorado mountains with much less elsewhere. Warm temperatures also resulted in high snow levels with most accumulations above 9000 feet and rain or rain/snow mix in the valleys limiting accumulations.,Generally 4 to 10 inches of snow fell across the area with up to 11.5 inches reported at Skyway.,CSV
202602,11,800,202602,12,1000,210926,1317680,COLORADO,8,2026,February,Winter Weather,Z,12,WEST ELK AND SAWATCH MOUNTAINS,GJT,11-FEB-26 08:00:00,MST-7,12-FEB-26 10:00:00,0,0,0,0,0.00K,0.00K,CoCoRaHS,,,,,,,,,,,,,,,,,,,,,,A closed low off the Southern California coast pulled in some deep atmospheric river moisture ahead of a shortwave trough dropping southward across northwest Colorado. This led to moderate snow accumulations in the northern and central Colorado mountains with much less elsewhere. Warm temperatures also resulted in high snow levels with most accumulations above 9000 feet and rain or rain/snow mix in the valleys limiting accumulations.,Generally 5 to 12 inches of snow fell across the area with 12 inches reported at Crested Butte 6.2 N. Winds gusted in the 45 to 50 mph range at the onset of the event with a peak wind gust of 49 mph at Irwin Guides Ridge Top.,CSV
202602,11,700,202602,12,1600,210926,1317682,COLORADO,8,2026,February,Winter Weather,Z,13,FLATTOP MOUNTAINS,GJT,11-FEB-26 07:00:00,MST-7,12-FEB-26 16:00:00,0,0,0,0,0.00K,0.00K,SNOTEL,,,,,,,,,,,,,,,,,,,,,,A closed low off the Southern California coast pulled in some deep atmospheric river moisture ahead of a shortwave trough dropping southward across northwest Colorado. This led to moderate snow accumulations in the northern and central Colorado mountains with much less elsewhere. Warm temperatures also resulted in high snow levels with most accumulations above 9000 feet and rain or rain/snow mix in the valleys limiting accumulations.,Generally 4 to 8 inches of snow fell across the area.,CSV
202602,12,2300,202602,13,1600,210927,1317683,COLORADO,8,2026,February,Winter Weather,Z,17,UNCOMPAHGRE PLATEAU AND DALLAS DIVIDE,GJT,12-FEB-26 23:00:00,MST-7,13-FEB-26 16:00:00,0,0,0,0,0.00K,0.00K,Mesonet,,,,,,,,,,,,,,,,,,,,,,The low pressure over Southern California responsible for bringing up the abundant Atmospheric River moisture moved eastward across the Desert Southwest with the low center passing south of the Four Corners across northern New Mexico. This resulted in additional light to moderate snowfall accumulations across the southwest Colorado mountains with the Southwest San Juan Mountains receiving the higher amounts.,About 7 inches of snow fell at Columbine Pass at the higher elevations with 3 to 5 inches at the lower elevations with 5.5 inches of snow reported at Ridgway 5.3 NNW.,CSV
202602,13,0,202602,13,2100,210927,1317684,COLORADO,8,2026,February,Winter Weather,Z,18,NORTHWESTERN SAN JUAN MOUNTAINS,GJT,13-FEB-26 00:00:00,MST-7,13-FEB-26 21:00:00,0,0,0,0,0.00K,0.00K,CoCoRaHS,,,,,,,,,,,,,,,,,,,,,,The low pressure over Southern California responsible for bringing up the abundant Atmospheric River moisture moved eastward across the Desert Southwest with the low center passing south of the Four Corners across northern New Mexico. This resulted in additional light to moderate snowfall accumulations across the southwest Colorado mountains with the Southwest San Juan Mountains receiving the higher amounts.,Generally 5 to 8 inches of snow fell across the area with 6.5 inches reported at Ouray 0.1 SE. Gusts stayed below 35 mph.,CSV
202602,20,0,202602,20,1400,210932,1317725,COLORADO,8,2026,February,Winter Weather,Z,3,ROAN AND TAVAPUTS PLATEAUS,GJT,20-FEB-26 00:00:00,MST-7,20-FEB-26 14:00:00,0,0,0,0,0.00K,0.00K,State Official,,,,,,,,,,,,,,,,,,,,,,"With deep cold air in place following the strong Atmospheric River system and strong cold front, a third low pressure trough dropped down from the Pacific Northwest and passed through the Four Corners region. This brought moderate snowfall accumulations favoring the central and southern mountains of eastern Utah and western Colorado with much lighter amounts over the north. Since cold air was already in place, many lower valleys also received light to moderate snowfall accumulations particularly the central and southern valleys from along and south of the Interstate 70 corridor. Gusty winds led to blowing snow with some snow squalls across the southwest Colorado valleys at times due to the combination of snow, wind and visibilities less than a quarter mile.",Douglas Pass received 7 inches of snow.,CSV
202602,20,400,202602,20,1300,210932,1317726,COLORADO,8,2026,February,Winter Weather,Z,6,GRAND VALLEY,GJT,20-FEB-26 04:00:00,MST-7,20-FEB-26 13:00:00,0,0,0,0,0.00K,0.00K,CoCoRaHS,,,,,,,,,,,,,,,,,,,,,,"With deep cold air in place following the strong Atmospheric River system and strong cold front, a third low pressure trough dropped down from the Pacific Northwest and passed through the Four Corners region. This brought moderate snowfall accumulations favoring the central and southern mountains of eastern Utah and western Colorado with much lighter amounts over the north. Since cold air was already in place, many lower valleys also received light to moderate snowfall accumulations particularly the central and southern valleys from along and south of the Interstate 70 corridor. Gusty winds led to blowing snow with some snow squalls across the southwest Colorado valleys at times due to the combination of snow, wind and visibilities less than a quarter mile.",Generally 2 to 4 inches of snow fell across the area with up to 3.5 inches reported at Grand Junction 3.7 SSE and Grand Junction 4.1 ENE.,CSV
202602,20,400,202602,20,1300,210932,1317727,COLORADO,8,2026,February,Winter Weather,Z,7,DEBEQUE TO SILT CORRIDOR,GJT,20-FEB-26 04:00:00,MST-7,20-FEB-26 13:00:00,0,0,0,0,0.00K,0.00K,CoCoRaHS,,,,,,,,,,,,,,,,,,,,,,"With deep cold air in place following the strong Atmospheric River system and strong cold front, a third low pressure trough dropped down from the Pacific Northwest and passed through the Four Corners region. This brought moderate snowfall accumulations favoring the central and southern mountains of eastern Utah and western Colorado with much lighter amounts over the north. Since cold air was already in place, many lower valleys also received light to moderate snowfall accumulations particularly the central and southern valleys from along and south of the Interstate 70 corridor. Gusty winds led to blowing snow with some snow squalls across the southwest Colorado valleys at times due to the combination of snow, wind and visibilities less than a quarter mile.",Generally 3 to 5 inches of snow fell across the area with up to 4.3 inches reported at Rifle 8.9 NE.,CSV
202602,12,2200,202602,14,0,210927,1317685,COLORADO,8,2026,February,Winter Weather,Z,19,SOUTHWESTERN SAN JUAN MOUNTAINS,GJT,12-FEB-26 22:00:00,MST-7,14-FEB-26 00:00:00,0,0,0,0,0.00K,0.00K,SNOTEL,,,,,,,,,,,,,,,,,,,,,,The low pressure over Southern California responsible for bringing up the abundant Atmospheric River moisture moved eastward across the Desert Southwest with the low center passing south of the Four Corners across northern New Mexico. This resulted in additional light to moderate snowfall accumulations across the southwest Colorado mountains with the Southwest San Juan Mountains receiving the higher amounts.,Generally 5 to 10 inches of snow fell across the area with up to 11 inches at Black Mesa. Gusts stayed below 30 mph.,CSV
202602,17,200,202602,18,2000,210928,1317687,COLORADO,8,2026,February,Winter Storm,Z,3,ROAN AND TAVAPUTS PLATEAUS,GJT,17-FEB-26 02:00:00,MST-7,18-FEB-26 20:00:00,0,0,0,0,0.00K,0.00K,State Official,,,,,,,,,,,,,,,,,,,,,,"A low pressure trough digging southward down the west coast along with a 180 kt jet stream allowed a significant surge of Atmospheric River moisture along with strong southwest winds to advect into eastern Utah and western Colorado. This allowed for significant mountain snowfall across most mountains in eastern Utah and western Colorado where one to two feet of snow fell. Snowfall transitioned from a heavy wet snow with lower snow ratios in the early stages to an efficient power like snow with higher snowfall ratios due to the drastically changing temperatures. Some favored southwest slopes received up to three or more feet of snow as well. The strong jet allowed for strong winds and blowing snow in addition to the heavy snow falling with gusts in the 45 to 60 mph range on average across the mountains with some localized higher gusts above 70 mph. Due to the warm airmass, most lower valleys received rain or a mix limiting accumulations except the southwest Colorado valleys that saw a combination of heavy snow and blowing snow due to the wind once they received the colder air with a second shortwave and strong cold front towards the latter half of this three day storm event.  There were also some snow squalls in some areas due to the combination of heavy snow, wind and low visibility at times with the passage of the strong cold front toward the latter half of the event.",Douglas Pass reported 17 inches of snow. Winds gusted in the 45 to 75 mph range with a peak wind gust of 86 mph at Douglas Pass.,CSV
202602,19,2200,202602,20,1300,210932,1317728,COLORADO,8,2026,February,Winter Weather,Z,9,GRAND AND BATTLEMENT MESAS,GJT,19-FEB-26 22:00:00,MST-7,20-FEB-26 13:00:00,0,0,0,0,0.00K,0.00K,Mesonet,,,,,,,,,,,,,,,,,,,,,,"With deep cold air in place following the strong Atmospheric River system and strong cold front, a third low pressure trough dropped down from the Pacific Northwest and passed through the Four Corners region. This brought moderate snowfall accumulations favoring the central and southern mountains of eastern Utah and western Colorado with much lighter amounts over the north. Since cold air was already in place, many lower valleys also received light to moderate snowfall accumulations particularly the central and southern valleys from along and south of the Interstate 70 corridor. Gusty winds led to blowing snow with some snow squalls across the southwest Colorado valleys at times due to the combination of snow, wind and visibilities less than a quarter mile.",Generally 5 to 10 inches of snow fell across the area with locally higher amounts up to 13 inches reported at Skyway. 8.4 inches was reported at Cedaredge 3.5 N.,CSV
202602,19,2300,202602,20,2100,210932,1317729,COLORADO,8,2026,February,Winter Weather,Z,10,GORE AND ELK MOUNTAINS/CENTRAL MOUNTAIN VALLEYS,GJT,19-FEB-26 23:00:00,MST-7,20-FEB-26 21:00:00,0,0,0,0,0.00K,0.00K,SNOTEL,,,,,,,,,,,,,,,,,,,,,,"With deep cold air in place following the strong Atmospheric River system and strong cold front, a third low pressure trough dropped down from the Pacific Northwest and passed through the Four Corners region. This brought moderate snowfall accumulations favoring the central and southern mountains of eastern Utah and western Colorado with much lighter amounts over the north. Since cold air was already in place, many lower valleys also received light to moderate snowfall accumulations particularly the central and southern valleys from along and south of the Interstate 70 corridor. Gusty winds led to blowing snow with some snow squalls across the southwest Colorado valleys at times due to the combination of snow, wind and visibilities less than a quarter mile.",Generally 5 to 10 inches of snow fell across the area. Winds gusted in the 40 to 50 mph range with a peak gust of 49 mph at Aspen Highlands Peak.,CSV
202602,20,0,202602,20,1400,210932,1317730,COLORADO,8,2026,February,Winter Weather,Z,11,CENTRAL GUNNISON AND UNCOMPAHGRE RIVER BASIN,GJT,20-FEB-26 00:00:00,MST-7,20-FEB-26 14:00:00,0,0,0,0,0.00K,0.00K,CoCoRaHS,,,,,,,,,,,,,,,,,,,,,,"With deep cold air in place following the strong Atmospheric River system and strong cold front, a third low pressure trough dropped down from the Pacific Northwest and passed through the Four Corners region. This brought moderate snowfall accumulations favoring the central and southern mountains of eastern Utah and western Colorado with much lighter amounts over the north. Since cold air was already in place, many lower valleys also received light to moderate snowfall accumulations particularly the central and southern valleys from along and south of the Interstate 70 corridor. Gusty winds led to blowing snow with some snow squalls across the southwest Colorado valleys at times due to the combination of snow, wind and visibilities less than a quarter mile.",Generally 2 to 5 inches of snow fell across the area with locally higher amounts up to 7 inches reported at Paonia 2.0 SE. Wind gusts were in the 25 to 30 range with a peak gust to 32 mph at Delta-Blake Field Airport.,CSV
202601,8,200,202601,9,300,210289,1311887,COLORADO,8,2026,January,Winter Weather,Z,9,GRAND AND BATTLEMENT MESAS,GJT,08-JAN-26 02:00:00,MST-7,09-JAN-26 03:00:00,0,0,0,0,0.00K,0.00K,Mesonet,,,,,,,,,,,,,,,,,,,,,,"An open wave low pressure trough moved through Utah and formed a closed low near the Four Corners before pushing through southwest Colorado. Significant moisture ahead of this trough and cold air behind a strong cold front led to moderate to heavy snowfall across the mountains of western Colorado and southeast Utah, with the highest snowfall totals across the Uncompahgre Gorge area of the northwest San Juans due to favorable light northerly flow behind the closed low and temperatures within the dendritic growth zone.",Generally 7 to 13 inches of snow fell across the area with 12.5 inches reported at Skyway.,CSV
202602,17,400,202602,19,400,210928,1317689,COLORADO,8,2026,February,Winter Weather,Z,5,UPPER YAMPA RIVER BASIN,GJT,17-FEB-26 04:00:00,MST-7,19-FEB-26 04:00:00,0,0,0,0,0.00K,0.00K,CoCoRaHS,,,,,,,,,,,,,,,,,,,,,,"A low pressure trough digging southward down the west coast along with a 180 kt jet stream allowed a significant surge of Atmospheric River moisture along with strong southwest winds to advect into eastern Utah and western Colorado. This allowed for significant mountain snowfall across most mountains in eastern Utah and western Colorado where one to two feet of snow fell. Snowfall transitioned from a heavy wet snow with lower snow ratios in the early stages to an efficient power like snow with higher snowfall ratios due to the drastically changing temperatures. Some favored southwest slopes received up to three or more feet of snow as well. The strong jet allowed for strong winds and blowing snow in addition to the heavy snow falling with gusts in the 45 to 60 mph range on average across the mountains with some localized higher gusts above 70 mph. Due to the warm airmass, most lower valleys received rain or a mix limiting accumulations except the southwest Colorado valleys that saw a combination of heavy snow and blowing snow due to the wind once they received the colder air with a second shortwave and strong cold front towards the latter half of this three day storm event.  There were also some snow squalls in some areas due to the combination of heavy snow, wind and low visibility at times with the passage of the strong cold front toward the latter half of the event.",Generally 4 to 11 inches of snow fell across the area with 11.3 inches reported at Steamboat Springs 1.9 E. Winds gusted in the 30 to 40 mph range with a peak wind gust of 48 mph at US 40 at Milner.,CSV
202602,18,1600,202602,19,0,210928,1317690,COLORADO,8,2026,February,Winter Weather,Z,8,CENTRAL COLORADO RIVER BASIN,GJT,18-FEB-26 16:00:00,MST-7,19-FEB-26 00:00:00,0,0,0,0,0.00K,0.00K,CoCoRaHS,,,,,,,,,,,,,,,,,,,,,,"A low pressure trough digging southward down the west coast along with a 180 kt jet stream allowed a significant surge of Atmospheric River moisture along with strong southwest winds to advect into eastern Utah and western Colorado. This allowed for significant mountain snowfall across most mountains in eastern Utah and western Colorado where one to two feet of snow fell. Snowfall transitioned from a heavy wet snow with lower snow ratios in the early stages to an efficient power like snow with higher snowfall ratios due to the drastically changing temperatures. Some favored southwest slopes received up to three or more feet of snow as well. The strong jet allowed for strong winds and blowing snow in addition to the heavy snow falling with gusts in the 45 to 60 mph range on average across the mountains with some localized higher gusts above 70 mph. Due to the warm airmass, most lower valleys received rain or a mix limiting accumulations except the southwest Colorado valleys that saw a combination of heavy snow and blowing snow due to the wind once they received the colder air with a second shortwave and strong cold front towards the latter half of this three day storm event.  There were also some snow squalls in some areas due to the combination of heavy snow, wind and low visibility at times with the passage of the strong cold front toward the latter half of the event.",Generally 3 to 6 inches of snow fell across the area with 6.3 inches reported at Basalt 5.8 E. Winds gusted in the 25 to 35 mph range at the onset with a peak wind gust of 37 mph at Eagle County Regional Airport with a visibility of 0 miles due to a snow squall.,CSV
202602,19,2100,202602,20,1500,210932,1317731,COLORADO,8,2026,February,Winter Weather,Z,12,WEST ELK AND SAWATCH MOUNTAINS,GJT,19-FEB-26 21:00:00,MST-7,20-FEB-26 15:00:00,0,0,0,0,0.00K,0.00K,Mesonet,,,,,,,,,,,,,,,,,,,,,,"With deep cold air in place following the strong Atmospheric River system and strong cold front, a third low pressure trough dropped down from the Pacific Northwest and passed through the Four Corners region. This brought moderate snowfall accumulations favoring the central and southern mountains of eastern Utah and western Colorado with much lighter amounts over the north. Since cold air was already in place, many lower valleys also received light to moderate snowfall accumulations particularly the central and southern valleys from along and south of the Interstate 70 corridor. Gusty winds led to blowing snow with some snow squalls across the southwest Colorado valleys at times due to the combination of snow, wind and visibilities less than a quarter mile.",Generally 5 to 12 inches of snow fell across the area with 7 inches reported at Crested Butte 6.2 N and 9 inches reported at McClure Pass. Winds gusted in the 45 to 55 mph range with a peak wind gust of 58 mph at Cinnamon Mountain.,CSV
202602,20,0,202602,20,1300,210932,1317732,COLORADO,8,2026,February,Winter Weather,Z,17,UNCOMPAHGRE PLATEAU AND DALLAS DIVIDE,GJT,20-FEB-26 00:00:00,MST-7,20-FEB-26 13:00:00,0,0,0,0,0.00K,0.00K,Mesonet,,,,,,,,,,,,,,,,,,,,,,"With deep cold air in place following the strong Atmospheric River system and strong cold front, a third low pressure trough dropped down from the Pacific Northwest and passed through the Four Corners region. This brought moderate snowfall accumulations favoring the central and southern mountains of eastern Utah and western Colorado with much lighter amounts over the north. Since cold air was already in place, many lower valleys also received light to moderate snowfall accumulations particularly the central and southern valleys from along and south of the Interstate 70 corridor. Gusty winds led to blowing snow with some snow squalls across the southwest Colorado valleys at times due to the combination of snow, wind and visibilities less than a quarter mile.",Generally 7 to 13 inches of snow fell across the area with up to around 13.5 inches at Columbine Pass. 7.4 inches of snow was reported at Dallas Divide.,CSV
202602,20,0,202602,20,2100,210932,1317733,COLORADO,8,2026,February,Winter Weather,Z,18,NORTHWESTERN SAN JUAN MOUNTAINS,GJT,20-FEB-26 00:00:00,MST-7,20-FEB-26 21:00:00,0,0,0,0,0.00K,0.00K,SNOTEL,,,,,,,,,,,,,,,,,,,,,,"With deep cold air in place following the strong Atmospheric River system and strong cold front, a third low pressure trough dropped down from the Pacific Northwest and passed through the Four Corners region. This brought moderate snowfall accumulations favoring the central and southern mountains of eastern Utah and western Colorado with much lighter amounts over the north. Since cold air was already in place, many lower valleys also received light to moderate snowfall accumulations particularly the central and southern valleys from along and south of the Interstate 70 corridor. Gusty winds led to blowing snow with some snow squalls across the southwest Colorado valleys at times due to the combination of snow, wind and visibilities less than a quarter mile.",Generally 6 to 10 inches of snow fell across the area. Winds gusted in the 45 to 60 mph range with a peak wind gust of 61 mph at Telluride Gold Hill.,CSV
202602,17,300,202602,18,2000,210928,1317691,COLORADO,8,2026,February,Winter Storm,Z,9,GRAND AND BATTLEMENT MESAS,GJT,17-FEB-26 03:00:00,MST-7,18-FEB-26 20:00:00,0,0,0,0,0.00K,0.00K,Mesonet,,,,,,,,,,,,,,,,,,,,,,"A low pressure trough digging southward down the west coast along with a 180 kt jet stream allowed a significant surge of Atmospheric River moisture along with strong southwest winds to advect into eastern Utah and western Colorado. This allowed for significant mountain snowfall across most mountains in eastern Utah and western Colorado where one to two feet of snow fell. Snowfall transitioned from a heavy wet snow with lower snow ratios in the early stages to an efficient power like snow with higher snowfall ratios due to the drastically changing temperatures. Some favored southwest slopes received up to three or more feet of snow as well. The strong jet allowed for strong winds and blowing snow in addition to the heavy snow falling with gusts in the 45 to 60 mph range on average across the mountains with some localized higher gusts above 70 mph. Due to the warm airmass, most lower valleys received rain or a mix limiting accumulations except the southwest Colorado valleys that saw a combination of heavy snow and blowing snow due to the wind once they received the colder air with a second shortwave and strong cold front towards the latter half of this three day storm event.  There were also some snow squalls in some areas due to the combination of heavy snow, wind and low visibility at times with the passage of the strong cold front toward the latter half of the event.",Generally 12 to 24 inches of snow fell across the area with locally higher amounts up to around 31.5 inches at Park Reservoir. Winds gusted in the 40 to 55 mph range with a peak wind gust of 55 mph at Mesa.,CSV
202602,17,300,202602,19,200,210928,1317692,COLORADO,8,2026,February,Winter Storm,Z,10,GORE AND ELK MOUNTAINS/CENTRAL MOUNTAIN VALLEYS,GJT,17-FEB-26 03:00:00,MST-7,19-FEB-26 02:00:00,0,0,0,0,0.00K,0.00K,Mesonet,,,,,,,,,,,,,,,,,,,,,,"A low pressure trough digging southward down the west coast along with a 180 kt jet stream allowed a significant surge of Atmospheric River moisture along with strong southwest winds to advect into eastern Utah and western Colorado. This allowed for significant mountain snowfall across most mountains in eastern Utah and western Colorado where one to two feet of snow fell. Snowfall transitioned from a heavy wet snow with lower snow ratios in the early stages to an efficient power like snow with higher snowfall ratios due to the drastically changing temperatures. Some favored southwest slopes received up to three or more feet of snow as well. The strong jet allowed for strong winds and blowing snow in addition to the heavy snow falling with gusts in the 45 to 60 mph range on average across the mountains with some localized higher gusts above 70 mph. Due to the warm airmass, most lower valleys received rain or a mix limiting accumulations except the southwest Colorado valleys that saw a combination of heavy snow and blowing snow due to the wind once they received the colder air with a second shortwave and strong cold front towards the latter half of this three day storm event.  There were also some snow squalls in some areas due to the combination of heavy snow, wind and low visibility at times with the passage of the strong cold front toward the latter half of the event.",Generally 6 to 16 inches of snow fell across the area with locally higher amounts up to around 28.5 inches at Castle Peak. 9.5 inches of snow was reported at Vail 2.1 ENE. Winds gusted in the 45 to 65 mph range.,CSV
202602,19,2000,202602,20,1800,210932,1317734,COLORADO,8,2026,February,Winter Storm,Z,19,SOUTHWESTERN SAN JUAN MOUNTAINS,GJT,19-FEB-26 20:00:00,MST-7,20-FEB-26 18:00:00,0,0,0,0,0.00K,0.00K,CoCoRaHS,,,,,,,,,,,,,,,,,,,,,,"With deep cold air in place following the strong Atmospheric River system and strong cold front, a third low pressure trough dropped down from the Pacific Northwest and passed through the Four Corners region. This brought moderate snowfall accumulations favoring the central and southern mountains of eastern Utah and western Colorado with much lighter amounts over the north. Since cold air was already in place, many lower valleys also received light to moderate snowfall accumulations particularly the central and southern valleys from along and south of the Interstate 70 corridor. Gusty winds led to blowing snow with some snow squalls across the southwest Colorado valleys at times due to the combination of snow, wind and visibilities less than a quarter mile.",Generally 10 to 20 inches of snow fell across the area with 14 inches reported at Dolores 16.8 ENE. Winds gusted in the 35 to 50 mph range with a peak wind gust of 48 mph at Lewis Creek.,CSV
202602,19,2200,202602,20,1730,210932,1317735,COLORADO,8,2026,February,Winter Weather,Z,21,FOUR CORNERS / UPPER DOLORES RIVER BASIN,GJT,19-FEB-26 22:00:00,MST-7,20-FEB-26 17:30:00,0,0,0,0,0.00K,0.00K,CoCoRaHS,,,,,,,,,,,,,,,,,,,,,,"With deep cold air in place following the strong Atmospheric River system and strong cold front, a third low pressure trough dropped down from the Pacific Northwest and passed through the Four Corners region. This brought moderate snowfall accumulations favoring the central and southern mountains of eastern Utah and western Colorado with much lighter amounts over the north. Since cold air was already in place, many lower valleys also received light to moderate snowfall accumulations particularly the central and southern valleys from along and south of the Interstate 70 corridor. Gusty winds led to blowing snow with some snow squalls across the southwest Colorado valleys at times due to the combination of snow, wind and visibilities less than a quarter mile.",Generally 3 to 6 inches of snow fell across the area with up to 7 inches reported at Mancos 6.7 ESE. Winds gusted in the 25 to 35 mph range with a peak wind gust of 38 mph at Cortez Municipal Airport.,CSV
202602,19,2130,202602,20,1530,210932,1317736,COLORADO,8,2026,February,Winter Weather,Z,22,ANIMAS RIVER BASIN,GJT,19-FEB-26 21:30:00,MST-7,20-FEB-26 15:30:00,0,0,0,0,0.00K,0.00K,CoCoRaHS,,,,,,,,,,,,,,,,,,,,,,"With deep cold air in place following the strong Atmospheric River system and strong cold front, a third low pressure trough dropped down from the Pacific Northwest and passed through the Four Corners region. This brought moderate snowfall accumulations favoring the central and southern mountains of eastern Utah and western Colorado with much lighter amounts over the north. Since cold air was already in place, many lower valleys also received light to moderate snowfall accumulations particularly the central and southern valleys from along and south of the Interstate 70 corridor. Gusty winds led to blowing snow with some snow squalls across the southwest Colorado valleys at times due to the combination of snow, wind and visibilities less than a quarter mile.",Generally 4 to 8 inches of snow fell across the area with locally higher amounts up to 9.4 inches reported at Durango 0.8 SSW. Winds gusted in the 25 to 35 mph range with a peak wind gust of 38 mph at Durango-La Plata County Airport with visibility dropping to less than quarter mile in a snow squall.,CSV
202602,17,1030,202602,17,1545,211607,1322126,COLORADO,8,2026,February,High Wind,Z,92,CHEYENNE COUNTY,GLD,17-FEB-26 10:30:00,MST-7,17-FEB-26 15:45:00,0,0,0,0,0.00K,0.00K,Mesonet,63.00,MG,,,,,,,,,,,,,,,,,,,,High winds occurred along and behind an advancing cold front.  The peak gust was 72 MPH near Aroya.,The peak gust for the county was measured near Aroya.,CSV
202602,16,2200,202602,19,0,210928,1317693,COLORADO,8,2026,February,Winter Storm,Z,12,WEST ELK AND SAWATCH MOUNTAINS,GJT,16-FEB-26 22:00:00,MST-7,19-FEB-26 00:00:00,0,0,0,0,0.00K,0.00K,State Official,,,,,,,,,,,,,,,,,,,,,,"A low pressure trough digging southward down the west coast along with a 180 kt jet stream allowed a significant surge of Atmospheric River moisture along with strong southwest winds to advect into eastern Utah and western Colorado. This allowed for significant mountain snowfall across most mountains in eastern Utah and western Colorado where one to two feet of snow fell. Snowfall transitioned from a heavy wet snow with lower snow ratios in the early stages to an efficient power like snow with higher snowfall ratios due to the drastically changing temperatures. Some favored southwest slopes received up to three or more feet of snow as well. The strong jet allowed for strong winds and blowing snow in addition to the heavy snow falling with gusts in the 45 to 60 mph range on average across the mountains with some localized higher gusts above 70 mph. Due to the warm airmass, most lower valleys received rain or a mix limiting accumulations except the southwest Colorado valleys that saw a combination of heavy snow and blowing snow due to the wind once they received the colder air with a second shortwave and strong cold front towards the latter half of this three day storm event.  There were also some snow squalls in some areas due to the combination of heavy snow, wind and low visibility at times with the passage of the strong cold front toward the latter half of the event.",Generally 10 to 25 inches of snow fell across the area with locally higher amounts up to 46 inches at Schofield Pass. 20 inches of snow was reported at McClure Pass.  Wind gusts were in the 45 to 70 mph range on average with a peak wind gust of 87 mph at Monarch Pass.,CSV
202602,17,300,202602,18,2200,210928,1317694,COLORADO,8,2026,February,Winter Storm,Z,13,FLATTOP MOUNTAINS,GJT,17-FEB-26 03:00:00,MST-7,18-FEB-26 22:00:00,0,0,0,0,0.00K,0.00K,SNOTEL,,,,,,,,,,,,,,,,,,,,,,"A low pressure trough digging southward down the west coast along with a 180 kt jet stream allowed a significant surge of Atmospheric River moisture along with strong southwest winds to advect into eastern Utah and western Colorado. This allowed for significant mountain snowfall across most mountains in eastern Utah and western Colorado where one to two feet of snow fell. Snowfall transitioned from a heavy wet snow with lower snow ratios in the early stages to an efficient power like snow with higher snowfall ratios due to the drastically changing temperatures. Some favored southwest slopes received up to three or more feet of snow as well. The strong jet allowed for strong winds and blowing snow in addition to the heavy snow falling with gusts in the 45 to 60 mph range on average across the mountains with some localized higher gusts above 70 mph. Due to the warm airmass, most lower valleys received rain or a mix limiting accumulations except the southwest Colorado valleys that saw a combination of heavy snow and blowing snow due to the wind once they received the colder air with a second shortwave and strong cold front towards the latter half of this three day storm event.  There were also some snow squalls in some areas due to the combination of heavy snow, wind and low visibility at times with the passage of the strong cold front toward the latter half of the event.",Generally 7 to 15 inches of snow fell across the area with locally higher amounts up to 30 inches at Bison Lake. Winds gusted in the 45 to 60 mph range with a peak wind gust of 60 mph at Storm King Mountain RAWS.,CSV
202602,19,2000,202602,20,1730,210932,1317737,COLORADO,8,2026,February,Winter Weather,Z,23,SAN JUAN RIVER BASIN,GJT,19-FEB-26 20:00:00,MST-7,20-FEB-26 17:30:00,0,0,0,0,0.00K,0.00K,CoCoRaHS,,,,,,,,,,,,,,,,,,,,,,"With deep cold air in place following the strong Atmospheric River system and strong cold front, a third low pressure trough dropped down from the Pacific Northwest and passed through the Four Corners region. This brought moderate snowfall accumulations favoring the central and southern mountains of eastern Utah and western Colorado with much lighter amounts over the north. Since cold air was already in place, many lower valleys also received light to moderate snowfall accumulations particularly the central and southern valleys from along and south of the Interstate 70 corridor. Gusty winds led to blowing snow with some snow squalls across the southwest Colorado valleys at times due to the combination of snow, wind and visibilities less than a quarter mile.",Generally 6 to 8 inches of snow fell across the area with locally higher amounts up to 10.5 inches of snow reported at Pagosa Springs 1.6 SSW.  A peak wind gust of 36 mph occurred at Stevens Field Airport located 3 miles northwest of Pagosa Springs with visibility dropping to less than a quarter mile in a snow squall.,CSV
202601,16,1030,202601,16,1430,210561,1314558,COLORADO,8,2026,January,High Wind,Z,92,CHEYENNE COUNTY,GLD,16-JAN-26 10:30:00,MST-7,16-JAN-26 14:30:00,0,0,0,0,0.00K,0.00K,Mesonet,58.00,MG,,,,,,,,,,,,,,,,,,,,A second day of high winds occurred across East Central CO.  The high winds started after 9 AM and continued through 4 PM.  The peak gust was 72 MPH recorded at the Burlington airport.  The loose soil and high winds caused a dust storm to occur on the west side of Yuma.,"Wind speeds ranged from 58 to 67 MPH across the county, with the highest gust reported near Kit Carson from a Union Pacific weather sensor.",CSV
202601,16,1045,202601,16,1600,210561,1314559,COLORADO,8,2026,January,High Wind,Z,91,KIT CARSON COUNTY,GLD,16-JAN-26 10:45:00,MST-7,16-JAN-26 16:00:00,0,0,0,0,0.00K,0.00K,Mesonet,63.00,MG,,,,,,,,,,,,,,,,,,,,A second day of high winds occurred across East Central CO.  The high winds started after 9 AM and continued through 4 PM.  The peak gust was 72 MPH recorded at the Burlington airport.  The loose soil and high winds caused a dust storm to occur on the west side of Yuma.,"Wind speeds ranged from 58 to 72 MPH across the county, with the highest gust reported at the Burlington airport.",CSV
202602,17,100,202602,18,1400,210928,1317695,COLORADO,8,2026,February,Winter Storm,Z,17,UNCOMPAHGRE PLATEAU AND DALLAS DIVIDE,GJT,17-FEB-26 01:00:00,MST-7,18-FEB-26 14:00:00,0,0,0,0,0.00K,0.00K,SNOTEL,,,,,,,,,,,,,,,,,,,,,,"A low pressure trough digging southward down the west coast along with a 180 kt jet stream allowed a significant surge of Atmospheric River moisture along with strong southwest winds to advect into eastern Utah and western Colorado. This allowed for significant mountain snowfall across most mountains in eastern Utah and western Colorado where one to two feet of snow fell. Snowfall transitioned from a heavy wet snow with lower snow ratios in the early stages to an efficient power like snow with higher snowfall ratios due to the drastically changing temperatures. Some favored southwest slopes received up to three or more feet of snow as well. The strong jet allowed for strong winds and blowing snow in addition to the heavy snow falling with gusts in the 45 to 60 mph range on average across the mountains with some localized higher gusts above 70 mph. Due to the warm airmass, most lower valleys received rain or a mix limiting accumulations except the southwest Colorado valleys that saw a combination of heavy snow and blowing snow due to the wind once they received the colder air with a second shortwave and strong cold front towards the latter half of this three day storm event.  There were also some snow squalls in some areas due to the combination of heavy snow, wind and low visibility at times with the passage of the strong cold front toward the latter half of the event.",Generally around 12 inches of snow fell at Columbine Pass in the higher elevations. Winds gusted in the 45 to 55 mph range.,CSV
202602,16,2300,202602,19,100,210928,1317696,COLORADO,8,2026,February,Winter Storm,Z,18,NORTHWESTERN SAN JUAN MOUNTAINS,GJT,16-FEB-26 23:00:00,MST-7,19-FEB-26 01:00:00,0,0,0,0,0.00K,0.00K,SNOTEL,,,,,,,,,,,,,,,,,,,,,,"A low pressure trough digging southward down the west coast along with a 180 kt jet stream allowed a significant surge of Atmospheric River moisture along with strong southwest winds to advect into eastern Utah and western Colorado. This allowed for significant mountain snowfall across most mountains in eastern Utah and western Colorado where one to two feet of snow fell. Snowfall transitioned from a heavy wet snow with lower snow ratios in the early stages to an efficient power like snow with higher snowfall ratios due to the drastically changing temperatures. Some favored southwest slopes received up to three or more feet of snow as well. The strong jet allowed for strong winds and blowing snow in addition to the heavy snow falling with gusts in the 45 to 60 mph range on average across the mountains with some localized higher gusts above 70 mph. Due to the warm airmass, most lower valleys received rain or a mix limiting accumulations except the southwest Colorado valleys that saw a combination of heavy snow and blowing snow due to the wind once they received the colder air with a second shortwave and strong cold front towards the latter half of this three day storm event.  There were also some snow squalls in some areas due to the combination of heavy snow, wind and low visibility at times with the passage of the strong cold front toward the latter half of the event.",Generally 10 to 24 inches of snow fell across the area with up to 27 inches at Lizard Head Pass. Winds gusted in the 50 to 65 mph range with a peak wind gust of 66 mph at Huntsman Mesa RAWS.,CSV
202602,17,1400,202602,17,1650,209903,1309067,COLORADO,8,2026,February,Wildfire,Z,43,C & S WELD COUNTY,BOU,17-FEB-26 14:00:00,MST-7,17-FEB-26 16:50:00,0,0,0,0,,,Unknown,,,,,,,,,,,,,,,,,,,,,,"High winds combined with warm and dry conditions led to critical fire weather conditions across the plains of eastern Colorado. Winds gusts of 50 to 70 mph were common. County Road 169 fire started near Matheson around noon and quickly spread into Lincoln County, covering 5,598 acres. A second large fire (300 to 400 acres) started in southeast Weld County and spread into southwest Morgan County. No known structures were impacted by either fire. Several other smaller fire were also reported on the 17th.","A large fire (300 to 400 acres) started in southeast Weld County and spread into southwest Morgan County, prompting evacuations for a short time.",CSV
202602,17,1215,202602,17,1715,209903,1309078,COLORADO,8,2026,February,Wildfire,Z,46,N & NE ELBERT COUNTY BELOW 6000 FEET / N LINCOLN COUNTY,BOU,17-FEB-26 12:15:00,MST-7,17-FEB-26 17:15:00,0,0,0,0,0.00K,0.00K,Unknown,,,,,,,,,,,,,,,,,,,,,,"High winds combined with warm and dry conditions led to critical fire weather conditions across the plains of eastern Colorado. Winds gusts of 50 to 70 mph were common. County Road 169 fire started near Matheson around noon and quickly spread into Lincoln County, covering 5,598 acres. A second large fire (300 to 400 acres) started in southeast Weld County and spread into southwest Morgan County. No known structures were impacted by either fire. Several other smaller fire were also reported on the 17th.","The County Road 169 Fire was reported at approximately 12:15 on February 17th, 2026 near Matheson in Elbert County during a red flag weather day. Crews arrived to a wind driven fast moving grass fire in dry conditions near the area of County Rd. 169 and Hwy. 24. The call was upgraded and mutual-aid was requested with evacuations due to the fire moving quickly. A combination of dry cultivated fields and short grass prairie fields provided ample fuel. The added low humidity of only 6% and high winds created a dangerous situation for all personnel. Winds were recorded at more than 70 mph, causing smoke and blowing dust to create visibility hazards. Graders were brought in and a few locals used their own equipment to assist with the firefighting efforts. After more than 5 hours, crews finally contained the fire with an approximate total of 5,598 acres burned.",CSV
202602,17,800,202602,17,1300,209903,1309090,COLORADO,8,2026,February,High Wind,Z,38,LARIMER COUNTY BELOW 6000 FEET / NW WELD COUNTY,BOU,17-FEB-26 08:00:00,MST-7,17-FEB-26 13:00:00,0,0,0,0,,,Mesonet,60.00,MG,,,,,,,,,,,,,,,,,,,,"High winds combined with warm and dry conditions led to critical fire weather conditions across the plains of eastern Colorado. Winds gusts of 50 to 70 mph were common. County Road 169 fire started near Matheson around noon and quickly spread into Lincoln County, covering 5,598 acres. A second large fire (300 to 400 acres) started in southeast Weld County and spread into southwest Morgan County. No known structures were impacted by either fire. Several other smaller fire were also reported on the 17th.","Wind gusts of 50 to 70 mph were reported. The strongest reported gusts were 69 and 66 mph, and the Buckeye RAWS, 64 mph at a CDOT sensor six miles southwest of Carr, and 56 mph on the westside of Loveland.",CSV
202601,16,900,202601,16,1515,210561,1314560,COLORADO,8,2026,January,High Wind,Z,91,KIT CARSON COUNTY,GLD,16-JAN-26 09:00:00,MST-7,16-JAN-26 15:15:00,0,0,0,0,0.00K,0.00K,Mesonet,55.00,MG,,,,,,,,,,,,,,,,,,,,A second day of high winds occurred across East Central CO.  The high winds started after 9 AM and continued through 4 PM.  The peak gust was 72 MPH recorded at the Burlington airport.  The loose soil and high winds caused a dust storm to occur on the west side of Yuma.,"Wind speeds ranged from 58 to 63 MPH across the county, with the highest gust reported from a personal weather station near Idalia.",CSV
202601,16,1100,202601,16,1515,210561,1314613,COLORADO,8,2026,January,Dust Storm,Z,90,YUMA COUNTY,GLD,16-JAN-26 11:00:00,MST-7,16-JAN-26 15:15:00,0,0,0,0,0.00K,0.00K,Local Official,,,,,,,,,,,,,,,,,,,,,,A second day of high winds occurred across East Central CO.  The high winds started after 9 AM and continued through 4 PM.  The peak gust was 72 MPH recorded at the Burlington airport.  The loose soil and high winds caused a dust storm to occur on the west side of Yuma.,Dust storm was reported on the west side of Yuma.  Visibility was estimated to be down to a fifth of a mile in the dust.,CSV
202602,11,0,202602,28,2359,210662,1315389,COLORADO,8,2026,February,Drought,Z,2,CENTRAL YAMPA RIVER BASIN,GJT,11-FEB-26 00:00:00,MST-7,28-FEB-26 23:59:00,0,0,0,0,0.00K,0.00K,Drought Monitor,,,,,,,,,,,,,,,,,,,,,,"As the month of February continued hot and dry, there was no relief from the worsening drought conditions. Extreme (D3) Drought either redeveloped or expanded across northwest Colorado and into the southern portion of the central Colorado Divide mountains. No areas of Exceptional (D4) Drought developed or expanded during the month.","With the 2/11 US Drought Monitor update, an area of Extreme (D3) Drought was analyzed as covering roughly 12% of Colorado Zone 002 - Central Yampa River Basin. Severe (D2) Drought covered the remaining 88% of the zone. From this point through the end of the month there was no change in drought condition in this zone. No reports of impacts or damages related to the drought were received.",CSV
202602,11,0,202602,28,2359,210662,1315390,COLORADO,8,2026,February,Drought,Z,1,LOWER YAMPA RIVER BASIN,GJT,11-FEB-26 00:00:00,MST-7,28-FEB-26 23:59:00,0,0,0,0,0.00K,0.00K,Drought Monitor,,,,,,,,,,,,,,,,,,,,,,"As the month of February continued hot and dry, there was no relief from the worsening drought conditions. Extreme (D3) Drought either redeveloped or expanded across northwest Colorado and into the southern portion of the central Colorado Divide mountains. No areas of Exceptional (D4) Drought developed or expanded during the month.","Despite having just gone over a month without Extreme (D3) or Exceptional (D4) Drought, Colorado Zone 001 - Lower Yampa River Basin was analyzed as having redeveloped Extreme (D3) Drought. With the 2/11 US Drought Monitor update, approximately 40% of the zone was now under Extreme (D3) Drought conditions, with 50% of the zone under Severe (D2) Drought, and the remaining 10% under Moderate (D1) Drought. Between this point and the end of the month there was no change to drought conditions in this zone. No reports of impacts or damages from drought in the zone were received.",CSV
202602,11,0,202602,28,2359,210662,1315391,COLORADO,8,2026,February,Drought,Z,12,WEST ELK AND SAWATCH MOUNTAINS,GJT,11-FEB-26 00:00:00,MST-7,28-FEB-26 23:59:00,0,0,0,0,0.00K,0.00K,Drought Monitor,,,,,,,,,,,,,,,,,,,,,,"As the month of February continued hot and dry, there was no relief from the worsening drought conditions. Extreme (D3) Drought either redeveloped or expanded across northwest Colorado and into the southern portion of the central Colorado Divide mountains. No areas of Exceptional (D4) Drought developed or expanded during the month.","With the 2/11 US Drought Monitor update, Colorado Zone 012 - West Elk and Sawatch Mountains were analyzed as having developed Extreme (D3) Drought over roughly 2% of the zone. Severe (D2) Drought covered 48% of the zone, with the remaining 50% under Moderate (D1) Drought conditions. From this point through the end of the month there was no change to drought conditions in the zone. No reports of impacts or damages related to this drought were received.",CSV
202602,16,1600,202602,19,500,210928,1317697,COLORADO,8,2026,February,Winter Storm,Z,19,SOUTHWESTERN SAN JUAN MOUNTAINS,GJT,16-FEB-26 16:00:00,MST-7,19-FEB-26 05:00:00,0,0,0,0,0.00K,0.00K,CoCoRaHS,,,,,,,,,,,,,,,,,,,,,,"A low pressure trough digging southward down the west coast along with a 180 kt jet stream allowed a significant surge of Atmospheric River moisture along with strong southwest winds to advect into eastern Utah and western Colorado. This allowed for significant mountain snowfall across most mountains in eastern Utah and western Colorado where one to two feet of snow fell. Snowfall transitioned from a heavy wet snow with lower snow ratios in the early stages to an efficient power like snow with higher snowfall ratios due to the drastically changing temperatures. Some favored southwest slopes received up to three or more feet of snow as well. The strong jet allowed for strong winds and blowing snow in addition to the heavy snow falling with gusts in the 45 to 60 mph range on average across the mountains with some localized higher gusts above 70 mph. Due to the warm airmass, most lower valleys received rain or a mix limiting accumulations except the southwest Colorado valleys that saw a combination of heavy snow and blowing snow due to the wind once they received the colder air with a second shortwave and strong cold front towards the latter half of this three day storm event.  There were also some snow squalls in some areas due to the combination of heavy snow, wind and low visibility at times with the passage of the strong cold front toward the latter half of the event.",Generally 12 to 36 inches of snow fell across the area with locally higher amounts up to 46 inches at Sharkstooth. 21.5 inches of snow was reported at Dolores 16.8 ENE. Winds gusted in the 45 to 55 mph range with a peak wind gust of 58 mph at Stevens Field Airport located 3 miles northwest of Pagosa Springs.,CSV
202602,24,1800,202602,25,1000,210935,1317745,COLORADO,8,2026,February,Winter Storm,Z,4,ELKHEAD AND PARK MOUNTAINS,GJT,24-FEB-26 18:00:00,MST-7,25-FEB-26 10:00:00,0,0,0,0,0.00K,0.00K,SNOTEL,,,,,,,,,,,,,,,,,,,,,,"A shortwave trough dropped southward from the Pacific Northwest across Northwest Colorado, bringing a strong fetch of Atmospheric River moisture from the west across our northern mountains. This resulted in moderate to heavy snowfall accumulations over the Elkhead Mountains and Park Range Mountains with moderate snowfall accumulations over the Flattop Mountains and Gore and Elk Mountains. Warm air ahead of this system limited snowfall accumulations to higher elevations mainly above 9000 feet with mostly rain in lower valleys and very little if any snowfall in the remaining central and southern mountains.",Generally 9 to 17 inches of snow fell across the area with locally higher amounts up to 20 inches at Tower. Winds gusted in the 45 to 55 mph range with a peak wind gust of 57 mph at Storm Peak Lab.,CSV
202602,24,2100,202602,25,2000,210935,1317746,COLORADO,8,2026,February,Winter Weather,Z,10,GORE AND ELK MOUNTAINS/CENTRAL MOUNTAIN VALLEYS,GJT,24-FEB-26 21:00:00,MST-7,25-FEB-26 20:00:00,0,0,0,0,0.00K,0.00K,SNOTEL,,,,,,,,,,,,,,,,,,,,,,"A shortwave trough dropped southward from the Pacific Northwest across Northwest Colorado, bringing a strong fetch of Atmospheric River moisture from the west across our northern mountains. This resulted in moderate to heavy snowfall accumulations over the Elkhead Mountains and Park Range Mountains with moderate snowfall accumulations over the Flattop Mountains and Gore and Elk Mountains. Warm air ahead of this system limited snowfall accumulations to higher elevations mainly above 9000 feet with mostly rain in lower valleys and very little if any snowfall in the remaining central and southern mountains.",Generally 4 to 8 inches of snow fell across the area. Winds gusted in the 45 to 60 mph range on average with wind gusts in the 60 to 80 mph range at Snowmass Baldy.,CSV
202602,24,1900,202602,25,1300,210935,1317747,COLORADO,8,2026,February,Winter Weather,Z,13,FLATTOP MOUNTAINS,GJT,24-FEB-26 19:00:00,MST-7,25-FEB-26 13:00:00,0,0,0,0,0.00K,0.00K,SNOTEL,,,,,,,,,,,,,,,,,,,,,,"A shortwave trough dropped southward from the Pacific Northwest across Northwest Colorado, bringing a strong fetch of Atmospheric River moisture from the west across our northern mountains. This resulted in moderate to heavy snowfall accumulations over the Elkhead Mountains and Park Range Mountains with moderate snowfall accumulations over the Flattop Mountains and Gore and Elk Mountains. Warm air ahead of this system limited snowfall accumulations to higher elevations mainly above 9000 feet with mostly rain in lower valleys and very little if any snowfall in the remaining central and southern mountains.",Generally 4 to 8 inches of snow fell across the area.,CSV
202602,17,1100,202602,17,1400,209903,1309092,COLORADO,8,2026,February,High Wind,Z,42,NE WELD COUNTY,BOU,17-FEB-26 11:00:00,MST-7,17-FEB-26 14:00:00,0,0,0,0,,,Mesonet,55.00,MG,,,,,,,,,,,,,,,,,,,,"High winds combined with warm and dry conditions led to critical fire weather conditions across the plains of eastern Colorado. Winds gusts of 50 to 70 mph were common. County Road 169 fire started near Matheson around noon and quickly spread into Lincoln County, covering 5,598 acres. A second large fire (300 to 400 acres) started in southeast Weld County and spread into southwest Morgan County. No known structures were impacted by either fire. Several other smaller fire were also reported on the 17th.",Wind gusts reached 55 to 65 mph. The strongest recorded wind gusts were 62 mph at five miles south of Pawnee Buttes (KIOW AWOS) and 62 miles at the KILW AWOS.,CSV
202602,17,1100,202602,17,1330,209903,1309094,COLORADO,8,2026,February,High Wind,Z,43,C & S WELD COUNTY,BOU,17-FEB-26 11:00:00,MST-7,17-FEB-26 13:30:00,0,0,0,0,,,Mesonet,54.00,MG,,,,,,,,,,,,,,,,,,,,"High winds combined with warm and dry conditions led to critical fire weather conditions across the plains of eastern Colorado. Winds gusts of 50 to 70 mph were common. County Road 169 fire started near Matheson around noon and quickly spread into Lincoln County, covering 5,598 acres. A second large fire (300 to 400 acres) started in southeast Weld County and spread into southwest Morgan County. No known structures were impacted by either fire. Several other smaller fire were also reported on the 17th.","A 62 mph wind gust was recorded one west of Masters, a CDOT station. Also, a 58 mph wind gust was reported in Milliken.",CSV
202602,17,1100,202602,17,1300,209903,1309095,COLORADO,8,2026,February,High Wind,Z,44,MORGAN COUNTY,BOU,17-FEB-26 11:00:00,MST-7,17-FEB-26 13:00:00,0,0,0,0,,,Mesonet,57.00,MG,,,,,,,,,,,,,,,,,,,,"High winds combined with warm and dry conditions led to critical fire weather conditions across the plains of eastern Colorado. Winds gusts of 50 to 70 mph were common. County Road 169 fire started near Matheson around noon and quickly spread into Lincoln County, covering 5,598 acres. A second large fire (300 to 400 acres) started in southeast Weld County and spread into southwest Morgan County. No known structures were impacted by either fire. Several other smaller fire were also reported on the 17th.",A 66 mph wind gusts was reported at the Fort Morgan Airport (KFMM AWOS) and a 61 mph wind gusts was recorded 2 miles east-northeast of Wiggins.,CSV
202602,17,1200,202602,17,1430,209903,1309100,COLORADO,8,2026,February,High Wind,Z,46,N & NE ELBERT COUNTY BELOW 6000 FEET / N LINCOLN COUNTY,BOU,17-FEB-26 12:00:00,MST-7,17-FEB-26 14:30:00,0,0,0,0,,,Mesonet,56.00,MG,,,,,,,,,,,,,,,,,,,,"High winds combined with warm and dry conditions led to critical fire weather conditions across the plains of eastern Colorado. Winds gusts of 50 to 70 mph were common. County Road 169 fire started near Matheson around noon and quickly spread into Lincoln County, covering 5,598 acres. A second large fire (300 to 400 acres) started in southeast Weld County and spread into southwest Morgan County. No known structures were impacted by either fire. Several other smaller fire were also reported on the 17th.","Wind gusts reached 65 mph three miles south of Cedar Point, 60 mph near Agate, and at the Limon Airport gusts reached 60 mph (KLIC ASOS).",CSV
202602,22,1200,202602,22,1700,210664,1315394,COLORADO,8,2026,February,Avalanche,Z,4,ELKHEAD AND PARK MOUNTAINS,GJT,22-FEB-26 12:00:00,MST-7,22-FEB-26 17:00:00,1,0,0,0,0.00K,0.00K,State Official,,,,,,,,,,,,,,,,,,,,,,"A solid mid-month snow storm brought a few feet of fresh snow to the Colorado Divide mountains. This fresh snow fell atop a shallow layer of faceted, old, and unstable snow, creating an overall unstable snowpack. However, as this winter has been very snow poor, the fresh snow enticed a number of backcountry tourers, despite dangerous avalanche conditions as analyzed by the Colorado Avalanche Information Center. As a result, two avalanches resulted in injuries to two different backcountry tourers.","On the accident day, the avalanche danger in the area in question was rated 3/5 - Considerable for areas near and above treeline. Below treeline, avlanche danger was rated 2/5 or moderate. A Special Avalache Advisory was in effect due to recent snow and strong winds forming thick, cohesive slabs over an unusually weak and shallow snowpack. Slopes with wind drifted snow were indicated as most dangerous, with deep (2-3 feet) buried weak layers giving little warning before breaking into an avlanche. Avalanches of small to large size were likely at all levels on aspects northwest through north to east, and likely near or above treeline on aspects south through southeast. The accident group consisted of 4 skiers, who had spent most of the day successfully skiing east facing slopes. For the last run of the day, the group chose a northeast-facing slope south of the Hahns Peak Lake Dam (40.830, -106.986). Skier 1 did ski cuts that were unreactive, and successfully skied the skier's left side of the slope. Skier 2 began their run and after two turns the avalanche broke. Skier two was knocked off their feet and caught, eventually tumbling before being slammed against a tree. They were headfirst on their back, with snow up to their chin, but were able to clear their mouth and wave for help. One of the remaining members of the group were able to extricate Skier 2 and help them down, under their own power but with assistance. Unknown extent of injuries. Avalanche had a 2 foot fracture line, was 30 feet wide and ran 100 feet. Avalanche occurred below treeline on a northeast-facing slope, and was rated R2/D2, meaning it was small relative to its path but large enough to catch, carry, bury, injure, or kill a person.",CSV
202602,17,500,202602,18,2000,210928,1317698,COLORADO,8,2026,February,Winter Weather,Z,22,ANIMAS RIVER BASIN,GJT,17-FEB-26 05:00:00,MST-7,18-FEB-26 20:00:00,0,0,0,0,0.00K,0.00K,CoCoRaHS,,,,,,,,,,,,,,,,,,,,,,"A low pressure trough digging southward down the west coast along with a 180 kt jet stream allowed a significant surge of Atmospheric River moisture along with strong southwest winds to advect into eastern Utah and western Colorado. This allowed for significant mountain snowfall across most mountains in eastern Utah and western Colorado where one to two feet of snow fell. Snowfall transitioned from a heavy wet snow with lower snow ratios in the early stages to an efficient power like snow with higher snowfall ratios due to the drastically changing temperatures. Some favored southwest slopes received up to three or more feet of snow as well. The strong jet allowed for strong winds and blowing snow in addition to the heavy snow falling with gusts in the 45 to 60 mph range on average across the mountains with some localized higher gusts above 70 mph. Due to the warm airmass, most lower valleys received rain or a mix limiting accumulations except the southwest Colorado valleys that saw a combination of heavy snow and blowing snow due to the wind once they received the colder air with a second shortwave and strong cold front towards the latter half of this three day storm event.  There were also some snow squalls in some areas due to the combination of heavy snow, wind and low visibility at times with the passage of the strong cold front toward the latter half of the event.",Generally 4 to 8 inches of snow fell across the area with locally higher amounts up to 13.6 inches of snow reported at Hesperus 13.3 SSW over a 3 day period. Winds gusted in the 25 to 50 mph range with a peak wind gust of 58 mph at the Durango-La Plata County Airport with visibility down to quarter mile at times in snow squalls.,CSV
202601,8,1700,202601,9,900,210630,1315000,COLORADO,8,2026,January,Heavy Snow,Z,70,ALAMOSA VICINITY / CENTRAL SAN LUIS VALLEY BELOW 8500 FT,PUB,08-JAN-26 17:00:00,MST-7,09-JAN-26 09:00:00,0,0,0,0,0.00K,0.00K,CoCoRaHS,,,,,,,,,,,,,,,,,,,,,,"An ejecting shortwave trough passed over the region during the second week of January, leading to quickly accumulating snow for the mountains and a rain/snow mix for the eastern plains of Colorado.",There was 6.0 inches of snow measured.,CSV
202602,17,600,202602,18,2000,210928,1317699,COLORADO,8,2026,February,Winter Storm,Z,23,SAN JUAN RIVER BASIN,GJT,17-FEB-26 06:00:00,MST-7,18-FEB-26 20:00:00,0,0,0,0,0.00K,0.00K,CoCoRaHS,,,,,,,,,,,,,,,,,,,,,,"A low pressure trough digging southward down the west coast along with a 180 kt jet stream allowed a significant surge of Atmospheric River moisture along with strong southwest winds to advect into eastern Utah and western Colorado. This allowed for significant mountain snowfall across most mountains in eastern Utah and western Colorado where one to two feet of snow fell. Snowfall transitioned from a heavy wet snow with lower snow ratios in the early stages to an efficient power like snow with higher snowfall ratios due to the drastically changing temperatures. Some favored southwest slopes received up to three or more feet of snow as well. The strong jet allowed for strong winds and blowing snow in addition to the heavy snow falling with gusts in the 45 to 60 mph range on average across the mountains with some localized higher gusts above 70 mph. Due to the warm airmass, most lower valleys received rain or a mix limiting accumulations except the southwest Colorado valleys that saw a combination of heavy snow and blowing snow due to the wind once they received the colder air with a second shortwave and strong cold front towards the latter half of this three day storm event.  There were also some snow squalls in some areas due to the combination of heavy snow, wind and low visibility at times with the passage of the strong cold front toward the latter half of the event.",Generally 5 to 12 inches of snow fell across the area with 12.7 inches of snow reported at Pagosa Springs 1.6 SSW. More than half of the area received over 8 inches of snow. Winds gusted in the 25 to 50 mph range with a peak wind gust of 58 mph at Stevens Field located 3 miles northwest of Pagosa Springs with visibility less than a quarter mile at times in snow.,CSV
202602,17,1230,202602,17,1400,209903,1309143,COLORADO,8,2026,February,High Wind,Z,39,BOULDER & JEFFERSON COUNTIES BELOW 6000 FEET / W BROOMFIELD COUNTY,BOU,17-FEB-26 12:30:00,MST-7,17-FEB-26 14:00:00,0,0,0,0,,,Mesonet,53.00,MG,,,,,,,,,,,,,,,,,,,,"High winds combined with warm and dry conditions led to critical fire weather conditions across the plains of eastern Colorado. Winds gusts of 50 to 70 mph were common. County Road 169 fire started near Matheson around noon and quickly spread into Lincoln County, covering 5,598 acres. A second large fire (300 to 400 acres) started in southeast Weld County and spread into southwest Morgan County. No known structures were impacted by either fire. Several other smaller fire were also reported on the 17th.",A 61 mph wind gust was reported 7 south-southwest of Hugo.,CSV
202602,17,1250,202602,17,1410,209903,1309156,COLORADO,8,2026,February,High Wind,Z,49,WASHINGTON COUNTY,BOU,17-FEB-26 12:50:00,MST-7,17-FEB-26 14:10:00,0,0,0,0,,,ASOS,53.00,MG,,,,,,,,,,,,,,,,,,,,"High winds combined with warm and dry conditions led to critical fire weather conditions across the plains of eastern Colorado. Winds gusts of 50 to 70 mph were common. County Road 169 fire started near Matheson around noon and quickly spread into Lincoln County, covering 5,598 acres. A second large fire (300 to 400 acres) started in southeast Weld County and spread into southwest Morgan County. No known structures were impacted by either fire. Several other smaller fire were also reported on the 17th.",The Akron ASOS recorded a peak wind gust of 61 mph.,CSV
202602,17,1500,202602,17,1600,209903,1309161,COLORADO,8,2026,February,High Wind,Z,51,PHILLIPS COUNTY,BOU,17-FEB-26 15:00:00,MST-7,17-FEB-26 16:00:00,0,0,0,0,,,Mesonet,51.00,MG,,,,,,,,,,,,,,,,,,,,"High winds combined with warm and dry conditions led to critical fire weather conditions across the plains of eastern Colorado. Winds gusts of 50 to 70 mph were common. County Road 169 fire started near Matheson around noon and quickly spread into Lincoln County, covering 5,598 acres. A second large fire (300 to 400 acres) started in southeast Weld County and spread into southwest Morgan County. No known structures were impacted by either fire. Several other smaller fire were also reported on the 17th.",A 59 mph wind gust was recorded eight miles south of Holyoke.,CSV
202602,24,2100,202602,26,0,209912,1309176,COLORADO,8,2026,February,Heavy Snow,Z,31,WEST JACKSON & WEST GRAND COUNTIES ABOVE 9000 FEET,BOU,24-FEB-26 21:00:00,MST-7,26-FEB-26 00:00:00,0,0,0,0,0.00K,0.00K,SNOTEL,,,,,,,,,,,,,,,,,,,,,,Strong northwest flow transport Pacific moisture into the region producing heavy snowfall across the northern Colorado Mountains.,"Based on snow/water equivalent, an estimated 9 to 15 inches of snow fell across the zone.",CSV
202602,24,2000,202602,26,0,209912,1309178,COLORADO,8,2026,February,Heavy Snow,Z,33,S & E JACKSON / LARIMER / N & NE GRAND / NW BOULDER COUNTIES ABOVE 9000 FEET,BOU,24-FEB-26 20:00:00,MST-7,26-FEB-26 00:00:00,0,0,0,0,0.00K,0.00K,SNOTEL,,,,,,,,,,,,,,,,,,,,,,Strong northwest flow transport Pacific moisture into the region producing heavy snowfall across the northern Colorado Mountains.,"Based on snow/water equivalent, an estimated 9 to 15 inches of snow fell across the zone.",CSV
202602,24,2100,202602,26,1100,209912,1309191,COLORADO,8,2026,February,Winter Weather,Z,34,S & SE GRAND / W CENTRAL & SW BOULDER / GILPIN / CLEAR CREEK / SUMMIT / N & W PARK COUNTIES ABOVE 9000 FEET,BOU,24-FEB-26 21:00:00,MST-7,26-FEB-26 11:00:00,0,0,0,0,0.00K,0.00K,SNOTEL,,,,,,,,,,,,,,,,,,,,,,Strong northwest flow transport Pacific moisture into the region producing heavy snowfall across the northern Colorado Mountains.,"Based on snow/water equivalent, an estimated 6 to 12 inches of snow fell across the zone.",CSV
