BEGIN_YEARMONTH,BEGIN_DAY,BEGIN_TIME,END_YEARMONTH,END_DAY,END_TIME,EPISODE_ID,EVENT_ID,STATE,STATE_FIPS,YEAR,MONTH_NAME,EVENT_TYPE,CZ_TYPE,CZ_FIPS,CZ_NAME,WFO,BEGIN_DATE_TIME,CZ_TIMEZONE,END_DATE_TIME,INJURIES_DIRECT,INJURIES_INDIRECT,DEATHS_DIRECT,DEATHS_INDIRECT,DAMAGE_PROPERTY,DAMAGE_CROPS,SOURCE,MAGNITUDE,MAGNITUDE_TYPE,FLOOD_CAUSE,CATEGORY,TOR_F_SCALE,TOR_LENGTH,TOR_WIDTH,TOR_OTHER_WFO,TOR_OTHER_CZ_STATE,TOR_OTHER_CZ_FIPS,TOR_OTHER_CZ_NAME,BEGIN_RANGE,BEGIN_AZIMUTH,BEGIN_LOCATION,END_RANGE,END_AZIMUTH,END_LOCATION,BEGIN_LAT,BEGIN_LON,END_LAT,END_LON,EPISODE_NARRATIVE,EVENT_NARRATIVE,DATA_SOURCE
202603,27,625,202603,27,815,210532,1314068,NEW MEXICO,35,2026,March,High Wind,Z,225,UPPER TULAROSA VALLEY,ABQ,27-MAR-26 06:25:00,MST-7,27-MAR-26 08:15:00,0,0,0,0,,,Mesonet,56.00,MG,,,,,,,,,,,,,,,,,,,,"A strong backdoor front moved south and west across eastern New Mexico late March 26th into early March 27th resulting in strong north winds at several locations. The strong northerly winds aided the rapid spread of the Old 66 Wildfire that began just north of I-40 near San Jon, jumping south of the highway. This fire destroyed two structures, but did not cause any injuries or loss of life. The cold front surged through the gaps of the central mountain chain just before sunrise resulting in strong to high east canyon winds across the Tularosa Valley and middle and lower Rio Grande Valley. Mesonet sites across White Sands Missile Range measured wind gusts up to 93 mph. Winds across eastern New Mexico tapered off during the late morning hours while winds across the Tularosa and Rio Grande Valley tapered off during the mid to late evening hours.","The mesonet station at Phillips Hill on White Sands Missile Range measured high wind gusts up to 64 mph. Elsewhere in the zone, a UPR station at Robsrt and mesonet station at Pole 616 measured brief high wind gusts of 60 and 59 mph, respectively.",CSV
202603,27,734,202603,27,833,210532,1314234,NEW MEXICO,35,2026,March,High Wind,Z,219,MIDDLE RIO GRANDE VALLEY/ALBUQUERQUE METRO AREA,ABQ,27-MAR-26 07:34:00,MST-7,27-MAR-26 08:33:00,0,0,0,0,0.50K,,Public,51.00,MG,,,,,,,,,,,,,,,,,,,,"A strong backdoor front moved south and west across eastern New Mexico late March 26th into early March 27th resulting in strong north winds at several locations. The strong northerly winds aided the rapid spread of the Old 66 Wildfire that began just north of I-40 near San Jon, jumping south of the highway. This fire destroyed two structures, but did not cause any injuries or loss of life. The cold front surged through the gaps of the central mountain chain just before sunrise resulting in strong to high east canyon winds across the Tularosa Valley and middle and lower Rio Grande Valley. Mesonet sites across White Sands Missile Range measured wind gusts up to 93 mph. Winds across eastern New Mexico tapered off during the late morning hours while winds across the Tularosa and Rio Grande Valley tapered off during the mid to late evening hours.","Repeated gusts to 59 mph were observed at a remote Kirtland AFB weather station southeast of Albuquerque. Additionally, strong winds in Isleta toppled a weak cinder block wall into the yard of a residential property.",CSV
202603,27,1130,202603,28,1600,210532,1314707,NEW MEXICO,35,2026,March,Wildfire,Z,234,QUAY COUNTY,ABQ,27-MAR-26 11:30:00,MST-7,28-MAR-26 16:00:00,0,0,0,0,100.00K,0.00K,Emergency Manager,,,,,,,,,,,,,,,,,,,,,,"A strong backdoor front moved south and west across eastern New Mexico late March 26th into early March 27th resulting in strong north winds at several locations. The strong northerly winds aided the rapid spread of the Old 66 Wildfire that began just north of I-40 near San Jon, jumping south of the highway. This fire destroyed two structures, but did not cause any injuries or loss of life. The cold front surged through the gaps of the central mountain chain just before sunrise resulting in strong to high east canyon winds across the Tularosa Valley and middle and lower Rio Grande Valley. Mesonet sites across White Sands Missile Range measured wind gusts up to 93 mph. Winds across eastern New Mexico tapered off during the late morning hours while winds across the Tularosa and Rio Grande Valley tapered off during the mid to late evening hours.","The Old 66 Wildfire was discovered mid-day March 27th, and quickly grew out of control north of I-40 near San Jon, NM. It burned quickly southward through grasslands crossing I-40 aided by strong northerly to northeasterly winds behind a strong cold front, growing to a final size of 4,111 acres. The fire came under control as winds subsided heading into March 28th. The fire caused a closure of NM 469 and Main Ave. in San Jon, NM. Emergency management reported the fire destroyed two structures, and that a wind farm that was threatened did not suffer any damage. No injuries or loss of life was reported. Damage is an estimate.",CSV
202603,11,14,202603,11,15,210055,1310145,NEW MEXICO,35,2026,March,High Wind,Z,230,UNION COUNTY,ABQ,11-MAR-26 00:14:00,MST-7,11-MAR-26 00:15:00,0,0,0,0,0.00K,0.00K,ASOS,50.00,MG,,,,,,,,,,,,,,,,,,,,A strong backdoor cold front in the wake of an upper level disturbance moved through far eastern New Mexico during the early morning hours of March 11th. A brief high wind gust of 58 mph was measured at Clayton Municipal Airport during the passage of the cold front. North winds across the eastern plains remained gusty throughout the morning in the wake of the cold front with a CWOP station in Clovis measuring a brief high wind gust of 59 mph. North winds slowly tapered off during the afternoon hours.,The Clayton Airport ASOS measured a high wind gust of 58 mph.,CSV
202603,27,315,202603,27,2030,210532,1314067,NEW MEXICO,35,2026,March,High Wind,Z,224,SOUTH CENTRAL HIGHLANDS,ABQ,27-MAR-26 03:15:00,MST-7,27-MAR-26 20:30:00,0,0,0,0,,,Mesonet,81.00,MG,,,,,,,,,,,,,,,,,,,,"A strong backdoor front moved south and west across eastern New Mexico late March 26th into early March 27th resulting in strong north winds at several locations. The strong northerly winds aided the rapid spread of the Old 66 Wildfire that began just north of I-40 near San Jon, jumping south of the highway. This fire destroyed two structures, but did not cause any injuries or loss of life. The cold front surged through the gaps of the central mountain chain just before sunrise resulting in strong to high east canyon winds across the Tularosa Valley and middle and lower Rio Grande Valley. Mesonet sites across White Sands Missile Range measured wind gusts up to 93 mph. Winds across eastern New Mexico tapered off during the late morning hours while winds across the Tularosa and Rio Grande Valley tapered off during the mid to late evening hours.",Several extremely remote mesonet stations immediately down wind of mountain gaps across White Sands Missile Range measured high wind gusts up to 93 mph along with high sustained winds up to 55 mph. Peak winds were observed during the mid to late morning hours.,CSV
202602,17,532,202602,17,537,209583,1306416,NEW MEXICO,35,2026,February,High Wind,Z,201,NORTHWEST PLATEAU,ABQ,17-FEB-26 05:32:00,MST-7,17-FEB-26 05:37:00,0,0,0,0,,,ASOS,50.00,MG,,,,,,,,,,,,,,,,,,,,"A deep upper level storm moved into the western U.S. early on February 17th with a lead disturbance moving over the Four Corners and Intermountain West. Strong mid and upper level winds at the base of this shortwave moved over New Mexico during this time. The Pacific cold front associated with this disturbance moved across the state during the morning hours of the day resulting in brief high wind gusts at several sites along and west of the central mountain chain coinciding with a period of rain and snow west of the Rio Grande Valley and the north central mountains. A peak gust of 84 mph was measured at Kachina Peak within the Taos Ski Valley, while two reports of downed trees with one knocking out a power line came in from Ruidoso. Subsidence behind the cold front allowed stronger winds aloft to translate down the surface resulting in an extended period of high winds along and east of the central mountain chain. High winds tapered off during the late afternoon and evening hours.",The ASOS at the Four Corners Regional Airport in Farmington measured a brief high wind gust of 58 mph as the Pacific cold front moved through.,CSV
202602,17,908,202602,17,1208,209583,1306418,NEW MEXICO,35,2026,February,High Wind,Z,211,JEMEZ MOUNTAINS,ABQ,17-FEB-26 09:08:00,MST-7,17-FEB-26 12:08:00,0,0,0,0,,,AWOS,55.00,MG,,,,,,,,,,,,,,,,,,,,"A deep upper level storm moved into the western U.S. early on February 17th with a lead disturbance moving over the Four Corners and Intermountain West. Strong mid and upper level winds at the base of this shortwave moved over New Mexico during this time. The Pacific cold front associated with this disturbance moved across the state during the morning hours of the day resulting in brief high wind gusts at several sites along and west of the central mountain chain coinciding with a period of rain and snow west of the Rio Grande Valley and the north central mountains. A peak gust of 84 mph was measured at Kachina Peak within the Taos Ski Valley, while two reports of downed trees with one knocking out a power line came in from Ruidoso. Subsidence behind the cold front allowed stronger winds aloft to translate down the surface resulting in an extended period of high winds along and east of the central mountain chain. High winds tapered off during the late afternoon and evening hours.","The KLAM AWOS measured a peak high wind gust of 63 mph as the Pacific cold front moved through the site. Additionally, the Tower RAWS on Los Alamos National Laboratory land measured a peak high wind gust of 61 mph.",CSV
202602,17,1100,202602,17,1300,210332,1312123,NEW MEXICO,35,2026,February,High Wind,Z,414,WEST SLOPES SACRAMENTO MOUNTAINS BELOW 7500 FEET,EPZ,17-FEB-26 11:00:00,MST-7,17-FEB-26 13:00:00,0,0,0,0,0.00K,0.00K,RAWS,57.00,MG,,,,,,,,,,,,,,,,,,,,A strong upper low was moving into the Pacific Northwest with a 160+ knot jet moving into the Southern Rockies. Southwest winds ahead of an associated cold front gusted over 60 mph in many areas with a peak gust of 98 mph recorded.  These winds brought blowing dust to the region with visibilities reduced to near zero around Deming.,The Mescalero RAWS reported a peak gust of 66 mph.,CSV
202602,17,1000,202602,17,1300,210332,1312133,NEW MEXICO,35,2026,February,High Wind,Z,416,EAST SLOPES SACRAMENTO MOUNTAINS BELOW 7500 FEET,EPZ,17-FEB-26 10:00:00,MST-7,17-FEB-26 13:00:00,0,0,0,0,0.00K,0.00K,Mesonet,52.00,MG,,,,,,,,,,,,,,,,,,,,A strong upper low was moving into the Pacific Northwest with a 160+ knot jet moving into the Southern Rockies. Southwest winds ahead of an associated cold front gusted over 60 mph in many areas with a peak gust of 98 mph recorded.  These winds brought blowing dust to the region with visibilities reduced to near zero around Deming.,A Mayhill Mesonet site at Dimension Point recorded a peak gust of 60 mph.,CSV
202602,18,1555,202602,18,1800,209592,1306631,NEW MEXICO,35,2026,February,High Wind,Z,212,GLORIETA MESA INCLUDING GLORIETA PASS,ABQ,18-FEB-26 15:55:00,MST-7,18-FEB-26 18:00:00,0,0,0,0,,,Mesonet,56.00,MG,,,,,,,,,,,,,,,,,,,,"The second weather system in a series of storms across the western U.S. moved into the Four Corners area February 18th. This system brought light to moderate snow to the Tusas and northern Sangre de Cristo Mountains. However, the more significant hazard to the region was the strong to damaging wind gusts. Daytime mixing allowed stronger winds aloft to mix down to the surface resulting in high wind gusts across the highlands of far west central NM and eventually the central mountain chain and adjacent central highlands. A band of snow accompanying the Pacific cold front moved across western and north central NM during the evening hours of February 18th. Heading into the overnight hours February 18th into February 19th, strong to damaging wind gusts shifted to the Sangre de Cristo Mountains and adjacent northeast highlands as the shortwave moved across the southern Rockies. High winds across the eastern highlands tapered off slowly during the late morning hours as the shortwave exited northeast outside of a brief high wind gust east of Puerto de Luna in Guadalupe County.",The mesonet station along I-25 at Rowe measured high wind gusts peaking at 64 mph.,CSV
202602,1,0,202602,28,2359,210048,1310117,NEW MEXICO,35,2026,February,Drought,Z,403,SOUTHERN GILA FOOTHILLS/MIMBRES VALLEY,EPZ,01-FEB-26 00:00:00,MST-7,28-FEB-26 23:59:00,0,0,0,0,0.00K,0.00K,Drought Monitor,,,,,,,,,,,,,,,,,,,,,,"Late January rain helped improve the drought conditions, especially along and east of the Rio Grande Valley. By the end of February, all of Otero and Dona Ana counties had improved to Moderate(D1) drought conditions or better while areas west generally remained in Severe(D2) drought.",Severe(D2) drought continued across the zone through the month of February.,CSV
202602,1,0,202602,28,2359,210048,1310118,NEW MEXICO,35,2026,February,Drought,Z,404,SOUTHWEST DESERT/LOWER GILA RIVER VALLEY,EPZ,01-FEB-26 00:00:00,MST-7,28-FEB-26 23:59:00,0,0,0,0,0.00K,0.00K,Drought Monitor,,,,,,,,,,,,,,,,,,,,,,"Late January rain helped improve the drought conditions, especially along and east of the Rio Grande Valley. By the end of February, all of Otero and Dona Ana counties had improved to Moderate(D1) drought conditions or better while areas west generally remained in Severe(D2) drought.",No changed was noted in drought conditions in February with Severe(D2) drought continuing over all but the far western areas which remained in Moderate(D1) drought. The Cooperative Observer at Redrock reported 0.37 inches of precipitation which was 0.44 inches below normal.,CSV
202602,1,0,202602,28,2359,210048,1310119,NEW MEXICO,35,2026,February,Drought,Z,405,LOWLANDS OF THE BOOTHEEL,EPZ,01-FEB-26 00:00:00,MST-7,28-FEB-26 23:59:00,0,0,0,0,0.00K,0.00K,Drought Monitor,,,,,,,,,,,,,,,,,,,,,,"Late January rain helped improve the drought conditions, especially along and east of the Rio Grande Valley. By the end of February, all of Otero and Dona Ana counties had improved to Moderate(D1) drought conditions or better while areas west generally remained in Severe(D2) drought.",Severe(D2) drought continued for all areas except the far west where Moderate(D1) drought continued.  The Antelope Wells Cooperative Observer reported 0.13 inches of precipitation which was 0.30 inches below normal.,CSV
202602,1,0,202602,28,2359,210048,1310120,NEW MEXICO,35,2026,February,Drought,Z,406,UPLANDS OF THE BOOTHEEL,EPZ,01-FEB-26 00:00:00,MST-7,28-FEB-26 23:59:00,0,0,0,0,0.00K,0.00K,Drought Monitor,,,,,,,,,,,,,,,,,,,,,,"Late January rain helped improve the drought conditions, especially along and east of the Rio Grande Valley. By the end of February, all of Otero and Dona Ana counties had improved to Moderate(D1) drought conditions or better while areas west generally remained in Severe(D2) drought.",Severe(D2) drought conditions remained in place for all but the the far western portion of the zone where Moderate(D1) drought continued.,CSV
202602,17,800,202602,17,1000,210332,1312134,NEW MEXICO,35,2026,February,High Wind,Z,409,SIERRA COUNTY LAKES,EPZ,17-FEB-26 08:00:00,MST-7,17-FEB-26 10:00:00,0,0,0,0,0.00K,0.00K,ASOS,51.00,MG,,,,,,,,,,,,,,,,,,,,A strong upper low was moving into the Pacific Northwest with a 160+ knot jet moving into the Southern Rockies. Southwest winds ahead of an associated cold front gusted over 60 mph in many areas with a peak gust of 98 mph recorded.  These winds brought blowing dust to the region with visibilities reduced to near zero around Deming.,The Truth or Consequences Airport ASOS reported a peak gust of 59 mph.,CSV
202602,18,1200,202602,18,1400,210340,1312149,NEW MEXICO,35,2026,February,Dust Storm,Z,407,SOUTHWEST DESERT/MIMBRES BASIN,EPZ,18-FEB-26 12:00:00,MST-7,18-FEB-26 14:00:00,0,0,0,0,0.00K,0.00K,Law Enforcement,,,,,,,,,,,,,,,,,,,,,,A secondary upper trough with an associated 130+ knot jet streak over southern New Mexico brought another day of gusty winds to the area. These west-southwest winds gusting up to 40 mph created areas of blowing dust around the Deming area.,New Mexico State Police reported blowing dust with visibilities under a quarter mile just east of Deming along Interstate 10.,CSV
202602,13,1841,202602,13,1846,209870,1308840,NEW MEXICO,35,2026,February,High Wind,Z,28,EDDY COUNTY PLAINS,MAF,13-FEB-26 18:41:00,MST-7,13-FEB-26 18:46:00,0,0,0,0,,0.00K,Mesonet,51.00,MG,,,,,,,,,,,,,,,,,,,,A very brief period of high winds occurred at Carlsbad Caverns National Park ahead of an approaching upper-level system (which caused some severe weather in west Texas during the late evening of the 13th).,The West Texas Mesonet station 164 Carlsbad Caverns NP measured a 59 mph non-thunderstorm wind gust.,CSV
202602,18,1800,202602,18,1930,209592,1306633,NEW MEXICO,35,2026,February,High Wind,Z,213,NORTHERN SANGRE DE CRISTO MOUNTAINS,ABQ,18-FEB-26 18:00:00,MST-7,18-FEB-26 19:30:00,0,0,0,0,,,Public,56.00,MG,,,,,,,,,,,,,,,,,,,,"The second weather system in a series of storms across the western U.S. moved into the Four Corners area February 18th. This system brought light to moderate snow to the Tusas and northern Sangre de Cristo Mountains. However, the more significant hazard to the region was the strong to damaging wind gusts. Daytime mixing allowed stronger winds aloft to mix down to the surface resulting in high wind gusts across the highlands of far west central NM and eventually the central mountain chain and adjacent central highlands. A band of snow accompanying the Pacific cold front moved across western and north central NM during the evening hours of February 18th. Heading into the overnight hours February 18th into February 19th, strong to damaging wind gusts shifted to the Sangre de Cristo Mountains and adjacent northeast highlands as the shortwave moved across the southern Rockies. High winds across the eastern highlands tapered off slowly during the late morning hours as the shortwave exited northeast outside of a brief high wind gust east of Puerto de Luna in Guadalupe County.",A public weather station at Highline Ridge in Taos Ski Valley measured a peak high wind gust of 64 mph.,CSV
202602,18,1415,202602,18,1450,209592,1306635,NEW MEXICO,35,2026,February,High Wind,Z,221,SANDIA/MANZANO MOUNTAINS INCLUDING EDGEWOOD,ABQ,18-FEB-26 14:15:00,MST-7,18-FEB-26 14:50:00,0,0,0,0,,,Mesonet,51.00,MG,,,,,,,,,,,,,,,,,,,,"The second weather system in a series of storms across the western U.S. moved into the Four Corners area February 18th. This system brought light to moderate snow to the Tusas and northern Sangre de Cristo Mountains. However, the more significant hazard to the region was the strong to damaging wind gusts. Daytime mixing allowed stronger winds aloft to mix down to the surface resulting in high wind gusts across the highlands of far west central NM and eventually the central mountain chain and adjacent central highlands. A band of snow accompanying the Pacific cold front moved across western and north central NM during the evening hours of February 18th. Heading into the overnight hours February 18th into February 19th, strong to damaging wind gusts shifted to the Sangre de Cristo Mountains and adjacent northeast highlands as the shortwave moved across the southern Rockies. High winds across the eastern highlands tapered off slowly during the late morning hours as the shortwave exited northeast outside of a brief high wind gust east of Puerto de Luna in Guadalupe County.",The Edgewood SWCD mesonet station measured a peak wind gust of 59 mph.,CSV
202602,17,1036,202602,17,1038,209583,1306583,NEW MEXICO,35,2026,February,High Wind,Z,240,SOUTHWEST CHAVES COUNTY,ABQ,17-FEB-26 10:36:00,MST-7,17-FEB-26 10:38:00,0,0,0,0,,,RAWS,53.00,MG,,,,,,,,,,,,,,,,,,,,"A deep upper level storm moved into the western U.S. early on February 17th with a lead disturbance moving over the Four Corners and Intermountain West. Strong mid and upper level winds at the base of this shortwave moved over New Mexico during this time. The Pacific cold front associated with this disturbance moved across the state during the morning hours of the day resulting in brief high wind gusts at several sites along and west of the central mountain chain coinciding with a period of rain and snow west of the Rio Grande Valley and the north central mountains. A peak gust of 84 mph was measured at Kachina Peak within the Taos Ski Valley, while two reports of downed trees with one knocking out a power line came in from Ruidoso. Subsidence behind the cold front allowed stronger winds aloft to translate down the surface resulting in an extended period of high winds along and east of the central mountain chain. High winds tapered off during the late afternoon and evening hours.",The RAWS in Dunken measured a brief high wind gust of 61 mph.,CSV
202602,17,930,202602,17,1450,209583,1306632,NEW MEXICO,35,2026,February,High Wind,Z,212,GLORIETA MESA INCLUDING GLORIETA PASS,ABQ,17-FEB-26 09:30:00,MST-7,17-FEB-26 14:50:00,0,0,0,0,,,Mesonet,53.00,MG,,,,,,,,,,,,,,,,,,,,"A deep upper level storm moved into the western U.S. early on February 17th with a lead disturbance moving over the Four Corners and Intermountain West. Strong mid and upper level winds at the base of this shortwave moved over New Mexico during this time. The Pacific cold front associated with this disturbance moved across the state during the morning hours of the day resulting in brief high wind gusts at several sites along and west of the central mountain chain coinciding with a period of rain and snow west of the Rio Grande Valley and the north central mountains. A peak gust of 84 mph was measured at Kachina Peak within the Taos Ski Valley, while two reports of downed trees with one knocking out a power line came in from Ruidoso. Subsidence behind the cold front allowed stronger winds aloft to translate down the surface resulting in an extended period of high winds along and east of the central mountain chain. High winds tapered off during the late afternoon and evening hours.",The mesonet station along I-25 at Rowe measured high wind gusts peaking at 61 mph.,CSV
202602,17,1050,202602,17,1330,210332,1312108,NEW MEXICO,35,2026,February,Dust Storm,Z,407,SOUTHWEST DESERT/MIMBRES BASIN,EPZ,17-FEB-26 10:50:00,MST-7,17-FEB-26 13:30:00,0,0,0,0,0.00K,0.00K,Department of Highways,,,,,,,,,,,,,,,,,,,,,,A strong upper low was moving into the Pacific Northwest with a 160+ knot jet moving into the Southern Rockies. Southwest winds ahead of an associated cold front gusted over 60 mph in many areas with a peak gust of 98 mph recorded.  These winds brought blowing dust to the region with visibilities reduced to near zero around Deming.,Highway 11 was closed south of Deming due to near zero visibilities for almost 3 hours.,CSV
202602,17,1000,202602,17,1200,210332,1312110,NEW MEXICO,35,2026,February,High Wind,Z,411,SOUTHERN DONA ANA COUNTY/MESILLA VALLEY,EPZ,17-FEB-26 10:00:00,MST-7,17-FEB-26 12:00:00,0,0,0,0,0.00K,0.00K,Mesonet,58.00,MG,,,,,,,,,,,,,,,,,,,,A strong upper low was moving into the Pacific Northwest with a 160+ knot jet moving into the Southern Rockies. Southwest winds ahead of an associated cold front gusted over 60 mph in many areas with a peak gust of 98 mph recorded.  These winds brought blowing dust to the region with visibilities reduced to near zero around Deming.,A peak gust of 67 mph was recorded at the CDRRC Camp Location which is northeast of Radium Springs.  The Las Cruces AWOS recorded a peak gust of 58 mph.,CSV
202602,17,745,202602,17,1300,210332,1312114,NEW MEXICO,35,2026,February,High Wind,Z,427,WEST CENTRAL TULAROSA BASIN/WHITE SANDS,EPZ,17-FEB-26 07:45:00,MST-7,17-FEB-26 13:00:00,0,0,0,0,0.00K,0.00K,Mesonet,85.00,MG,,,,,,,,,,,,,,,,,,,,A strong upper low was moving into the Pacific Northwest with a 160+ knot jet moving into the Southern Rockies. Southwest winds ahead of an associated cold front gusted over 60 mph in many areas with a peak gust of 98 mph recorded.  These winds brought blowing dust to the region with visibilities reduced to near zero around Deming.,"A peak gust of 98 mph was recorded at San Augustin Pass.  Other gusts around the zone included 64 mph at Delta Clipper and EMRE on the White Sands Missile Range, 63 mph at the Pony site also on the missile range and 58 mph at Condron Field.",CSV
202602,17,930,202602,17,1100,210332,1312119,NEW MEXICO,35,2026,February,High Wind,Z,407,SOUTHWEST DESERT/MIMBRES BASIN,EPZ,17-FEB-26 09:30:00,MST-7,17-FEB-26 11:00:00,0,0,0,0,0.00K,0.00K,ASOS,54.00,MG,,,,,,,,,,,,,,,,,,,,A strong upper low was moving into the Pacific Northwest with a 160+ knot jet moving into the Southern Rockies. Southwest winds ahead of an associated cold front gusted over 60 mph in many areas with a peak gust of 98 mph recorded.  These winds brought blowing dust to the region with visibilities reduced to near zero around Deming.,The Deming ASOS recorded a peak gust of 62 mph.,CSV
202602,17,455,202602,17,500,209583,1306420,NEW MEXICO,35,2026,February,High Wind,Z,215,EAST SLOPES SANGRE DE CRISTO MOUNTAINS,ABQ,17-FEB-26 04:55:00,MST-7,17-FEB-26 05:00:00,0,0,0,0,,,AWOS,53.00,MG,,,,,,,,,,,,,,,,,,,,"A deep upper level storm moved into the western U.S. early on February 17th with a lead disturbance moving over the Four Corners and Intermountain West. Strong mid and upper level winds at the base of this shortwave moved over New Mexico during this time. The Pacific cold front associated with this disturbance moved across the state during the morning hours of the day resulting in brief high wind gusts at several sites along and west of the central mountain chain coinciding with a period of rain and snow west of the Rio Grande Valley and the north central mountains. A peak gust of 84 mph was measured at Kachina Peak within the Taos Ski Valley, while two reports of downed trees with one knocking out a power line came in from Ruidoso. Subsidence behind the cold front allowed stronger winds aloft to translate down the surface resulting in an extended period of high winds along and east of the central mountain chain. High winds tapered off during the late afternoon and evening hours.",The AWOS at the Angel Fire Airport measured a brief high wind gust of 61 mph.,CSV
202602,17,1030,202602,17,1235,209583,1306581,NEW MEXICO,35,2026,February,High Wind,Z,237,DE BACA COUNTY,ABQ,17-FEB-26 10:30:00,MST-7,17-FEB-26 12:35:00,0,0,0,0,,,Mesonet,56.00,MG,,,,,,,,,,,,,,,,,,,,"A deep upper level storm moved into the western U.S. early on February 17th with a lead disturbance moving over the Four Corners and Intermountain West. Strong mid and upper level winds at the base of this shortwave moved over New Mexico during this time. The Pacific cold front associated with this disturbance moved across the state during the morning hours of the day resulting in brief high wind gusts at several sites along and west of the central mountain chain coinciding with a period of rain and snow west of the Rio Grande Valley and the north central mountains. A peak gust of 84 mph was measured at Kachina Peak within the Taos Ski Valley, while two reports of downed trees with one knocking out a power line came in from Ruidoso. Subsidence behind the cold front allowed stronger winds aloft to translate down the surface resulting in an extended period of high winds along and east of the central mountain chain. High winds tapered off during the late afternoon and evening hours.","A ZiaMet station east of Fort Sumner measured high wind gusts peaking at 64 mph. Additionally, a ZiaMet station at Canyon Blanco measured a high wind gust of 60 mph.",CSV
202602,17,921,202602,17,922,209583,1306582,NEW MEXICO,35,2026,February,High Wind,Z,238,CHAVES COUNTY PLAINS,ABQ,17-FEB-26 09:21:00,MST-7,17-FEB-26 09:22:00,0,0,0,0,,,ASOS,51.00,MG,,,,,,,,,,,,,,,,,,,,"A deep upper level storm moved into the western U.S. early on February 17th with a lead disturbance moving over the Four Corners and Intermountain West. Strong mid and upper level winds at the base of this shortwave moved over New Mexico during this time. The Pacific cold front associated with this disturbance moved across the state during the morning hours of the day resulting in brief high wind gusts at several sites along and west of the central mountain chain coinciding with a period of rain and snow west of the Rio Grande Valley and the north central mountains. A peak gust of 84 mph was measured at Kachina Peak within the Taos Ski Valley, while two reports of downed trees with one knocking out a power line came in from Ruidoso. Subsidence behind the cold front allowed stronger winds aloft to translate down the surface resulting in an extended period of high winds along and east of the central mountain chain. High winds tapered off during the late afternoon and evening hours.",The KROW ASOS measured a high wind gust of 59 mph.,CSV
202602,17,1005,202602,17,1545,209583,1306576,NEW MEXICO,35,2026,February,High Wind,Z,233,GUADALUPE COUNTY,ABQ,17-FEB-26 10:05:00,MST-7,17-FEB-26 15:45:00,0,0,0,0,,,Mesonet,55.00,MG,,,,,,,,,,,,,,,,,,,,"A deep upper level storm moved into the western U.S. early on February 17th with a lead disturbance moving over the Four Corners and Intermountain West. Strong mid and upper level winds at the base of this shortwave moved over New Mexico during this time. The Pacific cold front associated with this disturbance moved across the state during the morning hours of the day resulting in brief high wind gusts at several sites along and west of the central mountain chain coinciding with a period of rain and snow west of the Rio Grande Valley and the north central mountains. A peak gust of 84 mph was measured at Kachina Peak within the Taos Ski Valley, while two reports of downed trees with one knocking out a power line came in from Ruidoso. Subsidence behind the cold front allowed stronger winds aloft to translate down the surface resulting in an extended period of high winds along and east of the central mountain chain. High winds tapered off during the late afternoon and evening hours.","A ZiaMet station 3.3 miles east of Puerto de Luna measured high wind gusts peaking at 63 mph. Additionally, a ZiaMet station in Newkirk measured high wind gusts peaking at 62 mph.",CSV
202602,17,953,202602,17,1300,209583,1306578,NEW MEXICO,35,2026,February,High Wind,Z,234,QUAY COUNTY,ABQ,17-FEB-26 09:53:00,MST-7,17-FEB-26 13:00:00,0,0,0,0,,,ASOS,57.00,MG,,,,,,,,,,,,,,,,,,,,"A deep upper level storm moved into the western U.S. early on February 17th with a lead disturbance moving over the Four Corners and Intermountain West. Strong mid and upper level winds at the base of this shortwave moved over New Mexico during this time. The Pacific cold front associated with this disturbance moved across the state during the morning hours of the day resulting in brief high wind gusts at several sites along and west of the central mountain chain coinciding with a period of rain and snow west of the Rio Grande Valley and the north central mountains. A peak gust of 84 mph was measured at Kachina Peak within the Taos Ski Valley, while two reports of downed trees with one knocking out a power line came in from Ruidoso. Subsidence behind the cold front allowed stronger winds aloft to translate down the surface resulting in an extended period of high winds along and east of the central mountain chain. High winds tapered off during the late afternoon and evening hours.","The KTCC ASOS measured a peak wind gust of 66 mph and high sustained winds of 52 mph. Elsewhere in the zone, mesonet stations near Endee and south of Quay measured high wind gusts up to 61 mph and high sustained winds of 51 and 46 mph respectively.",CSV
202602,17,619,202602,17,2023,209875,1308866,NEW MEXICO,35,2026,February,High Wind,Z,28,EDDY COUNTY PLAINS,MAF,17-FEB-26 06:19:00,MST-7,17-FEB-26 20:23:00,0,0,0,0,,0.00K,Mesonet,63.00,MG,,,,,,,,,,,,,,,,,,,,A developing surface lee cyclone and a strong jet aloft yielded gusty southwesterly to westerly winds on the 17th. High winds were recorded at various locations across southeast New Mexico and in/around the higher terrain of west Texas.,"The West Texas Mesonet Station 164 Carlsbad Caverns NP measured intermittent instances of high wind throughout the day, including sustained winds over 40 mph and a 72 mph wind gust.",CSV
202602,17,938,202602,17,1335,209583,1306579,NEW MEXICO,35,2026,February,High Wind,Z,235,CURRY COUNTY,ABQ,17-FEB-26 09:38:00,MST-7,17-FEB-26 13:35:00,0,0,0,0,,,Public,60.00,MG,,,,,,,,,,,,,,,,,,,,"A deep upper level storm moved into the western U.S. early on February 17th with a lead disturbance moving over the Four Corners and Intermountain West. Strong mid and upper level winds at the base of this shortwave moved over New Mexico during this time. The Pacific cold front associated with this disturbance moved across the state during the morning hours of the day resulting in brief high wind gusts at several sites along and west of the central mountain chain coinciding with a period of rain and snow west of the Rio Grande Valley and the north central mountains. A peak gust of 84 mph was measured at Kachina Peak within the Taos Ski Valley, while two reports of downed trees with one knocking out a power line came in from Ruidoso. Subsidence behind the cold front allowed stronger winds aloft to translate down the surface resulting in an extended period of high winds along and east of the central mountain chain. High winds tapered off during the late afternoon and evening hours.","A CWOP station in Clovis measured a peak wind gust of 69 mph and high sustained winds of 53 mph. Elsewhere in the zone, AWOS and ZiaMet stations measured high wind gusts up to 66 mph and high sustained winds up to 50 mph.",CSV
202602,17,1057,202602,17,1343,209583,1306580,NEW MEXICO,35,2026,February,High Wind,Z,236,ROOSEVELT COUNTY,ABQ,17-FEB-26 10:57:00,MST-7,17-FEB-26 13:43:00,0,0,0,0,,,Mesonet,60.00,MG,,,,,,,,,,,,,,,,,,,,"A deep upper level storm moved into the western U.S. early on February 17th with a lead disturbance moving over the Four Corners and Intermountain West. Strong mid and upper level winds at the base of this shortwave moved over New Mexico during this time. The Pacific cold front associated with this disturbance moved across the state during the morning hours of the day resulting in brief high wind gusts at several sites along and west of the central mountain chain coinciding with a period of rain and snow west of the Rio Grande Valley and the north central mountains. A peak gust of 84 mph was measured at Kachina Peak within the Taos Ski Valley, while two reports of downed trees with one knocking out a power line came in from Ruidoso. Subsidence behind the cold front allowed stronger winds aloft to translate down the surface resulting in an extended period of high winds along and east of the central mountain chain. High winds tapered off during the late afternoon and evening hours.",A West Texas Mesonet station 2 miles southwest of Dora measured peak wind gusts of 69 mph and high sustained winds of 55 mph. A RAWS and mesonet station on Melrose Range measured high wind gusts up to 62 mph and high sustained winds of 48 mph.,CSV
202602,18,1433,202602,19,310,209895,1309006,NEW MEXICO,35,2026,February,High Wind,Z,28,EDDY COUNTY PLAINS,MAF,18-FEB-26 14:33:00,MST-7,19-FEB-26 03:10:00,0,0,0,0,,0.00K,Mesonet,77.00,MG,,,,,,,,,,,,,,,,,,,,"Strong southwesterly to westerly winds developed in response to a developing lee cyclone ahead of an upper-level trough. This, plus a strong jet aloft, resulted in high winds in and around the higher terrain of west Texas and southeast New Mexico during the afternoon of the 18th and into the early morning hours of the 19th.",The West Texas Mesonet station 164 Carlsbad Caverns NP measured intermittent high winds through the afternoon of the 18th into the early morning hours of the 19th. A maximum wind gust of 89 mph was recorded during this period.,CSV
202602,20,1138,202602,20,1445,210092,1310316,NEW MEXICO,35,2026,February,High Wind,Z,28,EDDY COUNTY PLAINS,MAF,20-FEB-26 11:38:00,MST-7,20-FEB-26 14:45:00,0,0,0,0,,0.00K,Mesonet,50.00,MG,,,,,,,,,,,,,,,,,,,,An incoming trough (and associated upper-level jet) allowed for high winds to develop in the Guadalupe and Delaware Mountains.,"The West Texas Mesonet Station 164 Carlsbad Caverns NP recorded a wind gust of 58 mph, as well as intermittent instances of sustained 40 mph winds through the time period.",CSV
202602,17,844,202602,17,953,209583,1306425,NEW MEXICO,35,2026,February,High Wind,Z,221,SANDIA/MANZANO MOUNTAINS INCLUDING EDGEWOOD,ABQ,17-FEB-26 08:44:00,MST-7,17-FEB-26 09:53:00,0,0,0,0,,,Public,55.00,MG,,,,,,,,,,,,,,,,,,,,"A deep upper level storm moved into the western U.S. early on February 17th with a lead disturbance moving over the Four Corners and Intermountain West. Strong mid and upper level winds at the base of this shortwave moved over New Mexico during this time. The Pacific cold front associated with this disturbance moved across the state during the morning hours of the day resulting in brief high wind gusts at several sites along and west of the central mountain chain coinciding with a period of rain and snow west of the Rio Grande Valley and the north central mountains. A peak gust of 84 mph was measured at Kachina Peak within the Taos Ski Valley, while two reports of downed trees with one knocking out a power line came in from Ruidoso. Subsidence behind the cold front allowed stronger winds aloft to translate down the surface resulting in an extended period of high winds along and east of the central mountain chain. High winds tapered off during the late afternoon and evening hours.","A Sandia Labs weather station measured a high wind gust of 63 mph during the Pacific cold front passage. Additionally, a public weather station in Edgewood measured a brief 58 mph gust.",CSV
202602,17,835,202602,17,1513,209583,1306437,NEW MEXICO,35,2026,February,High Wind,Z,226,SOUTH CENTRAL MOUNTAINS,ABQ,17-FEB-26 08:35:00,MST-7,17-FEB-26 15:13:00,0,0,0,0,,,AWOS,57.00,MG,,,,,,,,,,,,,,,,,,,,"A deep upper level storm moved into the western U.S. early on February 17th with a lead disturbance moving over the Four Corners and Intermountain West. Strong mid and upper level winds at the base of this shortwave moved over New Mexico during this time. The Pacific cold front associated with this disturbance moved across the state during the morning hours of the day resulting in brief high wind gusts at several sites along and west of the central mountain chain coinciding with a period of rain and snow west of the Rio Grande Valley and the north central mountains. A peak gust of 84 mph was measured at Kachina Peak within the Taos Ski Valley, while two reports of downed trees with one knocking out a power line came in from Ruidoso. Subsidence behind the cold front allowed stronger winds aloft to translate down the surface resulting in an extended period of high winds along and east of the central mountain chain. High winds tapered off during the late afternoon and evening hours.",The KSRR AWOS measured a peak gust of 66 mph as well as high sustained winds of 46 mph while a public weather station 5 miles northwest of Nogal measured a peak wind gust of 63 mph. The high wind gusts downed a tree at the intersection of White Mountain and George McCarty Dr. north of Ruidoso and another tree onto power lines on Sudderth Drive in Ruidoso.,CSV
202602,17,830,202602,17,1053,209583,1306438,NEW MEXICO,35,2026,February,High Wind,Z,228,FAR NORTHEAST HIGHLANDS,ABQ,17-FEB-26 08:30:00,MST-7,17-FEB-26 10:53:00,0,0,0,0,,,ASOS,63.00,MG,,,,,,,,,,,,,,,,,,,,"A deep upper level storm moved into the western U.S. early on February 17th with a lead disturbance moving over the Four Corners and Intermountain West. Strong mid and upper level winds at the base of this shortwave moved over New Mexico during this time. The Pacific cold front associated with this disturbance moved across the state during the morning hours of the day resulting in brief high wind gusts at several sites along and west of the central mountain chain coinciding with a period of rain and snow west of the Rio Grande Valley and the north central mountains. A peak gust of 84 mph was measured at Kachina Peak within the Taos Ski Valley, while two reports of downed trees with one knocking out a power line came in from Ruidoso. Subsidence behind the cold front allowed stronger winds aloft to translate down the surface resulting in an extended period of high winds along and east of the central mountain chain. High winds tapered off during the late afternoon and evening hours.",The ASOS at Raton Crews Airport measured high wind gusts peaking at 72 mph as well as high sustained winds of 43 mph.,CSV
202602,1,0,202602,28,2359,209961,1309569,NEW MEXICO,35,2026,February,Drought,Z,201,NORTHWEST PLATEAU,ABQ,01-FEB-26 00:00:00,MST-7,28-FEB-26 23:59:00,0,0,0,0,0.00K,0.00K,Drought Monitor,,,,,,,,,,,,,,,,,,,,,,Above normal warmth statewide and well below normal precipitation over the eastern half of the state resulted in a one level degradation of drought conditions to Moderate Drought conditions over much of the eastern plains of New Mexico. Drought conditions over the western half of the state remained persistent from January.,Extreme drought remained persistent over the east-central portion of the zone.,CSV
202602,1,0,202602,28,2359,209961,1309570,NEW MEXICO,35,2026,February,Drought,Z,204,NORTHWEST HIGHLANDS,ABQ,01-FEB-26 00:00:00,MST-7,28-FEB-26 23:59:00,0,0,0,0,0.00K,0.00K,Drought Monitor,,,,,,,,,,,,,,,,,,,,,,Above normal warmth statewide and well below normal precipitation over the eastern half of the state resulted in a one level degradation of drought conditions to Moderate Drought conditions over much of the eastern plains of New Mexico. Drought conditions over the western half of the state remained persistent from January.,Extreme drought remained persistent over the far northwestern portion of the zone.,CSV
202602,1,0,202602,28,2359,209961,1309571,NEW MEXICO,35,2026,February,Drought,Z,208,SOUTHWEST MOUNTAINS,ABQ,01-FEB-26 00:00:00,MST-7,28-FEB-26 23:59:00,0,0,0,0,0.00K,0.00K,Drought Monitor,,,,,,,,,,,,,,,,,,,,,,Above normal warmth statewide and well below normal precipitation over the eastern half of the state resulted in a one level degradation of drought conditions to Moderate Drought conditions over much of the eastern plains of New Mexico. Drought conditions over the western half of the state remained persistent from January.,Extreme drought remained persistent over the northwest and north central portion of the zone.,CSV
202602,9,717,202602,10,1216,209962,1309576,NEW MEXICO,35,2026,February,Wildfire,Z,232,EASTERN SAN MIGUEL COUNTY,ABQ,09-FEB-26 07:17:00,MST-7,10-FEB-26 12:16:00,0,0,0,0,0.00K,0.00K,Fire Department/Rescue,,,,,,,,,,,,,,,,,,,,,,Strong winds and very low humidity resulting in critical fire weather conditions were present over much of east-central NM February 9th. Two fire starts in Quay and eastern San Miguel Counties respectively named the 352 and Leche wildfires rapidly grew before being mostly contained within 24 to 36 hours.,"The Leche Wildfire ignited on a mesa in extreme remote section of far eastern San Miguel County. It quickly grew to 3,366 acres, causing no know damage or disruptions.",CSV
202602,9,1230,202602,10,1000,209962,1309577,NEW MEXICO,35,2026,February,Wildfire,Z,234,QUAY COUNTY,ABQ,09-FEB-26 12:30:00,MST-7,10-FEB-26 10:00:00,0,0,0,0,,0.00K,Fire Department/Rescue,,,,,,,,,,,,,,,,,,,,,,Strong winds and very low humidity resulting in critical fire weather conditions were present over much of east-central NM February 9th. Two fire starts in Quay and eastern San Miguel Counties respectively named the 352 and Leche wildfires rapidly grew before being mostly contained within 24 to 36 hours.,"The 352 wildfire ignited along NM 469 north of San Jon and east Tucumcari. The fire was wind driven and quickly grew to 2,674 acres before with smoke visible from I-40. NM 469 was closed north of San Jon and state officials were conducting house-to-house notifications for residences nearby. Two abandoned structures were destroyed.",CSV
202602,17,1230,202602,22,1400,209963,1309578,NEW MEXICO,35,2026,February,Wildfire,Z,231,HARDING COUNTY,ABQ,17-FEB-26 12:30:00,MST-7,22-FEB-26 14:00:00,0,0,0,0,0.00K,0.00K,Fire Department/Rescue,,,,,,,,,,,,,,,,,,,,,,Extremely critical fire weather conditions highlighted by peak wind gusts of 55 to 70 mph alongside humidity ranging from 15 to 25 percent were present February 17th. This allowed for the Smith Wildfire to quickly grow out of control in Harding County approximately 3 miles northeast of Mosquero. Southwest winds combined with the location of the fire northeast of Mosquero allowed there to be no damage or evacuations resulting from this fire. It's growth subsided considerably after winds waned during the 20th to 22nd.,"The Smith Wildfire ignited Tuesday, February 17th during extremely critical fire weather conditions. Strong southwest winds allowed it to quickly grow, but thankfully its location northeast of Mosquero allowed it to grow away from town. There were no known evacuation orders or damage from this fire as it eventually grew to 3,797 acres before waning February 22nd as winds subsided.",CSV
202602,18,1547,202602,18,1553,209592,1306634,NEW MEXICO,35,2026,February,High Wind,Z,218,SANTA FE METRO AREA,ABQ,18-FEB-26 15:47:00,MST-7,18-FEB-26 15:53:00,0,0,0,0,,,ASOS,50.00,MG,,,,,,,,,,,,,,,,,,,,"The second weather system in a series of storms across the western U.S. moved into the Four Corners area February 18th. This system brought light to moderate snow to the Tusas and northern Sangre de Cristo Mountains. However, the more significant hazard to the region was the strong to damaging wind gusts. Daytime mixing allowed stronger winds aloft to mix down to the surface resulting in high wind gusts across the highlands of far west central NM and eventually the central mountain chain and adjacent central highlands. A band of snow accompanying the Pacific cold front moved across western and north central NM during the evening hours of February 18th. Heading into the overnight hours February 18th into February 19th, strong to damaging wind gusts shifted to the Sangre de Cristo Mountains and adjacent northeast highlands as the shortwave moved across the southern Rockies. High winds across the eastern highlands tapered off slowly during the late morning hours as the shortwave exited northeast outside of a brief high wind gust east of Puerto de Luna in Guadalupe County.",The KSAF ASOS measured a peak wind gust of 58 mph.,CSV
202602,19,220,202602,19,425,209592,1306638,NEW MEXICO,35,2026,February,High Wind,Z,228,FAR NORTHEAST HIGHLANDS,ABQ,19-FEB-26 02:20:00,MST-7,19-FEB-26 04:25:00,0,0,0,0,,,ASOS,69.00,MG,,,,,,,,,,,,,,,,,,,,"The second weather system in a series of storms across the western U.S. moved into the Four Corners area February 18th. This system brought light to moderate snow to the Tusas and northern Sangre de Cristo Mountains. However, the more significant hazard to the region was the strong to damaging wind gusts. Daytime mixing allowed stronger winds aloft to mix down to the surface resulting in high wind gusts across the highlands of far west central NM and eventually the central mountain chain and adjacent central highlands. A band of snow accompanying the Pacific cold front moved across western and north central NM during the evening hours of February 18th. Heading into the overnight hours February 18th into February 19th, strong to damaging wind gusts shifted to the Sangre de Cristo Mountains and adjacent northeast highlands as the shortwave moved across the southern Rockies. High winds across the eastern highlands tapered off slowly during the late morning hours as the shortwave exited northeast outside of a brief high wind gust east of Puerto de Luna in Guadalupe County.",The KRTN ASOS measured high wind gusts peaking at 79 mph and high sustained winds reaching 56 mph.,CSV
202602,19,910,202602,19,912,209592,1306648,NEW MEXICO,35,2026,February,High Wind,Z,223,CENTRAL HIGHLANDS,ABQ,19-FEB-26 09:10:00,MST-7,19-FEB-26 09:12:00,0,0,0,0,,,Mesonet,57.00,MG,,,,,,,,,,,,,,,,,,,,"The second weather system in a series of storms across the western U.S. moved into the Four Corners area February 18th. This system brought light to moderate snow to the Tusas and northern Sangre de Cristo Mountains. However, the more significant hazard to the region was the strong to damaging wind gusts. Daytime mixing allowed stronger winds aloft to mix down to the surface resulting in high wind gusts across the highlands of far west central NM and eventually the central mountain chain and adjacent central highlands. A band of snow accompanying the Pacific cold front moved across western and north central NM during the evening hours of February 18th. Heading into the overnight hours February 18th into February 19th, strong to damaging wind gusts shifted to the Sangre de Cristo Mountains and adjacent northeast highlands as the shortwave moved across the southern Rockies. High winds across the eastern highlands tapered off slowly during the late morning hours as the shortwave exited northeast outside of a brief high wind gust east of Puerto de Luna in Guadalupe County.",The ZiaMet station roughly 3 miles east of Puerto de Luna measured a peak wind gust of 66 mph.,CSV
202602,20,1335,202602,20,1336,209598,1306674,NEW MEXICO,35,2026,February,High Wind,Z,233,GUADALUPE COUNTY,ABQ,20-FEB-26 13:35:00,MST-7,20-FEB-26 13:36:00,0,0,0,0,,,Mesonet,51.00,MG,,,,,,,,,,,,,,,,,,,,"The third and final weather system in a series moved across the Four Corners and southern Rockies February 20th. A snow squall along the cold front resulted in a very brief period of quarter mile visibility at several locations across western New Mexico during the mid to late morning hours, including Farmington, Gallup, and Grants. This snow squall also resulted in a vehicle crash on U.S. Highway 550 just west of Cuba, NM. The snow squall along the cold front dissipated as it moved east into the Rio Grande Valley, resulting in some high wind gusts in the zone. Upslope flow resulted in light to moderate snow across the north central mountains with a localized area of heavy snow across Taos Ski Valley. Snow across the north central mountains tapered off midday February 20th. Additional high wind gusts were observed across eastern NM along and just behind the cold front during the early afternoon hours before winds tapered off around sunset.",The ZiaMet station 3.3 miles E of Puerto de Luna measured a brief high wind gust of 59 mph.,CSV
202602,20,1251,202602,20,1253,209598,1306675,NEW MEXICO,35,2026,February,High Wind,Z,238,CHAVES COUNTY PLAINS,ABQ,20-FEB-26 12:51:00,MST-7,20-FEB-26 12:53:00,0,0,0,0,,,ASOS,54.00,MG,,,,,,,,,,,,,,,,,,,,"The third and final weather system in a series moved across the Four Corners and southern Rockies February 20th. A snow squall along the cold front resulted in a very brief period of quarter mile visibility at several locations across western New Mexico during the mid to late morning hours, including Farmington, Gallup, and Grants. This snow squall also resulted in a vehicle crash on U.S. Highway 550 just west of Cuba, NM. The snow squall along the cold front dissipated as it moved east into the Rio Grande Valley, resulting in some high wind gusts in the zone. Upslope flow resulted in light to moderate snow across the north central mountains with a localized area of heavy snow across Taos Ski Valley. Snow across the north central mountains tapered off midday February 20th. Additional high wind gusts were observed across eastern NM along and just behind the cold front during the early afternoon hours before winds tapered off around sunset.",The ASOS at the Roswell Air Center measured a brief high wind gust of 62 mph during the cold front passage.,CSV
202602,18,1825,202602,19,210,209592,1306644,NEW MEXICO,35,2026,February,High Wind,Z,229,NORTHEAST HIGHLANDS,ABQ,18-FEB-26 18:25:00,MST-7,19-FEB-26 02:10:00,0,0,0,0,,,ASOS,55.00,MG,,,,,,,,,,,,,,,,,,,,"The second weather system in a series of storms across the western U.S. moved into the Four Corners area February 18th. This system brought light to moderate snow to the Tusas and northern Sangre de Cristo Mountains. However, the more significant hazard to the region was the strong to damaging wind gusts. Daytime mixing allowed stronger winds aloft to mix down to the surface resulting in high wind gusts across the highlands of far west central NM and eventually the central mountain chain and adjacent central highlands. A band of snow accompanying the Pacific cold front moved across western and north central NM during the evening hours of February 18th. Heading into the overnight hours February 18th into February 19th, strong to damaging wind gusts shifted to the Sangre de Cristo Mountains and adjacent northeast highlands as the shortwave moved across the southern Rockies. High winds across the eastern highlands tapered off slowly during the late morning hours as the shortwave exited northeast outside of a brief high wind gust east of Puerto de Luna in Guadalupe County.",The KLVS ASOS measured high wind gusts peaking at 63 mph.,CSV
202602,20,1235,202602,20,1237,209598,1306669,NEW MEXICO,35,2026,February,High Wind,Z,221,SANDIA/MANZANO MOUNTAINS INCLUDING EDGEWOOD,ABQ,20-FEB-26 12:35:00,MST-7,20-FEB-26 12:37:00,0,0,0,0,,,Mesonet,57.00,MG,,,,,,,,,,,,,,,,,,,,"The third and final weather system in a series moved across the Four Corners and southern Rockies February 20th. A snow squall along the cold front resulted in a very brief period of quarter mile visibility at several locations across western New Mexico during the mid to late morning hours, including Farmington, Gallup, and Grants. This snow squall also resulted in a vehicle crash on U.S. Highway 550 just west of Cuba, NM. The snow squall along the cold front dissipated as it moved east into the Rio Grande Valley, resulting in some high wind gusts in the zone. Upslope flow resulted in light to moderate snow across the north central mountains with a localized area of heavy snow across Taos Ski Valley. Snow across the north central mountains tapered off midday February 20th. Additional high wind gusts were observed across eastern NM along and just behind the cold front during the early afternoon hours before winds tapered off around sunset.",The Edgewood SWCD mesonet measured a brief high wind gust of 66 mph.,CSV
202602,20,1124,202602,20,1520,209598,1306670,NEW MEXICO,35,2026,February,High Wind,Z,223,CENTRAL HIGHLANDS,ABQ,20-FEB-26 11:24:00,MST-7,20-FEB-26 15:20:00,0,0,0,0,,,ASOS,56.00,MG,,,,,,,,,,,,,,,,,,,,"The third and final weather system in a series moved across the Four Corners and southern Rockies February 20th. A snow squall along the cold front resulted in a very brief period of quarter mile visibility at several locations across western New Mexico during the mid to late morning hours, including Farmington, Gallup, and Grants. This snow squall also resulted in a vehicle crash on U.S. Highway 550 just west of Cuba, NM. The snow squall along the cold front dissipated as it moved east into the Rio Grande Valley, resulting in some high wind gusts in the zone. Upslope flow resulted in light to moderate snow across the north central mountains with a localized area of heavy snow across Taos Ski Valley. Snow across the north central mountains tapered off midday February 20th. Additional high wind gusts were observed across eastern NM along and just behind the cold front during the early afternoon hours before winds tapered off around sunset.",The ASOS at Clines Corners measured high wind gusts peaking at 64 mph. A NMDOT weather station at the same location measured peak high wind gusts of 62 mph.,CSV
202602,24,1238,202602,24,1436,209813,1308349,NEW MEXICO,35,2026,February,High Wind,Z,223,CENTRAL HIGHLANDS,ABQ,24-FEB-26 12:38:00,MST-7,24-FEB-26 14:36:00,0,0,0,0,,,ASOS,60.00,MG,,,,,,,,,,,,,,,,,,,,"Mid and upper level winds over New Mexico increased on February 24th as high pressure flattened over the region. The stronger winds aloft, the development of a surface lee low over southeast Colorado and northeast New Mexico, and deep daytime mixing resulted in gusty westerly winds across east central NM along the I-40 corridor. A brief period of high winds were measured by the ASOS and mesonet at Clines Corners during the early afternoon hours. Winds tapered off during the late afternoon and evening hours.",The ASOS at Clines Corners measured high wind gusts peaking at 69 mph. The mesonet station at the same location measured high wind gusts peaking at 60 mph.,CSV
202602,18,2253,202602,18,2330,209895,1309001,NEW MEXICO,35,2026,February,High Wind,Z,28,EDDY COUNTY PLAINS,MAF,18-FEB-26 22:53:00,MST-7,18-FEB-26 23:30:00,0,0,0,0,,0.00K,ASOS,53.00,MG,,,,,,,,,,,,,,,,,,,,"Strong southwesterly to westerly winds developed in response to a developing lee cyclone ahead of an upper-level trough. This, plus a strong jet aloft, resulted in high winds in and around the higher terrain of west Texas and southeast New Mexico during the afternoon of the 18th and into the early morning hours of the 19th.","The ASOS station KCNM Carlsbad measured a brief period of high winds, which included a 61 mph wind gust.",CSV
202602,17,1330,202602,17,1505,209875,1308867,NEW MEXICO,35,2026,February,High Wind,Z,28,EDDY COUNTY PLAINS,MAF,17-FEB-26 13:30:00,MST-7,17-FEB-26 15:05:00,0,0,0,0,,0.00K,ASOS,52.00,MG,,,,,,,,,,,,,,,,,,,,A developing surface lee cyclone and a strong jet aloft yielded gusty southwesterly to westerly winds on the 17th. High winds were recorded at various locations across southeast New Mexico and in/around the higher terrain of west Texas.,"The ASOS station KCNM Carlsbad measured instances of high winds for about an hour and a half, including a 60 mph wind gust.",CSV
202602,17,1040,202602,17,1520,209875,1308868,NEW MEXICO,35,2026,February,High Wind,Z,29,NORTHERN LEA COUNTY,MAF,17-FEB-26 10:40:00,MST-7,17-FEB-26 15:20:00,0,0,0,0,,0.00K,Mesonet,51.00,MG,,,,,,,,,,,,,,,,,,,,A developing surface lee cyclone and a strong jet aloft yielded gusty southwesterly to westerly winds on the 17th. High winds were recorded at various locations across southeast New Mexico and in/around the higher terrain of west Texas.,"The West Texas Mesonet station 51 2SW Tatum NM measured a period of intermittent high winds, including sustained winds greater than 40 mph and gusts up to 59 mph.",CSV
202602,17,1329,202602,17,1431,209875,1308869,NEW MEXICO,35,2026,February,High Wind,Z,33,CENTRAL LEA COUNTY,MAF,17-FEB-26 13:29:00,MST-7,17-FEB-26 14:31:00,0,0,0,0,,0.00K,Mesonet,50.00,MG,,,,,,,,,,,,,,,,,,,,A developing surface lee cyclone and a strong jet aloft yielded gusty southwesterly to westerly winds on the 17th. High winds were recorded at various locations across southeast New Mexico and in/around the higher terrain of west Texas.,"The West Texas Mesonet station 66 Hobbs, NM/ Lea County measured instances of high winds for a brief period (about an hour), including sustained winds greater than 40 mph and a 58 mph wind gust.",CSV
202602,17,910,202602,17,1020,209583,1306421,NEW MEXICO,35,2026,February,High Wind,Z,218,SANTA FE METRO AREA,ABQ,17-FEB-26 09:10:00,MST-7,17-FEB-26 10:20:00,0,0,0,0,,,Mesonet,52.00,MG,,,,,,,,,,,,,,,,,,,,"A deep upper level storm moved into the western U.S. early on February 17th with a lead disturbance moving over the Four Corners and Intermountain West. Strong mid and upper level winds at the base of this shortwave moved over New Mexico during this time. The Pacific cold front associated with this disturbance moved across the state during the morning hours of the day resulting in brief high wind gusts at several sites along and west of the central mountain chain coinciding with a period of rain and snow west of the Rio Grande Valley and the north central mountains. A peak gust of 84 mph was measured at Kachina Peak within the Taos Ski Valley, while two reports of downed trees with one knocking out a power line came in from Ruidoso. Subsidence behind the cold front allowed stronger winds aloft to translate down the surface resulting in an extended period of high winds along and east of the central mountain chain. High winds tapered off during the late afternoon and evening hours.",The La Bajada Hill mesonet station on I-25 observed high wind gusts peaking at 60 mph during the passage of the Pacific cold front.,CSV
202602,20,1408,202602,20,1409,209598,1306678,NEW MEXICO,35,2026,February,High Wind,Z,230,UNION COUNTY,ABQ,20-FEB-26 14:08:00,MST-7,20-FEB-26 14:09:00,0,0,0,0,,,ASOS,50.00,MG,,,,,,,,,,,,,,,,,,,,"The third and final weather system in a series moved across the Four Corners and southern Rockies February 20th. A snow squall along the cold front resulted in a very brief period of quarter mile visibility at several locations across western New Mexico during the mid to late morning hours, including Farmington, Gallup, and Grants. This snow squall also resulted in a vehicle crash on U.S. Highway 550 just west of Cuba, NM. The snow squall along the cold front dissipated as it moved east into the Rio Grande Valley, resulting in some high wind gusts in the zone. Upslope flow resulted in light to moderate snow across the north central mountains with a localized area of heavy snow across Taos Ski Valley. Snow across the north central mountains tapered off midday February 20th. Additional high wind gusts were observed across eastern NM along and just behind the cold front during the early afternoon hours before winds tapered off around sunset.",The ASOS at Clayton Municipal Airport measured a brief high wind gust of 58 mph during the cold front passage.,CSV
202602,1,0,202602,28,2359,210048,1310121,NEW MEXICO,35,2026,February,Drought,Z,407,SOUTHWEST DESERT/MIMBRES BASIN,EPZ,01-FEB-26 00:00:00,MST-7,28-FEB-26 23:59:00,0,0,0,0,0.00K,0.00K,Drought Monitor,,,,,,,,,,,,,,,,,,,,,,"Late January rain helped improve the drought conditions, especially along and east of the Rio Grande Valley. By the end of February, all of Otero and Dona Ana counties had improved to Moderate(D1) drought conditions or better while areas west generally remained in Severe(D2) drought.","The month started out with the entire zone in Severe(D2) drought.  By the end of February, the west remained in Severe(D2) drought and improved to Abnormally Dry(D0) drought over the southeast. The Deming Airport reported 0.09 inches of precipitation which was 0.53 inches below normal.",CSV
202602,1,0,202602,28,2359,210048,1310125,NEW MEXICO,35,2026,February,Drought,Z,426,SOUTHERN GILA REGION HIGHLANDS/BLACK RANGE,EPZ,01-FEB-26 00:00:00,MST-7,28-FEB-26 23:59:00,0,0,0,0,0.00K,0.00K,Drought Monitor,,,,,,,,,,,,,,,,,,,,,,"Late January rain helped improve the drought conditions, especially along and east of the Rio Grande Valley. By the end of February, all of Otero and Dona Ana counties had improved to Moderate(D1) drought conditions or better while areas west generally remained in Severe(D2) drought.",The entire zone remained in Severe(D2) drought during the month of February.,CSV
202602,1,0,202602,28,2359,210048,1310122,NEW MEXICO,35,2026,February,Drought,Z,408,EASTERN BLACK RANGE FOOTHILLS,EPZ,01-FEB-26 00:00:00,MST-7,28-FEB-26 23:59:00,0,0,0,0,0.00K,0.00K,Drought Monitor,,,,,,,,,,,,,,,,,,,,,,"Late January rain helped improve the drought conditions, especially along and east of the Rio Grande Valley. By the end of February, all of Otero and Dona Ana counties had improved to Moderate(D1) drought conditions or better while areas west generally remained in Severe(D2) drought.",The entire zone remained in Severe(D2) drought throughout the month of February. The Hillsboro Cooperative Observer reported 0.06 inches of precipitation which was 0.36 inches below normal.,CSV
202602,1,0,202602,28,2359,210048,1310123,NEW MEXICO,35,2026,February,Drought,Z,409,SIERRA COUNTY LAKES,EPZ,01-FEB-26 00:00:00,MST-7,28-FEB-26 23:59:00,0,0,0,0,0.00K,0.00K,Drought Monitor,,,,,,,,,,,,,,,,,,,,,,"Late January rain helped improve the drought conditions, especially along and east of the Rio Grande Valley. By the end of February, all of Otero and Dona Ana counties had improved to Moderate(D1) drought conditions or better while areas west generally remained in Severe(D2) drought.","The month started with the entire zone in Severe(D2) drought.  By the end of February, the southeast portion of the zone improved to Moderate(D1) drought with no change elsewhere. The Truth or Consequences Airport reported 0.03 inches of precipitation which was 0.27 inches below normal.",CSV
202602,1,0,202602,28,2359,210048,1310124,NEW MEXICO,35,2026,February,Drought,Z,425,CENTRAL GRANT COUNTY/SILVER CITY AREA,EPZ,01-FEB-26 00:00:00,MST-7,28-FEB-26 23:59:00,0,0,0,0,0.00K,0.00K,Drought Monitor,,,,,,,,,,,,,,,,,,,,,,"Late January rain helped improve the drought conditions, especially along and east of the Rio Grande Valley. By the end of February, all of Otero and Dona Ana counties had improved to Moderate(D1) drought conditions or better while areas west generally remained in Severe(D2) drought.",Severe(D2) drought continued through the month of February.  The White Signal Cooperative Observer reported 0.48 inches of precipitation which was 0.58 inches below normal.,CSV
202602,1,0,202602,28,2359,210048,1310116,NEW MEXICO,35,2026,February,Drought,Z,401,UPPER GILA RIVER VALLEY,EPZ,01-FEB-26 00:00:00,MST-7,28-FEB-26 23:59:00,0,0,0,0,0.00K,0.00K,Drought Monitor,,,,,,,,,,,,,,,,,,,,,,"Late January rain helped improve the drought conditions, especially along and east of the Rio Grande Valley. By the end of February, all of Otero and Dona Ana counties had improved to Moderate(D1) drought conditions or better while areas west generally remained in Severe(D2) drought.",The entire zone remained in Severe(D2) drought through the month of February. The Cooperative Observer in Cliff reported 0.41 inches of precipitation which was 0.68 inches below normal.,CSV
202602,17,230,202602,17,1500,209583,1306419,NEW MEXICO,35,2026,February,High Wind,Z,213,NORTHERN SANGRE DE CRISTO MOUNTAINS,ABQ,17-FEB-26 02:30:00,MST-7,17-FEB-26 15:00:00,0,0,0,0,,,Public,73.00,MG,,,,,,,,,,,,,,,,,,,,"A deep upper level storm moved into the western U.S. early on February 17th with a lead disturbance moving over the Four Corners and Intermountain West. Strong mid and upper level winds at the base of this shortwave moved over New Mexico during this time. The Pacific cold front associated with this disturbance moved across the state during the morning hours of the day resulting in brief high wind gusts at several sites along and west of the central mountain chain coinciding with a period of rain and snow west of the Rio Grande Valley and the north central mountains. A peak gust of 84 mph was measured at Kachina Peak within the Taos Ski Valley, while two reports of downed trees with one knocking out a power line came in from Ruidoso. Subsidence behind the cold front allowed stronger winds aloft to translate down the surface resulting in an extended period of high winds along and east of the central mountain chain. High winds tapered off during the late afternoon and evening hours.","Taos Ski Valley weather stations at Kachina Peak and Highline Ridge measured high wind gusts of 84 mph and 71 mph respectively. Additionally, these stations measured high sustained winds of 42 and 41 mph respectively between 5 am and 8 am MST. One to two inches of snow was observed in the zone during this time.",CSV
202603,15,605,202603,15,610,210129,1310484,NEW MEXICO,35,2026,March,High Wind,Z,224,SOUTH CENTRAL HIGHLANDS,ABQ,15-MAR-26 06:05:00,MST-7,15-MAR-26 06:10:00,0,0,0,0,0.00K,0.00K,RAWS,52.00,MG,,,,,,,,,,,,,,,,,,,,"A strong portion of the jetstream overshot northern and eastern NM through Sunday, March 15th. Pre-frontal vertical mixing allowed for these stronger winds aloft to mix down to the surface across much of the northern mountains of NM as early as just prior to midnight March 14th into the predawn and early morning hours of March 15th. Further high winds followed the backdoor and Pacific portions of a surface cold front during the late morning and early afternoon across central and eastern NM. Wind gusts of 55 to 65 mph were common with a peak gust of 81 mph being recorded at the Raton Airport. While there was some blowing dust, visibility only fell to 5 to 7 miles in a few areas to include the Albuquerque metro area. Winds began to taper off in the mid-to-late afternoon as the strong portion of the jetstream exited into TX and the surface cold fronts advanced to southern NM.",The Mountainair RAWS measured a 60 mph wind gust.,CSV
202603,15,555,202603,15,1055,210129,1310487,NEW MEXICO,35,2026,March,High Wind,Z,226,SOUTH CENTRAL MOUNTAINS,ABQ,15-MAR-26 05:55:00,MST-7,15-MAR-26 10:55:00,0,0,0,0,0.00K,0.00K,AWOS,56.00,MG,,,,,,,,,,,,,,,,,,,,"A strong portion of the jetstream overshot northern and eastern NM through Sunday, March 15th. Pre-frontal vertical mixing allowed for these stronger winds aloft to mix down to the surface across much of the northern mountains of NM as early as just prior to midnight March 14th into the predawn and early morning hours of March 15th. Further high winds followed the backdoor and Pacific portions of a surface cold front during the late morning and early afternoon across central and eastern NM. Wind gusts of 55 to 65 mph were common with a peak gust of 81 mph being recorded at the Raton Airport. While there was some blowing dust, visibility only fell to 5 to 7 miles in a few areas to include the Albuquerque metro area. Winds began to taper off in the mid-to-late afternoon as the strong portion of the jetstream exited into TX and the surface cold fronts advanced to southern NM.",The KSRR AWOS measured a 64 mph wind gust. High sustained winds also reached 43 mph during this timeframe.,CSV
202603,15,744,202603,15,749,210129,1310491,NEW MEXICO,35,2026,March,High Wind,Z,231,HARDING COUNTY,ABQ,15-MAR-26 07:44:00,MST-7,15-MAR-26 07:49:00,0,0,0,0,0.00K,0.00K,Public,50.00,MG,,,,,,,,,,,,,,,,,,,,"A strong portion of the jetstream overshot northern and eastern NM through Sunday, March 15th. Pre-frontal vertical mixing allowed for these stronger winds aloft to mix down to the surface across much of the northern mountains of NM as early as just prior to midnight March 14th into the predawn and early morning hours of March 15th. Further high winds followed the backdoor and Pacific portions of a surface cold front during the late morning and early afternoon across central and eastern NM. Wind gusts of 55 to 65 mph were common with a peak gust of 81 mph being recorded at the Raton Airport. While there was some blowing dust, visibility only fell to 5 to 7 miles in a few areas to include the Albuquerque metro area. Winds began to taper off in the mid-to-late afternoon as the strong portion of the jetstream exited into TX and the surface cold fronts advanced to southern NM.",A public weather station at the Hartley Ranch near Roy measured a peak wind gust of 58 mph.,CSV
202603,15,914,202603,15,1409,210129,1310483,NEW MEXICO,35,2026,March,High Wind,Z,223,CENTRAL HIGHLANDS,ABQ,15-MAR-26 09:14:00,MST-7,15-MAR-26 14:09:00,0,0,0,0,0.00K,0.00K,Public,67.00,MG,,,,,,,,,,,,,,,,,,,,"A strong portion of the jetstream overshot northern and eastern NM through Sunday, March 15th. Pre-frontal vertical mixing allowed for these stronger winds aloft to mix down to the surface across much of the northern mountains of NM as early as just prior to midnight March 14th into the predawn and early morning hours of March 15th. Further high winds followed the backdoor and Pacific portions of a surface cold front during the late morning and early afternoon across central and eastern NM. Wind gusts of 55 to 65 mph were common with a peak gust of 81 mph being recorded at the Raton Airport. While there was some blowing dust, visibility only fell to 5 to 7 miles in a few areas to include the Albuquerque metro area. Winds began to taper off in the mid-to-late afternoon as the strong portion of the jetstream exited into TX and the surface cold fronts advanced to southern NM.",A public weather station north of Clines Corners along U.S. Highway 285 measured a 77 mph wind gust.,CSV
202603,15,805,202603,15,910,210129,1310494,NEW MEXICO,35,2026,March,High Wind,Z,233,GUADALUPE COUNTY,ABQ,15-MAR-26 08:05:00,MST-7,15-MAR-26 09:10:00,0,0,0,0,0.00K,0.00K,Mesonet,54.00,MG,,,,,,,,,,,,,,,,,,,,"A strong portion of the jetstream overshot northern and eastern NM through Sunday, March 15th. Pre-frontal vertical mixing allowed for these stronger winds aloft to mix down to the surface across much of the northern mountains of NM as early as just prior to midnight March 14th into the predawn and early morning hours of March 15th. Further high winds followed the backdoor and Pacific portions of a surface cold front during the late morning and early afternoon across central and eastern NM. Wind gusts of 55 to 65 mph were common with a peak gust of 81 mph being recorded at the Raton Airport. While there was some blowing dust, visibility only fell to 5 to 7 miles in a few areas to include the Albuquerque metro area. Winds began to taper off in the mid-to-late afternoon as the strong portion of the jetstream exited into TX and the surface cold fronts advanced to southern NM.",A mesonet station at the Thompson Cattle Ranch measured a peak gust of 62 mph. High sustained winds also reached 42 mph during this timeframe.,CSV
202603,15,830,202603,15,833,210129,1310495,NEW MEXICO,35,2026,March,High Wind,Z,234,QUAY COUNTY,ABQ,15-MAR-26 08:30:00,MST-7,15-MAR-26 08:33:00,0,0,0,0,0.00K,0.00K,Trained Spotter,50.00,EG,,,,,,,,,,,,,,,,,,,,"A strong portion of the jetstream overshot northern and eastern NM through Sunday, March 15th. Pre-frontal vertical mixing allowed for these stronger winds aloft to mix down to the surface across much of the northern mountains of NM as early as just prior to midnight March 14th into the predawn and early morning hours of March 15th. Further high winds followed the backdoor and Pacific portions of a surface cold front during the late morning and early afternoon across central and eastern NM. Wind gusts of 55 to 65 mph were common with a peak gust of 81 mph being recorded at the Raton Airport. While there was some blowing dust, visibility only fell to 5 to 7 miles in a few areas to include the Albuquerque metro area. Winds began to taper off in the mid-to-late afternoon as the strong portion of the jetstream exited into TX and the surface cold fronts advanced to southern NM.",A trained spotter in the southern portion of the county estimated a 58 mph wind gust.,CSV
202603,14,2300,202603,15,240,210129,1310488,NEW MEXICO,35,2026,March,High Wind,Z,228,FAR NORTHEAST HIGHLANDS,ABQ,14-MAR-26 23:00:00,MST-7,15-MAR-26 02:40:00,0,0,0,0,0.00K,0.00K,ASOS,70.00,MG,,,,,,,,,,,,,,,,,,,,"A strong portion of the jetstream overshot northern and eastern NM through Sunday, March 15th. Pre-frontal vertical mixing allowed for these stronger winds aloft to mix down to the surface across much of the northern mountains of NM as early as just prior to midnight March 14th into the predawn and early morning hours of March 15th. Further high winds followed the backdoor and Pacific portions of a surface cold front during the late morning and early afternoon across central and eastern NM. Wind gusts of 55 to 65 mph were common with a peak gust of 81 mph being recorded at the Raton Airport. While there was some blowing dust, visibility only fell to 5 to 7 miles in a few areas to include the Albuquerque metro area. Winds began to taper off in the mid-to-late afternoon as the strong portion of the jetstream exited into TX and the surface cold fronts advanced to southern NM.",The KRTN ASOS measured a peak gust of 81 mph. High sustained winds also reached 46 mph during this timeframe.,CSV
202603,30,1414,202603,30,1417,210634,1315048,NEW MEXICO,35,2026,March,High Wind,Z,28,EDDY COUNTY PLAINS,MAF,30-MAR-26 14:14:00,MST-7,30-MAR-26 14:17:00,0,0,0,0,,0.00K,Mesonet,52.00,MG,,,,,,,,,,,,,,,,,,,,"Virga in the vicinity of Carlsbad Caverns resulted in a couple of strong gusts, including a 60 mph wind gust.","The West Texas Mesonet station 164 Carlsbad Caverns NP briefly measured high wind gusts, likely associated with a downburst due to virga. The strongest gust reached 60 mph.",CSV
202603,24,1200,202603,31,2359,210981,1318076,NEW MEXICO,35,2026,March,Drought,Z,414,WEST SLOPES SACRAMENTO MOUNTAINS BELOW 7500 FEET,EPZ,24-MAR-26 12:00:00,MST-7,31-MAR-26 23:59:00,0,0,0,0,0.00K,0.00K,Drought Monitor,,,,,,,,,,,,,,,,,,,,,,"Precipitation across southern New Mexico was generally below normal, especially around the Sacramento Mountains, in March.  This lead to worsening drought conditions over northern Otero County where Severe(D2) drought conditions returned.","The zone started out in Abnormally Dry(D0) drought but on March 24th, the southern half of the zone was put in Moderate(D1) drought with the north in Severe(D2) drought. The Cooperative Observer in Mountain Park reported 0.19 inches of precipitation which was 0.69 inches below normal.",CSV
202603,15,730,202603,15,735,210129,1310489,NEW MEXICO,35,2026,March,High Wind,Z,229,NORTHEAST HIGHLANDS,ABQ,15-MAR-26 07:30:00,MST-7,15-MAR-26 07:35:00,0,0,0,0,0.00K,0.00K,ASOS,50.00,MG,,,,,,,,,,,,,,,,,,,,"A strong portion of the jetstream overshot northern and eastern NM through Sunday, March 15th. Pre-frontal vertical mixing allowed for these stronger winds aloft to mix down to the surface across much of the northern mountains of NM as early as just prior to midnight March 14th into the predawn and early morning hours of March 15th. Further high winds followed the backdoor and Pacific portions of a surface cold front during the late morning and early afternoon across central and eastern NM. Wind gusts of 55 to 65 mph were common with a peak gust of 81 mph being recorded at the Raton Airport. While there was some blowing dust, visibility only fell to 5 to 7 miles in a few areas to include the Albuquerque metro area. Winds began to taper off in the mid-to-late afternoon as the strong portion of the jetstream exited into TX and the surface cold fronts advanced to southern NM.",The KLVS ASOS measured a peak gust of 58 mph.,CSV
202603,15,745,202603,15,1318,210129,1310490,NEW MEXICO,35,2026,March,High Wind,Z,230,UNION COUNTY,ABQ,15-MAR-26 07:45:00,MST-7,15-MAR-26 13:18:00,0,0,0,0,0.00K,0.00K,Mesonet,58.00,MG,,,,,,,,,,,,,,,,,,,,"A strong portion of the jetstream overshot northern and eastern NM through Sunday, March 15th. Pre-frontal vertical mixing allowed for these stronger winds aloft to mix down to the surface across much of the northern mountains of NM as early as just prior to midnight March 14th into the predawn and early morning hours of March 15th. Further high winds followed the backdoor and Pacific portions of a surface cold front during the late morning and early afternoon across central and eastern NM. Wind gusts of 55 to 65 mph were common with a peak gust of 81 mph being recorded at the Raton Airport. While there was some blowing dust, visibility only fell to 5 to 7 miles in a few areas to include the Albuquerque metro area. Winds began to taper off in the mid-to-late afternoon as the strong portion of the jetstream exited into TX and the surface cold fronts advanced to southern NM.",The NMCC SW Clayton mesonet station measured a 67 mph wind gust. Several other mesonet stations and the KCAO ASOS measured wind gusts of 58 to 67 mph while high sustained winds reached 48 mph during this timeframe.,CSV
202603,15,945,202603,15,1225,210129,1310496,NEW MEXICO,35,2026,March,High Wind,Z,235,CURRY COUNTY,ABQ,15-MAR-26 09:45:00,MST-7,15-MAR-26 12:25:00,0,0,0,0,0.00K,0.00K,AWOS,37.00,MS,,,,,,,,,,,,,,,,,,,,"A strong portion of the jetstream overshot northern and eastern NM through Sunday, March 15th. Pre-frontal vertical mixing allowed for these stronger winds aloft to mix down to the surface across much of the northern mountains of NM as early as just prior to midnight March 14th into the predawn and early morning hours of March 15th. Further high winds followed the backdoor and Pacific portions of a surface cold front during the late morning and early afternoon across central and eastern NM. Wind gusts of 55 to 65 mph were common with a peak gust of 81 mph being recorded at the Raton Airport. While there was some blowing dust, visibility only fell to 5 to 7 miles in a few areas to include the Albuquerque metro area. Winds began to taper off in the mid-to-late afternoon as the strong portion of the jetstream exited into TX and the surface cold fronts advanced to southern NM.",The KCVN Airport measured high sustained winds of 40 to 43 mph.,CSV
202603,24,949,202603,25,1600,210601,1314692,NEW MEXICO,35,2026,March,Wildfire,Z,219,MIDDLE RIO GRANDE VALLEY/ALBUQUERQUE METRO AREA,ABQ,24-MAR-26 09:49:00,MST-7,25-MAR-26 16:00:00,0,0,0,0,0.00K,0.00K,Emergency Manager,,,,,,,,,,,,,,,,,,,,,,"The Unified Wildfire began in the morning of March 24th in the bosque area along the Rio Grande just southeast of Belen near the small town of Madrone, NM. Under modest southeasterly winds, the fire quickly grew to 100 acres and threatened homes and structures. Evacuations were ordered along Lagrima Road and Madrone Flyway by local emergency management as there were reports of some jumping of the fire over the river. The fire grew to 300 acres before coming under control.","The Emergency Manager reported the start of the Unified Fire within the bosque area of the Rio Grande just southeast of Belen near the town of Madrone, NM. The fire quickly grew out of control in very dry and receptive fuels in the area thanks to persistent by modest southeasterly winds. Evacuations were ordered along Lagrima Road and Madrone Flyway road. Winds lessened during the evening of March 24th into the morning of March 25th as the fire grew to 300 total acres. The fire came under control March 25th with mop-up activities continuing a few days afterward. No damage to any structures, injuries, or fatalities were reported from this fire.",CSV
202603,1,0,202603,31,2359,210876,1316984,NEW MEXICO,35,2026,March,Drought,Z,201,NORTHWEST PLATEAU,ABQ,01-MAR-26 00:00:00,MST-7,31-MAR-26 23:59:00,0,0,0,0,0.00K,0.00K,Drought Monitor,,,,,,,,,,,,,,,,,,,,,,"The month of March saw abysmally dry conditions alongside record heat stretch across much of the Desert Southwest, including New Mexico. Albuquerque in particular saw a record high average monthly temperature, roughly 6 degrees warmer than any other month on record. The record warmth and record low snow pack limiting snow melt and lack of precipitation otherwise allowed for a degradation of drought conditions across the state. Severe drought (D2) was introduced back to a significant segment of northeastern NM, and spreading further across northwestern and west-central NM. Extreme drought (D3) also spread across a portion of the Northwest Plateau and highlands area.",Extreme drought spread across the entire southern half of the zone.,CSV
202603,24,1200,202603,31,2359,210981,1318077,NEW MEXICO,35,2026,March,Drought,Z,415,SACRAMENTO MOUNTAINS ABOVE 7500 FEET,EPZ,24-MAR-26 12:00:00,MST-7,31-MAR-26 23:59:00,0,0,0,0,0.00K,0.00K,Drought Monitor,,,,,,,,,,,,,,,,,,,,,,"Precipitation across southern New Mexico was generally below normal, especially around the Sacramento Mountains, in March.  This lead to worsening drought conditions over northern Otero County where Severe(D2) drought conditions returned.",The zone went from Abnormally Dry(D0) drought to Severe(D2) drought over the north and Moderate(D1) drought south on March 24th.  The Cloudcroft Cooperative Observer reported 0.11 inches of precipitation which was 1.34 inches below normal.,CSV
202603,24,1200,202603,31,2359,210981,1318078,NEW MEXICO,35,2026,March,Drought,Z,416,EAST SLOPES SACRAMENTO MOUNTAINS BELOW 7500 FEET,EPZ,24-MAR-26 12:00:00,MST-7,31-MAR-26 23:59:00,0,0,0,0,0.00K,0.00K,Drought Monitor,,,,,,,,,,,,,,,,,,,,,,"Precipitation across southern New Mexico was generally below normal, especially around the Sacramento Mountains, in March.  This lead to worsening drought conditions over northern Otero County where Severe(D2) drought conditions returned.","The zone started out March in Abnormally Dry(D0) drought but by March 24th, the northern half of the zone was in Severe(D2) drought and the south in Moderate(D1) drought. No precipitation was reported at Elk which normally has 0.51 inches of precipitation in March.",CSV
202603,24,1200,202603,31,2359,210981,1318079,NEW MEXICO,35,2026,March,Drought,Z,427,WEST CENTRAL TULAROSA BASIN/WHITE SANDS,EPZ,24-MAR-26 12:00:00,MST-7,31-MAR-26 23:59:00,0,0,0,0,0.00K,0.00K,Drought Monitor,,,,,,,,,,,,,,,,,,,,,,"Precipitation across southern New Mexico was generally below normal, especially around the Sacramento Mountains, in March.  This lead to worsening drought conditions over northern Otero County where Severe(D2) drought conditions returned.",The zone went from having Moderate(D1) drought north and Abnormally Dry(D0) drought south to having Severe(D2) drought far north with Moderate(D1) elsewhere. Only a trace of precipitation was reported by the White Sands National Park Cooperative Observer site.  This was 0.38 inches below normal.,CSV
202603,1,0,202603,31,2359,210876,1316985,NEW MEXICO,35,2026,March,Drought,Z,202,CHUSKA MOUNTAINS,ABQ,01-MAR-26 00:00:00,MST-7,31-MAR-26 23:59:00,0,0,0,0,0.00K,0.00K,Drought Monitor,,,,,,,,,,,,,,,,,,,,,,"The month of March saw abysmally dry conditions alongside record heat stretch across much of the Desert Southwest, including New Mexico. Albuquerque in particular saw a record high average monthly temperature, roughly 6 degrees warmer than any other month on record. The record warmth and record low snow pack limiting snow melt and lack of precipitation otherwise allowed for a degradation of drought conditions across the state. Severe drought (D2) was introduced back to a significant segment of northeastern NM, and spreading further across northwestern and west-central NM. Extreme drought (D3) also spread across a portion of the Northwest Plateau and highlands area.",Extreme drought was introduced to the eastern half of the zone.,CSV
202603,1,0,202603,31,2359,210876,1316989,NEW MEXICO,35,2026,March,Drought,Z,228,FAR NORTHEAST HIGHLANDS,ABQ,01-MAR-26 00:00:00,MST-7,31-MAR-26 23:59:00,0,0,0,0,0.00K,0.00K,Drought Monitor,,,,,,,,,,,,,,,,,,,,,,"The month of March saw abysmally dry conditions alongside record heat stretch across much of the Desert Southwest, including New Mexico. Albuquerque in particular saw a record high average monthly temperature, roughly 6 degrees warmer than any other month on record. The record warmth and record low snow pack limiting snow melt and lack of precipitation otherwise allowed for a degradation of drought conditions across the state. Severe drought (D2) was introduced back to a significant segment of northeastern NM, and spreading further across northwestern and west-central NM. Extreme drought (D3) also spread across a portion of the Northwest Plateau and highlands area.",Severe drought was introduced to the northern half of the zone.,CSV
202603,1,0,202603,31,2359,210876,1316990,NEW MEXICO,35,2026,March,Drought,Z,230,UNION COUNTY,ABQ,01-MAR-26 00:00:00,MST-7,31-MAR-26 23:59:00,0,0,0,0,0.00K,0.00K,Drought Monitor,,,,,,,,,,,,,,,,,,,,,,"The month of March saw abysmally dry conditions alongside record heat stretch across much of the Desert Southwest, including New Mexico. Albuquerque in particular saw a record high average monthly temperature, roughly 6 degrees warmer than any other month on record. The record warmth and record low snow pack limiting snow melt and lack of precipitation otherwise allowed for a degradation of drought conditions across the state. Severe drought (D2) was introduced back to a significant segment of northeastern NM, and spreading further across northwestern and west-central NM. Extreme drought (D3) also spread across a portion of the Northwest Plateau and highlands area.",Severe drought was introduced to all of the zone.,CSV
202603,1,0,202603,31,2359,210876,1316992,NEW MEXICO,35,2026,March,Drought,Z,234,QUAY COUNTY,ABQ,01-MAR-26 00:00:00,MST-7,31-MAR-26 23:59:00,0,0,0,0,0.00K,0.00K,Drought Monitor,,,,,,,,,,,,,,,,,,,,,,"The month of March saw abysmally dry conditions alongside record heat stretch across much of the Desert Southwest, including New Mexico. Albuquerque in particular saw a record high average monthly temperature, roughly 6 degrees warmer than any other month on record. The record warmth and record low snow pack limiting snow melt and lack of precipitation otherwise allowed for a degradation of drought conditions across the state. Severe drought (D2) was introduced back to a significant segment of northeastern NM, and spreading further across northwestern and west-central NM. Extreme drought (D3) also spread across a portion of the Northwest Plateau and highlands area.",Severe drought was introduced to northern two-thirds of the zone.,CSV
202603,1,0,202603,31,2359,210876,1316993,NEW MEXICO,35,2026,March,Drought,Z,239,EASTERN LINCOLN COUNTY,ABQ,01-MAR-26 00:00:00,MST-7,31-MAR-26 23:59:00,0,0,0,0,0.00K,0.00K,Drought Monitor,,,,,,,,,,,,,,,,,,,,,,"The month of March saw abysmally dry conditions alongside record heat stretch across much of the Desert Southwest, including New Mexico. Albuquerque in particular saw a record high average monthly temperature, roughly 6 degrees warmer than any other month on record. The record warmth and record low snow pack limiting snow melt and lack of precipitation otherwise allowed for a degradation of drought conditions across the state. Severe drought (D2) was introduced back to a significant segment of northeastern NM, and spreading further across northwestern and west-central NM. Extreme drought (D3) also spread across a portion of the Northwest Plateau and highlands area.",Severe drought was introduced to southern third of the zone.,CSV
202603,15,715,202603,15,1008,210129,1310479,NEW MEXICO,35,2026,March,High Wind,Z,211,JEMEZ MOUNTAINS,ABQ,15-MAR-26 07:15:00,MST-7,15-MAR-26 10:08:00,0,0,0,0,0.00K,0.00K,Mesonet,59.00,MG,,,,,,,,,,,,,,,,,,,,"A strong portion of the jetstream overshot northern and eastern NM through Sunday, March 15th. Pre-frontal vertical mixing allowed for these stronger winds aloft to mix down to the surface across much of the northern mountains of NM as early as just prior to midnight March 14th into the predawn and early morning hours of March 15th. Further high winds followed the backdoor and Pacific portions of a surface cold front during the late morning and early afternoon across central and eastern NM. Wind gusts of 55 to 65 mph were common with a peak gust of 81 mph being recorded at the Raton Airport. While there was some blowing dust, visibility only fell to 5 to 7 miles in a few areas to include the Albuquerque metro area. Winds began to taper off in the mid-to-late afternoon as the strong portion of the jetstream exited into TX and the surface cold fronts advanced to southern NM.","The LANL5 mesonet station saw a 68 mph wind gust, while several other LANL stations and the KLAM AWOS saw gusts of 58 to 64 mph.",CSV
202603,15,700,202603,15,705,210129,1310481,NEW MEXICO,35,2026,March,High Wind,Z,213,NORTHERN SANGRE DE CRISTO MOUNTAINS,ABQ,15-MAR-26 07:00:00,MST-7,15-MAR-26 07:05:00,0,0,0,0,0.00K,0.00K,Public,50.00,MG,,,,,,,,,,,,,,,,,,,,"A strong portion of the jetstream overshot northern and eastern NM through Sunday, March 15th. Pre-frontal vertical mixing allowed for these stronger winds aloft to mix down to the surface across much of the northern mountains of NM as early as just prior to midnight March 14th into the predawn and early morning hours of March 15th. Further high winds followed the backdoor and Pacific portions of a surface cold front during the late morning and early afternoon across central and eastern NM. Wind gusts of 55 to 65 mph were common with a peak gust of 81 mph being recorded at the Raton Airport. While there was some blowing dust, visibility only fell to 5 to 7 miles in a few areas to include the Albuquerque metro area. Winds began to taper off in the mid-to-late afternoon as the strong portion of the jetstream exited into TX and the surface cold fronts advanced to southern NM.",The Highline Ridge station within Taos Ski Valley recorded a 58 mph wind gust.,CSV
202603,15,629,202603,15,1445,210129,1310482,NEW MEXICO,35,2026,March,High Wind,Z,221,SANDIA/MANZANO MOUNTAINS INCLUDING EDGEWOOD,ABQ,15-MAR-26 06:29:00,MST-7,15-MAR-26 14:45:00,0,0,0,0,0.00K,0.00K,Public,54.00,MG,,,,,,,,,,,,,,,,,,,,"A strong portion of the jetstream overshot northern and eastern NM through Sunday, March 15th. Pre-frontal vertical mixing allowed for these stronger winds aloft to mix down to the surface across much of the northern mountains of NM as early as just prior to midnight March 14th into the predawn and early morning hours of March 15th. Further high winds followed the backdoor and Pacific portions of a surface cold front during the late morning and early afternoon across central and eastern NM. Wind gusts of 55 to 65 mph were common with a peak gust of 81 mph being recorded at the Raton Airport. While there was some blowing dust, visibility only fell to 5 to 7 miles in a few areas to include the Albuquerque metro area. Winds began to taper off in the mid-to-late afternoon as the strong portion of the jetstream exited into TX and the surface cold fronts advanced to southern NM.",A public weather station north of Sandia Park measured a 62 mph wind gust.,CSV
202603,3,1510,202603,5,1700,209964,1309579,NEW MEXICO,35,2026,March,Wildfire,Z,228,FAR NORTHEAST HIGHLANDS,ABQ,03-MAR-26 15:10:00,MST-7,05-MAR-26 17:00:00,0,0,0,0,0.00K,0.00K,Fire Department/Rescue,,,,,,,,,,,,,,,,,,,,,,"Critical fire weather conditions due to strong westerly winds and very low humidity were present over the northeastern highlands of NM allowing for the Helen Wildfire to quickly grow to over 1,000 acres. The fire was reported in Mora County on private land just west of Wagon Mound, NM and west of I-25. NM 120 was temporarily closed to allow firefighters safe access to the incident. There have been no reports of damage, fatalities, or injuries.","The Helen Wildfire ignited during the afternoon of March 3rd, quickly growing to over 1,000 acres on private land in Mora County west of Wagon Mound, NM. While NM 120 was temporarily closed to allow firefighters access to the wildfire, there were no other reports of damage, fatalities, or injuries. The fire reached a final size of 1,180 acres by March 5th before activity subsided.",CSV
202603,11,607,202603,11,841,210098,1310322,NEW MEXICO,35,2026,March,High Wind,Z,28,EDDY COUNTY PLAINS,MAF,11-MAR-26 06:07:00,MST-7,11-MAR-26 08:41:00,0,0,0,0,,0.00K,Mesonet,51.00,MG,,,,,,,,,,,,,,,,,,,,"An incoming front during the morning of the 11th yielded a brief period of high winds at the Gail Mesonet station, as well as the Carlsbad Caverns NP Mesonet station.","The West Texas Mesonet station at Carlsbad Caverns NP measured a period of high wind gusts, including gusts up to 59 mph.",CSV
202603,24,2359,202603,31,2359,210981,1318080,NEW MEXICO,35,2026,March,Drought,Z,428,EAST CENTRAL TULAROSA BASIN/ALAMOGORDO,EPZ,24-MAR-26 23:59:00,MST-7,31-MAR-26 23:59:00,0,0,0,0,0.00K,0.00K,Drought Monitor,,,,,,,,,,,,,,,,,,,,,,"Precipitation across southern New Mexico was generally below normal, especially around the Sacramento Mountains, in March.  This lead to worsening drought conditions over northern Otero County where Severe(D2) drought conditions returned.","The western half of the zone started out in Moderate(D1) drought while the eastern half was in Abnormally Dry(D0) drought.  On March 24th, the northern half of the zone was in Severe(D2) drought while the south was in Moderate(D1) drought.",CSV
202603,27,600,202603,27,1400,211212,1319685,NEW MEXICO,35,2026,March,High Wind,Z,417,OTERO MESA,EPZ,27-MAR-26 06:00:00,MST-7,27-MAR-26 14:00:00,0,0,0,0,0.00K,0.00K,RAWS,56.00,MG,,,,,,,,,,,,,,,,,,,,A strong surface high was building into the northern and central Rockies.  This high pushed a back door cold front into southern New Mexico with wind gusts on the back side of it reaching 65 mph.,The McGregor Range RAWS recorded a peak gust of 65 mph.,CSV
202603,27,700,202603,27,1000,211212,1319686,NEW MEXICO,35,2026,March,High Wind,Z,414,WEST SLOPES SACRAMENTO MOUNTAINS BELOW 7500 FEET,EPZ,27-MAR-26 07:00:00,MST-7,27-MAR-26 10:00:00,0,0,0,0,0.00K,0.00K,Mesonet,54.00,MG,,,,,,,,,,,,,,,,,,,,A strong surface high was building into the northern and central Rockies.  This high pushed a back door cold front into southern New Mexico with wind gusts on the back side of it reaching 65 mph.,The High Rolls Mesonet station recorded a peak gust of 62 mph.,CSV
202603,27,700,202603,27,900,211212,1319687,NEW MEXICO,35,2026,March,High Wind,Z,409,SIERRA COUNTY LAKES,EPZ,27-MAR-26 07:00:00,MST-7,27-MAR-26 09:00:00,0,0,0,0,0.00K,0.00K,ASOS,51.00,MG,,,,,,,,,,,,,,,,,,,,A strong surface high was building into the northern and central Rockies.  This high pushed a back door cold front into southern New Mexico with wind gusts on the back side of it reaching 65 mph.,The Truth or Consequences Airport recorded a peak gust of 59 mph.,CSV
202603,1,0,202603,31,2359,210876,1316986,NEW MEXICO,35,2026,March,Drought,Z,204,NORTHWEST HIGHLANDS,ABQ,01-MAR-26 00:00:00,MST-7,31-MAR-26 23:59:00,0,0,0,0,0.00K,0.00K,Drought Monitor,,,,,,,,,,,,,,,,,,,,,,"The month of March saw abysmally dry conditions alongside record heat stretch across much of the Desert Southwest, including New Mexico. Albuquerque in particular saw a record high average monthly temperature, roughly 6 degrees warmer than any other month on record. The record warmth and record low snow pack limiting snow melt and lack of precipitation otherwise allowed for a degradation of drought conditions across the state. Severe drought (D2) was introduced back to a significant segment of northeastern NM, and spreading further across northwestern and west-central NM. Extreme drought (D3) also spread across a portion of the Northwest Plateau and highlands area.",Extreme drought remained persistent over the far northwestern portion of the zone.,CSV
202603,1,0,202603,31,2359,210876,1316987,NEW MEXICO,35,2026,March,Drought,Z,208,SOUTHWEST MOUNTAINS,ABQ,01-MAR-26 00:00:00,MST-7,31-MAR-26 23:59:00,0,0,0,0,0.00K,0.00K,Drought Monitor,,,,,,,,,,,,,,,,,,,,,,"The month of March saw abysmally dry conditions alongside record heat stretch across much of the Desert Southwest, including New Mexico. Albuquerque in particular saw a record high average monthly temperature, roughly 6 degrees warmer than any other month on record. The record warmth and record low snow pack limiting snow melt and lack of precipitation otherwise allowed for a degradation of drought conditions across the state. Severe drought (D2) was introduced back to a significant segment of northeastern NM, and spreading further across northwestern and west-central NM. Extreme drought (D3) also spread across a portion of the Northwest Plateau and highlands area.",Extreme drought remained persistent over the northwest and north central portion of the zone.,CSV
202603,1,0,202603,31,2359,210876,1316994,NEW MEXICO,35,2026,March,Drought,Z,240,SOUTHWEST CHAVES COUNTY,ABQ,01-MAR-26 00:00:00,MST-7,31-MAR-26 23:59:00,0,0,0,0,0.00K,0.00K,Drought Monitor,,,,,,,,,,,,,,,,,,,,,,"The month of March saw abysmally dry conditions alongside record heat stretch across much of the Desert Southwest, including New Mexico. Albuquerque in particular saw a record high average monthly temperature, roughly 6 degrees warmer than any other month on record. The record warmth and record low snow pack limiting snow melt and lack of precipitation otherwise allowed for a degradation of drought conditions across the state. Severe drought (D2) was introduced back to a significant segment of northeastern NM, and spreading further across northwestern and west-central NM. Extreme drought (D3) also spread across a portion of the Northwest Plateau and highlands area.",Severe drought was introduced to northwestern portion of the zone.,CSV
202603,14,2222,202603,15,555,210238,1311364,NEW MEXICO,35,2026,March,High Wind,Z,28,EDDY COUNTY PLAINS,MAF,14-MAR-26 22:22:00,MST-7,15-MAR-26 05:55:00,0,0,0,0,,0.00K,Mesonet,57.00,MG,,,,,,,,,,,,,,,,,,,,"An upper-level trough moved across the Plains during the morning of the 15th. West Texas and southeast New Mexico ended up on the southern end of the trough close to the attendant jet. As a result, high winds were recorded in/around the Guadalupe Mountains in the early morning hours. Later in the morning and into the afternoon, a front pushed through the area. This yielded a brief period of high wind gusts at KMAF. Downsloping winds also yielded high winds at the Toyavale Mesonet site.","The West Texas Mesonet station 164 Carlsbad Caverns NP measured a period of intermittent high winds, including a gust of 66 mph.",CSV
202603,27,240,202603,27,340,210609,1314763,NEW MEXICO,35,2026,March,High Wind,Z,28,EDDY COUNTY PLAINS,MAF,27-MAR-26 02:40:00,MST-7,27-MAR-26 03:40:00,0,0,0,0,,0.00K,Mesonet,50.00,MG,,,,,,,,,,,,,,,,,,,,"A strong front moved across the area during the early morning hours of the 27th. This yielded a period of high winds at Carlsbad Caverns, along with brief high winds elsewhere in Eddy County.",The Mesonet/RAWS station CPPN5 measured a 58 mph wind gust. The total time of occurrence is partially estimated.,CSV
202603,27,208,202603,27,1323,210609,1314765,NEW MEXICO,35,2026,March,High Wind,Z,28,EDDY COUNTY PLAINS,MAF,27-MAR-26 02:08:00,MST-7,27-MAR-26 13:23:00,0,0,0,0,,0.00K,Mesonet,63.00,MG,,,,,,,,,,,,,,,,,,,,"A strong front moved across the area during the early morning hours of the 27th. This yielded a period of high winds at Carlsbad Caverns, along with brief high winds elsewhere in Eddy County.","The West Texas Mesonet station 164 Carlsbad Caverns NP measured numerous high winds gusts and sustained winds over 40 mph, including a 72 mph wind gust.",CSV
202603,1,0,202603,31,2359,210876,1316988,NEW MEXICO,35,2026,March,Drought,Z,222,ESTANCIA VALLEY,ABQ,01-MAR-26 00:00:00,MST-7,31-MAR-26 23:59:00,0,0,0,0,0.00K,0.00K,Drought Monitor,,,,,,,,,,,,,,,,,,,,,,"The month of March saw abysmally dry conditions alongside record heat stretch across much of the Desert Southwest, including New Mexico. Albuquerque in particular saw a record high average monthly temperature, roughly 6 degrees warmer than any other month on record. The record warmth and record low snow pack limiting snow melt and lack of precipitation otherwise allowed for a degradation of drought conditions across the state. Severe drought (D2) was introduced back to a significant segment of northeastern NM, and spreading further across northwestern and west-central NM. Extreme drought (D3) also spread across a portion of the Northwest Plateau and highlands area.",Severe drought was introduced to the western third of the zone.,CSV
202601,1,0,202601,31,2359,209524,1306106,NEW MEXICO,35,2026,January,Drought,Z,411,SOUTHERN DONA ANA COUNTY/MESILLA VALLEY,EPZ,01-JAN-26 00:00:00,MST-7,31-JAN-26 23:59:00,0,0,0,0,0.00K,0.00K,Drought Monitor,,,,,,,,,,,,,,,,,,,,,,"One category improvements were noted in drought severity in areas that had previously been in Extreme(D3) or even some Severe(D2) drought.  By the end of the month, there were no areas in southern New Mexico in Extreme(D3) drought or worse.",Severe(D2) drought conditions continued through the month of January.  The Cooperative Observer at New Mexico State University reported 1.70 inches of precipitation which was 1.22 inches above normal.,CSV
202601,1,0,202601,31,2359,209524,1306108,NEW MEXICO,35,2026,January,Drought,Z,425,CENTRAL GRANT COUNTY/SILVER CITY AREA,EPZ,01-JAN-26 00:00:00,MST-7,31-JAN-26 23:59:00,0,0,0,0,0.00K,0.00K,Drought Monitor,,,,,,,,,,,,,,,,,,,,,,"One category improvements were noted in drought severity in areas that had previously been in Extreme(D3) or even some Severe(D2) drought.  By the end of the month, there were no areas in southern New Mexico in Extreme(D3) drought or worse.",Severe(D2) drought remained in place through January.  The Cooperative Observer in White Signal reported exactly 2 inches of precipitation which was 0.90 inches above normal.,CSV
202601,1,0,202601,31,2359,209524,1306109,NEW MEXICO,35,2026,January,Drought,Z,426,SOUTHERN GILA REGION HIGHLANDS/BLACK RANGE,EPZ,01-JAN-26 00:00:00,MST-7,31-JAN-26 23:59:00,0,0,0,0,0.00K,0.00K,Drought Monitor,,,,,,,,,,,,,,,,,,,,,,"One category improvements were noted in drought severity in areas that had previously been in Extreme(D3) or even some Severe(D2) drought.  By the end of the month, there were no areas in southern New Mexico in Extreme(D3) drought or worse.","The western half of the zone started the month in Extreme(D3) drought with the east in Severe(D2) drought.  By the end of the month, the entire zone was in Severe(D2) drought.",CSV
202601,1,0,202601,31,2359,209255,1304003,NEW MEXICO,35,2026,January,Drought,Z,240,SOUTHWEST CHAVES COUNTY,ABQ,01-JAN-26 00:00:00,MST-7,31-JAN-26 23:59:00,0,0,0,0,0.00K,0.00K,Drought Monitor,,,,,,,,,,,,,,,,,,,,,,"January 2026 was generally a mild and wet month for most of northern and central New Mexico. There were two active periods during the month, with the first being from January 7th to 9th and the other from January 23rd to 25th. This resulted in well above average precipitation across southern and central areas and near to slightly above average precipitation across east central and northern areas. Temperatures for the month were well above average across western and central areas and well below normal across the southeast plains. The well below normal temperatures across the southeast plains were due to a potent arctic like airmass impacting eastern NM during the 2nd aforementioned active period with the cold temperatures continuing through the end of the month due to extended periods of low clouds and freezing fog over the lingering snowpack. The wetter than average conditions for the month resulted in the removal of extreme drought across the San Francisco River Valley and removal of severe drought across almost all of southern Chaves County.",Severe drought was removed from the zone.,CSV
202601,1,0,202601,31,2359,209255,1309568,NEW MEXICO,35,2026,January,Drought,Z,204,NORTHWEST HIGHLANDS,ABQ,01-JAN-26 00:00:00,MST-7,31-JAN-26 23:59:00,0,0,0,0,,,Drought Monitor,,,,,,,,,,,,,,,,,,,,,,"January 2026 was generally a mild and wet month for most of northern and central New Mexico. There were two active periods during the month, with the first being from January 7th to 9th and the other from January 23rd to 25th. This resulted in well above average precipitation across southern and central areas and near to slightly above average precipitation across east central and northern areas. Temperatures for the month were well above average across western and central areas and well below normal across the southeast plains. The well below normal temperatures across the southeast plains were due to a potent arctic like airmass impacting eastern NM during the 2nd aforementioned active period with the cold temperatures continuing through the end of the month due to extended periods of low clouds and freezing fog over the lingering snowpack. The wetter than average conditions for the month resulted in the removal of extreme drought across the San Francisco River Valley and removal of severe drought across almost all of southern Chaves County.",Extreme drought remained persistent over the far northwestern portion of the zone.,CSV
202601,1,0,202601,31,2359,209524,1306092,NEW MEXICO,35,2026,January,Drought,Z,403,SOUTHERN GILA FOOTHILLS/MIMBRES VALLEY,EPZ,01-JAN-26 00:00:00,MST-7,31-JAN-26 23:59:00,0,0,0,0,0.00K,0.00K,Drought Monitor,,,,,,,,,,,,,,,,,,,,,,"One category improvements were noted in drought severity in areas that had previously been in Extreme(D3) or even some Severe(D2) drought.  By the end of the month, there were no areas in southern New Mexico in Extreme(D3) drought or worse.",The entire zone remained in Severe(D2) drought throughout the month of January.,CSV
202601,1,0,202601,31,2359,209524,1306093,NEW MEXICO,35,2026,January,Drought,Z,404,SOUTHWEST DESERT/LOWER GILA RIVER VALLEY,EPZ,01-JAN-26 00:00:00,MST-7,31-JAN-26 23:59:00,0,0,0,0,0.00K,0.00K,Drought Monitor,,,,,,,,,,,,,,,,,,,,,,"One category improvements were noted in drought severity in areas that had previously been in Extreme(D3) or even some Severe(D2) drought.  By the end of the month, there were no areas in southern New Mexico in Extreme(D3) drought or worse.","The western half of the zone started out January in Extreme(D3) drought while the east was in Severe(D2) drought.  By the end of the month, most of the zone was in Severe(D2) drought except the far west where it was placed in Moderate(D1) drought. The Cooperative Observer in Redrock reported 1.69 inches of precipitation which was 0.70 inches above normal.",CSV
202601,1,0,202601,31,2359,209524,1306110,NEW MEXICO,35,2026,January,Drought,Z,427,WEST CENTRAL TULAROSA BASIN/WHITE SANDS,EPZ,01-JAN-26 00:00:00,MST-7,31-JAN-26 23:59:00,0,0,0,0,0.00K,0.00K,Drought Monitor,,,,,,,,,,,,,,,,,,,,,,"One category improvements were noted in drought severity in areas that had previously been in Extreme(D3) or even some Severe(D2) drought.  By the end of the month, there were no areas in southern New Mexico in Extreme(D3) drought or worse.",The western half of the zone remained in Severe(D2) drought while the east remained in Moderate(D1) drought.,CSV
202601,1,0,202601,31,2359,209524,1306111,NEW MEXICO,35,2026,January,Drought,Z,428,EAST CENTRAL TULAROSA BASIN/ALAMOGORDO,EPZ,01-JAN-26 00:00:00,MST-7,31-JAN-26 23:59:00,0,0,0,0,0.00K,0.00K,Drought Monitor,,,,,,,,,,,,,,,,,,,,,,"One category improvements were noted in drought severity in areas that had previously been in Extreme(D3) or even some Severe(D2) drought.  By the end of the month, there were no areas in southern New Mexico in Extreme(D3) drought or worse.",Severe(D2) drought continued over the western half of the zone while the east remained in Moderate(D1) drought.,CSV
202601,2,1145,202601,2,1630,208517,1298928,NEW MEXICO,35,2026,January,High Wind,Z,233,GUADALUPE COUNTY,ABQ,02-JAN-26 11:45:00,MST-7,02-JAN-26 16:30:00,0,0,0,0,0.00K,0.00K,Mesonet,58.00,MG,,,,,,,,,,,,,,,,,,,,"High winds associated with a weakening upper level system crossed New Mexico through the day January 2nd, 2026. Subsidence behind the front combined with some terrain interaction helped bring these winds to the surface to a few isolated locations of central NM, particularly western Guadalupe County. Peak winds surpassed 67 mph at a ZiaMet location along U.S. Highway 285 southeast of Vaughn. No damage was reported.","The mesonet station southeast of Vaughn recorded a gust that surpassed the instrumentation rating of 67 mph, while sustained winds regularly surpassed 40 mph. The Thompson Cattle Ranch mesonet station also measured a wind gust of 58 mph.",CSV
202602,17,1005,202602,17,1007,209583,1306447,NEW MEXICO,35,2026,February,High Wind,Z,231,HARDING COUNTY,ABQ,17-FEB-26 10:05:00,MST-7,17-FEB-26 10:07:00,0,0,0,0,,,RAWS,50.00,MG,,,,,,,,,,,,,,,,,,,,"A deep upper level storm moved into the western U.S. early on February 17th with a lead disturbance moving over the Four Corners and Intermountain West. Strong mid and upper level winds at the base of this shortwave moved over New Mexico during this time. The Pacific cold front associated with this disturbance moved across the state during the morning hours of the day resulting in brief high wind gusts at several sites along and west of the central mountain chain coinciding with a period of rain and snow west of the Rio Grande Valley and the north central mountains. A peak gust of 84 mph was measured at Kachina Peak within the Taos Ski Valley, while two reports of downed trees with one knocking out a power line came in from Ruidoso. Subsidence behind the cold front allowed stronger winds aloft to translate down the surface resulting in an extended period of high winds along and east of the central mountain chain. High winds tapered off during the late afternoon and evening hours.",The RAWS station at Mills Canyon measured a brief high wind gust of 58 mph.,CSV
202602,17,1044,202602,17,1134,209583,1306449,NEW MEXICO,35,2026,February,High Wind,Z,232,EASTERN SAN MIGUEL COUNTY,ABQ,17-FEB-26 10:44:00,MST-7,17-FEB-26 11:34:00,0,0,0,0,,,Public,56.00,MG,,,,,,,,,,,,,,,,,,,,"A deep upper level storm moved into the western U.S. early on February 17th with a lead disturbance moving over the Four Corners and Intermountain West. Strong mid and upper level winds at the base of this shortwave moved over New Mexico during this time. The Pacific cold front associated with this disturbance moved across the state during the morning hours of the day resulting in brief high wind gusts at several sites along and west of the central mountain chain coinciding with a period of rain and snow west of the Rio Grande Valley and the north central mountains. A peak gust of 84 mph was measured at Kachina Peak within the Taos Ski Valley, while two reports of downed trees with one knocking out a power line came in from Ruidoso. Subsidence behind the cold front allowed stronger winds aloft to translate down the surface resulting in an extended period of high winds along and east of the central mountain chain. High winds tapered off during the late afternoon and evening hours.",A public weather station at Conchas Lake measured high wind gusts peaking at 65 mph.,CSV
202601,8,210,202601,8,444,208817,1300582,NEW MEXICO,35,2026,January,High Wind,Z,28,EDDY COUNTY PLAINS,MAF,08-JAN-26 02:10:00,MST-7,08-JAN-26 04:44:00,0,0,0,0,,0.00K,Mesonet,78.00,MG,,,,,,,,,,,,,,,,,,,,"During the morning of the 8th, a shortwave and upper-level jet max began to move over west Texas and southeast New Mexico while a surface cyclone strengthened over the Oklahoma Panhandle. As the jet max moved overhead, very strong to high winds developed in the higher terrain (namely the Guadalupe and Davis Mountains), as well as the surrounding foothills. Gusts up to 80-90 mph were observed in the Guadalupe Mountains and at Carlsbad Caverns National Park.","The West Texas Mesonet station 164 Carlsbad Caverns NP measured numerous high wind gusts, including a gust to 90 mph.",CSV
202601,8,253,202601,8,416,208817,1300583,NEW MEXICO,35,2026,January,High Wind,Z,28,EDDY COUNTY PLAINS,MAF,08-JAN-26 02:53:00,MST-7,08-JAN-26 04:16:00,0,0,0,0,,0.00K,ASOS,52.00,MG,,,,,,,,,,,,,,,,,,,,"During the morning of the 8th, a shortwave and upper-level jet max began to move over west Texas and southeast New Mexico while a surface cyclone strengthened over the Oklahoma Panhandle. As the jet max moved overhead, very strong to high winds developed in the higher terrain (namely the Guadalupe and Davis Mountains), as well as the surrounding foothills. Gusts up to 80-90 mph were observed in the Guadalupe Mountains and at Carlsbad Caverns National Park.","The ASOS station KCNM Carlsbad measured intermittent high wind gusts, including a 60 mph gust. The total time of occurrence is partially estimated.",CSV
202601,24,700,202601,25,900,210042,1310048,NEW MEXICO,35,2026,January,Winter Storm,Z,414,WEST SLOPES SACRAMENTO MOUNTAINS BELOW 7500 FEET,EPZ,24-JAN-26 07:00:00,MST-7,25-JAN-26 09:00:00,0,0,0,0,25.00K,0.00K,Law Enforcement,,,,,,,,,,,,,,,,,,,,,,A classic winter weather pattern setup across the region with an upper low moving through northwest Mexico while a back door cold front moved into Otero County. Southwest flow aloft ahead of the upper low kept some warm air aloft over the area and the Sacramento Mountains experienced a period of freezing rain before transitioning over to all snow.  This combination of winter weather types caused numerous power outages and over 2 feet of snow in the Cloudcroft area.,"Snow and ice caused widespread power outages. As of 10 AM MST on Jan 24th, approximately 5800 people were without power in Otero County, most in the Sacramento Mountains. The Otero County Electric COOP was still making repairs over 2 days later with reports of a lot of tree damage and broken poles due to ice loading.||Snowfall reports across the zone included 12 inches 1 mile south-southwest of Timberon and 10 to 13 inches 1 mile west-northwest of High Rolls.",CSV
202601,24,1200,202601,25,800,210042,1310049,NEW MEXICO,35,2026,January,Heavy Snow,Z,428,EAST CENTRAL TULAROSA BASIN/ALAMOGORDO,EPZ,24-JAN-26 12:00:00,MST-7,25-JAN-26 08:00:00,0,0,0,0,0.00K,0.00K,Other Federal Agency,,,,,,,,,,,,,,,,,,,,,,A classic winter weather pattern setup across the region with an upper low moving through northwest Mexico while a back door cold front moved into Otero County. Southwest flow aloft ahead of the upper low kept some warm air aloft over the area and the Sacramento Mountains experienced a period of freezing rain before transitioning over to all snow.  This combination of winter weather types caused numerous power outages and over 2 feet of snow in the Cloudcroft area.,"A meteorologist from Holloman AFB, reported 4 inches of snow in Alamogordo.  Other reports included 4 inches about 2 miles south of La Luz and 5.7 inches about 9 miles north of Alamogordo.",CSV
202601,5,1202,202601,5,1203,208548,1299121,NEW MEXICO,35,2026,January,High Wind,Z,223,CENTRAL HIGHLANDS,ABQ,05-JAN-26 12:02:00,MST-7,05-JAN-26 12:03:00,0,0,0,0,,,ASOS,50.00,MG,,,,,,,,,,,,,,,,,,,,"A shortwave trough moved east across the northern Rockies during the day. Strong mid and upper level winds over eastern New Mexico at the base of this trough along with deep daytime mixing resulted in brief high wind gusts at Bartley, Clines Corners, and the Tucumcari Airport. Winds tapered off during the mid evening hours as the disturbance exited east into the central United States.",The Clines Corners ASOS measured a brief high wind gust of 58 mph.,CSV
202601,8,1045,202601,8,1125,208637,1299776,NEW MEXICO,35,2026,January,High Wind,Z,233,GUADALUPE COUNTY,ABQ,08-JAN-26 10:45:00,MST-7,08-JAN-26 11:25:00,0,0,0,0,0.00K,0.00K,Mesonet,56.00,MG,,,,,,,,,,,,,,,,,,,,"A strong section of the jetstream between two upper level systems brought a brief period of high wind gusts to a portion of central NM January 8th. Peak gusts of 58 mph to 65 mph were measured by the New Mexico Ziamet station southeast of Vaughn, NM.","The Ziamet mesonet station southeast of Vaughn, NM in southwestern Guadalupe County measured high wind gusts of 58 mph and 65 mph.",CSV
202602,18,1135,202602,18,1615,209592,1306637,NEW MEXICO,35,2026,February,High Wind,Z,226,SOUTH CENTRAL MOUNTAINS,ABQ,18-FEB-26 11:35:00,MST-7,18-FEB-26 16:15:00,0,0,0,0,,,AWOS,57.00,MG,,,,,,,,,,,,,,,,,,,,"The second weather system in a series of storms across the western U.S. moved into the Four Corners area February 18th. This system brought light to moderate snow to the Tusas and northern Sangre de Cristo Mountains. However, the more significant hazard to the region was the strong to damaging wind gusts. Daytime mixing allowed stronger winds aloft to mix down to the surface resulting in high wind gusts across the highlands of far west central NM and eventually the central mountain chain and adjacent central highlands. A band of snow accompanying the Pacific cold front moved across western and north central NM during the evening hours of February 18th. Heading into the overnight hours February 18th into February 19th, strong to damaging wind gusts shifted to the Sangre de Cristo Mountains and adjacent northeast highlands as the shortwave moved across the southern Rockies. High winds across the eastern highlands tapered off slowly during the late morning hours as the shortwave exited northeast outside of a brief high wind gust east of Puerto de Luna in Guadalupe County.",The KSRR AWOS measured a peak wind gust of 66 mph along with peak high sustained winds of 48 mph.,CSV
202601,1,0,202601,31,2359,209255,1304004,NEW MEXICO,35,2026,January,Drought,Z,238,CHAVES COUNTY PLAINS,ABQ,01-JAN-26 00:00:00,MST-7,31-JAN-26 23:59:00,0,0,0,0,,,Drought Monitor,,,,,,,,,,,,,,,,,,,,,,"January 2026 was generally a mild and wet month for most of northern and central New Mexico. There were two active periods during the month, with the first being from January 7th to 9th and the other from January 23rd to 25th. This resulted in well above average precipitation across southern and central areas and near to slightly above average precipitation across east central and northern areas. Temperatures for the month were well above average across western and central areas and well below normal across the southeast plains. The well below normal temperatures across the southeast plains were due to a potent arctic like airmass impacting eastern NM during the 2nd aforementioned active period with the cold temperatures continuing through the end of the month due to extended periods of low clouds and freezing fog over the lingering snowpack. The wetter than average conditions for the month resulted in the removal of extreme drought across the San Francisco River Valley and removal of severe drought across almost all of southern Chaves County.",Severe drought was removed from nearly all of the zone.,CSV
202601,1,0,202601,31,2359,209255,1304002,NEW MEXICO,35,2026,January,Drought,Z,209,SAN FRANCISCO RIVER VALLEY,ABQ,01-JAN-26 00:00:00,MST-7,31-JAN-26 23:59:00,0,0,0,0,,,Drought Monitor,,,,,,,,,,,,,,,,,,,,,,"January 2026 was generally a mild and wet month for most of northern and central New Mexico. There were two active periods during the month, with the first being from January 7th to 9th and the other from January 23rd to 25th. This resulted in well above average precipitation across southern and central areas and near to slightly above average precipitation across east central and northern areas. Temperatures for the month were well above average across western and central areas and well below normal across the southeast plains. The well below normal temperatures across the southeast plains were due to a potent arctic like airmass impacting eastern NM during the 2nd aforementioned active period with the cold temperatures continuing through the end of the month due to extended periods of low clouds and freezing fog over the lingering snowpack. The wetter than average conditions for the month resulted in the removal of extreme drought across the San Francisco River Valley and removal of severe drought across almost all of southern Chaves County.",Extreme drought was removed from the zone.,CSV
202601,23,1600,202601,24,1200,208943,1301341,NEW MEXICO,35,2026,January,Heavy Snow,Z,211,JEMEZ MOUNTAINS,ABQ,23-JAN-26 16:00:00,MST-7,24-JAN-26 12:00:00,0,0,0,0,,,SNOTEL,,,,,,,,,,,,,,,,,,,,,,"A significant winter storm impacted northern and central NM from January 23rd through January 27th, with a combination of heavy snow, ice, and extreme cold impacts. A subtropical upper low beginning off the coast of the northern Baja Peninsula transported abundant moisture into the Desert Southwest and New Mexico in particular, much of it overriding an anomalously bitter cold and shallow Arctic airmass over eastern NM. This warmer moisture laden air overriding subfreezing surface temperatures set the stage for freezing rain and sleet for areas along the south-central highlands to the south-central mountains and southeastern plains of NM January 23rd through January 24th. Slick icy travel conditions were reported in these areas alongside ice and snow downing limbs and trees across the Ruidoso area burn scars. Power outages and road closures in the Ruidoso area lasted multiple days from January 24th to at least January 28th. While the entire event was snow for the northeastern plains and northern mountains, the transition from rain to snow through the middle Rio Grande Valley and an icy wintry mix to all snow through the aforementioned areas of ice did not occur until late January 25th when a trailing upper level system over the Four Corners area brought snow levels down to valley floors. The highest snow accumulations of 30 plus inches fell atop Sierra Blanca Peak just west of Ruidoso. A Village Disaster Declaration was made January 27th. General amounts of 2 to 8 inches of snow fell elsewhere across the northern mountains, highlands, and southeastern plains. Extreme cold settled into eastern NM behind the Arctic airmass where 72 to 96 hours of subfreezing temperatures lasted in many areas. Freezing fog limiting visibility in these areas were present during the first 48 hours of the event, with extreme cold wind chills falling below zero to negative 10 to 15 degrees below zero during the nights thereafter through the morning of January 27th. Conditions from ice and snow began improving January 26th while the extreme cold and wind chills persisted for the southeast plains particularly near Roswell through January 27th.",The Vacas Locas SNOTEL observed an estimated 10 inches of snowfall.,CSV
202601,23,1300,202601,24,1500,208943,1301342,NEW MEXICO,35,2026,January,Heavy Snow,Z,213,NORTHERN SANGRE DE CRISTO MOUNTAINS,ABQ,23-JAN-26 13:00:00,MST-7,24-JAN-26 15:00:00,0,0,0,0,,,Public,,,,,,,,,,,,,,,,,,,,,,"A significant winter storm impacted northern and central NM from January 23rd through January 27th, with a combination of heavy snow, ice, and extreme cold impacts. A subtropical upper low beginning off the coast of the northern Baja Peninsula transported abundant moisture into the Desert Southwest and New Mexico in particular, much of it overriding an anomalously bitter cold and shallow Arctic airmass over eastern NM. This warmer moisture laden air overriding subfreezing surface temperatures set the stage for freezing rain and sleet for areas along the south-central highlands to the south-central mountains and southeastern plains of NM January 23rd through January 24th. Slick icy travel conditions were reported in these areas alongside ice and snow downing limbs and trees across the Ruidoso area burn scars. Power outages and road closures in the Ruidoso area lasted multiple days from January 24th to at least January 28th. While the entire event was snow for the northeastern plains and northern mountains, the transition from rain to snow through the middle Rio Grande Valley and an icy wintry mix to all snow through the aforementioned areas of ice did not occur until late January 25th when a trailing upper level system over the Four Corners area brought snow levels down to valley floors. The highest snow accumulations of 30 plus inches fell atop Sierra Blanca Peak just west of Ruidoso. A Village Disaster Declaration was made January 27th. General amounts of 2 to 8 inches of snow fell elsewhere across the northern mountains, highlands, and southeastern plains. Extreme cold settled into eastern NM behind the Arctic airmass where 72 to 96 hours of subfreezing temperatures lasted in many areas. Freezing fog limiting visibility in these areas were present during the first 48 hours of the event, with extreme cold wind chills falling below zero to negative 10 to 15 degrees below zero during the nights thereafter through the morning of January 27th. Conditions from ice and snow began improving January 26th while the extreme cold and wind chills persisted for the southeast plains particularly near Roswell through January 27th.","Taos Ski Valley observed 13 inches of snowfall. Nearby, the Taos Powderhorn SNOTEL observed an estimated 10 inches of snowfall.",CSV
202601,24,0,202601,25,700,208943,1301344,NEW MEXICO,35,2026,January,Heavy Snow,Z,217,ESPANOLA VALLEY,ABQ,24-JAN-26 00:00:00,MST-7,25-JAN-26 07:00:00,0,0,0,0,,,CoCoRaHS,,,,,,,,,,,,,,,,,,,,,,"A significant winter storm impacted northern and central NM from January 23rd through January 27th, with a combination of heavy snow, ice, and extreme cold impacts. A subtropical upper low beginning off the coast of the northern Baja Peninsula transported abundant moisture into the Desert Southwest and New Mexico in particular, much of it overriding an anomalously bitter cold and shallow Arctic airmass over eastern NM. This warmer moisture laden air overriding subfreezing surface temperatures set the stage for freezing rain and sleet for areas along the south-central highlands to the south-central mountains and southeastern plains of NM January 23rd through January 24th. Slick icy travel conditions were reported in these areas alongside ice and snow downing limbs and trees across the Ruidoso area burn scars. Power outages and road closures in the Ruidoso area lasted multiple days from January 24th to at least January 28th. While the entire event was snow for the northeastern plains and northern mountains, the transition from rain to snow through the middle Rio Grande Valley and an icy wintry mix to all snow through the aforementioned areas of ice did not occur until late January 25th when a trailing upper level system over the Four Corners area brought snow levels down to valley floors. The highest snow accumulations of 30 plus inches fell atop Sierra Blanca Peak just west of Ruidoso. A Village Disaster Declaration was made January 27th. General amounts of 2 to 8 inches of snow fell elsewhere across the northern mountains, highlands, and southeastern plains. Extreme cold settled into eastern NM behind the Arctic airmass where 72 to 96 hours of subfreezing temperatures lasted in many areas. Freezing fog limiting visibility in these areas were present during the first 48 hours of the event, with extreme cold wind chills falling below zero to negative 10 to 15 degrees below zero during the nights thereafter through the morning of January 27th. Conditions from ice and snow began improving January 26th while the extreme cold and wind chills persisted for the southeast plains particularly near Roswell through January 27th.",A CoCoRaHS observer near Abiquiu measured 5.5 inches of snowfall.,CSV
202601,24,1200,202601,25,1000,208943,1301346,NEW MEXICO,35,2026,January,Heavy Snow,Z,225,UPPER TULAROSA VALLEY,ABQ,24-JAN-26 12:00:00,MST-7,25-JAN-26 10:00:00,0,0,0,0,,,Trained Spotter,,,,,,,,,,,,,,,,,,,,,,"A significant winter storm impacted northern and central NM from January 23rd through January 27th, with a combination of heavy snow, ice, and extreme cold impacts. A subtropical upper low beginning off the coast of the northern Baja Peninsula transported abundant moisture into the Desert Southwest and New Mexico in particular, much of it overriding an anomalously bitter cold and shallow Arctic airmass over eastern NM. This warmer moisture laden air overriding subfreezing surface temperatures set the stage for freezing rain and sleet for areas along the south-central highlands to the south-central mountains and southeastern plains of NM January 23rd through January 24th. Slick icy travel conditions were reported in these areas alongside ice and snow downing limbs and trees across the Ruidoso area burn scars. Power outages and road closures in the Ruidoso area lasted multiple days from January 24th to at least January 28th. While the entire event was snow for the northeastern plains and northern mountains, the transition from rain to snow through the middle Rio Grande Valley and an icy wintry mix to all snow through the aforementioned areas of ice did not occur until late January 25th when a trailing upper level system over the Four Corners area brought snow levels down to valley floors. The highest snow accumulations of 30 plus inches fell atop Sierra Blanca Peak just west of Ruidoso. A Village Disaster Declaration was made January 27th. General amounts of 2 to 8 inches of snow fell elsewhere across the northern mountains, highlands, and southeastern plains. Extreme cold settled into eastern NM behind the Arctic airmass where 72 to 96 hours of subfreezing temperatures lasted in many areas. Freezing fog limiting visibility in these areas were present during the first 48 hours of the event, with extreme cold wind chills falling below zero to negative 10 to 15 degrees below zero during the nights thereafter through the morning of January 27th. Conditions from ice and snow began improving January 26th while the extreme cold and wind chills persisted for the southeast plains particularly near Roswell through January 27th.",A trained spotter in Carrizozo observed 4 inches of snowfall.,CSV
202601,23,1700,202601,25,1200,208943,1301348,NEW MEXICO,35,2026,January,Heavy Snow,Z,236,ROOSEVELT COUNTY,ABQ,23-JAN-26 17:00:00,MST-7,25-JAN-26 12:00:00,0,0,0,0,,,CoCoRaHS,,,,,,,,,,,,,,,,,,,,,,"A significant winter storm impacted northern and central NM from January 23rd through January 27th, with a combination of heavy snow, ice, and extreme cold impacts. A subtropical upper low beginning off the coast of the northern Baja Peninsula transported abundant moisture into the Desert Southwest and New Mexico in particular, much of it overriding an anomalously bitter cold and shallow Arctic airmass over eastern NM. This warmer moisture laden air overriding subfreezing surface temperatures set the stage for freezing rain and sleet for areas along the south-central highlands to the south-central mountains and southeastern plains of NM January 23rd through January 24th. Slick icy travel conditions were reported in these areas alongside ice and snow downing limbs and trees across the Ruidoso area burn scars. Power outages and road closures in the Ruidoso area lasted multiple days from January 24th to at least January 28th. While the entire event was snow for the northeastern plains and northern mountains, the transition from rain to snow through the middle Rio Grande Valley and an icy wintry mix to all snow through the aforementioned areas of ice did not occur until late January 25th when a trailing upper level system over the Four Corners area brought snow levels down to valley floors. The highest snow accumulations of 30 plus inches fell atop Sierra Blanca Peak just west of Ruidoso. A Village Disaster Declaration was made January 27th. General amounts of 2 to 8 inches of snow fell elsewhere across the northern mountains, highlands, and southeastern plains. Extreme cold settled into eastern NM behind the Arctic airmass where 72 to 96 hours of subfreezing temperatures lasted in many areas. Freezing fog limiting visibility in these areas were present during the first 48 hours of the event, with extreme cold wind chills falling below zero to negative 10 to 15 degrees below zero during the nights thereafter through the morning of January 27th. Conditions from ice and snow began improving January 26th while the extreme cold and wind chills persisted for the southeast plains particularly near Roswell through January 27th.","A CoCoRaHS observer 14.4 miles south of Causey measured 6 inches of snowfall. Elsewhere in the zone, another CoCoRaHS observer 5.7 miles west of Elida measured 4.6 inches of snowfall.",CSV
202601,23,1650,202601,25,1300,209408,1306512,NEW MEXICO,35,2026,January,Winter Weather,Z,33,CENTRAL LEA COUNTY,MAF,23-JAN-26 16:50:00,MST-7,25-JAN-26 13:00:00,0,0,0,0,,0.00K,Public,,,,,,,,,,,,,,,,,,,,,,"A strong arctic cold front moved across west Texas and southeast New Mexico during the afternoon and evening hours of the 23rd. Meanwhile, a potent upper-level trough neared the region from the west. Widespread rain began during the morning of the 23rd in western portions of the area and gradually transitioned eastward through the day. As the front moved across the area, rain transitioned to sleet and snow from north to south (with freezing rain being more common south of the Pecos River and in the Davis Mountains). Off and on bands of sleet and snow continued across the Permian Basin and southeast New Mexico on the 24th, and became mostly snow by the 25th before moving east of the area late in the afternoon. Snowfall/sleet totals reached winter storm criteria across much of the northern basin and in southeast New Mexico. Lower snow and ice totals were reported further south.",A member of the public reported an estimated 3.0-3.5 inches of snow on Facebook. The estimation was based on a measuring stick. The total duration of the event is estimated from radar and nearby AWOS reports.,CSV
202601,23,645,202601,25,1230,209408,1306514,NEW MEXICO,35,2026,January,Winter Storm,Z,33,CENTRAL LEA COUNTY,MAF,23-JAN-26 06:45:00,MST-7,25-JAN-26 12:30:00,0,0,0,0,,0.00K,Public,,,,,,,,,,,,,,,,,,,,,,"A strong arctic cold front moved across west Texas and southeast New Mexico during the afternoon and evening hours of the 23rd. Meanwhile, a potent upper-level trough neared the region from the west. Widespread rain began during the morning of the 23rd in western portions of the area and gradually transitioned eastward through the day. As the front moved across the area, rain transitioned to sleet and snow from north to south (with freezing rain being more common south of the Pecos River and in the Davis Mountains). Off and on bands of sleet and snow continued across the Permian Basin and southeast New Mexico on the 24th, and became mostly snow by the 25th before moving east of the area late in the afternoon. Snowfall/sleet totals reached winter storm criteria across much of the northern basin and in southeast New Mexico. Lower snow and ice totals were reported further south.",A member of the public reported 6.0 inches of snow by the afternoon of the 25th. The total duration of the event is estimated from radar.,CSV
202601,24,245,202601,25,1025,209408,1306531,NEW MEXICO,35,2026,January,Winter Storm,Z,28,EDDY COUNTY PLAINS,MAF,24-JAN-26 02:45:00,MST-7,25-JAN-26 10:25:00,0,0,0,0,,0.00K,Public,,,,,,,,,,,,,,,,,,,,,,"A strong arctic cold front moved across west Texas and southeast New Mexico during the afternoon and evening hours of the 23rd. Meanwhile, a potent upper-level trough neared the region from the west. Widespread rain began during the morning of the 23rd in western portions of the area and gradually transitioned eastward through the day. As the front moved across the area, rain transitioned to sleet and snow from north to south (with freezing rain being more common south of the Pecos River and in the Davis Mountains). Off and on bands of sleet and snow continued across the Permian Basin and southeast New Mexico on the 24th, and became mostly snow by the 25th before moving east of the area late in the afternoon. Snowfall/sleet totals reached winter storm criteria across much of the northern basin and in southeast New Mexico. Lower snow and ice totals were reported further south.",A member of the public reported 6.5 inches of snow on Facebook north of Artesia over two days. The total duration of the event is estimated from radar and spotter reports.,CSV
202602,20,800,202602,20,835,209598,1306661,NEW MEXICO,35,2026,February,Winter Weather,Z,201,NORTHWEST PLATEAU,ABQ,20-FEB-26 08:00:00,MST-7,20-FEB-26 08:35:00,0,0,0,0,,,ASOS,,,,,,,,,,,,,,,,,,,,,,"The third and final weather system in a series moved across the Four Corners and southern Rockies February 20th. A snow squall along the cold front resulted in a very brief period of quarter mile visibility at several locations across western New Mexico during the mid to late morning hours, including Farmington, Gallup, and Grants. This snow squall also resulted in a vehicle crash on U.S. Highway 550 just west of Cuba, NM. The snow squall along the cold front dissipated as it moved east into the Rio Grande Valley, resulting in some high wind gusts in the zone. Upslope flow resulted in light to moderate snow across the north central mountains with a localized area of heavy snow across Taos Ski Valley. Snow across the north central mountains tapered off midday February 20th. Additional high wind gusts were observed across eastern NM along and just behind the cold front during the early afternoon hours before winds tapered off around sunset.",Snow Squall resulted in quarter mile visibility at the Four Corners Regional Airport in Farmington and 1 to 3 inches of snow in Farmington and Aztec.,CSV
202602,20,818,202602,20,845,209598,1306662,NEW MEXICO,35,2026,February,Winter Weather,Z,205,WEST CENTRAL PLATEAU,ABQ,20-FEB-26 08:18:00,MST-7,20-FEB-26 08:45:00,0,0,0,0,,,ASOS,,,,,,,,,,,,,,,,,,,,,,"The third and final weather system in a series moved across the Four Corners and southern Rockies February 20th. A snow squall along the cold front resulted in a very brief period of quarter mile visibility at several locations across western New Mexico during the mid to late morning hours, including Farmington, Gallup, and Grants. This snow squall also resulted in a vehicle crash on U.S. Highway 550 just west of Cuba, NM. The snow squall along the cold front dissipated as it moved east into the Rio Grande Valley, resulting in some high wind gusts in the zone. Upslope flow resulted in light to moderate snow across the north central mountains with a localized area of heavy snow across Taos Ski Valley. Snow across the north central mountains tapered off midday February 20th. Additional high wind gusts were observed across eastern NM along and just behind the cold front during the early afternoon hours before winds tapered off around sunset.",Snow Squall resulted in quarter mile visibility at the Gallup Regional Airport and 1.6 inches of snowfall according to a CoCoRaHS observer in Gallup.,CSV
202602,20,300,202602,20,1200,209598,1306656,NEW MEXICO,35,2026,February,Winter Weather,Z,210,TUSAS MOUNTAINS INCLUDING CHAMA,ABQ,20-FEB-26 03:00:00,MST-7,20-FEB-26 12:00:00,0,0,0,0,,,SNOTEL,,,,,,,,,,,,,,,,,,,,,,"The third and final weather system in a series moved across the Four Corners and southern Rockies February 20th. A snow squall along the cold front resulted in a very brief period of quarter mile visibility at several locations across western New Mexico during the mid to late morning hours, including Farmington, Gallup, and Grants. This snow squall also resulted in a vehicle crash on U.S. Highway 550 just west of Cuba, NM. The snow squall along the cold front dissipated as it moved east into the Rio Grande Valley, resulting in some high wind gusts in the zone. Upslope flow resulted in light to moderate snow across the north central mountains with a localized area of heavy snow across Taos Ski Valley. Snow across the north central mountains tapered off midday February 20th. Additional high wind gusts were observed across eastern NM along and just behind the cold front during the early afternoon hours before winds tapered off around sunset.",Heavy snow and near blizzard conditions resulted in the closure of U.S. 64 in the zone. The San Antonio SNOTEL measured an estimated 8 inches of snowfall with 6 to 7 inches measured elsewhere in the zone.,CSV
202601,8,1801,202601,8,1808,208638,1299777,NEW MEXICO,35,2026,January,Hail,C,1,BERNALILLO,ABQ,08-JAN-26 18:01:00,MST-7,08-JAN-26 18:08:00,0,0,0,0,0.00K,0.00K,NWS Employee,1.00,,,,,,,,,,,0,N,(ABQ)ALBUQUERQUE INTL AIRPORT,0,N,(ABQ)ALBUQUERQUE INTL AIRPORT,35.04,-106.62,35.04,-106.62,"Two back to back winter storm systems impacted northern and central NM with the first from late January 7th through the morning of January 8th with the second colder system crossing the state late January 8th through the afternoon of January 9th. The first storm brought snow to mainly the mountains and nearby highlands, with valley and plains locations receiving mainly rain. Gusty west winds were observed across the central highlands midday on January 8th between the two storm systems with a peak wind gust of 65 mph at a Ziamet station southeast of Vaughn. The second storm system approached the state during the afternoon hours of January 8th with western New Mexico impacted by a band of snow on the leading edge of the storm. This band of snow moved into the middle Rio Grande Valley during the evening. This band contained a convective storm with large hail and graupel across the Albuquerque metro area. Accumulating graupel and hail forced the closure of I-40 west of Albuquerque with one inch diameter hail and graupel observed at the National Weather Service office. As the core of the system moved into western NM the night of January 8th and early morning of January 9th, a wraparound snow band brought moderate to heavy snow across northwest and north-central NM, including Farmington, Taos, and Santa Fe. Moderate to heavy snow then shifted to northeast NM on the north side of the storm during the morning and midday hours of January 9th. North wind gusts of up to 45 mph resulted in blowing snow and near whiteout conditions and the temporary closures of I-25 at Raton Pass and U.S. Highway 64/87 between Raton and Clayton. Snow across northeast NM tapered off during the early evening hours as the system exited into the central Great Plains. A lingering band of snow across Espanola, Los Alamos, Santa Fe, and Glorieta brought some light snow during the evening hours of January 9th before skies finally cleared up and temperatures plummeted overnight.||In the end, snowfall amounts of 2 to 6 inches were observed across lower elevations of northwest and north central New Mexico, 4 to 7 inches across the Jemez and Tusas Mountains with an estimated 10 inches at the Bateman SNOTEL site in the southern Tusas Mountains. The Sangre de Cristo Mountains observed 1 to 2 feet of snow with the higher end of this range observed at Ski Santa Fe and the Santa Fe SNOTEL site. The eastern foothills of the Albuquerque Metro observed 1 to 2 inches of a snow and graupel mix and the Sandia and Manzano Mountains observing around 5 to 9 inches of snow with locally a foot on the Sandia Crest. The west-central and southwest mountains observed around 3 to 5 inches of snow with locally up to an estimated 16 inches at Whitewater Baldy Peak. Finally, the Ruidoso area observed around 1 to 4 inches of snow with 10 inches at Sierra Blanca Peak and Ski Apache.",Quarter sized hail/graupel observed at the National Weather Service office.,CSV
202601,9,200,202601,9,1500,208638,1299793,NEW MEXICO,35,2026,January,Heavy Snow,Z,228,FAR NORTHEAST HIGHLANDS,ABQ,09-JAN-26 02:00:00,MST-7,09-JAN-26 15:00:00,0,0,0,0,,,CoCoRaHS,,,,,,,,,,,,,,,,,,,,,,"Two back to back winter storm systems impacted northern and central NM with the first from late January 7th through the morning of January 8th with the second colder system crossing the state late January 8th through the afternoon of January 9th. The first storm brought snow to mainly the mountains and nearby highlands, with valley and plains locations receiving mainly rain. Gusty west winds were observed across the central highlands midday on January 8th between the two storm systems with a peak wind gust of 65 mph at a Ziamet station southeast of Vaughn. The second storm system approached the state during the afternoon hours of January 8th with western New Mexico impacted by a band of snow on the leading edge of the storm. This band of snow moved into the middle Rio Grande Valley during the evening. This band contained a convective storm with large hail and graupel across the Albuquerque metro area. Accumulating graupel and hail forced the closure of I-40 west of Albuquerque with one inch diameter hail and graupel observed at the National Weather Service office. As the core of the system moved into western NM the night of January 8th and early morning of January 9th, a wraparound snow band brought moderate to heavy snow across northwest and north-central NM, including Farmington, Taos, and Santa Fe. Moderate to heavy snow then shifted to northeast NM on the north side of the storm during the morning and midday hours of January 9th. North wind gusts of up to 45 mph resulted in blowing snow and near whiteout conditions and the temporary closures of I-25 at Raton Pass and U.S. Highway 64/87 between Raton and Clayton. Snow across northeast NM tapered off during the early evening hours as the system exited into the central Great Plains. A lingering band of snow across Espanola, Los Alamos, Santa Fe, and Glorieta brought some light snow during the evening hours of January 9th before skies finally cleared up and temperatures plummeted overnight.||In the end, snowfall amounts of 2 to 6 inches were observed across lower elevations of northwest and north central New Mexico, 4 to 7 inches across the Jemez and Tusas Mountains with an estimated 10 inches at the Bateman SNOTEL site in the southern Tusas Mountains. The Sangre de Cristo Mountains observed 1 to 2 feet of snow with the higher end of this range observed at Ski Santa Fe and the Santa Fe SNOTEL site. The eastern foothills of the Albuquerque Metro observed 1 to 2 inches of a snow and graupel mix and the Sandia and Manzano Mountains observing around 5 to 9 inches of snow with locally a foot on the Sandia Crest. The west-central and southwest mountains observed around 3 to 5 inches of snow with locally up to an estimated 16 inches at Whitewater Baldy Peak. Finally, the Ruidoso area observed around 1 to 4 inches of snow with 10 inches at Sierra Blanca Peak and Ski Apache.","A CoCoRaHS observer in Miami, NM observed an average snowfall of 6 inches and a CoCoRaHS observer in Raton observed an average snowfall of 5 inches.",CSV
202602,20,920,202602,20,1435,209598,1306672,NEW MEXICO,35,2026,February,High Wind,Z,226,SOUTH CENTRAL MOUNTAINS,ABQ,20-FEB-26 09:20:00,MST-7,20-FEB-26 14:35:00,0,0,0,0,,,AWOS,51.00,MG,,,,,,,,,,,,,,,,,,,,"The third and final weather system in a series moved across the Four Corners and southern Rockies February 20th. A snow squall along the cold front resulted in a very brief period of quarter mile visibility at several locations across western New Mexico during the mid to late morning hours, including Farmington, Gallup, and Grants. This snow squall also resulted in a vehicle crash on U.S. Highway 550 just west of Cuba, NM. The snow squall along the cold front dissipated as it moved east into the Rio Grande Valley, resulting in some high wind gusts in the zone. Upslope flow resulted in light to moderate snow across the north central mountains with a localized area of heavy snow across Taos Ski Valley. Snow across the north central mountains tapered off midday February 20th. Additional high wind gusts were observed across eastern NM along and just behind the cold front during the early afternoon hours before winds tapered off around sunset.","The KSRR AWOS and a mesonet station at Nogal measured a peak high wind gust of 59 mph and 58 mph, respectively.",CSV
202602,18,1145,202602,18,1634,209592,1306586,NEW MEXICO,35,2026,February,High Wind,Z,205,WEST CENTRAL PLATEAU,ABQ,18-FEB-26 11:45:00,MST-7,18-FEB-26 16:34:00,0,0,0,0,0.00K,,ASOS,61.00,MG,,,,,,,,,,,,,,,,,,,,"The second weather system in a series of storms across the western U.S. moved into the Four Corners area February 18th. This system brought light to moderate snow to the Tusas and northern Sangre de Cristo Mountains. However, the more significant hazard to the region was the strong to damaging wind gusts. Daytime mixing allowed stronger winds aloft to mix down to the surface resulting in high wind gusts across the highlands of far west central NM and eventually the central mountain chain and adjacent central highlands. A band of snow accompanying the Pacific cold front moved across western and north central NM during the evening hours of February 18th. Heading into the overnight hours February 18th into February 19th, strong to damaging wind gusts shifted to the Sangre de Cristo Mountains and adjacent northeast highlands as the shortwave moved across the southern Rockies. High winds across the eastern highlands tapered off slowly during the late morning hours as the shortwave exited northeast outside of a brief high wind gust east of Puerto de Luna in Guadalupe County.",The KGUP ASOS measured high wind gusts peaking at 70 mph.,CSV
202602,18,1357,202602,18,2215,209592,1306636,NEW MEXICO,35,2026,February,High Wind,Z,223,CENTRAL HIGHLANDS,ABQ,18-FEB-26 13:57:00,MST-7,18-FEB-26 22:15:00,0,0,0,0,,,ASOS,54.00,MG,,,,,,,,,,,,,,,,,,,,"The second weather system in a series of storms across the western U.S. moved into the Four Corners area February 18th. This system brought light to moderate snow to the Tusas and northern Sangre de Cristo Mountains. However, the more significant hazard to the region was the strong to damaging wind gusts. Daytime mixing allowed stronger winds aloft to mix down to the surface resulting in high wind gusts across the highlands of far west central NM and eventually the central mountain chain and adjacent central highlands. A band of snow accompanying the Pacific cold front moved across western and north central NM during the evening hours of February 18th. Heading into the overnight hours February 18th into February 19th, strong to damaging wind gusts shifted to the Sangre de Cristo Mountains and adjacent northeast highlands as the shortwave moved across the southern Rockies. High winds across the eastern highlands tapered off slowly during the late morning hours as the shortwave exited northeast outside of a brief high wind gust east of Puerto de Luna in Guadalupe County.",The KCQC ASOS at Clines Corners measured high wind gusts peaking at 62 mph. A NMDOT weather station at the same location measured a peak wind gust of 58 mph.,CSV
202601,23,2030,202601,25,1120,209408,1306523,NEW MEXICO,35,2026,January,Winter Storm,Z,28,EDDY COUNTY PLAINS,MAF,23-JAN-26 20:30:00,MST-7,25-JAN-26 11:20:00,0,0,0,0,,0.00K,Trained Spotter,,,,,,,,,,,,,,,,,,,,,,"A strong arctic cold front moved across west Texas and southeast New Mexico during the afternoon and evening hours of the 23rd. Meanwhile, a potent upper-level trough neared the region from the west. Widespread rain began during the morning of the 23rd in western portions of the area and gradually transitioned eastward through the day. As the front moved across the area, rain transitioned to sleet and snow from north to south (with freezing rain being more common south of the Pecos River and in the Davis Mountains). Off and on bands of sleet and snow continued across the Permian Basin and southeast New Mexico on the 24th, and became mostly snow by the 25th before moving east of the area late in the afternoon. Snowfall/sleet totals reached winter storm criteria across much of the northern basin and in southeast New Mexico. Lower snow and ice totals were reported further south.",A trained spotter reported a two-day storm total snow/sleet accumulation of 4.3 inches with a liquid equivalent of 0.89 inches. Light snow continued after the report came in. The total duration of the event is estimated by radar and the spotter's reports.,CSV
202601,23,1700,202601,25,1100,208943,1301351,NEW MEXICO,35,2026,January,Heavy Snow,Z,240,SOUTHWEST CHAVES COUNTY,ABQ,23-JAN-26 17:00:00,MST-7,25-JAN-26 11:00:00,0,0,0,0,,,Trained Spotter,,,,,,,,,,,,,,,,,,,,,,"A significant winter storm impacted northern and central NM from January 23rd through January 27th, with a combination of heavy snow, ice, and extreme cold impacts. A subtropical upper low beginning off the coast of the northern Baja Peninsula transported abundant moisture into the Desert Southwest and New Mexico in particular, much of it overriding an anomalously bitter cold and shallow Arctic airmass over eastern NM. This warmer moisture laden air overriding subfreezing surface temperatures set the stage for freezing rain and sleet for areas along the south-central highlands to the south-central mountains and southeastern plains of NM January 23rd through January 24th. Slick icy travel conditions were reported in these areas alongside ice and snow downing limbs and trees across the Ruidoso area burn scars. Power outages and road closures in the Ruidoso area lasted multiple days from January 24th to at least January 28th. While the entire event was snow for the northeastern plains and northern mountains, the transition from rain to snow through the middle Rio Grande Valley and an icy wintry mix to all snow through the aforementioned areas of ice did not occur until late January 25th when a trailing upper level system over the Four Corners area brought snow levels down to valley floors. The highest snow accumulations of 30 plus inches fell atop Sierra Blanca Peak just west of Ruidoso. A Village Disaster Declaration was made January 27th. General amounts of 2 to 8 inches of snow fell elsewhere across the northern mountains, highlands, and southeastern plains. Extreme cold settled into eastern NM behind the Arctic airmass where 72 to 96 hours of subfreezing temperatures lasted in many areas. Freezing fog limiting visibility in these areas were present during the first 48 hours of the event, with extreme cold wind chills falling below zero to negative 10 to 15 degrees below zero during the nights thereafter through the morning of January 27th. Conditions from ice and snow began improving January 26th while the extreme cold and wind chills persisted for the southeast plains particularly near Roswell through January 27th.",A trained spotter a few miles south of Dunken measured 4 inches of snowfall.,CSV
202601,26,400,202601,26,753,208943,1301352,NEW MEXICO,35,2026,January,Extreme Cold/Wind Chill,Z,228,FAR NORTHEAST HIGHLANDS,ABQ,26-JAN-26 04:00:00,MST-7,26-JAN-26 07:53:00,0,0,0,0,,,Mesonet,,,,,,,,,,,,,,,,,,,,,,"A significant winter storm impacted northern and central NM from January 23rd through January 27th, with a combination of heavy snow, ice, and extreme cold impacts. A subtropical upper low beginning off the coast of the northern Baja Peninsula transported abundant moisture into the Desert Southwest and New Mexico in particular, much of it overriding an anomalously bitter cold and shallow Arctic airmass over eastern NM. This warmer moisture laden air overriding subfreezing surface temperatures set the stage for freezing rain and sleet for areas along the south-central highlands to the south-central mountains and southeastern plains of NM January 23rd through January 24th. Slick icy travel conditions were reported in these areas alongside ice and snow downing limbs and trees across the Ruidoso area burn scars. Power outages and road closures in the Ruidoso area lasted multiple days from January 24th to at least January 28th. While the entire event was snow for the northeastern plains and northern mountains, the transition from rain to snow through the middle Rio Grande Valley and an icy wintry mix to all snow through the aforementioned areas of ice did not occur until late January 25th when a trailing upper level system over the Four Corners area brought snow levels down to valley floors. The highest snow accumulations of 30 plus inches fell atop Sierra Blanca Peak just west of Ruidoso. A Village Disaster Declaration was made January 27th. General amounts of 2 to 8 inches of snow fell elsewhere across the northern mountains, highlands, and southeastern plains. Extreme cold settled into eastern NM behind the Arctic airmass where 72 to 96 hours of subfreezing temperatures lasted in many areas. Freezing fog limiting visibility in these areas were present during the first 48 hours of the event, with extreme cold wind chills falling below zero to negative 10 to 15 degrees below zero during the nights thereafter through the morning of January 27th. Conditions from ice and snow began improving January 26th while the extreme cold and wind chills persisted for the southeast plains particularly near Roswell through January 27th.","A mesonet station in Raton observed a minimum wind chill of 21 below zero. Elsewhere in the zone, the ASOS at Raton Crews Municipal Airport observed a minimum wind chill of 19 below zero.",CSV
202601,26,1750,202601,27,220,208943,1301359,NEW MEXICO,35,2026,January,Extreme Cold/Wind Chill,Z,238,CHAVES COUNTY PLAINS,ABQ,26-JAN-26 17:50:00,MST-7,27-JAN-26 02:20:00,0,0,0,0,,,ASOS,,,,,,,,,,,,,,,,,,,,,,"A significant winter storm impacted northern and central NM from January 23rd through January 27th, with a combination of heavy snow, ice, and extreme cold impacts. A subtropical upper low beginning off the coast of the northern Baja Peninsula transported abundant moisture into the Desert Southwest and New Mexico in particular, much of it overriding an anomalously bitter cold and shallow Arctic airmass over eastern NM. This warmer moisture laden air overriding subfreezing surface temperatures set the stage for freezing rain and sleet for areas along the south-central highlands to the south-central mountains and southeastern plains of NM January 23rd through January 24th. Slick icy travel conditions were reported in these areas alongside ice and snow downing limbs and trees across the Ruidoso area burn scars. Power outages and road closures in the Ruidoso area lasted multiple days from January 24th to at least January 28th. While the entire event was snow for the northeastern plains and northern mountains, the transition from rain to snow through the middle Rio Grande Valley and an icy wintry mix to all snow through the aforementioned areas of ice did not occur until late January 25th when a trailing upper level system over the Four Corners area brought snow levels down to valley floors. The highest snow accumulations of 30 plus inches fell atop Sierra Blanca Peak just west of Ruidoso. A Village Disaster Declaration was made January 27th. General amounts of 2 to 8 inches of snow fell elsewhere across the northern mountains, highlands, and southeastern plains. Extreme cold settled into eastern NM behind the Arctic airmass where 72 to 96 hours of subfreezing temperatures lasted in many areas. Freezing fog limiting visibility in these areas were present during the first 48 hours of the event, with extreme cold wind chills falling below zero to negative 10 to 15 degrees below zero during the nights thereafter through the morning of January 27th. Conditions from ice and snow began improving January 26th while the extreme cold and wind chills persisted for the southeast plains particularly near Roswell through January 27th.","The ASOS at Roswell Air Center observed a minimum wind chill of 18 below zero. Elsewhere in the zone, mesonet stations in north Roswell, Dexter, and Bittler Lake Wildlife Refuge observed minimum wind chills between 5 below zero to 10 below zero.",CSV
202602,20,1055,202602,20,1130,209598,1306667,NEW MEXICO,35,2026,February,High Wind,Z,218,SANTA FE METRO AREA,ABQ,20-FEB-26 10:55:00,MST-7,20-FEB-26 11:30:00,0,0,0,0,,,Mesonet,53.00,MG,,,,,,,,,,,,,,,,,,,,"The third and final weather system in a series moved across the Four Corners and southern Rockies February 20th. A snow squall along the cold front resulted in a very brief period of quarter mile visibility at several locations across western New Mexico during the mid to late morning hours, including Farmington, Gallup, and Grants. This snow squall also resulted in a vehicle crash on U.S. Highway 550 just west of Cuba, NM. The snow squall along the cold front dissipated as it moved east into the Rio Grande Valley, resulting in some high wind gusts in the zone. Upslope flow resulted in light to moderate snow across the north central mountains with a localized area of heavy snow across Taos Ski Valley. Snow across the north central mountains tapered off midday February 20th. Additional high wind gusts were observed across eastern NM along and just behind the cold front during the early afternoon hours before winds tapered off around sunset.","The mesonet station on La Bajada Hill along I-25 and the ASOS at the Santa Fe Regional Airport measured brief high wind gusts of 61 and 60 mph, respectively, during the cold front passage.",CSV
202602,20,1145,202602,20,1146,209598,1306668,NEW MEXICO,35,2026,February,High Wind,Z,219,MIDDLE RIO GRANDE VALLEY/ALBUQUERQUE METRO AREA,ABQ,20-FEB-26 11:45:00,MST-7,20-FEB-26 11:46:00,0,0,0,0,,,Mesonet,51.00,MG,,,,,,,,,,,,,,,,,,,,"The third and final weather system in a series moved across the Four Corners and southern Rockies February 20th. A snow squall along the cold front resulted in a very brief period of quarter mile visibility at several locations across western New Mexico during the mid to late morning hours, including Farmington, Gallup, and Grants. This snow squall also resulted in a vehicle crash on U.S. Highway 550 just west of Cuba, NM. The snow squall along the cold front dissipated as it moved east into the Rio Grande Valley, resulting in some high wind gusts in the zone. Upslope flow resulted in light to moderate snow across the north central mountains with a localized area of heavy snow across Taos Ski Valley. Snow across the north central mountains tapered off midday February 20th. Additional high wind gusts were observed across eastern NM along and just behind the cold front during the early afternoon hours before winds tapered off around sunset.",The mesonet station in Placitas measured a brief high wind gust of 59 mph.,CSV
202601,8,1727,202601,8,1735,208638,1299778,NEW MEXICO,35,2026,January,Hail,C,1,BERNALILLO,ABQ,08-JAN-26 17:27:00,MST-7,08-JAN-26 17:35:00,0,0,0,0,0.00K,0.00K,Law Enforcement,0.88,,,,,,,,,,,11.39,SW,(AEG)DOUBLE EAGLE II AIRPORT,11.39,SW,(AEG)DOUBLE EAGLE II AIRPORT,35.03,-106.95,35.03,-106.95,"Two back to back winter storm systems impacted northern and central NM with the first from late January 7th through the morning of January 8th with the second colder system crossing the state late January 8th through the afternoon of January 9th. The first storm brought snow to mainly the mountains and nearby highlands, with valley and plains locations receiving mainly rain. Gusty west winds were observed across the central highlands midday on January 8th between the two storm systems with a peak wind gust of 65 mph at a Ziamet station southeast of Vaughn. The second storm system approached the state during the afternoon hours of January 8th with western New Mexico impacted by a band of snow on the leading edge of the storm. This band of snow moved into the middle Rio Grande Valley during the evening. This band contained a convective storm with large hail and graupel across the Albuquerque metro area. Accumulating graupel and hail forced the closure of I-40 west of Albuquerque with one inch diameter hail and graupel observed at the National Weather Service office. As the core of the system moved into western NM the night of January 8th and early morning of January 9th, a wraparound snow band brought moderate to heavy snow across northwest and north-central NM, including Farmington, Taos, and Santa Fe. Moderate to heavy snow then shifted to northeast NM on the north side of the storm during the morning and midday hours of January 9th. North wind gusts of up to 45 mph resulted in blowing snow and near whiteout conditions and the temporary closures of I-25 at Raton Pass and U.S. Highway 64/87 between Raton and Clayton. Snow across northeast NM tapered off during the early evening hours as the system exited into the central Great Plains. A lingering band of snow across Espanola, Los Alamos, Santa Fe, and Glorieta brought some light snow during the evening hours of January 9th before skies finally cleared up and temperatures plummeted overnight.||In the end, snowfall amounts of 2 to 6 inches were observed across lower elevations of northwest and north central New Mexico, 4 to 7 inches across the Jemez and Tusas Mountains with an estimated 10 inches at the Bateman SNOTEL site in the southern Tusas Mountains. The Sangre de Cristo Mountains observed 1 to 2 feet of snow with the higher end of this range observed at Ski Santa Fe and the Santa Fe SNOTEL site. The eastern foothills of the Albuquerque Metro observed 1 to 2 inches of a snow and graupel mix and the Sandia and Manzano Mountains observing around 5 to 9 inches of snow with locally a foot on the Sandia Crest. The west-central and southwest mountains observed around 3 to 5 inches of snow with locally up to an estimated 16 inches at Whitewater Baldy Peak. Finally, the Ruidoso area observed around 1 to 4 inches of snow with 10 inches at Sierra Blanca Peak and Ski Apache.",The Bernalillo County Sherriff Office reported the closure of I-40 at mile marker 140 west of Albuquerque to be closed from accumulating graupel/hail on the highway.,CSV
202601,10,640,202601,10,740,208638,1299779,NEW MEXICO,35,2026,January,Extreme Cold/Wind Chill,Z,228,FAR NORTHEAST HIGHLANDS,ABQ,10-JAN-26 06:40:00,MST-7,10-JAN-26 07:40:00,0,0,0,0,0.00K,0.00K,ASOS,,,,,,,,,,,,,,,,,,,,,,"Two back to back winter storm systems impacted northern and central NM with the first from late January 7th through the morning of January 8th with the second colder system crossing the state late January 8th through the afternoon of January 9th. The first storm brought snow to mainly the mountains and nearby highlands, with valley and plains locations receiving mainly rain. Gusty west winds were observed across the central highlands midday on January 8th between the two storm systems with a peak wind gust of 65 mph at a Ziamet station southeast of Vaughn. The second storm system approached the state during the afternoon hours of January 8th with western New Mexico impacted by a band of snow on the leading edge of the storm. This band of snow moved into the middle Rio Grande Valley during the evening. This band contained a convective storm with large hail and graupel across the Albuquerque metro area. Accumulating graupel and hail forced the closure of I-40 west of Albuquerque with one inch diameter hail and graupel observed at the National Weather Service office. As the core of the system moved into western NM the night of January 8th and early morning of January 9th, a wraparound snow band brought moderate to heavy snow across northwest and north-central NM, including Farmington, Taos, and Santa Fe. Moderate to heavy snow then shifted to northeast NM on the north side of the storm during the morning and midday hours of January 9th. North wind gusts of up to 45 mph resulted in blowing snow and near whiteout conditions and the temporary closures of I-25 at Raton Pass and U.S. Highway 64/87 between Raton and Clayton. Snow across northeast NM tapered off during the early evening hours as the system exited into the central Great Plains. A lingering band of snow across Espanola, Los Alamos, Santa Fe, and Glorieta brought some light snow during the evening hours of January 9th before skies finally cleared up and temperatures plummeted overnight.||In the end, snowfall amounts of 2 to 6 inches were observed across lower elevations of northwest and north central New Mexico, 4 to 7 inches across the Jemez and Tusas Mountains with an estimated 10 inches at the Bateman SNOTEL site in the southern Tusas Mountains. The Sangre de Cristo Mountains observed 1 to 2 feet of snow with the higher end of this range observed at Ski Santa Fe and the Santa Fe SNOTEL site. The eastern foothills of the Albuquerque Metro observed 1 to 2 inches of a snow and graupel mix and the Sandia and Manzano Mountains observing around 5 to 9 inches of snow with locally a foot on the Sandia Crest. The west-central and southwest mountains observed around 3 to 5 inches of snow with locally up to an estimated 16 inches at Whitewater Baldy Peak. Finally, the Ruidoso area observed around 1 to 4 inches of snow with 10 inches at Sierra Blanca Peak and Ski Apache.",The Raton ASOS measured wind chills falling as low as -19F.,CSV
202601,8,1045,202601,8,1125,208638,1299785,NEW MEXICO,35,2026,January,High Wind,Z,233,GUADALUPE COUNTY,ABQ,08-JAN-26 10:45:00,MST-7,08-JAN-26 11:25:00,0,0,0,0,0.00K,0.00K,Mesonet,56.00,MG,,,,,,,,,,,,,,,,,,,,"Two back to back winter storm systems impacted northern and central NM with the first from late January 7th through the morning of January 8th with the second colder system crossing the state late January 8th through the afternoon of January 9th. The first storm brought snow to mainly the mountains and nearby highlands, with valley and plains locations receiving mainly rain. Gusty west winds were observed across the central highlands midday on January 8th between the two storm systems with a peak wind gust of 65 mph at a Ziamet station southeast of Vaughn. The second storm system approached the state during the afternoon hours of January 8th with western New Mexico impacted by a band of snow on the leading edge of the storm. This band of snow moved into the middle Rio Grande Valley during the evening. This band contained a convective storm with large hail and graupel across the Albuquerque metro area. Accumulating graupel and hail forced the closure of I-40 west of Albuquerque with one inch diameter hail and graupel observed at the National Weather Service office. As the core of the system moved into western NM the night of January 8th and early morning of January 9th, a wraparound snow band brought moderate to heavy snow across northwest and north-central NM, including Farmington, Taos, and Santa Fe. Moderate to heavy snow then shifted to northeast NM on the north side of the storm during the morning and midday hours of January 9th. North wind gusts of up to 45 mph resulted in blowing snow and near whiteout conditions and the temporary closures of I-25 at Raton Pass and U.S. Highway 64/87 between Raton and Clayton. Snow across northeast NM tapered off during the early evening hours as the system exited into the central Great Plains. A lingering band of snow across Espanola, Los Alamos, Santa Fe, and Glorieta brought some light snow during the evening hours of January 9th before skies finally cleared up and temperatures plummeted overnight.||In the end, snowfall amounts of 2 to 6 inches were observed across lower elevations of northwest and north central New Mexico, 4 to 7 inches across the Jemez and Tusas Mountains with an estimated 10 inches at the Bateman SNOTEL site in the southern Tusas Mountains. The Sangre de Cristo Mountains observed 1 to 2 feet of snow with the higher end of this range observed at Ski Santa Fe and the Santa Fe SNOTEL site. The eastern foothills of the Albuquerque Metro observed 1 to 2 inches of a snow and graupel mix and the Sandia and Manzano Mountains observing around 5 to 9 inches of snow with locally a foot on the Sandia Crest. The west-central and southwest mountains observed around 3 to 5 inches of snow with locally up to an estimated 16 inches at Whitewater Baldy Peak. Finally, the Ruidoso area observed around 1 to 4 inches of snow with 10 inches at Sierra Blanca Peak and Ski Apache.",The ziamet station southeast of Vaughn observed a peak wind gust of 65 mph.,CSV
202601,8,2340,202601,9,1700,208638,1299792,NEW MEXICO,35,2026,January,Heavy Snow,Z,227,JOHNSON AND BARTLETT MESAS INCLUDING RATON PASS,ABQ,08-JAN-26 23:40:00,MST-7,09-JAN-26 17:00:00,0,0,0,0,,,Department of Highways,,,,,,,,,,,,,,,,,,,,,,"Two back to back winter storm systems impacted northern and central NM with the first from late January 7th through the morning of January 8th with the second colder system crossing the state late January 8th through the afternoon of January 9th. The first storm brought snow to mainly the mountains and nearby highlands, with valley and plains locations receiving mainly rain. Gusty west winds were observed across the central highlands midday on January 8th between the two storm systems with a peak wind gust of 65 mph at a Ziamet station southeast of Vaughn. The second storm system approached the state during the afternoon hours of January 8th with western New Mexico impacted by a band of snow on the leading edge of the storm. This band of snow moved into the middle Rio Grande Valley during the evening. This band contained a convective storm with large hail and graupel across the Albuquerque metro area. Accumulating graupel and hail forced the closure of I-40 west of Albuquerque with one inch diameter hail and graupel observed at the National Weather Service office. As the core of the system moved into western NM the night of January 8th and early morning of January 9th, a wraparound snow band brought moderate to heavy snow across northwest and north-central NM, including Farmington, Taos, and Santa Fe. Moderate to heavy snow then shifted to northeast NM on the north side of the storm during the morning and midday hours of January 9th. North wind gusts of up to 45 mph resulted in blowing snow and near whiteout conditions and the temporary closures of I-25 at Raton Pass and U.S. Highway 64/87 between Raton and Clayton. Snow across northeast NM tapered off during the early evening hours as the system exited into the central Great Plains. A lingering band of snow across Espanola, Los Alamos, Santa Fe, and Glorieta brought some light snow during the evening hours of January 9th before skies finally cleared up and temperatures plummeted overnight.||In the end, snowfall amounts of 2 to 6 inches were observed across lower elevations of northwest and north central New Mexico, 4 to 7 inches across the Jemez and Tusas Mountains with an estimated 10 inches at the Bateman SNOTEL site in the southern Tusas Mountains. The Sangre de Cristo Mountains observed 1 to 2 feet of snow with the higher end of this range observed at Ski Santa Fe and the Santa Fe SNOTEL site. The eastern foothills of the Albuquerque Metro observed 1 to 2 inches of a snow and graupel mix and the Sandia and Manzano Mountains observing around 5 to 9 inches of snow with locally a foot on the Sandia Crest. The west-central and southwest mountains observed around 3 to 5 inches of snow with locally up to an estimated 16 inches at Whitewater Baldy Peak. Finally, the Ruidoso area observed around 1 to 4 inches of snow with 10 inches at Sierra Blanca Peak and Ski Apache.",The Raton Pass Port of Entry observed 7 inches of snowfall. The COOP observer in Capulin observed 6.4 inches of snowfall.,CSV
202601,9,100,202601,9,1700,208638,1299794,NEW MEXICO,35,2026,January,Heavy Snow,Z,230,UNION COUNTY,ABQ,09-JAN-26 01:00:00,MST-7,09-JAN-26 17:00:00,0,0,0,0,,,Official NWS Observations,,,,,,,,,,,,,,,,,,,,,,"Two back to back winter storm systems impacted northern and central NM with the first from late January 7th through the morning of January 8th with the second colder system crossing the state late January 8th through the afternoon of January 9th. The first storm brought snow to mainly the mountains and nearby highlands, with valley and plains locations receiving mainly rain. Gusty west winds were observed across the central highlands midday on January 8th between the two storm systems with a peak wind gust of 65 mph at a Ziamet station southeast of Vaughn. The second storm system approached the state during the afternoon hours of January 8th with western New Mexico impacted by a band of snow on the leading edge of the storm. This band of snow moved into the middle Rio Grande Valley during the evening. This band contained a convective storm with large hail and graupel across the Albuquerque metro area. Accumulating graupel and hail forced the closure of I-40 west of Albuquerque with one inch diameter hail and graupel observed at the National Weather Service office. As the core of the system moved into western NM the night of January 8th and early morning of January 9th, a wraparound snow band brought moderate to heavy snow across northwest and north-central NM, including Farmington, Taos, and Santa Fe. Moderate to heavy snow then shifted to northeast NM on the north side of the storm during the morning and midday hours of January 9th. North wind gusts of up to 45 mph resulted in blowing snow and near whiteout conditions and the temporary closures of I-25 at Raton Pass and U.S. Highway 64/87 between Raton and Clayton. Snow across northeast NM tapered off during the early evening hours as the system exited into the central Great Plains. A lingering band of snow across Espanola, Los Alamos, Santa Fe, and Glorieta brought some light snow during the evening hours of January 9th before skies finally cleared up and temperatures plummeted overnight.||In the end, snowfall amounts of 2 to 6 inches were observed across lower elevations of northwest and north central New Mexico, 4 to 7 inches across the Jemez and Tusas Mountains with an estimated 10 inches at the Bateman SNOTEL site in the southern Tusas Mountains. The Sangre de Cristo Mountains observed 1 to 2 feet of snow with the higher end of this range observed at Ski Santa Fe and the Santa Fe SNOTEL site. The eastern foothills of the Albuquerque Metro observed 1 to 2 inches of a snow and graupel mix and the Sandia and Manzano Mountains observing around 5 to 9 inches of snow with locally a foot on the Sandia Crest. The west-central and southwest mountains observed around 3 to 5 inches of snow with locally up to an estimated 16 inches at Whitewater Baldy Peak. Finally, the Ruidoso area observed around 1 to 4 inches of snow with 10 inches at Sierra Blanca Peak and Ski Apache.",The contract snow observer in Clayton measured 6.6 inches of snowfall. A CoCoRaHS observer 7.2 miles east-northeast of Grenville measured 5 inches of snowfall.,CSV
202601,5,1323,202601,5,1324,208548,1299122,NEW MEXICO,35,2026,January,High Wind,Z,234,QUAY COUNTY,ABQ,05-JAN-26 13:23:00,MST-7,05-JAN-26 13:24:00,0,0,0,0,,,ASOS,50.00,MG,,,,,,,,,,,,,,,,,,,,"A shortwave trough moved east across the northern Rockies during the day. Strong mid and upper level winds over eastern New Mexico at the base of this trough along with deep daytime mixing resulted in brief high wind gusts at Bartley, Clines Corners, and the Tucumcari Airport. Winds tapered off during the mid evening hours as the disturbance exited east into the central United States.",The Tucumcari Municipal Airport ASOS measured a brief high wind gust of 58 mph.,CSV
202601,5,1004,202601,5,1005,208548,1299165,NEW MEXICO,35,2026,January,High Wind,Z,215,EAST SLOPES SANGRE DE CRISTO MOUNTAINS,ABQ,05-JAN-26 10:04:00,MST-7,05-JAN-26 10:05:00,0,0,0,0,,,RAWS,50.00,MG,,,,,,,,,,,,,,,,,,,,"A shortwave trough moved east across the northern Rockies during the day. Strong mid and upper level winds over eastern New Mexico at the base of this trough along with deep daytime mixing resulted in brief high wind gusts at Bartley, Clines Corners, and the Tucumcari Airport. Winds tapered off during the mid evening hours as the disturbance exited east into the central United States.",The Bartley RAWS measured a brief high wind gust of 58 mph.,CSV
202602,20,1114,202602,20,1410,209598,1306673,NEW MEXICO,35,2026,February,High Wind,Z,229,NORTHEAST HIGHLANDS,ABQ,20-FEB-26 11:14:00,MST-7,20-FEB-26 14:10:00,0,0,0,0,,,ASOS,57.00,MG,,,,,,,,,,,,,,,,,,,,"The third and final weather system in a series moved across the Four Corners and southern Rockies February 20th. A snow squall along the cold front resulted in a very brief period of quarter mile visibility at several locations across western New Mexico during the mid to late morning hours, including Farmington, Gallup, and Grants. This snow squall also resulted in a vehicle crash on U.S. Highway 550 just west of Cuba, NM. The snow squall along the cold front dissipated as it moved east into the Rio Grande Valley, resulting in some high wind gusts in the zone. Upslope flow resulted in light to moderate snow across the north central mountains with a localized area of heavy snow across Taos Ski Valley. Snow across the north central mountains tapered off midday February 20th. Additional high wind gusts were observed across eastern NM along and just behind the cold front during the early afternoon hours before winds tapered off around sunset.",The KLVS ASOS measured high wind gust peaking at 66 mph.,CSV
202602,20,1345,202602,20,1351,209598,1306666,NEW MEXICO,35,2026,February,High Wind,Z,212,GLORIETA MESA INCLUDING GLORIETA PASS,ABQ,20-FEB-26 13:45:00,MST-7,20-FEB-26 13:51:00,0,0,0,0,,,Mesonet,56.00,MG,,,,,,,,,,,,,,,,,,,,"The third and final weather system in a series moved across the Four Corners and southern Rockies February 20th. A snow squall along the cold front resulted in a very brief period of quarter mile visibility at several locations across western New Mexico during the mid to late morning hours, including Farmington, Gallup, and Grants. This snow squall also resulted in a vehicle crash on U.S. Highway 550 just west of Cuba, NM. The snow squall along the cold front dissipated as it moved east into the Rio Grande Valley, resulting in some high wind gusts in the zone. Upslope flow resulted in light to moderate snow across the north central mountains with a localized area of heavy snow across Taos Ski Valley. Snow across the north central mountains tapered off midday February 20th. Additional high wind gusts were observed across eastern NM along and just behind the cold front during the early afternoon hours before winds tapered off around sunset.",The mesonet station along I-25 at Rowe measured a brief high wind gust of 65 mph.,CSV
202602,24,1235,202602,24,1353,209813,1308347,NEW MEXICO,35,2026,February,High Wind,Z,223,CENTRAL HIGHLANDS,ABQ,24-FEB-26 12:35:00,MST-7,24-FEB-26 13:53:00,0,0,0,0,,,ASOS,39.00,MS,,,,,,,,,,,,,,,,,,,,"Mid and upper level winds over New Mexico increased on February 24th as high pressure flattened over the region. The stronger winds aloft, the development of a surface lee low over southeast Colorado and northeast New Mexico, and deep daytime mixing resulted in gusty westerly winds across east central NM along the I-40 corridor. A brief period of high winds were measured by the ASOS and mesonet at Clines Corners during the early afternoon hours. Winds tapered off during the late afternoon and evening hours.",The ASOS and mesonet station at Clines Corners measured peak sustained winds of 45 mph.,CSV
202602,1,0,202602,17,1200,210049,1310131,NEW MEXICO,35,2026,February,Drought,Z,410,NORTHERN DONA ANA COUNTY,EPZ,01-FEB-26 00:00:00,MST-7,17-FEB-26 12:00:00,0,0,0,0,0.00K,0.00K,Drought Monitor,,,,,,,,,,,,,,,,,,,,,,"Late January rain helped improve the drought conditions, especially along and east of the Rio Grande Valley. By February 17th, all of Otero and Dona Ana counties had improved to Moderate(D1) drought conditions or better.","The entire zone started out the month in Severe(D2) drought, but on February 17th, the northern areas were in Moderate(D1) drought and the south in Abnormally Dry(D0) drought.",CSV
202602,1,0,202602,17,1200,210049,1310133,NEW MEXICO,35,2026,February,Drought,Z,411,SOUTHERN DONA ANA COUNTY/MESILLA VALLEY,EPZ,01-FEB-26 00:00:00,MST-7,17-FEB-26 12:00:00,0,0,0,0,0.00K,0.00K,Drought Monitor,,,,,,,,,,,,,,,,,,,,,,"Late January rain helped improve the drought conditions, especially along and east of the Rio Grande Valley. By February 17th, all of Otero and Dona Ana counties had improved to Moderate(D1) drought conditions or better.","Severe(D2) drought covered the entire zone to start the month, but by February 17th, the entire zone was in Abnormally Dry(D0) drought. The Cooperative Observer at New Mexico State University reported 0.04 inches of precipitation which was 0.32 inches below normal.",CSV
202602,1,0,202602,17,1200,210049,1310134,NEW MEXICO,35,2026,February,Drought,Z,417,OTERO MESA,EPZ,01-FEB-26 00:00:00,MST-7,17-FEB-26 12:00:00,0,0,0,0,0.00K,0.00K,Drought Monitor,,,,,,,,,,,,,,,,,,,,,,"Late January rain helped improve the drought conditions, especially along and east of the Rio Grande Valley. By February 17th, all of Otero and Dona Ana counties had improved to Moderate(D1) drought conditions or better.","February started out with Severe(D2) drought across the zone except the far south where Moderate(D1) drought existed.  By February 17th, the southeast was in Moderate(D1) drought with Abnormally Dry(D0) drought elsewhere.",CSV
202602,1,0,202602,17,1200,210049,1310137,NEW MEXICO,35,2026,February,Drought,Z,429,SOUTHEAST TULAROSA BASIN,EPZ,01-FEB-26 00:00:00,MST-7,17-FEB-26 12:00:00,0,0,0,0,0.00K,0.00K,Drought Monitor,,,,,,,,,,,,,,,,,,,,,,"Late January rain helped improve the drought conditions, especially along and east of the Rio Grande Valley. By February 17th, all of Otero and Dona Ana counties had improved to Moderate(D1) drought conditions or better.","The zone started February with Severe(D2) drought over the west and Moderate(D1) drought over the east.  By February 17th, the north was in Moderate(D1) drought with Abnormally Dry(D0) conditions south.",CSV
202602,1,0,202602,17,1200,210049,1310135,NEW MEXICO,35,2026,February,Drought,Z,427,WEST CENTRAL TULAROSA BASIN/WHITE SANDS,EPZ,01-FEB-26 00:00:00,MST-7,17-FEB-26 12:00:00,0,0,0,0,0.00K,0.00K,Drought Monitor,,,,,,,,,,,,,,,,,,,,,,"Late January rain helped improve the drought conditions, especially along and east of the Rio Grande Valley. By February 17th, all of Otero and Dona Ana counties had improved to Moderate(D1) drought conditions or better.","The zone started February with Severe(D2) drought over the west and Moderate(D1) drought over the east.  By February 17th, the west was in Moderate(D1) drought with Abnormally Dry(D0) conditions east. The White Sands National Park Cooperative Observer reported just a trace of precipitation which was 0.38 inches below normal.",CSV
202602,1,0,202602,17,1200,210049,1310136,NEW MEXICO,35,2026,February,Drought,Z,428,EAST CENTRAL TULAROSA BASIN/ALAMOGORDO,EPZ,01-FEB-26 00:00:00,MST-7,17-FEB-26 12:00:00,0,0,0,0,0.00K,0.00K,Drought Monitor,,,,,,,,,,,,,,,,,,,,,,"Late January rain helped improve the drought conditions, especially along and east of the Rio Grande Valley. By February 17th, all of Otero and Dona Ana counties had improved to Moderate(D1) drought conditions or better.","The zone started February with Severe(D2) drought over the west and Moderate(D1) drought over the east.  By February 17th, the west was in Moderate(D1) drought with Abnormally Dry(D0) conditions east.",CSV
202601,1,0,202601,31,2359,209524,1306094,NEW MEXICO,35,2026,January,Drought,Z,405,LOWLANDS OF THE BOOTHEEL,EPZ,01-JAN-26 00:00:00,MST-7,31-JAN-26 23:59:00,0,0,0,0,0.00K,0.00K,Drought Monitor,,,,,,,,,,,,,,,,,,,,,,"One category improvements were noted in drought severity in areas that had previously been in Extreme(D3) or even some Severe(D2) drought.  By the end of the month, there were no areas in southern New Mexico in Extreme(D3) drought or worse.",The entire zone started the month in Severe(D2) drought with the far west improving to Moderate(D1) drought by the end of the month. The Antelope Wells Cooperative Observer reported 1.13 inches of precipitation which was 0.28 inches above normal.,CSV
202601,1,0,202601,31,2359,209524,1306097,NEW MEXICO,35,2026,January,Drought,Z,406,UPLANDS OF THE BOOTHEEL,EPZ,01-JAN-26 00:00:00,MST-7,31-JAN-26 23:59:00,0,0,0,0,0.00K,0.00K,Drought Monitor,,,,,,,,,,,,,,,,,,,,,,"One category improvements were noted in drought severity in areas that had previously been in Extreme(D3) or even some Severe(D2) drought.  By the end of the month, there were no areas in southern New Mexico in Extreme(D3) drought or worse.",The month started out with the entire zone in Severe(D2) drought with the far west improving to Moderate(D1) drought by the end of the month.,CSV
202601,1,0,202601,31,2359,209524,1306100,NEW MEXICO,35,2026,January,Drought,Z,407,SOUTHWEST DESERT/MIMBRES BASIN,EPZ,01-JAN-26 00:00:00,MST-7,31-JAN-26 23:59:00,0,0,0,0,0.00K,0.00K,Drought Monitor,,,,,,,,,,,,,,,,,,,,,,"One category improvements were noted in drought severity in areas that had previously been in Extreme(D3) or even some Severe(D2) drought.  By the end of the month, there were no areas in southern New Mexico in Extreme(D3) drought or worse.",The entire zone remained in Severe(D2) drought in January.  The Deming Airport reported 2.17 inches of precipitation which was 1.70 inches above normal.,CSV
202601,1,0,202601,31,2359,209524,1306103,NEW MEXICO,35,2026,January,Drought,Z,408,EASTERN BLACK RANGE FOOTHILLS,EPZ,01-JAN-26 00:00:00,MST-7,31-JAN-26 23:59:00,0,0,0,0,0.00K,0.00K,Drought Monitor,,,,,,,,,,,,,,,,,,,,,,"One category improvements were noted in drought severity in areas that had previously been in Extreme(D3) or even some Severe(D2) drought.  By the end of the month, there were no areas in southern New Mexico in Extreme(D3) drought or worse.",The entire zone remained in Severe(D2) drought through the month. The Cooperative Observer in Hillsboro reported 0.47 inches of precipitation which was 0.17 inches below normal.,CSV
202601,1,0,202601,31,2359,209524,1306104,NEW MEXICO,35,2026,January,Drought,Z,409,SIERRA COUNTY LAKES,EPZ,01-JAN-26 00:00:00,MST-7,31-JAN-26 23:59:00,0,0,0,0,0.00K,0.00K,Drought Monitor,,,,,,,,,,,,,,,,,,,,,,"One category improvements were noted in drought severity in areas that had previously been in Extreme(D3) or even some Severe(D2) drought.  By the end of the month, there were no areas in southern New Mexico in Extreme(D3) drought or worse.",The zone remained in Severe(D2) drought throughout the month of January.  The Truth or Consequences Airport recorded 0.66 inches of precipitation which was 0.21 inches above normal.,CSV
202601,1,0,202601,31,2359,209524,1306105,NEW MEXICO,35,2026,January,Drought,Z,410,NORTHERN DONA ANA COUNTY,EPZ,01-JAN-26 00:00:00,MST-7,31-JAN-26 23:59:00,0,0,0,0,0.00K,0.00K,Drought Monitor,,,,,,,,,,,,,,,,,,,,,,"One category improvements were noted in drought severity in areas that had previously been in Extreme(D3) or even some Severe(D2) drought.  By the end of the month, there were no areas in southern New Mexico in Extreme(D3) drought or worse.",Severe(D2) drought continued through the entire month of January.,CSV
202601,23,1700,202601,25,1000,208943,1301350,NEW MEXICO,35,2026,January,Winter Storm,Z,239,EASTERN LINCOLN COUNTY,ABQ,23-JAN-26 17:00:00,MST-7,25-JAN-26 10:00:00,0,0,0,0,,,Trained Spotter,,,,,,,,,,,,,,,,,,,,,,"A significant winter storm impacted northern and central NM from January 23rd through January 27th, with a combination of heavy snow, ice, and extreme cold impacts. A subtropical upper low beginning off the coast of the northern Baja Peninsula transported abundant moisture into the Desert Southwest and New Mexico in particular, much of it overriding an anomalously bitter cold and shallow Arctic airmass over eastern NM. This warmer moisture laden air overriding subfreezing surface temperatures set the stage for freezing rain and sleet for areas along the south-central highlands to the south-central mountains and southeastern plains of NM January 23rd through January 24th. Slick icy travel conditions were reported in these areas alongside ice and snow downing limbs and trees across the Ruidoso area burn scars. Power outages and road closures in the Ruidoso area lasted multiple days from January 24th to at least January 28th. While the entire event was snow for the northeastern plains and northern mountains, the transition from rain to snow through the middle Rio Grande Valley and an icy wintry mix to all snow through the aforementioned areas of ice did not occur until late January 25th when a trailing upper level system over the Four Corners area brought snow levels down to valley floors. The highest snow accumulations of 30 plus inches fell atop Sierra Blanca Peak just west of Ruidoso. A Village Disaster Declaration was made January 27th. General amounts of 2 to 8 inches of snow fell elsewhere across the northern mountains, highlands, and southeastern plains. Extreme cold settled into eastern NM behind the Arctic airmass where 72 to 96 hours of subfreezing temperatures lasted in many areas. Freezing fog limiting visibility in these areas were present during the first 48 hours of the event, with extreme cold wind chills falling below zero to negative 10 to 15 degrees below zero during the nights thereafter through the morning of January 27th. Conditions from ice and snow began improving January 26th while the extreme cold and wind chills persisted for the southeast plains particularly near Roswell through January 27th.","A trained spotter in the northern part of the zone measured 0.5 inches of ice accretion from freezing rain late January 23rd into the morning hours of January 24th. Additionally, trained spotters in Tinnie and Glencoe measured 6 inches of snowfall from midday January 24th through the late morning hours of January 25th.",CSV
202601,1,0,202601,31,2359,209524,1306112,NEW MEXICO,35,2026,January,Drought,Z,429,SOUTHEAST TULAROSA BASIN,EPZ,01-JAN-26 00:00:00,MST-7,31-JAN-26 23:59:00,0,0,0,0,0.00K,0.00K,Drought Monitor,,,,,,,,,,,,,,,,,,,,,,"One category improvements were noted in drought severity in areas that had previously been in Extreme(D3) or even some Severe(D2) drought.  By the end of the month, there were no areas in southern New Mexico in Extreme(D3) drought or worse.",There was no change in drought conditions through the month of January.  The western half of the zone remained in Severe(D2) drought and the east in Moderate(D1) drought.,CSV
202601,7,2305,202601,8,300,210036,1310045,NEW MEXICO,35,2026,January,High Wind,Z,427,WEST CENTRAL TULAROSA BASIN/WHITE SANDS,EPZ,07-JAN-26 23:05:00,MST-7,08-JAN-26 03:00:00,0,0,0,0,0.00K,0.00K,Mesonet,63.00,MG,,,,,,,,,,,,,,,,,,,,An upper level trough with an associated cold front moved through during the early morning hours of January 8th.  Wind gusts up to 73 mph were reported on the eastern slopes of the Organ Mountains on the White Sands Missile Range.,"A peak gust of 73 mph was recorded at the White Sands Missile Range Building 1830.  Other gusts around the area included 72 mph at San Augustin Pass, 68 mph at the Main Post and 63 mph at the Emre Mesonet site.",CSV
202602,20,930,202602,20,1010,209598,1306664,NEW MEXICO,35,2026,February,Winter Weather,Z,204,NORTHWEST HIGHLANDS,ABQ,20-FEB-26 09:30:00,MST-7,20-FEB-26 10:10:00,0,0,0,0,,,Department of Highways,,,,,,,,,,,,,,,,,,,,,,"The third and final weather system in a series moved across the Four Corners and southern Rockies February 20th. A snow squall along the cold front resulted in a very brief period of quarter mile visibility at several locations across western New Mexico during the mid to late morning hours, including Farmington, Gallup, and Grants. This snow squall also resulted in a vehicle crash on U.S. Highway 550 just west of Cuba, NM. The snow squall along the cold front dissipated as it moved east into the Rio Grande Valley, resulting in some high wind gusts in the zone. Upslope flow resulted in light to moderate snow across the north central mountains with a localized area of heavy snow across Taos Ski Valley. Snow across the north central mountains tapered off midday February 20th. Additional high wind gusts were observed across eastern NM along and just behind the cold front during the early afternoon hours before winds tapered off around sunset.",Snow Squall resulted in visibility below a quarter of a mile and a vehicle crash on U.S 550 at mile marker 97 just west of Cuba. The crash led to the brief closure of the highway. The extent of any injuries is unknown.,CSV
202602,18,900,202602,18,1800,209592,1306597,NEW MEXICO,35,2026,February,High Wind,Z,208,SOUTHWEST MOUNTAINS,ABQ,18-FEB-26 09:00:00,MST-7,18-FEB-26 18:00:00,0,0,0,0,,,Public,52.00,MG,,,,,,,,,,,,,,,,,,,,"The second weather system in a series of storms across the western U.S. moved into the Four Corners area February 18th. This system brought light to moderate snow to the Tusas and northern Sangre de Cristo Mountains. However, the more significant hazard to the region was the strong to damaging wind gusts. Daytime mixing allowed stronger winds aloft to mix down to the surface resulting in high wind gusts across the highlands of far west central NM and eventually the central mountain chain and adjacent central highlands. A band of snow accompanying the Pacific cold front moved across western and north central NM during the evening hours of February 18th. Heading into the overnight hours February 18th into February 19th, strong to damaging wind gusts shifted to the Sangre de Cristo Mountains and adjacent northeast highlands as the shortwave moved across the southern Rockies. High winds across the eastern highlands tapered off slowly during the late morning hours as the shortwave exited northeast outside of a brief high wind gust east of Puerto de Luna in Guadalupe County.",The Magdalena Ridge Observatory measured high wind gusts peaking at 60 mph.,CSV
202601,1,0,202601,31,2359,209255,1303993,NEW MEXICO,35,2026,January,Drought,Z,201,NORTHWEST PLATEAU,ABQ,01-JAN-26 00:00:00,MST-7,31-JAN-26 23:59:00,0,0,0,0,,,Drought Monitor,,,,,,,,,,,,,,,,,,,,,,"January 2026 was generally a mild and wet month for most of northern and central New Mexico. There were two active periods during the month, with the first being from January 7th to 9th and the other from January 23rd to 25th. This resulted in well above average precipitation across southern and central areas and near to slightly above average precipitation across east central and northern areas. Temperatures for the month were well above average across western and central areas and well below normal across the southeast plains. The well below normal temperatures across the southeast plains were due to a potent arctic like airmass impacting eastern NM during the 2nd aforementioned active period with the cold temperatures continuing through the end of the month due to extended periods of low clouds and freezing fog over the lingering snowpack. The wetter than average conditions for the month resulted in the removal of extreme drought across the San Francisco River Valley and removal of severe drought across almost all of southern Chaves County.",Extreme drought remained persistent over the east-central portion of the zone.,CSV
202601,26,555,202601,26,640,208943,1301353,NEW MEXICO,35,2026,January,Extreme Cold/Wind Chill,Z,231,HARDING COUNTY,ABQ,26-JAN-26 05:55:00,MST-7,26-JAN-26 06:40:00,0,0,0,0,,,Mesonet,,,,,,,,,,,,,,,,,,,,,,"A significant winter storm impacted northern and central NM from January 23rd through January 27th, with a combination of heavy snow, ice, and extreme cold impacts. A subtropical upper low beginning off the coast of the northern Baja Peninsula transported abundant moisture into the Desert Southwest and New Mexico in particular, much of it overriding an anomalously bitter cold and shallow Arctic airmass over eastern NM. This warmer moisture laden air overriding subfreezing surface temperatures set the stage for freezing rain and sleet for areas along the south-central highlands to the south-central mountains and southeastern plains of NM January 23rd through January 24th. Slick icy travel conditions were reported in these areas alongside ice and snow downing limbs and trees across the Ruidoso area burn scars. Power outages and road closures in the Ruidoso area lasted multiple days from January 24th to at least January 28th. While the entire event was snow for the northeastern plains and northern mountains, the transition from rain to snow through the middle Rio Grande Valley and an icy wintry mix to all snow through the aforementioned areas of ice did not occur until late January 25th when a trailing upper level system over the Four Corners area brought snow levels down to valley floors. The highest snow accumulations of 30 plus inches fell atop Sierra Blanca Peak just west of Ruidoso. A Village Disaster Declaration was made January 27th. General amounts of 2 to 8 inches of snow fell elsewhere across the northern mountains, highlands, and southeastern plains. Extreme cold settled into eastern NM behind the Arctic airmass where 72 to 96 hours of subfreezing temperatures lasted in many areas. Freezing fog limiting visibility in these areas were present during the first 48 hours of the event, with extreme cold wind chills falling below zero to negative 10 to 15 degrees below zero during the nights thereafter through the morning of January 27th. Conditions from ice and snow began improving January 26th while the extreme cold and wind chills persisted for the southeast plains particularly near Roswell through January 27th.",A mesonet station 3.8 miles northeast of Solano observed a minimum wind chill of 16 below zero.,CSV
202601,25,2156,202601,26,156,208943,1301354,NEW MEXICO,35,2026,January,Extreme Cold/Wind Chill,Z,235,CURRY COUNTY,ABQ,25-JAN-26 21:56:00,MST-7,26-JAN-26 01:56:00,0,0,0,0,,,AWOS,,,,,,,,,,,,,,,,,,,,,,"A significant winter storm impacted northern and central NM from January 23rd through January 27th, with a combination of heavy snow, ice, and extreme cold impacts. A subtropical upper low beginning off the coast of the northern Baja Peninsula transported abundant moisture into the Desert Southwest and New Mexico in particular, much of it overriding an anomalously bitter cold and shallow Arctic airmass over eastern NM. This warmer moisture laden air overriding subfreezing surface temperatures set the stage for freezing rain and sleet for areas along the south-central highlands to the south-central mountains and southeastern plains of NM January 23rd through January 24th. Slick icy travel conditions were reported in these areas alongside ice and snow downing limbs and trees across the Ruidoso area burn scars. Power outages and road closures in the Ruidoso area lasted multiple days from January 24th to at least January 28th. While the entire event was snow for the northeastern plains and northern mountains, the transition from rain to snow through the middle Rio Grande Valley and an icy wintry mix to all snow through the aforementioned areas of ice did not occur until late January 25th when a trailing upper level system over the Four Corners area brought snow levels down to valley floors. The highest snow accumulations of 30 plus inches fell atop Sierra Blanca Peak just west of Ruidoso. A Village Disaster Declaration was made January 27th. General amounts of 2 to 8 inches of snow fell elsewhere across the northern mountains, highlands, and southeastern plains. Extreme cold settled into eastern NM behind the Arctic airmass where 72 to 96 hours of subfreezing temperatures lasted in many areas. Freezing fog limiting visibility in these areas were present during the first 48 hours of the event, with extreme cold wind chills falling below zero to negative 10 to 15 degrees below zero during the nights thereafter through the morning of January 27th. Conditions from ice and snow began improving January 26th while the extreme cold and wind chills persisted for the southeast plains particularly near Roswell through January 27th.",The AWOS at Clovis Municipal Airport observed a minimum wind chill of 14 below zero.,CSV
202601,25,2330,202601,25,2340,208943,1301358,NEW MEXICO,35,2026,January,Extreme Cold/Wind Chill,Z,240,SOUTHWEST CHAVES COUNTY,ABQ,25-JAN-26 23:30:00,MST-7,25-JAN-26 23:40:00,0,0,0,0,,,Mesonet,,,,,,,,,,,,,,,,,,,,,,"A significant winter storm impacted northern and central NM from January 23rd through January 27th, with a combination of heavy snow, ice, and extreme cold impacts. A subtropical upper low beginning off the coast of the northern Baja Peninsula transported abundant moisture into the Desert Southwest and New Mexico in particular, much of it overriding an anomalously bitter cold and shallow Arctic airmass over eastern NM. This warmer moisture laden air overriding subfreezing surface temperatures set the stage for freezing rain and sleet for areas along the south-central highlands to the south-central mountains and southeastern plains of NM January 23rd through January 24th. Slick icy travel conditions were reported in these areas alongside ice and snow downing limbs and trees across the Ruidoso area burn scars. Power outages and road closures in the Ruidoso area lasted multiple days from January 24th to at least January 28th. While the entire event was snow for the northeastern plains and northern mountains, the transition from rain to snow through the middle Rio Grande Valley and an icy wintry mix to all snow through the aforementioned areas of ice did not occur until late January 25th when a trailing upper level system over the Four Corners area brought snow levels down to valley floors. The highest snow accumulations of 30 plus inches fell atop Sierra Blanca Peak just west of Ruidoso. A Village Disaster Declaration was made January 27th. General amounts of 2 to 8 inches of snow fell elsewhere across the northern mountains, highlands, and southeastern plains. Extreme cold settled into eastern NM behind the Arctic airmass where 72 to 96 hours of subfreezing temperatures lasted in many areas. Freezing fog limiting visibility in these areas were present during the first 48 hours of the event, with extreme cold wind chills falling below zero to negative 10 to 15 degrees below zero during the nights thereafter through the morning of January 27th. Conditions from ice and snow began improving January 26th while the extreme cold and wind chills persisted for the southeast plains particularly near Roswell through January 27th.",The mesonet station at Runyan Ranches observed a minimum wind chill of 5 below zero.,CSV
202601,24,800,202601,25,900,210042,1310047,NEW MEXICO,35,2026,January,Winter Storm,Z,415,SACRAMENTO MOUNTAINS ABOVE 7500 FEET,EPZ,24-JAN-26 08:00:00,MST-7,25-JAN-26 09:00:00,0,0,0,0,100.00K,0.00K,Law Enforcement,,,,,,,,,,,,,,,,,,,,,,A classic winter weather pattern setup across the region with an upper low moving through northwest Mexico while a back door cold front moved into Otero County. Southwest flow aloft ahead of the upper low kept some warm air aloft over the area and the Sacramento Mountains experienced a period of freezing rain before transitioning over to all snow.  This combination of winter weather types caused numerous power outages and over 2 feet of snow in the Cloudcroft area.,"Snow and ice caused widespread power outages.  As of 10 AM MST on Jan 24th, approximately 5800 people were without power in Otero County, most in the Sacramento Mountains.  The Otero County Electric COOP was still making repairs over 2 days later with reports of a lot of tree damage and broken poles due to ice loading.  ||Total snowfall amounts across the zone included 20 to 26 inches in the Cloudcroft area and 6.5 inches about 6 miles northwest of Mayhill.",CSV
202601,23,1500,202601,25,1000,208943,1301347,NEW MEXICO,35,2026,January,Winter Storm,Z,226,SOUTH CENTRAL MOUNTAINS,ABQ,23-JAN-26 15:00:00,MST-7,25-JAN-26 10:00:00,0,0,0,0,0.00K,0.00K,Emergency Manager,,,,,,,,,,,,,,,,,,,,,,"A significant winter storm impacted northern and central NM from January 23rd through January 27th, with a combination of heavy snow, ice, and extreme cold impacts. A subtropical upper low beginning off the coast of the northern Baja Peninsula transported abundant moisture into the Desert Southwest and New Mexico in particular, much of it overriding an anomalously bitter cold and shallow Arctic airmass over eastern NM. This warmer moisture laden air overriding subfreezing surface temperatures set the stage for freezing rain and sleet for areas along the south-central highlands to the south-central mountains and southeastern plains of NM January 23rd through January 24th. Slick icy travel conditions were reported in these areas alongside ice and snow downing limbs and trees across the Ruidoso area burn scars. Power outages and road closures in the Ruidoso area lasted multiple days from January 24th to at least January 28th. While the entire event was snow for the northeastern plains and northern mountains, the transition from rain to snow through the middle Rio Grande Valley and an icy wintry mix to all snow through the aforementioned areas of ice did not occur until late January 25th when a trailing upper level system over the Four Corners area brought snow levels down to valley floors. The highest snow accumulations of 30 plus inches fell atop Sierra Blanca Peak just west of Ruidoso. A Village Disaster Declaration was made January 27th. General amounts of 2 to 8 inches of snow fell elsewhere across the northern mountains, highlands, and southeastern plains. Extreme cold settled into eastern NM behind the Arctic airmass where 72 to 96 hours of subfreezing temperatures lasted in many areas. Freezing fog limiting visibility in these areas were present during the first 48 hours of the event, with extreme cold wind chills falling below zero to negative 10 to 15 degrees below zero during the nights thereafter through the morning of January 27th. Conditions from ice and snow began improving January 26th while the extreme cold and wind chills persisted for the southeast plains particularly near Roswell through January 27th.","Sierra Blanca Peak and Ski Apache experienced only snow during the entirety of the event totaling to 31 inches. Meanwhile in lower elevations of the zone, like the village of Ruidoso, a quarter inch of ice accretion from freezing rain late January 23rd through the morning hours of January 24th followed by 8 to 12 inches of snow midday January 24th through the late morning of January 25th resulted in widespread downed trees and power outages in the village. At its peak, 8,551 customers were without power. Power was restored to all customers by the morning of January 28th.",CSV
202601,23,1300,202601,25,700,208943,1301343,NEW MEXICO,35,2026,January,Heavy Snow,Z,214,SOUTHERN SANGRE DE CRISTO MOUNTAINS,ABQ,23-JAN-26 13:00:00,MST-7,25-JAN-26 07:00:00,0,0,0,0,,,Public,,,,,,,,,,,,,,,,,,,,,,"A significant winter storm impacted northern and central NM from January 23rd through January 27th, with a combination of heavy snow, ice, and extreme cold impacts. A subtropical upper low beginning off the coast of the northern Baja Peninsula transported abundant moisture into the Desert Southwest and New Mexico in particular, much of it overriding an anomalously bitter cold and shallow Arctic airmass over eastern NM. This warmer moisture laden air overriding subfreezing surface temperatures set the stage for freezing rain and sleet for areas along the south-central highlands to the south-central mountains and southeastern plains of NM January 23rd through January 24th. Slick icy travel conditions were reported in these areas alongside ice and snow downing limbs and trees across the Ruidoso area burn scars. Power outages and road closures in the Ruidoso area lasted multiple days from January 24th to at least January 28th. While the entire event was snow for the northeastern plains and northern mountains, the transition from rain to snow through the middle Rio Grande Valley and an icy wintry mix to all snow through the aforementioned areas of ice did not occur until late January 25th when a trailing upper level system over the Four Corners area brought snow levels down to valley floors. The highest snow accumulations of 30 plus inches fell atop Sierra Blanca Peak just west of Ruidoso. A Village Disaster Declaration was made January 27th. General amounts of 2 to 8 inches of snow fell elsewhere across the northern mountains, highlands, and southeastern plains. Extreme cold settled into eastern NM behind the Arctic airmass where 72 to 96 hours of subfreezing temperatures lasted in many areas. Freezing fog limiting visibility in these areas were present during the first 48 hours of the event, with extreme cold wind chills falling below zero to negative 10 to 15 degrees below zero during the nights thereafter through the morning of January 27th. Conditions from ice and snow began improving January 26th while the extreme cold and wind chills persisted for the southeast plains particularly near Roswell through January 27th.",Sipapu Ski observed 11 inches of snowfall.,CSV
202601,23,1700,202601,25,700,208943,1301345,NEW MEXICO,35,2026,January,Heavy Snow,Z,221,SANDIA/MANZANO MOUNTAINS INCLUDING EDGEWOOD,ABQ,23-JAN-26 17:00:00,MST-7,25-JAN-26 07:00:00,0,0,0,0,,,Public,,,,,,,,,,,,,,,,,,,,,,"A significant winter storm impacted northern and central NM from January 23rd through January 27th, with a combination of heavy snow, ice, and extreme cold impacts. A subtropical upper low beginning off the coast of the northern Baja Peninsula transported abundant moisture into the Desert Southwest and New Mexico in particular, much of it overriding an anomalously bitter cold and shallow Arctic airmass over eastern NM. This warmer moisture laden air overriding subfreezing surface temperatures set the stage for freezing rain and sleet for areas along the south-central highlands to the south-central mountains and southeastern plains of NM January 23rd through January 24th. Slick icy travel conditions were reported in these areas alongside ice and snow downing limbs and trees across the Ruidoso area burn scars. Power outages and road closures in the Ruidoso area lasted multiple days from January 24th to at least January 28th. While the entire event was snow for the northeastern plains and northern mountains, the transition from rain to snow through the middle Rio Grande Valley and an icy wintry mix to all snow through the aforementioned areas of ice did not occur until late January 25th when a trailing upper level system over the Four Corners area brought snow levels down to valley floors. The highest snow accumulations of 30 plus inches fell atop Sierra Blanca Peak just west of Ruidoso. A Village Disaster Declaration was made January 27th. General amounts of 2 to 8 inches of snow fell elsewhere across the northern mountains, highlands, and southeastern plains. Extreme cold settled into eastern NM behind the Arctic airmass where 72 to 96 hours of subfreezing temperatures lasted in many areas. Freezing fog limiting visibility in these areas were present during the first 48 hours of the event, with extreme cold wind chills falling below zero to negative 10 to 15 degrees below zero during the nights thereafter through the morning of January 27th. Conditions from ice and snow began improving January 26th while the extreme cold and wind chills persisted for the southeast plains particularly near Roswell through January 27th.","Sandia Ski observed 8 inches of snowfall. Elsewhere across the zone, CoCoRaHS observers near Sedillo and Edgewood measured 4 to 5 inches of snowfall.",CSV
202601,23,1700,202601,25,1100,208943,1301349,NEW MEXICO,35,2026,January,Winter Storm,Z,238,CHAVES COUNTY PLAINS,ABQ,23-JAN-26 17:00:00,MST-7,25-JAN-26 11:00:00,0,0,0,0,,,CoCoRaHS,,,,,,,,,,,,,,,,,,,,,,"A significant winter storm impacted northern and central NM from January 23rd through January 27th, with a combination of heavy snow, ice, and extreme cold impacts. A subtropical upper low beginning off the coast of the northern Baja Peninsula transported abundant moisture into the Desert Southwest and New Mexico in particular, much of it overriding an anomalously bitter cold and shallow Arctic airmass over eastern NM. This warmer moisture laden air overriding subfreezing surface temperatures set the stage for freezing rain and sleet for areas along the south-central highlands to the south-central mountains and southeastern plains of NM January 23rd through January 24th. Slick icy travel conditions were reported in these areas alongside ice and snow downing limbs and trees across the Ruidoso area burn scars. Power outages and road closures in the Ruidoso area lasted multiple days from January 24th to at least January 28th. While the entire event was snow for the northeastern plains and northern mountains, the transition from rain to snow through the middle Rio Grande Valley and an icy wintry mix to all snow through the aforementioned areas of ice did not occur until late January 25th when a trailing upper level system over the Four Corners area brought snow levels down to valley floors. The highest snow accumulations of 30 plus inches fell atop Sierra Blanca Peak just west of Ruidoso. A Village Disaster Declaration was made January 27th. General amounts of 2 to 8 inches of snow fell elsewhere across the northern mountains, highlands, and southeastern plains. Extreme cold settled into eastern NM behind the Arctic airmass where 72 to 96 hours of subfreezing temperatures lasted in many areas. Freezing fog limiting visibility in these areas were present during the first 48 hours of the event, with extreme cold wind chills falling below zero to negative 10 to 15 degrees below zero during the nights thereafter through the morning of January 27th. Conditions from ice and snow began improving January 26th while the extreme cold and wind chills persisted for the southeast plains particularly near Roswell through January 27th.","A CoCoRaHS observer a few miles west of Hagerman measured 0.3 inches of ice accretion from freezing rain late January 23rd into the morning of January 24th. This was followed with 8.8 inches of snowfall midday January 24th into the late morning hours of January 25th. Other snowfall reports across the zone midday January 24th through the late morning hours of January 25th include 8 inches near the Roswell Airport, 6.5 inches in Lake Arthur, and 5 to 6 inches on the north side of Roswell.",CSV
202601,23,2030,202601,25,940,209408,1306517,NEW MEXICO,35,2026,January,Winter Weather,Z,28,EDDY COUNTY PLAINS,MAF,23-JAN-26 20:30:00,MST-7,25-JAN-26 09:40:00,0,0,0,0,,0.00K,Trained Spotter,,,,,,,,,,,,,,,,,,,,,,"A strong arctic cold front moved across west Texas and southeast New Mexico during the afternoon and evening hours of the 23rd. Meanwhile, a potent upper-level trough neared the region from the west. Widespread rain began during the morning of the 23rd in western portions of the area and gradually transitioned eastward through the day. As the front moved across the area, rain transitioned to sleet and snow from north to south (with freezing rain being more common south of the Pecos River and in the Davis Mountains). Off and on bands of sleet and snow continued across the Permian Basin and southeast New Mexico on the 24th, and became mostly snow by the 25th before moving east of the area late in the afternoon. Snowfall/sleet totals reached winter storm criteria across much of the northern basin and in southeast New Mexico. Lower snow and ice totals were reported further south.",A combined total of 0.5 inches of sleet and freezing rain was reported in Carlsbad by a trained spotter. 0.4 inches of sleet and 0.1 inches of ice accumulation was measured. The start of the event was estimated by radar and spotter reports.,CSV
202601,23,1600,202601,25,1100,209408,1306526,NEW MEXICO,35,2026,January,Winter Storm,Z,27,GUADALUPE MOUNTAINS OF EDDY COUNTY,MAF,23-JAN-26 16:00:00,MST-7,25-JAN-26 11:00:00,0,0,0,0,,0.00K,Trained Spotter,,,,,,,,,,,,,,,,,,,,,,"A strong arctic cold front moved across west Texas and southeast New Mexico during the afternoon and evening hours of the 23rd. Meanwhile, a potent upper-level trough neared the region from the west. Widespread rain began during the morning of the 23rd in western portions of the area and gradually transitioned eastward through the day. As the front moved across the area, rain transitioned to sleet and snow from north to south (with freezing rain being more common south of the Pecos River and in the Davis Mountains). Off and on bands of sleet and snow continued across the Permian Basin and southeast New Mexico on the 24th, and became mostly snow by the 25th before moving east of the area late in the afternoon. Snowfall/sleet totals reached winter storm criteria across much of the northern basin and in southeast New Mexico. Lower snow and ice totals were reported further south.",A trained spotter relayed a report from Facebook of 4 inches of snowfall over two days near Queen. The total duration of the event is estimated from radar.,CSV
202601,25,1940,202601,26,745,208943,1301357,NEW MEXICO,35,2026,January,Extreme Cold/Wind Chill,Z,238,CHAVES COUNTY PLAINS,ABQ,25-JAN-26 19:40:00,MST-7,26-JAN-26 07:45:00,0,0,0,0,,,Mesonet,,,,,,,,,,,,,,,,,,,,,,"A significant winter storm impacted northern and central NM from January 23rd through January 27th, with a combination of heavy snow, ice, and extreme cold impacts. A subtropical upper low beginning off the coast of the northern Baja Peninsula transported abundant moisture into the Desert Southwest and New Mexico in particular, much of it overriding an anomalously bitter cold and shallow Arctic airmass over eastern NM. This warmer moisture laden air overriding subfreezing surface temperatures set the stage for freezing rain and sleet for areas along the south-central highlands to the south-central mountains and southeastern plains of NM January 23rd through January 24th. Slick icy travel conditions were reported in these areas alongside ice and snow downing limbs and trees across the Ruidoso area burn scars. Power outages and road closures in the Ruidoso area lasted multiple days from January 24th to at least January 28th. While the entire event was snow for the northeastern plains and northern mountains, the transition from rain to snow through the middle Rio Grande Valley and an icy wintry mix to all snow through the aforementioned areas of ice did not occur until late January 25th when a trailing upper level system over the Four Corners area brought snow levels down to valley floors. The highest snow accumulations of 30 plus inches fell atop Sierra Blanca Peak just west of Ruidoso. A Village Disaster Declaration was made January 27th. General amounts of 2 to 8 inches of snow fell elsewhere across the northern mountains, highlands, and southeastern plains. Extreme cold settled into eastern NM behind the Arctic airmass where 72 to 96 hours of subfreezing temperatures lasted in many areas. Freezing fog limiting visibility in these areas were present during the first 48 hours of the event, with extreme cold wind chills falling below zero to negative 10 to 15 degrees below zero during the nights thereafter through the morning of January 27th. Conditions from ice and snow began improving January 26th while the extreme cold and wind chills persisted for the southeast plains particularly near Roswell through January 27th.","The mesonet station at Hagerman observed a minimum wind chill of 20 below zero. Elsewhere in the zone, the mesonet station at Dexter and the ASOS at the Roswell Air Center each observed a minimum wind chill of 19 below zero.",CSV
202602,17,914,202602,17,916,209583,1306441,NEW MEXICO,35,2026,February,High Wind,Z,229,NORTHEAST HIGHLANDS,ABQ,17-FEB-26 09:14:00,MST-7,17-FEB-26 09:16:00,0,0,0,0,,,ASOS,55.00,MG,,,,,,,,,,,,,,,,,,,,"A deep upper level storm moved into the western U.S. early on February 17th with a lead disturbance moving over the Four Corners and Intermountain West. Strong mid and upper level winds at the base of this shortwave moved over New Mexico during this time. The Pacific cold front associated with this disturbance moved across the state during the morning hours of the day resulting in brief high wind gusts at several sites along and west of the central mountain chain coinciding with a period of rain and snow west of the Rio Grande Valley and the north central mountains. A peak gust of 84 mph was measured at Kachina Peak within the Taos Ski Valley, while two reports of downed trees with one knocking out a power line came in from Ruidoso. Subsidence behind the cold front allowed stronger winds aloft to translate down the surface resulting in an extended period of high winds along and east of the central mountain chain. High winds tapered off during the late afternoon and evening hours.",The ASOS at the Las Vegas Municipal Airport measured a brief high wind gust of 63 mph.,CSV
202601,7,1400,202601,9,700,208638,1299782,NEW MEXICO,35,2026,January,Heavy Snow,Z,208,SOUTHWEST MOUNTAINS,ABQ,07-JAN-26 14:00:00,MST-7,09-JAN-26 07:00:00,0,0,0,0,,,SNOTEL,,,,,,,,,,,,,,,,,,,,,,"Two back to back winter storm systems impacted northern and central NM with the first from late January 7th through the morning of January 8th with the second colder system crossing the state late January 8th through the afternoon of January 9th. The first storm brought snow to mainly the mountains and nearby highlands, with valley and plains locations receiving mainly rain. Gusty west winds were observed across the central highlands midday on January 8th between the two storm systems with a peak wind gust of 65 mph at a Ziamet station southeast of Vaughn. The second storm system approached the state during the afternoon hours of January 8th with western New Mexico impacted by a band of snow on the leading edge of the storm. This band of snow moved into the middle Rio Grande Valley during the evening. This band contained a convective storm with large hail and graupel across the Albuquerque metro area. Accumulating graupel and hail forced the closure of I-40 west of Albuquerque with one inch diameter hail and graupel observed at the National Weather Service office. As the core of the system moved into western NM the night of January 8th and early morning of January 9th, a wraparound snow band brought moderate to heavy snow across northwest and north-central NM, including Farmington, Taos, and Santa Fe. Moderate to heavy snow then shifted to northeast NM on the north side of the storm during the morning and midday hours of January 9th. North wind gusts of up to 45 mph resulted in blowing snow and near whiteout conditions and the temporary closures of I-25 at Raton Pass and U.S. Highway 64/87 between Raton and Clayton. Snow across northeast NM tapered off during the early evening hours as the system exited into the central Great Plains. A lingering band of snow across Espanola, Los Alamos, Santa Fe, and Glorieta brought some light snow during the evening hours of January 9th before skies finally cleared up and temperatures plummeted overnight.||In the end, snowfall amounts of 2 to 6 inches were observed across lower elevations of northwest and north central New Mexico, 4 to 7 inches across the Jemez and Tusas Mountains with an estimated 10 inches at the Bateman SNOTEL site in the southern Tusas Mountains. The Sangre de Cristo Mountains observed 1 to 2 feet of snow with the higher end of this range observed at Ski Santa Fe and the Santa Fe SNOTEL site. The eastern foothills of the Albuquerque Metro observed 1 to 2 inches of a snow and graupel mix and the Sandia and Manzano Mountains observing around 5 to 9 inches of snow with locally a foot on the Sandia Crest. The west-central and southwest mountains observed around 3 to 5 inches of snow with locally up to an estimated 16 inches at Whitewater Baldy Peak. Finally, the Ruidoso area observed around 1 to 4 inches of snow with 10 inches at Sierra Blanca Peak and Ski Apache.",The Silver Creek Divide SNOTEL observed an estimated 16 inches of snowfall. CoCoRaHS observers along U.S. Highway 60 between Quemado and Datil measured an overall 3 to 5 inches of snowfall.,CSV
202601,7,1600,202601,9,700,208638,1299781,NEW MEXICO,35,2026,January,Heavy Snow,Z,206,WEST CENTRAL MOUNTAINS,ABQ,07-JAN-26 16:00:00,MST-7,09-JAN-26 07:00:00,0,0,0,0,,,SNOTEL,,,,,,,,,,,,,,,,,,,,,,"Two back to back winter storm systems impacted northern and central NM with the first from late January 7th through the morning of January 8th with the second colder system crossing the state late January 8th through the afternoon of January 9th. The first storm brought snow to mainly the mountains and nearby highlands, with valley and plains locations receiving mainly rain. Gusty west winds were observed across the central highlands midday on January 8th between the two storm systems with a peak wind gust of 65 mph at a Ziamet station southeast of Vaughn. The second storm system approached the state during the afternoon hours of January 8th with western New Mexico impacted by a band of snow on the leading edge of the storm. This band of snow moved into the middle Rio Grande Valley during the evening. This band contained a convective storm with large hail and graupel across the Albuquerque metro area. Accumulating graupel and hail forced the closure of I-40 west of Albuquerque with one inch diameter hail and graupel observed at the National Weather Service office. As the core of the system moved into western NM the night of January 8th and early morning of January 9th, a wraparound snow band brought moderate to heavy snow across northwest and north-central NM, including Farmington, Taos, and Santa Fe. Moderate to heavy snow then shifted to northeast NM on the north side of the storm during the morning and midday hours of January 9th. North wind gusts of up to 45 mph resulted in blowing snow and near whiteout conditions and the temporary closures of I-25 at Raton Pass and U.S. Highway 64/87 between Raton and Clayton. Snow across northeast NM tapered off during the early evening hours as the system exited into the central Great Plains. A lingering band of snow across Espanola, Los Alamos, Santa Fe, and Glorieta brought some light snow during the evening hours of January 9th before skies finally cleared up and temperatures plummeted overnight.||In the end, snowfall amounts of 2 to 6 inches were observed across lower elevations of northwest and north central New Mexico, 4 to 7 inches across the Jemez and Tusas Mountains with an estimated 10 inches at the Bateman SNOTEL site in the southern Tusas Mountains. The Sangre de Cristo Mountains observed 1 to 2 feet of snow with the higher end of this range observed at Ski Santa Fe and the Santa Fe SNOTEL site. The eastern foothills of the Albuquerque Metro observed 1 to 2 inches of a snow and graupel mix and the Sandia and Manzano Mountains observing around 5 to 9 inches of snow with locally a foot on the Sandia Crest. The west-central and southwest mountains observed around 3 to 5 inches of snow with locally up to an estimated 16 inches at Whitewater Baldy Peak. Finally, the Ruidoso area observed around 1 to 4 inches of snow with 10 inches at Sierra Blanca Peak and Ski Apache.",The Rice Park SNOTEL measured an estimated 9 inches of snowfall. A CoCoRaHS observer in Ramah observed 4.1 inches of snowfall.,CSV
202601,26,40,202601,26,641,208943,1301355,NEW MEXICO,35,2026,January,Extreme Cold/Wind Chill,Z,236,ROOSEVELT COUNTY,ABQ,26-JAN-26 00:40:00,MST-7,26-JAN-26 06:41:00,0,0,0,0,,,Mesonet,,,,,,,,,,,,,,,,,,,,,,"A significant winter storm impacted northern and central NM from January 23rd through January 27th, with a combination of heavy snow, ice, and extreme cold impacts. A subtropical upper low beginning off the coast of the northern Baja Peninsula transported abundant moisture into the Desert Southwest and New Mexico in particular, much of it overriding an anomalously bitter cold and shallow Arctic airmass over eastern NM. This warmer moisture laden air overriding subfreezing surface temperatures set the stage for freezing rain and sleet for areas along the south-central highlands to the south-central mountains and southeastern plains of NM January 23rd through January 24th. Slick icy travel conditions were reported in these areas alongside ice and snow downing limbs and trees across the Ruidoso area burn scars. Power outages and road closures in the Ruidoso area lasted multiple days from January 24th to at least January 28th. While the entire event was snow for the northeastern plains and northern mountains, the transition from rain to snow through the middle Rio Grande Valley and an icy wintry mix to all snow through the aforementioned areas of ice did not occur until late January 25th when a trailing upper level system over the Four Corners area brought snow levels down to valley floors. The highest snow accumulations of 30 plus inches fell atop Sierra Blanca Peak just west of Ruidoso. A Village Disaster Declaration was made January 27th. General amounts of 2 to 8 inches of snow fell elsewhere across the northern mountains, highlands, and southeastern plains. Extreme cold settled into eastern NM behind the Arctic airmass where 72 to 96 hours of subfreezing temperatures lasted in many areas. Freezing fog limiting visibility in these areas were present during the first 48 hours of the event, with extreme cold wind chills falling below zero to negative 10 to 15 degrees below zero during the nights thereafter through the morning of January 27th. Conditions from ice and snow began improving January 26th while the extreme cold and wind chills persisted for the southeast plains particularly near Roswell through January 27th.","The Ziamet station at Dora observed a minimum wind chill of 18 below zero. Elsewhere in the zone, the mesonet station at Melrose Range observed a minimum wind chill of 15 below zero and the Roosevelt SWCD mesonet station observed a minimum wind chill of 11 below zero.",CSV
202601,23,1650,202601,25,1300,209408,1306511,NEW MEXICO,35,2026,January,Winter Weather,Z,33,CENTRAL LEA COUNTY,MAF,23-JAN-26 16:50:00,MST-7,25-JAN-26 13:00:00,0,0,0,0,,0.00K,Newspaper,,,,,,,,,,,,,,,,,,,,,,"A strong arctic cold front moved across west Texas and southeast New Mexico during the afternoon and evening hours of the 23rd. Meanwhile, a potent upper-level trough neared the region from the west. Widespread rain began during the morning of the 23rd in western portions of the area and gradually transitioned eastward through the day. As the front moved across the area, rain transitioned to sleet and snow from north to south (with freezing rain being more common south of the Pecos River and in the Davis Mountains). Off and on bands of sleet and snow continued across the Permian Basin and southeast New Mexico on the 24th, and became mostly snow by the 25th before moving east of the area late in the afternoon. Snowfall/sleet totals reached winter storm criteria across much of the northern basin and in southeast New Mexico. Lower snow and ice totals were reported further south.",A newspaper reported a two-day total of 3.8 inches of sleet/snow near Hobbs. The total duration of the event is estimated from radar and nearby AWOS reports.,CSV
202602,17,940,202602,17,1530,209583,1306446,NEW MEXICO,35,2026,February,High Wind,Z,230,UNION COUNTY,ABQ,17-FEB-26 09:40:00,MST-7,17-FEB-26 15:30:00,0,0,0,0,,,ASOS,61.00,MG,,,,,,,,,,,,,,,,,,,,"A deep upper level storm moved into the western U.S. early on February 17th with a lead disturbance moving over the Four Corners and Intermountain West. Strong mid and upper level winds at the base of this shortwave moved over New Mexico during this time. The Pacific cold front associated with this disturbance moved across the state during the morning hours of the day resulting in brief high wind gusts at several sites along and west of the central mountain chain coinciding with a period of rain and snow west of the Rio Grande Valley and the north central mountains. A peak gust of 84 mph was measured at Kachina Peak within the Taos Ski Valley, while two reports of downed trees with one knocking out a power line came in from Ruidoso. Subsidence behind the cold front allowed stronger winds aloft to translate down the surface resulting in an extended period of high winds along and east of the central mountain chain. High winds tapered off during the late afternoon and evening hours.",The KCAO ASOS measured a peak wind gusts of 70 mph and high sustained winds of 50 mph. ZiaMet stations in southeaster Union County observed high wind gusts of up to 67 mph and high sustained winds up to 47 mph.,CSV
202601,1,0,202601,31,2359,209524,1306107,NEW MEXICO,35,2026,January,Drought,Z,417,OTERO MESA,EPZ,01-JAN-26 00:00:00,MST-7,31-JAN-26 23:59:00,0,0,0,0,0.00K,0.00K,Drought Monitor,,,,,,,,,,,,,,,,,,,,,,"One category improvements were noted in drought severity in areas that had previously been in Extreme(D3) or even some Severe(D2) drought.  By the end of the month, there were no areas in southern New Mexico in Extreme(D3) drought or worse.",Severe(D2) drought continued over all but the far south where Moderate(D1) drought remained in place throughout the month of January.,CSV
202601,26,245,202601,26,630,208943,1301356,NEW MEXICO,35,2026,January,Extreme Cold/Wind Chill,Z,237,DE BACA COUNTY,ABQ,26-JAN-26 02:45:00,MST-7,26-JAN-26 06:30:00,0,0,0,0,,,Mesonet,,,,,,,,,,,,,,,,,,,,,,"A significant winter storm impacted northern and central NM from January 23rd through January 27th, with a combination of heavy snow, ice, and extreme cold impacts. A subtropical upper low beginning off the coast of the northern Baja Peninsula transported abundant moisture into the Desert Southwest and New Mexico in particular, much of it overriding an anomalously bitter cold and shallow Arctic airmass over eastern NM. This warmer moisture laden air overriding subfreezing surface temperatures set the stage for freezing rain and sleet for areas along the south-central highlands to the south-central mountains and southeastern plains of NM January 23rd through January 24th. Slick icy travel conditions were reported in these areas alongside ice and snow downing limbs and trees across the Ruidoso area burn scars. Power outages and road closures in the Ruidoso area lasted multiple days from January 24th to at least January 28th. While the entire event was snow for the northeastern plains and northern mountains, the transition from rain to snow through the middle Rio Grande Valley and an icy wintry mix to all snow through the aforementioned areas of ice did not occur until late January 25th when a trailing upper level system over the Four Corners area brought snow levels down to valley floors. The highest snow accumulations of 30 plus inches fell atop Sierra Blanca Peak just west of Ruidoso. A Village Disaster Declaration was made January 27th. General amounts of 2 to 8 inches of snow fell elsewhere across the northern mountains, highlands, and southeastern plains. Extreme cold settled into eastern NM behind the Arctic airmass where 72 to 96 hours of subfreezing temperatures lasted in many areas. Freezing fog limiting visibility in these areas were present during the first 48 hours of the event, with extreme cold wind chills falling below zero to negative 10 to 15 degrees below zero during the nights thereafter through the morning of January 27th. Conditions from ice and snow began improving January 26th while the extreme cold and wind chills persisted for the southeast plains particularly near Roswell through January 27th.","The mesonet station east of Fort Sumner observed a minimum wind chill of 12 below zero. Elsewhere in the zone, the mesonet station south of Fort Sumner observed a minimum wind chill of 11 below zero.",CSV
202602,17,920,202602,17,1505,209583,1306770,NEW MEXICO,35,2026,February,High Wind,Z,223,CENTRAL HIGHLANDS,ABQ,17-FEB-26 09:20:00,MST-7,17-FEB-26 15:05:00,0,0,0,0,,,Mesonet,44.00,MS,,,,,,,,,,,,,,,,,,,,"A deep upper level storm moved into the western U.S. early on February 17th with a lead disturbance moving over the Four Corners and Intermountain West. Strong mid and upper level winds at the base of this shortwave moved over New Mexico during this time. The Pacific cold front associated with this disturbance moved across the state during the morning hours of the day resulting in brief high wind gusts at several sites along and west of the central mountain chain coinciding with a period of rain and snow west of the Rio Grande Valley and the north central mountains. A peak gust of 84 mph was measured at Kachina Peak within the Taos Ski Valley, while two reports of downed trees with one knocking out a power line came in from Ruidoso. Subsidence behind the cold front allowed stronger winds aloft to translate down the surface resulting in an extended period of high winds along and east of the central mountain chain. High winds tapered off during the late afternoon and evening hours.","A NMDOT weather station at Clines Corners measured peak sustained winds of 51 mph and a peak wind gust of 64 mph. Additionally, the KCQC ASOS at Clines Corners measured peak high sustained winds of 46 mph and a peak wind gust of 67 mph.",CSV
202601,7,1800,202601,9,700,208638,1299783,NEW MEXICO,35,2026,January,Heavy Snow,Z,210,TUSAS MOUNTAINS INCLUDING CHAMA,ABQ,07-JAN-26 18:00:00,MST-7,09-JAN-26 07:00:00,0,0,0,0,,,SNOTEL,,,,,,,,,,,,,,,,,,,,,,"Two back to back winter storm systems impacted northern and central NM with the first from late January 7th through the morning of January 8th with the second colder system crossing the state late January 8th through the afternoon of January 9th. The first storm brought snow to mainly the mountains and nearby highlands, with valley and plains locations receiving mainly rain. Gusty west winds were observed across the central highlands midday on January 8th between the two storm systems with a peak wind gust of 65 mph at a Ziamet station southeast of Vaughn. The second storm system approached the state during the afternoon hours of January 8th with western New Mexico impacted by a band of snow on the leading edge of the storm. This band of snow moved into the middle Rio Grande Valley during the evening. This band contained a convective storm with large hail and graupel across the Albuquerque metro area. Accumulating graupel and hail forced the closure of I-40 west of Albuquerque with one inch diameter hail and graupel observed at the National Weather Service office. As the core of the system moved into western NM the night of January 8th and early morning of January 9th, a wraparound snow band brought moderate to heavy snow across northwest and north-central NM, including Farmington, Taos, and Santa Fe. Moderate to heavy snow then shifted to northeast NM on the north side of the storm during the morning and midday hours of January 9th. North wind gusts of up to 45 mph resulted in blowing snow and near whiteout conditions and the temporary closures of I-25 at Raton Pass and U.S. Highway 64/87 between Raton and Clayton. Snow across northeast NM tapered off during the early evening hours as the system exited into the central Great Plains. A lingering band of snow across Espanola, Los Alamos, Santa Fe, and Glorieta brought some light snow during the evening hours of January 9th before skies finally cleared up and temperatures plummeted overnight.||In the end, snowfall amounts of 2 to 6 inches were observed across lower elevations of northwest and north central New Mexico, 4 to 7 inches across the Jemez and Tusas Mountains with an estimated 10 inches at the Bateman SNOTEL site in the southern Tusas Mountains. The Sangre de Cristo Mountains observed 1 to 2 feet of snow with the higher end of this range observed at Ski Santa Fe and the Santa Fe SNOTEL site. The eastern foothills of the Albuquerque Metro observed 1 to 2 inches of a snow and graupel mix and the Sandia and Manzano Mountains observing around 5 to 9 inches of snow with locally a foot on the Sandia Crest. The west-central and southwest mountains observed around 3 to 5 inches of snow with locally up to an estimated 16 inches at Whitewater Baldy Peak. Finally, the Ruidoso area observed around 1 to 4 inches of snow with 10 inches at Sierra Blanca Peak and Ski Apache.",The Bateman SNOTEL in the southern Tusas Mountains observed an estimated 10 inches of snowfall. An estimated 4 to 7 inches of snowfall was observed across the rest of the zone.,CSV
202601,7,1900,202601,9,2300,208638,1299787,NEW MEXICO,35,2026,January,Heavy Snow,Z,214,SOUTHERN SANGRE DE CRISTO MOUNTAINS,ABQ,07-JAN-26 19:00:00,MST-7,09-JAN-26 23:00:00,0,0,0,0,,,Public,,,,,,,,,,,,,,,,,,,,,,"Two back to back winter storm systems impacted northern and central NM with the first from late January 7th through the morning of January 8th with the second colder system crossing the state late January 8th through the afternoon of January 9th. The first storm brought snow to mainly the mountains and nearby highlands, with valley and plains locations receiving mainly rain. Gusty west winds were observed across the central highlands midday on January 8th between the two storm systems with a peak wind gust of 65 mph at a Ziamet station southeast of Vaughn. The second storm system approached the state during the afternoon hours of January 8th with western New Mexico impacted by a band of snow on the leading edge of the storm. This band of snow moved into the middle Rio Grande Valley during the evening. This band contained a convective storm with large hail and graupel across the Albuquerque metro area. Accumulating graupel and hail forced the closure of I-40 west of Albuquerque with one inch diameter hail and graupel observed at the National Weather Service office. As the core of the system moved into western NM the night of January 8th and early morning of January 9th, a wraparound snow band brought moderate to heavy snow across northwest and north-central NM, including Farmington, Taos, and Santa Fe. Moderate to heavy snow then shifted to northeast NM on the north side of the storm during the morning and midday hours of January 9th. North wind gusts of up to 45 mph resulted in blowing snow and near whiteout conditions and the temporary closures of I-25 at Raton Pass and U.S. Highway 64/87 between Raton and Clayton. Snow across northeast NM tapered off during the early evening hours as the system exited into the central Great Plains. A lingering band of snow across Espanola, Los Alamos, Santa Fe, and Glorieta brought some light snow during the evening hours of January 9th before skies finally cleared up and temperatures plummeted overnight.||In the end, snowfall amounts of 2 to 6 inches were observed across lower elevations of northwest and north central New Mexico, 4 to 7 inches across the Jemez and Tusas Mountains with an estimated 10 inches at the Bateman SNOTEL site in the southern Tusas Mountains. The Sangre de Cristo Mountains observed 1 to 2 feet of snow with the higher end of this range observed at Ski Santa Fe and the Santa Fe SNOTEL site. The eastern foothills of the Albuquerque Metro observed 1 to 2 inches of a snow and graupel mix and the Sandia and Manzano Mountains observing around 5 to 9 inches of snow with locally a foot on the Sandia Crest. The west-central and southwest mountains observed around 3 to 5 inches of snow with locally up to an estimated 16 inches at Whitewater Baldy Peak. Finally, the Ruidoso area observed around 1 to 4 inches of snow with 10 inches at Sierra Blanca Peak and Ski Apache.",Ski Santa Fe observed an 23 inches of snowfall. An estimated 10 to 18 inches of snowfall was observed across the rest of the zone.,CSV
202601,7,1900,202601,9,1200,208638,1299790,NEW MEXICO,35,2026,January,Heavy Snow,Z,221,SANDIA/MANZANO MOUNTAINS INCLUDING EDGEWOOD,ABQ,07-JAN-26 19:00:00,MST-7,09-JAN-26 12:00:00,0,0,0,0,,,Public,,,,,,,,,,,,,,,,,,,,,,"Two back to back winter storm systems impacted northern and central NM with the first from late January 7th through the morning of January 8th with the second colder system crossing the state late January 8th through the afternoon of January 9th. The first storm brought snow to mainly the mountains and nearby highlands, with valley and plains locations receiving mainly rain. Gusty west winds were observed across the central highlands midday on January 8th between the two storm systems with a peak wind gust of 65 mph at a Ziamet station southeast of Vaughn. The second storm system approached the state during the afternoon hours of January 8th with western New Mexico impacted by a band of snow on the leading edge of the storm. This band of snow moved into the middle Rio Grande Valley during the evening. This band contained a convective storm with large hail and graupel across the Albuquerque metro area. Accumulating graupel and hail forced the closure of I-40 west of Albuquerque with one inch diameter hail and graupel observed at the National Weather Service office. As the core of the system moved into western NM the night of January 8th and early morning of January 9th, a wraparound snow band brought moderate to heavy snow across northwest and north-central NM, including Farmington, Taos, and Santa Fe. Moderate to heavy snow then shifted to northeast NM on the north side of the storm during the morning and midday hours of January 9th. North wind gusts of up to 45 mph resulted in blowing snow and near whiteout conditions and the temporary closures of I-25 at Raton Pass and U.S. Highway 64/87 between Raton and Clayton. Snow across northeast NM tapered off during the early evening hours as the system exited into the central Great Plains. A lingering band of snow across Espanola, Los Alamos, Santa Fe, and Glorieta brought some light snow during the evening hours of January 9th before skies finally cleared up and temperatures plummeted overnight.||In the end, snowfall amounts of 2 to 6 inches were observed across lower elevations of northwest and north central New Mexico, 4 to 7 inches across the Jemez and Tusas Mountains with an estimated 10 inches at the Bateman SNOTEL site in the southern Tusas Mountains. The Sangre de Cristo Mountains observed 1 to 2 feet of snow with the higher end of this range observed at Ski Santa Fe and the Santa Fe SNOTEL site. The eastern foothills of the Albuquerque Metro observed 1 to 2 inches of a snow and graupel mix and the Sandia and Manzano Mountains observing around 5 to 9 inches of snow with locally a foot on the Sandia Crest. The west-central and southwest mountains observed around 3 to 5 inches of snow with locally up to an estimated 16 inches at Whitewater Baldy Peak. Finally, the Ruidoso area observed around 1 to 4 inches of snow with 10 inches at Sierra Blanca Peak and Ski Apache.",Sandia Peak Ski Area observed 12 inches of snowfall. CoCoRaHS observers across the rest of the zone measured 5 to 9 inches of snowfall.,CSV
202601,7,2200,202601,9,2300,208638,1299784,NEW MEXICO,35,2026,January,Winter Storm,Z,212,GLORIETA MESA INCLUDING GLORIETA PASS,ABQ,07-JAN-26 22:00:00,MST-7,09-JAN-26 23:00:00,0,0,0,0,,,CoCoRaHS,,,,,,,,,,,,,,,,,,,,,,"Two back to back winter storm systems impacted northern and central NM with the first from late January 7th through the morning of January 8th with the second colder system crossing the state late January 8th through the afternoon of January 9th. The first storm brought snow to mainly the mountains and nearby highlands, with valley and plains locations receiving mainly rain. Gusty west winds were observed across the central highlands midday on January 8th between the two storm systems with a peak wind gust of 65 mph at a Ziamet station southeast of Vaughn. The second storm system approached the state during the afternoon hours of January 8th with western New Mexico impacted by a band of snow on the leading edge of the storm. This band of snow moved into the middle Rio Grande Valley during the evening. This band contained a convective storm with large hail and graupel across the Albuquerque metro area. Accumulating graupel and hail forced the closure of I-40 west of Albuquerque with one inch diameter hail and graupel observed at the National Weather Service office. As the core of the system moved into western NM the night of January 8th and early morning of January 9th, a wraparound snow band brought moderate to heavy snow across northwest and north-central NM, including Farmington, Taos, and Santa Fe. Moderate to heavy snow then shifted to northeast NM on the north side of the storm during the morning and midday hours of January 9th. North wind gusts of up to 45 mph resulted in blowing snow and near whiteout conditions and the temporary closures of I-25 at Raton Pass and U.S. Highway 64/87 between Raton and Clayton. Snow across northeast NM tapered off during the early evening hours as the system exited into the central Great Plains. A lingering band of snow across Espanola, Los Alamos, Santa Fe, and Glorieta brought some light snow during the evening hours of January 9th before skies finally cleared up and temperatures plummeted overnight.||In the end, snowfall amounts of 2 to 6 inches were observed across lower elevations of northwest and north central New Mexico, 4 to 7 inches across the Jemez and Tusas Mountains with an estimated 10 inches at the Bateman SNOTEL site in the southern Tusas Mountains. The Sangre de Cristo Mountains observed 1 to 2 feet of snow with the higher end of this range observed at Ski Santa Fe and the Santa Fe SNOTEL site. The eastern foothills of the Albuquerque Metro observed 1 to 2 inches of a snow and graupel mix and the Sandia and Manzano Mountains observing around 5 to 9 inches of snow with locally a foot on the Sandia Crest. The west-central and southwest mountains observed around 3 to 5 inches of snow with locally up to an estimated 16 inches at Whitewater Baldy Peak. Finally, the Ruidoso area observed around 1 to 4 inches of snow with 10 inches at Sierra Blanca Peak and Ski Apache.",CoCoRaHS observers along and south of I-25 at Glorieta observed 7 to 10 inches of snowfall.,CSV
202601,8,100,202601,9,1200,208638,1299786,NEW MEXICO,35,2026,January,Heavy Snow,Z,213,NORTHERN SANGRE DE CRISTO MOUNTAINS,ABQ,08-JAN-26 01:00:00,MST-7,09-JAN-26 12:00:00,0,0,0,0,,,Public,,,,,,,,,,,,,,,,,,,,,,"Two back to back winter storm systems impacted northern and central NM with the first from late January 7th through the morning of January 8th with the second colder system crossing the state late January 8th through the afternoon of January 9th. The first storm brought snow to mainly the mountains and nearby highlands, with valley and plains locations receiving mainly rain. Gusty west winds were observed across the central highlands midday on January 8th between the two storm systems with a peak wind gust of 65 mph at a Ziamet station southeast of Vaughn. The second storm system approached the state during the afternoon hours of January 8th with western New Mexico impacted by a band of snow on the leading edge of the storm. This band of snow moved into the middle Rio Grande Valley during the evening. This band contained a convective storm with large hail and graupel across the Albuquerque metro area. Accumulating graupel and hail forced the closure of I-40 west of Albuquerque with one inch diameter hail and graupel observed at the National Weather Service office. As the core of the system moved into western NM the night of January 8th and early morning of January 9th, a wraparound snow band brought moderate to heavy snow across northwest and north-central NM, including Farmington, Taos, and Santa Fe. Moderate to heavy snow then shifted to northeast NM on the north side of the storm during the morning and midday hours of January 9th. North wind gusts of up to 45 mph resulted in blowing snow and near whiteout conditions and the temporary closures of I-25 at Raton Pass and U.S. Highway 64/87 between Raton and Clayton. Snow across northeast NM tapered off during the early evening hours as the system exited into the central Great Plains. A lingering band of snow across Espanola, Los Alamos, Santa Fe, and Glorieta brought some light snow during the evening hours of January 9th before skies finally cleared up and temperatures plummeted overnight.||In the end, snowfall amounts of 2 to 6 inches were observed across lower elevations of northwest and north central New Mexico, 4 to 7 inches across the Jemez and Tusas Mountains with an estimated 10 inches at the Bateman SNOTEL site in the southern Tusas Mountains. The Sangre de Cristo Mountains observed 1 to 2 feet of snow with the higher end of this range observed at Ski Santa Fe and the Santa Fe SNOTEL site. The eastern foothills of the Albuquerque Metro observed 1 to 2 inches of a snow and graupel mix and the Sandia and Manzano Mountains observing around 5 to 9 inches of snow with locally a foot on the Sandia Crest. The west-central and southwest mountains observed around 3 to 5 inches of snow with locally up to an estimated 16 inches at Whitewater Baldy Peak. Finally, the Ruidoso area observed around 1 to 4 inches of snow with 10 inches at Sierra Blanca Peak and Ski Apache.",Taos Ski Valley observed 13 inches of snowfall. An estimated 5 to 10 inches of snowfall was observed across the rest of the zone.,CSV
202601,8,1700,202601,9,1700,208638,1299789,NEW MEXICO,35,2026,January,Heavy Snow,Z,216,UPPER RIO GRANDE VALLEY,ABQ,08-JAN-26 17:00:00,MST-7,09-JAN-26 17:00:00,0,0,0,0,,,CoCoRaHS,,,,,,,,,,,,,,,,,,,,,,"Two back to back winter storm systems impacted northern and central NM with the first from late January 7th through the morning of January 8th with the second colder system crossing the state late January 8th through the afternoon of January 9th. The first storm brought snow to mainly the mountains and nearby highlands, with valley and plains locations receiving mainly rain. Gusty west winds were observed across the central highlands midday on January 8th between the two storm systems with a peak wind gust of 65 mph at a Ziamet station southeast of Vaughn. The second storm system approached the state during the afternoon hours of January 8th with western New Mexico impacted by a band of snow on the leading edge of the storm. This band of snow moved into the middle Rio Grande Valley during the evening. This band contained a convective storm with large hail and graupel across the Albuquerque metro area. Accumulating graupel and hail forced the closure of I-40 west of Albuquerque with one inch diameter hail and graupel observed at the National Weather Service office. As the core of the system moved into western NM the night of January 8th and early morning of January 9th, a wraparound snow band brought moderate to heavy snow across northwest and north-central NM, including Farmington, Taos, and Santa Fe. Moderate to heavy snow then shifted to northeast NM on the north side of the storm during the morning and midday hours of January 9th. North wind gusts of up to 45 mph resulted in blowing snow and near whiteout conditions and the temporary closures of I-25 at Raton Pass and U.S. Highway 64/87 between Raton and Clayton. Snow across northeast NM tapered off during the early evening hours as the system exited into the central Great Plains. A lingering band of snow across Espanola, Los Alamos, Santa Fe, and Glorieta brought some light snow during the evening hours of January 9th before skies finally cleared up and temperatures plummeted overnight.||In the end, snowfall amounts of 2 to 6 inches were observed across lower elevations of northwest and north central New Mexico, 4 to 7 inches across the Jemez and Tusas Mountains with an estimated 10 inches at the Bateman SNOTEL site in the southern Tusas Mountains. The Sangre de Cristo Mountains observed 1 to 2 feet of snow with the higher end of this range observed at Ski Santa Fe and the Santa Fe SNOTEL site. The eastern foothills of the Albuquerque Metro observed 1 to 2 inches of a snow and graupel mix and the Sandia and Manzano Mountains observing around 5 to 9 inches of snow with locally a foot on the Sandia Crest. The west-central and southwest mountains observed around 3 to 5 inches of snow with locally up to an estimated 16 inches at Whitewater Baldy Peak. Finally, the Ruidoso area observed around 1 to 4 inches of snow with 10 inches at Sierra Blanca Peak and Ski Apache.",CoCoRaHS observers on the northern and eastern areas of Taos observed 8 to 9.5 inches of snowfall. CoCoRaHS observers in Ranchos de Taos observed 5.5 inches of snowfall.,CSV
202601,16,649,202601,16,816,208813,1300577,NEW MEXICO,35,2026,January,High Wind,Z,28,EDDY COUNTY PLAINS,MAF,16-JAN-26 06:49:00,MST-7,16-JAN-26 08:16:00,0,0,0,0,,0.00K,Mesonet,36.00,MS,,,,,,,,,,,,,,,,,,,,A strong cold front caused a brief period of high sustained winds at Carlsbad Caverns National Park.,The West Texas Mesonet station 164 Carlsbad Caverns NP measured intermittent sustained winds between 40-42 mph following the passage of a front.,CSV
202601,24,245,202601,25,1035,209408,1306534,NEW MEXICO,35,2026,January,Winter Storm,Z,28,EDDY COUNTY PLAINS,MAF,24-JAN-26 02:45:00,MST-7,25-JAN-26 10:35:00,0,0,0,0,,0.00K,Public,,,,,,,,,,,,,,,,,,,,,,"A strong arctic cold front moved across west Texas and southeast New Mexico during the afternoon and evening hours of the 23rd. Meanwhile, a potent upper-level trough neared the region from the west. Widespread rain began during the morning of the 23rd in western portions of the area and gradually transitioned eastward through the day. As the front moved across the area, rain transitioned to sleet and snow from north to south (with freezing rain being more common south of the Pecos River and in the Davis Mountains). Off and on bands of sleet and snow continued across the Permian Basin and southeast New Mexico on the 24th, and became mostly snow by the 25th before moving east of the area late in the afternoon. Snowfall/sleet totals reached winter storm criteria across much of the northern basin and in southeast New Mexico. Lower snow and ice totals were reported further south.","Around 5-8 inches of snowfall totals have been reported across Artesia. 5 inches was reported at the Artesia Municipal Airport, while localized spots north of town had higher amounts. The total duration of the event is estimated from radar and spotter reports.",CSV
202601,1,0,202601,31,2359,209255,1304001,NEW MEXICO,35,2026,January,Drought,Z,208,SOUTHWEST MOUNTAINS,ABQ,01-JAN-26 00:00:00,MST-7,31-JAN-26 23:59:00,0,0,0,0,,,Drought Monitor,,,,,,,,,,,,,,,,,,,,,,"January 2026 was generally a mild and wet month for most of northern and central New Mexico. There were two active periods during the month, with the first being from January 7th to 9th and the other from January 23rd to 25th. This resulted in well above average precipitation across southern and central areas and near to slightly above average precipitation across east central and northern areas. Temperatures for the month were well above average across western and central areas and well below normal across the southeast plains. The well below normal temperatures across the southeast plains were due to a potent arctic like airmass impacting eastern NM during the 2nd aforementioned active period with the cold temperatures continuing through the end of the month due to extended periods of low clouds and freezing fog over the lingering snowpack. The wetter than average conditions for the month resulted in the removal of extreme drought across the San Francisco River Valley and removal of severe drought across almost all of southern Chaves County.",Extreme drought remained persistent over the northwest and north central portion of the zone.,CSV
202601,1,0,202601,31,2359,209524,1306091,NEW MEXICO,35,2026,January,Drought,Z,401,UPPER GILA RIVER VALLEY,EPZ,01-JAN-26 00:00:00,MST-7,31-JAN-26 23:59:00,0,0,0,0,0.00K,0.00K,Drought Monitor,,,,,,,,,,,,,,,,,,,,,,"One category improvements were noted in drought severity in areas that had previously been in Extreme(D3) or even some Severe(D2) drought.  By the end of the month, there were no areas in southern New Mexico in Extreme(D3) drought or worse.","The month started with the western half of the zone in Extreme(D3) drought and the east in Severe(D2) drought.  By the end of January, the entire zone was in Severe(D2) drought. The Cooperative Observer at Cliff reported 1.94 inches of precipitation which was 0.78 inches above normal.",CSV
202603,1,0,202603,31,2359,210955,1318052,NEW MEXICO,35,2026,March,Drought,Z,401,UPPER GILA RIVER VALLEY,EPZ,01-MAR-26 00:00:00,MST-7,31-MAR-26 23:59:00,0,0,0,0,0.00K,0.00K,Drought Monitor,,,,,,,,,,,,,,,,,,,,,,Near to below normal precipitation amounts over southwest New Mexico kept Severe(D2) drought conditions going through the month of March.,The entire zone remained in Severe(D2) drought through the month of March.  The Cooperative Observer in Cliff received 0.64 inches of precipitation which was 0.01 inches above normal.,CSV
202603,1,0,202603,31,2359,210955,1318053,NEW MEXICO,35,2026,March,Drought,Z,403,SOUTHERN GILA FOOTHILLS/MIMBRES VALLEY,EPZ,01-MAR-26 00:00:00,MST-7,31-MAR-26 23:59:00,0,0,0,0,0.00K,0.00K,Drought Monitor,,,,,,,,,,,,,,,,,,,,,,Near to below normal precipitation amounts over southwest New Mexico kept Severe(D2) drought conditions going through the month of March.,Severe(D2) drought continued through the entire month.,CSV
202603,1,0,202603,31,2359,210955,1318054,NEW MEXICO,35,2026,March,Drought,Z,404,SOUTHWEST DESERT/LOWER GILA RIVER VALLEY,EPZ,01-MAR-26 00:00:00,MST-7,31-MAR-26 23:59:00,0,0,0,0,0.00K,0.00K,Drought Monitor,,,,,,,,,,,,,,,,,,,,,,Near to below normal precipitation amounts over southwest New Mexico kept Severe(D2) drought conditions going through the month of March.,Severe(D2) drought continued across all areas except the far west where Moderate(D1) drought remained in place.  The Cooperative Observer at Redrock received 0.47 inches of precipitation which was 0.10 inches below normal.,CSV
202603,1,0,202603,31,2359,210955,1318055,NEW MEXICO,35,2026,March,Drought,Z,405,LOWLANDS OF THE BOOTHEEL,EPZ,01-MAR-26 00:00:00,MST-7,31-MAR-26 23:59:00,0,0,0,0,0.00K,0.00K,Drought Monitor,,,,,,,,,,,,,,,,,,,,,,Near to below normal precipitation amounts over southwest New Mexico kept Severe(D2) drought conditions going through the month of March.,The far western portion of the zone remained in Moderate(D1) drought while the remainder of the zone continued in Severe(D2) drought.  The Cooperative Observer at Antelope Wells received 0.87 inches of precipitation which was 0.50 inches above normal.,CSV
202603,1,0,202603,31,2359,210955,1318056,NEW MEXICO,35,2026,March,Drought,Z,406,UPLANDS OF THE BOOTHEEL,EPZ,01-MAR-26 00:00:00,MST-7,31-MAR-26 23:59:00,0,0,0,0,0.00K,0.00K,Drought Monitor,,,,,,,,,,,,,,,,,,,,,,Near to below normal precipitation amounts over southwest New Mexico kept Severe(D2) drought conditions going through the month of March.,Severe(D2) drought continued across the zone except the far west where Moderate(D1) drought remained in place.,CSV
202603,1,0,202603,31,2359,210955,1318057,NEW MEXICO,35,2026,March,Drought,Z,407,SOUTHWEST DESERT/MIMBRES BASIN,EPZ,01-MAR-26 00:00:00,MST-7,31-MAR-26 23:59:00,0,0,0,0,0.00K,0.00K,Drought Monitor,,,,,,,,,,,,,,,,,,,,,,Near to below normal precipitation amounts over southwest New Mexico kept Severe(D2) drought conditions going through the month of March.,Drought conditions ranged from Severe(D2) drought over the west to Abnormally Dry(D0) over the southeast.  The Deming Airport reported 0.37 inches of precipitation which was 0.07 inches above normal.,CSV
202603,1,0,202603,31,2359,210955,1318059,NEW MEXICO,35,2026,March,Drought,Z,408,EASTERN BLACK RANGE FOOTHILLS,EPZ,01-MAR-26 00:00:00,MST-7,31-MAR-26 23:59:00,0,0,0,0,0.00K,0.00K,Drought Monitor,,,,,,,,,,,,,,,,,,,,,,Near to below normal precipitation amounts over southwest New Mexico kept Severe(D2) drought conditions going through the month of March.,Severe(D2) drought continued across the entire zone in March.  The Hillsboro Cooperative Observer reported just a trace of precipitation which was 0.30 inches below normal.,CSV
202603,1,0,202603,31,2359,210955,1318072,NEW MEXICO,35,2026,March,Drought,Z,409,SIERRA COUNTY LAKES,EPZ,01-MAR-26 00:00:00,MST-7,31-MAR-26 23:59:00,0,0,0,0,0.00K,0.00K,Drought Monitor,,,,,,,,,,,,,,,,,,,,,,Near to below normal precipitation amounts over southwest New Mexico kept Severe(D2) drought conditions going through the month of March.,Severe(D2) drought remained across the entire zone except the southeast where Moderate(D1) drought persisted. The Truth or Consequences Airport recorded just a trace of precipitation which was 0.24 below normal.,CSV
202603,1,0,202603,31,2359,210876,1316991,NEW MEXICO,35,2026,March,Drought,Z,232,EASTERN SAN MIGUEL COUNTY,ABQ,01-MAR-26 00:00:00,MST-7,31-MAR-26 23:59:00,0,0,0,0,0.00K,0.00K,Drought Monitor,,,,,,,,,,,,,,,,,,,,,,"The month of March saw abysmally dry conditions alongside record heat stretch across much of the Desert Southwest, including New Mexico. Albuquerque in particular saw a record high average monthly temperature, roughly 6 degrees warmer than any other month on record. The record warmth and record low snow pack limiting snow melt and lack of precipitation otherwise allowed for a degradation of drought conditions across the state. Severe drought (D2) was introduced back to a significant segment of northeastern NM, and spreading further across northwestern and west-central NM. Extreme drought (D3) also spread across a portion of the Northwest Plateau and highlands area.",Severe drought was introduced to the southeastern portion of the zone.,CSV
202603,1,0,202603,31,2359,210955,1318081,NEW MEXICO,35,2026,March,Drought,Z,425,CENTRAL GRANT COUNTY/SILVER CITY AREA,EPZ,01-MAR-26 00:00:00,MST-7,31-MAR-26 23:59:00,0,0,0,0,0.00K,0.00K,Drought Monitor,,,,,,,,,,,,,,,,,,,,,,Near to below normal precipitation amounts over southwest New Mexico kept Severe(D2) drought conditions going through the month of March.,Severe(D2) drought continued throughout the entire month.  The White Signal Cooperative Observer reported just a trace of precipitation which was 0.24 inches below normal.,CSV
202603,1,0,202603,31,2359,210955,1318082,NEW MEXICO,35,2026,March,Drought,Z,426,SOUTHERN GILA REGION HIGHLANDS/BLACK RANGE,EPZ,01-MAR-26 00:00:00,MST-7,31-MAR-26 23:59:00,0,0,0,0,0.00K,0.00K,Drought Monitor,,,,,,,,,,,,,,,,,,,,,,Near to below normal precipitation amounts over southwest New Mexico kept Severe(D2) drought conditions going through the month of March.,The entire zone remained in Severe(D2) drought throughout the month of March.,CSV
202606,2,1504,202606,2,1509,212498,1329146,NEW MEXICO,35,2026,June,Hail,C,33,MORA,ABQ,02-JUN-26 15:04:00,MST-7,02-JUN-26 15:09:00,0,0,0,0,,,Trained Spotter,1.00,,,,,,,,,,,1.31,ENE,CHACON,1.31,ENE,CHACON,36.16,-105.35,36.16,-105.35,"A slow moving upper level disturbance over northern Mexico and the Desert Southwest combined with moist surface southeast flow resulting in thunderstorm development across central and eastern New Mexico during the afternoon and evening hours. Some storms resulted in severe hail at Chacon, severe thunderstorm wind gusts near Sumner Lake and Endee on June 2nd and some burn scar flash flooding in Ruidoso on June 3rd.",A trained spotter in Chacon observed quarter size hail from a severe thunderstorm.,CSV
202606,2,1512,202606,2,1513,212498,1329147,NEW MEXICO,35,2026,June,Thunderstorm Wind,C,11,DE BACA,ABQ,02-JUN-26 15:12:00,MST-7,02-JUN-26 15:13:00,0,0,0,0,,,Trained Spotter,59.00,MG,,,,,,,,,,9.94,NNW,FT SUMNER,9.94,NNW,FT SUMNER,34.61,-104.28,34.61,-104.28,"A slow moving upper level disturbance over northern Mexico and the Desert Southwest combined with moist surface southeast flow resulting in thunderstorm development across central and eastern New Mexico during the afternoon and evening hours. Some storms resulted in severe hail at Chacon, severe thunderstorm wind gusts near Sumner Lake and Endee on June 2nd and some burn scar flash flooding in Ruidoso on June 3rd.",A trained spotter a few miles east of Sumner Lake measured a 68 mph from an approaching line of severe thunderstorms.,CSV
202606,17,2105,202606,17,2143,213812,1339847,NEW MEXICO,35,2026,June,High Wind,Z,28,EDDY COUNTY PLAINS,MAF,17-JUN-26 21:05:00,MST-7,17-JUN-26 21:43:00,0,0,0,0,,0.00K,Mesonet,50.00,MG,,,,,,,,,,,,,,,,,,,,Strong westerly winds (the product of lee troughing) yielded a very brief period of high winds at Carlsbad Caverns.,The West Texas Mesonet station 164 Carlsbad Caverns NP measured a couple of 58 mph wind gusts.,CSV
202606,2,1651,202606,2,1652,212498,1329148,NEW MEXICO,35,2026,June,Thunderstorm Wind,C,37,QUAY,ABQ,02-JUN-26 16:51:00,MST-7,02-JUN-26 16:52:00,0,0,0,0,,,Mesonet,53.00,MG,,,,,,,,,,2.15,SSW,ENDEE,2.15,SSW,ENDEE,35.11,-103.12,35.11,-103.12,"A slow moving upper level disturbance over northern Mexico and the Desert Southwest combined with moist surface southeast flow resulting in thunderstorm development across central and eastern New Mexico during the afternoon and evening hours. Some storms resulted in severe hail at Chacon, severe thunderstorm wind gusts near Sumner Lake and Endee on June 2nd and some burn scar flash flooding in Ruidoso on June 3rd.",A West Texas mesonet station near Endee measured a 61 mph gust from a line of severe thunderstorms.,CSV
202606,3,1217,202606,3,1300,212498,1329149,NEW MEXICO,35,2026,June,Flash Flood,C,27,LINCOLN,ABQ,03-JUN-26 12:17:00,MST-7,03-JUN-26 13:00:00,0,0,0,0,0.00K,0.00K,Emergency Manager,,,Heavy Rain / Burn Area,,,,,,,,,2.21,SE,ALTO,2.46,SE,ALTO,33.38,-105.65,33.3785,-105.6461,"A slow moving upper level disturbance over northern Mexico and the Desert Southwest combined with moist surface southeast flow resulting in thunderstorm development across central and eastern New Mexico during the afternoon and evening hours. Some storms resulted in severe hail at Chacon, severe thunderstorm wind gusts near Sumner Lake and Endee on June 2nd and some burn scar flash flooding in Ruidoso on June 3rd.",The Ruidoso emergency manager reported flowing water over Gavilan Canyon Road caused by heavy rain from thunderstorms over the South Fork burn scar.,CSV
202606,3,1535,202606,3,1545,212498,1329151,NEW MEXICO,35,2026,June,Hail,C,1,BERNALILLO,ABQ,03-JUN-26 15:35:00,MST-7,03-JUN-26 15:45:00,0,0,0,0,,,NWS Employee,0.75,,,,,,,,,,,4.97,ESE,CEDAR CREST,4.97,ESE,CEDAR CREST,35.08,-106.29,35.08,-106.29,"A slow moving upper level disturbance over northern Mexico and the Desert Southwest combined with moist surface southeast flow resulting in thunderstorm development across central and eastern New Mexico during the afternoon and evening hours. Some storms resulted in severe hail at Chacon, severe thunderstorm wind gusts near Sumner Lake and Endee on June 2nd and some burn scar flash flooding in Ruidoso on June 3rd.",An NWS employee in Sedillo observed penny size hail from a strong thunderstorm.,CSV
202606,4,1235,202606,4,1245,212498,1329324,NEW MEXICO,35,2026,June,Hail,C,43,SANDOVAL,ABQ,04-JUN-26 12:35:00,MST-7,04-JUN-26 12:45:00,0,0,0,0,,,Trained Spotter,0.75,,,,,,,,,,,12.48,WNW,FRIJOLES,12.48,WNW,FRIJOLES,35.84,-106.48,35.84,-106.48,"A slow moving upper level disturbance over northern Mexico and the Desert Southwest combined with moist surface southeast flow resulting in thunderstorm development across central and eastern New Mexico during the afternoon and evening hours. Some storms resulted in severe hail at Chacon, severe thunderstorm wind gusts near Sumner Lake and Endee on June 2nd and some burn scar flash flooding in Ruidoso on June 3rd.",A trained spotter along State Highway 4 at mile marker 40 near the Valles Caldera Preserve entry observed penny size hail with overall accumulations just under an inch deep from a strong thunderstorm.,CSV
202606,4,400,202606,4,1200,212498,1329325,NEW MEXICO,35,2026,June,Flood,C,5,CHAVES,ABQ,04-JUN-26 04:00:00,MST-7,04-JUN-26 12:00:00,0,0,0,0,0.00K,0.00K,Law Enforcement,,,Heavy Rain,,,,,,,,,6.51,ESE,HAGERMAN,6.65,ESE,HAGERMAN,33.1,-104.22,33.0994,-104.2178,"A slow moving upper level disturbance over northern Mexico and the Desert Southwest combined with moist surface southeast flow resulting in thunderstorm development across central and eastern New Mexico during the afternoon and evening hours. Some storms resulted in severe hail at Chacon, severe thunderstorm wind gusts near Sumner Lake and Endee on June 2nd and some burn scar flash flooding in Ruidoso on June 3rd.","Post from the Chaves County Sheriff's office showed water in the normally dry Long Arroyo going across State Highway 249 near mile marker 6, prompting a road closure. Water appeared to be slow-moving with the overall depth at the time unknown.",CSV
202606,24,1815,202606,24,1816,214149,1341853,NEW MEXICO,35,2026,June,Thunderstorm Wind,C,25,LEA,MAF,24-JUN-26 18:15:00,MST-7,24-JUN-26 18:16:00,0,0,0,0,,0.00K,Mesonet,50.00,MG,,,,,,,,,,1.87,WSW,TATUM,1.87,WSW,TATUM,33.24,-103.35,33.24,-103.35,A disturbance rounding the top of an upper-level ridge along with a nearby stationary boundary resulted in shower and thunderstorm development mainly across portions of southeast New Mexico. One storm managed to produce a severe wind gust at the Tatum Mesonet.,Measured wind gust of 58 mph at WTM 2SW Tatum NM.,CSV
202606,1,1345,202606,1,1350,212523,1329326,NEW MEXICO,35,2026,June,Dust Devil,C,43,SANDOVAL,ABQ,01-JUN-26 13:45:00,MST-7,01-JUN-26 13:50:00,0,0,0,0,10.00K,0.00K,Broadcast Media,,,,,,,,,,,,5.21,WSW,RIO RANCHO,5.36,WSW,RIO RANCHO,35.2293,-106.7377,35.2297,-106.7411,Intense daytime heating resulted in the development of a dust devil in a Rio Rancho neighborhood during the mid afternoon. Video shared by local media showed the dust devil resulted in some minor damage.,"Video submitted to media shows a vigorous dust devil lofting a full size trampoline more than 50 feet into the air and destroying the roof of a mobile home. Thankfully, no injuries were reported.",CSV
202606,28,1737,202606,28,1747,214160,1341957,NEW MEXICO,35,2026,June,Thunderstorm Wind,C,15,EDDY,MAF,28-JUN-26 17:37:00,MST-7,28-JUN-26 17:47:00,0,0,0,0,,0.00K,Mesonet,53.00,MG,,,,,,,,,,5.31,W,WHITES CITY,5.31,W,WHITES CITY,32.18,-104.46,32.18,-104.46,"Troughing was evident over the western CONUS on the 28th, and west Texas and southeast New Mexico were under southwesterly flow aloft. Pulses within this flow, coupled with upslope flow and surface convergence on a weak dryline, yielded shower and thunderstorm development starting in the higher terrain and spreading across much of the area. A few thunderstorms managed to produce severe downburst winds.","The West Texas Mesonet station at Carlsbad Caverns NP measured several severe wind gusts, including a couple of gusts up to 61 mph.",CSV
202606,28,1815,202606,28,1835,214160,1341965,NEW MEXICO,35,2026,June,Thunderstorm Wind,C,15,EDDY,MAF,28-JUN-26 18:15:00,MST-7,28-JUN-26 18:35:00,0,0,0,0,,0.00K,AWOS,52.00,MG,,,,,,,,,,0,N,ARTESIA ARPT,0,N,ARTESIA ARPT,32.85,-104.47,32.85,-104.47,"Troughing was evident over the western CONUS on the 28th, and west Texas and southeast New Mexico were under southwesterly flow aloft. Pulses within this flow, coupled with upslope flow and surface convergence on a weak dryline, yielded shower and thunderstorm development starting in the higher terrain and spreading across much of the area. A few thunderstorms managed to produce severe downburst winds.",AWOS station KATS Artesia measured a 60 mph wind gust. The total time of occurrence is partially estimated.,CSV
202606,8,1726,202606,8,1727,212563,1329661,NEW MEXICO,35,2026,June,Thunderstorm Wind,C,49,SANTA FE,ABQ,08-JUN-26 17:26:00,MST-7,08-JUN-26 17:27:00,0,0,0,0,,,ASOS,62.00,MG,,,,,,,,,,1.12,W,(SAF)SANTA FE MUNI AIRPORT,1.12,W,(SAF)SANTA FE MUNI AIRPORT,35.62,-106.1,35.62,-106.1,"Mid level moisture pulled up ahead of an upper level disturbance over the western U.S. combined with intense daytime heating resulted in the development of high based showers and thunderstorms across west central New Mexico midday June 8th moving northeast across central New Mexico during the late afternoon and early evening hours. Little to no rainfall from these high based showers and thunderstorms reached the ground and instead resulted in erratic wind gusts and areas of blowing dust. Some of these virga showers and dry thunderstorms resulted in severe wind gusts at a personal weather station in western Albuquerque and at the Santa Fe Municipal Airport. The disturbance moved across the state on June 9th resulting in high based showers and storms across central New Mexico and wetter strong to severe storms across eastern New Mexico due to higher low level moisture across this part of the state. Severe wind gusts were observed at the Wild Rivers RAWS near Questa and at Conchas Lake State Park. Finally, very dry and gusty winds were observed across far western New Mexico with a brief high wind gust at Gallup Municipal Airport during the afternoon hours June 9th.",The ASOS at Santa Fe Municipal Airport measured a 71 mph wind gust caused by a virga induced microburst.,CSV
202606,9,1345,202606,9,1346,212563,1329742,NEW MEXICO,35,2026,June,Thunderstorm Wind,C,47,SAN MIGUEL,ABQ,09-JUN-26 13:45:00,MST-7,09-JUN-26 13:46:00,0,0,0,0,,,Park/Forest Service,52.00,EG,,,,,,,,,,.89,NW,CONCHAS,.89,NW,CONCHAS,35.38,-104.19,35.38,-104.19,"Mid level moisture pulled up ahead of an upper level disturbance over the western U.S. combined with intense daytime heating resulted in the development of high based showers and thunderstorms across west central New Mexico midday June 8th moving northeast across central New Mexico during the late afternoon and early evening hours. Little to no rainfall from these high based showers and thunderstorms reached the ground and instead resulted in erratic wind gusts and areas of blowing dust. Some of these virga showers and dry thunderstorms resulted in severe wind gusts at a personal weather station in western Albuquerque and at the Santa Fe Municipal Airport. The disturbance moved across the state on June 9th resulting in high based showers and storms across central New Mexico and wetter strong to severe storms across eastern New Mexico due to higher low level moisture across this part of the state. Severe wind gusts were observed at the Wild Rivers RAWS near Questa and at Conchas Lake State Park. Finally, very dry and gusty winds were observed across far western New Mexico with a brief high wind gust at Gallup Municipal Airport during the afternoon hours June 9th.",An observer at Conchas Lake State Park estimated a 60 mph wind gust from a severe thunderstorm. The thunderstorm also dropped pea size hail at the site.,CSV
202606,9,1349,202606,9,1350,212563,1329743,NEW MEXICO,35,2026,June,Thunderstorm Wind,C,55,TAOS,ABQ,09-JUN-26 13:49:00,MST-7,09-JUN-26 13:50:00,0,0,0,0,,,Mesonet,50.00,MG,,,,,,,,,,3.91,NW,LAMA,3.91,NW,LAMA,36.69,-105.67,36.69,-105.67,"Mid level moisture pulled up ahead of an upper level disturbance over the western U.S. combined with intense daytime heating resulted in the development of high based showers and thunderstorms across west central New Mexico midday June 8th moving northeast across central New Mexico during the late afternoon and early evening hours. Little to no rainfall from these high based showers and thunderstorms reached the ground and instead resulted in erratic wind gusts and areas of blowing dust. Some of these virga showers and dry thunderstorms resulted in severe wind gusts at a personal weather station in western Albuquerque and at the Santa Fe Municipal Airport. The disturbance moved across the state on June 9th resulting in high based showers and storms across central New Mexico and wetter strong to severe storms across eastern New Mexico due to higher low level moisture across this part of the state. Severe wind gusts were observed at the Wild Rivers RAWS near Questa and at Conchas Lake State Park. Finally, very dry and gusty winds were observed across far western New Mexico with a brief high wind gust at Gallup Municipal Airport during the afternoon hours June 9th.",The Wild Rivers RAWS measured a 58 mph wind gust as virga showers and a dry thunderstorm moved through the site.,CSV
202606,9,1444,202606,9,1453,212563,1329871,NEW MEXICO,35,2026,June,High Wind,Z,205,WEST CENTRAL PLATEAU,ABQ,09-JUN-26 14:44:00,MST-7,09-JUN-26 14:53:00,0,0,0,0,,,ASOS,54.00,MG,,,,,,,,,,,,,,,,,,,,"Mid level moisture pulled up ahead of an upper level disturbance over the western U.S. combined with intense daytime heating resulted in the development of high based showers and thunderstorms across west central New Mexico midday June 8th moving northeast across central New Mexico during the late afternoon and early evening hours. Little to no rainfall from these high based showers and thunderstorms reached the ground and instead resulted in erratic wind gusts and areas of blowing dust. Some of these virga showers and dry thunderstorms resulted in severe wind gusts at a personal weather station in western Albuquerque and at the Santa Fe Municipal Airport. The disturbance moved across the state on June 9th resulting in high based showers and storms across central New Mexico and wetter strong to severe storms across eastern New Mexico due to higher low level moisture across this part of the state. Severe wind gusts were observed at the Wild Rivers RAWS near Questa and at Conchas Lake State Park. Finally, very dry and gusty winds were observed across far western New Mexico with a brief high wind gust at Gallup Municipal Airport during the afternoon hours June 9th.",The ASOS at Gallup Municipal Airport measured a 62 mph wind gust.,CSV
202606,26,1931,202606,26,1943,213156,1334580,NEW MEXICO,35,2026,June,Thunderstorm Wind,C,41,ROOSEVELT,ABQ,26-JUN-26 19:31:00,MST-7,26-JUN-26 19:43:00,0,0,0,0,0.00K,0.00K,Mesonet,52.00,MG,,,,,,,,,,1.85,WSW,DORA,1.85,WSW,DORA,33.92,-103.36,33.92,-103.36,"The season's first rendition of the North American Monsoon high developed over south-central and southwestern NM with increased low-level moisture intruding beneath it. Faster westerly flow along the northern periphery of the high allowed for some convective organization and stronger afternoon thunderstorms. Relatively warm conditions and low humidity also allowed for strong downdrafts to occur yielding severe wind gusts from decaying thunderstorms mainly over western and central NM each day. Several of these dry downbursts produced blowing dust with one particular event resulting in zero visibility in Rio Rancho on the 25th. Storms through central and eastern NM were wetter in nature threatening locally heavy rainfall and flash flooding. Flash flooding was reported in Raton on the 24th, with another report of heavy rains producing a landslide from steep terrain near Jemez Springs along NM Highway 4 on the 26th. Other storms produced various severe wind gusts and hail across portions of northern and central NM each day.",The West Texas Dora mesonet station measured a 60 mph thunderstorm wind gust.,CSV
202606,8,1500,202606,8,1501,212563,1329660,NEW MEXICO,35,2026,June,Thunderstorm Wind,C,1,BERNALILLO,ABQ,08-JUN-26 15:00:00,MST-7,08-JUN-26 15:01:00,0,0,0,0,,,Public,57.00,MG,,,,,,,,,,3.57,SW,PARADISE HILLS,3.57,SW,PARADISE HILLS,35.16,-106.74,35.16,-106.74,"Mid level moisture pulled up ahead of an upper level disturbance over the western U.S. combined with intense daytime heating resulted in the development of high based showers and thunderstorms across west central New Mexico midday June 8th moving northeast across central New Mexico during the late afternoon and early evening hours. Little to no rainfall from these high based showers and thunderstorms reached the ground and instead resulted in erratic wind gusts and areas of blowing dust. Some of these virga showers and dry thunderstorms resulted in severe wind gusts at a personal weather station in western Albuquerque and at the Santa Fe Municipal Airport. The disturbance moved across the state on June 9th resulting in high based showers and storms across central New Mexico and wetter strong to severe storms across eastern New Mexico due to higher low level moisture across this part of the state. Severe wind gusts were observed at the Wild Rivers RAWS near Questa and at Conchas Lake State Park. Finally, very dry and gusty winds were observed across far western New Mexico with a brief high wind gust at Gallup Municipal Airport during the afternoon hours June 9th.",A Wunderground station near Petroglyph National Monument in western Albuquerque measured a 66 mph wind gust caused by a virga induced microburst.,CSV
202606,12,1803,202606,12,1845,212802,1331341,NEW MEXICO,35,2026,June,Hail,C,21,HARDING,ABQ,12-JUN-26 18:03:00,MST-7,12-JUN-26 18:45:00,0,0,0,0,0.00K,0.00K,Trained Spotter,1.25,,,,,,,,,,,6.58,WSW,ROY,6.58,WSW,ROY,35.9,-104.3,35.9,-104.3,"Afternoon thunderstorms fueled by abundant low level moisture developed over the high terrain of New Mexico both June 12th and 13th. A large scale area of high pressure stretching back east over the southern CONUS resulted in light steering flow pushing storms eastward through the late day and evening hours. Due to persisting drought conditions, outflow gusts from storms along and west of the Rio Grande Valley resulted in some blowing dust, including an event at the Double Eagle Airport in western Albuquerque June 12th. Elsewhere, severe hail and wind gusts resulted from strong thunderstorms mainly over northeastern NM. There was a report of thunderstorm wind damage near Moriarty where a barn roof was blown off from an estimated 60 mph wind gust.",,CSV
202606,14,1443,202606,14,1450,212803,1331355,NEW MEXICO,35,2026,June,Thunderstorm Wind,C,1,BERNALILLO,ABQ,14-JUN-26 14:43:00,MST-7,14-JUN-26 14:50:00,0,0,0,0,0.00K,0.00K,Trained Spotter,52.00,EG,,,,,,,,,,7.68,N,PARADISE HILLS,7.68,N,PARADISE HILLS,35.31,-106.72,35.31,-106.72,"A cold front backed south and westward through eastern and central NM during the early morning hours of June 14th. Abundant low-level moisture pushed in behind this front, reaching the Continental Divide. This provided fuel for thunderstorm development during the early afternoon hours of the 14th with on such severe thunderstorm producing severe wind gusts in Rio Rancho. Afternoon thunderstorms developed again over the northern mountains and along the central mountain chain of NM June 15th. There were reports of 8 inch tree branches down in Taos landing over power lines from severe thunderstorm wind gusts. Other thunderstorms advanced eastward off the Sangre de Cristo Mountains organizing into a line producing severe wind gusts through northeastern NM. This line of storms over northeastern NM eventually advanced all the way through east-central NM and into the TX Panhandle. Severe wind gusts reaching 60 mph or more were observed in Guadalupe County, including at Santa Rosa Lake State Park.",A trained spotter estimated 50 to 60 mph thunderstorm wind gusts in Rio Rancho alongside dime size hail.,CSV
202606,15,1235,202606,15,1240,212803,1331356,NEW MEXICO,35,2026,June,Hail,C,55,TAOS,ABQ,15-JUN-26 12:35:00,MST-7,15-JUN-26 12:40:00,0,0,0,0,0.00K,0.00K,NWS Employee,0.88,,,,,,,,,,,.56,W,EL PRADO,.56,W,EL PRADO,36.43,-105.58,36.43,-105.58,"A cold front backed south and westward through eastern and central NM during the early morning hours of June 14th. Abundant low-level moisture pushed in behind this front, reaching the Continental Divide. This provided fuel for thunderstorm development during the early afternoon hours of the 14th with on such severe thunderstorm producing severe wind gusts in Rio Rancho. Afternoon thunderstorms developed again over the northern mountains and along the central mountain chain of NM June 15th. There were reports of 8 inch tree branches down in Taos landing over power lines from severe thunderstorm wind gusts. Other thunderstorms advanced eastward off the Sangre de Cristo Mountains organizing into a line producing severe wind gusts through northeastern NM. This line of storms over northeastern NM eventually advanced all the way through east-central NM and into the TX Panhandle. Severe wind gusts reaching 60 mph or more were observed in Guadalupe County, including at Santa Rosa Lake State Park.",,CSV
202606,12,1913,202606,12,1927,212802,1331344,NEW MEXICO,35,2026,June,Hail,C,57,TORRANCE,ABQ,12-JUN-26 19:13:00,MST-7,12-JUN-26 19:27:00,0,0,0,0,0.00K,0.00K,Public,1.00,,,,,,,,,,,4.73,WSW,MORIARTY,4.73,WSW,MORIARTY,34.98,-106.13,34.98,-106.13,"Afternoon thunderstorms fueled by abundant low level moisture developed over the high terrain of New Mexico both June 12th and 13th. A large scale area of high pressure stretching back east over the southern CONUS resulted in light steering flow pushing storms eastward through the late day and evening hours. Due to persisting drought conditions, outflow gusts from storms along and west of the Rio Grande Valley resulted in some blowing dust, including an event at the Double Eagle Airport in western Albuquerque June 12th. Elsewhere, severe hail and wind gusts resulted from strong thunderstorms mainly over northeastern NM. There was a report of thunderstorm wind damage near Moriarty where a barn roof was blown off from an estimated 60 mph wind gust.",Quarter size hail alongside thunderstorm wind damage that blew the roof off a barn.,CSV
202606,12,1915,202606,12,1924,212802,1331351,NEW MEXICO,35,2026,June,Thunderstorm Wind,C,21,HARDING,ABQ,12-JUN-26 19:15:00,MST-7,12-JUN-26 19:24:00,0,0,0,0,0.00K,0.00K,Mesonet,56.00,MG,,,,,,,,,,5.66,NW,ROSEBUD,5.66,NW,ROSEBUD,35.89,-103.53,35.89,-103.53,"Afternoon thunderstorms fueled by abundant low level moisture developed over the high terrain of New Mexico both June 12th and 13th. A large scale area of high pressure stretching back east over the southern CONUS resulted in light steering flow pushing storms eastward through the late day and evening hours. Due to persisting drought conditions, outflow gusts from storms along and west of the Rio Grande Valley resulted in some blowing dust, including an event at the Double Eagle Airport in western Albuquerque June 12th. Elsewhere, severe hail and wind gusts resulted from strong thunderstorms mainly over northeastern NM. There was a report of thunderstorm wind damage near Moriarty where a barn roof was blown off from an estimated 60 mph wind gust.",A ZiaMet station 7 miles northwest of Rosebud measured a 64 mph wind gust.,CSV
202606,13,1255,202606,13,1257,212802,1331352,NEW MEXICO,35,2026,June,Thunderstorm Wind,C,7,COLFAX,ABQ,13-JUN-26 12:55:00,MST-7,13-JUN-26 12:57:00,0,0,0,0,0.00K,0.00K,ASOS,54.00,MG,,,,,,,,,,0,N,(RTN)RATON CREWS AIRPORT,0,N,(RTN)RATON CREWS AIRPORT,36.74,-104.51,36.74,-104.51,"Afternoon thunderstorms fueled by abundant low level moisture developed over the high terrain of New Mexico both June 12th and 13th. A large scale area of high pressure stretching back east over the southern CONUS resulted in light steering flow pushing storms eastward through the late day and evening hours. Due to persisting drought conditions, outflow gusts from storms along and west of the Rio Grande Valley resulted in some blowing dust, including an event at the Double Eagle Airport in western Albuquerque June 12th. Elsewhere, severe hail and wind gusts resulted from strong thunderstorms mainly over northeastern NM. There was a report of thunderstorm wind damage near Moriarty where a barn roof was blown off from an estimated 60 mph wind gust.",Convective outflow from virga showers produced a 54 mph wind gust.,CSV
202606,15,1435,202606,15,1437,212803,1331358,NEW MEXICO,35,2026,June,Thunderstorm Wind,C,19,GUADALUPE,ABQ,15-JUN-26 14:35:00,MST-7,15-JUN-26 14:37:00,0,0,0,0,0.00K,0.00K,Mesonet,52.00,MG,,,,,,,,,,5.6,NNW,SAN IGNACIO,5.6,NNW,SAN IGNACIO,34.98,-104.99,34.98,-104.99,"A cold front backed south and westward through eastern and central NM during the early morning hours of June 14th. Abundant low-level moisture pushed in behind this front, reaching the Continental Divide. This provided fuel for thunderstorm development during the early afternoon hours of the 14th with on such severe thunderstorm producing severe wind gusts in Rio Rancho. Afternoon thunderstorms developed again over the northern mountains and along the central mountain chain of NM June 15th. There were reports of 8 inch tree branches down in Taos landing over power lines from severe thunderstorm wind gusts. Other thunderstorms advanced eastward off the Sangre de Cristo Mountains organizing into a line producing severe wind gusts through northeastern NM. This line of storms over northeastern NM eventually advanced all the way through east-central NM and into the TX Panhandle. Severe wind gusts reaching 60 mph or more were observed in Guadalupe County, including at Santa Rosa Lake State Park.",Thunderstorm outflow gusting to 60 mph at the Thompson Cattle Ranch ZiaMet station.,CSV
202606,15,1457,202606,15,1505,212803,1331359,NEW MEXICO,35,2026,June,Thunderstorm Wind,C,19,GUADALUPE,ABQ,15-JUN-26 14:57:00,MST-7,15-JUN-26 15:05:00,0,0,0,0,0.00K,0.00K,Park/Forest Service,52.00,EG,,,,,,,,,,6.22,N,SANTA ROSA,6.22,N,SANTA ROSA,35.03,-104.68,35.03,-104.68,"A cold front backed south and westward through eastern and central NM during the early morning hours of June 14th. Abundant low-level moisture pushed in behind this front, reaching the Continental Divide. This provided fuel for thunderstorm development during the early afternoon hours of the 14th with on such severe thunderstorm producing severe wind gusts in Rio Rancho. Afternoon thunderstorms developed again over the northern mountains and along the central mountain chain of NM June 15th. There were reports of 8 inch tree branches down in Taos landing over power lines from severe thunderstorm wind gusts. Other thunderstorms advanced eastward off the Sangre de Cristo Mountains organizing into a line producing severe wind gusts through northeastern NM. This line of storms over northeastern NM eventually advanced all the way through east-central NM and into the TX Panhandle. Severe wind gusts reaching 60 mph or more were observed in Guadalupe County, including at Santa Rosa Lake State Park.",Personnel at the Santa Rosa Lake State Park estimated 50 to 60 mph wind gusts.,CSV
202606,16,1400,202606,24,1600,213178,1334679,NEW MEXICO,35,2026,June,Wildfire,Z,211,JEMEZ MOUNTAINS,ABQ,16-JUN-26 14:00:00,MST-7,24-JUN-26 16:00:00,0,0,0,0,0.00K,0.00K,Park/Forest Service,,,,,,,,,,,,,,,,,,,,,,"The lightning caused Rio Wildfire grew rapidly in an extremely remote area of the northeastern Jemez Mountains, north of Los Alamos, NM. The fire was discovered June 16th and persisted until the 24th when full suppression activities brought it under control. Lightning also caused the Deer Canyon Wildfire two days later on the 20th south of Mountainair, threatening homes in the Deer Canyon Subdivision. Evacuations were ordered for residences in the area before the fire came under control on the 24th.","The Rio Wildfire was located on Mesa de la Gallina, approximately 3 miles northeast of Chicoma Mountain, and north of Los Alamos in the northeastern slopes of the Jemez Mountains. The fire was lightning caused and discovered June 16th, growing 167 acres by the 24th. The fire did not threaten any property or structures given its extremely remote location.",CSV
202606,20,1500,202606,24,1600,213178,1334681,NEW MEXICO,35,2026,June,Wildfire,Z,224,SOUTH CENTRAL HIGHLANDS,ABQ,20-JUN-26 15:00:00,MST-7,24-JUN-26 16:00:00,0,0,0,0,0.00K,0.00K,Fire Department/Rescue,,,,,,,,,,,,,,,,,,,,,,"The lightning caused Rio Wildfire grew rapidly in an extremely remote area of the northeastern Jemez Mountains, north of Los Alamos, NM. The fire was discovered June 16th and persisted until the 24th when full suppression activities brought it under control. Lightning also caused the Deer Canyon Wildfire two days later on the 20th south of Mountainair, threatening homes in the Deer Canyon Subdivision. Evacuations were ordered for residences in the area before the fire came under control on the 24th.","The lightning caused Deer Canyon Wildfire was discovered along the north and west mesa near the Deer Canyon Subdivision south of Mountainair. Evacuation orders were given for Deer Canyon Road between Daklugie Trail and Jumano Trail, lasting until the 21st. Critical fire weather conditions allowed the fire to grow to a total acreage of 117 acres before it came under control on the 24th. While homes and structures were threatened, there were no reports of damage or destruction caused by the fire.",CSV
202606,12,1913,202606,12,1920,212802,1331345,NEW MEXICO,35,2026,June,Thunderstorm Wind,C,57,TORRANCE,ABQ,12-JUN-26 19:13:00,MST-7,12-JUN-26 19:20:00,0,0,0,0,20.00K,0.00K,Trained Spotter,52.00,EG,,,,,,,,,,4.73,WSW,MORIARTY,4.73,WSW,MORIARTY,34.98,-106.13,34.98,-106.13,"Afternoon thunderstorms fueled by abundant low level moisture developed over the high terrain of New Mexico both June 12th and 13th. A large scale area of high pressure stretching back east over the southern CONUS resulted in light steering flow pushing storms eastward through the late day and evening hours. Due to persisting drought conditions, outflow gusts from storms along and west of the Rio Grande Valley resulted in some blowing dust, including an event at the Double Eagle Airport in western Albuquerque June 12th. Elsewhere, severe hail and wind gusts resulted from strong thunderstorms mainly over northeastern NM. There was a report of thunderstorm wind damage near Moriarty where a barn roof was blown off from an estimated 60 mph wind gust.","Thunderstorm wind damage blew off the roof of a barn, alongside quarter size hail. Damage is an estimate.",CSV
202606,15,1240,202606,15,1245,212803,1331357,NEW MEXICO,35,2026,June,Thunderstorm Wind,C,55,TAOS,ABQ,15-JUN-26 12:40:00,MST-7,15-JUN-26 12:45:00,0,0,0,0,10.00K,0.00K,NWS Employee,52.00,EG,,,,,,,,,,.69,S,EL PRADO,.69,S,EL PRADO,36.42,-105.57,36.42,-105.57,"A cold front backed south and westward through eastern and central NM during the early morning hours of June 14th. Abundant low-level moisture pushed in behind this front, reaching the Continental Divide. This provided fuel for thunderstorm development during the early afternoon hours of the 14th with on such severe thunderstorm producing severe wind gusts in Rio Rancho. Afternoon thunderstorms developed again over the northern mountains and along the central mountain chain of NM June 15th. There were reports of 8 inch tree branches down in Taos landing over power lines from severe thunderstorm wind gusts. Other thunderstorms advanced eastward off the Sangre de Cristo Mountains organizing into a line producing severe wind gusts through northeastern NM. This line of storms over northeastern NM eventually advanced all the way through east-central NM and into the TX Panhandle. Severe wind gusts reaching 60 mph or more were observed in Guadalupe County, including at Santa Rosa Lake State Park.","Thunderstorm wind gust knocked down a few 8 inch or larger poplar tree limbs down over power lines near Camino de la Placita and Beimer Avenue in Taos, NM.",CSV
202606,15,1612,202606,15,1621,212803,1331360,NEW MEXICO,35,2026,June,Thunderstorm Wind,C,37,QUAY,ABQ,15-JUN-26 16:12:00,MST-7,15-JUN-26 16:21:00,0,0,0,0,0.00K,0.00K,ASOS,54.00,MG,,,,,,,,,,0,N,(TCC)TUCUMCARI ARPT,0,N,(TCC)TUCUMCARI ARPT,35.18,-103.6,35.18,-103.6,"A cold front backed south and westward through eastern and central NM during the early morning hours of June 14th. Abundant low-level moisture pushed in behind this front, reaching the Continental Divide. This provided fuel for thunderstorm development during the early afternoon hours of the 14th with on such severe thunderstorm producing severe wind gusts in Rio Rancho. Afternoon thunderstorms developed again over the northern mountains and along the central mountain chain of NM June 15th. There were reports of 8 inch tree branches down in Taos landing over power lines from severe thunderstorm wind gusts. Other thunderstorms advanced eastward off the Sangre de Cristo Mountains organizing into a line producing severe wind gusts through northeastern NM. This line of storms over northeastern NM eventually advanced all the way through east-central NM and into the TX Panhandle. Severe wind gusts reaching 60 mph or more were observed in Guadalupe County, including at Santa Rosa Lake State Park.",The Tucumcari Airport measured a 62 mph thunderstorm wind gust.,CSV
202606,15,1614,202606,15,1624,212803,1331361,NEW MEXICO,35,2026,June,Thunderstorm Wind,C,37,QUAY,ABQ,15-JUN-26 16:14:00,MST-7,15-JUN-26 16:24:00,0,0,0,0,0.00K,0.00K,Trained Spotter,65.00,EG,,,,,,,,,,0,N,QUAY,0,N,QUAY,34.93,-103.76,34.93,-103.76,"A cold front backed south and westward through eastern and central NM during the early morning hours of June 14th. Abundant low-level moisture pushed in behind this front, reaching the Continental Divide. This provided fuel for thunderstorm development during the early afternoon hours of the 14th with on such severe thunderstorm producing severe wind gusts in Rio Rancho. Afternoon thunderstorms developed again over the northern mountains and along the central mountain chain of NM June 15th. There were reports of 8 inch tree branches down in Taos landing over power lines from severe thunderstorm wind gusts. Other thunderstorms advanced eastward off the Sangre de Cristo Mountains organizing into a line producing severe wind gusts through northeastern NM. This line of storms over northeastern NM eventually advanced all the way through east-central NM and into the TX Panhandle. Severe wind gusts reaching 60 mph or more were observed in Guadalupe County, including at Santa Rosa Lake State Park.",A trained spotter estimated 50 to 65 mph wind gusts with blowing dust.,CSV
202606,18,1819,202606,18,1822,212837,1331792,NEW MEXICO,35,2026,June,Thunderstorm Wind,C,57,TORRANCE,ABQ,18-JUN-26 18:19:00,MST-7,18-JUN-26 18:22:00,0,0,0,0,,,Public,51.00,MG,,,,,,,,,,4.73,SSE,ABO,4.73,SSE,ABO,34.4,-106.29,34.4,-106.29,"Slightly higher moisture behind a backdoor front combined with intense daytime heating on June 18th resulting in the development of scattered showers and thunderstorms across the higher terrain during the afternoon and early evening hours. One thunderstorm near Abo and Mountainair produced a wet microburst induced severe wind gust at a personal weather station on the Dear Canyon Preserve. Higher moisture remained in place along and east of the central mountain chain on June 19th resulting in another round of scattered thunderstorms across the central mountain chain and adjacent highlands during the afternoon hours. Severe thunderstorms dropped large hail in San Jose, produced a wet microburst induced severe wind gust northeast of Vaughn, and severe wind gusts near Tolar. Thunderstorms tapered off around sunset both days due to the loss of daytime heating.",A personal weather station on the Deer Canyon Preserve at mile marker 9 observed a brief 59 mph gust followed by a 30 degree temperature drop from a wet microburst.,CSV
202606,19,1410,202606,19,1427,212837,1331831,NEW MEXICO,35,2026,June,Hail,C,47,SAN MIGUEL,ABQ,19-JUN-26 14:10:00,MST-7,19-JUN-26 14:27:00,0,0,0,0,,,Trained Spotter,2.50,,,,,,,,,,,0,N,SAN JOSE,0,N,SAN JOSE,35.4,-105.48,35.4,-105.48,"Slightly higher moisture behind a backdoor front combined with intense daytime heating on June 18th resulting in the development of scattered showers and thunderstorms across the higher terrain during the afternoon and early evening hours. One thunderstorm near Abo and Mountainair produced a wet microburst induced severe wind gust at a personal weather station on the Dear Canyon Preserve. Higher moisture remained in place along and east of the central mountain chain on June 19th resulting in another round of scattered thunderstorms across the central mountain chain and adjacent highlands during the afternoon hours. Severe thunderstorms dropped large hail in San Jose, produced a wet microburst induced severe wind gust northeast of Vaughn, and severe wind gusts near Tolar. Thunderstorms tapered off around sunset both days due to the loss of daytime heating.","A trained spotter near San Jose reported mostly quarter to ping pong ball size hailstones, with a few stones as large as 2.50 inches.",CSV
202606,19,1646,202606,19,1647,212837,1331937,NEW MEXICO,35,2026,June,Thunderstorm Wind,C,19,GUADALUPE,ABQ,19-JUN-26 16:46:00,MST-7,19-JUN-26 16:47:00,0,0,0,0,0.00K,0.00K,Mesonet,50.00,MG,,,,,,,,,,3.52,NE,VAUGHN,3.52,NE,VAUGHN,34.63,-105.15,34.63,-105.15,"Slightly higher moisture behind a backdoor front combined with intense daytime heating on June 18th resulting in the development of scattered showers and thunderstorms across the higher terrain during the afternoon and early evening hours. One thunderstorm near Abo and Mountainair produced a wet microburst induced severe wind gust at a personal weather station on the Dear Canyon Preserve. Higher moisture remained in place along and east of the central mountain chain on June 19th resulting in another round of scattered thunderstorms across the central mountain chain and adjacent highlands during the afternoon hours. Severe thunderstorms dropped large hail in San Jose, produced a wet microburst induced severe wind gust northeast of Vaughn, and severe wind gusts near Tolar. Thunderstorms tapered off around sunset both days due to the loss of daytime heating.",A mesonet station a few miles northeast of Vaughn measured a brief wet microburst induced 58 mph gust.,CSV
202606,30,1814,202606,30,1820,214170,1342009,NEW MEXICO,35,2026,June,Thunderstorm Wind,C,25,LEA,MAF,30-JUN-26 18:14:00,MST-7,30-JUN-26 18:20:00,0,0,0,0,110.00K,0.00K,Emergency Manager,65.00,EG,,,,,,,,,,4.19,S,MONUMENT,4.19,S,MONUMENT,32.56,-103.26,32.56,-103.26,"A shortwave moving across the area (coupled with upslope flow) led to the development of scattered to numerous showers and thunderstorms across west Texas and southeast New Mexico. A couple of storms producing severe winds, and one produced damage to power poles near Monument, NM.",Lea County Emergency Management relayed a report of seven power lines down south of  Monument on State Highway 8. Power lines were also downed near the intersection of Maddox and Pearl Valley Roads. The total time of occurrence is estimated from radar. The cost of damages and the maximum wind gust is also estimated.,CSV
202606,30,1524,202606,30,1525,213387,1336405,NEW MEXICO,35,2026,June,Thunderstorm Wind,C,47,SAN MIGUEL,ABQ,30-JUN-26 15:24:00,MST-7,30-JUN-26 15:25:00,0,0,0,0,,,ASOS,50.00,MG,,,,,,,,,,.89,SE,(LVS)LAS VEGAS AIRPORT,.89,SE,(LVS)LAS VEGAS AIRPORT,35.65,-105.13,35.65,-105.13,A disturbance ahead of a larger scale system over the western U.S. resulted in the development of isolated to scattered showers and thunderstorms across north central and eastern New Mexico during the afternoon hours. High based showers and thunderstorms resulted in brief severe wind gusts at the Las Vegas and Raton Crews Municipal Airports. Showers and thunderstorms exited east into West Texas during the evening hours.,The ASOS at Las Vegas Municipal Airport measured a brief 58 mph wind gust from nearby thunderstorms.,CSV
202606,19,1840,202606,19,1850,212837,1331938,NEW MEXICO,35,2026,June,Thunderstorm Wind,C,41,ROOSEVELT,ABQ,19-JUN-26 18:40:00,MST-7,19-JUN-26 18:50:00,0,0,0,0,,,Trained Spotter,52.00,EG,,,,,,,,,,4.61,E,TOLAR,4.61,E,TOLAR,34.44,-103.85,34.44,-103.85,"Slightly higher moisture behind a backdoor front combined with intense daytime heating on June 18th resulting in the development of scattered showers and thunderstorms across the higher terrain during the afternoon and early evening hours. One thunderstorm near Abo and Mountainair produced a wet microburst induced severe wind gust at a personal weather station on the Dear Canyon Preserve. Higher moisture remained in place along and east of the central mountain chain on June 19th resulting in another round of scattered thunderstorms across the central mountain chain and adjacent highlands during the afternoon hours. Severe thunderstorms dropped large hail in San Jose, produced a wet microburst induced severe wind gust northeast of Vaughn, and severe wind gusts near Tolar. Thunderstorms tapered off around sunset both days due to the loss of daytime heating.",A trained spotter near Tolar estimated 60 mph wind gusts from a strong outflow boundary ahead of a severe thunderstorm.,CSV
202606,24,1253,202606,24,1254,213156,1334427,NEW MEXICO,35,2026,June,Thunderstorm Wind,C,31,MCKINLEY,ABQ,24-JUN-26 12:53:00,MST-7,24-JUN-26 12:54:00,0,0,0,0,0.00K,0.00K,ASOS,50.00,MG,,,,,,,,,,0,N,(GUP)GALLUP AIRPORT,0,N,(GUP)GALLUP AIRPORT,35.51,-108.79,35.51,-108.79,"The season's first rendition of the North American Monsoon high developed over south-central and southwestern NM with increased low-level moisture intruding beneath it. Faster westerly flow along the northern periphery of the high allowed for some convective organization and stronger afternoon thunderstorms. Relatively warm conditions and low humidity also allowed for strong downdrafts to occur yielding severe wind gusts from decaying thunderstorms mainly over western and central NM each day. Several of these dry downbursts produced blowing dust with one particular event resulting in zero visibility in Rio Rancho on the 25th. Storms through central and eastern NM were wetter in nature threatening locally heavy rainfall and flash flooding. Flash flooding was reported in Raton on the 24th, with another report of heavy rains producing a landslide from steep terrain near Jemez Springs along NM Highway 4 on the 26th. Other storms produced various severe wind gusts and hail across portions of northern and central NM each day.",The Gallup Airport ASOS measured a convectively enhanced gust of 58 mph from decaying virga showers.,CSV
202606,30,1651,202606,30,1653,213387,1336406,NEW MEXICO,35,2026,June,Thunderstorm Wind,C,7,COLFAX,ABQ,30-JUN-26 16:51:00,MST-7,30-JUN-26 16:53:00,0,0,0,0,,,ASOS,51.00,MG,,,,,,,,,,0,N,(RTN)RATON CREWS AIRPORT,0,N,(RTN)RATON CREWS AIRPORT,36.74,-104.51,36.74,-104.51,A disturbance ahead of a larger scale system over the western U.S. resulted in the development of isolated to scattered showers and thunderstorms across north central and eastern New Mexico during the afternoon hours. High based showers and thunderstorms resulted in brief severe wind gusts at the Las Vegas and Raton Crews Municipal Airports. Showers and thunderstorms exited east into West Texas during the evening hours.,The ASOS at Raton Crews Municipal Airport measured a brief 59 mph wind gust as high based showers passed though the site.,CSV
202606,26,1445,202606,26,1500,213156,1334442,NEW MEXICO,35,2026,June,Debris Flow,C,43,SANDOVAL,ABQ,26-JUN-26 14:45:00,MST-7,26-JUN-26 15:00:00,0,0,0,0,50.00K,0.00K,Emergency Manager,,,Heavy Rain,,,,,,,,,.64,NNE,JEMEZ SPGS,.72,N,JEMEZ SPGS,35.7785,-106.6856,35.7805,-106.6907,"The season's first rendition of the North American Monsoon high developed over south-central and southwestern NM with increased low-level moisture intruding beneath it. Faster westerly flow along the northern periphery of the high allowed for some convective organization and stronger afternoon thunderstorms. Relatively warm conditions and low humidity also allowed for strong downdrafts to occur yielding severe wind gusts from decaying thunderstorms mainly over western and central NM each day. Several of these dry downbursts produced blowing dust with one particular event resulting in zero visibility in Rio Rancho on the 25th. Storms through central and eastern NM were wetter in nature threatening locally heavy rainfall and flash flooding. Flash flooding was reported in Raton on the 24th, with another report of heavy rains producing a landslide from steep terrain near Jemez Springs along NM Highway 4 on the 26th. Other storms produced various severe wind gusts and hail across portions of northern and central NM each day.","The Sandoval County Emergency Manager and a later survey by NWS Albuquerque showed that a flash flood debris flow drove large boulders across NM4 just south of Jemez Springs near the Fire Dept., with flash flooding impacts stretching from Madrid Road to the Jemez Historic Site. This closed the highway for a period of time, and caused one person to need assistance leaving their stuck vehicle. Heavy rainfall caused the flash flooding and was unrelated to the nearby McCauley Springs burn scar. Damage is an estimate.",CSV
202606,21,1436,202606,30,2359,213450,1336949,NEW MEXICO,35,2026,June,Wildfire,Z,208,SOUTHWEST MOUNTAINS,ABQ,21-JUN-26 14:36:00,MST-7,30-JUN-26 23:59:00,0,0,0,0,0.00K,0.00K,Park/Forest Service,,,,,,,,,,,,,,,,,,,,,,"The combination of severe to extreme drought conditions and multiple runs of critical fire weather conditions allowed two remote wildfires to rapidly grow during the last week of June 2026. The lightning caused Sacaton Fire began June 21st in a remote area of the Gila National Forest, while the Beehive fire began in a remote area of the Tusas Mountains June 26th, with both continuing into the month of July. While both fires produced some smoke concerns in the surrounding areas, neither was a threat to lives or property.","The lightning caused Sacaton fire was located in an extremely remote area of the Gila National Forest within the 2012 Whitewater-Baldy burn scar. The very rugged and remote area made fire suppression activities difficult. Combined with critical fire weather conditions, the fire was able to grow to 372 acres by the end of June, continuing into July.",CSV
202606,2,1737,202606,2,1742,213791,1339785,NEW MEXICO,35,2026,June,Thunderstorm Wind,C,15,EDDY,MAF,02-JUN-26 17:37:00,MST-7,02-JUN-26 17:42:00,0,0,0,0,,0.00K,Mesonet,63.00,MG,,,,,,,,,,6.43,W,WHITES CITY,6.43,W,WHITES CITY,32.17,-104.48,32.17,-104.48,"Showers and thunderstorms initially developed off the higher terrain in west Texas and southeast New Mexico during the afternoon of June 2nd. Later that evening, storms coalesced into a line behind an outflow boundary, which moved out of southeast New Mexico and into the Permian Basin. Severe winds accompanied this line as it moved across SE New Mexico and the western Basin. Heavy rainfall also led to instances of flash flooding through the morning of the 3rd before the line fully dissipated.","The West Texas Mesonet station at Carlsbad Caverns NP recorded a thunderstorm wind gust of 73 mph, as well as several other severe wind gusts.",CSV
202606,2,1750,202606,2,1800,213791,1339789,NEW MEXICO,35,2026,June,Thunderstorm Wind,C,15,EDDY,MAF,02-JUN-26 17:50:00,MST-7,02-JUN-26 18:00:00,0,0,0,0,,0.00K,Mesonet,57.00,MG,,,,,,,,,,2.15,NNE,LAKEWOOD,2.15,NNE,LAKEWOOD,32.66,-104.36,32.66,-104.36,"Showers and thunderstorms initially developed off the higher terrain in west Texas and southeast New Mexico during the afternoon of June 2nd. Later that evening, storms coalesced into a line behind an outflow boundary, which moved out of southeast New Mexico and into the Permian Basin. Severe winds accompanied this line as it moved across SE New Mexico and the western Basin. Heavy rainfall also led to instances of flash flooding through the morning of the 3rd before the line fully dissipated.",Seven Rivers weather station recorded a thunderstorm wind gust of 66 mph. The total time of occurrence is partially estimated.,CSV
202606,23,1207,202606,26,923,213180,1334685,NEW MEXICO,35,2026,June,Wildfire,Z,223,CENTRAL HIGHLANDS,ABQ,23-JUN-26 12:07:00,MST-7,26-JUN-26 09:23:00,0,0,0,0,0.00K,0.00K,Unknown,,,,,,,,,,,,,,,,,,,,,,"Aided by severe to extreme drought conditions and a period of elevated to critical fire weather conditions, the Canyon Venado and McCauley Springs wildfires rapidly grew through portions of the central highlands near Clines Corners and the Jemez Mountains near Jemez Springs respectively. While staying under 1,000 acres in size, these fires threatened nearby property and shutdown nearby highways.","The Canyon Venado Wildfire was first discovered June 23rd just south of I-40 and east of Clines Corners at mile marker 218, closing that stretch of highway. Structures, including a wind farm, were threatened but there was no reports of damage or destruction caused by the fire. The fire burned through thick and dry pinon-juniper fuels, aided by elevated to near critical fire weather conditions, reaching a total size of 908 acres.",CSV
202606,24,457,202606,27,1600,213180,1336925,NEW MEXICO,35,2026,June,Wildfire,Z,211,JEMEZ MOUNTAINS,ABQ,24-JUN-26 04:57:00,MST-7,27-JUN-26 16:00:00,0,0,0,0,0.00K,0.00K,Park/Forest Service,,,,,,,,,,,,,,,,,,,,,,"Aided by severe to extreme drought conditions and a period of elevated to critical fire weather conditions, the Canyon Venado and McCauley Springs wildfires rapidly grew through portions of the central highlands near Clines Corners and the Jemez Mountains near Jemez Springs respectively. While staying under 1,000 acres in size, these fires threatened nearby property and shutdown nearby highways.","The McCauley Springs wildfire was discovered during the early morning hours of June 24th in the steep and rugged terrain of the southern Jemez Mountains, north of Jemez Springs along NM Highway 4. The wildfire quickly grew in its initial days to over 700 acres, forcing evacuations of Jemez Falls Campground, Sierra de los Pinos, Vallecitos, and the Redondo Camground. It also forced a closure of NM Highway 4 between mile markers 27 and 40. Despite an increase in elevated to critical fire weather conditions on the 27th, the fire was brought under control, capping its growth to 712 acres.",CSV
202606,26,1406,202606,30,2359,213450,1336955,NEW MEXICO,35,2026,June,Wildfire,Z,210,TUSAS MOUNTAINS INCLUDING CHAMA,ABQ,26-JUN-26 14:06:00,MST-7,30-JUN-26 23:59:00,0,0,0,0,0.00K,0.00K,Park/Forest Service,,,,,,,,,,,,,,,,,,,,,,"The combination of severe to extreme drought conditions and multiple runs of critical fire weather conditions allowed two remote wildfires to rapidly grow during the last week of June 2026. The lightning caused Sacaton Fire began June 21st in a remote area of the Gila National Forest, while the Beehive fire began in a remote area of the Tusas Mountains June 26th, with both continuing into the month of July. While both fires produced some smoke concerns in the surrounding areas, neither was a threat to lives or property.","The Beehive fire began west of Tres Piedras, NM within the Tres Piedras Ranger District and just north of U.S. Highway 64 near the intersection with FR 133. Critical fire weather conditions allowed the fire to rapidly grow June 27th through 29th to 4,171 acres by the end of the month. There was little threat to property as the fire grew in a remote area of the Tusas Mountains along forest service roads. Smoke from the fire contributed to larger regional smoke concerns over the western CONUS, mainly in Colorado during this time.",CSV
202606,5,1835,202606,5,1839,213795,1339805,NEW MEXICO,35,2026,June,Strong Wind,Z,33,CENTRAL LEA COUNTY,MAF,05-JUN-26 18:35:00,MST-7,05-JUN-26 18:39:00,0,0,0,0,,0.00K,Public,35.00,EG,,,,,,,,,,,,,,,,,,,,"A few hours after convection from the morning largely decayed, additional showers and thunderstorms developed thanks to an upper-level trough moving over west Texas and southeast New Mexico (along with upslope flow and some remnant outflow boundaries). Heavy rain led to flash flooding in Dawson County, while a landspout was observed west of Hobbs.","LANDSPOUT. Location: 32.84,-103.61/32.85,-103.60. A member of the public shared a video of a landspout 15 miles west of Hobbs, looking northwest. The total time the landspout lasted is estimated, along with the peak wind gust associated with it and the distance it travelled. No damage was observed.",CSV
202606,14,510,202606,14,930,213810,1339843,NEW MEXICO,35,2026,June,Flash Flood,C,25,LEA,MAF,14-JUN-26 05:10:00,MST-7,14-JUN-26 09:30:00,0,0,0,0,80.00K,0.00K,Storm Chaser,,,Heavy Rain,,,,,,,,,2.71,NW,HOBBS,2.48,N,HOBBS,32.73,-103.16,32.7356,-103.1242,An incoming cold front helped generate showers and thunderstorms across portions of west Texas and southeast New Mexico as it moved across the area throughout the day. Flash flooding was reported in Hobbs and in Culberson County due to heavy rain.,"A delayed report was received from a storm chaser, with photos showing cars submerged by flood waters in Hobbs. The time of occurrence is estimated from radar, and the cost of damages is also estimated.",CSV
202606,2,1735,202606,2,1755,213791,1339790,NEW MEXICO,35,2026,June,Thunderstorm Wind,C,15,EDDY,MAF,02-JUN-26 17:35:00,MST-7,02-JUN-26 17:55:00,0,0,0,0,,0.00K,AWOS,54.00,MG,,,,,,,,,,0,N,ARTESIA ARPT,0,N,ARTESIA ARPT,32.85,-104.47,32.85,-104.47,"Showers and thunderstorms initially developed off the higher terrain in west Texas and southeast New Mexico during the afternoon of June 2nd. Later that evening, storms coalesced into a line behind an outflow boundary, which moved out of southeast New Mexico and into the Permian Basin. Severe winds accompanied this line as it moved across SE New Mexico and the western Basin. Heavy rainfall also led to instances of flash flooding through the morning of the 3rd before the line fully dissipated.",Artesia AWOS recorded a thunderstorm wind gust of 62 mph. The total time of occurrence is partially estimated.,CSV
202606,2,1825,202606,2,1835,213791,1339793,NEW MEXICO,35,2026,June,Thunderstorm Wind,C,15,EDDY,MAF,02-JUN-26 18:25:00,MST-7,02-JUN-26 18:35:00,0,0,0,0,1.00K,0.00K,Public,61.00,EG,,,,,,,,,,.9,NW,CARLSBAD,.9,NW,CARLSBAD,32.43,-104.24,32.43,-104.24,"Showers and thunderstorms initially developed off the higher terrain in west Texas and southeast New Mexico during the afternoon of June 2nd. Later that evening, storms coalesced into a line behind an outflow boundary, which moved out of southeast New Mexico and into the Permian Basin. Severe winds accompanied this line as it moved across SE New Mexico and the western Basin. Heavy rainfall also led to instances of flash flooding through the morning of the 3rd before the line fully dissipated.","A member of the public reported at least one tree was uprooted by thunderstorm winds. The time of occurrence is estimated by radar, as well as the strongest wind gust and cost of damages.",CSV
202606,2,1820,202606,2,2200,213791,1339794,NEW MEXICO,35,2026,June,Flash Flood,C,15,EDDY,MAF,02-JUN-26 18:20:00,MST-7,02-JUN-26 22:00:00,0,0,0,0,0.00K,0.00K,Emergency Manager,,,Heavy Rain,,,,,,,,,2.97,S,CARLSBAD,2.42,SSE,HAPPY VLY,32.377,-104.2286,32.3864,-104.2581,"Showers and thunderstorms initially developed off the higher terrain in west Texas and southeast New Mexico during the afternoon of June 2nd. Later that evening, storms coalesced into a line behind an outflow boundary, which moved out of southeast New Mexico and into the Permian Basin. Severe winds accompanied this line as it moved across SE New Mexico and the western Basin. Heavy rainfall also led to instances of flash flooding through the morning of the 3rd before the line fully dissipated.","Eddy County Office of Emergency Management reported that Radio Blvd, Jones St, San Jose St, and Marquess St. were closed due to flash flooding. The total time of occurrence is estimated. No damages were reported.",CSV
202606,1,0,202606,30,2359,213451,1336987,NEW MEXICO,35,2026,June,Drought,Z,201,NORTHWEST PLATEAU,ABQ,01-JUN-26 00:00:00,MST-7,30-JUN-26 23:59:00,0,0,0,0,0.00K,0.00K,Drought Monitor,,,,,,,,,,,,,,,,,,,,,,"The month of June saw overall above normal temperatures and a mixed bag of precipitation with some areas seeing above normal precipitation and others below normal precipitation. This is very reflective of the early summer thunderstorm activity that saw daily rounds of thunderstorms pass over some areas repeatedly, while missing other areas entirely. As a result, most of New Mexico saw no change in drought conditions while around a quarter to a third of the state saw either a 1 class degradation or improvement in drought conditions.",Extreme drought persisted across nearly all of the zone.,CSV
202606,1,0,202606,30,2359,213451,1337003,NEW MEXICO,35,2026,June,Drought,Z,206,WEST CENTRAL MOUNTAINS,ABQ,01-JUN-26 00:00:00,MST-7,30-JUN-26 23:59:00,0,0,0,0,0.00K,0.00K,Drought Monitor,,,,,,,,,,,,,,,,,,,,,,"The month of June saw overall above normal temperatures and a mixed bag of precipitation with some areas seeing above normal precipitation and others below normal precipitation. This is very reflective of the early summer thunderstorm activity that saw daily rounds of thunderstorms pass over some areas repeatedly, while missing other areas entirely. As a result, most of New Mexico saw no change in drought conditions while around a quarter to a third of the state saw either a 1 class degradation or improvement in drought conditions.",Extreme drought expanded to all of the zone.,CSV
202606,4,645,202606,4,945,213793,1339801,NEW MEXICO,35,2026,June,Flash Flood,C,25,LEA,MAF,04-JUN-26 06:45:00,MST-7,04-JUN-26 09:45:00,0,0,0,0,0.00K,0.00K,Emergency Manager,,,Heavy Rain,,,,,,,,,1.58,ESE,LOVINGTON,6.1,SE,LOVINGTON,32.9184,-103.3265,32.8667,-103.2766,"An outflow boundary moved into Lea County during the pre-dawn hours of the 4th, with showers and thunderstorms developing along it as it did so. Storms developed and sat over Highway 18 between Hobbs and Lovington, which resulted in flash flooding on the highway. Convection dissipated later that morning, but additional showers and thunderstorms developed later in the afternoon of the 4th.",Emergency management reported standing water on Highway 18 between Lovington and Hobbs. The total time of occurrence is estimated from radar and from the time of the initial report. No damage was reported.,CSV
202606,1,0,202606,30,2359,213451,1337004,NEW MEXICO,35,2026,June,Drought,Z,207,WEST CENTRAL HIGHLANDS,ABQ,01-JUN-26 00:00:00,MST-7,30-JUN-26 23:59:00,0,0,0,0,0.00K,0.00K,Drought Monitor,,,,,,,,,,,,,,,,,,,,,,"The month of June saw overall above normal temperatures and a mixed bag of precipitation with some areas seeing above normal precipitation and others below normal precipitation. This is very reflective of the early summer thunderstorm activity that saw daily rounds of thunderstorms pass over some areas repeatedly, while missing other areas entirely. As a result, most of New Mexico saw no change in drought conditions while around a quarter to a third of the state saw either a 1 class degradation or improvement in drought conditions.",Extreme drought expanded to nearly all of the zone.,CSV
202606,1,0,202606,30,2359,213451,1337022,NEW MEXICO,35,2026,June,Drought,Z,210,TUSAS MOUNTAINS INCLUDING CHAMA,ABQ,01-JUN-26 00:00:00,MST-7,30-JUN-26 23:59:00,0,0,0,0,0.00K,0.00K,Drought Monitor,,,,,,,,,,,,,,,,,,,,,,"The month of June saw overall above normal temperatures and a mixed bag of precipitation with some areas seeing above normal precipitation and others below normal precipitation. This is very reflective of the early summer thunderstorm activity that saw daily rounds of thunderstorms pass over some areas repeatedly, while missing other areas entirely. As a result, most of New Mexico saw no change in drought conditions while around a quarter to a third of the state saw either a 1 class degradation or improvement in drought conditions.",Extreme drought remained persistent over nearly all of the zone.,CSV
202606,24,1715,202606,24,1800,213156,1334422,NEW MEXICO,35,2026,June,Flash Flood,C,7,COLFAX,ABQ,24-JUN-26 17:15:00,MST-7,24-JUN-26 18:00:00,0,0,0,0,20.00K,0.00K,Amateur Radio,,,Heavy Rain,,,,,,,,,.54,NNE,RATON,.72,N,RATON,36.9075,-104.4371,36.9104,-104.4397,"The season's first rendition of the North American Monsoon high developed over south-central and southwestern NM with increased low-level moisture intruding beneath it. Faster westerly flow along the northern periphery of the high allowed for some convective organization and stronger afternoon thunderstorms. Relatively warm conditions and low humidity also allowed for strong downdrafts to occur yielding severe wind gusts from decaying thunderstorms mainly over western and central NM each day. Several of these dry downbursts produced blowing dust with one particular event resulting in zero visibility in Rio Rancho on the 25th. Storms through central and eastern NM were wetter in nature threatening locally heavy rainfall and flash flooding. Flash flooding was reported in Raton on the 24th, with another report of heavy rains producing a landslide from steep terrain near Jemez Springs along NM Highway 4 on the 26th. Other storms produced various severe wind gusts and hail across portions of northern and central NM each day.","Flash flooding reported along Raton Creek at North 2nd Street, 10 to 12 inches of water flowing over the roadway between Parsons Ave. and Moulton Avenue. Two cars became water logged and stranded in the foot deep water. A total of 2.90 inches of rain was recorded.",CSV
202605,1,0,202605,31,2359,212602,1329949,NEW MEXICO,35,2026,May,Drought,Z,207,WEST CENTRAL HIGHLANDS,ABQ,01-MAY-26 00:00:00,MST-7,31-MAY-26 23:59:00,0,0,0,0,0.00K,0.00K,Drought Monitor,,,,,,,,,,,,,,,,,,,,,,"The month of May saw below normal precipitation through the Four Corners region and portions of the central highlands of New Mexico, while areas along the Rio Grande Valley, southwestern, and eastern NM saw near to above normal precipitation. Mean temperatures trended near to slightly above normal through western NM and near to slightly below normal across eastern NM. This led to a modest expansion of extreme drought conditions across western NM and portions of the eastern plains of NM along the TX border. Gaps of severe drought through the northern mountains were filled in. Due to ongoing drought conditions and record low snowpack the previous winter, the Rio Grande dried up through the Albuquerque metro area.",Extreme drought expanded to two-thirds of the zone.,CSV
202605,1,0,202605,31,2359,212602,1329951,NEW MEXICO,35,2026,May,Drought,Z,210,TUSAS MOUNTAINS INCLUDING CHAMA,ABQ,01-MAY-26 00:00:00,MST-7,31-MAY-26 23:59:00,0,0,0,0,0.00K,0.00K,Drought Monitor,,,,,,,,,,,,,,,,,,,,,,"The month of May saw below normal precipitation through the Four Corners region and portions of the central highlands of New Mexico, while areas along the Rio Grande Valley, southwestern, and eastern NM saw near to above normal precipitation. Mean temperatures trended near to slightly above normal through western NM and near to slightly below normal across eastern NM. This led to a modest expansion of extreme drought conditions across western NM and portions of the eastern plains of NM along the TX border. Gaps of severe drought through the northern mountains were filled in. Due to ongoing drought conditions and record low snowpack the previous winter, the Rio Grande dried up through the Albuquerque metro area.",Extreme drought expanded to a majority of the zone.,CSV
202605,1,0,202605,31,2359,212602,1329943,NEW MEXICO,35,2026,May,Drought,Z,203,FAR NORTHWEST HIGHLANDS,ABQ,01-MAY-26 00:00:00,MST-7,31-MAY-26 23:59:00,0,0,0,0,0.00K,0.00K,Drought Monitor,,,,,,,,,,,,,,,,,,,,,,"The month of May saw below normal precipitation through the Four Corners region and portions of the central highlands of New Mexico, while areas along the Rio Grande Valley, southwestern, and eastern NM saw near to above normal precipitation. Mean temperatures trended near to slightly above normal through western NM and near to slightly below normal across eastern NM. This led to a modest expansion of extreme drought conditions across western NM and portions of the eastern plains of NM along the TX border. Gaps of severe drought through the northern mountains were filled in. Due to ongoing drought conditions and record low snowpack the previous winter, the Rio Grande dried up through the Albuquerque metro area.",Extreme drought persisted across the northern half of the zone.,CSV
202605,1,0,202605,31,2359,212602,1329944,NEW MEXICO,35,2026,May,Drought,Z,205,WEST CENTRAL PLATEAU,ABQ,01-MAY-26 00:00:00,MST-7,31-MAY-26 23:59:00,0,0,0,0,0.00K,0.00K,Drought Monitor,,,,,,,,,,,,,,,,,,,,,,"The month of May saw below normal precipitation through the Four Corners region and portions of the central highlands of New Mexico, while areas along the Rio Grande Valley, southwestern, and eastern NM saw near to above normal precipitation. Mean temperatures trended near to slightly above normal through western NM and near to slightly below normal across eastern NM. This led to a modest expansion of extreme drought conditions across western NM and portions of the eastern plains of NM along the TX border. Gaps of severe drought through the northern mountains were filled in. Due to ongoing drought conditions and record low snowpack the previous winter, the Rio Grande dried up through the Albuquerque metro area.",Extreme drought was introduced to the northern half of the zone.,CSV
202605,1,0,202605,31,2359,212602,1329948,NEW MEXICO,35,2026,May,Drought,Z,206,WEST CENTRAL MOUNTAINS,ABQ,01-MAY-26 00:00:00,MST-7,31-MAY-26 23:59:00,0,0,0,0,0.00K,0.00K,Drought Monitor,,,,,,,,,,,,,,,,,,,,,,"The month of May saw below normal precipitation through the Four Corners region and portions of the central highlands of New Mexico, while areas along the Rio Grande Valley, southwestern, and eastern NM saw near to above normal precipitation. Mean temperatures trended near to slightly above normal through western NM and near to slightly below normal across eastern NM. This led to a modest expansion of extreme drought conditions across western NM and portions of the eastern plains of NM along the TX border. Gaps of severe drought through the northern mountains were filled in. Due to ongoing drought conditions and record low snowpack the previous winter, the Rio Grande dried up through the Albuquerque metro area.",Extreme drought was introduced to the northern half of the zone.,CSV
202605,1,0,202605,31,2359,212602,1329952,NEW MEXICO,35,2026,May,Drought,Z,213,NORTHERN SANGRE DE CRISTO MOUNTAINS,ABQ,01-MAY-26 00:00:00,MST-7,31-MAY-26 23:59:00,0,0,0,0,0.00K,0.00K,Drought Monitor,,,,,,,,,,,,,,,,,,,,,,"The month of May saw below normal precipitation through the Four Corners region and portions of the central highlands of New Mexico, while areas along the Rio Grande Valley, southwestern, and eastern NM saw near to above normal precipitation. Mean temperatures trended near to slightly above normal through western NM and near to slightly below normal across eastern NM. This led to a modest expansion of extreme drought conditions across western NM and portions of the eastern plains of NM along the TX border. Gaps of severe drought through the northern mountains were filled in. Due to ongoing drought conditions and record low snowpack the previous winter, the Rio Grande dried up through the Albuquerque metro area.",Extreme drought expanded to a majority of the zone.,CSV
202605,14,412,202605,31,2359,212206,1330061,NEW MEXICO,35,2026,May,Wildfire,Z,226,SOUTH CENTRAL MOUNTAINS,ABQ,14-MAY-26 04:12:00,MST-7,31-MAY-26 23:59:00,0,0,0,0,,,Emergency Manager,,,,,,,,,,,,,,,,,,,,,,"Modest moisture across eastern NM, coupled with increased dry southwesterly flow May 14th to produce abundant dry lightning strikes across east-central and northeastern NM. The critical fire weather conditions allowed these fires to rapidly spread and make wind-driven runs. The dry lightning starts included the Mimms and Line, and likely the Black Mesa Trail wildfires. The Black Mesa Trail wildfire was reported have quickly moved across the state line into OK before reaching a notable size in NM. A fourth wildfire called the Range fire was reported in Roosevelt County with an unknown cause. A fifth wildfire in Lincoln County was an unfortunate start from a downed airplane in the northern slopes of the Capitan Mountains north of Ruidoso, named the Seven Cabins Wildfire.","Emergency management reported the unfortunate and tragic crash of a King Air medical transport aircraft in the northern slopes of the Capitan Mountains during the early morning hours of May 14th, originally en route to the Sierra Blanca Regional Airport. There were 4 deaths associated with the crash. The Seven Cabins Wildfire began from this crash, with an initial threat to a communication site and corral on forest service lands. The fire perimeter is almost entirely within the Lincoln National Forest along the Capitan Mountains in Lincoln County. Closures on area highways stretched from NM Highway 246 to the north to Forest Road 57 to the south. Peak personnel responding to the fire reached over 1100 individuals during late May with full suppression and offensive strategies as the fire had several days of a very active smoke plume. The fire eventually grew to 31,860 acres by June 2nd, but was under control by the end of May.",CSV
202605,28,1715,202605,28,1730,212323,1327789,NEW MEXICO,35,2026,May,Hail,C,59,UNION,ABQ,28-MAY-26 17:15:00,MST-7,28-MAY-26 17:30:00,0,0,0,0,,,Public,1.50,,,,,,,,,,,15.41,ENE,DES MOINES,15.41,ENE,DES MOINES,36.84,-103.57,36.84,-103.57,"Higher moisture along and east of the central mountain chain combined with a disturbance moving north into the state ahead of an upper low over California resulting in the development of scattered thunderstorms across the central mountain chain and nearby highlands during the afternoon and evening hours. A few storms became strong to severe resulting in nickel size hail in Santa Fe and half dollar to ping pong ball size hail in northern Union County east-northeast of Des Moines, NM.",An observer 15 miles east of Des Moines reported ping pong ball size hail from a severe thunderstorm.,CSV
202605,28,1835,202605,28,1846,212323,1327791,NEW MEXICO,35,2026,May,Hail,C,49,SANTA FE,ABQ,28-MAY-26 18:35:00,MST-7,28-MAY-26 18:46:00,0,0,0,0,,,Amateur Radio,0.88,,,,,,,,,,,.89,NW,SANTA FE,.89,NW,SANTA FE,35.69,-105.96,35.69,-105.96,"Higher moisture along and east of the central mountain chain combined with a disturbance moving north into the state ahead of an upper low over California resulting in the development of scattered thunderstorms across the central mountain chain and nearby highlands during the afternoon and evening hours. A few storms became strong to severe resulting in nickel size hail in Santa Fe and half dollar to ping pong ball size hail in northern Union County east-northeast of Des Moines, NM.",An amateur radio spotter observed nickel size hail a few miles west of the Santa Fe Plaza from a strong thunderstorm.,CSV
202604,11,1514,202604,11,1520,210925,1317669,NEW MEXICO,35,2026,April,Thunderstorm Wind,C,45,SAN JUAN,ABQ,11-APR-26 15:14:00,MST-7,11-APR-26 15:20:00,0,0,0,0,,,ASOS,51.00,MG,,,,,,,,,,.69,N,(FMN)FARMINGTON AIRPORT,.69,N,(FMN)FARMINGTON AIRPORT,36.75,-108.23,36.75,-108.23,"A moderate upper level disturbance tapped into subtropical moisture resulting in thunderstorm activity across central and eastern NM, as well as virga showers and dry thunderstorms over western NM. A brief 59 mph virga induced gust hit the Four Corners Regional Airport in Farmington. A line of collapsing thunderstorms produced severe wind gusts in Union County, including a 66 mph gust at Clayton. Elsewhere, a brief tornado was observed by storm spotters near Corona, NM. Convective activity died down past sunset.",A nearby virga shower resulted in a brief 59 mph gust at the Four Corners Regional Airport.,CSV
202605,1,0,202605,31,2359,212602,1329966,NEW MEXICO,35,2026,May,Drought,Z,234,QUAY COUNTY,ABQ,01-MAY-26 00:00:00,MST-7,31-MAY-26 23:59:00,0,0,0,0,0.00K,0.00K,Drought Monitor,,,,,,,,,,,,,,,,,,,,,,"The month of May saw below normal precipitation through the Four Corners region and portions of the central highlands of New Mexico, while areas along the Rio Grande Valley, southwestern, and eastern NM saw near to above normal precipitation. Mean temperatures trended near to slightly above normal through western NM and near to slightly below normal across eastern NM. This led to a modest expansion of extreme drought conditions across western NM and portions of the eastern plains of NM along the TX border. Gaps of severe drought through the northern mountains were filled in. Due to ongoing drought conditions and record low snowpack the previous winter, the Rio Grande dried up through the Albuquerque metro area.","Extreme drought was introduced to a portion of the zone, while severe drought persisted elsewhere.",CSV
202605,1,0,202605,31,2359,212602,1329967,NEW MEXICO,35,2026,May,Drought,Z,235,CURRY COUNTY,ABQ,01-MAY-26 00:00:00,MST-7,31-MAY-26 23:59:00,0,0,0,0,0.00K,0.00K,Drought Monitor,,,,,,,,,,,,,,,,,,,,,,"The month of May saw below normal precipitation through the Four Corners region and portions of the central highlands of New Mexico, while areas along the Rio Grande Valley, southwestern, and eastern NM saw near to above normal precipitation. Mean temperatures trended near to slightly above normal through western NM and near to slightly below normal across eastern NM. This led to a modest expansion of extreme drought conditions across western NM and portions of the eastern plains of NM along the TX border. Gaps of severe drought through the northern mountains were filled in. Due to ongoing drought conditions and record low snowpack the previous winter, the Rio Grande dried up through the Albuquerque metro area.","Extreme drought was introduced to a portion of the zone, while severe drought persisted elsewhere.",CSV
202605,1,0,202605,31,2359,212602,1329968,NEW MEXICO,35,2026,May,Drought,Z,236,ROOSEVELT COUNTY,ABQ,01-MAY-26 00:00:00,MST-7,31-MAY-26 23:59:00,0,0,0,0,0.00K,0.00K,Drought Monitor,,,,,,,,,,,,,,,,,,,,,,"The month of May saw below normal precipitation through the Four Corners region and portions of the central highlands of New Mexico, while areas along the Rio Grande Valley, southwestern, and eastern NM saw near to above normal precipitation. Mean temperatures trended near to slightly above normal through western NM and near to slightly below normal across eastern NM. This led to a modest expansion of extreme drought conditions across western NM and portions of the eastern plains of NM along the TX border. Gaps of severe drought through the northern mountains were filled in. Due to ongoing drought conditions and record low snowpack the previous winter, the Rio Grande dried up through the Albuquerque metro area.","Extreme drought was introduced to a portion of the zone, while severe drought persisted elsewhere.",CSV
202605,21,1512,202605,21,1528,212072,1325729,NEW MEXICO,35,2026,May,Hail,C,41,ROOSEVELT,ABQ,21-MAY-26 15:12:00,MST-7,21-MAY-26 15:28:00,0,0,0,0,,,Emergency Manager,1.00,,,,,,,,,,,5.75,E,MILNESAND,5.75,E,MILNESAND,33.64,-103.24,33.64,-103.24,"An upper level disturbance moving across the central Rockies combined with higher moisture across the southeast plains of NM resulted in the development of multiple severe thunderstorms across southern Roosevelt County during the mid afternoon to mid evening hours. These thunderstorms resulted in three rounds of hail up to ping pong diameter between Pep and the Roosevelt and Lea County border. Back building of severe thunderstorms across this area resulted in some minor flooding in culverts and low lying areas. Thunderstorms tapered off just before sunset on May 21st due to the loss of daytime heating. Two more rounds of thunderstorms developed across the northeast and east central plains of NM during the afternoon on May 22nd and 23rd. These storms resulted in a severe wind gust at a public weather station near Melrose on May 22nd and at Tucumcari Municipal Airport on May 23rd. Storms exited into west Texas during the evening hours. The Trigg wildfire was also discovered in far eastern San Miguel County, burning through May 25th before coming under control.",The Roosevelt County emergency manager observed quarter size hail from the first severe thunderstorm of the afternoon.,CSV
202604,11,1636,202604,11,1640,210925,1317670,NEW MEXICO,35,2026,April,Thunderstorm Wind,C,59,UNION,ABQ,11-APR-26 16:36:00,MST-7,11-APR-26 16:40:00,0,0,0,0,0.00K,0.00K,ASOS,57.00,MG,,,,,,,,,,0,N,(CAO)CLAYTON ARPT,0,N,(CAO)CLAYTON ARPT,36.45,-103.15,36.45,-103.15,"A moderate upper level disturbance tapped into subtropical moisture resulting in thunderstorm activity across central and eastern NM, as well as virga showers and dry thunderstorms over western NM. A brief 59 mph virga induced gust hit the Four Corners Regional Airport in Farmington. A line of collapsing thunderstorms produced severe wind gusts in Union County, including a 66 mph gust at Clayton. Elsewhere, a brief tornado was observed by storm spotters near Corona, NM. Convective activity died down past sunset.",A line of collapsing thunderstorms resulted in a brief 66 mph gust at the Clayton Municipal Airport.,CSV
202604,11,1620,202604,11,1621,210925,1317671,NEW MEXICO,35,2026,April,Thunderstorm Wind,C,59,UNION,ABQ,11-APR-26 16:20:00,MST-7,11-APR-26 16:21:00,0,0,0,0,,,Mesonet,50.00,MG,,,,,,,,,,7.45,NNE,CLAPHAM,7.45,NNE,CLAPHAM,36.27,-103.32,36.27,-103.32,"A moderate upper level disturbance tapped into subtropical moisture resulting in thunderstorm activity across central and eastern NM, as well as virga showers and dry thunderstorms over western NM. A brief 59 mph virga induced gust hit the Four Corners Regional Airport in Farmington. A line of collapsing thunderstorms produced severe wind gusts in Union County, including a 66 mph gust at Clayton. Elsewhere, a brief tornado was observed by storm spotters near Corona, NM. Convective activity died down past sunset.",A line of collapsing thunderstorms resulted in a brief 58 mph gust at a ZiaMet station southwest of Clayton.,CSV
202605,21,1755,202605,21,1805,212262,1327307,NEW MEXICO,35,2026,May,Hail,C,25,LEA,MAF,21-MAY-26 17:55:00,MST-7,21-MAY-26 18:05:00,0,0,0,0,,0.00K,Trained Spotter,1.00,,,,,,,,,,,9.96,E,CROSSROADS,9.96,E,CROSSROADS,33.54,-103.1587,33.54,-103.1587,"Pulses in the southwesterly flow aloft, coupled with the remnants of the stalled boundary from the 19th and 20th, allowed for more thunderstorms to develop on the 21st. One storm managed to produce quarter-sized hail in Lea county. High based showers in far west Texas also produced a couple of severe downbursts.",A trained spotter reported quarter-sized hail to the east/northeast of Crossroads. The total time of occurrence is partially estimated from radar.,CSV
202605,14,1504,202605,14,1508,211834,1323985,NEW MEXICO,35,2026,May,Thunderstorm Wind,C,59,UNION,ABQ,14-MAY-26 15:04:00,MST-7,14-MAY-26 15:08:00,0,0,0,0,,,ASOS,50.00,MG,,,,,,,,,,0,N,(CAO)CLAYTON ARPT,0,N,(CAO)CLAYTON ARPT,36.45,-103.15,36.45,-103.15,"A weak disturbance moving across the Intermountain West combined with intense daytime heating resulting in scattered high based evaporating showers and dry thunderstorms across western and central New Mexico during the afternoon hours on May 13th. These showers resulted in dry microbursts at the Farmington Four Corners Regional Airport and the NMDOT weather station along I-40 at SR6 in Laguna Pueblo. High based shower and thunderstorm activity across western and central New Mexico dissipated around sunset with the loss of daytime heating. Two rounds of high based shower and thunderstorm activity developed across the eastern plains of New Mexico during the afternoon hours on May 14th and 15th with dry microbursts in Clayton. High based shower and thunderstorm activity exited east into west Texas and tapered off during the evening hours, with one area of collapsing showers resulting in a heat burst at the Fort Sumner Municipal Airport late on May 14th.",The ASOS at Clayton Municipal Airport measured a brief 58 mph wind gust due to a dry microburst from a high based thunderstorm.,CSV
202605,15,1530,202605,15,1531,211834,1324163,NEW MEXICO,35,2026,May,Thunderstorm Wind,C,59,UNION,ABQ,15-MAY-26 15:30:00,MST-7,15-MAY-26 15:31:00,0,0,0,0,,,Mesonet,52.00,MG,,,,,,,,,,3.61,ENE,(CAO)CLAYTON ARPT,3.61,ENE,(CAO)CLAYTON ARPT,36.47,-103.09,36.47,-103.09,"A weak disturbance moving across the Intermountain West combined with intense daytime heating resulting in scattered high based evaporating showers and dry thunderstorms across western and central New Mexico during the afternoon hours on May 13th. These showers resulted in dry microbursts at the Farmington Four Corners Regional Airport and the NMDOT weather station along I-40 at SR6 in Laguna Pueblo. High based shower and thunderstorm activity across western and central New Mexico dissipated around sunset with the loss of daytime heating. Two rounds of high based shower and thunderstorm activity developed across the eastern plains of New Mexico during the afternoon hours on May 14th and 15th with dry microbursts in Clayton. High based shower and thunderstorm activity exited east into west Texas and tapered off during the evening hours, with one area of collapsing showers resulting in a heat burst at the Fort Sumner Municipal Airport late on May 14th.",A mesonet station near Clayton Municipal Airport measured a brief 60 mph wind gust due to a microburst from a high based thunderstorm.,CSV
202605,21,1717,202605,21,1730,212072,1325742,NEW MEXICO,35,2026,May,Hail,C,41,ROOSEVELT,ABQ,21-MAY-26 17:17:00,MST-7,21-MAY-26 17:30:00,0,0,0,0,,,Public,0.75,,,,,,,,,,,2.88,E,MILNESAND,2.88,E,MILNESAND,33.64,-103.29,33.64,-103.29,"An upper level disturbance moving across the central Rockies combined with higher moisture across the southeast plains of NM resulted in the development of multiple severe thunderstorms across southern Roosevelt County during the mid afternoon to mid evening hours. These thunderstorms resulted in three rounds of hail up to ping pong diameter between Pep and the Roosevelt and Lea County border. Back building of severe thunderstorms across this area resulted in some minor flooding in culverts and low lying areas. Thunderstorms tapered off just before sunset on May 21st due to the loss of daytime heating. Two more rounds of thunderstorms developed across the northeast and east central plains of NM during the afternoon on May 22nd and 23rd. These storms resulted in a severe wind gust at a public weather station near Melrose on May 22nd and at Tucumcari Municipal Airport on May 23rd. Storms exited into west Texas during the evening hours. The Trigg wildfire was also discovered in far eastern San Miguel County, burning through May 25th before coming under control.",Penny size diameter hail was observed 3 miles east of Milnesand from the third and final severe thunderstorm of the evening.,CSV
202605,22,1619,202605,22,1620,212072,1325770,NEW MEXICO,35,2026,May,Thunderstorm Wind,C,9,CURRY,ABQ,22-MAY-26 16:19:00,MST-7,22-MAY-26 16:20:00,0,0,0,0,,,Public,53.00,MG,,,,,,,,,,4,WNW,MELROSE,4,WNW,MELROSE,34.46,-103.69,34.46,-103.69,"An upper level disturbance moving across the central Rockies combined with higher moisture across the southeast plains of NM resulted in the development of multiple severe thunderstorms across southern Roosevelt County during the mid afternoon to mid evening hours. These thunderstorms resulted in three rounds of hail up to ping pong diameter between Pep and the Roosevelt and Lea County border. Back building of severe thunderstorms across this area resulted in some minor flooding in culverts and low lying areas. Thunderstorms tapered off just before sunset on May 21st due to the loss of daytime heating. Two more rounds of thunderstorms developed across the northeast and east central plains of NM during the afternoon on May 22nd and 23rd. These storms resulted in a severe wind gust at a public weather station near Melrose on May 22nd and at Tucumcari Municipal Airport on May 23rd. Storms exited into west Texas during the evening hours. The Trigg wildfire was also discovered in far eastern San Miguel County, burning through May 25th before coming under control.",A public weather station 4 miles west-northwest of Melrose measured a brief 61 mph wind gust as a line of severe thunderstorms moved through the site.,CSV
202605,1,635,202605,1,1000,211862,1323994,NEW MEXICO,35,2026,May,Flash Flood,C,25,LEA,MAF,01-MAY-26 06:35:00,MST-7,01-MAY-26 10:00:00,0,0,0,0,0.00K,0.00K,Public,,,Heavy Rain,,,,,,,,,2.24,N,HOBBS,2.28,NNE,HOBBS,32.7319,-103.123,32.7318,-103.1193,"An incoming shortwave trough brought showers and some thunderstorms to west Texas and southeast New Mexico overnight April 30th and especially during the morning of May 1st. During the morning of the 1st, rainfall became locally heavy at times, which resulting in flash flooding in urban and low-lying areas. Showers largely cleared the area during the afternoon of the 1st as the shortwave moved east of MAF's CWA, taking the best lift and moisture with it.",A report was received from the public via MPING of road/street flooding in Hobbs. The total time of occurrence is estimated by radar. No damage was reported.,CSV
202605,21,1536,202605,21,1544,212072,1325735,NEW MEXICO,35,2026,May,Hail,C,41,ROOSEVELT,ABQ,21-MAY-26 15:36:00,MST-7,21-MAY-26 15:44:00,0,0,0,0,,,Trained Spotter,1.00,,,,,,,,,,,5.53,N,MILNESAND,5.53,N,MILNESAND,33.72,-103.34,33.72,-103.34,"An upper level disturbance moving across the central Rockies combined with higher moisture across the southeast plains of NM resulted in the development of multiple severe thunderstorms across southern Roosevelt County during the mid afternoon to mid evening hours. These thunderstorms resulted in three rounds of hail up to ping pong diameter between Pep and the Roosevelt and Lea County border. Back building of severe thunderstorms across this area resulted in some minor flooding in culverts and low lying areas. Thunderstorms tapered off just before sunset on May 21st due to the loss of daytime heating. Two more rounds of thunderstorms developed across the northeast and east central plains of NM during the afternoon on May 22nd and 23rd. These storms resulted in a severe wind gust at a public weather station near Melrose on May 22nd and at Tucumcari Municipal Airport on May 23rd. Storms exited into west Texas during the evening hours. The Trigg wildfire was also discovered in far eastern San Miguel County, burning through May 25th before coming under control.",A trained spotter observed quarter size hail 5 miles north of Milnesand from the second severe thunderstorm of the afternoon.,CSV
202605,14,1814,202605,16,1600,212206,1330050,NEW MEXICO,35,2026,May,Wildfire,Z,234,QUAY COUNTY,ABQ,14-MAY-26 18:14:00,MST-7,16-MAY-26 16:00:00,0,0,0,0,20.00K,0.00K,Fire Department/Rescue,,,,,,,,,,,,,,,,,,,,,,"Modest moisture across eastern NM, coupled with increased dry southwesterly flow May 14th to produce abundant dry lightning strikes across east-central and northeastern NM. The critical fire weather conditions allowed these fires to rapidly spread and make wind-driven runs. The dry lightning starts included the Mimms and Line, and likely the Black Mesa Trail wildfires. The Black Mesa Trail wildfire was reported have quickly moved across the state line into OK before reaching a notable size in NM. A fourth wildfire called the Range fire was reported in Roosevelt County with an unknown cause. A fifth wildfire in Lincoln County was an unfortunate start from a downed airplane in the northern slopes of the Capitan Mountains north of Ruidoso, named the Seven Cabins Wildfire.","The lighting caused Line Fire began near Nara Visa in far northern Quay County May 14th. The fire made wind-driven runs to the north that day, crossing the state line into TX and damaging some power lines. The NM portion of the fire was determined to be 20,030 acres, out of a total size of 30,144 acres that includes the TX portion of the burned area. Damage amount is estimated based on the report of power lines being damaged.",CSV
202605,14,1607,202605,18,1600,212206,1330052,NEW MEXICO,35,2026,May,Wildfire,Z,236,ROOSEVELT COUNTY,ABQ,14-MAY-26 16:07:00,MST-7,18-MAY-26 16:00:00,0,0,0,0,0.00K,0.00K,Fire Department/Rescue,,,,,,,,,,,,,,,,,,,,,,"Modest moisture across eastern NM, coupled with increased dry southwesterly flow May 14th to produce abundant dry lightning strikes across east-central and northeastern NM. The critical fire weather conditions allowed these fires to rapidly spread and make wind-driven runs. The dry lightning starts included the Mimms and Line, and likely the Black Mesa Trail wildfires. The Black Mesa Trail wildfire was reported have quickly moved across the state line into OK before reaching a notable size in NM. A fourth wildfire called the Range fire was reported in Roosevelt County with an unknown cause. A fifth wildfire in Lincoln County was an unfortunate start from a downed airplane in the northern slopes of the Capitan Mountains north of Ruidoso, named the Seven Cabins Wildfire.","The Range Fire was reported in a remote area of northwestern Roosevelt County with its cause unknown, burning west-southwest of Melrose. It burned a reported 2,817 acres according to the WatchDuty webpage with no reported damage.",CSV
202605,1,0,202605,2,1600,211706,1323156,NEW MEXICO,35,2026,May,Wildfire,Z,208,SOUTHWEST MOUNTAINS,ABQ,01-MAY-26 00:00:00,MST-7,02-MAY-26 16:00:00,0,0,0,0,0.00K,0.00K,Park/Forest Service,,,,,,,,,,,,,,,,,,,,,,"The Hummingbird Wildfire, which began April 20th, continued into the first week of May. This wildfire burned within the old Whitewater Baldy burn scar in the Gila National Forest, eventually growing to 5,720 acres.","The Hummingbird Wildfire was a lightning caused fire starting in a remote region of the Gila Wilderness in Catron County. The wildfire began April 20th and continued into the first week of May burning within dead and downed trees within the old 2012 Whitewater-Baldy burn scar. The fire reached a final size of 5,720 acres by May 2nd before activity subsided. Evacuations for the Willow Creek Subdivision were finally lifted by May 6th.",CSV
202605,1,0,202605,31,2359,212602,1329972,NEW MEXICO,35,2026,May,Drought,Z,240,SOUTHWEST CHAVES COUNTY,ABQ,01-MAY-26 00:00:00,MST-7,31-MAY-26 23:59:00,0,0,0,0,0.00K,0.00K,Drought Monitor,,,,,,,,,,,,,,,,,,,,,,"The month of May saw below normal precipitation through the Four Corners region and portions of the central highlands of New Mexico, while areas along the Rio Grande Valley, southwestern, and eastern NM saw near to above normal precipitation. Mean temperatures trended near to slightly above normal through western NM and near to slightly below normal across eastern NM. This led to a modest expansion of extreme drought conditions across western NM and portions of the eastern plains of NM along the TX border. Gaps of severe drought through the northern mountains were filled in. Due to ongoing drought conditions and record low snowpack the previous winter, the Rio Grande dried up through the Albuquerque metro area.",Severe drought remained over the northern half of the zone.,CSV
202605,24,1913,202605,24,1914,212288,1327463,NEW MEXICO,35,2026,May,Thunderstorm Wind,C,25,LEA,MAF,24-MAY-26 19:13:00,MST-7,24-MAY-26 19:14:00,0,0,0,0,,0.00K,Mesonet,53.00,MG,,,,,,,,,,1.87,WSW,TATUM,1.87,WSW,TATUM,33.24,-103.35,33.24,-103.35,A few high-based showers and thunderstorms developed over southeast New Mexico during the evening of the 24th. One of these cells managed to produce a 61 mph wind gust at the Tatum mesonet.,The Tatum West Texas Mesonet site reported a gust of 61 mph.,CSV
202605,1,0,202605,31,2359,212602,1329973,NEW MEXICO,35,2026,May,Drought,Z,241,SAN AGUSTIN PLAINS AND ADJACENT LOWLANDS,ABQ,01-MAY-26 00:00:00,MST-7,31-MAY-26 23:59:00,0,0,0,0,0.00K,0.00K,Drought Monitor,,,,,,,,,,,,,,,,,,,,,,"The month of May saw below normal precipitation through the Four Corners region and portions of the central highlands of New Mexico, while areas along the Rio Grande Valley, southwestern, and eastern NM saw near to above normal precipitation. Mean temperatures trended near to slightly above normal through western NM and near to slightly below normal across eastern NM. This led to a modest expansion of extreme drought conditions across western NM and portions of the eastern plains of NM along the TX border. Gaps of severe drought through the northern mountains were filled in. Due to ongoing drought conditions and record low snowpack the previous winter, the Rio Grande dried up through the Albuquerque metro area.",Extreme drought persisted over the far western and far eastern portions of the zone.,CSV
202605,8,1500,202605,11,1600,212613,1330065,NEW MEXICO,35,2026,May,Wildfire,Z,208,SOUTHWEST MOUNTAINS,ABQ,08-MAY-26 15:00:00,MST-7,11-MAY-26 16:00:00,0,0,0,0,0.00K,0.00K,Park/Forest Service,,,,,,,,,,,,,,,,,,,,,,"The Six Mile wildfire was discovered during the afternoon of May 8th, burning in the southern portion of the Magdalena Mountains in western Socorro County. The fire grew in a extremely remote area within the Cibola National Forest area, threatening only trails. It eventually grew to 341 acres before coming under control by May 11th.","The Six Mile wildfire was discovered during the afternoon of May 8th, burning in the southern portion of the Magdalena Mountains in western Socorro County. The fire grew in a extremely remote area within the Cibola National Forest area, threatening only trails. It eventually grew to 341 acres before coming under control by May 11th.",CSV
202605,25,2234,202605,25,2242,212617,1330092,NEW MEXICO,35,2026,May,Hail,C,25,LEA,MAF,25-MAY-26 22:34:00,MST-7,25-MAY-26 22:42:00,0,0,0,0,,0.00K,Fire Department/Rescue,1.25,,,,,,,,,,,1.38,N,LOVINGTON,1.38,N,LOVINGTON,32.95,-103.35,32.95,-103.35,"Difluence ahead of an incoming shortwave interacted with ample moisture across west Texas and southeast New Mexico, allowing for showers and thunderstorms to develop across the area during the morning of the 26th. The biggest issue during the morning was training thunderstorms which, combined with heavy rainfall, yielded flash flooding for numerous locations. Later that evening, storms redeveloped in southeast New Mexico and moved into portions of west Texas. Large hail and strong winds were observed with these storms.",Half Dollar Size Hail was reported approximately 3 blocks away from the Fire Department in Lovington. The total time of occurrence is partially estimated from radar.,CSV
202605,26,1612,202605,26,1622,212617,1330093,NEW MEXICO,35,2026,May,Hail,C,15,EDDY,MAF,26-MAY-26 16:12:00,MST-7,26-MAY-26 16:22:00,0,0,0,0,,0.00K,Trained Spotter,1.00,,,,,,,,,,,2.23,NE,WHITES CITY,2.23,NE,WHITES CITY,32.19,-104.34,32.19,-104.34,"Difluence ahead of an incoming shortwave interacted with ample moisture across west Texas and southeast New Mexico, allowing for showers and thunderstorms to develop across the area during the morning of the 26th. The biggest issue during the morning was training thunderstorms which, combined with heavy rainfall, yielded flash flooding for numerous locations. Later that evening, storms redeveloped in southeast New Mexico and moved into portions of west Texas. Large hail and strong winds were observed with these storms.",Trained spotter found dime to quarter sized hail on the ground along U.S. Highway 62/180. The total time of occurrence is partially estimated from radar.,CSV
202605,1,0,202605,31,2359,214001,1340938,NEW MEXICO,35,2026,May,Drought,Z,401,UPPER GILA RIVER VALLEY,EPZ,01-MAY-26 00:00:00,MST-7,31-MAY-26 23:59:00,0,0,0,0,0.00K,0.00K,Drought Monitor,,,,,,,,,,,,,,,,,,,,,,Near average rainfall for many areas kept drought conditions the same in May. The one change was in northern Sierra county where there was slightly below normal precipitation and the area was put in Extreme(D3) drought.,The entire zone remained in Severe(D2) drought through the month of May.  The Cliff Cooperative Observer reported 0.36 inches of precipitation which was 0.03 inches below normal.,CSV
202605,1,0,202605,31,2359,214001,1340939,NEW MEXICO,35,2026,May,Drought,Z,403,SOUTHERN GILA FOOTHILLS/MIMBRES VALLEY,EPZ,01-MAY-26 00:00:00,MST-7,31-MAY-26 23:59:00,0,0,0,0,0.00K,0.00K,Drought Monitor,,,,,,,,,,,,,,,,,,,,,,Near average rainfall for many areas kept drought conditions the same in May. The one change was in northern Sierra county where there was slightly below normal precipitation and the area was put in Extreme(D3) drought.,Severe(D2) drought continued through the month of May.,CSV
202605,1,0,202605,31,2359,214001,1340940,NEW MEXICO,35,2026,May,Drought,Z,404,SOUTHWEST DESERT/LOWER GILA RIVER VALLEY,EPZ,01-MAY-26 00:00:00,MST-7,31-MAY-26 23:59:00,0,0,0,0,0.00K,0.00K,Drought Monitor,,,,,,,,,,,,,,,,,,,,,,Near average rainfall for many areas kept drought conditions the same in May. The one change was in northern Sierra county where there was slightly below normal precipitation and the area was put in Extreme(D3) drought.,Severe(D2) drought continued for the entire zone except the far west where Moderate(D1) drought remained.  The Cooperative Observer at Redrock received 0.46 inches of precipitation which was 0.04 inches above normal.,CSV
202605,1,0,202605,31,2359,214001,1340941,NEW MEXICO,35,2026,May,Drought,Z,405,LOWLANDS OF THE BOOTHEEL,EPZ,01-MAY-26 00:00:00,MST-7,31-MAY-26 23:59:00,0,0,0,0,0.00K,0.00K,Drought Monitor,,,,,,,,,,,,,,,,,,,,,,Near average rainfall for many areas kept drought conditions the same in May. The one change was in northern Sierra county where there was slightly below normal precipitation and the area was put in Extreme(D3) drought.,"The far western portion of the zone remained in Moderate(D1) drought, but the remainder of the zone stayed in Severe(D2) drought. The Cooperative Observer at Antelope Wells reported 0.62 inches of precipitation which was 0.38 inches above normal.",CSV
202605,1,0,202605,31,2359,214001,1340942,NEW MEXICO,35,2026,May,Drought,Z,406,UPLANDS OF THE BOOTHEEL,EPZ,01-MAY-26 00:00:00,MST-7,31-MAY-26 23:59:00,0,0,0,0,0.00K,0.00K,Drought Monitor,,,,,,,,,,,,,,,,,,,,,,Near average rainfall for many areas kept drought conditions the same in May. The one change was in northern Sierra county where there was slightly below normal precipitation and the area was put in Extreme(D3) drought.,Severe(D2) drought continued across the zone except for the far west where Moderate(D1) drought remained in place.,CSV
202605,1,0,202605,31,2359,214001,1340949,NEW MEXICO,35,2026,May,Drought,Z,425,CENTRAL GRANT COUNTY/SILVER CITY AREA,EPZ,01-MAY-26 00:00:00,MST-7,31-MAY-26 23:59:00,0,0,0,0,0.00K,0.00K,Drought Monitor,,,,,,,,,,,,,,,,,,,,,,Near average rainfall for many areas kept drought conditions the same in May. The one change was in northern Sierra county where there was slightly below normal precipitation and the area was put in Extreme(D3) drought.,Severe(D2) drought continued across the entire zone in May. The White Signal Cooperative Observer reported 0.23 inches which was 0.15 inches below normal.,CSV
202605,1,0,202605,31,2359,214001,1340950,NEW MEXICO,35,2026,May,Drought,Z,426,SOUTHERN GILA REGION HIGHLANDS/BLACK RANGE,EPZ,01-MAY-26 00:00:00,MST-7,31-MAY-26 23:59:00,0,0,0,0,0.00K,0.00K,Drought Monitor,,,,,,,,,,,,,,,,,,,,,,Near average rainfall for many areas kept drought conditions the same in May. The one change was in northern Sierra county where there was slightly below normal precipitation and the area was put in Extreme(D3) drought.,Severe(D2) drought continued across the zone in May.,CSV
202605,1,0,202605,31,2359,214001,1340951,NEW MEXICO,35,2026,May,Drought,Z,427,WEST CENTRAL TULAROSA BASIN/WHITE SANDS,EPZ,01-MAY-26 00:00:00,MST-7,31-MAY-26 23:59:00,0,0,0,0,0.00K,0.00K,Drought Monitor,,,,,,,,,,,,,,,,,,,,,,Near average rainfall for many areas kept drought conditions the same in May. The one change was in northern Sierra county where there was slightly below normal precipitation and the area was put in Extreme(D3) drought.,Severe(D2) drought remained over the far northern portions of the zone while Moderate(D1) drought existed elsewhere. The White Sands National Park Cooperative Observer reported 0.63 inches of precipitation which was 0.18 inches above normal.,CSV
202605,1,0,202605,31,2359,214001,1340952,NEW MEXICO,35,2026,May,Drought,Z,428,EAST CENTRAL TULAROSA BASIN/ALAMOGORDO,EPZ,01-MAY-26 00:00:00,MST-7,31-MAY-26 23:59:00,0,0,0,0,0.00K,0.00K,Drought Monitor,,,,,,,,,,,,,,,,,,,,,,Near average rainfall for many areas kept drought conditions the same in May. The one change was in northern Sierra county where there was slightly below normal precipitation and the area was put in Extreme(D3) drought.,The northern half of the zone remained in Severe(D2) drought while the south remained in Moderate(D1) drought.,CSV
202605,25,1245,202605,25,1250,214051,1341225,NEW MEXICO,35,2026,May,Thunderstorm Wind,C,13,DONA ANA,EPZ,25-MAY-26 12:45:00,MST-7,25-MAY-26 12:50:00,0,0,0,0,0.00K,0.00K,Mesonet,52.00,MG,,,,,,,,,,18.51,NNE,WHITE SANDS,18.51,NNE,WHITE SANDS,32.6325,-106.3938,32.6325,-106.3938,A weak upper low was located over southwest Arizona with southerly flow over the Rio Grande Valley.  This southerly flow helped draw up enough moisture for some high based thunderstorms to develop over the White Sands Missile Range and drop some strong wind gusts with them.,A peak gust of 60 mph was recorded at the Apache Mesonet site on the White Sands Missile Range.,CSV
202605,25,1530,202605,25,1540,214051,1341226,NEW MEXICO,35,2026,May,Thunderstorm Wind,C,13,DONA ANA,EPZ,25-MAY-26 15:30:00,MST-7,25-MAY-26 15:40:00,0,0,0,0,0.00K,0.00K,Mesonet,51.00,MG,,,,,,,,,,.81,ENE,WHITE SANDS,.81,ENE,WHITE SANDS,32.3832,-106.4867,32.3832,-106.4867,A weak upper low was located over southwest Arizona with southerly flow over the Rio Grande Valley.  This southerly flow helped draw up enough moisture for some high based thunderstorms to develop over the White Sands Missile Range and drop some strong wind gusts with them.,"A peak gust of 59 mph was recorded at the White Sands Missile Range Main Post.  In addition, a tree was blown down nearby.",CSV
202605,24,1425,202605,24,1426,212128,1326251,NEW MEXICO,35,2026,May,Thunderstorm Wind,C,7,COLFAX,ABQ,24-MAY-26 14:25:00,MST-7,24-MAY-26 14:26:00,0,0,0,0,,,ASOS,50.00,MG,,,,,,,,,,0,N,RATON CREWS ARPT,0,N,RATON CREWS ARPT,36.73,-104.5,36.73,-104.5,Daytime heating combined with mid level moisture under an upper high over New Mexico resulted in high based showers and storms across the higher terrain and nearby lower elevations across central New Mexico during the afternoon and early evening hours on May 24th. One decaying thunderstorm resulted in a severe wind gust at Raton Crews Municipal Airport.,A decaying thunderstorm resulted in a 58 mph wind gust at Raton Crews Municipal Airport.,CSV
202604,17,1340,202604,17,1356,211027,1318331,NEW MEXICO,35,2026,April,High Wind,Z,223,CENTRAL HIGHLANDS,ABQ,17-APR-26 13:40:00,MST-7,17-APR-26 13:56:00,0,0,0,0,,,ASOS,53.00,MG,,,,,,,,,,,,,,,,,,,,"A strong cold front pushed west to east across New Mexico April 17th from the late morning through the early evening hours. Strong winds aloft associated with an upper level disturbance passing over the northern and central Rocky Mountains accompanied this cold front, producing high wind gusts peaking to 61 mph at Clines Corners.",The ASOS at Clines Corners measured high wind gusts peaking at 61 mph.,CSV
202604,28,1420,202604,28,1600,211566,1321769,NEW MEXICO,35,2026,April,Wildfire,Z,234,QUAY COUNTY,ABQ,28-APR-26 14:20:00,MST-7,28-APR-26 16:00:00,0,0,0,0,0.00K,0.00K,Fire Department/Rescue,,,,,,,,,,,,,,,,,,,,,,"Critical fire weather conditions resulting from strong and very dry windy conditions allowed for the Sparks and Crow Creek Wildfires to rapidly grow. The Sparks Wildfire, discovered April 28th, grew eastward in extreme western Quay County near NM Highway 156. The Sparks Wildfire threatened structures, but no damage has been reported and came under control April 29th. The Crow Creek Wildfire was discovered in Colfax County north of Maxwell, NM along NM Highway 445 April 29th. It rapidly grew northward toward U.S. Highway 64 closing the highway, and coming under control April 30th.","The Sparks Wildfire was discovered in the afternoon of April 29th near NM Highway 156 in far western Quay County on private land. It quickly grew with reports of active running, spotting, and being wind-driven moving toward the east. While the fire was reported to have threatened multiple structures, there have been no reports of damage or destruction. The fire came under better control with slower creeping by April 29th.",CSV
202605,1,0,202605,31,2359,212602,1329962,NEW MEXICO,35,2026,May,Drought,Z,231,HARDING COUNTY,ABQ,01-MAY-26 00:00:00,MST-7,31-MAY-26 23:59:00,0,0,0,0,0.00K,0.00K,Drought Monitor,,,,,,,,,,,,,,,,,,,,,,"The month of May saw below normal precipitation through the Four Corners region and portions of the central highlands of New Mexico, while areas along the Rio Grande Valley, southwestern, and eastern NM saw near to above normal precipitation. Mean temperatures trended near to slightly above normal through western NM and near to slightly below normal across eastern NM. This led to a modest expansion of extreme drought conditions across western NM and portions of the eastern plains of NM along the TX border. Gaps of severe drought through the northern mountains were filled in. Due to ongoing drought conditions and record low snowpack the previous winter, the Rio Grande dried up through the Albuquerque metro area.",Extreme and severe drought persisted over the northern and southern portions of the zone respectively.,CSV
202605,13,1336,202605,13,1337,211834,1323787,NEW MEXICO,35,2026,May,Thunderstorm Wind,C,45,SAN JUAN,ABQ,13-MAY-26 13:36:00,MST-7,13-MAY-26 13:37:00,0,0,0,0,,,ASOS,52.00,MG,,,,,,,,,,0,N,(FMN)FARMINGTON AIRPORT,0,N,(FMN)FARMINGTON AIRPORT,36.74,-108.23,36.74,-108.23,"A weak disturbance moving across the Intermountain West combined with intense daytime heating resulting in scattered high based evaporating showers and dry thunderstorms across western and central New Mexico during the afternoon hours on May 13th. These showers resulted in dry microbursts at the Farmington Four Corners Regional Airport and the NMDOT weather station along I-40 at SR6 in Laguna Pueblo. High based shower and thunderstorm activity across western and central New Mexico dissipated around sunset with the loss of daytime heating. Two rounds of high based shower and thunderstorm activity developed across the eastern plains of New Mexico during the afternoon hours on May 14th and 15th with dry microbursts in Clayton. High based shower and thunderstorm activity exited east into west Texas and tapered off during the evening hours, with one area of collapsing showers resulting in a heat burst at the Fort Sumner Municipal Airport late on May 14th.",The ASOS at the Farmington Four Corners Regional Airport measured a brief 60 mph wind gust from an evaporating shower induced dry microburst.,CSV
202605,13,1409,202605,13,1415,211834,1323791,NEW MEXICO,35,2026,May,Thunderstorm Wind,C,6,CIBOLA,ABQ,13-MAY-26 14:09:00,MST-7,13-MAY-26 14:15:00,0,0,0,0,,,Mesonet,52.00,MG,,,,,,,,,,2.29,N,CORREO,2.29,N,CORREO,34.9832,-107.1724,34.9832,-107.1724,"A weak disturbance moving across the Intermountain West combined with intense daytime heating resulting in scattered high based evaporating showers and dry thunderstorms across western and central New Mexico during the afternoon hours on May 13th. These showers resulted in dry microbursts at the Farmington Four Corners Regional Airport and the NMDOT weather station along I-40 at SR6 in Laguna Pueblo. High based shower and thunderstorm activity across western and central New Mexico dissipated around sunset with the loss of daytime heating. Two rounds of high based shower and thunderstorm activity developed across the eastern plains of New Mexico during the afternoon hours on May 14th and 15th with dry microbursts in Clayton. High based shower and thunderstorm activity exited east into west Texas and tapered off during the evening hours, with one area of collapsing showers resulting in a heat burst at the Fort Sumner Municipal Airport late on May 14th.",An NMDOT mesonet site along I-40 at SR 6 in Laguna Pueblo measured a brief 60 mph wind gust from an evaporating shower induced dry microburst.,CSV
202605,25,1246,202605,25,1249,212204,1326754,NEW MEXICO,35,2026,May,Thunderstorm Wind,C,49,SANTA FE,ABQ,25-MAY-26 12:46:00,MST-7,25-MAY-26 12:49:00,0,0,0,0,0.00K,0.00K,ASOS,55.00,MG,,,,,,,,,,1.12,W,(SAF)SANTA FE MUNI AIRPORT,1.12,W,(SAF)SANTA FE MUNI AIRPORT,35.62,-106.1,35.62,-106.1,"Scattered to numerous afternoon thunderstorm activity mainly focused along and east of the central mountain chain produced widespread gusty winds that lofted abundant dust from Albuquerque to Santa Fe May 25th. While the dust lowered visibility a couple of miles, severe outflow gusts reaching 63 mph were measured at the Santa Fe Airport.",A strong thunderstorm outflow gust reaching 63 mph at the Santa Fe Airport ASOS also lofted abundant dust from Albuquerque to Santa Fe.,CSV
202605,1,0,202605,31,2359,212602,1329940,NEW MEXICO,35,2026,May,Drought,Z,201,NORTHWEST PLATEAU,ABQ,01-MAY-26 00:00:00,MST-7,31-MAY-26 23:59:00,0,0,0,0,0.00K,0.00K,Drought Monitor,,,,,,,,,,,,,,,,,,,,,,"The month of May saw below normal precipitation through the Four Corners region and portions of the central highlands of New Mexico, while areas along the Rio Grande Valley, southwestern, and eastern NM saw near to above normal precipitation. Mean temperatures trended near to slightly above normal through western NM and near to slightly below normal across eastern NM. This led to a modest expansion of extreme drought conditions across western NM and portions of the eastern plains of NM along the TX border. Gaps of severe drought through the northern mountains were filled in. Due to ongoing drought conditions and record low snowpack the previous winter, the Rio Grande dried up through the Albuquerque metro area.",Extreme drought persisted across nearly all of the zone.,CSV
202604,29,1245,202604,30,1600,211566,1321770,NEW MEXICO,35,2026,April,Wildfire,Z,228,FAR NORTHEAST HIGHLANDS,ABQ,29-APR-26 12:45:00,MST-7,30-APR-26 16:00:00,0,0,0,0,0.00K,0.00K,Fire Department/Rescue,,,,,,,,,,,,,,,,,,,,,,"Critical fire weather conditions resulting from strong and very dry windy conditions allowed for the Sparks and Crow Creek Wildfires to rapidly grow. The Sparks Wildfire, discovered April 28th, grew eastward in extreme western Quay County near NM Highway 156. The Sparks Wildfire threatened structures, but no damage has been reported and came under control April 29th. The Crow Creek Wildfire was discovered in Colfax County north of Maxwell, NM along NM Highway 445 April 29th. It rapidly grew northward toward U.S. Highway 64 closing the highway, and coming under control April 30th.","The Crow Creek Wildfire was discovered in the afternoon of April 29th near NM Highway 445 north of Maxwell. The fire quickly grew to an estimated 1,200 acres making wind-driven runs north toward U.S. Highway 64, closing the highway between Colfax Tavern and Raton Municipal Airport. No structures were impacted.",CSV
202605,1,0,202605,31,2359,212602,1329963,NEW MEXICO,35,2026,May,Drought,Z,232,EASTERN SAN MIGUEL COUNTY,ABQ,01-MAY-26 00:00:00,MST-7,31-MAY-26 23:59:00,0,0,0,0,0.00K,0.00K,Drought Monitor,,,,,,,,,,,,,,,,,,,,,,"The month of May saw below normal precipitation through the Four Corners region and portions of the central highlands of New Mexico, while areas along the Rio Grande Valley, southwestern, and eastern NM saw near to above normal precipitation. Mean temperatures trended near to slightly above normal through western NM and near to slightly below normal across eastern NM. This led to a modest expansion of extreme drought conditions across western NM and portions of the eastern plains of NM along the TX border. Gaps of severe drought through the northern mountains were filled in. Due to ongoing drought conditions and record low snowpack the previous winter, the Rio Grande dried up through the Albuquerque metro area.",Severe drought expanded to the entire zone.,CSV
202605,1,0,202605,31,2359,212602,1329965,NEW MEXICO,35,2026,May,Drought,Z,233,GUADALUPE COUNTY,ABQ,01-MAY-26 00:00:00,MST-7,31-MAY-26 23:59:00,0,0,0,0,0.00K,0.00K,Drought Monitor,,,,,,,,,,,,,,,,,,,,,,"The month of May saw below normal precipitation through the Four Corners region and portions of the central highlands of New Mexico, while areas along the Rio Grande Valley, southwestern, and eastern NM saw near to above normal precipitation. Mean temperatures trended near to slightly above normal through western NM and near to slightly below normal across eastern NM. This led to a modest expansion of extreme drought conditions across western NM and portions of the eastern plains of NM along the TX border. Gaps of severe drought through the northern mountains were filled in. Due to ongoing drought conditions and record low snowpack the previous winter, the Rio Grande dried up through the Albuquerque metro area.",Severe drought persisted across the entire zone.,CSV
202605,21,1617,202605,21,1635,212072,1325739,NEW MEXICO,35,2026,May,Hail,C,41,ROOSEVELT,ABQ,21-MAY-26 16:17:00,MST-7,21-MAY-26 16:35:00,0,0,0,0,,,Trained Spotter,1.00,,,,,,,,,,,8.09,SW,LINGO,8.09,SW,LINGO,33.69,-103.21,33.69,-103.21,"An upper level disturbance moving across the central Rockies combined with higher moisture across the southeast plains of NM resulted in the development of multiple severe thunderstorms across southern Roosevelt County during the mid afternoon to mid evening hours. These thunderstorms resulted in three rounds of hail up to ping pong diameter between Pep and the Roosevelt and Lea County border. Back building of severe thunderstorms across this area resulted in some minor flooding in culverts and low lying areas. Thunderstorms tapered off just before sunset on May 21st due to the loss of daytime heating. Two more rounds of thunderstorms developed across the northeast and east central plains of NM during the afternoon on May 22nd and 23rd. These storms resulted in a severe wind gust at a public weather station near Melrose on May 22nd and at Tucumcari Municipal Airport on May 23rd. Storms exited into west Texas during the evening hours. The Trigg wildfire was also discovered in far eastern San Miguel County, burning through May 25th before coming under control.",A trained spotter observed quarter size hail 8 miles east-northeast of Milnesand from the second severe thunderstorm of the evening.,CSV
202605,21,1701,202605,21,1722,212072,1325741,NEW MEXICO,35,2026,May,Hail,C,41,ROOSEVELT,ABQ,21-MAY-26 17:01:00,MST-7,21-MAY-26 17:22:00,0,0,0,0,,,Public,1.50,,,,,,,,,,,.69,N,MILNESAND,.69,N,MILNESAND,33.65,-103.34,33.65,-103.34,"An upper level disturbance moving across the central Rockies combined with higher moisture across the southeast plains of NM resulted in the development of multiple severe thunderstorms across southern Roosevelt County during the mid afternoon to mid evening hours. These thunderstorms resulted in three rounds of hail up to ping pong diameter between Pep and the Roosevelt and Lea County border. Back building of severe thunderstorms across this area resulted in some minor flooding in culverts and low lying areas. Thunderstorms tapered off just before sunset on May 21st due to the loss of daytime heating. Two more rounds of thunderstorms developed across the northeast and east central plains of NM during the afternoon on May 22nd and 23rd. These storms resulted in a severe wind gust at a public weather station near Melrose on May 22nd and at Tucumcari Municipal Airport on May 23rd. Storms exited into west Texas during the evening hours. The Trigg wildfire was also discovered in far eastern San Miguel County, burning through May 25th before coming under control.",Hail up to ping pong size was observed in Milnesand from the third and final severe thunderstorm of the evening.,CSV
202605,1,0,202605,31,2359,212602,1329969,NEW MEXICO,35,2026,May,Drought,Z,237,DE BACA COUNTY,ABQ,01-MAY-26 00:00:00,MST-7,31-MAY-26 23:59:00,0,0,0,0,0.00K,0.00K,Drought Monitor,,,,,,,,,,,,,,,,,,,,,,"The month of May saw below normal precipitation through the Four Corners region and portions of the central highlands of New Mexico, while areas along the Rio Grande Valley, southwestern, and eastern NM saw near to above normal precipitation. Mean temperatures trended near to slightly above normal through western NM and near to slightly below normal across eastern NM. This led to a modest expansion of extreme drought conditions across western NM and portions of the eastern plains of NM along the TX border. Gaps of severe drought through the northern mountains were filled in. Due to ongoing drought conditions and record low snowpack the previous winter, the Rio Grande dried up through the Albuquerque metro area.",Severe drought persisted across the entire zone.,CSV
202605,23,1718,202605,23,1723,212072,1326172,NEW MEXICO,35,2026,May,Thunderstorm Wind,C,37,QUAY,ABQ,23-MAY-26 17:18:00,MST-7,23-MAY-26 17:23:00,0,0,0,0,,,ASOS,52.00,MG,,,,,,,,,,0,N,(TCC)TUCUMCARI ARPT,0,N,(TCC)TUCUMCARI ARPT,35.18,-103.6,35.18,-103.6,"An upper level disturbance moving across the central Rockies combined with higher moisture across the southeast plains of NM resulted in the development of multiple severe thunderstorms across southern Roosevelt County during the mid afternoon to mid evening hours. These thunderstorms resulted in three rounds of hail up to ping pong diameter between Pep and the Roosevelt and Lea County border. Back building of severe thunderstorms across this area resulted in some minor flooding in culverts and low lying areas. Thunderstorms tapered off just before sunset on May 21st due to the loss of daytime heating. Two more rounds of thunderstorms developed across the northeast and east central plains of NM during the afternoon on May 22nd and 23rd. These storms resulted in a severe wind gust at a public weather station near Melrose on May 22nd and at Tucumcari Municipal Airport on May 23rd. Storms exited into west Texas during the evening hours. The Trigg wildfire was also discovered in far eastern San Miguel County, burning through May 25th before coming under control.",The ASOS at Tucumcari Municipal Airport measured a 60 mph wind gust from a nearby decaying thunderstorm.,CSV
202605,21,2006,202605,25,1600,212072,1330066,NEW MEXICO,35,2026,May,Wildfire,Z,232,EASTERN SAN MIGUEL COUNTY,ABQ,21-MAY-26 20:06:00,MST-7,25-MAY-26 16:00:00,0,0,0,0,0.00K,0.00K,Fire Department/Rescue,,,,,,,,,,,,,,,,,,,,,,"An upper level disturbance moving across the central Rockies combined with higher moisture across the southeast plains of NM resulted in the development of multiple severe thunderstorms across southern Roosevelt County during the mid afternoon to mid evening hours. These thunderstorms resulted in three rounds of hail up to ping pong diameter between Pep and the Roosevelt and Lea County border. Back building of severe thunderstorms across this area resulted in some minor flooding in culverts and low lying areas. Thunderstorms tapered off just before sunset on May 21st due to the loss of daytime heating. Two more rounds of thunderstorms developed across the northeast and east central plains of NM during the afternoon on May 22nd and 23rd. These storms resulted in a severe wind gust at a public weather station near Melrose on May 22nd and at Tucumcari Municipal Airport on May 23rd. Storms exited into west Texas during the evening hours. The Trigg wildfire was also discovered in far eastern San Miguel County, burning through May 25th before coming under control.","The Trigg Wildfire was discovered during the evening of May 21st in far eastern San Miguel County with an unknown cause. The fire burned an estimated 2,000 acres northwest of Conchas Lake with no reported damages through May 25th.",CSV
202605,1,400,202605,1,800,211862,1323995,NEW MEXICO,35,2026,May,Flash Flood,C,15,EDDY,MAF,01-MAY-26 04:00:00,MST-7,01-MAY-26 08:00:00,0,0,0,0,0.00K,0.00K,Public,,,Heavy Rain,,,,,,,,,0,N,ARTESIA,.19,ENE,ARTESIA,32.83,-104.4,32.8315,-104.3972,"An incoming shortwave trough brought showers and some thunderstorms to west Texas and southeast New Mexico overnight April 30th and especially during the morning of May 1st. During the morning of the 1st, rainfall became locally heavy at times, which resulting in flash flooding in urban and low-lying areas. Showers largely cleared the area during the afternoon of the 1st as the shortwave moved east of MAF's CWA, taking the best lift and moisture with it.",Delayed report from the public of flooded streets near the intersection of Hermosa Drive and 1st Street. The total time of occurrence is estimated by radar. No damage was reported.,CSV
202605,10,632,202605,10,1100,211864,1323996,NEW MEXICO,35,2026,May,High Wind,Z,28,EDDY COUNTY PLAINS,MAF,10-MAY-26 06:32:00,MST-7,10-MAY-26 11:00:00,0,0,0,0,,0.00K,Mesonet,56.00,MG,,,,,,,,,,,,,,,,,,,,"A cold front swept through the region Sunday. Meanwhile, a shortwave neared from the west. These sources of lift allowed for thunderstorms to develop across the Western Low Rolling Plains and the eastern Permian Basin. These thunderstorms produced very large hail, up to the size of baseballs. Meanwhile, as the front swept through the area high winds were recorded at a couple of Mesonet sites in west Texas and southeast New Mexico.","The West Texas Mesonet station 164 Carlsbad Caverns NP measured a period of high winds, including gusts up to 65 mph.",CSV
202605,21,1551,202605,21,1554,212072,1325736,NEW MEXICO,35,2026,May,Hail,C,41,ROOSEVELT,ABQ,21-MAY-26 15:51:00,MST-7,21-MAY-26 15:54:00,0,0,0,0,,,Trained Spotter,1.00,,,,,,,,,,,7.11,SSE,PEP,7.11,SSE,PEP,33.75,-103.28,33.75,-103.28,"An upper level disturbance moving across the central Rockies combined with higher moisture across the southeast plains of NM resulted in the development of multiple severe thunderstorms across southern Roosevelt County during the mid afternoon to mid evening hours. These thunderstorms resulted in three rounds of hail up to ping pong diameter between Pep and the Roosevelt and Lea County border. Back building of severe thunderstorms across this area resulted in some minor flooding in culverts and low lying areas. Thunderstorms tapered off just before sunset on May 21st due to the loss of daytime heating. Two more rounds of thunderstorms developed across the northeast and east central plains of NM during the afternoon on May 22nd and 23rd. These storms resulted in a severe wind gust at a public weather station near Melrose on May 22nd and at Tucumcari Municipal Airport on May 23rd. Storms exited into west Texas during the evening hours. The Trigg wildfire was also discovered in far eastern San Miguel County, burning through May 25th before coming under control.",A trained spotter 7 miles south-southeast of Pep observed quarter size hail from the second severe thunderstorm of the afternoon.,CSV
202605,1,0,202605,31,2359,212602,1329970,NEW MEXICO,35,2026,May,Drought,Z,238,CHAVES COUNTY PLAINS,ABQ,01-MAY-26 00:00:00,MST-7,31-MAY-26 23:59:00,0,0,0,0,0.00K,0.00K,Drought Monitor,,,,,,,,,,,,,,,,,,,,,,"The month of May saw below normal precipitation through the Four Corners region and portions of the central highlands of New Mexico, while areas along the Rio Grande Valley, southwestern, and eastern NM saw near to above normal precipitation. Mean temperatures trended near to slightly above normal through western NM and near to slightly below normal across eastern NM. This led to a modest expansion of extreme drought conditions across western NM and portions of the eastern plains of NM along the TX border. Gaps of severe drought through the northern mountains were filled in. Due to ongoing drought conditions and record low snowpack the previous winter, the Rio Grande dried up through the Albuquerque metro area.",Severe drought persisted across the entire zone.,CSV
202605,1,0,202605,31,2359,212602,1329971,NEW MEXICO,35,2026,May,Drought,Z,239,EASTERN LINCOLN COUNTY,ABQ,01-MAY-26 00:00:00,MST-7,31-MAY-26 23:59:00,0,0,0,0,0.00K,0.00K,Drought Monitor,,,,,,,,,,,,,,,,,,,,,,"The month of May saw below normal precipitation through the Four Corners region and portions of the central highlands of New Mexico, while areas along the Rio Grande Valley, southwestern, and eastern NM saw near to above normal precipitation. Mean temperatures trended near to slightly above normal through western NM and near to slightly below normal across eastern NM. This led to a modest expansion of extreme drought conditions across western NM and portions of the eastern plains of NM along the TX border. Gaps of severe drought through the northern mountains were filled in. Due to ongoing drought conditions and record low snowpack the previous winter, the Rio Grande dried up through the Albuquerque metro area.",Severe drought persisted across the entire zone.,CSV
202605,1,0,202605,31,2359,214001,1340947,NEW MEXICO,35,2026,May,Drought,Z,415,SACRAMENTO MOUNTAINS ABOVE 7500 FEET,EPZ,01-MAY-26 00:00:00,MST-7,31-MAY-26 23:59:00,0,0,0,0,0.00K,0.00K,Drought Monitor,,,,,,,,,,,,,,,,,,,,,,Near average rainfall for many areas kept drought conditions the same in May. The one change was in northern Sierra county where there was slightly below normal precipitation and the area was put in Extreme(D3) drought.,Severe(D2) drought continued over the northern half of the zone while the south remained in Moderate(D1) drought.  The Cloudcroft Cooperative Observer reported 1.37 inches of precipitation which was 0.15 inches above normal.,CSV
202605,14,1400,202605,17,1600,212206,1330049,NEW MEXICO,35,2026,May,Wildfire,Z,234,QUAY COUNTY,ABQ,14-MAY-26 14:00:00,MST-7,17-MAY-26 16:00:00,0,0,0,0,0.00K,0.00K,Emergency Manager,,,,,,,,,,,,,,,,,,,,,,"Modest moisture across eastern NM, coupled with increased dry southwesterly flow May 14th to produce abundant dry lightning strikes across east-central and northeastern NM. The critical fire weather conditions allowed these fires to rapidly spread and make wind-driven runs. The dry lightning starts included the Mimms and Line, and likely the Black Mesa Trail wildfires. The Black Mesa Trail wildfire was reported have quickly moved across the state line into OK before reaching a notable size in NM. A fourth wildfire called the Range fire was reported in Roosevelt County with an unknown cause. A fifth wildfire in Lincoln County was an unfortunate start from a downed airplane in the northern slopes of the Capitan Mountains north of Ruidoso, named the Seven Cabins Wildfire.","The lightning caused Mimms fire began on private land in southwestern Quay County, northwest of Jordan and north of NM Highway 156. The fire made wind driven runs on May 15th, growing to a final size of 7,093 acres before coming under control May 17th.",CSV
202605,13,1555,202605,13,1630,214049,1341212,NEW MEXICO,35,2026,May,Dust Storm,Z,404,SOUTHWEST DESERT/LOWER GILA RIVER VALLEY,EPZ,13-MAY-26 15:55:00,MST-7,13-MAY-26 16:30:00,0,0,0,0,0.00K,0.00K,Department of Highways,,,,,,,,,,,,,,,,,,,,,,"High based thunderstorms developed ahead of an upper level trough around the Lordsburg Playa.  Due to the very dry air at the surface, wind gusts in excess of 75 mph developed and brought near zero visibilities to the area.",NMDOT cameras captured near zero visibilities around mile marker 11 on Interstate 10.,CSV
202605,13,1555,202605,13,1600,214049,1341214,NEW MEXICO,35,2026,May,Thunderstorm Wind,C,23,HIDALGO,EPZ,13-MAY-26 15:55:00,MST-7,13-MAY-26 16:00:00,0,0,0,0,0.00K,0.00K,Mesonet,70.00,MG,,,,,,,,,,2.54,NNE,MONDEL,2.54,NNE,MONDEL,32.2827,-108.8799,32.2827,-108.8799,"High based thunderstorms developed ahead of an upper level trough around the Lordsburg Playa.  Due to the very dry air at the surface, wind gusts in excess of 75 mph developed and brought near zero visibilities to the area.",A mesonet site on Interstate 10 near mile marker 11 recorded a peak gust of 80 mph.,CSV
202605,1,0,202605,31,2359,212602,1329950,NEW MEXICO,35,2026,May,Drought,Z,208,SOUTHWEST MOUNTAINS,ABQ,01-MAY-26 00:00:00,MST-7,31-MAY-26 23:59:00,0,0,0,0,0.00K,0.00K,Drought Monitor,,,,,,,,,,,,,,,,,,,,,,"The month of May saw below normal precipitation through the Four Corners region and portions of the central highlands of New Mexico, while areas along the Rio Grande Valley, southwestern, and eastern NM saw near to above normal precipitation. Mean temperatures trended near to slightly above normal through western NM and near to slightly below normal across eastern NM. This led to a modest expansion of extreme drought conditions across western NM and portions of the eastern plains of NM along the TX border. Gaps of severe drought through the northern mountains were filled in. Due to ongoing drought conditions and record low snowpack the previous winter, the Rio Grande dried up through the Albuquerque metro area.",Extreme drought remained persistent over the northwest and north central portion of the zone.,CSV
202605,1,0,202605,31,2359,214001,1340943,NEW MEXICO,35,2026,May,Drought,Z,407,SOUTHWEST DESERT/MIMBRES BASIN,EPZ,01-MAY-26 00:00:00,MST-7,31-MAY-26 23:59:00,0,0,0,0,0.00K,0.00K,Drought Monitor,,,,,,,,,,,,,,,,,,,,,,Near average rainfall for many areas kept drought conditions the same in May. The one change was in northern Sierra county where there was slightly below normal precipitation and the area was put in Extreme(D3) drought.,Drought conditions across the zone ranged from Severe(D2) drought over the west to Abnormally Dry(D0) drought over the southeast.  The Deming Airport recorded 0.27 inches of precipitation which was 0.12 inches above normal.,CSV
202605,1,0,202605,31,2359,212602,1329941,NEW MEXICO,35,2026,May,Drought,Z,202,CHUSKA MOUNTAINS,ABQ,01-MAY-26 00:00:00,MST-7,31-MAY-26 23:59:00,0,0,0,0,0.00K,0.00K,Drought Monitor,,,,,,,,,,,,,,,,,,,,,,"The month of May saw below normal precipitation through the Four Corners region and portions of the central highlands of New Mexico, while areas along the Rio Grande Valley, southwestern, and eastern NM saw near to above normal precipitation. Mean temperatures trended near to slightly above normal through western NM and near to slightly below normal across eastern NM. This led to a modest expansion of extreme drought conditions across western NM and portions of the eastern plains of NM along the TX border. Gaps of severe drought through the northern mountains were filled in. Due to ongoing drought conditions and record low snowpack the previous winter, the Rio Grande dried up through the Albuquerque metro area.",Extreme drought persisted across nearly all of the zone.,CSV
202605,1,0,202605,31,2359,212602,1329942,NEW MEXICO,35,2026,May,Drought,Z,204,NORTHWEST HIGHLANDS,ABQ,01-MAY-26 00:00:00,MST-7,31-MAY-26 23:59:00,0,0,0,0,0.00K,0.00K,Drought Monitor,,,,,,,,,,,,,,,,,,,,,,"The month of May saw below normal precipitation through the Four Corners region and portions of the central highlands of New Mexico, while areas along the Rio Grande Valley, southwestern, and eastern NM saw near to above normal precipitation. Mean temperatures trended near to slightly above normal through western NM and near to slightly below normal across eastern NM. This led to a modest expansion of extreme drought conditions across western NM and portions of the eastern plains of NM along the TX border. Gaps of severe drought through the northern mountains were filled in. Due to ongoing drought conditions and record low snowpack the previous winter, the Rio Grande dried up through the Albuquerque metro area.",Extreme drought persisted across the northwest half of the zone.,CSV
202605,6,1820,202605,6,1908,211651,1322611,NEW MEXICO,35,2026,May,High Wind,Z,237,DE BACA COUNTY,ABQ,06-MAY-26 18:20:00,MST-7,06-MAY-26 19:08:00,0,0,0,0,0.00K,0.00K,Mesonet,53.00,MG,,,,,,,,,,,,,,,,,,,,An upper level disturbance moved southeast across the central and southern Rocky Mountains into the high plains on May 6th bringing rain and snow showers across north-central and northeast NM. A backdoor front associated with the system surged south across eastern NM during the evening hours resulting in gusty north winds across this part of the state. A ZiaMet station east of Fort Sumner observed high wind gusts up to 61 mph during this time. Winds tapered off overnight as the front pushed south of the state.,,CSV
202605,14,2120,202605,14,2121,211834,1324158,NEW MEXICO,35,2026,May,Thunderstorm Wind,C,11,DE BACA,ABQ,14-MAY-26 21:20:00,MST-7,14-MAY-26 21:21:00,0,0,0,0,,,Other Federal Agency,58.00,MG,,,,,,,,,,1.79,NE,FT SUMNER,1.79,NE,FT SUMNER,34.49,-104.22,34.49,-104.22,"A weak disturbance moving across the Intermountain West combined with intense daytime heating resulting in scattered high based evaporating showers and dry thunderstorms across western and central New Mexico during the afternoon hours on May 13th. These showers resulted in dry microbursts at the Farmington Four Corners Regional Airport and the NMDOT weather station along I-40 at SR6 in Laguna Pueblo. High based shower and thunderstorm activity across western and central New Mexico dissipated around sunset with the loss of daytime heating. Two rounds of high based shower and thunderstorm activity developed across the eastern plains of New Mexico during the afternoon hours on May 14th and 15th with dry microbursts in Clayton. High based shower and thunderstorm activity exited east into west Texas and tapered off during the evening hours, with one area of collapsing showers resulting in a heat burst at the Fort Sumner Municipal Airport late on May 14th.",A NASA Davis Vantage Pro 2 weather station at Fort Sumner Municipal Airport measured a brief 67 mph wind gust due to a heat burst caused by nearby collapsing showers.,CSV
202605,18,730,202605,18,930,211998,1325070,NEW MEXICO,35,2026,May,High Wind,Z,226,SOUTH CENTRAL MOUNTAINS,ABQ,18-MAY-26 07:30:00,MST-7,18-MAY-26 09:30:00,0,0,0,0,,,RAWS,56.00,MG,,,,,,,,,,,,,,,,,,,,An upper level disturbance moved across the Intermountain West during the day on May 18th. Forcing allowed stronger mid and upper level winds at the base of the disturbance to translate down to the surface resulting in gusty southwest to west winds across central and eastern New Mexico during the midday and afternoon hours. Some high wind gusts were measured at Las Vegas Municipal Airport and the Smokey Bear RAWS in Ruidoso. Winds tapered off areawide around sunset.,The Smokey Bear RAWS measured high wind gusts up to 64 mph.,CSV
202605,18,1028,202605,18,1029,211998,1325071,NEW MEXICO,35,2026,May,High Wind,Z,229,NORTHEAST HIGHLANDS,ABQ,18-MAY-26 10:28:00,MST-7,18-MAY-26 10:29:00,0,0,0,0,,,ASOS,50.00,MG,,,,,,,,,,,,,,,,,,,,An upper level disturbance moved across the Intermountain West during the day on May 18th. Forcing allowed stronger mid and upper level winds at the base of the disturbance to translate down to the surface resulting in gusty southwest to west winds across central and eastern New Mexico during the midday and afternoon hours. Some high wind gusts were measured at Las Vegas Municipal Airport and the Smokey Bear RAWS in Ruidoso. Winds tapered off areawide around sunset.,The ASOS at Las Vegas Municipal Airport measured a brief high wind of 58 mph.,CSV
202605,1,0,202605,31,2359,214001,1340944,NEW MEXICO,35,2026,May,Drought,Z,408,EASTERN BLACK RANGE FOOTHILLS,EPZ,01-MAY-26 00:00:00,MST-7,31-MAY-26 23:59:00,0,0,0,0,0.00K,0.00K,Drought Monitor,,,,,,,,,,,,,,,,,,,,,,Near average rainfall for many areas kept drought conditions the same in May. The one change was in northern Sierra county where there was slightly below normal precipitation and the area was put in Extreme(D3) drought.,The entire zone remained in Severe(D2) drought in May.  The Hillsboro Cooperative Observer reported 0.23 inches of precipitation which was 0.23 inches below normal.,CSV
202605,1,0,202605,31,2359,214001,1340945,NEW MEXICO,35,2026,May,Drought,Z,409,SIERRA COUNTY LAKES,EPZ,01-MAY-26 00:00:00,MST-7,31-MAY-26 23:59:00,0,0,0,0,0.00K,0.00K,Drought Monitor,,,,,,,,,,,,,,,,,,,,,,Near average rainfall for many areas kept drought conditions the same in May. The one change was in northern Sierra county where there was slightly below normal precipitation and the area was put in Extreme(D3) drought.,"The month started out with Severe(D2) drought over all areas of the zone except the southeast where Moderate(D1) drought was present.  By the end of the month, drought conditions ranged from Extreme(D3) drought over the northwest to Moderate(D1) drought southeast.  The Truth or Consequences Airport reported 0.21 inches of precipitation which was 0.34 inches below normal.",CSV
202605,1,0,202605,31,2359,214001,1340946,NEW MEXICO,35,2026,May,Drought,Z,414,WEST SLOPES SACRAMENTO MOUNTAINS BELOW 7500 FEET,EPZ,01-MAY-26 00:00:00,MST-7,31-MAY-26 23:59:00,0,0,0,0,0.00K,0.00K,Drought Monitor,,,,,,,,,,,,,,,,,,,,,,Near average rainfall for many areas kept drought conditions the same in May. The one change was in northern Sierra county where there was slightly below normal precipitation and the area was put in Extreme(D3) drought.,Severe(D2) drought continued over the north while the south remained in Moderate(D1) drought.  The Mountain Park Cooperative Observer reported 0.80 inches of precipitation which was 0.04 inches below normal.,CSV
202605,1,0,202605,31,2359,214001,1340948,NEW MEXICO,35,2026,May,Drought,Z,416,EAST SLOPES SACRAMENTO MOUNTAINS BELOW 7500 FEET,EPZ,01-MAY-26 00:00:00,MST-7,31-MAY-26 23:59:00,0,0,0,0,0.00K,0.00K,Drought Monitor,,,,,,,,,,,,,,,,,,,,,,Near average rainfall for many areas kept drought conditions the same in May. The one change was in northern Sierra county where there was slightly below normal precipitation and the area was put in Extreme(D3) drought.,Severe(D2) drought continued over the northern half of the zone while the south remained in Moderate(D1) drought. The Elk Cooperative Observer received 1.81 inches of precipitation which was 0.82 inches above normal.,CSV
202604,1,0,202604,30,2359,212935,1332424,NEW MEXICO,35,2026,April,Drought,Z,416,EAST SLOPES SACRAMENTO MOUNTAINS BELOW 7500 FEET,EPZ,01-APR-26 00:00:00,MST-7,30-APR-26 23:59:00,0,0,0,0,0.00K,0.00K,Drought Monitor,,,,,,,,,,,,,,,,,,,,,,Near normal precipitation in April kept drought conditions mainly in Severe(D2) drought category or better.,The northern half of the zone remained in Severe(D2) drought while the south was in Moderate(D1) drought through April.  The Elk Cooperative Observer reported 0.20 inches of precipitation which was 0.32 inches below normal.,CSV
202604,1,0,202604,30,2359,212935,1332425,NEW MEXICO,35,2026,April,Drought,Z,425,CENTRAL GRANT COUNTY/SILVER CITY AREA,EPZ,01-APR-26 00:00:00,MST-7,30-APR-26 23:59:00,0,0,0,0,0.00K,0.00K,Drought Monitor,,,,,,,,,,,,,,,,,,,,,,Near normal precipitation in April kept drought conditions mainly in Severe(D2) drought category or better.,Severe(D2) drought continued for the entire month.  There was only a trace of precipitation recorded by the White Signal Cooperative Observer which was 0.30 inches below normal.,CSV
202604,1,0,202604,30,2359,212935,1332428,NEW MEXICO,35,2026,April,Drought,Z,426,SOUTHERN GILA REGION HIGHLANDS/BLACK RANGE,EPZ,01-APR-26 00:00:00,MST-7,30-APR-26 23:59:00,0,0,0,0,0.00K,0.00K,Drought Monitor,,,,,,,,,,,,,,,,,,,,,,Near normal precipitation in April kept drought conditions mainly in Severe(D2) drought category or better.,Severe(D2) drought continued through the month of April.,CSV
202604,26,1300,202604,26,2000,212938,1332472,NEW MEXICO,35,2026,April,High Wind,Z,415,SACRAMENTO MOUNTAINS ABOVE 7500 FEET,EPZ,26-APR-26 13:00:00,MST-7,26-APR-26 20:00:00,0,0,0,0,0.00K,0.00K,Mesonet,73.00,MG,,,,,,,,,,,,,,,,,,,,A broad upper trough was located across the Western United States with west-southwest flow across the Borderland.  An upper level jet of 100 knots was moving into southern New Mexico and combined with an approaching cold front to bring wind gusts up to 88 mph.,A Tempest Weather Site in Sunspot recorded a peak gust of 84 mph.,CSV
202604,26,1100,202604,26,1900,212938,1332474,NEW MEXICO,35,2026,April,High Wind,Z,428,EAST CENTRAL TULAROSA BASIN/ALAMOGORDO,EPZ,26-APR-26 11:00:00,MST-7,26-APR-26 19:00:00,0,0,0,0,0.00K,0.00K,Mesonet,61.00,MG,,,,,,,,,,,,,,,,,,,,A broad upper trough was located across the Western United States with west-southwest flow across the Borderland.  An upper level jet of 100 knots was moving into southern New Mexico and combined with an approaching cold front to bring wind gusts up to 88 mph.,A Mesonet site 3 miles south of Boles Acres recorded a peak gust of 70 mph. The Holloman Air Force Base AWOS recorded a peak gust of 58 mph.,CSV
202604,26,1200,202604,26,1900,212938,1332476,NEW MEXICO,35,2026,April,High Wind,Z,414,WEST SLOPES SACRAMENTO MOUNTAINS BELOW 7500 FEET,EPZ,26-APR-26 12:00:00,MST-7,26-APR-26 19:00:00,0,0,0,0,0.00K,0.00K,Mesonet,56.00,MG,,,,,,,,,,,,,,,,,,,,A broad upper trough was located across the Western United States with west-southwest flow across the Borderland.  An upper level jet of 100 knots was moving into southern New Mexico and combined with an approaching cold front to bring wind gusts up to 88 mph.,A Mesonet site in High Rolls recorded a peak gust of 64 mph.  The Mescalero RAWS recorded a peak gust of 61 mph.,CSV
202604,26,1100,202604,26,1900,212938,1332477,NEW MEXICO,35,2026,April,High Wind,Z,409,SIERRA COUNTY LAKES,EPZ,26-APR-26 11:00:00,MST-7,26-APR-26 19:00:00,0,0,0,0,0.00K,0.00K,Mesonet,76.00,MG,,,,,,,,,,,,,,,,,,,,A broad upper trough was located across the Western United States with west-southwest flow across the Borderland.  An upper level jet of 100 knots was moving into southern New Mexico and combined with an approaching cold front to bring wind gusts up to 88 mph.,"The Salinas Peak Mesonet site on the White Sands Missile Range recorded a peak gust of 87 mph.  Other sites on the missile range included 71 mph at Jallen Hawk 40, 65 mph at Salt Creek and 62 mph at Denver WIT.  The Truth or Consequences ASOS recorded a peak gust of 63 mph.",CSV
202604,26,1200,202604,26,1600,212938,1332484,NEW MEXICO,35,2026,April,High Wind,Z,426,SOUTHERN GILA REGION HIGHLANDS/BLACK RANGE,EPZ,26-APR-26 12:00:00,MST-7,26-APR-26 16:00:00,0,0,0,0,0.00K,0.00K,Mesonet,51.00,MG,,,,,,,,,,,,,,,,,,,,A broad upper trough was located across the Western United States with west-southwest flow across the Borderland.  An upper level jet of 100 knots was moving into southern New Mexico and combined with an approaching cold front to bring wind gusts up to 88 mph.,A Mesonet site located approximately 8 miles west of Winston reported a peak gust of 59 mph.,CSV
202604,1,0,202604,30,2359,212935,1332416,NEW MEXICO,35,2026,April,Drought,Z,409,SIERRA COUNTY LAKES,EPZ,01-APR-26 00:00:00,MST-7,30-APR-26 23:59:00,0,0,0,0,0.00K,0.00K,Drought Monitor,,,,,,,,,,,,,,,,,,,,,,Near normal precipitation in April kept drought conditions mainly in Severe(D2) drought category or better.,Severe(D2) drought continued across the zone except for the southeast where Moderate(D1) drought continued.  The Truth or Consequences Airport recorded 0.33 inches of precipitation which was 0.06 inches above normal.,CSV
202604,1,0,202604,30,2359,212935,1332420,NEW MEXICO,35,2026,April,Drought,Z,414,WEST SLOPES SACRAMENTO MOUNTAINS BELOW 7500 FEET,EPZ,01-APR-26 00:00:00,MST-7,30-APR-26 23:59:00,0,0,0,0,0.00K,0.00K,Drought Monitor,,,,,,,,,,,,,,,,,,,,,,Near normal precipitation in April kept drought conditions mainly in Severe(D2) drought category or better.,The northern half of the zone remained in Severe(D2) drought while the south was in Moderate(D1) drought through April.  The Mountain Park Cooperative Observer recorded 0.62 inches of precipitation which was 0.03 inches above normal.,CSV
202604,1,0,202604,30,2359,212935,1332421,NEW MEXICO,35,2026,April,Drought,Z,414,WEST SLOPES SACRAMENTO MOUNTAINS BELOW 7500 FEET,EPZ,01-APR-26 00:00:00,MST-7,30-APR-26 23:59:00,0,0,0,0,0.00K,0.00K,Drought Monitor,,,,,,,,,,,,,,,,,,,,,,Near normal precipitation in April kept drought conditions mainly in Severe(D2) drought category or better.,The northern half of the zone remained in Severe(D2) drought while the south was in Moderate(D1) drought through April.  The Mountain Park Cooperative Observer recorded 0.62 inches of precipitation which was 0.03 inches above normal.,CSV
202604,1,0,202604,30,2359,212935,1332423,NEW MEXICO,35,2026,April,Drought,Z,415,SACRAMENTO MOUNTAINS ABOVE 7500 FEET,EPZ,01-APR-26 00:00:00,MST-7,30-APR-26 23:59:00,0,0,0,0,0.00K,0.00K,Drought Monitor,,,,,,,,,,,,,,,,,,,,,,Near normal precipitation in April kept drought conditions mainly in Severe(D2) drought category or better.,Severe(D2) drought continued over the northern half of the zone while the south remained in Moderate(D1) drought.  The Cloudcroft Cooperative Observer recorded 1.32 inches of precipitation which was 0.47 inches above normal.,CSV
202604,1,0,202604,30,2359,211704,1323092,NEW MEXICO,35,2026,April,Drought,Z,208,SOUTHWEST MOUNTAINS,ABQ,01-APR-26 00:00:00,MST-7,30-APR-26 23:59:00,0,0,0,0,0.00K,0.00K,Drought Monitor,,,,,,,,,,,,,,,,,,,,,,"April saw below to well below normal precipitation across a majority of New Mexico, with the exception of a small area of the northwestern mountains. The average temperature anomaly was also generally 1 to 5 degrees above normal over nearly all of the state. This led to a notable expansion of extreme drought conditions over northeastern NM, and severe drought conditions over the eastern plains. While western areas saw below normal precipitation, the actual difference from normal was still low given April is climatologically a very dry month already. This allowed for little to no change in drought conditions over this portion of the state.",Extreme drought remained persistent over the northwest and north central portion of the zone.,CSV
202604,1,0,202604,30,2359,211704,1323093,NEW MEXICO,35,2026,April,Drought,Z,210,TUSAS MOUNTAINS INCLUDING CHAMA,ABQ,01-APR-26 00:00:00,MST-7,30-APR-26 23:59:00,0,0,0,0,0.00K,0.00K,Drought Monitor,,,,,,,,,,,,,,,,,,,,,,"April saw below to well below normal precipitation across a majority of New Mexico, with the exception of a small area of the northwestern mountains. The average temperature anomaly was also generally 1 to 5 degrees above normal over nearly all of the state. This led to a notable expansion of extreme drought conditions over northeastern NM, and severe drought conditions over the eastern plains. While western areas saw below normal precipitation, the actual difference from normal was still low given April is climatologically a very dry month already. This allowed for little to no change in drought conditions over this portion of the state.",Extreme drought was introduced to the far northwestern portion of the zone near Chama.,CSV
202604,1,0,202604,30,2359,211704,1323094,NEW MEXICO,35,2026,April,Drought,Z,213,NORTHERN SANGRE DE CRISTO MOUNTAINS,ABQ,01-APR-26 00:00:00,MST-7,30-APR-26 23:59:00,0,0,0,0,0.00K,0.00K,Drought Monitor,,,,,,,,,,,,,,,,,,,,,,"April saw below to well below normal precipitation across a majority of New Mexico, with the exception of a small area of the northwestern mountains. The average temperature anomaly was also generally 1 to 5 degrees above normal over nearly all of the state. This led to a notable expansion of extreme drought conditions over northeastern NM, and severe drought conditions over the eastern plains. While western areas saw below normal precipitation, the actual difference from normal was still low given April is climatologically a very dry month already. This allowed for little to no change in drought conditions over this portion of the state.",Extreme drought was introduced to the eastern half of the zone.,CSV
202604,1,0,202604,30,2359,212935,1332430,NEW MEXICO,35,2026,April,Drought,Z,427,WEST CENTRAL TULAROSA BASIN/WHITE SANDS,EPZ,01-APR-26 00:00:00,MST-7,30-APR-26 23:59:00,0,0,0,0,0.00K,0.00K,Drought Monitor,,,,,,,,,,,,,,,,,,,,,,Near normal precipitation in April kept drought conditions mainly in Severe(D2) drought category or better.,The far northern portion of the zone remained in Severe(D2) drought with all other areas staying in Moderate(D1) drought. The White Sands National Park Cooperative Observer recorded 0.51 inches of precipitation which was 0.21 inches above normal.,CSV
202604,1,0,202604,30,2359,212935,1332431,NEW MEXICO,35,2026,April,Drought,Z,428,EAST CENTRAL TULAROSA BASIN/ALAMOGORDO,EPZ,01-APR-26 00:00:00,MST-7,30-APR-26 23:59:00,0,0,0,0,0.00K,0.00K,Drought Monitor,,,,,,,,,,,,,,,,,,,,,,Near normal precipitation in April kept drought conditions mainly in Severe(D2) drought category or better.,The northern half of the zone remained in Severe(D2) drought while the south continued to be in Moderate(D1) drought.,CSV
202604,26,1100,202604,26,1900,212938,1332453,NEW MEXICO,35,2026,April,High Wind,Z,427,WEST CENTRAL TULAROSA BASIN/WHITE SANDS,EPZ,26-APR-26 11:00:00,MST-7,26-APR-26 19:00:00,0,0,0,0,0.00K,0.00K,Mesonet,76.00,MG,,,,,,,,,,,,,,,,,,,,A broad upper trough was located across the Western United States with west-southwest flow across the Borderland.  An upper level jet of 100 knots was moving into southern New Mexico and combined with an approaching cold front to bring wind gusts up to 88 mph.,"A peak gust of 88 mph was recorded on San Augustin Pass.  Other gusts recorded across the White Sands Missile Range included 68 mph at Delta Clipper, 62 mph at Brillo West and 60 mph at Pony.",CSV
202604,26,1100,202604,26,1900,212938,1332454,NEW MEXICO,35,2026,April,High Wind,Z,411,SOUTHERN DONA ANA COUNTY/MESILLA VALLEY,EPZ,26-APR-26 11:00:00,MST-7,26-APR-26 19:00:00,0,0,0,0,0.00K,0.00K,AWOS,50.00,MG,,,,,,,,,,,,,,,,,,,,A broad upper trough was located across the Western United States with west-southwest flow across the Borderland.  An upper level jet of 100 knots was moving into southern New Mexico and combined with an approaching cold front to bring wind gusts up to 88 mph.,The Las Cruces Airport AWOS and the Dripping Springs RAWS both recorded a peak gust of 58 mph.,CSV
202604,26,1100,202604,26,1900,212938,1332455,NEW MEXICO,35,2026,April,High Wind,Z,404,SOUTHWEST DESERT/LOWER GILA RIVER VALLEY,EPZ,26-APR-26 11:00:00,MST-7,26-APR-26 19:00:00,0,0,0,0,0.00K,0.00K,Mesonet,56.00,MG,,,,,,,,,,,,,,,,,,,,A broad upper trough was located across the Western United States with west-southwest flow across the Borderland.  An upper level jet of 100 knots was moving into southern New Mexico and combined with an approaching cold front to bring wind gusts up to 88 mph.,The Mesonet site on the Lordsburg Playa at mile marker 7 recorded a peak gust of 65 mph.  The station at mile marker 12 recorded a peak gust of 58 mph.,CSV
202604,26,1200,202604,26,1800,212938,1332457,NEW MEXICO,35,2026,April,High Wind,Z,407,SOUTHWEST DESERT/MIMBRES BASIN,EPZ,26-APR-26 12:00:00,MST-7,26-APR-26 18:00:00,0,0,0,0,0.00K,0.00K,ASOS,54.00,MG,,,,,,,,,,,,,,,,,,,,A broad upper trough was located across the Western United States with west-southwest flow across the Borderland.  An upper level jet of 100 knots was moving into southern New Mexico and combined with an approaching cold front to bring wind gusts up to 88 mph.,The Deming ASOS recorded a peak gust of 62 mph.,CSV
202604,1,0,202604,30,2359,212935,1332405,NEW MEXICO,35,2026,April,Drought,Z,401,UPPER GILA RIVER VALLEY,EPZ,01-APR-26 00:00:00,MST-7,30-APR-26 23:59:00,0,0,0,0,0.00K,0.00K,Drought Monitor,,,,,,,,,,,,,,,,,,,,,,Near normal precipitation in April kept drought conditions mainly in Severe(D2) drought category or better.,Severe(D2) drought conditions continued through the entire month.  The Cliff Cooperative Observer site recorded 0.14 inches of precipitation which was 0.19 inches below normal.,CSV
202604,1,0,202604,30,2359,212935,1332406,NEW MEXICO,35,2026,April,Drought,Z,403,SOUTHERN GILA FOOTHILLS/MIMBRES VALLEY,EPZ,01-APR-26 00:00:00,MST-7,30-APR-26 23:59:00,0,0,0,0,0.00K,0.00K,Drought Monitor,,,,,,,,,,,,,,,,,,,,,,Near normal precipitation in April kept drought conditions mainly in Severe(D2) drought category or better.,The entire zone remained in Severe(D2) drought through the month of April.,CSV
202604,1,0,202604,30,2359,211704,1323074,NEW MEXICO,35,2026,April,Drought,Z,201,NORTHWEST PLATEAU,ABQ,01-APR-26 00:00:00,MST-7,30-APR-26 23:59:00,0,0,0,0,0.00K,0.00K,Drought Monitor,,,,,,,,,,,,,,,,,,,,,,"April saw below to well below normal precipitation across a majority of New Mexico, with the exception of a small area of the northwestern mountains. The average temperature anomaly was also generally 1 to 5 degrees above normal over nearly all of the state. This led to a notable expansion of extreme drought conditions over northeastern NM, and severe drought conditions over the eastern plains. While western areas saw below normal precipitation, the actual difference from normal was still low given April is climatologically a very dry month already. This allowed for little to no change in drought conditions over this portion of the state.",Extreme drought spread across nearly all of the zone.,CSV
202604,1,0,202604,30,2359,212935,1332407,NEW MEXICO,35,2026,April,Drought,Z,404,SOUTHWEST DESERT/LOWER GILA RIVER VALLEY,EPZ,01-APR-26 00:00:00,MST-7,30-APR-26 23:59:00,0,0,0,0,0.00K,0.00K,Drought Monitor,,,,,,,,,,,,,,,,,,,,,,Near normal precipitation in April kept drought conditions mainly in Severe(D2) drought category or better.,Severe(D2) drought continued for all but the far western portion of the zone where Moderate(D1) drought remained.  The Cooperative Observer at Redrock recorded 0.04 inches of precipitation which was 0.17 inches below normal.,CSV
202604,1,0,202604,30,2359,212935,1332408,NEW MEXICO,35,2026,April,Drought,Z,405,LOWLANDS OF THE BOOTHEEL,EPZ,01-APR-26 00:00:00,MST-7,30-APR-26 23:59:00,0,0,0,0,0.00K,0.00K,Drought Monitor,,,,,,,,,,,,,,,,,,,,,,Near normal precipitation in April kept drought conditions mainly in Severe(D2) drought category or better.,Severe(D2) drought continued through the month for all areas of the zone except the far west where Moderate(D1) drought remained in place.  The Antelope Wells Cooperative Observer had no precipitation which was 0.15 inches below normal.,CSV
202604,1,0,202604,30,2359,212935,1332410,NEW MEXICO,35,2026,April,Drought,Z,406,UPLANDS OF THE BOOTHEEL,EPZ,01-APR-26 00:00:00,MST-7,30-APR-26 23:59:00,0,0,0,0,0.00K,0.00K,Drought Monitor,,,,,,,,,,,,,,,,,,,,,,Near normal precipitation in April kept drought conditions mainly in Severe(D2) drought category or better.,The far west portion of the zone remained in Moderate(D1) drought while Severe(D2) drought continued for the remainder of the zone.,CSV
202604,1,0,202604,30,2359,212935,1332412,NEW MEXICO,35,2026,April,Drought,Z,407,SOUTHWEST DESERT/MIMBRES BASIN,EPZ,01-APR-26 00:00:00,MST-7,30-APR-26 23:59:00,0,0,0,0,0.00K,0.00K,Drought Monitor,,,,,,,,,,,,,,,,,,,,,,Near normal precipitation in April kept drought conditions mainly in Severe(D2) drought category or better.,The drought conditions across the zone ranged from Severe(D2) west to Abnormally Dry(D0) over the southeast. The Deming Airport reported a trace of precipitation which was 0.21 inches below normal.,CSV
202604,1,0,202604,30,2359,212935,1332413,NEW MEXICO,35,2026,April,Drought,Z,408,EASTERN BLACK RANGE FOOTHILLS,EPZ,01-APR-26 00:00:00,MST-7,30-APR-26 23:59:00,0,0,0,0,0.00K,0.00K,Drought Monitor,,,,,,,,,,,,,,,,,,,,,,Near normal precipitation in April kept drought conditions mainly in Severe(D2) drought category or better.,Severe(D2) drought continued across the entire zone in April.  The Hillsboro Cooperative Observer reported 0.28 inches of precipitation which was 0.07 inches below normal.,CSV
202604,1,0,202604,30,2359,211704,1323088,NEW MEXICO,35,2026,April,Drought,Z,202,CHUSKA MOUNTAINS,ABQ,01-APR-26 00:00:00,MST-7,30-APR-26 23:59:00,0,0,0,0,0.00K,0.00K,Drought Monitor,,,,,,,,,,,,,,,,,,,,,,"April saw below to well below normal precipitation across a majority of New Mexico, with the exception of a small area of the northwestern mountains. The average temperature anomaly was also generally 1 to 5 degrees above normal over nearly all of the state. This led to a notable expansion of extreme drought conditions over northeastern NM, and severe drought conditions over the eastern plains. While western areas saw below normal precipitation, the actual difference from normal was still low given April is climatologically a very dry month already. This allowed for little to no change in drought conditions over this portion of the state.",Extreme drought remained persistent across the eastern half of the zone.,CSV
202604,1,0,202604,30,2359,211704,1323089,NEW MEXICO,35,2026,April,Drought,Z,203,FAR NORTHWEST HIGHLANDS,ABQ,01-APR-26 00:00:00,MST-7,30-APR-26 23:59:00,0,0,0,0,0.00K,0.00K,Drought Monitor,,,,,,,,,,,,,,,,,,,,,,"April saw below to well below normal precipitation across a majority of New Mexico, with the exception of a small area of the northwestern mountains. The average temperature anomaly was also generally 1 to 5 degrees above normal over nearly all of the state. This led to a notable expansion of extreme drought conditions over northeastern NM, and severe drought conditions over the eastern plains. While western areas saw below normal precipitation, the actual difference from normal was still low given April is climatologically a very dry month already. This allowed for little to no change in drought conditions over this portion of the state.",Extreme drought was introduced to the northern half of the zone.,CSV
202604,1,0,202604,30,2359,211704,1323090,NEW MEXICO,35,2026,April,Drought,Z,204,NORTHWEST HIGHLANDS,ABQ,01-APR-26 00:00:00,MST-7,30-APR-26 23:59:00,0,0,0,0,0.00K,0.00K,Drought Monitor,,,,,,,,,,,,,,,,,,,,,,"April saw below to well below normal precipitation across a majority of New Mexico, with the exception of a small area of the northwestern mountains. The average temperature anomaly was also generally 1 to 5 degrees above normal over nearly all of the state. This led to a notable expansion of extreme drought conditions over northeastern NM, and severe drought conditions over the eastern plains. While western areas saw below normal precipitation, the actual difference from normal was still low given April is climatologically a very dry month already. This allowed for little to no change in drought conditions over this portion of the state.",Extreme drought remained persistent over the far northwestern portion of the zone.,CSV
202604,1,0,202604,30,2359,211704,1323091,NEW MEXICO,35,2026,April,Drought,Z,207,WEST CENTRAL HIGHLANDS,ABQ,01-APR-26 00:00:00,MST-7,30-APR-26 23:59:00,0,0,0,0,0.00K,0.00K,Drought Monitor,,,,,,,,,,,,,,,,,,,,,,"April saw below to well below normal precipitation across a majority of New Mexico, with the exception of a small area of the northwestern mountains. The average temperature anomaly was also generally 1 to 5 degrees above normal over nearly all of the state. This led to a notable expansion of extreme drought conditions over northeastern NM, and severe drought conditions over the eastern plains. While western areas saw below normal precipitation, the actual difference from normal was still low given April is climatologically a very dry month already. This allowed for little to no change in drought conditions over this portion of the state.",Extreme drought was introduced to the southern third of the zone.,CSV
202604,8,1513,202604,8,2217,211564,1321765,NEW MEXICO,35,2026,April,Wildfire,Z,229,NORTHEAST HIGHLANDS,ABQ,08-APR-26 15:13:00,MST-7,08-APR-26 22:17:00,0,0,0,0,0.00K,0.00K,Park/Forest Service,,,,,,,,,,,,,,,,,,,,,,"The HC 1 wildfire began along the H and R Ranch Road in remote north-central San Miguel County east of Las Vegas, NM during the afternoon of April 8th. The fire grew to 1,415 acres before coming under control later that night.","Beginning along the H and R Ranch Road in north-central San Miguel County, the HC 1 Wildfire grew to 1,415 acres without causing any damage to any known structures.",CSV
202604,24,2107,202604,25,1200,211565,1321767,NEW MEXICO,35,2026,April,Wildfire,Z,217,ESPANOLA VALLEY,ABQ,24-APR-26 21:07:00,MST-7,25-APR-26 12:00:00,0,0,0,0,500.00K,0.00K,Fire Department/Rescue,,,,,,,,,,,,,,,,,,,,,,"The Riverside Fire began near Espanola, NM near the Santa Claran Hotel within the Santa Clara Pueblo. The fire grew to 44 acres destroying 5 structures, including one single-wide trailer, one home, one recreational vehicle, and two sheds. No injuries or fatalities were reported.","The Riverside Fire began near Espanola, NM near the Santa Claran Hotel within the Santa Clara Pueblo. The fire grew to 44 acres destroying 5 structures, including one single-wide trailer, one home, one recreational vehicle, and two sheds. No injuries or fatalities were reported. Damage is an estimate.",CSV
202604,20,1645,202604,30,2359,211568,1321774,NEW MEXICO,35,2026,April,Wildfire,Z,208,SOUTHWEST MOUNTAINS,ABQ,20-APR-26 16:45:00,MST-7,30-APR-26 23:59:00,0,0,0,0,0.00K,0.00K,Park/Forest Service,,,,,,,,,,,,,,,,,,,,,,"The Hummingbird Wildfire was a lightning caused fire starting in a remote region of the Gila Wilderness, in Catron County. The wildfire was discovered during the afternoon of April 20th, growing rapidly to several thousand acres thanks to several days over critical fire weather conditions. The fire grew within dead and downed trees within the old 2012 Whitewater-Baldy Fire burn scar. It's remote location slowed firefighting and containment. An evacuation order was put in place for the Willow Creek Subdivision April 26th, lasting at least to the end of the month.","The Hummingbird Wildfire was a lightning caused fire starting in a remote region of the Gila Wilderness, in Catron County. The wildfire was discovered during the afternoon of April 20th, growing within dead and downed trees within the old 2012 Whitewater-Baldy Fire burn scar, reaching 4,364 acres at month's end and continuing into May. An evacuation order was put in place for the Willow Creek Subdivision April 26th, lasting at least to the end of the month.",CSV
202604,1,0,202604,30,2359,211704,1323120,NEW MEXICO,35,2026,April,Drought,Z,241,SAN AGUSTIN PLAINS AND ADJACENT LOWLANDS,ABQ,01-APR-26 00:00:00,MST-7,30-APR-26 23:59:00,0,0,0,0,0.00K,0.00K,Drought Monitor,,,,,,,,,,,,,,,,,,,,,,"April saw below to well below normal precipitation across a majority of New Mexico, with the exception of a small area of the northwestern mountains. The average temperature anomaly was also generally 1 to 5 degrees above normal over nearly all of the state. This led to a notable expansion of extreme drought conditions over northeastern NM, and severe drought conditions over the eastern plains. While western areas saw below normal precipitation, the actual difference from normal was still low given April is climatologically a very dry month already. This allowed for little to no change in drought conditions over this portion of the state.",Extreme drought was introduced to the far western and far eastern portions of the zone.,CSV
202604,1,0,202604,30,2359,211704,1323104,NEW MEXICO,35,2026,April,Drought,Z,233,GUADALUPE COUNTY,ABQ,01-APR-26 00:00:00,MST-7,30-APR-26 23:59:00,0,0,0,0,0.00K,0.00K,Drought Monitor,,,,,,,,,,,,,,,,,,,,,,"April saw below to well below normal precipitation across a majority of New Mexico, with the exception of a small area of the northwestern mountains. The average temperature anomaly was also generally 1 to 5 degrees above normal over nearly all of the state. This led to a notable expansion of extreme drought conditions over northeastern NM, and severe drought conditions over the eastern plains. While western areas saw below normal precipitation, the actual difference from normal was still low given April is climatologically a very dry month already. This allowed for little to no change in drought conditions over this portion of the state.",Severe drought introduced across a majority of the zone.,CSV
202604,1,0,202604,30,2359,211704,1323107,NEW MEXICO,35,2026,April,Drought,Z,234,QUAY COUNTY,ABQ,01-APR-26 00:00:00,MST-7,30-APR-26 23:59:00,0,0,0,0,0.00K,0.00K,Drought Monitor,,,,,,,,,,,,,,,,,,,,,,"April saw below to well below normal precipitation across a majority of New Mexico, with the exception of a small area of the northwestern mountains. The average temperature anomaly was also generally 1 to 5 degrees above normal over nearly all of the state. This led to a notable expansion of extreme drought conditions over northeastern NM, and severe drought conditions over the eastern plains. While western areas saw below normal precipitation, the actual difference from normal was still low given April is climatologically a very dry month already. This allowed for little to no change in drought conditions over this portion of the state.",Severe drought expanded across the entire zone.,CSV
202604,1,0,202604,30,2359,211704,1323109,NEW MEXICO,35,2026,April,Drought,Z,235,CURRY COUNTY,ABQ,01-APR-26 00:00:00,MST-7,30-APR-26 23:59:00,0,0,0,0,0.00K,0.00K,Drought Monitor,,,,,,,,,,,,,,,,,,,,,,"April saw below to well below normal precipitation across a majority of New Mexico, with the exception of a small area of the northwestern mountains. The average temperature anomaly was also generally 1 to 5 degrees above normal over nearly all of the state. This led to a notable expansion of extreme drought conditions over northeastern NM, and severe drought conditions over the eastern plains. While western areas saw below normal precipitation, the actual difference from normal was still low given April is climatologically a very dry month already. This allowed for little to no change in drought conditions over this portion of the state.",Severe drought was introduced to the entire zone.,CSV
202604,1,0,202604,30,2359,211704,1323112,NEW MEXICO,35,2026,April,Drought,Z,236,ROOSEVELT COUNTY,ABQ,01-APR-26 00:00:00,MST-7,30-APR-26 23:59:00,0,0,0,0,0.00K,0.00K,Drought Monitor,,,,,,,,,,,,,,,,,,,,,,"April saw below to well below normal precipitation across a majority of New Mexico, with the exception of a small area of the northwestern mountains. The average temperature anomaly was also generally 1 to 5 degrees above normal over nearly all of the state. This led to a notable expansion of extreme drought conditions over northeastern NM, and severe drought conditions over the eastern plains. While western areas saw below normal precipitation, the actual difference from normal was still low given April is climatologically a very dry month already. This allowed for little to no change in drought conditions over this portion of the state.",Severe drought was introduced to the entire zone.,CSV
202604,1,0,202604,30,2359,211704,1323095,NEW MEXICO,35,2026,April,Drought,Z,215,EAST SLOPES SANGRE DE CRISTO MOUNTAINS,ABQ,01-APR-26 00:00:00,MST-7,30-APR-26 23:59:00,0,0,0,0,0.00K,0.00K,Drought Monitor,,,,,,,,,,,,,,,,,,,,,,"April saw below to well below normal precipitation across a majority of New Mexico, with the exception of a small area of the northwestern mountains. The average temperature anomaly was also generally 1 to 5 degrees above normal over nearly all of the state. This led to a notable expansion of extreme drought conditions over northeastern NM, and severe drought conditions over the eastern plains. While western areas saw below normal precipitation, the actual difference from normal was still low given April is climatologically a very dry month already. This allowed for little to no change in drought conditions over this portion of the state.",Extreme drought was introduced to the northern half of the zone.,CSV
202604,1,0,202604,30,2359,211704,1323096,NEW MEXICO,35,2026,April,Drought,Z,220,LOWER RIO GRANDE VALLEY,ABQ,01-APR-26 00:00:00,MST-7,30-APR-26 23:59:00,0,0,0,0,0.00K,0.00K,Drought Monitor,,,,,,,,,,,,,,,,,,,,,,"April saw below to well below normal precipitation across a majority of New Mexico, with the exception of a small area of the northwestern mountains. The average temperature anomaly was also generally 1 to 5 degrees above normal over nearly all of the state. This led to a notable expansion of extreme drought conditions over northeastern NM, and severe drought conditions over the eastern plains. While western areas saw below normal precipitation, the actual difference from normal was still low given April is climatologically a very dry month already. This allowed for little to no change in drought conditions over this portion of the state.",Extreme drought was introduced to the northern half of the zone.,CSV
202604,1,0,202604,30,2359,211704,1323097,NEW MEXICO,35,2026,April,Drought,Z,222,ESTANCIA VALLEY,ABQ,01-APR-26 00:00:00,MST-7,30-APR-26 23:59:00,0,0,0,0,0.00K,0.00K,Drought Monitor,,,,,,,,,,,,,,,,,,,,,,"April saw below to well below normal precipitation across a majority of New Mexico, with the exception of a small area of the northwestern mountains. The average temperature anomaly was also generally 1 to 5 degrees above normal over nearly all of the state. This led to a notable expansion of extreme drought conditions over northeastern NM, and severe drought conditions over the eastern plains. While western areas saw below normal precipitation, the actual difference from normal was still low given April is climatologically a very dry month already. This allowed for little to no change in drought conditions over this portion of the state.",Severe drought remained persistent over the entire zone.,CSV
202604,1,0,202604,30,2359,211704,1323098,NEW MEXICO,35,2026,April,Drought,Z,223,CENTRAL HIGHLANDS,ABQ,01-APR-26 00:00:00,MST-7,30-APR-26 23:59:00,0,0,0,0,0.00K,0.00K,Drought Monitor,,,,,,,,,,,,,,,,,,,,,,"April saw below to well below normal precipitation across a majority of New Mexico, with the exception of a small area of the northwestern mountains. The average temperature anomaly was also generally 1 to 5 degrees above normal over nearly all of the state. This led to a notable expansion of extreme drought conditions over northeastern NM, and severe drought conditions over the eastern plains. While western areas saw below normal precipitation, the actual difference from normal was still low given April is climatologically a very dry month already. This allowed for little to no change in drought conditions over this portion of the state.",Severe drought was introduced over the southern half of the zone.,CSV
202604,26,1149,202604,26,1541,211412,1320666,NEW MEXICO,35,2026,April,High Wind,Z,29,NORTHERN LEA COUNTY,MAF,26-APR-26 11:49:00,MST-7,26-APR-26 15:41:00,0,0,0,0,,0.00K,Mesonet,38.00,MS,,,,,,,,,,,,,,,,,,,,"Strong westerly winds developed thanks to an approaching upper-level trough and associated jet (and due to a strengthening surface low ahead of these features). High winds were recorded in the Guadalupe Mountains, as well as in Tatum and Artesia in southeast New Mexico.",The West Texas Mesonet station 51 2SW Tatum NM recorded intermittent high sustained winds through the afternoon.,CSV
202604,26,1535,202604,26,1635,211412,1320667,NEW MEXICO,35,2026,April,High Wind,Z,28,EDDY COUNTY PLAINS,MAF,26-APR-26 15:35:00,MST-7,26-APR-26 16:35:00,0,0,0,0,,0.00K,AWOS,54.00,MG,,,,,,,,,,,,,,,,,,,,"Strong westerly winds developed thanks to an approaching upper-level trough and associated jet (and due to a strengthening surface low ahead of these features). High winds were recorded in the Guadalupe Mountains, as well as in Tatum and Artesia in southeast New Mexico.",The AWOS Station KATS Artesia measured a period of high wind gusts and high sustained winds.,CSV
202604,1,0,202604,30,2359,211704,1323113,NEW MEXICO,35,2026,April,Drought,Z,237,DE BACA COUNTY,ABQ,01-APR-26 00:00:00,MST-7,30-APR-26 23:59:00,0,0,0,0,0.00K,0.00K,Drought Monitor,,,,,,,,,,,,,,,,,,,,,,"April saw below to well below normal precipitation across a majority of New Mexico, with the exception of a small area of the northwestern mountains. The average temperature anomaly was also generally 1 to 5 degrees above normal over nearly all of the state. This led to a notable expansion of extreme drought conditions over northeastern NM, and severe drought conditions over the eastern plains. While western areas saw below normal precipitation, the actual difference from normal was still low given April is climatologically a very dry month already. This allowed for little to no change in drought conditions over this portion of the state.",Severe drought was introduced to the entire zone.,CSV
202604,1,0,202604,30,2359,211704,1323116,NEW MEXICO,35,2026,April,Drought,Z,238,CHAVES COUNTY PLAINS,ABQ,01-APR-26 00:00:00,MST-7,30-APR-26 23:59:00,0,0,0,0,0.00K,0.00K,Drought Monitor,,,,,,,,,,,,,,,,,,,,,,"April saw below to well below normal precipitation across a majority of New Mexico, with the exception of a small area of the northwestern mountains. The average temperature anomaly was also generally 1 to 5 degrees above normal over nearly all of the state. This led to a notable expansion of extreme drought conditions over northeastern NM, and severe drought conditions over the eastern plains. While western areas saw below normal precipitation, the actual difference from normal was still low given April is climatologically a very dry month already. This allowed for little to no change in drought conditions over this portion of the state.",Severe drought was introduced to the entire zone.,CSV
202604,1,0,202604,30,2359,211704,1323118,NEW MEXICO,35,2026,April,Drought,Z,239,EASTERN LINCOLN COUNTY,ABQ,01-APR-26 00:00:00,MST-7,30-APR-26 23:59:00,0,0,0,0,0.00K,0.00K,Drought Monitor,,,,,,,,,,,,,,,,,,,,,,"April saw below to well below normal precipitation across a majority of New Mexico, with the exception of a small area of the northwestern mountains. The average temperature anomaly was also generally 1 to 5 degrees above normal over nearly all of the state. This led to a notable expansion of extreme drought conditions over northeastern NM, and severe drought conditions over the eastern plains. While western areas saw below normal precipitation, the actual difference from normal was still low given April is climatologically a very dry month already. This allowed for little to no change in drought conditions over this portion of the state.",Severe drought expanded to the entire zone.,CSV
202604,1,0,202604,30,2359,211704,1323119,NEW MEXICO,35,2026,April,Drought,Z,240,SOUTHWEST CHAVES COUNTY,ABQ,01-APR-26 00:00:00,MST-7,30-APR-26 23:59:00,0,0,0,0,0.00K,0.00K,Drought Monitor,,,,,,,,,,,,,,,,,,,,,,"April saw below to well below normal precipitation across a majority of New Mexico, with the exception of a small area of the northwestern mountains. The average temperature anomaly was also generally 1 to 5 degrees above normal over nearly all of the state. This led to a notable expansion of extreme drought conditions over northeastern NM, and severe drought conditions over the eastern plains. While western areas saw below normal precipitation, the actual difference from normal was still low given April is climatologically a very dry month already. This allowed for little to no change in drought conditions over this portion of the state.",Severe drought remained over the northern half of the zone.,CSV
202604,1,0,202604,30,2359,211704,1323099,NEW MEXICO,35,2026,April,Drought,Z,227,JOHNSON AND BARTLETT MESAS INCLUDING RATON PASS,ABQ,01-APR-26 00:00:00,MST-7,30-APR-26 23:59:00,0,0,0,0,0.00K,0.00K,Drought Monitor,,,,,,,,,,,,,,,,,,,,,,"April saw below to well below normal precipitation across a majority of New Mexico, with the exception of a small area of the northwestern mountains. The average temperature anomaly was also generally 1 to 5 degrees above normal over nearly all of the state. This led to a notable expansion of extreme drought conditions over northeastern NM, and severe drought conditions over the eastern plains. While western areas saw below normal precipitation, the actual difference from normal was still low given April is climatologically a very dry month already. This allowed for little to no change in drought conditions over this portion of the state.",Extreme drought was introduced over the entire zone.,CSV
202604,1,0,202604,30,2359,211704,1323101,NEW MEXICO,35,2026,April,Drought,Z,230,UNION COUNTY,ABQ,01-APR-26 00:00:00,MST-7,30-APR-26 23:59:00,0,0,0,0,0.00K,0.00K,Drought Monitor,,,,,,,,,,,,,,,,,,,,,,"April saw below to well below normal precipitation across a majority of New Mexico, with the exception of a small area of the northwestern mountains. The average temperature anomaly was also generally 1 to 5 degrees above normal over nearly all of the state. This led to a notable expansion of extreme drought conditions over northeastern NM, and severe drought conditions over the eastern plains. While western areas saw below normal precipitation, the actual difference from normal was still low given April is climatologically a very dry month already. This allowed for little to no change in drought conditions over this portion of the state.",Extreme drought was introduced over the entire zone.,CSV
202604,1,0,202604,30,2359,211704,1323102,NEW MEXICO,35,2026,April,Drought,Z,231,HARDING COUNTY,ABQ,01-APR-26 00:00:00,MST-7,30-APR-26 23:59:00,0,0,0,0,0.00K,0.00K,Drought Monitor,,,,,,,,,,,,,,,,,,,,,,"April saw below to well below normal precipitation across a majority of New Mexico, with the exception of a small area of the northwestern mountains. The average temperature anomaly was also generally 1 to 5 degrees above normal over nearly all of the state. This led to a notable expansion of extreme drought conditions over northeastern NM, and severe drought conditions over the eastern plains. While western areas saw below normal precipitation, the actual difference from normal was still low given April is climatologically a very dry month already. This allowed for little to no change in drought conditions over this portion of the state.",Extreme and severe drought was introduced over the northern and southern halves of the zone respectively.,CSV
202604,1,0,202604,30,2359,211704,1323103,NEW MEXICO,35,2026,April,Drought,Z,232,EASTERN SAN MIGUEL COUNTY,ABQ,01-APR-26 00:00:00,MST-7,30-APR-26 23:59:00,0,0,0,0,0.00K,0.00K,Drought Monitor,,,,,,,,,,,,,,,,,,,,,,"April saw below to well below normal precipitation across a majority of New Mexico, with the exception of a small area of the northwestern mountains. The average temperature anomaly was also generally 1 to 5 degrees above normal over nearly all of the state. This led to a notable expansion of extreme drought conditions over northeastern NM, and severe drought conditions over the eastern plains. While western areas saw below normal precipitation, the actual difference from normal was still low given April is climatologically a very dry month already. This allowed for little to no change in drought conditions over this portion of the state.",Severe drought expanded across the eastern half of the zone.,CSV
202604,1,1520,202604,1,1555,211290,1320069,NEW MEXICO,35,2026,April,High Wind,Z,29,NORTHERN LEA COUNTY,MAF,01-APR-26 15:20:00,MST-7,01-APR-26 15:55:00,0,0,0,0,,0.00K,Mesonet,55.00,MG,,,,,,,,,,,,,,,,,,,,"A dryline set up over central portions of the Permian Basin, extending southward towards the Big Bend. A nearby shortwave encouraged thunderstorm development east of this dryline. A couple of thunderstorms produced severe winds in the Permian Basin. Meanwhile, strong winds aloft coupled with the passage of a Pacific front allowed for high winds in the Guadalupe Mountains and in far northern portions of Lea County in SE New Mexico.","The West Texas Mesonet station at 2 SW Tatum measured a brief period of high winds, including gusts up to 63 mph.",CSV
202606,17,1350,202606,17,1410,215717,1354826,NEW MEXICO,35,2026,June,Dust Storm,Z,404,SOUTHWEST DESERT/LOWER GILA RIVER VALLEY,EPZ,17-JUN-26 13:50:00,MST-7,17-JUN-26 14:10:00,0,0,0,0,0.00K,0.00K,Department of Highways,,,,,,,,,,,,,,,,,,,,,,An upper level trough was moving southeast through southern New Mexico with some mid level moisture available for thunderstorms to develop.  A very dry surface with dew point depressions over 65 degrees allowed for gusty thunderstorm winds to occur.  Blowing dust also developed over the Lordsburg Playa causing the interstate to be closed for a short period.,Interstate 10 was closed across the Lordsburg Playa due to a dust storm near exit 11.,CSV
202606,1,0,202606,30,2359,215583,1353808,NEW MEXICO,35,2026,June,Drought,Z,415,SACRAMENTO MOUNTAINS ABOVE 7500 FEET,EPZ,01-JUN-26 00:00:00,MST-7,30-JUN-26 23:59:00,0,0,0,0,0.00K,0.00K,Drought Monitor,,,,,,,,,,,,,,,,,,,,,,June had areas that received above and below normal precipitation in what is typically a dry month. There was little change to the drought conditions around Southern New Mexico with Moderate(D1) to Severe(D2) drought the most common.,The northern half of the zone remained in Severe(D2) drought while the southern half remained in Moderate(D1) drought.  The Cloudcroft Cooperative Observer reported 2.17 inches of precipitation which was 0.05 inches below normal.,CSV
202606,1,0,202606,30,2359,215583,1353810,NEW MEXICO,35,2026,June,Drought,Z,416,EAST SLOPES SACRAMENTO MOUNTAINS BELOW 7500 FEET,EPZ,01-JUN-26 00:00:00,MST-7,30-JUN-26 23:59:00,0,0,0,0,0.00K,0.00K,Drought Monitor,,,,,,,,,,,,,,,,,,,,,,June had areas that received above and below normal precipitation in what is typically a dry month. There was little change to the drought conditions around Southern New Mexico with Moderate(D1) to Severe(D2) drought the most common.,The northern half of the zone remained in Severe(D2) drought while the south remained in Moderate(D1) drought.  The Elk Cooperative Observer reported 2.09 inches of precipitation which was 0.47 inches above normal.,CSV
202606,1,0,202606,30,2359,215583,1353811,NEW MEXICO,35,2026,June,Drought,Z,425,CENTRAL GRANT COUNTY/SILVER CITY AREA,EPZ,01-JUN-26 00:00:00,MST-7,30-JUN-26 23:59:00,0,0,0,0,0.00K,0.00K,Drought Monitor,,,,,,,,,,,,,,,,,,,,,,June had areas that received above and below normal precipitation in what is typically a dry month. There was little change to the drought conditions around Southern New Mexico with Moderate(D1) to Severe(D2) drought the most common.,Severe(D2) drought remained across the entire zone in June.  The White Signal Cooperative Observer reported 1.05 inches of precipitation which was 0.47 inches above normal.,CSV
202606,1,0,202606,30,2359,215583,1353812,NEW MEXICO,35,2026,June,Drought,Z,426,SOUTHERN GILA REGION HIGHLANDS/BLACK RANGE,EPZ,01-JUN-26 00:00:00,MST-7,30-JUN-26 23:59:00,0,0,0,0,0.00K,0.00K,Drought Monitor,,,,,,,,,,,,,,,,,,,,,,June had areas that received above and below normal precipitation in what is typically a dry month. There was little change to the drought conditions around Southern New Mexico with Moderate(D1) to Severe(D2) drought the most common.,The entire zone remained in Severe(D2) drought in June.,CSV
202606,1,0,202606,30,2359,215583,1353814,NEW MEXICO,35,2026,June,Drought,Z,427,WEST CENTRAL TULAROSA BASIN/WHITE SANDS,EPZ,01-JUN-26 00:00:00,MST-7,30-JUN-26 23:59:00,0,0,0,0,0.00K,0.00K,Drought Monitor,,,,,,,,,,,,,,,,,,,,,,June had areas that received above and below normal precipitation in what is typically a dry month. There was little change to the drought conditions around Southern New Mexico with Moderate(D1) to Severe(D2) drought the most common.,The far northern portion of the zone remained in Severe(D2) drought with Moderate(D1) drought elsewhere.  The White Sands National Park Cooperative Observer reported 0.69 inches of precipitation which was 0.03 inches below normal.,CSV
202606,1,0,202606,30,2359,215583,1353816,NEW MEXICO,35,2026,June,Drought,Z,428,EAST CENTRAL TULAROSA BASIN/ALAMOGORDO,EPZ,01-JUN-26 00:00:00,MST-7,30-JUN-26 23:59:00,0,0,0,0,0.00K,0.00K,Drought Monitor,,,,,,,,,,,,,,,,,,,,,,June had areas that received above and below normal precipitation in what is typically a dry month. There was little change to the drought conditions around Southern New Mexico with Moderate(D1) to Severe(D2) drought the most common.,The northern half of the zone remained in Severe(D2) drought while the south remained in Moderate(D1) drought.,CSV
202606,25,1820,202606,25,1835,213156,1334439,NEW MEXICO,35,2026,June,Hail,C,59,UNION,ABQ,25-JUN-26 18:20:00,MST-7,25-JUN-26 18:35:00,0,0,0,0,0.00K,0.00K,COOP Observer,1.00,,,,,,,,,,,0,N,CAPULIN,0,N,CAPULIN,36.74,-103.99,36.74,-103.99,"The season's first rendition of the North American Monsoon high developed over south-central and southwestern NM with increased low-level moisture intruding beneath it. Faster westerly flow along the northern periphery of the high allowed for some convective organization and stronger afternoon thunderstorms. Relatively warm conditions and low humidity also allowed for strong downdrafts to occur yielding severe wind gusts from decaying thunderstorms mainly over western and central NM each day. Several of these dry downbursts produced blowing dust with one particular event resulting in zero visibility in Rio Rancho on the 25th. Storms through central and eastern NM were wetter in nature threatening locally heavy rainfall and flash flooding. Flash flooding was reported in Raton on the 24th, with another report of heavy rains producing a landslide from steep terrain near Jemez Springs along NM Highway 4 on the 26th. Other storms produced various severe wind gusts and hail across portions of northern and central NM each day.",Hail stripped trees and vegetation of their leaves.,CSV
202606,25,1842,202606,25,1851,213156,1334440,NEW MEXICO,35,2026,June,Thunderstorm Wind,C,5,CHAVES,ABQ,25-JUN-26 18:42:00,MST-7,25-JUN-26 18:51:00,0,0,0,0,0.00K,0.00K,ASOS,56.00,MG,,,,,,,,,,.9,SE,(ROW)ROSWELL IND AIRPORT,.9,SE,(ROW)ROSWELL IND AIRPORT,33.3,-104.5,33.3,-104.5,"The season's first rendition of the North American Monsoon high developed over south-central and southwestern NM with increased low-level moisture intruding beneath it. Faster westerly flow along the northern periphery of the high allowed for some convective organization and stronger afternoon thunderstorms. Relatively warm conditions and low humidity also allowed for strong downdrafts to occur yielding severe wind gusts from decaying thunderstorms mainly over western and central NM each day. Several of these dry downbursts produced blowing dust with one particular event resulting in zero visibility in Rio Rancho on the 25th. Storms through central and eastern NM were wetter in nature threatening locally heavy rainfall and flash flooding. Flash flooding was reported in Raton on the 24th, with another report of heavy rains producing a landslide from steep terrain near Jemez Springs along NM Highway 4 on the 26th. Other storms produced various severe wind gusts and hail across portions of northern and central NM each day.",The ASOS station at KROW Roswell Air Center measured a 64 mph thunderstorm wind gust.,CSV
202606,1,0,202606,30,2359,213451,1337062,NEW MEXICO,35,2026,June,Drought,Z,232,EASTERN SAN MIGUEL COUNTY,ABQ,01-JUN-26 00:00:00,MST-7,30-JUN-26 23:59:00,0,0,0,0,0.00K,0.00K,Drought Monitor,,,,,,,,,,,,,,,,,,,,,,"The month of June saw overall above normal temperatures and a mixed bag of precipitation with some areas seeing above normal precipitation and others below normal precipitation. This is very reflective of the early summer thunderstorm activity that saw daily rounds of thunderstorms pass over some areas repeatedly, while missing other areas entirely. As a result, most of New Mexico saw no change in drought conditions while around a quarter to a third of the state saw either a 1 class degradation or improvement in drought conditions.",Extreme drought was introduced to a central swath of the zone with severe drought persistent elsewhere.,CSV
202606,1,0,202606,30,2359,213451,1337063,NEW MEXICO,35,2026,June,Drought,Z,233,GUADALUPE COUNTY,ABQ,01-JUN-26 00:00:00,MST-7,30-JUN-26 23:59:00,0,0,0,0,0.00K,0.00K,Drought Monitor,,,,,,,,,,,,,,,,,,,,,,"The month of June saw overall above normal temperatures and a mixed bag of precipitation with some areas seeing above normal precipitation and others below normal precipitation. This is very reflective of the early summer thunderstorm activity that saw daily rounds of thunderstorms pass over some areas repeatedly, while missing other areas entirely. As a result, most of New Mexico saw no change in drought conditions while around a quarter to a third of the state saw either a 1 class degradation or improvement in drought conditions.",Severe drought persisted across the entire zone.,CSV
202606,1,0,202606,30,2359,213451,1337089,NEW MEXICO,35,2026,June,Drought,Z,234,QUAY COUNTY,ABQ,01-JUN-26 00:00:00,MST-7,30-JUN-26 23:59:00,0,0,0,0,0.00K,0.00K,Drought Monitor,,,,,,,,,,,,,,,,,,,,,,"The month of June saw overall above normal temperatures and a mixed bag of precipitation with some areas seeing above normal precipitation and others below normal precipitation. This is very reflective of the early summer thunderstorm activity that saw daily rounds of thunderstorms pass over some areas repeatedly, while missing other areas entirely. As a result, most of New Mexico saw no change in drought conditions while around a quarter to a third of the state saw either a 1 class degradation or improvement in drought conditions.",Severe drought conditions persisted across a majority of the zone with extreme drought becoming confined to areas along I-40 west of Tucumcari.,CSV
202606,1,0,202606,30,2359,213451,1337090,NEW MEXICO,35,2026,June,Drought,Z,235,CURRY COUNTY,ABQ,01-JUN-26 00:00:00,MST-7,30-JUN-26 23:59:00,0,0,0,0,0.00K,0.00K,Drought Monitor,,,,,,,,,,,,,,,,,,,,,,"The month of June saw overall above normal temperatures and a mixed bag of precipitation with some areas seeing above normal precipitation and others below normal precipitation. This is very reflective of the early summer thunderstorm activity that saw daily rounds of thunderstorms pass over some areas repeatedly, while missing other areas entirely. As a result, most of New Mexico saw no change in drought conditions while around a quarter to a third of the state saw either a 1 class degradation or improvement in drought conditions.",Extreme drought was removed from the zone with severe drought persisting across the entire zone.,CSV
202606,2,1225,202606,2,1230,215588,1353831,NEW MEXICO,35,2026,June,Hail,C,35,OTERO,EPZ,02-JUN-26 12:25:00,MST-7,02-JUN-26 12:30:00,0,0,0,0,0.00K,0.00K,Public,1.50,,,,,,,,,,,6.66,NW,MAYHILL,6.66,NW,MAYHILL,32.95,-105.549,32.95,-105.549,Southeast surface flow helped bring in some modest moisture to the eastern Sacramento Mountains with south-southwest flow aloft resulting in wind shear across the area.  Strong storm develop around Mayhill and dropped hail up to 3.5 inches in diameter.,A public report of hail up to 1.50 northwest of Mayhill.,CSV
202606,2,1430,202606,2,1435,215588,1353833,NEW MEXICO,35,2026,June,Hail,C,35,OTERO,EPZ,02-JUN-26 14:30:00,MST-7,02-JUN-26 14:35:00,0,0,0,0,0.00K,0.00K,Public,3.50,,,,,,,,,,,.8,NW,MAYHILL,.8,NW,MAYHILL,32.8891,-105.4784,32.8891,-105.4784,Southeast surface flow helped bring in some modest moisture to the eastern Sacramento Mountains with south-southwest flow aloft resulting in wind shear across the area.  Strong storm develop around Mayhill and dropped hail up to 3.5 inches in diameter.,A report from the public was received of hail up to 3.5 inches in Mayhill.,CSV
202606,3,1835,202606,3,1835,215593,1353856,NEW MEXICO,35,2026,June,Thunderstorm Wind,C,35,OTERO,EPZ,03-JUN-26 18:35:00,MST-7,03-JUN-26 18:35:00,0,0,0,0,0.00K,0.00K,Mesonet,54.00,MG,,,,,,,,,,2.15,NNW,(HMN)HOLOMAN AFB ALM,2.15,NNW,(HMN)HOLOMAN AFB ALM,32.88,-106.11,32.88,-106.11,Southeast surface flow brought 50s dew points into the Rio Grande Valley.  Weak south-southwest flow aloft kept storm motion slow but did provide enough shear for some severe thunderstorm wind gusts to occur.,The Malone Mesonet site on the White Sands Missile Range recorded a peak gust of 62 mph.,CSV
202606,3,1910,202606,3,1910,215593,1353858,NEW MEXICO,35,2026,June,Thunderstorm Wind,C,13,DONA ANA,EPZ,03-JUN-26 19:10:00,MST-7,03-JUN-26 19:10:00,0,0,0,0,0.00K,0.00K,Other Federal Agency,55.00,MG,,,,,,,,,,1.75,W,CONDRON ARPT,1.75,W,CONDRON ARPT,32.33,-106.43,32.33,-106.43,Southeast surface flow brought 50s dew points into the Rio Grande Valley.  Weak south-southwest flow aloft kept storm motion slow but did provide enough shear for some severe thunderstorm wind gusts to occur.,The Condron Field Mesonet site on the White Sands Missile Range reported a peak gust of 63 mph.,CSV
202606,3,1945,202606,3,2100,215593,1353878,NEW MEXICO,35,2026,June,Flash Flood,C,13,DONA ANA,EPZ,03-JUN-26 19:45:00,MST-7,03-JUN-26 21:00:00,0,0,0,0,0.00K,0.00K,NWS Employee,,,Heavy Rain,,,,,,,,,4.26,ENE,UNIVERSITY PARK,6.26,ENE,UNIVERSITY PARK,32.3025,-106.6621,32.3081,-106.6281,Southeast surface flow brought 50s dew points into the Rio Grande Valley.  Weak south-southwest flow aloft kept storm motion slow but did provide enough shear for some severe thunderstorm wind gusts to occur.,"Most arroyos and low water crossings in the Talavera area ran overnight, particularly the arroyo and crossing on Soledad Canyon Road just east of Alma Road.  This area was likely impassable at the peak flow.  Nearby driveway with culverts was washed out.",CSV
202606,26,1520,202606,26,1523,213156,1334548,NEW MEXICO,35,2026,June,Thunderstorm Wind,C,49,SANTA FE,ABQ,26-JUN-26 15:20:00,MST-7,26-JUN-26 15:23:00,0,0,0,0,0.00K,0.00K,Department of Highways,52.00,MG,,,,,,,,,,5.77,WSW,LA CIENEGA,5.77,WSW,LA CIENEGA,35.52,-106.22,35.52,-106.22,"The season's first rendition of the North American Monsoon high developed over south-central and southwestern NM with increased low-level moisture intruding beneath it. Faster westerly flow along the northern periphery of the high allowed for some convective organization and stronger afternoon thunderstorms. Relatively warm conditions and low humidity also allowed for strong downdrafts to occur yielding severe wind gusts from decaying thunderstorms mainly over western and central NM each day. Several of these dry downbursts produced blowing dust with one particular event resulting in zero visibility in Rio Rancho on the 25th. Storms through central and eastern NM were wetter in nature threatening locally heavy rainfall and flash flooding. Flash flooding was reported in Raton on the 24th, with another report of heavy rains producing a landslide from steep terrain near Jemez Springs along NM Highway 4 on the 26th. Other storms produced various severe wind gusts and hail across portions of northern and central NM each day.",The NMDOT weather station at La Bajada along I-25 measured a 60 mph wind gust from a thunderstorm outflow.,CSV
202606,26,1630,202606,26,1641,213156,1334550,NEW MEXICO,35,2026,June,Thunderstorm Wind,C,47,SAN MIGUEL,ABQ,26-JUN-26 16:30:00,MST-7,26-JUN-26 16:41:00,0,0,0,0,0.00K,0.00K,ASOS,56.00,MG,,,,,,,,,,.89,SE,(LVS)LAS VEGAS AIRPORT,.89,SE,(LVS)LAS VEGAS AIRPORT,35.65,-105.13,35.65,-105.13,"The season's first rendition of the North American Monsoon high developed over south-central and southwestern NM with increased low-level moisture intruding beneath it. Faster westerly flow along the northern periphery of the high allowed for some convective organization and stronger afternoon thunderstorms. Relatively warm conditions and low humidity also allowed for strong downdrafts to occur yielding severe wind gusts from decaying thunderstorms mainly over western and central NM each day. Several of these dry downbursts produced blowing dust with one particular event resulting in zero visibility in Rio Rancho on the 25th. Storms through central and eastern NM were wetter in nature threatening locally heavy rainfall and flash flooding. Flash flooding was reported in Raton on the 24th, with another report of heavy rains producing a landslide from steep terrain near Jemez Springs along NM Highway 4 on the 26th. Other storms produced various severe wind gusts and hail across portions of northern and central NM each day.",The KLVS ASOS measured a 64 mph wind gust from outflow enhanced by a nearby decaying convective showers and thunderstorms.,CSV
202606,1,0,202606,30,2359,213451,1337091,NEW MEXICO,35,2026,June,Drought,Z,236,ROOSEVELT COUNTY,ABQ,01-JUN-26 00:00:00,MST-7,30-JUN-26 23:59:00,0,0,0,0,0.00K,0.00K,Drought Monitor,,,,,,,,,,,,,,,,,,,,,,"The month of June saw overall above normal temperatures and a mixed bag of precipitation with some areas seeing above normal precipitation and others below normal precipitation. This is very reflective of the early summer thunderstorm activity that saw daily rounds of thunderstorms pass over some areas repeatedly, while missing other areas entirely. As a result, most of New Mexico saw no change in drought conditions while around a quarter to a third of the state saw either a 1 class degradation or improvement in drought conditions.",Extreme drought was removed from the zone with severe drought persisting across the entire zone.,CSV
202606,1,0,202606,30,2359,213451,1337092,NEW MEXICO,35,2026,June,Drought,Z,237,DE BACA COUNTY,ABQ,01-JUN-26 00:00:00,MST-7,30-JUN-26 23:59:00,0,0,0,0,0.00K,0.00K,Drought Monitor,,,,,,,,,,,,,,,,,,,,,,"The month of June saw overall above normal temperatures and a mixed bag of precipitation with some areas seeing above normal precipitation and others below normal precipitation. This is very reflective of the early summer thunderstorm activity that saw daily rounds of thunderstorms pass over some areas repeatedly, while missing other areas entirely. As a result, most of New Mexico saw no change in drought conditions while around a quarter to a third of the state saw either a 1 class degradation or improvement in drought conditions.",Severe drought persisted across the entire zone.,CSV
202606,1,0,202606,30,2359,213451,1337093,NEW MEXICO,35,2026,June,Drought,Z,238,CHAVES COUNTY PLAINS,ABQ,01-JUN-26 00:00:00,MST-7,30-JUN-26 23:59:00,0,0,0,0,0.00K,0.00K,Drought Monitor,,,,,,,,,,,,,,,,,,,,,,"The month of June saw overall above normal temperatures and a mixed bag of precipitation with some areas seeing above normal precipitation and others below normal precipitation. This is very reflective of the early summer thunderstorm activity that saw daily rounds of thunderstorms pass over some areas repeatedly, while missing other areas entirely. As a result, most of New Mexico saw no change in drought conditions while around a quarter to a third of the state saw either a 1 class degradation or improvement in drought conditions.",Severe drought persisted across the entire zone.,CSV
202606,1,0,202606,30,2359,213451,1337094,NEW MEXICO,35,2026,June,Drought,Z,239,EASTERN LINCOLN COUNTY,ABQ,01-JUN-26 00:00:00,MST-7,30-JUN-26 23:59:00,0,0,0,0,0.00K,0.00K,Drought Monitor,,,,,,,,,,,,,,,,,,,,,,"The month of June saw overall above normal temperatures and a mixed bag of precipitation with some areas seeing above normal precipitation and others below normal precipitation. This is very reflective of the early summer thunderstorm activity that saw daily rounds of thunderstorms pass over some areas repeatedly, while missing other areas entirely. As a result, most of New Mexico saw no change in drought conditions while around a quarter to a third of the state saw either a 1 class degradation or improvement in drought conditions.",Severe drought persisted across the entire zone.,CSV
202606,3,2000,202606,3,2130,215593,1353881,NEW MEXICO,35,2026,June,Flash Flood,C,13,DONA ANA,EPZ,03-JUN-26 20:00:00,MST-7,03-JUN-26 21:30:00,0,0,0,0,0.00K,0.00K,NWS Employee,,,Heavy Rain,,,,,,,,,2.3,SSW,FAIRACRES,2.97,WNW,SANTO TOMAS,32.2703,-106.8479,32.1979,-106.7962,Southeast surface flow brought 50s dew points into the Rio Grande Valley.  Weak south-southwest flow aloft kept storm motion slow but did provide enough shear for some severe thunderstorm wind gusts to occur.,"Flooding and standing water was observed at a horse farm south of Mesilla Diversion Dam around midday 6/4.  Outbuildings, stables and livestock were surrounded by muddy water.  Time of flooding estimated.",CSV
202606,5,1835,202606,5,1835,215596,1353887,NEW MEXICO,35,2026,June,Thunderstorm Wind,C,51,SIERRA,EPZ,05-JUN-26 18:35:00,MST-7,05-JUN-26 18:35:00,0,0,0,0,0.00K,0.00K,AWOS,56.00,MG,,,,,,,,,,1.55,ESE,ALEMAN,1.55,ESE,ALEMAN,32.9941,-106.9743,32.9941,-106.9743,A weak upper low was moving along the International Border which helped to trigger thunderstorms along the Rio Grande Valley.  Modest instability and dry low levels helped to produce a 64 mph wind gust at Spaceport America.,The Spaceport America AWOS recorded a peak gust of 64 mph.,CSV
202606,26,1753,202606,26,1803,213156,1334554,NEW MEXICO,35,2026,June,Thunderstorm Wind,C,37,QUAY,ABQ,26-JUN-26 17:53:00,MST-7,26-JUN-26 18:03:00,0,0,0,0,0.00K,0.00K,ASOS,50.00,MG,,,,,,,,,,0,N,(TCC)TUCUMCARI ARPT,0,N,(TCC)TUCUMCARI ARPT,35.18,-103.6,35.18,-103.6,"The season's first rendition of the North American Monsoon high developed over south-central and southwestern NM with increased low-level moisture intruding beneath it. Faster westerly flow along the northern periphery of the high allowed for some convective organization and stronger afternoon thunderstorms. Relatively warm conditions and low humidity also allowed for strong downdrafts to occur yielding severe wind gusts from decaying thunderstorms mainly over western and central NM each day. Several of these dry downbursts produced blowing dust with one particular event resulting in zero visibility in Rio Rancho on the 25th. Storms through central and eastern NM were wetter in nature threatening locally heavy rainfall and flash flooding. Flash flooding was reported in Raton on the 24th, with another report of heavy rains producing a landslide from steep terrain near Jemez Springs along NM Highway 4 on the 26th. Other storms produced various severe wind gusts and hail across portions of northern and central NM each day.",The KTCC ASOS measured a 58 mph thunderstorm wind gust.,CSV
202606,26,1257,202606,26,1303,213156,1334568,NEW MEXICO,35,2026,June,Hail,C,31,MCKINLEY,ABQ,26-JUN-26 12:57:00,MST-7,26-JUN-26 13:03:00,0,0,0,0,0.00K,0.00K,Public,1.00,,,,,,,,,,,1.32,ESE,MENTMORE,1.32,ESE,MENTMORE,35.51,-108.83,35.51,-108.83,"The season's first rendition of the North American Monsoon high developed over south-central and southwestern NM with increased low-level moisture intruding beneath it. Faster westerly flow along the northern periphery of the high allowed for some convective organization and stronger afternoon thunderstorms. Relatively warm conditions and low humidity also allowed for strong downdrafts to occur yielding severe wind gusts from decaying thunderstorms mainly over western and central NM each day. Several of these dry downbursts produced blowing dust with one particular event resulting in zero visibility in Rio Rancho on the 25th. Storms through central and eastern NM were wetter in nature threatening locally heavy rainfall and flash flooding. Flash flooding was reported in Raton on the 24th, with another report of heavy rains producing a landslide from steep terrain near Jemez Springs along NM Highway 4 on the 26th. Other storms produced various severe wind gusts and hail across portions of northern and central NM each day.",,CSV
202606,1,0,202606,30,2359,213451,1337095,NEW MEXICO,35,2026,June,Drought,Z,240,SOUTHWEST CHAVES COUNTY,ABQ,01-JUN-26 00:00:00,MST-7,30-JUN-26 23:59:00,0,0,0,0,0.00K,0.00K,Drought Monitor,,,,,,,,,,,,,,,,,,,,,,"The month of June saw overall above normal temperatures and a mixed bag of precipitation with some areas seeing above normal precipitation and others below normal precipitation. This is very reflective of the early summer thunderstorm activity that saw daily rounds of thunderstorms pass over some areas repeatedly, while missing other areas entirely. As a result, most of New Mexico saw no change in drought conditions while around a quarter to a third of the state saw either a 1 class degradation or improvement in drought conditions.",Severe drought remained over the northern half of the zone.,CSV
202606,1,0,202606,30,2359,213451,1337096,NEW MEXICO,35,2026,June,Drought,Z,241,SAN AGUSTIN PLAINS AND ADJACENT LOWLANDS,ABQ,01-JUN-26 00:00:00,MST-7,30-JUN-26 23:59:00,0,0,0,0,0.00K,0.00K,Drought Monitor,,,,,,,,,,,,,,,,,,,,,,"The month of June saw overall above normal temperatures and a mixed bag of precipitation with some areas seeing above normal precipitation and others below normal precipitation. This is very reflective of the early summer thunderstorm activity that saw daily rounds of thunderstorms pass over some areas repeatedly, while missing other areas entirely. As a result, most of New Mexico saw no change in drought conditions while around a quarter to a third of the state saw either a 1 class degradation or improvement in drought conditions.",Extreme drought persisted over the far western and far eastern portions of the zone.,CSV
202606,1,0,202606,30,2359,215583,1353775,NEW MEXICO,35,2026,June,Drought,Z,401,UPPER GILA RIVER VALLEY,EPZ,01-JUN-26 00:00:00,MST-7,30-JUN-26 23:59:00,0,0,0,0,0.00K,0.00K,Drought Monitor,,,,,,,,,,,,,,,,,,,,,,June had areas that received above and below normal precipitation in what is typically a dry month. There was little change to the drought conditions around Southern New Mexico with Moderate(D1) to Severe(D2) drought the most common.,Severe(D2) drought remained in place or the entire month.  The Cooperative Observer in Cliff received 0.93 inches of precipitation which was 0.29 inches above normal.,CSV
202606,1,0,202606,30,2359,215583,1353776,NEW MEXICO,35,2026,June,Drought,Z,403,SOUTHERN GILA FOOTHILLS/MIMBRES VALLEY,EPZ,01-JUN-26 00:00:00,MST-7,30-JUN-26 23:59:00,0,0,0,0,0.00K,0.00K,Drought Monitor,,,,,,,,,,,,,,,,,,,,,,June had areas that received above and below normal precipitation in what is typically a dry month. There was little change to the drought conditions around Southern New Mexico with Moderate(D1) to Severe(D2) drought the most common.,The entire zone remained in Severe(D2) drought through the month of June.,CSV
202606,1,0,202606,30,2359,215583,1353777,NEW MEXICO,35,2026,June,Drought,Z,404,SOUTHWEST DESERT/LOWER GILA RIVER VALLEY,EPZ,01-JUN-26 00:00:00,MST-7,30-JUN-26 23:59:00,0,0,0,0,0.00K,0.00K,Drought Monitor,,,,,,,,,,,,,,,,,,,,,,June had areas that received above and below normal precipitation in what is typically a dry month. There was little change to the drought conditions around Southern New Mexico with Moderate(D1) to Severe(D2) drought the most common.,Severe(D2) drought continued across the zone except for in the far west where Moderate(D1) drought remained in place.,CSV
202606,1,0,202606,30,2359,215583,1353779,NEW MEXICO,35,2026,June,Drought,Z,405,LOWLANDS OF THE BOOTHEEL,EPZ,01-JUN-26 00:00:00,MST-7,30-JUN-26 23:59:00,0,0,0,0,0.00K,0.00K,Drought Monitor,,,,,,,,,,,,,,,,,,,,,,June had areas that received above and below normal precipitation in what is typically a dry month. There was little change to the drought conditions around Southern New Mexico with Moderate(D1) to Severe(D2) drought the most common.,Severe(D2) drought remained in place for all areas except the far west where Moderate(D1) drought continued. The Antelope Wells Cooperative Observer received 0.05 inches of precipitation which was 0.66 inches below normal.,CSV
202606,14,1708,202606,14,1715,215713,1354795,NEW MEXICO,35,2026,June,Thunderstorm Wind,C,13,DONA ANA,EPZ,14-JUN-26 17:08:00,MST-7,14-JUN-26 17:15:00,0,0,0,0,0.00K,0.00K,AWOS,59.00,MG,,,,,,,,,,.17,NE,STRAUSS,.17,NE,STRAUSS,31.8719,-106.6982,31.8719,-106.6982,The dryline pushed west towards the Rio Grande Valley and a subtle upper level disturbance in southwest flow helped to trigger severe thunderstorms with strong winds and heavy rain. Almost 2 inches of rain was reported with some of these storms.,A peak gust of 68 mph was recorded at the Santa Teresa AWOS.  The same gust was recorded at the NWS office in Santa Teresa.,CSV
202606,14,1830,202606,14,1830,215713,1354797,NEW MEXICO,35,2026,June,Thunderstorm Wind,C,13,DONA ANA,EPZ,14-JUN-26 18:30:00,MST-7,14-JUN-26 18:30:00,0,0,0,0,0.00K,0.00K,Mesonet,53.00,MG,,,,,,,,,,43.28,NNE,WHITE SANDS,43.28,NNE,WHITE SANDS,32.9091,-106.1018,32.9091,-106.1018,The dryline pushed west towards the Rio Grande Valley and a subtle upper level disturbance in southwest flow helped to trigger severe thunderstorms with strong winds and heavy rain. Almost 2 inches of rain was reported with some of these storms.,The White Sands Missile Range Malone Mesonet site recorded a peak gust of 61 mph.,CSV
202606,14,1630,202606,14,1630,215713,1354800,NEW MEXICO,35,2026,June,Thunderstorm Wind,C,13,DONA ANA,EPZ,14-JUN-26 16:30:00,MST-7,14-JUN-26 16:30:00,0,0,0,0,0.00K,0.00K,Mesonet,50.00,MG,,,,,,,,,,1.7,E,KENZIN,1.7,E,KENZIN,32.1011,-106.9911,32.1011,-106.9911,The dryline pushed west towards the Rio Grande Valley and a subtle upper level disturbance in southwest flow helped to trigger severe thunderstorms with strong winds and heavy rain. Almost 2 inches of rain was reported with some of these storms.,A Union Pacific Mesonet site 16 miles southwest of Mesilla recorded a peak gust of 58 mph.,CSV
202606,26,1300,202606,26,1309,213156,1334569,NEW MEXICO,35,2026,June,Thunderstorm Wind,C,31,MCKINLEY,ABQ,26-JUN-26 13:00:00,MST-7,26-JUN-26 13:09:00,0,0,0,0,0.00K,0.00K,ASOS,50.00,MG,,,,,,,,,,.89,NW,(GUP)GALLUP AIRPORT,.89,NW,(GUP)GALLUP AIRPORT,35.52,-108.8,35.52,-108.8,"The season's first rendition of the North American Monsoon high developed over south-central and southwestern NM with increased low-level moisture intruding beneath it. Faster westerly flow along the northern periphery of the high allowed for some convective organization and stronger afternoon thunderstorms. Relatively warm conditions and low humidity also allowed for strong downdrafts to occur yielding severe wind gusts from decaying thunderstorms mainly over western and central NM each day. Several of these dry downbursts produced blowing dust with one particular event resulting in zero visibility in Rio Rancho on the 25th. Storms through central and eastern NM were wetter in nature threatening locally heavy rainfall and flash flooding. Flash flooding was reported in Raton on the 24th, with another report of heavy rains producing a landslide from steep terrain near Jemez Springs along NM Highway 4 on the 26th. Other storms produced various severe wind gusts and hail across portions of northern and central NM each day.",The KGUP ASOS measured a 58 mph thunderstorm wind gust.,CSV
202606,26,1444,202606,26,1450,213156,1334572,NEW MEXICO,35,2026,June,Thunderstorm Wind,C,45,SAN JUAN,ABQ,26-JUN-26 14:44:00,MST-7,26-JUN-26 14:50:00,0,0,0,0,0.00K,0.00K,Public,52.00,MG,,,,,,,,,,2.35,SSW,BLOOMFIELD,2.35,SSW,BLOOMFIELD,36.69,-108,36.69,-108,"The season's first rendition of the North American Monsoon high developed over south-central and southwestern NM with increased low-level moisture intruding beneath it. Faster westerly flow along the northern periphery of the high allowed for some convective organization and stronger afternoon thunderstorms. Relatively warm conditions and low humidity also allowed for strong downdrafts to occur yielding severe wind gusts from decaying thunderstorms mainly over western and central NM each day. Several of these dry downbursts produced blowing dust with one particular event resulting in zero visibility in Rio Rancho on the 25th. Storms through central and eastern NM were wetter in nature threatening locally heavy rainfall and flash flooding. Flash flooding was reported in Raton on the 24th, with another report of heavy rains producing a landslide from steep terrain near Jemez Springs along NM Highway 4 on the 26th. Other storms produced various severe wind gusts and hail across portions of northern and central NM each day.",A public weather station measured a 60 mph thunderstorm wind gust.,CSV
202606,1,0,202606,30,2359,215583,1353781,NEW MEXICO,35,2026,June,Drought,Z,406,UPLANDS OF THE BOOTHEEL,EPZ,01-JUN-26 00:00:00,MST-7,30-JUN-26 23:59:00,0,0,0,0,0.00K,0.00K,Drought Monitor,,,,,,,,,,,,,,,,,,,,,,June had areas that received above and below normal precipitation in what is typically a dry month. There was little change to the drought conditions around Southern New Mexico with Moderate(D1) to Severe(D2) drought the most common.,Severe(D2) drought continued through June except in the far west where Moderate(D1) drought remained in place.,CSV
202606,1,0,202606,30,2359,215583,1353782,NEW MEXICO,35,2026,June,Drought,Z,407,SOUTHWEST DESERT/MIMBRES BASIN,EPZ,01-JUN-26 00:00:00,MST-7,30-JUN-26 23:59:00,0,0,0,0,0.00K,0.00K,Drought Monitor,,,,,,,,,,,,,,,,,,,,,,June had areas that received above and below normal precipitation in what is typically a dry month. There was little change to the drought conditions around Southern New Mexico with Moderate(D1) to Severe(D2) drought the most common.,Drought conditions ranged from Severe(D2) west to Abnormally Dry(D0) southeast.  The Deming Airport reported 0.17 inches of precipitation which was 0.38 inches below normal.,CSV
202606,1,0,202606,30,2359,215583,1353784,NEW MEXICO,35,2026,June,Drought,Z,408,EASTERN BLACK RANGE FOOTHILLS,EPZ,01-JUN-26 00:00:00,MST-7,30-JUN-26 23:59:00,0,0,0,0,0.00K,0.00K,Drought Monitor,,,,,,,,,,,,,,,,,,,,,,June had areas that received above and below normal precipitation in what is typically a dry month. There was little change to the drought conditions around Southern New Mexico with Moderate(D1) to Severe(D2) drought the most common.,Severe(D2) drought continued for the entire zone in June.  The Hillsboro Cooperative Observer reported 0.20 inches of precipitation which was 0.63 inches below normal.,CSV
202606,1,0,202606,30,2359,215583,1353804,NEW MEXICO,35,2026,June,Drought,Z,409,SIERRA COUNTY LAKES,EPZ,01-JUN-26 00:00:00,MST-7,30-JUN-26 23:59:00,0,0,0,0,0.00K,0.00K,Drought Monitor,,,,,,,,,,,,,,,,,,,,,,June had areas that received above and below normal precipitation in what is typically a dry month. There was little change to the drought conditions around Southern New Mexico with Moderate(D1) to Severe(D2) drought the most common.,"The month start out with Extreme(D3) drought northwest to Moderate(D1) drought southeast.  By the end of the month, the far southeast was still in Moderate(D1) drought and Severe(D2) drought elsewhere. The Truth or Consequences Airport recorded 0.31 inches of precipitation which was 0.10 inches below normal.",CSV
202606,1,0,202606,30,2359,215583,1353807,NEW MEXICO,35,2026,June,Drought,Z,414,WEST SLOPES SACRAMENTO MOUNTAINS BELOW 7500 FEET,EPZ,01-JUN-26 00:00:00,MST-7,30-JUN-26 23:59:00,0,0,0,0,0.00K,0.00K,Drought Monitor,,,,,,,,,,,,,,,,,,,,,,June had areas that received above and below normal precipitation in what is typically a dry month. There was little change to the drought conditions around Southern New Mexico with Moderate(D1) to Severe(D2) drought the most common.,Severe(D2) drought remained across the northern half of the zone with Moderate(D1) drought over the south.  The Mountain Park Cooperative Observer reported 0.89 inches of precipitation which was 0.28 inches below normal.,CSV
202606,14,1705,202606,14,1710,215713,1354801,NEW MEXICO,35,2026,June,Thunderstorm Wind,C,13,DONA ANA,EPZ,14-JUN-26 17:05:00,MST-7,14-JUN-26 17:10:00,0,0,0,0,20.00K,0.00K,County Official,56.00,EG,,,,,,,,,,2.66,NNE,LA UNION,2.66,NNE,LA UNION,31.9857,-106.653,31.9857,-106.653,The dryline pushed west towards the Rio Grande Valley and a subtle upper level disturbance in southwest flow helped to trigger severe thunderstorms with strong winds and heavy rain. Almost 2 inches of rain was reported with some of these storms.,A series of trees and power lines were downed on Little Road near La Union.,CSV
202606,14,1700,202606,14,1830,215713,1354802,NEW MEXICO,35,2026,June,Flash Flood,C,13,DONA ANA,EPZ,14-JUN-26 17:00:00,MST-7,14-JUN-26 18:30:00,0,0,0,0,0.00K,0.00K,Broadcast Media,,,Heavy Rain,,,,,,,,,2.72,W,PICACHO,2.59,WSW,PICACHO,32.3192,-106.8966,32.3007,-106.8881,The dryline pushed west towards the Rio Grande Valley and a subtle upper level disturbance in southwest flow helped to trigger severe thunderstorms with strong winds and heavy rain. Almost 2 inches of rain was reported with some of these storms.,Video showed significant arroyo flooding in Picacho Hills which impacted a horse farm.,CSV
202606,14,1700,202606,14,1900,215713,1354803,NEW MEXICO,35,2026,June,Heavy Rain,C,13,DONA ANA,EPZ,14-JUN-26 17:00:00,MST-7,14-JUN-26 19:00:00,0,0,0,0,0.00K,0.00K,Official NWS Observations,,,,,,,,,,,,.3,E,STRAUSS,.3,E,STRAUSS,31.8705,-106.695,31.8705,-106.695,The dryline pushed west towards the Rio Grande Valley and a subtle upper level disturbance in southwest flow helped to trigger severe thunderstorms with strong winds and heavy rain. Almost 2 inches of rain was reported with some of these storms.,The NWS office in Santa Teresa recorded 1.92 inches of rain.,CSV
202606,17,1631,202606,17,1631,215717,1354827,NEW MEXICO,35,2026,June,Thunderstorm Wind,C,29,LUNA,EPZ,17-JUN-26 16:31:00,MST-7,17-JUN-26 16:31:00,0,0,0,0,0.00K,0.00K,ASOS,52.00,MG,,,,,,,,,,0,N,(DMN)DEMING ARPT,0,N,(DMN)DEMING ARPT,32.25,-107.72,32.25,-107.72,An upper level trough was moving southeast through southern New Mexico with some mid level moisture available for thunderstorms to develop.  A very dry surface with dew point depressions over 65 degrees allowed for gusty thunderstorm winds to occur.  Blowing dust also developed over the Lordsburg Playa causing the interstate to be closed for a short period.,The Deming Airport recorded a peak gust of 60 mph.,CSV
202606,17,1735,202606,17,1735,215717,1354828,NEW MEXICO,35,2026,June,Thunderstorm Wind,C,17,GRANT,EPZ,17-JUN-26 17:35:00,MST-7,17-JUN-26 17:35:00,0,0,0,0,0.00K,0.00K,AWOS,53.00,MG,,,,,,,,,,0,N,(SVC)SILVER CITY ARP,0,N,(SVC)SILVER CITY ARP,32.63,-108.15,32.63,-108.15,An upper level trough was moving southeast through southern New Mexico with some mid level moisture available for thunderstorms to develop.  A very dry surface with dew point depressions over 65 degrees allowed for gusty thunderstorm winds to occur.  Blowing dust also developed over the Lordsburg Playa causing the interstate to be closed for a short period.,The Silver City AWOS recorded a peak gust of 61 mph.,CSV
202606,26,1445,202606,26,1453,213156,1334574,NEW MEXICO,35,2026,June,Hail,C,45,SAN JUAN,ABQ,26-JUN-26 14:45:00,MST-7,26-JUN-26 14:53:00,0,0,0,0,0.00K,0.00K,Trained Spotter,1.00,,,,,,,,,,,.69,S,BLOOMFIELD,.69,S,BLOOMFIELD,36.71,-107.98,36.71,-107.98,"The season's first rendition of the North American Monsoon high developed over south-central and southwestern NM with increased low-level moisture intruding beneath it. Faster westerly flow along the northern periphery of the high allowed for some convective organization and stronger afternoon thunderstorms. Relatively warm conditions and low humidity also allowed for strong downdrafts to occur yielding severe wind gusts from decaying thunderstorms mainly over western and central NM each day. Several of these dry downbursts produced blowing dust with one particular event resulting in zero visibility in Rio Rancho on the 25th. Storms through central and eastern NM were wetter in nature threatening locally heavy rainfall and flash flooding. Flash flooding was reported in Raton on the 24th, with another report of heavy rains producing a landslide from steep terrain near Jemez Springs along NM Highway 4 on the 26th. Other storms produced various severe wind gusts and hail across portions of northern and central NM each day.",,CSV
202606,26,1449,202606,26,1455,213156,1334575,NEW MEXICO,35,2026,June,Thunderstorm Wind,C,45,SAN JUAN,ABQ,26-JUN-26 14:49:00,MST-7,26-JUN-26 14:55:00,0,0,0,0,0.00K,0.00K,Public,56.00,MG,,,,,,,,,,.89,SE,AZTEC,.89,SE,AZTEC,36.82,-107.99,36.82,-107.99,"The season's first rendition of the North American Monsoon high developed over south-central and southwestern NM with increased low-level moisture intruding beneath it. Faster westerly flow along the northern periphery of the high allowed for some convective organization and stronger afternoon thunderstorms. Relatively warm conditions and low humidity also allowed for strong downdrafts to occur yielding severe wind gusts from decaying thunderstorms mainly over western and central NM each day. Several of these dry downbursts produced blowing dust with one particular event resulting in zero visibility in Rio Rancho on the 25th. Storms through central and eastern NM were wetter in nature threatening locally heavy rainfall and flash flooding. Flash flooding was reported in Raton on the 24th, with another report of heavy rains producing a landslide from steep terrain near Jemez Springs along NM Highway 4 on the 26th. Other storms produced various severe wind gusts and hail across portions of northern and central NM each day.",A public weather station measured a 64 mph thunderstorm wind gust.,CSV
202606,17,1825,202606,17,1840,215717,1354829,NEW MEXICO,35,2026,June,Thunderstorm Wind,C,23,HIDALGO,EPZ,17-JUN-26 18:25:00,MST-7,17-JUN-26 18:40:00,0,0,0,0,0.00K,0.00K,Mesonet,51.00,MG,,,,,,,,,,1.94,W,MONDEL,1.94,W,MONDEL,32.2547,-108.9328,32.2547,-108.9328,An upper level trough was moving southeast through southern New Mexico with some mid level moisture available for thunderstorms to develop.  A very dry surface with dew point depressions over 65 degrees allowed for gusty thunderstorm winds to occur.  Blowing dust also developed over the Lordsburg Playa causing the interstate to be closed for a short period.,An NMDOT Mesonet site at mile marker 7 recorded a peak gust of 59 mph.,CSV
202606,17,1810,202606,17,1830,215717,1354831,NEW MEXICO,35,2026,June,Dust Storm,Z,404,SOUTHWEST DESERT/LOWER GILA RIVER VALLEY,EPZ,17-JUN-26 18:10:00,MST-7,17-JUN-26 18:30:00,0,0,0,0,0.00K,0.00K,Mesonet,,,,,,,,,,,,,,,,,,,,,,An upper level trough was moving southeast through southern New Mexico with some mid level moisture available for thunderstorms to develop.  A very dry surface with dew point depressions over 65 degrees allowed for gusty thunderstorm winds to occur.  Blowing dust also developed over the Lordsburg Playa causing the interstate to be closed for a short period.,An NMDOT Mesonet site at mile marker 7 on Interstate 10 recorded a minimum visibility of 0.10 miles and caused the interstate to be closed for approximately 20 minutes.,CSV
202606,9,1251,202606,15,1400,212933,1332393,NEW MEXICO,35,2026,June,Wildfire,Z,208,SOUTHWEST MOUNTAINS,ABQ,09-JUN-26 12:51:00,MST-7,15-JUN-26 14:00:00,0,0,0,0,0.00K,0.00K,Park/Forest Service,,,,,,,,,,,,,,,,,,,,,,The lightning caused Bear Wildfire grew under critical fire weather conditions June 9th through the 15th. The fire was located east of Mangus Mountain in the Quemado Ranger District of the Gila National Forest. No damage or loss of property was reported with this wildfire.,"The lightning caused Bear Wildfire grew under critical fire weather conditions June 9th through the 15th. The fire was located east of Mangus Mountain in the Quemado Ranger District of the Gila National Forest, burning a total of 7,769 acres. No damage or loss of property was reported with this wildfire.",CSV
202606,24,1250,202606,24,1300,213156,1334423,NEW MEXICO,35,2026,June,Hail,C,27,LINCOLN,ABQ,24-JUN-26 12:50:00,MST-7,24-JUN-26 13:00:00,0,0,0,0,0.00K,0.00K,CoCoRaHS,0.88,,,,,,,,,,,5.76,NE,CAPITAN,5.76,NE,CAPITAN,33.59,-105.51,33.59,-105.51,"The season's first rendition of the North American Monsoon high developed over south-central and southwestern NM with increased low-level moisture intruding beneath it. Faster westerly flow along the northern periphery of the high allowed for some convective organization and stronger afternoon thunderstorms. Relatively warm conditions and low humidity also allowed for strong downdrafts to occur yielding severe wind gusts from decaying thunderstorms mainly over western and central NM each day. Several of these dry downbursts produced blowing dust with one particular event resulting in zero visibility in Rio Rancho on the 25th. Storms through central and eastern NM were wetter in nature threatening locally heavy rainfall and flash flooding. Flash flooding was reported in Raton on the 24th, with another report of heavy rains producing a landslide from steep terrain near Jemez Springs along NM Highway 4 on the 26th. Other storms produced various severe wind gusts and hail across portions of northern and central NM each day.",,CSV
202606,26,1515,202606,26,1518,213156,1334577,NEW MEXICO,35,2026,June,Hail,C,43,SANDOVAL,ABQ,26-JUN-26 15:15:00,MST-7,26-JUN-26 15:18:00,0,0,0,0,0.00K,0.00K,Public,0.75,,,,,,,,,,,11.8,N,JEMEZ SPGS,11.8,N,JEMEZ SPGS,35.94,-106.71,35.94,-106.71,"The season's first rendition of the North American Monsoon high developed over south-central and southwestern NM with increased low-level moisture intruding beneath it. Faster westerly flow along the northern periphery of the high allowed for some convective organization and stronger afternoon thunderstorms. Relatively warm conditions and low humidity also allowed for strong downdrafts to occur yielding severe wind gusts from decaying thunderstorms mainly over western and central NM each day. Several of these dry downbursts produced blowing dust with one particular event resulting in zero visibility in Rio Rancho on the 25th. Storms through central and eastern NM were wetter in nature threatening locally heavy rainfall and flash flooding. Flash flooding was reported in Raton on the 24th, with another report of heavy rains producing a landslide from steep terrain near Jemez Springs along NM Highway 4 on the 26th. Other storms produced various severe wind gusts and hail across portions of northern and central NM each day.",,CSV
202606,26,1903,202606,26,1913,213156,1334579,NEW MEXICO,35,2026,June,Thunderstorm Wind,C,9,CURRY,ABQ,26-JUN-26 19:03:00,MST-7,26-JUN-26 19:13:00,0,0,0,0,0.00K,0.00K,Trained Spotter,56.00,EG,,,,,,,,,,2.93,WNW,RANCHVALE,2.93,WNW,RANCHVALE,34.51,-103.37,34.51,-103.37,"The season's first rendition of the North American Monsoon high developed over south-central and southwestern NM with increased low-level moisture intruding beneath it. Faster westerly flow along the northern periphery of the high allowed for some convective organization and stronger afternoon thunderstorms. Relatively warm conditions and low humidity also allowed for strong downdrafts to occur yielding severe wind gusts from decaying thunderstorms mainly over western and central NM each day. Several of these dry downbursts produced blowing dust with one particular event resulting in zero visibility in Rio Rancho on the 25th. Storms through central and eastern NM were wetter in nature threatening locally heavy rainfall and flash flooding. Flash flooding was reported in Raton on the 24th, with another report of heavy rains producing a landslide from steep terrain near Jemez Springs along NM Highway 4 on the 26th. Other storms produced various severe wind gusts and hail across portions of northern and central NM each day.",A trained spotter estimated a 65 mph thunderstorm wind gust.,CSV
202604,26,1407,202604,26,1408,211502,1321376,NEW MEXICO,35,2026,April,High Wind,Z,219,MIDDLE RIO GRANDE VALLEY/ALBUQUERQUE METRO AREA,ABQ,26-APR-26 14:07:00,MST-7,26-APR-26 14:08:00,0,0,0,0,,,ASOS,62.00,MG,,,,,,,,,,,,,,,,,,,,A strong mid and upper level jet at the base of a disturbance over the western U.S. moved over New Mexico during the day April 26th. Deep daytime mixing tapped into these stronger winds aloft by mid morning resulting in strong to high wind gusts across much of central and eastern New Mexico. Very dry antecedent conditions resulted in areas of blowing dust and reduced visibility across central and southern NM. Some showers were observed across northwest and north central New Mexico with one of these showers resulting in a brief 59 mph wind gust at Gallup Municipal Airport. Winds tapered off during the late evening and overnight hours as stronger winds aloft slowly exited east of the state.,The ASOS at the Albuquerque Internation Sunport measured a brief high wind gust of 62 mph.,CSV
202604,26,1250,202604,26,1616,211502,1321380,NEW MEXICO,35,2026,April,High Wind,Z,220,LOWER RIO GRANDE VALLEY,ABQ,26-APR-26 12:50:00,MST-7,26-APR-26 16:16:00,0,0,0,0,,,Mesonet,52.00,MG,,,,,,,,,,,,,,,,,,,,A strong mid and upper level jet at the base of a disturbance over the western U.S. moved over New Mexico during the day April 26th. Deep daytime mixing tapped into these stronger winds aloft by mid morning resulting in strong to high wind gusts across much of central and eastern New Mexico. Very dry antecedent conditions resulted in areas of blowing dust and reduced visibility across central and southern NM. Some showers were observed across northwest and north central New Mexico with one of these showers resulting in a brief 59 mph wind gust at Gallup Municipal Airport. Winds tapered off during the late evening and overnight hours as stronger winds aloft slowly exited east of the state.,"A mesonet station at Zumwalt Track on White Sands Missile Range measured a brief high wind gust of 60 mph. Additionally, mesonet stations at Stallion Runway and Sulf on White Sands Missile Range measured a brief high wind gust of 58 mph.",CSV
202604,26,1235,202604,26,1236,211502,1321386,NEW MEXICO,35,2026,April,High Wind,Z,222,ESTANCIA VALLEY,ABQ,26-APR-26 12:35:00,MST-7,26-APR-26 12:36:00,0,0,0,0,,,AWOS,50.00,MG,,,,,,,,,,,,,,,,,,,,A strong mid and upper level jet at the base of a disturbance over the western U.S. moved over New Mexico during the day April 26th. Deep daytime mixing tapped into these stronger winds aloft by mid morning resulting in strong to high wind gusts across much of central and eastern New Mexico. Very dry antecedent conditions resulted in areas of blowing dust and reduced visibility across central and southern NM. Some showers were observed across northwest and north central New Mexico with one of these showers resulting in a brief 59 mph wind gust at Gallup Municipal Airport. Winds tapered off during the late evening and overnight hours as stronger winds aloft slowly exited east of the state.,The AWOS at Moriarty Municipal Airport measured a brief high wind gust of 58 mph.,CSV
202604,26,1320,202604,26,1321,211502,1321461,NEW MEXICO,35,2026,April,High Wind,Z,234,QUAY COUNTY,ABQ,26-APR-26 13:20:00,MST-7,26-APR-26 13:21:00,0,0,0,0,,,ASOS,54.00,MG,,,,,,,,,,,,,,,,,,,,A strong mid and upper level jet at the base of a disturbance over the western U.S. moved over New Mexico during the day April 26th. Deep daytime mixing tapped into these stronger winds aloft by mid morning resulting in strong to high wind gusts across much of central and eastern New Mexico. Very dry antecedent conditions resulted in areas of blowing dust and reduced visibility across central and southern NM. Some showers were observed across northwest and north central New Mexico with one of these showers resulting in a brief 59 mph wind gust at Gallup Municipal Airport. Winds tapered off during the late evening and overnight hours as stronger winds aloft slowly exited east of the state.,The ASOS at Tucumcari Regional Airport measured a brief high wind gust of 62 mph.,CSV
202604,26,1254,202604,26,1255,211502,1321462,NEW MEXICO,35,2026,April,High Wind,Z,235,CURRY COUNTY,ABQ,26-APR-26 12:54:00,MST-7,26-APR-26 12:55:00,0,0,0,0,,,AWOS,50.00,MG,,,,,,,,,,,,,,,,,,,,A strong mid and upper level jet at the base of a disturbance over the western U.S. moved over New Mexico during the day April 26th. Deep daytime mixing tapped into these stronger winds aloft by mid morning resulting in strong to high wind gusts across much of central and eastern New Mexico. Very dry antecedent conditions resulted in areas of blowing dust and reduced visibility across central and southern NM. Some showers were observed across northwest and north central New Mexico with one of these showers resulting in a brief 59 mph wind gust at Gallup Municipal Airport. Winds tapered off during the late evening and overnight hours as stronger winds aloft slowly exited east of the state.,The AWOS at Cannon Air Force Base measured a brief high wind gust of 58 mph.,CSV
202604,26,1417,202604,26,1438,211502,1321463,NEW MEXICO,35,2026,April,High Wind,Z,236,ROOSEVELT COUNTY,ABQ,26-APR-26 14:17:00,MST-7,26-APR-26 14:38:00,0,0,0,0,,,Mesonet,56.00,MG,,,,,,,,,,,,,,,,,,,,A strong mid and upper level jet at the base of a disturbance over the western U.S. moved over New Mexico during the day April 26th. Deep daytime mixing tapped into these stronger winds aloft by mid morning resulting in strong to high wind gusts across much of central and eastern New Mexico. Very dry antecedent conditions resulted in areas of blowing dust and reduced visibility across central and southern NM. Some showers were observed across northwest and north central New Mexico with one of these showers resulting in a brief 59 mph wind gust at Gallup Municipal Airport. Winds tapered off during the late evening and overnight hours as stronger winds aloft slowly exited east of the state.,The West Texas Mesonet station near Dora measured high wind gusts up to 64 mph.,CSV
202606,24,1345,202606,24,1355,213156,1334424,NEW MEXICO,35,2026,June,Hail,C,33,MORA,ABQ,24-JUN-26 13:45:00,MST-7,24-JUN-26 13:55:00,0,0,0,0,0.00K,0.00K,Public,0.88,,,,,,,,,,,2.07,S,OCATE,2.07,S,OCATE,36.15,-105.05,36.15,-105.05,"The season's first rendition of the North American Monsoon high developed over south-central and southwestern NM with increased low-level moisture intruding beneath it. Faster westerly flow along the northern periphery of the high allowed for some convective organization and stronger afternoon thunderstorms. Relatively warm conditions and low humidity also allowed for strong downdrafts to occur yielding severe wind gusts from decaying thunderstorms mainly over western and central NM each day. Several of these dry downbursts produced blowing dust with one particular event resulting in zero visibility in Rio Rancho on the 25th. Storms through central and eastern NM were wetter in nature threatening locally heavy rainfall and flash flooding. Flash flooding was reported in Raton on the 24th, with another report of heavy rains producing a landslide from steep terrain near Jemez Springs along NM Highway 4 on the 26th. Other storms produced various severe wind gusts and hail across portions of northern and central NM each day.",,CSV
202606,24,1935,202606,24,1944,213156,1334425,NEW MEXICO,35,2026,June,Thunderstorm Wind,C,37,QUAY,ABQ,24-JUN-26 19:35:00,MST-7,24-JUN-26 19:44:00,0,0,0,0,0.00K,0.00K,ASOS,53.00,MG,,,,,,,,,,0,N,(TCC)TUCUMCARI ARPT,0,N,(TCC)TUCUMCARI ARPT,35.18,-103.6,35.18,-103.6,"The season's first rendition of the North American Monsoon high developed over south-central and southwestern NM with increased low-level moisture intruding beneath it. Faster westerly flow along the northern periphery of the high allowed for some convective organization and stronger afternoon thunderstorms. Relatively warm conditions and low humidity also allowed for strong downdrafts to occur yielding severe wind gusts from decaying thunderstorms mainly over western and central NM each day. Several of these dry downbursts produced blowing dust with one particular event resulting in zero visibility in Rio Rancho on the 25th. Storms through central and eastern NM were wetter in nature threatening locally heavy rainfall and flash flooding. Flash flooding was reported in Raton on the 24th, with another report of heavy rains producing a landslide from steep terrain near Jemez Springs along NM Highway 4 on the 26th. Other storms produced various severe wind gusts and hail across portions of northern and central NM each day.",The ASOS station at KTCC Tucumcari Municipal Airport measured a thunderstorm wind gust of 61 mph.,CSV
202606,26,1930,202606,26,1942,213156,1334671,NEW MEXICO,35,2026,June,Thunderstorm Wind,C,41,ROOSEVELT,ABQ,26-JUN-26 19:30:00,MST-7,26-JUN-26 19:42:00,0,0,0,0,0.00K,0.00K,Utility Company,65.00,MG,,,,,,,,,,1.25,SSE,PORTALES,1.25,SSE,PORTALES,34.1643,-103.319,34.1643,-103.319,"The season's first rendition of the North American Monsoon high developed over south-central and southwestern NM with increased low-level moisture intruding beneath it. Faster westerly flow along the northern periphery of the high allowed for some convective organization and stronger afternoon thunderstorms. Relatively warm conditions and low humidity also allowed for strong downdrafts to occur yielding severe wind gusts from decaying thunderstorms mainly over western and central NM each day. Several of these dry downbursts produced blowing dust with one particular event resulting in zero visibility in Rio Rancho on the 25th. Storms through central and eastern NM were wetter in nature threatening locally heavy rainfall and flash flooding. Flash flooding was reported in Raton on the 24th, with another report of heavy rains producing a landslide from steep terrain near Jemez Springs along NM Highway 4 on the 26th. Other storms produced various severe wind gusts and hail across portions of northern and central NM each day.",An Excel Energy weather station measured a 75 mph thunderstorm wind gust.,CSV
202606,27,1249,202606,27,1628,213214,1334981,NEW MEXICO,35,2026,June,High Wind,Z,205,WEST CENTRAL PLATEAU,ABQ,27-JUN-26 12:49:00,MST-7,27-JUN-26 16:28:00,0,0,0,0,0.00K,0.00K,ASOS,56.00,MG,,,,,,,,,,,,,,,,,,,,"Strong southwesterly winds flowed over New Mexico ahead of an upper level trough developing over the western CONUS June 27th through 29th. While there were associated critical fire weather conditions, there were also a few instances of high wind gusts mixing down to the surface at Gallup and Clines Corners, NM.",The Gallup Airport ASOS measured repeated wind gusts between 58 and 64 mph at sporadic times each hour.,CSV
202606,28,1315,202606,28,1353,213214,1334982,NEW MEXICO,35,2026,June,High Wind,Z,205,WEST CENTRAL PLATEAU,ABQ,28-JUN-26 13:15:00,MST-7,28-JUN-26 13:53:00,0,0,0,0,0.00K,0.00K,ASOS,54.00,MG,,,,,,,,,,,,,,,,,,,,"Strong southwesterly winds flowed over New Mexico ahead of an upper level trough developing over the western CONUS June 27th through 29th. While there were associated critical fire weather conditions, there were also a few instances of high wind gusts mixing down to the surface at Gallup and Clines Corners, NM.",The Gallup Airport ASOS measured repeated wind gusts between 58 and 62 mph.,CSV
202606,29,944,202606,29,945,213214,1334983,NEW MEXICO,35,2026,June,High Wind,Z,223,CENTRAL HIGHLANDS,ABQ,29-JUN-26 09:44:00,MST-7,29-JUN-26 09:45:00,0,0,0,0,0.00K,0.00K,ASOS,52.00,MG,,,,,,,,,,,,,,,,,,,,"Strong southwesterly winds flowed over New Mexico ahead of an upper level trough developing over the western CONUS June 27th through 29th. While there were associated critical fire weather conditions, there were also a few instances of high wind gusts mixing down to the surface at Gallup and Clines Corners, NM.",The Clines Corners ASOS measured a stray high wind gust of 60 mph.,CSV
202604,22,1400,202604,24,800,211499,1321766,NEW MEXICO,35,2026,April,Wildfire,Z,215,EAST SLOPES SANGRE DE CRISTO MOUNTAINS,ABQ,22-APR-26 14:00:00,MST-7,24-APR-26 08:00:00,0,0,0,0,0.00K,0.00K,Fire Department/Rescue,,,,,,,,,,,,,,,,,,,,,,"An upper level disturbance moved across the northern and central Rockies during the day on April 23rd resulting in some strong wind gusts across the Sangre de Cristo Mountains before sunrise before spreading east to the adjacent highlands across northeast and east central NM mid to late morning as daytime mixing commenced. This resulted in a period of high winds at Clines Corners during the late morning hours. These strong winds helped the Tusas Wildfire near Sapello, NM, that started April 22nd, grow to 233 acres.","The Tusas Wildfire began along NM Highway 266 between mile markers 3 and 4 west of Sapello, NM. The fire grew northeastward into surrounding hills located in an area surrounded by but not included within the 2022 Hermit's Peak/Calf Canyon burn scar. The fire grew in a critical fire weather environment April 23rd before coming under control April 24th, burning a total of 233 acres. No structures were reported destroyed or damaged.",CSV
202606,24,1515,202606,24,1521,213156,1334426,NEW MEXICO,35,2026,June,Thunderstorm Wind,C,49,SANTA FE,ABQ,24-JUN-26 15:15:00,MST-7,24-JUN-26 15:21:00,0,0,0,0,0.00K,0.00K,ASOS,54.00,MG,,,,,,,,,,0,N,(SAF)SANTA FE MUNI AIRPORT,0,N,(SAF)SANTA FE MUNI AIRPORT,35.62,-106.08,35.62,-106.08,"The season's first rendition of the North American Monsoon high developed over south-central and southwestern NM with increased low-level moisture intruding beneath it. Faster westerly flow along the northern periphery of the high allowed for some convective organization and stronger afternoon thunderstorms. Relatively warm conditions and low humidity also allowed for strong downdrafts to occur yielding severe wind gusts from decaying thunderstorms mainly over western and central NM each day. Several of these dry downbursts produced blowing dust with one particular event resulting in zero visibility in Rio Rancho on the 25th. Storms through central and eastern NM were wetter in nature threatening locally heavy rainfall and flash flooding. Flash flooding was reported in Raton on the 24th, with another report of heavy rains producing a landslide from steep terrain near Jemez Springs along NM Highway 4 on the 26th. Other storms produced various severe wind gusts and hail across portions of northern and central NM each day.",A decaying thunderstorm produced a wind gust of 62 mph at the Santa Fe Airport.,CSV
202606,25,1303,202606,25,1310,213156,1334428,NEW MEXICO,35,2026,June,Thunderstorm Wind,C,49,SANTA FE,ABQ,25-JUN-26 13:03:00,MST-7,25-JUN-26 13:10:00,0,0,0,0,0.00K,0.00K,ASOS,52.00,MG,,,,,,,,,,1.12,W,(SAF)SANTA FE MUNI AIRPORT,1.12,W,(SAF)SANTA FE MUNI AIRPORT,35.62,-106.1,35.62,-106.1,"The season's first rendition of the North American Monsoon high developed over south-central and southwestern NM with increased low-level moisture intruding beneath it. Faster westerly flow along the northern periphery of the high allowed for some convective organization and stronger afternoon thunderstorms. Relatively warm conditions and low humidity also allowed for strong downdrafts to occur yielding severe wind gusts from decaying thunderstorms mainly over western and central NM each day. Several of these dry downbursts produced blowing dust with one particular event resulting in zero visibility in Rio Rancho on the 25th. Storms through central and eastern NM were wetter in nature threatening locally heavy rainfall and flash flooding. Flash flooding was reported in Raton on the 24th, with another report of heavy rains producing a landslide from steep terrain near Jemez Springs along NM Highway 4 on the 26th. Other storms produced various severe wind gusts and hail across portions of northern and central NM each day.",,CSV
202606,1,0,202606,30,2359,213451,1336998,NEW MEXICO,35,2026,June,Drought,Z,202,CHUSKA MOUNTAINS,ABQ,01-JUN-26 00:00:00,MST-7,30-JUN-26 23:59:00,0,0,0,0,0.00K,0.00K,Drought Monitor,,,,,,,,,,,,,,,,,,,,,,"The month of June saw overall above normal temperatures and a mixed bag of precipitation with some areas seeing above normal precipitation and others below normal precipitation. This is very reflective of the early summer thunderstorm activity that saw daily rounds of thunderstorms pass over some areas repeatedly, while missing other areas entirely. As a result, most of New Mexico saw no change in drought conditions while around a quarter to a third of the state saw either a 1 class degradation or improvement in drought conditions.",Extreme drought persisted across nearly all of the zone.,CSV
202606,1,0,202606,30,2359,213451,1336999,NEW MEXICO,35,2026,June,Drought,Z,204,NORTHWEST HIGHLANDS,ABQ,01-JUN-26 00:00:00,MST-7,30-JUN-26 23:59:00,0,0,0,0,0.00K,0.00K,Drought Monitor,,,,,,,,,,,,,,,,,,,,,,"The month of June saw overall above normal temperatures and a mixed bag of precipitation with some areas seeing above normal precipitation and others below normal precipitation. This is very reflective of the early summer thunderstorm activity that saw daily rounds of thunderstorms pass over some areas repeatedly, while missing other areas entirely. As a result, most of New Mexico saw no change in drought conditions while around a quarter to a third of the state saw either a 1 class degradation or improvement in drought conditions.",Extreme drought expanded to all of the zone.,CSV
202606,1,0,202606,30,2359,213451,1337000,NEW MEXICO,35,2026,June,Drought,Z,203,FAR NORTHWEST HIGHLANDS,ABQ,01-JUN-26 00:00:00,MST-7,30-JUN-26 23:59:00,0,0,0,0,0.00K,0.00K,Drought Monitor,,,,,,,,,,,,,,,,,,,,,,"The month of June saw overall above normal temperatures and a mixed bag of precipitation with some areas seeing above normal precipitation and others below normal precipitation. This is very reflective of the early summer thunderstorm activity that saw daily rounds of thunderstorms pass over some areas repeatedly, while missing other areas entirely. As a result, most of New Mexico saw no change in drought conditions while around a quarter to a third of the state saw either a 1 class degradation or improvement in drought conditions.",Extreme drought expanded to all of the zone.,CSV
202606,1,0,202606,30,2359,213451,1337001,NEW MEXICO,35,2026,June,Drought,Z,205,WEST CENTRAL PLATEAU,ABQ,01-JUN-26 00:00:00,MST-7,30-JUN-26 23:59:00,0,0,0,0,0.00K,0.00K,Drought Monitor,,,,,,,,,,,,,,,,,,,,,,"The month of June saw overall above normal temperatures and a mixed bag of precipitation with some areas seeing above normal precipitation and others below normal precipitation. This is very reflective of the early summer thunderstorm activity that saw daily rounds of thunderstorms pass over some areas repeatedly, while missing other areas entirely. As a result, most of New Mexico saw no change in drought conditions while around a quarter to a third of the state saw either a 1 class degradation or improvement in drought conditions.",Extreme drought expanded to nearly all of the zone.,CSV
202606,25,1315,202606,25,1325,213156,1334430,NEW MEXICO,35,2026,June,Flash Flood,C,49,SANTA FE,ABQ,25-JUN-26 13:15:00,MST-7,25-JUN-26 13:25:00,0,0,0,0,0.00K,0.00K,Broadcast Media,,,Heavy Rain,,,,,,,,,3.53,NW,CUNDIYO,3.46,NW,CUNDIYO,36.0019,-105.9363,35.9981,-105.9402,"The season's first rendition of the North American Monsoon high developed over south-central and southwestern NM with increased low-level moisture intruding beneath it. Faster westerly flow along the northern periphery of the high allowed for some convective organization and stronger afternoon thunderstorms. Relatively warm conditions and low humidity also allowed for strong downdrafts to occur yielding severe wind gusts from decaying thunderstorms mainly over western and central NM each day. Several of these dry downbursts produced blowing dust with one particular event resulting in zero visibility in Rio Rancho on the 25th. Storms through central and eastern NM were wetter in nature threatening locally heavy rainfall and flash flooding. Flash flooding was reported in Raton on the 24th, with another report of heavy rains producing a landslide from steep terrain near Jemez Springs along NM Highway 4 on the 26th. Other storms produced various severe wind gusts and hail across portions of northern and central NM each day.","A viewer submitted video to KRQE showed flash flooding down Ca��ada Ancha road where the road merges with and is in the Arroyo de la Ca��ada Ancha for a stretch of several blocks, flowing into the Santa Cruz River in Chimayo, but just south of the county line in Santa Fe County.",CSV
202606,25,1410,202606,25,1414,213156,1334433,NEW MEXICO,35,2026,June,Thunderstorm Wind,C,47,SAN MIGUEL,ABQ,25-JUN-26 14:10:00,MST-7,25-JUN-26 14:14:00,0,0,0,0,0.00K,0.00K,ASOS,54.00,MG,,,,,,,,,,.89,SE,(LVS)LAS VEGAS AIRPORT,.89,SE,(LVS)LAS VEGAS AIRPORT,35.65,-105.13,35.65,-105.13,"The season's first rendition of the North American Monsoon high developed over south-central and southwestern NM with increased low-level moisture intruding beneath it. Faster westerly flow along the northern periphery of the high allowed for some convective organization and stronger afternoon thunderstorms. Relatively warm conditions and low humidity also allowed for strong downdrafts to occur yielding severe wind gusts from decaying thunderstorms mainly over western and central NM each day. Several of these dry downbursts produced blowing dust with one particular event resulting in zero visibility in Rio Rancho on the 25th. Storms through central and eastern NM were wetter in nature threatening locally heavy rainfall and flash flooding. Flash flooding was reported in Raton on the 24th, with another report of heavy rains producing a landslide from steep terrain near Jemez Springs along NM Highway 4 on the 26th. Other storms produced various severe wind gusts and hail across portions of northern and central NM each day.",,CSV
202606,1,0,202606,30,2359,213451,1337008,NEW MEXICO,35,2026,June,Drought,Z,208,SOUTHWEST MOUNTAINS,ABQ,01-JUN-26 00:00:00,MST-7,30-JUN-26 23:59:00,0,0,0,0,0.00K,0.00K,Drought Monitor,,,,,,,,,,,,,,,,,,,,,,"The month of June saw overall above normal temperatures and a mixed bag of precipitation with some areas seeing above normal precipitation and others below normal precipitation. This is very reflective of the early summer thunderstorm activity that saw daily rounds of thunderstorms pass over some areas repeatedly, while missing other areas entirely. As a result, most of New Mexico saw no change in drought conditions while around a quarter to a third of the state saw either a 1 class degradation or improvement in drought conditions.",Extreme drought remained persistent over the northwest and north central portion of the zone.,CSV
202606,1,0,202606,30,2359,213451,1337025,NEW MEXICO,35,2026,June,Drought,Z,211,JEMEZ MOUNTAINS,ABQ,01-JUN-26 00:00:00,MST-7,30-JUN-26 23:59:00,0,0,0,0,0.00K,0.00K,Drought Monitor,,,,,,,,,,,,,,,,,,,,,,"The month of June saw overall above normal temperatures and a mixed bag of precipitation with some areas seeing above normal precipitation and others below normal precipitation. This is very reflective of the early summer thunderstorm activity that saw daily rounds of thunderstorms pass over some areas repeatedly, while missing other areas entirely. As a result, most of New Mexico saw no change in drought conditions while around a quarter to a third of the state saw either a 1 class degradation or improvement in drought conditions.",Extreme drought was introduced to portions of the western and southern Jemez Mountains.,CSV
202606,1,0,202606,30,2359,213451,1337026,NEW MEXICO,35,2026,June,Drought,Z,213,NORTHERN SANGRE DE CRISTO MOUNTAINS,ABQ,01-JUN-26 00:00:00,MST-7,30-JUN-26 23:59:00,0,0,0,0,0.00K,0.00K,Drought Monitor,,,,,,,,,,,,,,,,,,,,,,"The month of June saw overall above normal temperatures and a mixed bag of precipitation with some areas seeing above normal precipitation and others below normal precipitation. This is very reflective of the early summer thunderstorm activity that saw daily rounds of thunderstorms pass over some areas repeatedly, while missing other areas entirely. As a result, most of New Mexico saw no change in drought conditions while around a quarter to a third of the state saw either a 1 class degradation or improvement in drought conditions.",Extreme drought persisted over the entire zone.,CSV
202606,1,0,202606,30,2359,213451,1337027,NEW MEXICO,35,2026,June,Drought,Z,214,SOUTHERN SANGRE DE CRISTO MOUNTAINS,ABQ,01-JUN-26 00:00:00,MST-7,30-JUN-26 23:59:00,0,0,0,0,0.00K,0.00K,Drought Monitor,,,,,,,,,,,,,,,,,,,,,,"The month of June saw overall above normal temperatures and a mixed bag of precipitation with some areas seeing above normal precipitation and others below normal precipitation. This is very reflective of the early summer thunderstorm activity that saw daily rounds of thunderstorms pass over some areas repeatedly, while missing other areas entirely. As a result, most of New Mexico saw no change in drought conditions while around a quarter to a third of the state saw either a 1 class degradation or improvement in drought conditions.",Extreme drought expanded to a majority of the zone.,CSV
202606,25,1434,202606,25,1441,213156,1334434,NEW MEXICO,35,2026,June,Tornado,C,61,VALENCIA,ABQ,25-JUN-26 14:34:00,MST-7,25-JUN-26 14:41:00,0,0,0,0,300.00K,0.00K,NWS Employee,,,,,EF0,1.2,60,,,,,1.8,W,LOS LUNAS,.9,NW,LOS LUNAS,34.8088,-106.7717,34.8173,-106.7532,"The season's first rendition of the North American Monsoon high developed over south-central and southwestern NM with increased low-level moisture intruding beneath it. Faster westerly flow along the northern periphery of the high allowed for some convective organization and stronger afternoon thunderstorms. Relatively warm conditions and low humidity also allowed for strong downdrafts to occur yielding severe wind gusts from decaying thunderstorms mainly over western and central NM each day. Several of these dry downbursts produced blowing dust with one particular event resulting in zero visibility in Rio Rancho on the 25th. Storms through central and eastern NM were wetter in nature threatening locally heavy rainfall and flash flooding. Flash flooding was reported in Raton on the 24th, with another report of heavy rains producing a landslide from steep terrain near Jemez Springs along NM Highway 4 on the 26th. Other storms produced various severe wind gusts and hail across portions of northern and central NM each day.","A NWS Employee captured video of a landspout tornado beginning in an open field southwest of I-25 and NM Highway 6, moving ENE and crossing the intersection turning to the NE moving through multiple businesses. Damage to metal awnings, vehicles, and covered parking was surveyed at the public health building. Batting cage netting was lifted into tall light poles at the baseball field southeast of Los Lunas High School where the landspout ended. Damage is an estimate.",CSV
202606,25,1519,202606,25,1525,213156,1334435,NEW MEXICO,35,2026,June,Thunderstorm Wind,C,1,BERNALILLO,ABQ,25-JUN-26 15:19:00,MST-7,25-JUN-26 15:25:00,0,0,0,0,0.00K,0.00K,Public,51.00,MG,,,,,,,,,,7.62,S,CARNUEL,7.62,S,CARNUEL,34.95,-106.47,34.95,-106.47,"The season's first rendition of the North American Monsoon high developed over south-central and southwestern NM with increased low-level moisture intruding beneath it. Faster westerly flow along the northern periphery of the high allowed for some convective organization and stronger afternoon thunderstorms. Relatively warm conditions and low humidity also allowed for strong downdrafts to occur yielding severe wind gusts from decaying thunderstorms mainly over western and central NM each day. Several of these dry downbursts produced blowing dust with one particular event resulting in zero visibility in Rio Rancho on the 25th. Storms through central and eastern NM were wetter in nature threatening locally heavy rainfall and flash flooding. Flash flooding was reported in Raton on the 24th, with another report of heavy rains producing a landslide from steep terrain near Jemez Springs along NM Highway 4 on the 26th. Other storms produced various severe wind gusts and hail across portions of northern and central NM each day.",A public weather station measured a 59 mph thunderstorm wind gust.,CSV
202606,1,0,202606,30,2359,213451,1337028,NEW MEXICO,35,2026,June,Drought,Z,215,EAST SLOPES SANGRE DE CRISTO MOUNTAINS,ABQ,01-JUN-26 00:00:00,MST-7,30-JUN-26 23:59:00,0,0,0,0,0.00K,0.00K,Drought Monitor,,,,,,,,,,,,,,,,,,,,,,"The month of June saw overall above normal temperatures and a mixed bag of precipitation with some areas seeing above normal precipitation and others below normal precipitation. This is very reflective of the early summer thunderstorm activity that saw daily rounds of thunderstorms pass over some areas repeatedly, while missing other areas entirely. As a result, most of New Mexico saw no change in drought conditions while around a quarter to a third of the state saw either a 1 class degradation or improvement in drought conditions.",Extreme drought expanded to nearly all of the zone.,CSV
202606,1,0,202606,30,2359,213451,1337030,NEW MEXICO,35,2026,June,Drought,Z,216,UPPER RIO GRANDE VALLEY,ABQ,01-JUN-26 00:00:00,MST-7,30-JUN-26 23:59:00,0,0,0,0,0.00K,0.00K,Drought Monitor,,,,,,,,,,,,,,,,,,,,,,"The month of June saw overall above normal temperatures and a mixed bag of precipitation with some areas seeing above normal precipitation and others below normal precipitation. This is very reflective of the early summer thunderstorm activity that saw daily rounds of thunderstorms pass over some areas repeatedly, while missing other areas entirely. As a result, most of New Mexico saw no change in drought conditions while around a quarter to a third of the state saw either a 1 class degradation or improvement in drought conditions.",Extreme drought expanded to nearly all of the zone.,CSV
202606,1,0,202606,30,2359,213451,1337044,NEW MEXICO,35,2026,June,Drought,Z,219,MIDDLE RIO GRANDE VALLEY/ALBUQUERQUE METRO AREA,ABQ,01-JUN-26 00:00:00,MST-7,30-JUN-26 23:59:00,0,0,0,0,0.00K,0.00K,Drought Monitor,,,,,,,,,,,,,,,,,,,,,,"The month of June saw overall above normal temperatures and a mixed bag of precipitation with some areas seeing above normal precipitation and others below normal precipitation. This is very reflective of the early summer thunderstorm activity that saw daily rounds of thunderstorms pass over some areas repeatedly, while missing other areas entirely. As a result, most of New Mexico saw no change in drought conditions while around a quarter to a third of the state saw either a 1 class degradation or improvement in drought conditions.",Extreme drought was introduced to near all of the zone.,CSV
202606,1,0,202606,30,2359,213451,1337047,NEW MEXICO,35,2026,June,Drought,Z,220,LOWER RIO GRANDE VALLEY,ABQ,01-JUN-26 00:00:00,MST-7,30-JUN-26 23:59:00,0,0,0,0,0.00K,0.00K,Drought Monitor,,,,,,,,,,,,,,,,,,,,,,"The month of June saw overall above normal temperatures and a mixed bag of precipitation with some areas seeing above normal precipitation and others below normal precipitation. This is very reflective of the early summer thunderstorm activity that saw daily rounds of thunderstorms pass over some areas repeatedly, while missing other areas entirely. As a result, most of New Mexico saw no change in drought conditions while around a quarter to a third of the state saw either a 1 class degradation or improvement in drought conditions.",Extreme drought was removed from the zone.,CSV
202604,1,0,202604,30,2359,211704,1323100,NEW MEXICO,35,2026,April,Drought,Z,228,FAR NORTHEAST HIGHLANDS,ABQ,01-APR-26 00:00:00,MST-7,30-APR-26 23:59:00,0,0,0,0,0.00K,0.00K,Drought Monitor,,,,,,,,,,,,,,,,,,,,,,"April saw below to well below normal precipitation across a majority of New Mexico, with the exception of a small area of the northwestern mountains. The average temperature anomaly was also generally 1 to 5 degrees above normal over nearly all of the state. This led to a notable expansion of extreme drought conditions over northeastern NM, and severe drought conditions over the eastern plains. While western areas saw below normal precipitation, the actual difference from normal was still low given April is climatologically a very dry month already. This allowed for little to no change in drought conditions over this portion of the state.",Extreme drought was introduced over the northern two-thirds zone while severe drought remained over the southern third of the zone.,CSV
202606,25,1540,202606,25,1545,213156,1334436,NEW MEXICO,35,2026,June,Thunderstorm Wind,C,43,SANDOVAL,ABQ,25-JUN-26 15:40:00,MST-7,25-JUN-26 15:45:00,0,0,0,0,0.00K,0.00K,Public,56.00,MG,,,,,,,,,,.89,SE,EL LLANITO,.89,SE,EL LLANITO,35.32,-106.52,35.32,-106.52,"The season's first rendition of the North American Monsoon high developed over south-central and southwestern NM with increased low-level moisture intruding beneath it. Faster westerly flow along the northern periphery of the high allowed for some convective organization and stronger afternoon thunderstorms. Relatively warm conditions and low humidity also allowed for strong downdrafts to occur yielding severe wind gusts from decaying thunderstorms mainly over western and central NM each day. Several of these dry downbursts produced blowing dust with one particular event resulting in zero visibility in Rio Rancho on the 25th. Storms through central and eastern NM were wetter in nature threatening locally heavy rainfall and flash flooding. Flash flooding was reported in Raton on the 24th, with another report of heavy rains producing a landslide from steep terrain near Jemez Springs along NM Highway 4 on the 26th. Other storms produced various severe wind gusts and hail across portions of northern and central NM each day.",Public weather stations measured severe thunderstorm wind gusts that also produced blowing dust resulting in near zero visibility through portions of Rio Rancho.,CSV
202606,25,1605,202606,25,1610,213156,1334438,NEW MEXICO,35,2026,June,Thunderstorm Wind,C,49,SANTA FE,ABQ,25-JUN-26 16:05:00,MST-7,25-JUN-26 16:10:00,0,0,0,0,0.00K,0.00K,Department of Highways,53.00,MG,,,,,,,,,,6.26,WSW,LA CIENEGA,6.26,WSW,LA CIENEGA,35.52,-106.23,35.52,-106.23,"The season's first rendition of the North American Monsoon high developed over south-central and southwestern NM with increased low-level moisture intruding beneath it. Faster westerly flow along the northern periphery of the high allowed for some convective organization and stronger afternoon thunderstorms. Relatively warm conditions and low humidity also allowed for strong downdrafts to occur yielding severe wind gusts from decaying thunderstorms mainly over western and central NM each day. Several of these dry downbursts produced blowing dust with one particular event resulting in zero visibility in Rio Rancho on the 25th. Storms through central and eastern NM were wetter in nature threatening locally heavy rainfall and flash flooding. Flash flooding was reported in Raton on the 24th, with another report of heavy rains producing a landslide from steep terrain near Jemez Springs along NM Highway 4 on the 26th. Other storms produced various severe wind gusts and hail across portions of northern and central NM each day.",The NM Roads weather station at La Bajada Hill along I-25 measured a 61mph thunderstorm wind gust.,CSV
202606,1,0,202606,30,2359,213451,1337049,NEW MEXICO,35,2026,June,Drought,Z,221,SANDIA/MANZANO MOUNTAINS INCLUDING EDGEWOOD,ABQ,01-JUN-26 00:00:00,MST-7,30-JUN-26 23:59:00,0,0,0,0,0.00K,0.00K,Drought Monitor,,,,,,,,,,,,,,,,,,,,,,"The month of June saw overall above normal temperatures and a mixed bag of precipitation with some areas seeing above normal precipitation and others below normal precipitation. This is very reflective of the early summer thunderstorm activity that saw daily rounds of thunderstorms pass over some areas repeatedly, while missing other areas entirely. As a result, most of New Mexico saw no change in drought conditions while around a quarter to a third of the state saw either a 1 class degradation or improvement in drought conditions.",Extreme drought was introduced to nearly all of the zone.,CSV
202606,1,0,202606,30,2359,213451,1337050,NEW MEXICO,35,2026,June,Drought,Z,222,ESTANCIA VALLEY,ABQ,01-JUN-26 00:00:00,MST-7,30-JUN-26 23:59:00,0,0,0,0,0.00K,0.00K,Drought Monitor,,,,,,,,,,,,,,,,,,,,,,"The month of June saw overall above normal temperatures and a mixed bag of precipitation with some areas seeing above normal precipitation and others below normal precipitation. This is very reflective of the early summer thunderstorm activity that saw daily rounds of thunderstorms pass over some areas repeatedly, while missing other areas entirely. As a result, most of New Mexico saw no change in drought conditions while around a quarter to a third of the state saw either a 1 class degradation or improvement in drought conditions.",Extreme drought was introduced to nearly all of the zone.,CSV
202606,1,0,202606,30,2359,213451,1337052,NEW MEXICO,35,2026,June,Drought,Z,223,CENTRAL HIGHLANDS,ABQ,01-JUN-26 00:00:00,MST-7,30-JUN-26 23:59:00,0,0,0,0,0.00K,0.00K,Drought Monitor,,,,,,,,,,,,,,,,,,,,,,"The month of June saw overall above normal temperatures and a mixed bag of precipitation with some areas seeing above normal precipitation and others below normal precipitation. This is very reflective of the early summer thunderstorm activity that saw daily rounds of thunderstorms pass over some areas repeatedly, while missing other areas entirely. As a result, most of New Mexico saw no change in drought conditions while around a quarter to a third of the state saw either a 1 class degradation or improvement in drought conditions.",Extreme drought was introduced to a majority of the zone. Severe drought remained persistent over the northern tier of the zone.,CSV
202606,1,0,202606,30,2359,213451,1337053,NEW MEXICO,35,2026,June,Drought,Z,227,JOHNSON AND BARTLETT MESAS INCLUDING RATON PASS,ABQ,01-JUN-26 00:00:00,MST-7,30-JUN-26 23:59:00,0,0,0,0,0.00K,0.00K,Drought Monitor,,,,,,,,,,,,,,,,,,,,,,"The month of June saw overall above normal temperatures and a mixed bag of precipitation with some areas seeing above normal precipitation and others below normal precipitation. This is very reflective of the early summer thunderstorm activity that saw daily rounds of thunderstorms pass over some areas repeatedly, while missing other areas entirely. As a result, most of New Mexico saw no change in drought conditions while around a quarter to a third of the state saw either a 1 class degradation or improvement in drought conditions.",Extreme drought remained persistent across nearly all of the zone.,CSV
202606,1,0,202606,30,2359,213451,1337055,NEW MEXICO,35,2026,June,Drought,Z,228,FAR NORTHEAST HIGHLANDS,ABQ,01-JUN-26 00:00:00,MST-7,30-JUN-26 23:59:00,0,0,0,0,0.00K,0.00K,Drought Monitor,,,,,,,,,,,,,,,,,,,,,,"The month of June saw overall above normal temperatures and a mixed bag of precipitation with some areas seeing above normal precipitation and others below normal precipitation. This is very reflective of the early summer thunderstorm activity that saw daily rounds of thunderstorms pass over some areas repeatedly, while missing other areas entirely. As a result, most of New Mexico saw no change in drought conditions while around a quarter to a third of the state saw either a 1 class degradation or improvement in drought conditions.",Extreme drought was expanded to nearly all of the zone.,CSV
202606,1,0,202606,30,2359,213451,1337058,NEW MEXICO,35,2026,June,Drought,Z,229,NORTHEAST HIGHLANDS,ABQ,01-JUN-26 00:00:00,MST-7,30-JUN-26 23:59:00,0,0,0,0,0.00K,0.00K,Drought Monitor,,,,,,,,,,,,,,,,,,,,,,"The month of June saw overall above normal temperatures and a mixed bag of precipitation with some areas seeing above normal precipitation and others below normal precipitation. This is very reflective of the early summer thunderstorm activity that saw daily rounds of thunderstorms pass over some areas repeatedly, while missing other areas entirely. As a result, most of New Mexico saw no change in drought conditions while around a quarter to a third of the state saw either a 1 class degradation or improvement in drought conditions.","Extreme drought was introduced to the northern half of the zone, with severe drought remaining persistent over the southern half of the zone.",CSV
202606,1,0,202606,30,2359,213451,1337059,NEW MEXICO,35,2026,June,Drought,Z,230,UNION COUNTY,ABQ,01-JUN-26 00:00:00,MST-7,30-JUN-26 23:59:00,0,0,0,0,0.00K,0.00K,Drought Monitor,,,,,,,,,,,,,,,,,,,,,,"The month of June saw overall above normal temperatures and a mixed bag of precipitation with some areas seeing above normal precipitation and others below normal precipitation. This is very reflective of the early summer thunderstorm activity that saw daily rounds of thunderstorms pass over some areas repeatedly, while missing other areas entirely. As a result, most of New Mexico saw no change in drought conditions while around a quarter to a third of the state saw either a 1 class degradation or improvement in drought conditions.",Extreme drought was persistent through a central swath of the zone with conditions improving to severe drought over the southern half of the zone.,CSV
202606,1,0,202606,30,2359,213451,1337061,NEW MEXICO,35,2026,June,Drought,Z,231,HARDING COUNTY,ABQ,01-JUN-26 00:00:00,MST-7,30-JUN-26 23:59:00,0,0,0,0,0.00K,0.00K,Drought Monitor,,,,,,,,,,,,,,,,,,,,,,"The month of June saw overall above normal temperatures and a mixed bag of precipitation with some areas seeing above normal precipitation and others below normal precipitation. This is very reflective of the early summer thunderstorm activity that saw daily rounds of thunderstorms pass over some areas repeatedly, while missing other areas entirely. As a result, most of New Mexico saw no change in drought conditions while around a quarter to a third of the state saw either a 1 class degradation or improvement in drought conditions.",Extreme and severe drought conditions were persistent over the western and eastern halves of the zone respectively.,CSV
202604,30,1340,202604,30,1400,211632,1322518,NEW MEXICO,35,2026,April,Dust Devil,C,1,BERNALILLO,ABQ,30-APR-26 13:40:00,MST-7,30-APR-26 14:00:00,0,0,0,0,,,Social Media,,,,,,,,,,,,13.39,N,SANDIA PARK,13.39,N,SANDIA PARK,35.3616,-106.4059,35.3616,-106.4059,A traveler driving on I-25 observed a large and intense dust devil looking east towards the Sandia Mountains during the early afternoon hours of April 30th. Another large and intense dust devil was observed from a traveler driving in Cochiti Pueblo. The size and nature of the dust devils based on the videos taken by the travelers resulted in high interest from local and national media outlets.,A traveler driving along I-25 in the San Felipe Pueblo area observed a large and intense dust devil.,CSV
202604,26,1225,202604,26,1400,211502,1321457,NEW MEXICO,35,2026,April,High Wind,Z,224,SOUTH CENTRAL HIGHLANDS,ABQ,26-APR-26 12:25:00,MST-7,26-APR-26 14:00:00,0,0,0,0,,,Mesonet,66.00,MG,,,,,,,,,,,,,,,,,,,,A strong mid and upper level jet at the base of a disturbance over the western U.S. moved over New Mexico during the day April 26th. Deep daytime mixing tapped into these stronger winds aloft by mid morning resulting in strong to high wind gusts across much of central and eastern New Mexico. Very dry antecedent conditions resulted in areas of blowing dust and reduced visibility across central and southern NM. Some showers were observed across northwest and north central New Mexico with one of these showers resulting in a brief 59 mph wind gust at Gallup Municipal Airport. Winds tapered off during the late evening and overnight hours as stronger winds aloft slowly exited east of the state.,A mesonet station at Little Burro on White Sands Missile Range measured high wind gusts up to 76 mph.,CSV
202604,26,1115,202604,26,1556,211502,1321459,NEW MEXICO,35,2026,April,High Wind,Z,226,SOUTH CENTRAL MOUNTAINS,ABQ,26-APR-26 11:15:00,MST-7,26-APR-26 15:56:00,0,0,0,0,,,AWOS,55.00,MG,,,,,,,,,,,,,,,,,,,,A strong mid and upper level jet at the base of a disturbance over the western U.S. moved over New Mexico during the day April 26th. Deep daytime mixing tapped into these stronger winds aloft by mid morning resulting in strong to high wind gusts across much of central and eastern New Mexico. Very dry antecedent conditions resulted in areas of blowing dust and reduced visibility across central and southern NM. Some showers were observed across northwest and north central New Mexico with one of these showers resulting in a brief 59 mph wind gust at Gallup Municipal Airport. Winds tapered off during the late evening and overnight hours as stronger winds aloft slowly exited east of the state.,The AWOS at Sierra Blanca Regional Airport measured high wind gusts up to 63 mph.,CSV
202604,26,1136,202604,26,1500,211502,1321464,NEW MEXICO,35,2026,April,High Wind,Z,240,SOUTHWEST CHAVES COUNTY,ABQ,26-APR-26 11:36:00,MST-7,26-APR-26 15:00:00,0,0,0,0,,,RAWS,58.00,MG,,,,,,,,,,,,,,,,,,,,A strong mid and upper level jet at the base of a disturbance over the western U.S. moved over New Mexico during the day April 26th. Deep daytime mixing tapped into these stronger winds aloft by mid morning resulting in strong to high wind gusts across much of central and eastern New Mexico. Very dry antecedent conditions resulted in areas of blowing dust and reduced visibility across central and southern NM. Some showers were observed across northwest and north central New Mexico with one of these showers resulting in a brief 59 mph wind gust at Gallup Municipal Airport. Winds tapered off during the late evening and overnight hours as stronger winds aloft slowly exited east of the state.,The RAWS at Dunken measured high wind gusts up to 67 mph.,CSV
202604,26,1300,202604,26,1725,211502,1321456,NEW MEXICO,35,2026,April,High Wind,Z,223,CENTRAL HIGHLANDS,ABQ,26-APR-26 13:00:00,MST-7,26-APR-26 17:25:00,0,0,0,0,,,ASOS,60.00,MG,,,,,,,,,,,,,,,,,,,,A strong mid and upper level jet at the base of a disturbance over the western U.S. moved over New Mexico during the day April 26th. Deep daytime mixing tapped into these stronger winds aloft by mid morning resulting in strong to high wind gusts across much of central and eastern New Mexico. Very dry antecedent conditions resulted in areas of blowing dust and reduced visibility across central and southern NM. Some showers were observed across northwest and north central New Mexico with one of these showers resulting in a brief 59 mph wind gust at Gallup Municipal Airport. Winds tapered off during the late evening and overnight hours as stronger winds aloft slowly exited east of the state.,The ASOS at Clines Corners measured high wind gusts up to 69 mph along with high sustained winds up to 43 mph. An NMDOT mesonet station in the same area measured high wind gusts up to 62 mph along with high sustained winds up to 46 mph.,CSV
202604,26,1355,202604,26,1500,211502,1321460,NEW MEXICO,35,2026,April,High Wind,Z,229,NORTHEAST HIGHLANDS,ABQ,26-APR-26 13:55:00,MST-7,26-APR-26 15:00:00,0,0,0,0,,,ASOS,55.00,MG,,,,,,,,,,,,,,,,,,,,A strong mid and upper level jet at the base of a disturbance over the western U.S. moved over New Mexico during the day April 26th. Deep daytime mixing tapped into these stronger winds aloft by mid morning resulting in strong to high wind gusts across much of central and eastern New Mexico. Very dry antecedent conditions resulted in areas of blowing dust and reduced visibility across central and southern NM. Some showers were observed across northwest and north central New Mexico with one of these showers resulting in a brief 59 mph wind gust at Gallup Municipal Airport. Winds tapered off during the late evening and overnight hours as stronger winds aloft slowly exited east of the state.,The ASOS at Las Vegas Regional Airport measured high wind gusts up to 63 mph.,CSV
202604,11,1254,202604,11,1304,210925,1318085,NEW MEXICO,35,2026,April,Tornado,C,19,GUADALUPE,ABQ,11-APR-26 12:54:00,MST-7,11-APR-26 13:04:00,0,0,0,0,,,Public,,,,,EFU,0.77,30,,,,,19.48,SSW,VAUGHN,18.93,SSW,VAUGHN,34.3402,-105.3327,34.3446,-105.3203,"A moderate upper level disturbance tapped into subtropical moisture resulting in thunderstorm activity across central and eastern NM, as well as virga showers and dry thunderstorms over western NM. A brief 59 mph virga induced gust hit the Four Corners Regional Airport in Farmington. A line of collapsing thunderstorms produced severe wind gusts in Union County, including a 66 mph gust at Clayton. Elsewhere, a brief tornado was observed by storm spotters near Corona, NM. Convective activity died down past sunset.",Workers looking east from a wind farm field team near Corona observed a brief tornado.,CSV
202604,26,1316,202604,26,1653,211502,1321375,NEW MEXICO,35,2026,April,High Wind,Z,218,SANTA FE METRO AREA,ABQ,26-APR-26 13:16:00,MST-7,26-APR-26 16:53:00,0,0,0,0,,,ASOS,53.00,MG,,,,,,,,,,,,,,,,,,,,A strong mid and upper level jet at the base of a disturbance over the western U.S. moved over New Mexico during the day April 26th. Deep daytime mixing tapped into these stronger winds aloft by mid morning resulting in strong to high wind gusts across much of central and eastern New Mexico. Very dry antecedent conditions resulted in areas of blowing dust and reduced visibility across central and southern NM. Some showers were observed across northwest and north central New Mexico with one of these showers resulting in a brief 59 mph wind gust at Gallup Municipal Airport. Winds tapered off during the late evening and overnight hours as stronger winds aloft slowly exited east of the state.,The ASOS at Santa Fe Municipal Airport measured high wind gusts peaking at 61 mph.,CSV
202604,23,840,202604,23,1053,211499,1321370,NEW MEXICO,35,2026,April,High Wind,Z,223,CENTRAL HIGHLANDS,ABQ,23-APR-26 08:40:00,MST-7,23-APR-26 10:53:00,0,0,0,0,,,ASOS,60.00,MG,,,,,,,,,,,,,,,,,,,,"An upper level disturbance moved across the northern and central Rockies during the day on April 23rd resulting in some strong wind gusts across the Sangre de Cristo Mountains before sunrise before spreading east to the adjacent highlands across northeast and east central NM mid to late morning as daytime mixing commenced. This resulted in a period of high winds at Clines Corners during the late morning hours. These strong winds helped the Tusas Wildfire near Sapello, NM, that started April 22nd, grow to 233 acres.",The ASOS at Clines Corners observed high wind gusts peaking at 69 mph and high sustained winds up to 50 mph. A NMDOT mesonet station in the same area observed high wind gusts peaking at 62 mph and high sustained winds up to 52 mph.,CSV
202604,30,1420,202604,30,1435,211632,1322522,NEW MEXICO,35,2026,April,Dust Devil,C,49,SANTA FE,ABQ,30-APR-26 14:20:00,MST-7,30-APR-26 14:35:00,0,0,0,0,0.00K,0.00K,Social Media,,,,,,,,,,,,10.72,WNW,LA CIENEGA,10.72,WNW,LA CIENEGA,35.597,-106.3152,35.597,-106.3152,A traveler driving on I-25 observed a large and intense dust devil looking east towards the Sandia Mountains during the early afternoon hours of April 30th. Another large and intense dust devil was observed from a traveler driving in Cochiti Pueblo. The size and nature of the dust devils based on the videos taken by the travelers resulted in high interest from local and national media outlets.,A large and intense dust devil was observed in the Cochiti Pueblo.,CSV
202605,14,1615,202605,14,1630,211887,1324234,NEW MEXICO,35,2026,May,Thunderstorm Wind,C,25,LEA,MAF,14-MAY-26 16:15:00,MST-7,14-MAY-26 16:30:00,0,0,0,0,,0.00K,Mesonet,51.00,MG,,,,,,,,,,21.71,W,BENNETT,21.71,W,BENNETT,32.05,-103.57,32.05,-103.57,"A shortwave embedded in the flow aloft neared the area on the 14th. Meanwhile, mid-to-upper level moisture moved over the region. Lift from the shortwave interacted with this moisture and allowed isolated to scattered high-based showers and storms to develop across the area. Low-levels were very dry, so most rain evaporated before it hit the ground. Because of this evaporative cooling, a few showers and storms managed to produce severe downbursts. Convection largely diminished after dark.",Mesonet station FW9688 Jal measured a 59 mph wind gust associated with a convective  downburst. The total time of occurrence is partially estimated.,CSV
202605,15,1427,202605,15,1436,211889,1327161,NEW MEXICO,35,2026,May,Thunderstorm Wind,C,25,LEA,MAF,15-MAY-26 14:27:00,MST-7,15-MAY-26 14:36:00,0,0,0,0,1.00K,0.00K,Emergency Manager,60.00,EG,,,,,,,,,,.69,N,TATUM,.69,N,TATUM,33.26,-103.32,33.26,-103.32,"The synoptic setup was similar to May 14th, with a nearby shortwave interacting with elevated moisture to produce a few high-based thunderstorms (mainly over southeast New Mexico and the Permian Basin). A couple of thunderstorms managed to produce damaging downburst winds, including an 84 mph gust in northern Gaines County. Convection largely diminished after dark.",Emergency management reported power outages in Tatum associated with straight-line wind gusts. The time of occurrence and the strength of the wind gust is partially estimated from a Mesonet station recording southwest of town. The cost of damages is also estimated.,CSV
202605,28,2010,202605,28,2015,212323,1327795,NEW MEXICO,35,2026,May,Hail,C,59,UNION,ABQ,28-MAY-26 20:10:00,MST-7,28-MAY-26 20:15:00,0,0,0,0,,,Public,1.25,,,,,,,,,,,8.99,ENE,DES MOINES,8.99,ENE,DES MOINES,36.81,-103.68,36.81,-103.68,"Higher moisture along and east of the central mountain chain combined with a disturbance moving north into the state ahead of an upper low over California resulting in the development of scattered thunderstorms across the central mountain chain and nearby highlands during the afternoon and evening hours. A few storms became strong to severe resulting in nickel size hail in Santa Fe and half dollar to ping pong ball size hail in northern Union County east-northeast of Des Moines, NM.",Half dollar size hail was observed 9 miles east-northeast of Des Moines from a severe thunderstorm.,CSV
202605,14,1530,202605,14,1534,211887,1324235,NEW MEXICO,35,2026,May,Thunderstorm Wind,C,15,EDDY,MAF,14-MAY-26 15:30:00,MST-7,14-MAY-26 15:34:00,0,0,0,0,,0.00K,ASOS,50.00,MG,,,,,,,,,,1.17,E,(CNM)CARLSBAD ARPT,1.17,E,(CNM)CARLSBAD ARPT,32.33,-104.25,32.33,-104.25,"A shortwave embedded in the flow aloft neared the area on the 14th. Meanwhile, mid-to-upper level moisture moved over the region. Lift from the shortwave interacted with this moisture and allowed isolated to scattered high-based showers and storms to develop across the area. Low-levels were very dry, so most rain evaporated before it hit the ground. Because of this evaporative cooling, a few showers and storms managed to produce severe downbursts. Convection largely diminished after dark.",ASOS station KCNM Carlsbad measured a 58 mph wind gust associated with a convective  downburst.,CSV
202605,1,0,202605,31,2359,212602,1329953,NEW MEXICO,35,2026,May,Drought,Z,215,EAST SLOPES SANGRE DE CRISTO MOUNTAINS,ABQ,01-MAY-26 00:00:00,MST-7,31-MAY-26 23:59:00,0,0,0,0,0.00K,0.00K,Drought Monitor,,,,,,,,,,,,,,,,,,,,,,"The month of May saw below normal precipitation through the Four Corners region and portions of the central highlands of New Mexico, while areas along the Rio Grande Valley, southwestern, and eastern NM saw near to above normal precipitation. Mean temperatures trended near to slightly above normal through western NM and near to slightly below normal across eastern NM. This led to a modest expansion of extreme drought conditions across western NM and portions of the eastern plains of NM along the TX border. Gaps of severe drought through the northern mountains were filled in. Due to ongoing drought conditions and record low snowpack the previous winter, the Rio Grande dried up through the Albuquerque metro area.",Extreme drought was persistent over the northern half of the zone.,CSV
202605,1,0,202605,31,2359,212602,1329954,NEW MEXICO,35,2026,May,Drought,Z,216,UPPER RIO GRANDE VALLEY,ABQ,01-MAY-26 00:00:00,MST-7,31-MAY-26 23:59:00,0,0,0,0,0.00K,0.00K,Drought Monitor,,,,,,,,,,,,,,,,,,,,,,"The month of May saw below normal precipitation through the Four Corners region and portions of the central highlands of New Mexico, while areas along the Rio Grande Valley, southwestern, and eastern NM saw near to above normal precipitation. Mean temperatures trended near to slightly above normal through western NM and near to slightly below normal across eastern NM. This led to a modest expansion of extreme drought conditions across western NM and portions of the eastern plains of NM along the TX border. Gaps of severe drought through the northern mountains were filled in. Due to ongoing drought conditions and record low snowpack the previous winter, the Rio Grande dried up through the Albuquerque metro area.",Extreme drought was introduced to the southern half of the zone.,CSV
202605,1,0,202605,31,2359,212602,1329955,NEW MEXICO,35,2026,May,Drought,Z,220,LOWER RIO GRANDE VALLEY,ABQ,01-MAY-26 00:00:00,MST-7,31-MAY-26 23:59:00,0,0,0,0,0.00K,0.00K,Drought Monitor,,,,,,,,,,,,,,,,,,,,,,"The month of May saw below normal precipitation through the Four Corners region and portions of the central highlands of New Mexico, while areas along the Rio Grande Valley, southwestern, and eastern NM saw near to above normal precipitation. Mean temperatures trended near to slightly above normal through western NM and near to slightly below normal across eastern NM. This led to a modest expansion of extreme drought conditions across western NM and portions of the eastern plains of NM along the TX border. Gaps of severe drought through the northern mountains were filled in. Due to ongoing drought conditions and record low snowpack the previous winter, the Rio Grande dried up through the Albuquerque metro area.",Extreme drought expanded to a majority of the zone.,CSV
202605,28,1828,202605,28,1838,212323,1327790,NEW MEXICO,35,2026,May,Hail,C,49,SANTA FE,ABQ,28-MAY-26 18:28:00,MST-7,28-MAY-26 18:38:00,0,0,0,0,,,Emergency Manager,0.88,,,,,,,,,,,2.35,ESE,AGUA FRIA,2.35,ESE,AGUA FRIA,35.64,-105.98,35.64,-105.98,"Higher moisture along and east of the central mountain chain combined with a disturbance moving north into the state ahead of an upper low over California resulting in the development of scattered thunderstorms across the central mountain chain and nearby highlands during the afternoon and evening hours. A few storms became strong to severe resulting in nickel size hail in Santa Fe and half dollar to ping pong ball size hail in northern Union County east-northeast of Des Moines, NM.",The Santa Fe emergency manager observed nickel size hail in midtown Santa Fe from a strong thunderstorm.,CSV
202605,1,0,202605,31,2359,212602,1329956,NEW MEXICO,35,2026,May,Drought,Z,222,ESTANCIA VALLEY,ABQ,01-MAY-26 00:00:00,MST-7,31-MAY-26 23:59:00,0,0,0,0,0.00K,0.00K,Drought Monitor,,,,,,,,,,,,,,,,,,,,,,"The month of May saw below normal precipitation through the Four Corners region and portions of the central highlands of New Mexico, while areas along the Rio Grande Valley, southwestern, and eastern NM saw near to above normal precipitation. Mean temperatures trended near to slightly above normal through western NM and near to slightly below normal across eastern NM. This led to a modest expansion of extreme drought conditions across western NM and portions of the eastern plains of NM along the TX border. Gaps of severe drought through the northern mountains were filled in. Due to ongoing drought conditions and record low snowpack the previous winter, the Rio Grande dried up through the Albuquerque metro area.",Severe drought remained persistent over the entire zone.,CSV
202605,1,0,202605,31,2359,212602,1329957,NEW MEXICO,35,2026,May,Drought,Z,223,CENTRAL HIGHLANDS,ABQ,01-MAY-26 00:00:00,MST-7,31-MAY-26 23:59:00,0,0,0,0,0.00K,0.00K,Drought Monitor,,,,,,,,,,,,,,,,,,,,,,"The month of May saw below normal precipitation through the Four Corners region and portions of the central highlands of New Mexico, while areas along the Rio Grande Valley, southwestern, and eastern NM saw near to above normal precipitation. Mean temperatures trended near to slightly above normal through western NM and near to slightly below normal across eastern NM. This led to a modest expansion of extreme drought conditions across western NM and portions of the eastern plains of NM along the TX border. Gaps of severe drought through the northern mountains were filled in. Due to ongoing drought conditions and record low snowpack the previous winter, the Rio Grande dried up through the Albuquerque metro area.",Severe drought expanded over the entire zone.,CSV
202605,1,0,202605,31,2359,212602,1329958,NEW MEXICO,35,2026,May,Drought,Z,227,JOHNSON AND BARTLETT MESAS INCLUDING RATON PASS,ABQ,01-MAY-26 00:00:00,MST-7,31-MAY-26 23:59:00,0,0,0,0,0.00K,0.00K,Drought Monitor,,,,,,,,,,,,,,,,,,,,,,"The month of May saw below normal precipitation through the Four Corners region and portions of the central highlands of New Mexico, while areas along the Rio Grande Valley, southwestern, and eastern NM saw near to above normal precipitation. Mean temperatures trended near to slightly above normal through western NM and near to slightly below normal across eastern NM. This led to a modest expansion of extreme drought conditions across western NM and portions of the eastern plains of NM along the TX border. Gaps of severe drought through the northern mountains were filled in. Due to ongoing drought conditions and record low snowpack the previous winter, the Rio Grande dried up through the Albuquerque metro area.",Extreme drought remained persistent across nearly all of the zone.,CSV
202605,1,0,202605,31,2359,212602,1329959,NEW MEXICO,35,2026,May,Drought,Z,228,FAR NORTHEAST HIGHLANDS,ABQ,01-MAY-26 00:00:00,MST-7,31-MAY-26 23:59:00,0,0,0,0,0.00K,0.00K,Drought Monitor,,,,,,,,,,,,,,,,,,,,,,"The month of May saw below normal precipitation through the Four Corners region and portions of the central highlands of New Mexico, while areas along the Rio Grande Valley, southwestern, and eastern NM saw near to above normal precipitation. Mean temperatures trended near to slightly above normal through western NM and near to slightly below normal across eastern NM. This led to a modest expansion of extreme drought conditions across western NM and portions of the eastern plains of NM along the TX border. Gaps of severe drought through the northern mountains were filled in. Due to ongoing drought conditions and record low snowpack the previous winter, the Rio Grande dried up through the Albuquerque metro area.",Extreme drought persisted over the northern two-thirds zone while severe drought remained over the southern third of the zone.,CSV
202605,1,0,202605,31,2359,212602,1329960,NEW MEXICO,35,2026,May,Drought,Z,229,NORTHEAST HIGHLANDS,ABQ,01-MAY-26 00:00:00,MST-7,31-MAY-26 23:59:00,0,0,0,0,0.00K,0.00K,Drought Monitor,,,,,,,,,,,,,,,,,,,,,,"The month of May saw below normal precipitation through the Four Corners region and portions of the central highlands of New Mexico, while areas along the Rio Grande Valley, southwestern, and eastern NM saw near to above normal precipitation. Mean temperatures trended near to slightly above normal through western NM and near to slightly below normal across eastern NM. This led to a modest expansion of extreme drought conditions across western NM and portions of the eastern plains of NM along the TX border. Gaps of severe drought through the northern mountains were filled in. Due to ongoing drought conditions and record low snowpack the previous winter, the Rio Grande dried up through the Albuquerque metro area.",Severe drought was introduced to the entire zone.,CSV
202605,1,0,202605,31,2359,212602,1329961,NEW MEXICO,35,2026,May,Drought,Z,230,UNION COUNTY,ABQ,01-MAY-26 00:00:00,MST-7,31-MAY-26 23:59:00,0,0,0,0,0.00K,0.00K,Drought Monitor,,,,,,,,,,,,,,,,,,,,,,"The month of May saw below normal precipitation through the Four Corners region and portions of the central highlands of New Mexico, while areas along the Rio Grande Valley, southwestern, and eastern NM saw near to above normal precipitation. Mean temperatures trended near to slightly above normal through western NM and near to slightly below normal across eastern NM. This led to a modest expansion of extreme drought conditions across western NM and portions of the eastern plains of NM along the TX border. Gaps of severe drought through the northern mountains were filled in. Due to ongoing drought conditions and record low snowpack the previous winter, the Rio Grande dried up through the Albuquerque metro area.","Extreme drought persisted over a majority of the zone, while severe drought persisted over the far northern portion of the zone.",CSV
202605,15,1423,202605,15,1424,211889,1327153,NEW MEXICO,35,2026,May,Thunderstorm Wind,C,25,LEA,MAF,15-MAY-26 14:23:00,MST-7,15-MAY-26 14:24:00,0,0,0,0,,0.00K,Mesonet,60.00,MG,,,,,,,,,,1.87,WSW,TATUM,1.87,WSW,TATUM,33.24,-103.35,33.24,-103.35,"The synoptic setup was similar to May 14th, with a nearby shortwave interacting with elevated moisture to produce a few high-based thunderstorms (mainly over southeast New Mexico and the Permian Basin). A couple of thunderstorms managed to produce damaging downburst winds, including an 84 mph gust in northern Gaines County. Convection largely diminished after dark.",The West Texas Mesonet station near Tatum recorded a 69 mph thunderstorm wind gust.,CSV
