BEGIN_YEARMONTH,BEGIN_DAY,BEGIN_TIME,END_YEARMONTH,END_DAY,END_TIME,EPISODE_ID,EVENT_ID,STATE,STATE_FIPS,YEAR,MONTH_NAME,EVENT_TYPE,CZ_TYPE,CZ_FIPS,CZ_NAME,WFO,BEGIN_DATE_TIME,CZ_TIMEZONE,END_DATE_TIME,INJURIES_DIRECT,INJURIES_INDIRECT,DEATHS_DIRECT,DEATHS_INDIRECT,DAMAGE_PROPERTY,DAMAGE_CROPS,SOURCE,MAGNITUDE,MAGNITUDE_TYPE,FLOOD_CAUSE,CATEGORY,TOR_F_SCALE,TOR_LENGTH,TOR_WIDTH,TOR_OTHER_WFO,TOR_OTHER_CZ_STATE,TOR_OTHER_CZ_FIPS,TOR_OTHER_CZ_NAME,BEGIN_RANGE,BEGIN_AZIMUTH,BEGIN_LOCATION,END_RANGE,END_AZIMUTH,END_LOCATION,BEGIN_LAT,BEGIN_LON,END_LAT,END_LON,EPISODE_NARRATIVE,EVENT_NARRATIVE,DATA_SOURCE
202601,24,1900,202601,26,516,209242,1303794,MARYLAND,24,2026,January,Winter Storm,Z,501,EXTREME WESTERN ALLEGANY,LWX,24-JAN-26 19:00:00,EST-5,26-JAN-26 05:16:00,0,0,0,0,,,Trained Spotter,,,,,,,,,,,,,,,,,,,,,,"An area of Arctic High pressure resided to the north prior to this storm leaving the region in an anomalously cold airmass. To the south, Gulf of America moisture was brought north by a robust southern jet stream. The intersection of these features resulted in a significant amount of wintry precipitation falling across Maryland. This was a Miller B set-up, so warm air was brought north during the event resulting in sleet and freezing rain to mix in. In terms of accumulations, snowfall amounts (which include sleet) averaged 12 to 16 across Garrett County, with a general 8 to 12 across the remainder of the area aside from southern Maryland where 4-8 was observed. If you separate sleet, a general 2 to 5 inches were reported across the state. Freezing rain amounts of a trace to locally a quarter of an inch were observed across southern Maryland. To capture the true magnitude of this event, the actual melted liquid with this storm was near 2 inches across the state.",,CSV
202601,24,1900,202601,26,516,209242,1303795,MARYLAND,24,2026,January,Winter Storm,Z,509,WESTERN GARRETT COUNTY MD,LWX,24-JAN-26 19:00:00,EST-5,26-JAN-26 05:16:00,0,0,0,0,,,Trained Spotter,,,,,,,,,,,,,,,,,,,,,,"An area of Arctic High pressure resided to the north prior to this storm leaving the region in an anomalously cold airmass. To the south, Gulf of America moisture was brought north by a robust southern jet stream. The intersection of these features resulted in a significant amount of wintry precipitation falling across Maryland. This was a Miller B set-up, so warm air was brought north during the event resulting in sleet and freezing rain to mix in. In terms of accumulations, snowfall amounts (which include sleet) averaged 12 to 16 across Garrett County, with a general 8 to 12 across the remainder of the area aside from southern Maryland where 4-8 was observed. If you separate sleet, a general 2 to 5 inches were reported across the state. Freezing rain amounts of a trace to locally a quarter of an inch were observed across southern Maryland. To capture the true magnitude of this event, the actual melted liquid with this storm was near 2 inches across the state.",,CSV
202601,21,1300,202601,22,1000,209334,1304680,MARYLAND,24,2026,January,Winter Weather,Z,509,WESTERN GARRETT COUNTY MD,LWX,21-JAN-26 13:00:00,EST-5,22-JAN-26 10:00:00,0,0,0,0,,,Trained Spotter,,,,,,,,,,,,,,,,,,,,,,A band of steady light to moderate snow overspread western Maryland during the early afternoon of January 21. This continued steadily through the evening before tapering to light snow showers and freezing drizzle. Total snowfall accumulations of two to five inches were observed along with a few hundredths of an inch of ice. The highest snowfall reports were across western and northern Garrett County.,,CSV
202601,24,1900,202601,26,516,209242,1303796,MARYLAND,24,2026,January,Winter Storm,Z,510,EASTERN GARRETT COUNTY MD,LWX,24-JAN-26 19:00:00,EST-5,26-JAN-26 05:16:00,0,0,0,0,,,Trained Spotter,,,,,,,,,,,,,,,,,,,,,,"An area of Arctic High pressure resided to the north prior to this storm leaving the region in an anomalously cold airmass. To the south, Gulf of America moisture was brought north by a robust southern jet stream. The intersection of these features resulted in a significant amount of wintry precipitation falling across Maryland. This was a Miller B set-up, so warm air was brought north during the event resulting in sleet and freezing rain to mix in. In terms of accumulations, snowfall amounts (which include sleet) averaged 12 to 16 across Garrett County, with a general 8 to 12 across the remainder of the area aside from southern Maryland where 4-8 was observed. If you separate sleet, a general 2 to 5 inches were reported across the state. Freezing rain amounts of a trace to locally a quarter of an inch were observed across southern Maryland. To capture the true magnitude of this event, the actual melted liquid with this storm was near 2 inches across the state.",,CSV
202601,24,1900,202601,26,100,209242,1303797,MARYLAND,24,2026,January,Winter Storm,Z,502,CENTRAL AND EASTERN ALLEGANY,LWX,24-JAN-26 19:00:00,EST-5,26-JAN-26 01:00:00,0,0,0,0,,,Trained Spotter,,,,,,,,,,,,,,,,,,,,,,"An area of Arctic High pressure resided to the north prior to this storm leaving the region in an anomalously cold airmass. To the south, Gulf of America moisture was brought north by a robust southern jet stream. The intersection of these features resulted in a significant amount of wintry precipitation falling across Maryland. This was a Miller B set-up, so warm air was brought north during the event resulting in sleet and freezing rain to mix in. In terms of accumulations, snowfall amounts (which include sleet) averaged 12 to 16 across Garrett County, with a general 8 to 12 across the remainder of the area aside from southern Maryland where 4-8 was observed. If you separate sleet, a general 2 to 5 inches were reported across the state. Freezing rain amounts of a trace to locally a quarter of an inch were observed across southern Maryland. To capture the true magnitude of this event, the actual melted liquid with this storm was near 2 inches across the state.",,CSV
202601,24,2100,202601,26,100,209242,1303802,MARYLAND,24,2026,January,Winter Storm,Z,503,NORTHWEST MONTGOMERY,LWX,24-JAN-26 21:00:00,EST-5,26-JAN-26 01:00:00,0,0,0,0,,,Trained Spotter,,,,,,,,,,,,,,,,,,,,,,"An area of Arctic High pressure resided to the north prior to this storm leaving the region in an anomalously cold airmass. To the south, Gulf of America moisture was brought north by a robust southern jet stream. The intersection of these features resulted in a significant amount of wintry precipitation falling across Maryland. This was a Miller B set-up, so warm air was brought north during the event resulting in sleet and freezing rain to mix in. In terms of accumulations, snowfall amounts (which include sleet) averaged 12 to 16 across Garrett County, with a general 8 to 12 across the remainder of the area aside from southern Maryland where 4-8 was observed. If you separate sleet, a general 2 to 5 inches were reported across the state. Freezing rain amounts of a trace to locally a quarter of an inch were observed across southern Maryland. To capture the true magnitude of this event, the actual melted liquid with this storm was near 2 inches across the state.",,CSV
202601,24,2100,202601,26,100,209242,1303803,MARYLAND,24,2026,January,Winter Storm,Z,505,NORTHWEST HOWARD,LWX,24-JAN-26 21:00:00,EST-5,26-JAN-26 01:00:00,0,0,0,0,,,Trained Spotter,,,,,,,,,,,,,,,,,,,,,,"An area of Arctic High pressure resided to the north prior to this storm leaving the region in an anomalously cold airmass. To the south, Gulf of America moisture was brought north by a robust southern jet stream. The intersection of these features resulted in a significant amount of wintry precipitation falling across Maryland. This was a Miller B set-up, so warm air was brought north during the event resulting in sleet and freezing rain to mix in. In terms of accumulations, snowfall amounts (which include sleet) averaged 12 to 16 across Garrett County, with a general 8 to 12 across the remainder of the area aside from southern Maryland where 4-8 was observed. If you separate sleet, a general 2 to 5 inches were reported across the state. Freezing rain amounts of a trace to locally a quarter of an inch were observed across southern Maryland. To capture the true magnitude of this event, the actual melted liquid with this storm was near 2 inches across the state.",,CSV
202601,24,2100,202601,26,100,209242,1303804,MARYLAND,24,2026,January,Winter Storm,Z,507,NORTHWEST HARFORD,LWX,24-JAN-26 21:00:00,EST-5,26-JAN-26 01:00:00,0,0,0,0,,,Trained Spotter,,,,,,,,,,,,,,,,,,,,,,"An area of Arctic High pressure resided to the north prior to this storm leaving the region in an anomalously cold airmass. To the south, Gulf of America moisture was brought north by a robust southern jet stream. The intersection of these features resulted in a significant amount of wintry precipitation falling across Maryland. This was a Miller B set-up, so warm air was brought north during the event resulting in sleet and freezing rain to mix in. In terms of accumulations, snowfall amounts (which include sleet) averaged 12 to 16 across Garrett County, with a general 8 to 12 across the remainder of the area aside from southern Maryland where 4-8 was observed. If you separate sleet, a general 2 to 5 inches were reported across the state. Freezing rain amounts of a trace to locally a quarter of an inch were observed across southern Maryland. To capture the true magnitude of this event, the actual melted liquid with this storm was near 2 inches across the state.",,CSV
202601,25,0,202601,26,100,209242,1303805,MARYLAND,24,2026,January,Winter Storm,Z,8,CECIL,LWX,25-JAN-26 00:00:00,EST-5,26-JAN-26 01:00:00,0,0,0,0,,,Trained Spotter,,,,,,,,,,,,,,,,,,,,,,"An area of Arctic High pressure resided to the north prior to this storm leaving the region in an anomalously cold airmass. To the south, Gulf of America moisture was brought north by a robust southern jet stream. The intersection of these features resulted in a significant amount of wintry precipitation falling across Maryland. This was a Miller B set-up, so warm air was brought north during the event resulting in sleet and freezing rain to mix in. In terms of accumulations, snowfall amounts (which include sleet) averaged 12 to 16 across Garrett County, with a general 8 to 12 across the remainder of the area aside from southern Maryland where 4-8 was observed. If you separate sleet, a general 2 to 5 inches were reported across the state. Freezing rain amounts of a trace to locally a quarter of an inch were observed across southern Maryland. To capture the true magnitude of this event, the actual melted liquid with this storm was near 2 inches across the state.",,CSV
202601,25,0,202601,26,100,209242,1303806,MARYLAND,24,2026,January,Winter Storm,Z,11,SOUTHERN BALTIMORE,LWX,25-JAN-26 00:00:00,EST-5,26-JAN-26 01:00:00,0,0,0,0,,,Trained Spotter,,,,,,,,,,,,,,,,,,,,,,"An area of Arctic High pressure resided to the north prior to this storm leaving the region in an anomalously cold airmass. To the south, Gulf of America moisture was brought north by a robust southern jet stream. The intersection of these features resulted in a significant amount of wintry precipitation falling across Maryland. This was a Miller B set-up, so warm air was brought north during the event resulting in sleet and freezing rain to mix in. In terms of accumulations, snowfall amounts (which include sleet) averaged 12 to 16 across Garrett County, with a general 8 to 12 across the remainder of the area aside from southern Maryland where 4-8 was observed. If you separate sleet, a general 2 to 5 inches were reported across the state. Freezing rain amounts of a trace to locally a quarter of an inch were observed across southern Maryland. To capture the true magnitude of this event, the actual melted liquid with this storm was near 2 inches across the state.",,CSV
202601,25,0,202601,26,100,209242,1303807,MARYLAND,24,2026,January,Winter Storm,Z,13,PRINCE GEORGES,LWX,25-JAN-26 00:00:00,EST-5,26-JAN-26 01:00:00,0,0,0,0,,,Trained Spotter,,,,,,,,,,,,,,,,,,,,,,"An area of Arctic High pressure resided to the north prior to this storm leaving the region in an anomalously cold airmass. To the south, Gulf of America moisture was brought north by a robust southern jet stream. The intersection of these features resulted in a significant amount of wintry precipitation falling across Maryland. This was a Miller B set-up, so warm air was brought north during the event resulting in sleet and freezing rain to mix in. In terms of accumulations, snowfall amounts (which include sleet) averaged 12 to 16 across Garrett County, with a general 8 to 12 across the remainder of the area aside from southern Maryland where 4-8 was observed. If you separate sleet, a general 2 to 5 inches were reported across the state. Freezing rain amounts of a trace to locally a quarter of an inch were observed across southern Maryland. To capture the true magnitude of this event, the actual melted liquid with this storm was near 2 inches across the state.",,CSV
202601,25,0,202601,26,100,209242,1303808,MARYLAND,24,2026,January,Winter Storm,Z,14,ANNE ARUNDEL,LWX,25-JAN-26 00:00:00,EST-5,26-JAN-26 01:00:00,0,0,0,0,,,Trained Spotter,,,,,,,,,,,,,,,,,,,,,,"An area of Arctic High pressure resided to the north prior to this storm leaving the region in an anomalously cold airmass. To the south, Gulf of America moisture was brought north by a robust southern jet stream. The intersection of these features resulted in a significant amount of wintry precipitation falling across Maryland. This was a Miller B set-up, so warm air was brought north during the event resulting in sleet and freezing rain to mix in. In terms of accumulations, snowfall amounts (which include sleet) averaged 12 to 16 across Garrett County, with a general 8 to 12 across the remainder of the area aside from southern Maryland where 4-8 was observed. If you separate sleet, a general 2 to 5 inches were reported across the state. Freezing rain amounts of a trace to locally a quarter of an inch were observed across southern Maryland. To capture the true magnitude of this event, the actual melted liquid with this storm was near 2 inches across the state.",,CSV
202601,25,0,202601,26,100,209242,1303809,MARYLAND,24,2026,January,Winter Storm,Z,16,CHARLES,LWX,25-JAN-26 00:00:00,EST-5,26-JAN-26 01:00:00,0,0,0,0,,,Trained Spotter,,,,,,,,,,,,,,,,,,,,,,"An area of Arctic High pressure resided to the north prior to this storm leaving the region in an anomalously cold airmass. To the south, Gulf of America moisture was brought north by a robust southern jet stream. The intersection of these features resulted in a significant amount of wintry precipitation falling across Maryland. This was a Miller B set-up, so warm air was brought north during the event resulting in sleet and freezing rain to mix in. In terms of accumulations, snowfall amounts (which include sleet) averaged 12 to 16 across Garrett County, with a general 8 to 12 across the remainder of the area aside from southern Maryland where 4-8 was observed. If you separate sleet, a general 2 to 5 inches were reported across the state. Freezing rain amounts of a trace to locally a quarter of an inch were observed across southern Maryland. To capture the true magnitude of this event, the actual melted liquid with this storm was near 2 inches across the state.",,CSV
202601,25,0,202601,26,100,209242,1303811,MARYLAND,24,2026,January,Winter Storm,Z,18,CALVERT,LWX,25-JAN-26 00:00:00,EST-5,26-JAN-26 01:00:00,0,0,0,0,,,Trained Spotter,,,,,,,,,,,,,,,,,,,,,,"An area of Arctic High pressure resided to the north prior to this storm leaving the region in an anomalously cold airmass. To the south, Gulf of America moisture was brought north by a robust southern jet stream. The intersection of these features resulted in a significant amount of wintry precipitation falling across Maryland. This was a Miller B set-up, so warm air was brought north during the event resulting in sleet and freezing rain to mix in. In terms of accumulations, snowfall amounts (which include sleet) averaged 12 to 16 across Garrett County, with a general 8 to 12 across the remainder of the area aside from southern Maryland where 4-8 was observed. If you separate sleet, a general 2 to 5 inches were reported across the state. Freezing rain amounts of a trace to locally a quarter of an inch were observed across southern Maryland. To capture the true magnitude of this event, the actual melted liquid with this storm was near 2 inches across the state.",,CSV
202601,25,0,202601,26,100,209242,1303812,MARYLAND,24,2026,January,Winter Storm,Z,504,CENTRAL AND SOUTHEAST MONTGOMERY,LWX,25-JAN-26 00:00:00,EST-5,26-JAN-26 01:00:00,0,0,0,0,,,Trained Spotter,,,,,,,,,,,,,,,,,,,,,,"An area of Arctic High pressure resided to the north prior to this storm leaving the region in an anomalously cold airmass. To the south, Gulf of America moisture was brought north by a robust southern jet stream. The intersection of these features resulted in a significant amount of wintry precipitation falling across Maryland. This was a Miller B set-up, so warm air was brought north during the event resulting in sleet and freezing rain to mix in. In terms of accumulations, snowfall amounts (which include sleet) averaged 12 to 16 across Garrett County, with a general 8 to 12 across the remainder of the area aside from southern Maryland where 4-8 was observed. If you separate sleet, a general 2 to 5 inches were reported across the state. Freezing rain amounts of a trace to locally a quarter of an inch were observed across southern Maryland. To capture the true magnitude of this event, the actual melted liquid with this storm was near 2 inches across the state.",,CSV
202601,1,2200,202601,2,1100,208532,1298955,MARYLAND,24,2026,January,Winter Weather,Z,509,WESTERN GARRETT COUNTY MD,LWX,01-JAN-26 22:00:00,EST-5,02-JAN-26 11:00:00,0,0,0,0,0.00K,0.00K,Trained Spotter,,,,,,,,,,,,,,,,,,,,,,A light wintry mix associated caused by a disturbance aloft resulted in snow accumulations less than one inch with a glaze to few hundredths of an inch of ice accretion.,,CSV
202601,25,0,202601,26,100,209242,1303813,MARYLAND,24,2026,January,Winter Storm,Z,508,SOUTHEAST HARFORD,LWX,25-JAN-26 00:00:00,EST-5,26-JAN-26 01:00:00,0,0,0,0,,,Trained Spotter,,,,,,,,,,,,,,,,,,,,,,"An area of Arctic High pressure resided to the north prior to this storm leaving the region in an anomalously cold airmass. To the south, Gulf of America moisture was brought north by a robust southern jet stream. The intersection of these features resulted in a significant amount of wintry precipitation falling across Maryland. This was a Miller B set-up, so warm air was brought north during the event resulting in sleet and freezing rain to mix in. In terms of accumulations, snowfall amounts (which include sleet) averaged 12 to 16 across Garrett County, with a general 8 to 12 across the remainder of the area aside from southern Maryland where 4-8 was observed. If you separate sleet, a general 2 to 5 inches were reported across the state. Freezing rain amounts of a trace to locally a quarter of an inch were observed across southern Maryland. To capture the true magnitude of this event, the actual melted liquid with this storm was near 2 inches across the state.",,CSV
202601,25,0,202601,26,100,209242,1303814,MARYLAND,24,2026,January,Winter Storm,Z,506,CENTRAL AND SOUTHEAST HOWARD,LWX,25-JAN-26 00:00:00,EST-5,26-JAN-26 01:00:00,0,0,0,0,,,Trained Spotter,,,,,,,,,,,,,,,,,,,,,,"An area of Arctic High pressure resided to the north prior to this storm leaving the region in an anomalously cold airmass. To the south, Gulf of America moisture was brought north by a robust southern jet stream. The intersection of these features resulted in a significant amount of wintry precipitation falling across Maryland. This was a Miller B set-up, so warm air was brought north during the event resulting in sleet and freezing rain to mix in. In terms of accumulations, snowfall amounts (which include sleet) averaged 12 to 16 across Garrett County, with a general 8 to 12 across the remainder of the area aside from southern Maryland where 4-8 was observed. If you separate sleet, a general 2 to 5 inches were reported across the state. Freezing rain amounts of a trace to locally a quarter of an inch were observed across southern Maryland. To capture the true magnitude of this event, the actual melted liquid with this storm was near 2 inches across the state.",,CSV
202601,26,516,202601,26,2300,209242,1304675,MARYLAND,24,2026,January,Winter Weather,Z,509,WESTERN GARRETT COUNTY MD,LWX,26-JAN-26 05:16:00,EST-5,26-JAN-26 23:00:00,0,0,0,0,,,Trained Spotter,,,,,,,,,,,,,,,,,,,,,,"An area of Arctic High pressure resided to the north prior to this storm leaving the region in an anomalously cold airmass. To the south, Gulf of America moisture was brought north by a robust southern jet stream. The intersection of these features resulted in a significant amount of wintry precipitation falling across Maryland. This was a Miller B set-up, so warm air was brought north during the event resulting in sleet and freezing rain to mix in. In terms of accumulations, snowfall amounts (which include sleet) averaged 12 to 16 across Garrett County, with a general 8 to 12 across the remainder of the area aside from southern Maryland where 4-8 was observed. If you separate sleet, a general 2 to 5 inches were reported across the state. Freezing rain amounts of a trace to locally a quarter of an inch were observed across southern Maryland. To capture the true magnitude of this event, the actual melted liquid with this storm was near 2 inches across the state.",Upslope snow showers continued behind the main system producing an additional 2-4 of snow. Winds also gusted to 45 mph resulting in blowing and drifting snow.,CSV
202601,25,200,202601,25,2200,210033,1310033,MARYLAND,24,2026,January,Winter Storm,Z,12,KENT,PHI,25-JAN-26 02:00:00,EST-5,25-JAN-26 22:00:00,0,0,0,0,0.00K,0.00K,CoCoRaHS,,,,,,,,,,,,,,,,,,,,,,"A powerful and expansive storm system brought widespread heavy wintry precipitation across nearly two thirds of the width of North America, stretching from the southern Rockies and southern Plains, across portions of the Midwest, Deep South, and Southeast, into the Mid-Atlantic and New England. For the Mid-Atlantic region, this was an overrunning precipitation event, with a very cold and dry, arctic airmass in place ahead of the storm. The main low pressure center passed offshore just to the south of the forecast area.||Precipitation began as all snow across the local region during the very early morning hours of January 25th. A transition to sleet occurred from south to north after dawn through midday. Some freezing rain occurred across the coastal plain of New Jersey and Delmarva during the afternoon and evening hours. Temperatures warmed above freezing across far southern New Jersey and southern Delaware where the marine front moved inland, resulting in a period of rain before precipitation ended. The marine front remained south and east of the I-95 to I-195 corridors. North of the front (along and north of the I-95 to I-195 corridors, including much of the Philadelphia metropolitan area, central and northern Delmarva) into the I-78 corridor, temperatures remained in the 10s when snow changed to sleet. Total sleet accumulations between 1-3 were reported in this region, on top of approximately 2-6 of snow.||The snow and sleet proved very challenging to remove following the storm due to the weight and density of the ice-capped snowpack and below freezing temperatures. At least 3 fatalities related to snow removal occurred in the Lehigh Valley. Snow removal took a few days in some places. Untreated or unplowed pavement remained covered in snow and/or ice for one to two weeks following the storm.||A 17 day period of largely well below freezing temperatures began the day before this storm on January 24th and continued through February 9th. This was one of the coldest 17 day periods in several decades for much of the region at the time. Mean temperatures in the period ranged from the mid 10s to low 20s. The extreme cold preserved the ice-capped, glacier-like snowpack for approximately 3 to 4 weeks following the storm. The snowpack remained across the entire region until about the third week of February, before melting away completely in most areas due to light rainfall and low temperatures remaining above freezing for a few days.",Storm total snow and sleet accumulation totals mainly ranged from 7-9. The highest report received was 10.6 in Chestertown.,CSV
202601,25,200,202601,25,2200,210033,1310034,MARYLAND,24,2026,January,Winter Storm,Z,15,QUEEN ANNES,PHI,25-JAN-26 02:00:00,EST-5,25-JAN-26 22:00:00,0,0,0,0,0.00K,0.00K,COOP Observer,,,,,,,,,,,,,,,,,,,,,,"A powerful and expansive storm system brought widespread heavy wintry precipitation across nearly two thirds of the width of North America, stretching from the southern Rockies and southern Plains, across portions of the Midwest, Deep South, and Southeast, into the Mid-Atlantic and New England. For the Mid-Atlantic region, this was an overrunning precipitation event, with a very cold and dry, arctic airmass in place ahead of the storm. The main low pressure center passed offshore just to the south of the forecast area.||Precipitation began as all snow across the local region during the very early morning hours of January 25th. A transition to sleet occurred from south to north after dawn through midday. Some freezing rain occurred across the coastal plain of New Jersey and Delmarva during the afternoon and evening hours. Temperatures warmed above freezing across far southern New Jersey and southern Delaware where the marine front moved inland, resulting in a period of rain before precipitation ended. The marine front remained south and east of the I-95 to I-195 corridors. North of the front (along and north of the I-95 to I-195 corridors, including much of the Philadelphia metropolitan area, central and northern Delmarva) into the I-78 corridor, temperatures remained in the 10s when snow changed to sleet. Total sleet accumulations between 1-3 were reported in this region, on top of approximately 2-6 of snow.||The snow and sleet proved very challenging to remove following the storm due to the weight and density of the ice-capped snowpack and below freezing temperatures. At least 3 fatalities related to snow removal occurred in the Lehigh Valley. Snow removal took a few days in some places. Untreated or unplowed pavement remained covered in snow and/or ice for one to two weeks following the storm.||A 17 day period of largely well below freezing temperatures began the day before this storm on January 24th and continued through February 9th. This was one of the coldest 17 day periods in several decades for much of the region at the time. Mean temperatures in the period ranged from the mid 10s to low 20s. The extreme cold preserved the ice-capped, glacier-like snowpack for approximately 3 to 4 weeks following the storm. The snowpack remained across the entire region until about the third week of February, before melting away completely in most areas due to light rainfall and low temperatures remaining above freezing for a few days.",Storm total snow and sleet accumulation totals mainly ranged from 7-9 based on reports from within and surrounding the county. The highest report received was 8.0 in Stevensville.,CSV
202601,25,100,202601,25,2200,210033,1310035,MARYLAND,24,2026,January,Winter Storm,Z,19,TALBOT,PHI,25-JAN-26 01:00:00,EST-5,25-JAN-26 22:00:00,0,0,0,0,0.00K,0.00K,COOP Observer,,,,,,,,,,,,,,,,,,,,,,"A powerful and expansive storm system brought widespread heavy wintry precipitation across nearly two thirds of the width of North America, stretching from the southern Rockies and southern Plains, across portions of the Midwest, Deep South, and Southeast, into the Mid-Atlantic and New England. For the Mid-Atlantic region, this was an overrunning precipitation event, with a very cold and dry, arctic airmass in place ahead of the storm. The main low pressure center passed offshore just to the south of the forecast area.||Precipitation began as all snow across the local region during the very early morning hours of January 25th. A transition to sleet occurred from south to north after dawn through midday. Some freezing rain occurred across the coastal plain of New Jersey and Delmarva during the afternoon and evening hours. Temperatures warmed above freezing across far southern New Jersey and southern Delaware where the marine front moved inland, resulting in a period of rain before precipitation ended. The marine front remained south and east of the I-95 to I-195 corridors. North of the front (along and north of the I-95 to I-195 corridors, including much of the Philadelphia metropolitan area, central and northern Delmarva) into the I-78 corridor, temperatures remained in the 10s when snow changed to sleet. Total sleet accumulations between 1-3 were reported in this region, on top of approximately 2-6 of snow.||The snow and sleet proved very challenging to remove following the storm due to the weight and density of the ice-capped snowpack and below freezing temperatures. At least 3 fatalities related to snow removal occurred in the Lehigh Valley. Snow removal took a few days in some places. Untreated or unplowed pavement remained covered in snow and/or ice for one to two weeks following the storm.||A 17 day period of largely well below freezing temperatures began the day before this storm on January 24th and continued through February 9th. This was one of the coldest 17 day periods in several decades for much of the region at the time. Mean temperatures in the period ranged from the mid 10s to low 20s. The extreme cold preserved the ice-capped, glacier-like snowpack for approximately 3 to 4 weeks following the storm. The snowpack remained across the entire region until about the third week of February, before melting away completely in most areas due to light rainfall and low temperatures remaining above freezing for a few days.",Storm total snow and sleet accumulation totals mainly ranged from 4-7 based on reports from within and surrounding the county. The highest report received was 5.2 in Royal Oak.,CSV
202601,25,100,202601,25,2200,210033,1310036,MARYLAND,24,2026,January,Winter Storm,Z,20,CAROLINE,PHI,25-JAN-26 01:00:00,EST-5,25-JAN-26 22:00:00,0,0,0,0,0.00K,0.00K,CoCoRaHS,,,,,,,,,,,,,,,,,,,,,,"A powerful and expansive storm system brought widespread heavy wintry precipitation across nearly two thirds of the width of North America, stretching from the southern Rockies and southern Plains, across portions of the Midwest, Deep South, and Southeast, into the Mid-Atlantic and New England. For the Mid-Atlantic region, this was an overrunning precipitation event, with a very cold and dry, arctic airmass in place ahead of the storm. The main low pressure center passed offshore just to the south of the forecast area.||Precipitation began as all snow across the local region during the very early morning hours of January 25th. A transition to sleet occurred from south to north after dawn through midday. Some freezing rain occurred across the coastal plain of New Jersey and Delmarva during the afternoon and evening hours. Temperatures warmed above freezing across far southern New Jersey and southern Delaware where the marine front moved inland, resulting in a period of rain before precipitation ended. The marine front remained south and east of the I-95 to I-195 corridors. North of the front (along and north of the I-95 to I-195 corridors, including much of the Philadelphia metropolitan area, central and northern Delmarva) into the I-78 corridor, temperatures remained in the 10s when snow changed to sleet. Total sleet accumulations between 1-3 were reported in this region, on top of approximately 2-6 of snow.||The snow and sleet proved very challenging to remove following the storm due to the weight and density of the ice-capped snowpack and below freezing temperatures. At least 3 fatalities related to snow removal occurred in the Lehigh Valley. Snow removal took a few days in some places. Untreated or unplowed pavement remained covered in snow and/or ice for one to two weeks following the storm.||A 17 day period of largely well below freezing temperatures began the day before this storm on January 24th and continued through February 9th. This was one of the coldest 17 day periods in several decades for much of the region at the time. Mean temperatures in the period ranged from the mid 10s to low 20s. The extreme cold preserved the ice-capped, glacier-like snowpack for approximately 3 to 4 weeks following the storm. The snowpack remained across the entire region until about the third week of February, before melting away completely in most areas due to light rainfall and low temperatures remaining above freezing for a few days.","Storm total snow and sleet accumulation totals mainly ranged from 4-8 based on reports from within and surrounding the county. The highest report received was 4.0 6 miles WSW of Denton, however additional snow and sleet occurred after this report was received.",CSV
202601,26,516,202601,26,2300,209242,1304676,MARYLAND,24,2026,January,Winter Weather,Z,510,EASTERN GARRETT COUNTY MD,LWX,26-JAN-26 05:16:00,EST-5,26-JAN-26 23:00:00,0,0,0,0,,,Trained Spotter,,,,,,,,,,,,,,,,,,,,,,"An area of Arctic High pressure resided to the north prior to this storm leaving the region in an anomalously cold airmass. To the south, Gulf of America moisture was brought north by a robust southern jet stream. The intersection of these features resulted in a significant amount of wintry precipitation falling across Maryland. This was a Miller B set-up, so warm air was brought north during the event resulting in sleet and freezing rain to mix in. In terms of accumulations, snowfall amounts (which include sleet) averaged 12 to 16 across Garrett County, with a general 8 to 12 across the remainder of the area aside from southern Maryland where 4-8 was observed. If you separate sleet, a general 2 to 5 inches were reported across the state. Freezing rain amounts of a trace to locally a quarter of an inch were observed across southern Maryland. To capture the true magnitude of this event, the actual melted liquid with this storm was near 2 inches across the state.",Upslope snow showers continued behind the main system producing an additional 2-4 of snow. Winds also gusted to 45 mph resulting in blowing and drifting snow.,CSV
202601,15,1500,202601,16,700,209485,1305748,MARYLAND,24,2026,January,Cold/Wind Chill,Z,510,EASTERN GARRETT COUNTY MD,LWX,15-JAN-26 15:00:00,EST-5,16-JAN-26 07:00:00,0,0,0,0,,,Mesonet,,,,,,,,,,,,,,,,,,,,,,Northwest winds ushered in an Arctic Airmass bringing wind chills of -10 to -15F below zero. Winds gusted to 25-35 mph at times.,,CSV
202601,15,1500,202601,16,700,209485,1305749,MARYLAND,24,2026,January,Cold/Wind Chill,Z,509,WESTERN GARRETT COUNTY MD,LWX,15-JAN-26 15:00:00,EST-5,16-JAN-26 07:00:00,0,0,0,0,,,Mesonet,,,,,,,,,,,,,,,,,,,,,,Northwest winds ushered in an Arctic Airmass bringing wind chills of -10 to -15F below zero. Winds gusted to 25-35 mph at times.,,CSV
202601,19,2000,202601,20,1300,209488,1305754,MARYLAND,24,2026,January,Cold/Wind Chill,Z,502,CENTRAL AND EASTERN ALLEGANY,LWX,19-JAN-26 20:00:00,EST-5,20-JAN-26 13:00:00,0,0,0,0,,,Mesonet,,,,,,,,,,,,,,,,,,,,,,Artic air behind a cold front ushered in dangerously cold wind chills of -15 to -25F for Extreme Cold areas and -10 to -18F for the Cold Weather areas. Winds gusted up to 35 mph at times.,,CSV
202601,19,2000,202601,20,1300,209488,1305755,MARYLAND,24,2026,January,Extreme Cold/Wind Chill,Z,509,WESTERN GARRETT COUNTY MD,LWX,19-JAN-26 20:00:00,EST-5,20-JAN-26 13:00:00,0,0,0,0,,,Mesonet,,,,,,,,,,,,,,,,,,,,,,Artic air behind a cold front ushered in dangerously cold wind chills of -15 to -25F for Extreme Cold areas and -10 to -18F for the Cold Weather areas. Winds gusted up to 35 mph at times.,,CSV
202601,19,2000,202601,20,1300,209488,1305756,MARYLAND,24,2026,January,Cold/Wind Chill,Z,510,EASTERN GARRETT COUNTY MD,LWX,19-JAN-26 20:00:00,EST-5,20-JAN-26 13:00:00,0,0,0,0,,,Mesonet,,,,,,,,,,,,,,,,,,,,,,Artic air behind a cold front ushered in dangerously cold wind chills of -15 to -25F for Extreme Cold areas and -10 to -18F for the Cold Weather areas. Winds gusted up to 35 mph at times.,,CSV
202601,6,1700,202601,7,800,209850,1308733,MARYLAND,24,2026,January,Dense Fog,Z,20,CAROLINE,PHI,06-JAN-26 17:00:00,EST-5,07-JAN-26 08:00:00,0,0,0,0,,,AWOS,,,,,,,,,,,,,,,,,,,,,,A moist air mass north of a stalled warm front resulted in widespread dense fog late on January 6th and early on January 7th. The fog dissipated after sunrise.,Several hours of dense fog was observed at Easton Airport and Delaware Airpark.,CSV
202601,6,1700,202601,7,800,209850,1308734,MARYLAND,24,2026,January,Dense Fog,Z,19,TALBOT,PHI,06-JAN-26 17:00:00,EST-5,07-JAN-26 08:00:00,0,0,0,0,,,AWOS,,,,,,,,,,,,,,,,,,,,,,A moist air mass north of a stalled warm front resulted in widespread dense fog late on January 6th and early on January 7th. The fog dissipated after sunrise.,Several hours of dense fog was observed at Easton Airport.,CSV
202601,10,800,202601,11,2102,209177,1303292,MARYLAND,24,2026,January,Winter Weather,Z,509,WESTERN GARRETT COUNTY MD,LWX,10-JAN-26 08:00:00,EST-5,11-JAN-26 21:02:00,0,0,0,0,,,Trained Spotter,,,,,,,,,,,,,,,,,,,,,,Upslope snow developed behind a departing low pressure system. This resulted in a general two to four inches of snow. Winds gusted upwards of 50 mph resulting in significant blowing and drifting of snow. The greatest amounts were west of Keyser's Ridge.,,CSV
202601,10,800,202601,11,2102,209177,1303293,MARYLAND,24,2026,January,Winter Weather,Z,510,EASTERN GARRETT COUNTY MD,LWX,10-JAN-26 08:00:00,EST-5,11-JAN-26 21:02:00,0,0,0,0,,,Trained Spotter,,,,,,,,,,,,,,,,,,,,,,Upslope snow developed behind a departing low pressure system. This resulted in a general two to four inches of snow. Winds gusted upwards of 50 mph resulting in significant blowing and drifting of snow. The greatest amounts were west of Keyser's Ridge.,,CSV
202601,14,1900,202601,15,1700,209181,1303300,MARYLAND,24,2026,January,Winter Weather,Z,509,WESTERN GARRETT COUNTY MD,LWX,14-JAN-26 19:00:00,EST-5,15-JAN-26 17:00:00,0,0,0,0,,,Trained Spotter,,,,,,,,,,,,,,,,,,,,,,"A weak clipper moved through bringing a period of upslope snow to the region. Snowfall averaged two to four inches across the western facing slopes of the Alleghenies, with slightly less in the valleys.",,CSV
202601,17,200,202601,17,1200,209182,1303304,MARYLAND,24,2026,January,Winter Weather,Z,6,NORTHERN BALTIMORE,LWX,17-JAN-26 02:00:00,EST-5,17-JAN-26 12:00:00,0,0,0,0,0.00K,0.00K,Trained Spotter,,,,,,,,,,,,,,,,,,,,,,"A period of light to moderate snow associated with a weak wave of low pressure impacted northern Maryland from the predawn hours of January 17th through midday. Snowfall totals averaged 1 to 3 inches, with the higher amounts near the Pennsylvania border.",,CSV
202601,17,200,202601,17,1200,209182,1303303,MARYLAND,24,2026,January,Winter Weather,Z,5,CARROLL,LWX,17-JAN-26 02:00:00,EST-5,17-JAN-26 12:00:00,0,0,0,0,0.00K,0.00K,Trained Spotter,,,,,,,,,,,,,,,,,,,,,,"A period of light to moderate snow associated with a weak wave of low pressure impacted northern Maryland from the predawn hours of January 17th through midday. Snowfall totals averaged 1 to 3 inches, with the higher amounts near the Pennsylvania border.",,CSV
202601,21,1500,202601,22,1000,209334,1304679,MARYLAND,24,2026,January,Winter Weather,Z,510,EASTERN GARRETT COUNTY MD,LWX,21-JAN-26 15:00:00,EST-5,22-JAN-26 10:00:00,0,0,0,0,,,Trained Spotter,,,,,,,,,,,,,,,,,,,,,,A band of steady light to moderate snow overspread western Maryland during the early afternoon of January 21. This continued steadily through the evening before tapering to light snow showers and freezing drizzle. Total snowfall accumulations of two to five inches were observed along with a few hundredths of an inch of ice. The highest snowfall reports were across western and northern Garrett County.,,CSV
202601,24,2100,202601,26,100,209242,1303800,MARYLAND,24,2026,January,Winter Storm,Z,5,CARROLL,LWX,24-JAN-26 21:00:00,EST-5,26-JAN-26 01:00:00,0,0,0,0,,,Trained Spotter,,,,,,,,,,,,,,,,,,,,,,"An area of Arctic High pressure resided to the north prior to this storm leaving the region in an anomalously cold airmass. To the south, Gulf of America moisture was brought north by a robust southern jet stream. The intersection of these features resulted in a significant amount of wintry precipitation falling across Maryland. This was a Miller B set-up, so warm air was brought north during the event resulting in sleet and freezing rain to mix in. In terms of accumulations, snowfall amounts (which include sleet) averaged 12 to 16 across Garrett County, with a general 8 to 12 across the remainder of the area aside from southern Maryland where 4-8 was observed. If you separate sleet, a general 2 to 5 inches were reported across the state. Freezing rain amounts of a trace to locally a quarter of an inch were observed across southern Maryland. To capture the true magnitude of this event, the actual melted liquid with this storm was near 2 inches across the state.",,CSV
202601,25,0,202601,26,100,209242,1303810,MARYLAND,24,2026,January,Winter Storm,Z,17,ST. MARY'S,LWX,25-JAN-26 00:00:00,EST-5,26-JAN-26 01:00:00,0,0,0,0,,,Trained Spotter,,,,,,,,,,,,,,,,,,,,,,"An area of Arctic High pressure resided to the north prior to this storm leaving the region in an anomalously cold airmass. To the south, Gulf of America moisture was brought north by a robust southern jet stream. The intersection of these features resulted in a significant amount of wintry precipitation falling across Maryland. This was a Miller B set-up, so warm air was brought north during the event resulting in sleet and freezing rain to mix in. In terms of accumulations, snowfall amounts (which include sleet) averaged 12 to 16 across Garrett County, with a general 8 to 12 across the remainder of the area aside from southern Maryland where 4-8 was observed. If you separate sleet, a general 2 to 5 inches were reported across the state. Freezing rain amounts of a trace to locally a quarter of an inch were observed across southern Maryland. To capture the true magnitude of this event, the actual melted liquid with this storm was near 2 inches across the state.",,CSV
202601,24,2100,202601,26,100,209242,1303799,MARYLAND,24,2026,January,Winter Storm,Z,4,FREDERICK,LWX,24-JAN-26 21:00:00,EST-5,26-JAN-26 01:00:00,0,0,0,0,,,Trained Spotter,,,,,,,,,,,,,,,,,,,,,,"An area of Arctic High pressure resided to the north prior to this storm leaving the region in an anomalously cold airmass. To the south, Gulf of America moisture was brought north by a robust southern jet stream. The intersection of these features resulted in a significant amount of wintry precipitation falling across Maryland. This was a Miller B set-up, so warm air was brought north during the event resulting in sleet and freezing rain to mix in. In terms of accumulations, snowfall amounts (which include sleet) averaged 12 to 16 across Garrett County, with a general 8 to 12 across the remainder of the area aside from southern Maryland where 4-8 was observed. If you separate sleet, a general 2 to 5 inches were reported across the state. Freezing rain amounts of a trace to locally a quarter of an inch were observed across southern Maryland. To capture the true magnitude of this event, the actual melted liquid with this storm was near 2 inches across the state.",,CSV
202601,24,2100,202601,26,100,209242,1303798,MARYLAND,24,2026,January,Winter Storm,Z,3,WASHINGTON,LWX,24-JAN-26 21:00:00,EST-5,26-JAN-26 01:00:00,0,0,0,0,,,Trained Spotter,,,,,,,,,,,,,,,,,,,,,,"An area of Arctic High pressure resided to the north prior to this storm leaving the region in an anomalously cold airmass. To the south, Gulf of America moisture was brought north by a robust southern jet stream. The intersection of these features resulted in a significant amount of wintry precipitation falling across Maryland. This was a Miller B set-up, so warm air was brought north during the event resulting in sleet and freezing rain to mix in. In terms of accumulations, snowfall amounts (which include sleet) averaged 12 to 16 across Garrett County, with a general 8 to 12 across the remainder of the area aside from southern Maryland where 4-8 was observed. If you separate sleet, a general 2 to 5 inches were reported across the state. Freezing rain amounts of a trace to locally a quarter of an inch were observed across southern Maryland. To capture the true magnitude of this event, the actual melted liquid with this storm was near 2 inches across the state.",,CSV
202601,24,2100,202601,26,100,209242,1303801,MARYLAND,24,2026,January,Winter Storm,Z,6,NORTHERN BALTIMORE,LWX,24-JAN-26 21:00:00,EST-5,26-JAN-26 01:00:00,0,0,0,0,,,Trained Spotter,,,,,,,,,,,,,,,,,,,,,,"An area of Arctic High pressure resided to the north prior to this storm leaving the region in an anomalously cold airmass. To the south, Gulf of America moisture was brought north by a robust southern jet stream. The intersection of these features resulted in a significant amount of wintry precipitation falling across Maryland. This was a Miller B set-up, so warm air was brought north during the event resulting in sleet and freezing rain to mix in. In terms of accumulations, snowfall amounts (which include sleet) averaged 12 to 16 across Garrett County, with a general 8 to 12 across the remainder of the area aside from southern Maryland where 4-8 was observed. If you separate sleet, a general 2 to 5 inches were reported across the state. Freezing rain amounts of a trace to locally a quarter of an inch were observed across southern Maryland. To capture the true magnitude of this event, the actual melted liquid with this storm was near 2 inches across the state.",,CSV
202601,19,2000,202601,20,1300,209488,1305753,MARYLAND,24,2026,January,Cold/Wind Chill,Z,501,EXTREME WESTERN ALLEGANY,LWX,19-JAN-26 20:00:00,EST-5,20-JAN-26 13:00:00,0,0,0,0,,,Mesonet,,,,,,,,,,,,,,,,,,,,,,Artic air behind a cold front ushered in dangerously cold wind chills of -15 to -25F for Extreme Cold areas and -10 to -18F for the Cold Weather areas. Winds gusted up to 35 mph at times.,,CSV
202601,23,2000,202601,31,2359,209492,1305949,MARYLAND,24,2026,January,Extreme Cold/Wind Chill,Z,8,CECIL,LWX,23-JAN-26 20:00:00,EST-5,31-JAN-26 23:59:00,0,0,0,0,0.00K,0.00K,Mesonet,,,,,,,,,,,,,,,,,,,,,,"A rather anomalous Arctic Outbreak settled in ahead of the January 25th Winter Storm with reinforcing shots through the last week of January. The remarkable aspect of this outbreak was the duration, especially for the Mid-Atlantic. The coldest nights (January 27th, 30th, and 31st) featured Extreme Cold Warnings. Other nights, Cold Weather Advisories were in effect. For far western Maryland, minimum wind chills of -20 to -30F were observed. For central Maryland, minimum wind chills of -10 to -20F were observed. Along and east of I-95, minimum wind chills of 0 to -10F were observed. The coldest wind chills were overnight.",,CSV
202601,23,2000,202601,31,2359,209492,1305951,MARYLAND,24,2026,January,Extreme Cold/Wind Chill,Z,14,ANNE ARUNDEL,LWX,23-JAN-26 20:00:00,EST-5,31-JAN-26 23:59:00,0,0,0,0,0.00K,0.00K,Mesonet,,,,,,,,,,,,,,,,,,,,,,"A rather anomalous Arctic Outbreak settled in ahead of the January 25th Winter Storm with reinforcing shots through the last week of January. The remarkable aspect of this outbreak was the duration, especially for the Mid-Atlantic. The coldest nights (January 27th, 30th, and 31st) featured Extreme Cold Warnings. Other nights, Cold Weather Advisories were in effect. For far western Maryland, minimum wind chills of -20 to -30F were observed. For central Maryland, minimum wind chills of -10 to -20F were observed. Along and east of I-95, minimum wind chills of 0 to -10F were observed. The coldest wind chills were overnight.",,CSV
202601,23,2000,202601,31,2359,209492,1305952,MARYLAND,24,2026,January,Extreme Cold/Wind Chill,Z,18,CALVERT,LWX,23-JAN-26 20:00:00,EST-5,31-JAN-26 23:59:00,0,0,0,0,0.00K,0.00K,Mesonet,,,,,,,,,,,,,,,,,,,,,,"A rather anomalous Arctic Outbreak settled in ahead of the January 25th Winter Storm with reinforcing shots through the last week of January. The remarkable aspect of this outbreak was the duration, especially for the Mid-Atlantic. The coldest nights (January 27th, 30th, and 31st) featured Extreme Cold Warnings. Other nights, Cold Weather Advisories were in effect. For far western Maryland, minimum wind chills of -20 to -30F were observed. For central Maryland, minimum wind chills of -10 to -20F were observed. Along and east of I-95, minimum wind chills of 0 to -10F were observed. The coldest wind chills were overnight.",,CSV
202601,23,2000,202601,31,2359,209492,1305953,MARYLAND,24,2026,January,Extreme Cold/Wind Chill,Z,502,CENTRAL AND EASTERN ALLEGANY,LWX,23-JAN-26 20:00:00,EST-5,31-JAN-26 23:59:00,0,0,0,0,0.00K,0.00K,Mesonet,,,,,,,,,,,,,,,,,,,,,,"A rather anomalous Arctic Outbreak settled in ahead of the January 25th Winter Storm with reinforcing shots through the last week of January. The remarkable aspect of this outbreak was the duration, especially for the Mid-Atlantic. The coldest nights (January 27th, 30th, and 31st) featured Extreme Cold Warnings. Other nights, Cold Weather Advisories were in effect. For far western Maryland, minimum wind chills of -20 to -30F were observed. For central Maryland, minimum wind chills of -10 to -20F were observed. Along and east of I-95, minimum wind chills of 0 to -10F were observed. The coldest wind chills were overnight.",,CSV
202601,23,2000,202601,31,2359,209492,1305954,MARYLAND,24,2026,January,Extreme Cold/Wind Chill,Z,506,CENTRAL AND SOUTHEAST HOWARD,LWX,23-JAN-26 20:00:00,EST-5,31-JAN-26 23:59:00,0,0,0,0,0.00K,0.00K,Mesonet,,,,,,,,,,,,,,,,,,,,,,"A rather anomalous Arctic Outbreak settled in ahead of the January 25th Winter Storm with reinforcing shots through the last week of January. The remarkable aspect of this outbreak was the duration, especially for the Mid-Atlantic. The coldest nights (January 27th, 30th, and 31st) featured Extreme Cold Warnings. Other nights, Cold Weather Advisories were in effect. For far western Maryland, minimum wind chills of -20 to -30F were observed. For central Maryland, minimum wind chills of -10 to -20F were observed. Along and east of I-95, minimum wind chills of 0 to -10F were observed. The coldest wind chills were overnight.",,CSV
202601,23,2000,202601,31,2359,209492,1305955,MARYLAND,24,2026,January,Extreme Cold/Wind Chill,Z,504,CENTRAL AND SOUTHEAST MONTGOMERY,LWX,23-JAN-26 20:00:00,EST-5,31-JAN-26 23:59:00,0,0,0,0,0.00K,0.00K,Mesonet,,,,,,,,,,,,,,,,,,,,,,"A rather anomalous Arctic Outbreak settled in ahead of the January 25th Winter Storm with reinforcing shots through the last week of January. The remarkable aspect of this outbreak was the duration, especially for the Mid-Atlantic. The coldest nights (January 27th, 30th, and 31st) featured Extreme Cold Warnings. Other nights, Cold Weather Advisories were in effect. For far western Maryland, minimum wind chills of -20 to -30F were observed. For central Maryland, minimum wind chills of -10 to -20F were observed. Along and east of I-95, minimum wind chills of 0 to -10F were observed. The coldest wind chills were overnight.",,CSV
202601,23,2000,202601,31,2359,209492,1305956,MARYLAND,24,2026,January,Extreme Cold/Wind Chill,Z,16,CHARLES,LWX,23-JAN-26 20:00:00,EST-5,31-JAN-26 23:59:00,0,0,0,0,0.00K,0.00K,Mesonet,,,,,,,,,,,,,,,,,,,,,,"A rather anomalous Arctic Outbreak settled in ahead of the January 25th Winter Storm with reinforcing shots through the last week of January. The remarkable aspect of this outbreak was the duration, especially for the Mid-Atlantic. The coldest nights (January 27th, 30th, and 31st) featured Extreme Cold Warnings. Other nights, Cold Weather Advisories were in effect. For far western Maryland, minimum wind chills of -20 to -30F were observed. For central Maryland, minimum wind chills of -10 to -20F were observed. Along and east of I-95, minimum wind chills of 0 to -10F were observed. The coldest wind chills were overnight.",,CSV
202601,23,2000,202601,31,2359,209492,1305957,MARYLAND,24,2026,January,Extreme Cold/Wind Chill,Z,510,EASTERN GARRETT COUNTY MD,LWX,23-JAN-26 20:00:00,EST-5,31-JAN-26 23:59:00,0,0,0,0,0.00K,0.00K,Mesonet,,,,,,,,,,,,,,,,,,,,,,"A rather anomalous Arctic Outbreak settled in ahead of the January 25th Winter Storm with reinforcing shots through the last week of January. The remarkable aspect of this outbreak was the duration, especially for the Mid-Atlantic. The coldest nights (January 27th, 30th, and 31st) featured Extreme Cold Warnings. Other nights, Cold Weather Advisories were in effect. For far western Maryland, minimum wind chills of -20 to -30F were observed. For central Maryland, minimum wind chills of -10 to -20F were observed. Along and east of I-95, minimum wind chills of 0 to -10F were observed. The coldest wind chills were overnight.",,CSV
202601,23,2000,202601,31,2359,209492,1305958,MARYLAND,24,2026,January,Extreme Cold/Wind Chill,Z,501,EXTREME WESTERN ALLEGANY,LWX,23-JAN-26 20:00:00,EST-5,31-JAN-26 23:59:00,0,0,0,0,0.00K,0.00K,Mesonet,,,,,,,,,,,,,,,,,,,,,,"A rather anomalous Arctic Outbreak settled in ahead of the January 25th Winter Storm with reinforcing shots through the last week of January. The remarkable aspect of this outbreak was the duration, especially for the Mid-Atlantic. The coldest nights (January 27th, 30th, and 31st) featured Extreme Cold Warnings. Other nights, Cold Weather Advisories were in effect. For far western Maryland, minimum wind chills of -20 to -30F were observed. For central Maryland, minimum wind chills of -10 to -20F were observed. Along and east of I-95, minimum wind chills of 0 to -10F were observed. The coldest wind chills were overnight.",,CSV
202601,23,2000,202601,31,2359,209492,1305959,MARYLAND,24,2026,January,Extreme Cold/Wind Chill,Z,4,FREDERICK,LWX,23-JAN-26 20:00:00,EST-5,31-JAN-26 23:59:00,0,0,0,0,0.00K,0.00K,Mesonet,,,,,,,,,,,,,,,,,,,,,,"A rather anomalous Arctic Outbreak settled in ahead of the January 25th Winter Storm with reinforcing shots through the last week of January. The remarkable aspect of this outbreak was the duration, especially for the Mid-Atlantic. The coldest nights (January 27th, 30th, and 31st) featured Extreme Cold Warnings. Other nights, Cold Weather Advisories were in effect. For far western Maryland, minimum wind chills of -20 to -30F were observed. For central Maryland, minimum wind chills of -10 to -20F were observed. Along and east of I-95, minimum wind chills of 0 to -10F were observed. The coldest wind chills were overnight.",,CSV
202601,23,2000,202601,31,2359,209492,1305960,MARYLAND,24,2026,January,Extreme Cold/Wind Chill,Z,6,NORTHERN BALTIMORE,LWX,23-JAN-26 20:00:00,EST-5,31-JAN-26 23:59:00,0,0,0,0,0.00K,0.00K,Mesonet,,,,,,,,,,,,,,,,,,,,,,"A rather anomalous Arctic Outbreak settled in ahead of the January 25th Winter Storm with reinforcing shots through the last week of January. The remarkable aspect of this outbreak was the duration, especially for the Mid-Atlantic. The coldest nights (January 27th, 30th, and 31st) featured Extreme Cold Warnings. Other nights, Cold Weather Advisories were in effect. For far western Maryland, minimum wind chills of -20 to -30F were observed. For central Maryland, minimum wind chills of -10 to -20F were observed. Along and east of I-95, minimum wind chills of 0 to -10F were observed. The coldest wind chills were overnight.",,CSV
202601,23,2000,202601,31,2359,209492,1305961,MARYLAND,24,2026,January,Extreme Cold/Wind Chill,Z,507,NORTHWEST HARFORD,LWX,23-JAN-26 20:00:00,EST-5,31-JAN-26 23:59:00,0,0,0,0,0.00K,0.00K,Mesonet,,,,,,,,,,,,,,,,,,,,,,"A rather anomalous Arctic Outbreak settled in ahead of the January 25th Winter Storm with reinforcing shots through the last week of January. The remarkable aspect of this outbreak was the duration, especially for the Mid-Atlantic. The coldest nights (January 27th, 30th, and 31st) featured Extreme Cold Warnings. Other nights, Cold Weather Advisories were in effect. For far western Maryland, minimum wind chills of -20 to -30F were observed. For central Maryland, minimum wind chills of -10 to -20F were observed. Along and east of I-95, minimum wind chills of 0 to -10F were observed. The coldest wind chills were overnight.",,CSV
202601,23,2000,202601,31,2359,209492,1305962,MARYLAND,24,2026,January,Extreme Cold/Wind Chill,Z,505,NORTHWEST HOWARD,LWX,23-JAN-26 20:00:00,EST-5,31-JAN-26 23:59:00,0,0,0,0,0.00K,0.00K,Mesonet,,,,,,,,,,,,,,,,,,,,,,"A rather anomalous Arctic Outbreak settled in ahead of the January 25th Winter Storm with reinforcing shots through the last week of January. The remarkable aspect of this outbreak was the duration, especially for the Mid-Atlantic. The coldest nights (January 27th, 30th, and 31st) featured Extreme Cold Warnings. Other nights, Cold Weather Advisories were in effect. For far western Maryland, minimum wind chills of -20 to -30F were observed. For central Maryland, minimum wind chills of -10 to -20F were observed. Along and east of I-95, minimum wind chills of 0 to -10F were observed. The coldest wind chills were overnight.",,CSV
202601,23,2000,202601,31,2359,209492,1305963,MARYLAND,24,2026,January,Extreme Cold/Wind Chill,Z,503,NORTHWEST MONTGOMERY,LWX,23-JAN-26 20:00:00,EST-5,31-JAN-26 23:59:00,0,0,0,0,0.00K,0.00K,Mesonet,,,,,,,,,,,,,,,,,,,,,,"A rather anomalous Arctic Outbreak settled in ahead of the January 25th Winter Storm with reinforcing shots through the last week of January. The remarkable aspect of this outbreak was the duration, especially for the Mid-Atlantic. The coldest nights (January 27th, 30th, and 31st) featured Extreme Cold Warnings. Other nights, Cold Weather Advisories were in effect. For far western Maryland, minimum wind chills of -20 to -30F were observed. For central Maryland, minimum wind chills of -10 to -20F were observed. Along and east of I-95, minimum wind chills of 0 to -10F were observed. The coldest wind chills were overnight.",,CSV
202601,23,2000,202601,31,2359,209492,1305964,MARYLAND,24,2026,January,Extreme Cold/Wind Chill,Z,13,PRINCE GEORGES,LWX,23-JAN-26 20:00:00,EST-5,31-JAN-26 23:59:00,0,0,0,0,0.00K,0.00K,Mesonet,,,,,,,,,,,,,,,,,,,,,,"A rather anomalous Arctic Outbreak settled in ahead of the January 25th Winter Storm with reinforcing shots through the last week of January. The remarkable aspect of this outbreak was the duration, especially for the Mid-Atlantic. The coldest nights (January 27th, 30th, and 31st) featured Extreme Cold Warnings. Other nights, Cold Weather Advisories were in effect. For far western Maryland, minimum wind chills of -20 to -30F were observed. For central Maryland, minimum wind chills of -10 to -20F were observed. Along and east of I-95, minimum wind chills of 0 to -10F were observed. The coldest wind chills were overnight.",,CSV
202601,23,2000,202601,31,2359,209492,1305965,MARYLAND,24,2026,January,Extreme Cold/Wind Chill,Z,508,SOUTHEAST HARFORD,LWX,23-JAN-26 20:00:00,EST-5,31-JAN-26 23:59:00,0,0,0,0,0.00K,0.00K,Mesonet,,,,,,,,,,,,,,,,,,,,,,"A rather anomalous Arctic Outbreak settled in ahead of the January 25th Winter Storm with reinforcing shots through the last week of January. The remarkable aspect of this outbreak was the duration, especially for the Mid-Atlantic. The coldest nights (January 27th, 30th, and 31st) featured Extreme Cold Warnings. Other nights, Cold Weather Advisories were in effect. For far western Maryland, minimum wind chills of -20 to -30F were observed. For central Maryland, minimum wind chills of -10 to -20F were observed. Along and east of I-95, minimum wind chills of 0 to -10F were observed. The coldest wind chills were overnight.",,CSV
202601,23,2000,202601,31,2359,209492,1305966,MARYLAND,24,2026,January,Extreme Cold/Wind Chill,Z,11,SOUTHERN BALTIMORE,LWX,23-JAN-26 20:00:00,EST-5,31-JAN-26 23:59:00,0,0,0,0,0.00K,0.00K,Mesonet,,,,,,,,,,,,,,,,,,,,,,"A rather anomalous Arctic Outbreak settled in ahead of the January 25th Winter Storm with reinforcing shots through the last week of January. The remarkable aspect of this outbreak was the duration, especially for the Mid-Atlantic. The coldest nights (January 27th, 30th, and 31st) featured Extreme Cold Warnings. Other nights, Cold Weather Advisories were in effect. For far western Maryland, minimum wind chills of -20 to -30F were observed. For central Maryland, minimum wind chills of -10 to -20F were observed. Along and east of I-95, minimum wind chills of 0 to -10F were observed. The coldest wind chills were overnight.",,CSV
202601,23,2000,202601,31,2359,209492,1305967,MARYLAND,24,2026,January,Extreme Cold/Wind Chill,Z,17,ST. MARY'S,LWX,23-JAN-26 20:00:00,EST-5,31-JAN-26 23:59:00,0,0,0,0,0.00K,0.00K,Mesonet,,,,,,,,,,,,,,,,,,,,,,"A rather anomalous Arctic Outbreak settled in ahead of the January 25th Winter Storm with reinforcing shots through the last week of January. The remarkable aspect of this outbreak was the duration, especially for the Mid-Atlantic. The coldest nights (January 27th, 30th, and 31st) featured Extreme Cold Warnings. Other nights, Cold Weather Advisories were in effect. For far western Maryland, minimum wind chills of -20 to -30F were observed. For central Maryland, minimum wind chills of -10 to -20F were observed. Along and east of I-95, minimum wind chills of 0 to -10F were observed. The coldest wind chills were overnight.",,CSV
202601,23,2000,202601,31,2359,209492,1305968,MARYLAND,24,2026,January,Extreme Cold/Wind Chill,Z,3,WASHINGTON,LWX,23-JAN-26 20:00:00,EST-5,31-JAN-26 23:59:00,0,0,0,0,0.00K,0.00K,Mesonet,,,,,,,,,,,,,,,,,,,,,,"A rather anomalous Arctic Outbreak settled in ahead of the January 25th Winter Storm with reinforcing shots through the last week of January. The remarkable aspect of this outbreak was the duration, especially for the Mid-Atlantic. The coldest nights (January 27th, 30th, and 31st) featured Extreme Cold Warnings. Other nights, Cold Weather Advisories were in effect. For far western Maryland, minimum wind chills of -20 to -30F were observed. For central Maryland, minimum wind chills of -10 to -20F were observed. Along and east of I-95, minimum wind chills of 0 to -10F were observed. The coldest wind chills were overnight.",,CSV
202601,23,2000,202601,31,2359,209492,1305969,MARYLAND,24,2026,January,Extreme Cold/Wind Chill,Z,509,WESTERN GARRETT COUNTY MD,LWX,23-JAN-26 20:00:00,EST-5,31-JAN-26 23:59:00,0,0,0,0,0.00K,0.00K,Mesonet,,,,,,,,,,,,,,,,,,,,,,"A rather anomalous Arctic Outbreak settled in ahead of the January 25th Winter Storm with reinforcing shots through the last week of January. The remarkable aspect of this outbreak was the duration, especially for the Mid-Atlantic. The coldest nights (January 27th, 30th, and 31st) featured Extreme Cold Warnings. Other nights, Cold Weather Advisories were in effect. For far western Maryland, minimum wind chills of -20 to -30F were observed. For central Maryland, minimum wind chills of -10 to -20F were observed. Along and east of I-95, minimum wind chills of 0 to -10F were observed. The coldest wind chills were overnight.",,CSV
202601,23,2000,202601,31,2359,209492,1305770,MARYLAND,24,2026,January,Extreme Cold/Wind Chill,Z,6,NORTHERN BALTIMORE,LWX,23-JAN-26 20:00:00,EST-5,31-JAN-26 23:59:00,0,0,0,0,0.00K,0.00K,Mesonet,,,,,,,,,,,,,,,,,,,,,,"A rather anomalous Arctic Outbreak settled in ahead of the January 25th Winter Storm with reinforcing shots through the last week of January. The remarkable aspect of this outbreak was the duration, especially for the Mid-Atlantic. The coldest nights (January 27th, 30th, and 31st) featured Extreme Cold Warnings. Other nights, Cold Weather Advisories were in effect. For far western Maryland, minimum wind chills of -20 to -30F were observed. For central Maryland, minimum wind chills of -10 to -20F were observed. Along and east of I-95, minimum wind chills of 0 to -10F were observed. The coldest wind chills were overnight.",,CSV
202601,23,2000,202601,31,2359,209492,1305950,MARYLAND,24,2026,January,Extreme Cold/Wind Chill,Z,5,CARROLL,LWX,23-JAN-26 20:00:00,EST-5,31-JAN-26 23:59:00,0,0,0,0,0.00K,0.00K,Mesonet,,,,,,,,,,,,,,,,,,,,,,"A rather anomalous Arctic Outbreak settled in ahead of the January 25th Winter Storm with reinforcing shots through the last week of January. The remarkable aspect of this outbreak was the duration, especially for the Mid-Atlantic. The coldest nights (January 27th, 30th, and 31st) featured Extreme Cold Warnings. Other nights, Cold Weather Advisories were in effect. For far western Maryland, minimum wind chills of -20 to -30F were observed. For central Maryland, minimum wind chills of -10 to -20F were observed. Along and east of I-95, minimum wind chills of 0 to -10F were observed. The coldest wind chills were overnight.",,CSV
202601,24,2200,202601,26,1900,210244,1311400,MARYLAND,24,2026,January,Winter Storm,Z,21,DORCHESTER,AKQ,24-JAN-26 22:00:00,EST-5,26-JAN-26 19:00:00,0,0,0,0,0.00K,0.00K,911 Call Center,,,,,,,,,,,,,,,,,,,,,,"A southern stream disturbance brought moisture over a very cold low level airmass on January 24 and 25th, 2026. Precipitation began as snow late on January 24 across the region but transitioned to a mix of mostly sleet and some freezing rain as temperatures warmed aloft on the 25th and 26th of January.","Snow and sleet accumulations across the county ranged from 2-3.5 before transitioning to freezing rain. The 911 call center reported a measurement of 0.25 of freezing rain just south of Cambridge, MD.",CSV
202601,24,1300,202601,26,1900,210244,1312686,MARYLAND,24,2026,January,Winter Storm,Z,24,INLAND WORCESTER,AKQ,24-JAN-26 13:00:00,EST-5,26-JAN-26 19:00:00,0,0,0,0,0.00K,0.00K,Trained Spotter,,,,,,,,,,,,,,,,,,,,,,"A southern stream disturbance brought moisture over a very cold low level airmass on January 24 and 25th, 2026. Precipitation began as snow late on January 24 across the region but transitioned to a mix of mostly sleet and some freezing rain as temperatures warmed aloft on the 25th and 26th of January.","Snowfall ranged from 2-4 across the county. A trained spotter reported 4 of snow just across the state line in Shelbyville, DE.",CSV
202602,7,400,202602,9,1000,210375,1312480,MARYLAND,24,2026,February,Extreme Cold/Wind Chill,Z,501,EXTREME WESTERN ALLEGANY,LWX,07-FEB-26 04:00:00,EST-5,09-FEB-26 10:00:00,0,0,0,0,,,Mesonet,,,,,,,,,,,,,,,,,,,,,,"Another shot of Arctic Air spilled in February 7th through February 9th. For the mountains, minimum wind chills of -20 to -30F were observed. For the central Maryland, minimum wind chills of -5 to -20F were observed. Areas along the I-95 corridor into southern Maryland saw minimum wind chills around 0F. The coldest wind chills were overnight.",,CSV
202602,7,400,202602,9,1000,210375,1312481,MARYLAND,24,2026,February,Extreme Cold/Wind Chill,Z,509,WESTERN GARRETT COUNTY MD,LWX,07-FEB-26 04:00:00,EST-5,09-FEB-26 10:00:00,0,0,0,0,,,Mesonet,,,,,,,,,,,,,,,,,,,,,,"Another shot of Arctic Air spilled in February 7th through February 9th. For the mountains, minimum wind chills of -20 to -30F were observed. For the central Maryland, minimum wind chills of -5 to -20F were observed. Areas along the I-95 corridor into southern Maryland saw minimum wind chills around 0F. The coldest wind chills were overnight.",,CSV
202602,7,400,202602,9,1000,210375,1312484,MARYLAND,24,2026,February,Extreme Cold/Wind Chill,Z,6,NORTHERN BALTIMORE,LWX,07-FEB-26 04:00:00,EST-5,09-FEB-26 10:00:00,0,0,0,0,,,Mesonet,,,,,,,,,,,,,,,,,,,,,,"Another shot of Arctic Air spilled in February 7th through February 9th. For the mountains, minimum wind chills of -20 to -30F were observed. For the central Maryland, minimum wind chills of -5 to -20F were observed. Areas along the I-95 corridor into southern Maryland saw minimum wind chills around 0F. The coldest wind chills were overnight.",,CSV
202602,7,400,202602,9,1000,210375,1312485,MARYLAND,24,2026,February,Extreme Cold/Wind Chill,Z,8,CECIL,LWX,07-FEB-26 04:00:00,EST-5,09-FEB-26 10:00:00,0,0,0,0,,,Mesonet,,,,,,,,,,,,,,,,,,,,,,"Another shot of Arctic Air spilled in February 7th through February 9th. For the mountains, minimum wind chills of -20 to -30F were observed. For the central Maryland, minimum wind chills of -5 to -20F were observed. Areas along the I-95 corridor into southern Maryland saw minimum wind chills around 0F. The coldest wind chills were overnight.",,CSV
202602,7,400,202602,9,1000,210375,1312486,MARYLAND,24,2026,February,Extreme Cold/Wind Chill,Z,11,SOUTHERN BALTIMORE,LWX,07-FEB-26 04:00:00,EST-5,09-FEB-26 10:00:00,0,0,0,0,,,Mesonet,,,,,,,,,,,,,,,,,,,,,,"Another shot of Arctic Air spilled in February 7th through February 9th. For the mountains, minimum wind chills of -20 to -30F were observed. For the central Maryland, minimum wind chills of -5 to -20F were observed. Areas along the I-95 corridor into southern Maryland saw minimum wind chills around 0F. The coldest wind chills were overnight.",,CSV
202602,7,400,202602,9,1000,210375,1312487,MARYLAND,24,2026,February,Extreme Cold/Wind Chill,Z,503,NORTHWEST MONTGOMERY,LWX,07-FEB-26 04:00:00,EST-5,09-FEB-26 10:00:00,0,0,0,0,,,Mesonet,,,,,,,,,,,,,,,,,,,,,,"Another shot of Arctic Air spilled in February 7th through February 9th. For the mountains, minimum wind chills of -20 to -30F were observed. For the central Maryland, minimum wind chills of -5 to -20F were observed. Areas along the I-95 corridor into southern Maryland saw minimum wind chills around 0F. The coldest wind chills were overnight.",,CSV
202602,7,400,202602,9,1000,210375,1312488,MARYLAND,24,2026,February,Extreme Cold/Wind Chill,Z,503,NORTHWEST MONTGOMERY,LWX,07-FEB-26 04:00:00,EST-5,09-FEB-26 10:00:00,0,0,0,0,,,Mesonet,,,,,,,,,,,,,,,,,,,,,,"Another shot of Arctic Air spilled in February 7th through February 9th. For the mountains, minimum wind chills of -20 to -30F were observed. For the central Maryland, minimum wind chills of -5 to -20F were observed. Areas along the I-95 corridor into southern Maryland saw minimum wind chills around 0F. The coldest wind chills were overnight.",,CSV
202602,7,400,202602,9,1000,210375,1312489,MARYLAND,24,2026,February,Extreme Cold/Wind Chill,Z,505,NORTHWEST HOWARD,LWX,07-FEB-26 04:00:00,EST-5,09-FEB-26 10:00:00,0,0,0,0,,,Mesonet,,,,,,,,,,,,,,,,,,,,,,"Another shot of Arctic Air spilled in February 7th through February 9th. For the mountains, minimum wind chills of -20 to -30F were observed. For the central Maryland, minimum wind chills of -5 to -20F were observed. Areas along the I-95 corridor into southern Maryland saw minimum wind chills around 0F. The coldest wind chills were overnight.",,CSV
202602,7,400,202602,9,1000,210375,1312490,MARYLAND,24,2026,February,Extreme Cold/Wind Chill,Z,506,CENTRAL AND SOUTHEAST HOWARD,LWX,07-FEB-26 04:00:00,EST-5,09-FEB-26 10:00:00,0,0,0,0,,,Mesonet,,,,,,,,,,,,,,,,,,,,,,"Another shot of Arctic Air spilled in February 7th through February 9th. For the mountains, minimum wind chills of -20 to -30F were observed. For the central Maryland, minimum wind chills of -5 to -20F were observed. Areas along the I-95 corridor into southern Maryland saw minimum wind chills around 0F. The coldest wind chills were overnight.",,CSV
202602,7,400,202602,9,1000,210375,1312491,MARYLAND,24,2026,February,Extreme Cold/Wind Chill,Z,507,NORTHWEST HARFORD,LWX,07-FEB-26 04:00:00,EST-5,09-FEB-26 10:00:00,0,0,0,0,,,Mesonet,,,,,,,,,,,,,,,,,,,,,,"Another shot of Arctic Air spilled in February 7th through February 9th. For the mountains, minimum wind chills of -20 to -30F were observed. For the central Maryland, minimum wind chills of -5 to -20F were observed. Areas along the I-95 corridor into southern Maryland saw minimum wind chills around 0F. The coldest wind chills were overnight.",,CSV
202602,7,400,202602,9,1000,210375,1312492,MARYLAND,24,2026,February,Extreme Cold/Wind Chill,Z,508,SOUTHEAST HARFORD,LWX,07-FEB-26 04:00:00,EST-5,09-FEB-26 10:00:00,0,0,0,0,,,Mesonet,,,,,,,,,,,,,,,,,,,,,,"Another shot of Arctic Air spilled in February 7th through February 9th. For the mountains, minimum wind chills of -20 to -30F were observed. For the central Maryland, minimum wind chills of -5 to -20F were observed. Areas along the I-95 corridor into southern Maryland saw minimum wind chills around 0F. The coldest wind chills were overnight.",,CSV
202602,7,400,202602,9,1000,210375,1312493,MARYLAND,24,2026,February,Extreme Cold/Wind Chill,Z,13,PRINCE GEORGES,LWX,07-FEB-26 04:00:00,EST-5,09-FEB-26 10:00:00,0,0,0,0,,,Mesonet,,,,,,,,,,,,,,,,,,,,,,"Another shot of Arctic Air spilled in February 7th through February 9th. For the mountains, minimum wind chills of -20 to -30F were observed. For the central Maryland, minimum wind chills of -5 to -20F were observed. Areas along the I-95 corridor into southern Maryland saw minimum wind chills around 0F. The coldest wind chills were overnight.",,CSV
202602,7,400,202602,9,1000,210375,1312494,MARYLAND,24,2026,February,Extreme Cold/Wind Chill,Z,14,ANNE ARUNDEL,LWX,07-FEB-26 04:00:00,EST-5,09-FEB-26 10:00:00,0,0,0,0,,,Mesonet,,,,,,,,,,,,,,,,,,,,,,"Another shot of Arctic Air spilled in February 7th through February 9th. For the mountains, minimum wind chills of -20 to -30F were observed. For the central Maryland, minimum wind chills of -5 to -20F were observed. Areas along the I-95 corridor into southern Maryland saw minimum wind chills around 0F. The coldest wind chills were overnight.",,CSV
202602,7,400,202602,9,1000,210375,1312495,MARYLAND,24,2026,February,Extreme Cold/Wind Chill,Z,18,CALVERT,LWX,07-FEB-26 04:00:00,EST-5,09-FEB-26 10:00:00,0,0,0,0,,,Mesonet,,,,,,,,,,,,,,,,,,,,,,"Another shot of Arctic Air spilled in February 7th through February 9th. For the mountains, minimum wind chills of -20 to -30F were observed. For the central Maryland, minimum wind chills of -5 to -20F were observed. Areas along the I-95 corridor into southern Maryland saw minimum wind chills around 0F. The coldest wind chills were overnight.",,CSV
202602,7,400,202602,9,1000,210375,1312496,MARYLAND,24,2026,February,Extreme Cold/Wind Chill,Z,504,CENTRAL AND SOUTHEAST MONTGOMERY,LWX,07-FEB-26 04:00:00,EST-5,09-FEB-26 10:00:00,0,0,0,0,,,Mesonet,,,,,,,,,,,,,,,,,,,,,,"Another shot of Arctic Air spilled in February 7th through February 9th. For the mountains, minimum wind chills of -20 to -30F were observed. For the central Maryland, minimum wind chills of -5 to -20F were observed. Areas along the I-95 corridor into southern Maryland saw minimum wind chills around 0F. The coldest wind chills were overnight.",,CSV
202602,7,400,202602,9,1000,210375,1312498,MARYLAND,24,2026,February,Cold/Wind Chill,Z,16,CHARLES,LWX,07-FEB-26 04:00:00,EST-5,09-FEB-26 10:00:00,0,0,0,0,0.00K,0.00K,Mesonet,,,,,,,,,,,,,,,,,,,,,,"Another shot of Arctic Air spilled in February 7th through February 9th. For the mountains, minimum wind chills of -20 to -30F were observed. For the central Maryland, minimum wind chills of -5 to -20F were observed. Areas along the I-95 corridor into southern Maryland saw minimum wind chills around 0F. The coldest wind chills were overnight.",,CSV
202602,7,400,202602,9,1000,210375,1312499,MARYLAND,24,2026,February,Cold/Wind Chill,Z,17,ST. MARY'S,LWX,07-FEB-26 04:00:00,EST-5,09-FEB-26 10:00:00,0,0,0,0,0.00K,0.00K,Mesonet,,,,,,,,,,,,,,,,,,,,,,"Another shot of Arctic Air spilled in February 7th through February 9th. For the mountains, minimum wind chills of -20 to -30F were observed. For the central Maryland, minimum wind chills of -5 to -20F were observed. Areas along the I-95 corridor into southern Maryland saw minimum wind chills around 0F. The coldest wind chills were overnight.",,CSV
202602,22,2000,202602,22,2300,211153,1319270,MARYLAND,24,2026,February,Blizzard,Z,21,DORCHESTER,AKQ,22-FEB-26 20:00:00,EST-5,22-FEB-26 23:00:00,0,0,0,0,,,ASOS,,,,,,,,,,,,,,,,,,,,,,"A coastal low rapidly deepened off the coast of Virginia from 1004mb along the Outer Banks on the morning of February 22 to 968mb off the Mid-Atlantic and New England coastline on the morning of February 23. This brought blizzard conditions with heavy snow, strong winds, and low visibility to portions of the Lower Maryland Eastern Shore during the evening of February 22.",Dorchester County experienced blizzard conditions during the evening of February 22 as a strong coastal low deepened off the Mid-Atlantic coast. The Cambridge-Dorchester Airport ASOS reported frequent visibility of 0.25 miles between 8 and 11 PM due to a combination of heavy snow and frequent gusts between 30-40 mph.,CSV
202602,7,800,202602,7,1400,211186,1319478,MARYLAND,24,2026,February,High Wind,Z,4,FREDERICK,LWX,07-FEB-26 08:00:00,EST-5,07-FEB-26 14:00:00,0,0,0,0,0.00K,0.00K,AWOS,57.00,MG,,,,,,,,,,,,,,,,,,,,A strong upper trough and Arctic high pressure over the Mid-Atlantic combined to produce a period of high winds.,"A Maryland DOT sensor measured a peak wind gust of 58 mph. The AWOS at Camp David, KRSP, measured a peak wind gust of 57 knots (this station is in the Catoctin Mountains). This observation aligns with others downstream Carroll County MD.",CSV
202602,7,800,202602,7,1400,211186,1319477,MARYLAND,24,2026,February,High Wind,Z,5,CARROLL,LWX,07-FEB-26 08:00:00,EST-5,07-FEB-26 14:00:00,0,0,0,0,0.00K,0.00K,Trained Spotter,63.00,MG,,,,,,,,,,,,,,,,,,,,A strong upper trough and Arctic high pressure over the Mid-Atlantic combined to produce a period of high winds.,A trained spotter reported a 72 mph on a personal weather station in Mt. Airy. This could have been the result of a breaking mountain wave. This observation aligns with others upstream in Frederick County MD off the Catoctin Mountains.,CSV
202602,7,800,202602,7,1400,211186,1319483,MARYLAND,24,2026,February,High Wind,Z,502,CENTRAL AND EASTERN ALLEGANY,LWX,07-FEB-26 08:00:00,EST-5,07-FEB-26 14:00:00,0,0,0,0,0.00K,0.00K,Department of Highways,50.00,MG,,,,,,,,,,,,,,,,,,,,A strong upper trough and Arctic high pressure over the Mid-Atlantic combined to produce a period of high winds.,A Maryland DOT sensor on MD-144 measured a peak wind gust of 58 mph.,CSV
202602,7,800,202602,7,1400,211186,1319485,MARYLAND,24,2026,February,High Wind,Z,17,ST. MARY'S,LWX,07-FEB-26 08:00:00,EST-5,07-FEB-26 14:00:00,0,0,0,0,0.00K,0.00K,ASOS,50.00,MG,,,,,,,,,,,,,,,,,,,,A strong upper trough and Arctic high pressure over the Mid-Atlantic combined to produce a period of high winds.,"The ASOS at Patuxent River NAS, KNHK, measured a peak wind gust of 58 mph.",CSV
202602,7,900,202602,7,1400,211186,1319486,MARYLAND,24,2026,February,High Wind,Z,14,ANNE ARUNDEL,LWX,07-FEB-26 09:00:00,EST-5,07-FEB-26 14:00:00,0,0,0,0,0.00K,0.00K,ASOS,50.00,MG,,,,,,,,,,,,,,,,,,,,A strong upper trough and Arctic high pressure over the Mid-Atlantic combined to produce a period of high winds.,"The ASOS at Baltimore-Washington International Airport, KBWI, measured a peak wind gust of 58 mph. This observation aligns with upstream observations in Carroll and Fredrick Counties (MD) that could be the result of a breaking mountain wave.",CSV
202602,7,900,202602,7,1400,211186,1319484,MARYLAND,24,2026,February,High Wind,Z,18,CALVERT,LWX,07-FEB-26 09:00:00,EST-5,07-FEB-26 14:00:00,0,0,0,0,0.00K,0.00K,Department of Highways,53.00,MG,,,,,,,,,,,,,,,,,,,,A strong upper trough and Arctic high pressure over the Mid-Atlantic combined to produce a period of high winds.,A Maryland DOT sensor measured a peak wind gust of 61 mph.,CSV
202602,7,400,202602,9,1000,210375,1312482,MARYLAND,24,2026,February,Extreme Cold/Wind Chill,Z,510,EASTERN GARRETT COUNTY MD,LWX,07-FEB-26 04:00:00,EST-5,09-FEB-26 10:00:00,0,0,0,0,,,Mesonet,,,,,,,,,,,,,,,,,,,,,,"Another shot of Arctic Air spilled in February 7th through February 9th. For the mountains, minimum wind chills of -20 to -30F were observed. For the central Maryland, minimum wind chills of -5 to -20F were observed. Areas along the I-95 corridor into southern Maryland saw minimum wind chills around 0F. The coldest wind chills were overnight.",,CSV
202602,22,1300,202602,23,844,211166,1319759,MARYLAND,24,2026,February,Heavy Snow,Z,24,INLAND WORCESTER,AKQ,22-FEB-26 13:00:00,EST-5,23-FEB-26 08:44:00,0,0,0,0,40.00K,,Public,,,,,,,,,,,,,,,,,,,,,,A coastal low rapidly deepened off the coast of Virginia from 1004mb along the Outer Banks on the morning of February 22 to 968mb off the Mid-Atlantic and New England coastline on the morning of February 23. This brought heavy snow and occasional blizzard conditions to the Lower Maryland Eastern Shore from February 22 into February 23.,"Rain changed over the snow during the afternoon of February 22 in Worcester County. Heavy snow and gusty winds lasted from the afternoon of February 22 into the morning of February 23 with occasional blizzard conditions. Snowfall totals ranged from 8 to 16 inches across the county with the highest totals across the northern portion of the county. A maximum report of 16 inches was received in Bishopville. Additionally, winds gusted to 45 to 60 mph across the county with a peak gust to 49 mph at the Salisbury Regional Airport ASOS (KSBY) to the west and a peak gust to 59 mph at the Ocean City Airport ASOS (KOXB). Multiple trees were reported to have fallen throughout the county, including at least one tree on a house.",CSV
202602,22,1300,202602,23,844,211166,1319639,MARYLAND,24,2026,February,Heavy Snow,Z,21,DORCHESTER,AKQ,22-FEB-26 13:00:00,EST-5,23-FEB-26 08:44:00,0,0,0,0,,,Public,,,,,,,,,,,,,,,,,,,,,,A coastal low rapidly deepened off the coast of Virginia from 1004mb along the Outer Banks on the morning of February 22 to 968mb off the Mid-Atlantic and New England coastline on the morning of February 23. This brought heavy snow and occasional blizzard conditions to the Lower Maryland Eastern Shore from February 22 into February 23.,"Rain changed over the snow during the afternoon of February 22 in Dorchester County. Heavy snow and gusty winds lasted from the afternoon of February 22 into the morning of February 23 with occasional blizzard conditions. Snowfall totals ranged from 6 to 9 inches across the county. Several reports of 8 inches of snow were received throughout the county with a maximum report of 8.8 inches 2 miles (E) from East New Market. Additionally, winds gusted to 39 mph at Bishops Head.",CSV
202602,22,1300,202602,23,844,211166,1319640,MARYLAND,24,2026,February,Heavy Snow,Z,23,SOMERSET,AKQ,22-FEB-26 13:00:00,EST-5,23-FEB-26 08:44:00,0,0,0,0,,,Department of Highways,,,,,,,,,,,,,,,,,,,,,,A coastal low rapidly deepened off the coast of Virginia from 1004mb along the Outer Banks on the morning of February 22 to 968mb off the Mid-Atlantic and New England coastline on the morning of February 23. This brought heavy snow and occasional blizzard conditions to the Lower Maryland Eastern Shore from February 22 into February 23.,"Rain changed over the snow during the afternoon of February 22 in Somerset County. Heavy snow and gusty winds lasted from the afternoon of February 22 into the morning of February 23 with occasional blizzard conditions. Snowfall totals ranged from 6 to 9 inches across the county. VDOT reported a snowfall total of 9 inches 2 miles (S) from Princess Anne. Additionally, winds gusted to 39 mph at Bishops Head just to the west of Somerset.",CSV
202602,22,1300,202602,23,844,211166,1319641,MARYLAND,24,2026,February,Heavy Snow,Z,22,WICOMICO,AKQ,22-FEB-26 13:00:00,EST-5,23-FEB-26 08:44:00,0,0,0,0,5.00K,0.00K,Public,,,,,,,,,,,,,,,,,,,,,,A coastal low rapidly deepened off the coast of Virginia from 1004mb along the Outer Banks on the morning of February 22 to 968mb off the Mid-Atlantic and New England coastline on the morning of February 23. This brought heavy snow and occasional blizzard conditions to the Lower Maryland Eastern Shore from February 22 into February 23.,"Rain changed over the snow during the afternoon of February 22 in Wicomico County. Heavy snow and gusty winds lasted from the afternoon of February 22 into the morning of February 23 with occasional blizzard conditions. Snowfall totals ranged from 8 to 14 inches across the county. A maximum report of 14 inches was received 2 miles (NE) from Pittsville. Additionally, winds gusted to 49 mph at the Salisbury Regional Airport (KSBY). Several trees were down across the county with at least one tree snapped onto a power line in Parsonsburg.",CSV
202602,7,1100,202602,7,2000,210902,1317321,MARYLAND,24,2026,February,High Wind,Z,25,MARYLAND BEACHES,AKQ,07-FEB-26 11:00:00,EST-5,07-FEB-26 20:00:00,0,0,0,0,0.00K,0.00K,ASOS,54.00,MG,,,,,,,,,,,,,,,,,,,,"A strengthening upper level system crossed the area February 7, spawning deepening low pressure offshore. An Arctic front brought strong winds and cold temperatures to the region as strong high pressure to the north built into the Mid-Atlantic.","The Ocean City, MD ASOS recorded a wind gust of 62 mph at 1:37 PM EDT on February 7.",CSV
202602,7,1000,202602,7,1800,210902,1317439,MARYLAND,24,2026,February,High Wind,Z,21,DORCHESTER,AKQ,07-FEB-26 10:00:00,EST-5,07-FEB-26 18:00:00,0,0,0,0,0.00K,0.00K,911 Call Center,60.00,EG,,,,,,,,,,,,,,,,,,,,"A strengthening upper level system crossed the area February 7, spawning deepening low pressure offshore. An Arctic front brought strong winds and cold temperatures to the region as strong high pressure to the north built into the Mid-Atlantic.","The 911 call center reported portions of a roof were blown off of a residence on Market Street in Vienna, MD.",CSV
202602,1,0,202602,2,1000,210310,1312061,MARYLAND,24,2026,February,Cold/Wind Chill,Z,3,WASHINGTON,LWX,01-FEB-26 00:00:00,EST-5,02-FEB-26 10:00:00,0,0,0,0,,,Mesonet,,,,,,,,,,,,,,,,,,,,,,"A rather anomalous Arctic Outbreak continued into the first couple days of February. The remarkable aspect of this outbreak was the duration, as it extends well back into January. For portions of western Maryland, minimum wind chills of -20 to -30F were observed. For central Maryland, minimum wind chills of -10 to -20F were observed. For the I-95 corridor, minimum wind chills of 0 to -10F were observed. The coldest wind chills were overnight.",,CSV
202602,1,0,202602,2,1000,210310,1312063,MARYLAND,24,2026,February,Cold/Wind Chill,Z,5,CARROLL,LWX,01-FEB-26 00:00:00,EST-5,02-FEB-26 10:00:00,0,0,0,0,,,Mesonet,,,,,,,,,,,,,,,,,,,,,,"A rather anomalous Arctic Outbreak continued into the first couple days of February. The remarkable aspect of this outbreak was the duration, as it extends well back into January. For portions of western Maryland, minimum wind chills of -20 to -30F were observed. For central Maryland, minimum wind chills of -10 to -20F were observed. For the I-95 corridor, minimum wind chills of 0 to -10F were observed. The coldest wind chills were overnight.",,CSV
202602,1,0,202602,2,1000,210310,1312064,MARYLAND,24,2026,February,Cold/Wind Chill,Z,502,CENTRAL AND EASTERN ALLEGANY,LWX,01-FEB-26 00:00:00,EST-5,02-FEB-26 10:00:00,0,0,0,0,,,Mesonet,,,,,,,,,,,,,,,,,,,,,,"A rather anomalous Arctic Outbreak continued into the first couple days of February. The remarkable aspect of this outbreak was the duration, as it extends well back into January. For portions of western Maryland, minimum wind chills of -20 to -30F were observed. For central Maryland, minimum wind chills of -10 to -20F were observed. For the I-95 corridor, minimum wind chills of 0 to -10F were observed. The coldest wind chills were overnight.",,CSV
202602,1,0,202602,2,1000,210310,1312065,MARYLAND,24,2026,February,Extreme Cold/Wind Chill,Z,510,EASTERN GARRETT COUNTY MD,LWX,01-FEB-26 00:00:00,EST-5,02-FEB-26 10:00:00,0,0,0,0,,,Mesonet,,,,,,,,,,,,,,,,,,,,,,"A rather anomalous Arctic Outbreak continued into the first couple days of February. The remarkable aspect of this outbreak was the duration, as it extends well back into January. For portions of western Maryland, minimum wind chills of -20 to -30F were observed. For central Maryland, minimum wind chills of -10 to -20F were observed. For the I-95 corridor, minimum wind chills of 0 to -10F were observed. The coldest wind chills were overnight.",,CSV
202602,1,0,202602,2,1000,210310,1312066,MARYLAND,24,2026,February,Extreme Cold/Wind Chill,Z,509,WESTERN GARRETT COUNTY MD,LWX,01-FEB-26 00:00:00,EST-5,02-FEB-26 10:00:00,0,0,0,0,,,Mesonet,,,,,,,,,,,,,,,,,,,,,,"A rather anomalous Arctic Outbreak continued into the first couple days of February. The remarkable aspect of this outbreak was the duration, as it extends well back into January. For portions of western Maryland, minimum wind chills of -20 to -30F were observed. For central Maryland, minimum wind chills of -10 to -20F were observed. For the I-95 corridor, minimum wind chills of 0 to -10F were observed. The coldest wind chills were overnight.",,CSV
202602,1,0,202602,2,1000,210310,1312067,MARYLAND,24,2026,February,Extreme Cold/Wind Chill,Z,501,EXTREME WESTERN ALLEGANY,LWX,01-FEB-26 00:00:00,EST-5,02-FEB-26 10:00:00,0,0,0,0,,,Mesonet,,,,,,,,,,,,,,,,,,,,,,"A rather anomalous Arctic Outbreak continued into the first couple days of February. The remarkable aspect of this outbreak was the duration, as it extends well back into January. For portions of western Maryland, minimum wind chills of -20 to -30F were observed. For central Maryland, minimum wind chills of -10 to -20F were observed. For the I-95 corridor, minimum wind chills of 0 to -10F were observed. The coldest wind chills were overnight.",,CSV
202602,7,1000,202602,7,1400,211186,1319481,MARYLAND,24,2026,February,High Wind,Z,504,CENTRAL AND SOUTHEAST MONTGOMERY,LWX,07-FEB-26 10:00:00,EST-5,07-FEB-26 14:00:00,0,0,0,0,0.00K,0.00K,Emergency Manager,50.00,EG,,,,,,,,,,,,,,,,,,,,A strong upper trough and Arctic high pressure over the Mid-Atlantic combined to produce a period of high winds.,Montgomery County Emergency Management reported numerous trees downed across the county due to high winds.,CSV
202602,7,1119,202602,7,1119,210799,1316382,MARYLAND,24,2026,February,High Wind,Z,19,TALBOT,PHI,07-FEB-26 11:19:00,EST-5,07-FEB-26 11:19:00,0,0,0,0,,,Department of Highways,50.00,MG,,,,,,,,,,,,,,,,,,,,High pressure building in behind a strong cold front helped result in high winds across portions of eastern Maryland.,Gust of 57 mph at MD 33 drawbridge over Knapps Narrows.,CSV
202602,22,1500,202602,23,1000,210993,1318163,MARYLAND,24,2026,February,Winter Storm,Z,12,KENT,PHI,22-FEB-26 15:00:00,EST-5,23-FEB-26 10:00:00,0,0,0,0,0.00K,0.00K,Trained Spotter,,,,,,,,,,,,,,,,,,,,,,"A strong coastal storm developed offshore of the Mid-Atlantic during the daytime hours on February 22nd, bringing high winds and heavy snow to portions of the Mid-Atlantic by that evening and through the morning hours of February 23rd. Blizzard conditions were confirmed for coastal New Jersey and Delaware, with heavy snow and windy conditions extending farther inland. The heavy snow was wet enough to stick to trees, which caused scattered tree damage and power outages across Delmarva, New Jersey, and the Philadelphia metro area.","Snowfall amounts generally ranged from around 4-8. The highest reliable measurement received was 3.9 from Chestertown, however nearby reports in Queens Anne's County indicate as much as 8-10 likely fell across the eastern portion of Kent County.",CSV
202602,22,1400,202602,23,1000,210993,1318164,MARYLAND,24,2026,February,Winter Storm,Z,15,QUEEN ANNES,PHI,22-FEB-26 14:00:00,EST-5,23-FEB-26 10:00:00,0,0,0,0,0.00K,0.00K,Emergency Manager,,,,,,,,,,,,,,,,,,,,,,"A strong coastal storm developed offshore of the Mid-Atlantic during the daytime hours on February 22nd, bringing high winds and heavy snow to portions of the Mid-Atlantic by that evening and through the morning hours of February 23rd. Blizzard conditions were confirmed for coastal New Jersey and Delaware, with heavy snow and windy conditions extending farther inland. The heavy snow was wet enough to stick to trees, which caused scattered tree damage and power outages across Delmarva, New Jersey, and the Philadelphia metro area.",Snowfall amounts generally ranged from around 2 on Kent Island to as much as 10 in the eastern interior portion of the county. The highest reliable measurement received was 10.0 from Sudlersville and Hope.,CSV
202601,1,0,202601,1,1000,208525,1298941,MARYLAND,24,2026,January,Winter Storm,Z,509,WESTERN GARRETT COUNTY MD,LWX,01-JAN-26 00:00:00,EST-5,01-JAN-26 10:00:00,0,0,0,0,0.00K,0.00K,Trained Spotter,,,,,,,,,,,,,,,,,,,,,,"A moisture rich Alberta Clipper moved into the Appalachians during the late afternoon of December 31. Ahead of the snow, light freezing drizzle developed resulting in a glaze of ice. Light to moderate snow developed through the late afternoon and continued steadily through the evening. Just after midnight, a snow squall along an Arctic Front moved through. Thundersnow was observed with this band as it dropped a quick 1-2 in about a half an hour. Total snow accumulations for the event were four to nine inches in western Maryland. Winds gusted to 45 mph resulting in significant blowing and drifting snow. Further east, a snow squall along an Arctic front brought a quick coating in inch or snow.",,CSV
202601,1,0,202601,1,1000,208525,1298942,MARYLAND,24,2026,January,Winter Storm,Z,510,EASTERN GARRETT COUNTY MD,LWX,01-JAN-26 00:00:00,EST-5,01-JAN-26 10:00:00,0,0,0,0,0.00K,0.00K,Trained Spotter,,,,,,,,,,,,,,,,,,,,,,"A moisture rich Alberta Clipper moved into the Appalachians during the late afternoon of December 31. Ahead of the snow, light freezing drizzle developed resulting in a glaze of ice. Light to moderate snow developed through the late afternoon and continued steadily through the evening. Just after midnight, a snow squall along an Arctic Front moved through. Thundersnow was observed with this band as it dropped a quick 1-2 in about a half an hour. Total snow accumulations for the event were four to nine inches in western Maryland. Winds gusted to 45 mph resulting in significant blowing and drifting snow. Further east, a snow squall along an Arctic front brought a quick coating in inch or snow.",,CSV
202601,1,0,202601,1,1000,208525,1298944,MARYLAND,24,2026,January,Winter Weather,Z,501,EXTREME WESTERN ALLEGANY,LWX,01-JAN-26 00:00:00,EST-5,01-JAN-26 10:00:00,0,0,0,0,0.00K,0.00K,Trained Spotter,,,,,,,,,,,,,,,,,,,,,,"A moisture rich Alberta Clipper moved into the Appalachians during the late afternoon of December 31. Ahead of the snow, light freezing drizzle developed resulting in a glaze of ice. Light to moderate snow developed through the late afternoon and continued steadily through the evening. Just after midnight, a snow squall along an Arctic Front moved through. Thundersnow was observed with this band as it dropped a quick 1-2 in about a half an hour. Total snow accumulations for the event were four to nine inches in western Maryland. Winds gusted to 45 mph resulting in significant blowing and drifting snow. Further east, a snow squall along an Arctic front brought a quick coating in inch or snow.",,CSV
202602,7,1000,202602,7,1400,211186,1319482,MARYLAND,24,2026,February,High Wind,Z,503,NORTHWEST MONTGOMERY,LWX,07-FEB-26 10:00:00,EST-5,07-FEB-26 14:00:00,0,0,0,0,0.00K,0.00K,Emergency Manager,50.00,EG,,,,,,,,,,,,,,,,,,,,A strong upper trough and Arctic high pressure over the Mid-Atlantic combined to produce a period of high winds.,Montgomery County Emergency Management reported numerous trees downed across the county due to high winds.,CSV
202602,7,900,202602,7,1400,211186,1319488,MARYLAND,24,2026,February,High Wind,Z,16,CHARLES,LWX,07-FEB-26 09:00:00,EST-5,07-FEB-26 14:00:00,0,0,0,0,0.00K,0.00K,Mesonet,56.00,MG,,,,,,,,,,,,,,,,,,,,A strong upper trough and Arctic high pressure over the Mid-Atlantic combined to produce a period of high winds.,A mesonet in Indian Head measured a peak wind gust of 64 mph.,CSV
202602,7,900,202602,7,1400,211186,1319489,MARYLAND,24,2026,February,High Wind,Z,13,PRINCE GEORGES,LWX,07-FEB-26 09:00:00,EST-5,07-FEB-26 14:00:00,0,0,0,0,0.00K,0.00K,Department of Highways,50.00,MG,,,,,,,,,,,,,,,,,,,,A strong upper trough and Arctic high pressure over the Mid-Atlantic combined to produce a period of high winds.,A Maryland DOT sensor on MD-054 measured a peak wind gust of 58 mph.,CSV
202602,22,1300,202602,23,1000,210993,1318165,MARYLAND,24,2026,February,Winter Storm,Z,19,TALBOT,PHI,22-FEB-26 13:00:00,EST-5,23-FEB-26 10:00:00,0,0,0,0,0.00K,0.00K,Emergency Manager,,,,,,,,,,,,,,,,,,,,,,"A strong coastal storm developed offshore of the Mid-Atlantic during the daytime hours on February 22nd, bringing high winds and heavy snow to portions of the Mid-Atlantic by that evening and through the morning hours of February 23rd. Blizzard conditions were confirmed for coastal New Jersey and Delaware, with heavy snow and windy conditions extending farther inland. The heavy snow was wet enough to stick to trees, which caused scattered tree damage and power outages across Delmarva, New Jersey, and the Philadelphia metro area.",Snowfall amounts generally ranged from 5-7. The highest reliable measurement received was 7.0 from Wye Mills.,CSV
202602,22,1300,202602,23,1100,210993,1318166,MARYLAND,24,2026,February,Winter Storm,Z,20,CAROLINE,PHI,22-FEB-26 13:00:00,EST-5,23-FEB-26 11:00:00,0,0,0,0,0.00K,0.00K,Emergency Manager,,,,,,,,,,,,,,,,,,,,,,"A strong coastal storm developed offshore of the Mid-Atlantic during the daytime hours on February 22nd, bringing high winds and heavy snow to portions of the Mid-Atlantic by that evening and through the morning hours of February 23rd. Blizzard conditions were confirmed for coastal New Jersey and Delaware, with heavy snow and windy conditions extending farther inland. The heavy snow was wet enough to stick to trees, which caused scattered tree damage and power outages across Delmarva, New Jersey, and the Philadelphia metro area.",Snowfall amounts generally ranged from 11-14. The highest reliable measurement received was 14.0 from Greensboro.,CSV
202601,1,200,202601,1,235,208525,1299857,MARYLAND,24,2026,January,Winter Weather,Z,502,CENTRAL AND EASTERN ALLEGANY,LWX,01-JAN-26 02:00:00,EST-5,01-JAN-26 02:35:00,0,0,0,0,0.00K,0.00K,Trained Spotter,,,,,,,,,,,,,,,,,,,,,,"A moisture rich Alberta Clipper moved into the Appalachians during the late afternoon of December 31. Ahead of the snow, light freezing drizzle developed resulting in a glaze of ice. Light to moderate snow developed through the late afternoon and continued steadily through the evening. Just after midnight, a snow squall along an Arctic Front moved through. Thundersnow was observed with this band as it dropped a quick 1-2 in about a half an hour. Total snow accumulations for the event were four to nine inches in western Maryland. Winds gusted to 45 mph resulting in significant blowing and drifting snow. Further east, a snow squall along an Arctic front brought a quick coating in inch or snow.",A snow squall produced a quick coating to inch of snow. Visibilities were below one quarter of a mile and winds gusted to 30 mph.,CSV
202601,1,225,202601,1,340,208525,1299858,MARYLAND,24,2026,January,Winter Weather,Z,3,WASHINGTON,LWX,01-JAN-26 02:25:00,EST-5,01-JAN-26 03:40:00,0,0,0,0,0.00K,0.00K,Trained Spotter,,,,,,,,,,,,,,,,,,,,,,"A moisture rich Alberta Clipper moved into the Appalachians during the late afternoon of December 31. Ahead of the snow, light freezing drizzle developed resulting in a glaze of ice. Light to moderate snow developed through the late afternoon and continued steadily through the evening. Just after midnight, a snow squall along an Arctic Front moved through. Thundersnow was observed with this band as it dropped a quick 1-2 in about a half an hour. Total snow accumulations for the event were four to nine inches in western Maryland. Winds gusted to 45 mph resulting in significant blowing and drifting snow. Further east, a snow squall along an Arctic front brought a quick coating in inch or snow.",A snow squall produced a quick coating to inch of snow. Visibilities were below one quarter of a mile and winds gusted to 30 mph.,CSV
202601,1,300,202601,1,405,208525,1299859,MARYLAND,24,2026,January,Winter Weather,Z,5,CARROLL,LWX,01-JAN-26 03:00:00,EST-5,01-JAN-26 04:05:00,0,0,0,0,0.00K,0.00K,Trained Spotter,,,,,,,,,,,,,,,,,,,,,,"A moisture rich Alberta Clipper moved into the Appalachians during the late afternoon of December 31. Ahead of the snow, light freezing drizzle developed resulting in a glaze of ice. Light to moderate snow developed through the late afternoon and continued steadily through the evening. Just after midnight, a snow squall along an Arctic Front moved through. Thundersnow was observed with this band as it dropped a quick 1-2 in about a half an hour. Total snow accumulations for the event were four to nine inches in western Maryland. Winds gusted to 45 mph resulting in significant blowing and drifting snow. Further east, a snow squall along an Arctic front brought a quick coating in inch or snow.",A snow squall produced a quick coating to inch of snow. Visibilities were below one quarter of a mile and winds gusted to 30 mph.,CSV
202601,1,245,202601,1,400,208525,1299860,MARYLAND,24,2026,January,Winter Weather,Z,4,FREDERICK,LWX,01-JAN-26 02:45:00,EST-5,01-JAN-26 04:00:00,0,0,0,0,0.00K,0.00K,Trained Spotter,,,,,,,,,,,,,,,,,,,,,,"A moisture rich Alberta Clipper moved into the Appalachians during the late afternoon of December 31. Ahead of the snow, light freezing drizzle developed resulting in a glaze of ice. Light to moderate snow developed through the late afternoon and continued steadily through the evening. Just after midnight, a snow squall along an Arctic Front moved through. Thundersnow was observed with this band as it dropped a quick 1-2 in about a half an hour. Total snow accumulations for the event were four to nine inches in western Maryland. Winds gusted to 45 mph resulting in significant blowing and drifting snow. Further east, a snow squall along an Arctic front brought a quick coating in inch or snow.",A snow squall produced a quick coating to inch of snow. Visibilities were below one quarter of a mile and winds gusted to 30 mph.,CSV
202601,1,350,202601,1,405,208525,1299861,MARYLAND,24,2026,January,Winter Weather,Z,505,NORTHWEST HOWARD,LWX,01-JAN-26 03:50:00,EST-5,01-JAN-26 04:05:00,0,0,0,0,0.00K,0.00K,Trained Spotter,,,,,,,,,,,,,,,,,,,,,,"A moisture rich Alberta Clipper moved into the Appalachians during the late afternoon of December 31. Ahead of the snow, light freezing drizzle developed resulting in a glaze of ice. Light to moderate snow developed through the late afternoon and continued steadily through the evening. Just after midnight, a snow squall along an Arctic Front moved through. Thundersnow was observed with this band as it dropped a quick 1-2 in about a half an hour. Total snow accumulations for the event were four to nine inches in western Maryland. Winds gusted to 45 mph resulting in significant blowing and drifting snow. Further east, a snow squall along an Arctic front brought a quick coating in inch or snow.",A snow squall produced a quick coating to inch of snow. Visibilities were below one quarter of a mile and winds gusted to 30 mph.,CSV
202601,1,340,202601,1,405,208525,1299862,MARYLAND,24,2026,January,Winter Weather,Z,503,NORTHWEST MONTGOMERY,LWX,01-JAN-26 03:40:00,EST-5,01-JAN-26 04:05:00,0,0,0,0,0.00K,0.00K,Trained Spotter,,,,,,,,,,,,,,,,,,,,,,"A moisture rich Alberta Clipper moved into the Appalachians during the late afternoon of December 31. Ahead of the snow, light freezing drizzle developed resulting in a glaze of ice. Light to moderate snow developed through the late afternoon and continued steadily through the evening. Just after midnight, a snow squall along an Arctic Front moved through. Thundersnow was observed with this band as it dropped a quick 1-2 in about a half an hour. Total snow accumulations for the event were four to nine inches in western Maryland. Winds gusted to 45 mph resulting in significant blowing and drifting snow. Further east, a snow squall along an Arctic front brought a quick coating in inch or snow.",A snow squall produced a quick coating to inch of snow. Visibilities were below one quarter of a mile and winds gusted to 30 mph.,CSV
202601,1,320,202601,1,400,208525,1299863,MARYLAND,24,2026,January,Winter Weather,Z,507,NORTHWEST HARFORD,LWX,01-JAN-26 03:20:00,EST-5,01-JAN-26 04:00:00,0,0,0,0,0.00K,0.00K,Trained Spotter,,,,,,,,,,,,,,,,,,,,,,"A moisture rich Alberta Clipper moved into the Appalachians during the late afternoon of December 31. Ahead of the snow, light freezing drizzle developed resulting in a glaze of ice. Light to moderate snow developed through the late afternoon and continued steadily through the evening. Just after midnight, a snow squall along an Arctic Front moved through. Thundersnow was observed with this band as it dropped a quick 1-2 in about a half an hour. Total snow accumulations for the event were four to nine inches in western Maryland. Winds gusted to 45 mph resulting in significant blowing and drifting snow. Further east, a snow squall along an Arctic front brought a quick coating in inch or snow.",A snow squall produced a quick coating to inch of snow. Visibilities were below one quarter of a mile and winds gusted to 30 mph.,CSV
202601,1,330,202601,1,400,208525,1299864,MARYLAND,24,2026,January,Winter Weather,Z,508,SOUTHEAST HARFORD,LWX,01-JAN-26 03:30:00,EST-5,01-JAN-26 04:00:00,0,0,0,0,0.00K,0.00K,Trained Spotter,,,,,,,,,,,,,,,,,,,,,,"A moisture rich Alberta Clipper moved into the Appalachians during the late afternoon of December 31. Ahead of the snow, light freezing drizzle developed resulting in a glaze of ice. Light to moderate snow developed through the late afternoon and continued steadily through the evening. Just after midnight, a snow squall along an Arctic Front moved through. Thundersnow was observed with this band as it dropped a quick 1-2 in about a half an hour. Total snow accumulations for the event were four to nine inches in western Maryland. Winds gusted to 45 mph resulting in significant blowing and drifting snow. Further east, a snow squall along an Arctic front brought a quick coating in inch or snow.",A snow squall produced a quick coating to inch of snow. Visibilities were below one quarter of a mile and winds gusted to 30 mph.,CSV
202601,1,330,202601,1,415,208525,1299865,MARYLAND,24,2026,January,Winter Weather,Z,8,CECIL,LWX,01-JAN-26 03:30:00,EST-5,01-JAN-26 04:15:00,0,0,0,0,0.00K,0.00K,Trained Spotter,,,,,,,,,,,,,,,,,,,,,,"A moisture rich Alberta Clipper moved into the Appalachians during the late afternoon of December 31. Ahead of the snow, light freezing drizzle developed resulting in a glaze of ice. Light to moderate snow developed through the late afternoon and continued steadily through the evening. Just after midnight, a snow squall along an Arctic Front moved through. Thundersnow was observed with this band as it dropped a quick 1-2 in about a half an hour. Total snow accumulations for the event were four to nine inches in western Maryland. Winds gusted to 45 mph resulting in significant blowing and drifting snow. Further east, a snow squall along an Arctic front brought a quick coating in inch or snow.",A snow squall produced a quick coating to inch of snow. Visibilities were below one quarter of a mile and winds gusted to 30 mph.,CSV
202602,22,1300,202602,23,844,211166,1319765,MARYLAND,24,2026,February,Heavy Snow,Z,25,MARYLAND BEACHES,AKQ,22-FEB-26 13:00:00,EST-5,23-FEB-26 08:44:00,0,0,0,0,,,Public,,,,,,,,,,,,,,,,,,,,,,A coastal low rapidly deepened off the coast of Virginia from 1004mb along the Outer Banks on the morning of February 22 to 968mb off the Mid-Atlantic and New England coastline on the morning of February 23. This brought heavy snow and occasional blizzard conditions to the Lower Maryland Eastern Shore from February 22 into February 23.,"Rain changed over the snow during the afternoon of February 22 in Worcester County. Heavy snow and gusty winds lasted from the afternoon of February 22 into the morning of February 23 with occasional blizzard conditions. Snowfall totals ranged from 8 to 14 inches across the county with the highest totals across the northern portion of the county. A public report of 14 inches was received in Ocean Pines. Additionally, winds gusted to 50 to 60 mph with a peak gust to 59 mph at the Ocean City Airport ASOS (KOXB). Multiple trees were reported to have fallen just to the west in inland Worcester.",CSV
202601,1,330,202601,1,415,208525,1299866,MARYLAND,24,2026,January,Winter Weather,Z,11,SOUTHERN BALTIMORE,LWX,01-JAN-26 03:30:00,EST-5,01-JAN-26 04:15:00,0,0,0,0,0.00K,0.00K,Trained Spotter,,,,,,,,,,,,,,,,,,,,,,"A moisture rich Alberta Clipper moved into the Appalachians during the late afternoon of December 31. Ahead of the snow, light freezing drizzle developed resulting in a glaze of ice. Light to moderate snow developed through the late afternoon and continued steadily through the evening. Just after midnight, a snow squall along an Arctic Front moved through. Thundersnow was observed with this band as it dropped a quick 1-2 in about a half an hour. Total snow accumulations for the event were four to nine inches in western Maryland. Winds gusted to 45 mph resulting in significant blowing and drifting snow. Further east, a snow squall along an Arctic front brought a quick coating in inch or snow.",A snow squall produced a quick coating to inch of snow. Visibilities were below one quarter of a mile and winds gusted to 30 mph.,CSV
202601,1,315,202601,1,400,208525,1299867,MARYLAND,24,2026,January,Winter Weather,Z,6,NORTHERN BALTIMORE,LWX,01-JAN-26 03:15:00,EST-5,01-JAN-26 04:00:00,0,0,0,0,0.00K,0.00K,Trained Spotter,,,,,,,,,,,,,,,,,,,,,,"A moisture rich Alberta Clipper moved into the Appalachians during the late afternoon of December 31. Ahead of the snow, light freezing drizzle developed resulting in a glaze of ice. Light to moderate snow developed through the late afternoon and continued steadily through the evening. Just after midnight, a snow squall along an Arctic Front moved through. Thundersnow was observed with this band as it dropped a quick 1-2 in about a half an hour. Total snow accumulations for the event were four to nine inches in western Maryland. Winds gusted to 45 mph resulting in significant blowing and drifting snow. Further east, a snow squall along an Arctic front brought a quick coating in inch or snow.",A snow squall produced a quick coating to inch of snow. Visibilities were below one quarter of a mile and winds gusted to 30 mph.,CSV
202602,24,2200,202602,25,1300,209993,1309773,MARYLAND,24,2026,February,Winter Weather,Z,509,WESTERN GARRETT COUNTY MD,LWX,24-FEB-26 22:00:00,EST-5,25-FEB-26 13:00:00,0,0,0,0,,,Trained Spotter,,,,,,,,,,,,,,,,,,,,,,An Alberta Clipper type system brough a period of steady light to moderate snow starting during the late evening of February 24th through midday February 25th. Total snowfall accumulations of 2 to 5 inches were observed with the higher amounts on the favored western facing slopes.,,CSV
202602,24,2200,202602,25,1300,209993,1309774,MARYLAND,24,2026,February,Winter Weather,Z,510,EASTERN GARRETT COUNTY MD,LWX,24-FEB-26 22:00:00,EST-5,25-FEB-26 13:00:00,0,0,0,0,,,Trained Spotter,,,,,,,,,,,,,,,,,,,,,,An Alberta Clipper type system brough a period of steady light to moderate snow starting during the late evening of February 24th through midday February 25th. Total snowfall accumulations of 2 to 5 inches were observed with the higher amounts on the favored western facing slopes.,,CSV
202602,22,1500,202602,23,510,209982,1309712,MARYLAND,24,2026,February,Winter Storm,Z,17,ST. MARY'S,LWX,22-FEB-26 15:00:00,EST-5,23-FEB-26 05:10:00,0,0,0,0,,,Trained Spotter,,,,,,,,,,,,,,,,,,,,,,"A strong Nor'Easter moved northward along the Eastern Seaboard February 22nd into the 23rd. Temperatures were marginal to start outside of elevation, making the snowfall totals elevation dependent. This storm was unique as it had several local maxima across the state. The greatest amounts were in western Maryland across Garrett and western Allegany counties where 3 to upwards of 15 inches of snow fell. A secondary max associated with an inverted trough was observed from the Catoctins down to northern Montgomery county where 3 to 8 inches fell. Upwards of 12 inches were observed across the Catoctins. Another max of 3 to 6 inches was observed across Calvert and St. Mary's counties. The final max was Carroll to Cecil counties where 4 to 9 inches fell. Elsewhere across the DC and Baltimore metro, there was a relative minimum of 2 to 4 inches. Very little snow fell across eastern Allegany into far western Washington County.",,CSV
202602,22,1500,202602,23,510,209982,1309713,MARYLAND,24,2026,February,Winter Storm,Z,5,CARROLL,LWX,22-FEB-26 15:00:00,EST-5,23-FEB-26 05:10:00,0,0,0,0,,,Trained Spotter,,,,,,,,,,,,,,,,,,,,,,"A strong Nor'Easter moved northward along the Eastern Seaboard February 22nd into the 23rd. Temperatures were marginal to start outside of elevation, making the snowfall totals elevation dependent. This storm was unique as it had several local maxima across the state. The greatest amounts were in western Maryland across Garrett and western Allegany counties where 3 to upwards of 15 inches of snow fell. A secondary max associated with an inverted trough was observed from the Catoctins down to northern Montgomery county where 3 to 8 inches fell. Upwards of 12 inches were observed across the Catoctins. Another max of 3 to 6 inches was observed across Calvert and St. Mary's counties. The final max was Carroll to Cecil counties where 4 to 9 inches fell. Elsewhere across the DC and Baltimore metro, there was a relative minimum of 2 to 4 inches. Very little snow fell across eastern Allegany into far western Washington County.",,CSV
202602,22,1500,202602,23,331,209982,1309714,MARYLAND,24,2026,February,Winter Storm,Z,3,WASHINGTON,LWX,22-FEB-26 15:00:00,EST-5,23-FEB-26 03:31:00,0,0,0,0,,,Trained Spotter,,,,,,,,,,,,,,,,,,,,,,"A strong Nor'Easter moved northward along the Eastern Seaboard February 22nd into the 23rd. Temperatures were marginal to start outside of elevation, making the snowfall totals elevation dependent. This storm was unique as it had several local maxima across the state. The greatest amounts were in western Maryland across Garrett and western Allegany counties where 3 to upwards of 15 inches of snow fell. A secondary max associated with an inverted trough was observed from the Catoctins down to northern Montgomery county where 3 to 8 inches fell. Upwards of 12 inches were observed across the Catoctins. Another max of 3 to 6 inches was observed across Calvert and St. Mary's counties. The final max was Carroll to Cecil counties where 4 to 9 inches fell. Elsewhere across the DC and Baltimore metro, there was a relative minimum of 2 to 4 inches. Very little snow fell across eastern Allegany into far western Washington County.",,CSV
202602,11,300,202602,11,1152,209980,1309694,MARYLAND,24,2026,February,Winter Weather,Z,509,WESTERN GARRETT COUNTY MD,LWX,11-FEB-26 03:00:00,EST-5,11-FEB-26 11:52:00,0,0,0,0,,,Trained Spotter,,,,,,,,,,,,,,,,,,,,,,Freezing drizzle and light freezing rain overspread the Alleghenies during the predawn hours of February 11th. This continued through midday before tapering off. Total ice amounts were a few hundredths to locally a tenth of an inch.,,CSV
202602,22,100,202602,24,0,209982,1309698,MARYLAND,24,2026,February,Winter Storm,Z,509,WESTERN GARRETT COUNTY MD,LWX,22-FEB-26 01:00:00,EST-5,24-FEB-26 00:00:00,0,0,0,0,,,Trained Spotter,,,,,,,,,,,,,,,,,,,,,,"A strong Nor'Easter moved northward along the Eastern Seaboard February 22nd into the 23rd. Temperatures were marginal to start outside of elevation, making the snowfall totals elevation dependent. This storm was unique as it had several local maxima across the state. The greatest amounts were in western Maryland across Garrett and western Allegany counties where 3 to upwards of 15 inches of snow fell. A secondary max associated with an inverted trough was observed from the Catoctins down to northern Montgomery county where 3 to 8 inches fell. Upwards of 12 inches were observed across the Catoctins. Another max of 3 to 6 inches was observed across Calvert and St. Mary's counties. The final max was Carroll to Cecil counties where 4 to 9 inches fell. Elsewhere across the DC and Baltimore metro, there was a relative minimum of 2 to 4 inches. Very little snow fell across eastern Allegany into far western Washington County.",,CSV
202602,22,1700,202602,23,328,209982,1309719,MARYLAND,24,2026,February,Winter Weather,Z,13,PRINCE GEORGES,LWX,22-FEB-26 17:00:00,EST-5,23-FEB-26 03:28:00,0,0,0,0,,,Trained Spotter,,,,,,,,,,,,,,,,,,,,,,"A strong Nor'Easter moved northward along the Eastern Seaboard February 22nd into the 23rd. Temperatures were marginal to start outside of elevation, making the snowfall totals elevation dependent. This storm was unique as it had several local maxima across the state. The greatest amounts were in western Maryland across Garrett and western Allegany counties where 3 to upwards of 15 inches of snow fell. A secondary max associated with an inverted trough was observed from the Catoctins down to northern Montgomery county where 3 to 8 inches fell. Upwards of 12 inches were observed across the Catoctins. Another max of 3 to 6 inches was observed across Calvert and St. Mary's counties. The final max was Carroll to Cecil counties where 4 to 9 inches fell. Elsewhere across the DC and Baltimore metro, there was a relative minimum of 2 to 4 inches. Very little snow fell across eastern Allegany into far western Washington County.",,CSV
202602,22,1700,202602,23,328,209982,1309720,MARYLAND,24,2026,February,Winter Weather,Z,16,CHARLES,LWX,22-FEB-26 17:00:00,EST-5,23-FEB-26 03:28:00,0,0,0,0,,,Trained Spotter,,,,,,,,,,,,,,,,,,,,,,"A strong Nor'Easter moved northward along the Eastern Seaboard February 22nd into the 23rd. Temperatures were marginal to start outside of elevation, making the snowfall totals elevation dependent. This storm was unique as it had several local maxima across the state. The greatest amounts were in western Maryland across Garrett and western Allegany counties where 3 to upwards of 15 inches of snow fell. A secondary max associated with an inverted trough was observed from the Catoctins down to northern Montgomery county where 3 to 8 inches fell. Upwards of 12 inches were observed across the Catoctins. Another max of 3 to 6 inches was observed across Calvert and St. Mary's counties. The final max was Carroll to Cecil counties where 4 to 9 inches fell. Elsewhere across the DC and Baltimore metro, there was a relative minimum of 2 to 4 inches. Very little snow fell across eastern Allegany into far western Washington County.",,CSV
202602,22,1700,202602,23,328,209982,1309721,MARYLAND,24,2026,February,Winter Weather,Z,504,CENTRAL AND SOUTHEAST MONTGOMERY,LWX,22-FEB-26 17:00:00,EST-5,23-FEB-26 03:28:00,0,0,0,0,,,Trained Spotter,,,,,,,,,,,,,,,,,,,,,,"A strong Nor'Easter moved northward along the Eastern Seaboard February 22nd into the 23rd. Temperatures were marginal to start outside of elevation, making the snowfall totals elevation dependent. This storm was unique as it had several local maxima across the state. The greatest amounts were in western Maryland across Garrett and western Allegany counties where 3 to upwards of 15 inches of snow fell. A secondary max associated with an inverted trough was observed from the Catoctins down to northern Montgomery county where 3 to 8 inches fell. Upwards of 12 inches were observed across the Catoctins. Another max of 3 to 6 inches was observed across Calvert and St. Mary's counties. The final max was Carroll to Cecil counties where 4 to 9 inches fell. Elsewhere across the DC and Baltimore metro, there was a relative minimum of 2 to 4 inches. Very little snow fell across eastern Allegany into far western Washington County.",,CSV
202602,1,0,202602,2,1000,210310,1312050,MARYLAND,24,2026,February,Cold/Wind Chill,Z,6,NORTHERN BALTIMORE,LWX,01-FEB-26 00:00:00,EST-5,02-FEB-26 10:00:00,0,0,0,0,,,Mesonet,,,,,,,,,,,,,,,,,,,,,,"A rather anomalous Arctic Outbreak continued into the first couple days of February. The remarkable aspect of this outbreak was the duration, as it extends well back into January. For portions of western Maryland, minimum wind chills of -20 to -30F were observed. For central Maryland, minimum wind chills of -10 to -20F were observed. For the I-95 corridor, minimum wind chills of 0 to -10F were observed. The coldest wind chills were overnight.",,CSV
202602,1,0,202602,2,1000,210310,1312051,MARYLAND,24,2026,February,Cold/Wind Chill,Z,8,CECIL,LWX,01-FEB-26 00:00:00,EST-5,02-FEB-26 10:00:00,0,0,0,0,,,Mesonet,,,,,,,,,,,,,,,,,,,,,,"A rather anomalous Arctic Outbreak continued into the first couple days of February. The remarkable aspect of this outbreak was the duration, as it extends well back into January. For portions of western Maryland, minimum wind chills of -20 to -30F were observed. For central Maryland, minimum wind chills of -10 to -20F were observed. For the I-95 corridor, minimum wind chills of 0 to -10F were observed. The coldest wind chills were overnight.",,CSV
202602,1,0,202602,2,1000,210310,1312052,MARYLAND,24,2026,February,Cold/Wind Chill,Z,11,SOUTHERN BALTIMORE,LWX,01-FEB-26 00:00:00,EST-5,02-FEB-26 10:00:00,0,0,0,0,,,Mesonet,,,,,,,,,,,,,,,,,,,,,,"A rather anomalous Arctic Outbreak continued into the first couple days of February. The remarkable aspect of this outbreak was the duration, as it extends well back into January. For portions of western Maryland, minimum wind chills of -20 to -30F were observed. For central Maryland, minimum wind chills of -10 to -20F were observed. For the I-95 corridor, minimum wind chills of 0 to -10F were observed. The coldest wind chills were overnight.",,CSV
202602,1,0,202602,2,1000,210310,1312053,MARYLAND,24,2026,February,Cold/Wind Chill,Z,14,ANNE ARUNDEL,LWX,01-FEB-26 00:00:00,EST-5,02-FEB-26 10:00:00,0,0,0,0,,,Mesonet,,,,,,,,,,,,,,,,,,,,,,"A rather anomalous Arctic Outbreak continued into the first couple days of February. The remarkable aspect of this outbreak was the duration, as it extends well back into January. For portions of western Maryland, minimum wind chills of -20 to -30F were observed. For central Maryland, minimum wind chills of -10 to -20F were observed. For the I-95 corridor, minimum wind chills of 0 to -10F were observed. The coldest wind chills were overnight.",,CSV
202602,1,0,202602,2,1000,210310,1312054,MARYLAND,24,2026,February,Cold/Wind Chill,Z,13,PRINCE GEORGES,LWX,01-FEB-26 00:00:00,EST-5,02-FEB-26 10:00:00,0,0,0,0,,,Mesonet,,,,,,,,,,,,,,,,,,,,,,"A rather anomalous Arctic Outbreak continued into the first couple days of February. The remarkable aspect of this outbreak was the duration, as it extends well back into January. For portions of western Maryland, minimum wind chills of -20 to -30F were observed. For central Maryland, minimum wind chills of -10 to -20F were observed. For the I-95 corridor, minimum wind chills of 0 to -10F were observed. The coldest wind chills were overnight.",,CSV
202602,1,0,202602,2,1000,210310,1312055,MARYLAND,24,2026,February,Cold/Wind Chill,Z,503,NORTHWEST MONTGOMERY,LWX,01-FEB-26 00:00:00,EST-5,02-FEB-26 10:00:00,0,0,0,0,,,Mesonet,,,,,,,,,,,,,,,,,,,,,,"A rather anomalous Arctic Outbreak continued into the first couple days of February. The remarkable aspect of this outbreak was the duration, as it extends well back into January. For portions of western Maryland, minimum wind chills of -20 to -30F were observed. For central Maryland, minimum wind chills of -10 to -20F were observed. For the I-95 corridor, minimum wind chills of 0 to -10F were observed. The coldest wind chills were overnight.",,CSV
202602,1,0,202602,2,1000,210310,1312056,MARYLAND,24,2026,February,Cold/Wind Chill,Z,504,CENTRAL AND SOUTHEAST MONTGOMERY,LWX,01-FEB-26 00:00:00,EST-5,02-FEB-26 10:00:00,0,0,0,0,,,Mesonet,,,,,,,,,,,,,,,,,,,,,,"A rather anomalous Arctic Outbreak continued into the first couple days of February. The remarkable aspect of this outbreak was the duration, as it extends well back into January. For portions of western Maryland, minimum wind chills of -20 to -30F were observed. For central Maryland, minimum wind chills of -10 to -20F were observed. For the I-95 corridor, minimum wind chills of 0 to -10F were observed. The coldest wind chills were overnight.",,CSV
202602,1,0,202602,2,1000,210310,1312057,MARYLAND,24,2026,February,Cold/Wind Chill,Z,505,NORTHWEST HOWARD,LWX,01-FEB-26 00:00:00,EST-5,02-FEB-26 10:00:00,0,0,0,0,,,Mesonet,,,,,,,,,,,,,,,,,,,,,,"A rather anomalous Arctic Outbreak continued into the first couple days of February. The remarkable aspect of this outbreak was the duration, as it extends well back into January. For portions of western Maryland, minimum wind chills of -20 to -30F were observed. For central Maryland, minimum wind chills of -10 to -20F were observed. For the I-95 corridor, minimum wind chills of 0 to -10F were observed. The coldest wind chills were overnight.",,CSV
202602,1,0,202602,2,1000,210310,1312058,MARYLAND,24,2026,February,Cold/Wind Chill,Z,506,CENTRAL AND SOUTHEAST HOWARD,LWX,01-FEB-26 00:00:00,EST-5,02-FEB-26 10:00:00,0,0,0,0,,,Mesonet,,,,,,,,,,,,,,,,,,,,,,"A rather anomalous Arctic Outbreak continued into the first couple days of February. The remarkable aspect of this outbreak was the duration, as it extends well back into January. For portions of western Maryland, minimum wind chills of -20 to -30F were observed. For central Maryland, minimum wind chills of -10 to -20F were observed. For the I-95 corridor, minimum wind chills of 0 to -10F were observed. The coldest wind chills were overnight.",,CSV
202602,1,0,202602,2,1000,210310,1312059,MARYLAND,24,2026,February,Cold/Wind Chill,Z,507,NORTHWEST HARFORD,LWX,01-FEB-26 00:00:00,EST-5,02-FEB-26 10:00:00,0,0,0,0,,,Mesonet,,,,,,,,,,,,,,,,,,,,,,"A rather anomalous Arctic Outbreak continued into the first couple days of February. The remarkable aspect of this outbreak was the duration, as it extends well back into January. For portions of western Maryland, minimum wind chills of -20 to -30F were observed. For central Maryland, minimum wind chills of -10 to -20F were observed. For the I-95 corridor, minimum wind chills of 0 to -10F were observed. The coldest wind chills were overnight.",,CSV
202602,1,0,202602,2,1000,210310,1312060,MARYLAND,24,2026,February,Cold/Wind Chill,Z,508,SOUTHEAST HARFORD,LWX,01-FEB-26 00:00:00,EST-5,02-FEB-26 10:00:00,0,0,0,0,,,Mesonet,,,,,,,,,,,,,,,,,,,,,,"A rather anomalous Arctic Outbreak continued into the first couple days of February. The remarkable aspect of this outbreak was the duration, as it extends well back into January. For portions of western Maryland, minimum wind chills of -20 to -30F were observed. For central Maryland, minimum wind chills of -10 to -20F were observed. For the I-95 corridor, minimum wind chills of 0 to -10F were observed. The coldest wind chills were overnight.",,CSV
202602,1,0,202602,2,1000,210310,1312062,MARYLAND,24,2026,February,Cold/Wind Chill,Z,4,FREDERICK,LWX,01-FEB-26 00:00:00,EST-5,02-FEB-26 10:00:00,0,0,0,0,,,Mesonet,,,,,,,,,,,,,,,,,,,,,,"A rather anomalous Arctic Outbreak continued into the first couple days of February. The remarkable aspect of this outbreak was the duration, as it extends well back into January. For portions of western Maryland, minimum wind chills of -20 to -30F were observed. For central Maryland, minimum wind chills of -10 to -20F were observed. For the I-95 corridor, minimum wind chills of 0 to -10F were observed. The coldest wind chills were overnight.",,CSV
202602,6,1000,202602,7,700,209417,1305245,MARYLAND,24,2026,February,Winter Storm,Z,509,WESTERN GARRETT COUNTY MD,LWX,06-FEB-26 10:00:00,EST-5,07-FEB-26 07:00:00,0,0,0,0,,,Trained Spotter,,,,,,,,,,,,,,,,,,,,,,"An Alberta Clipper brought a period of moderate snow during the afternoon and early evening hours of February 6th. This tapered to light snow through the evening. Between 11 PM February 6th and 1 AM February 7th, a potent snow squall moved through along an Arctic Front. This reduced visibilities below one quarter of a mile, wind gusts to 50 mph, and quick accumulations near 1-2 in about 30 minutes. By the time the snow ended, total accumulations of 4 to 7 were observed. Winds gusted to 50 mph through the day of February 7th resulting in significant blowing and drifting of snow. Several roads were reported drifted shut.",,CSV
202602,6,1000,202602,7,700,209417,1305246,MARYLAND,24,2026,February,Winter Storm,Z,510,EASTERN GARRETT COUNTY MD,LWX,06-FEB-26 10:00:00,EST-5,07-FEB-26 07:00:00,0,0,0,0,,,Trained Spotter,,,,,,,,,,,,,,,,,,,,,,"An Alberta Clipper brought a period of moderate snow during the afternoon and early evening hours of February 6th. This tapered to light snow through the evening. Between 11 PM February 6th and 1 AM February 7th, a potent snow squall moved through along an Arctic Front. This reduced visibilities below one quarter of a mile, wind gusts to 50 mph, and quick accumulations near 1-2 in about 30 minutes. By the time the snow ended, total accumulations of 4 to 7 were observed. Winds gusted to 50 mph through the day of February 7th resulting in significant blowing and drifting of snow. Several roads were reported drifted shut.",,CSV
202602,6,1300,202602,7,700,209417,1305247,MARYLAND,24,2026,February,Winter Weather,Z,501,EXTREME WESTERN ALLEGANY,LWX,06-FEB-26 13:00:00,EST-5,07-FEB-26 07:00:00,0,0,0,0,,,Trained Spotter,,,,,,,,,,,,,,,,,,,,,,"An Alberta Clipper brought a period of moderate snow during the afternoon and early evening hours of February 6th. This tapered to light snow through the evening. Between 11 PM February 6th and 1 AM February 7th, a potent snow squall moved through along an Arctic Front. This reduced visibilities below one quarter of a mile, wind gusts to 50 mph, and quick accumulations near 1-2 in about 30 minutes. By the time the snow ended, total accumulations of 4 to 7 were observed. Winds gusted to 50 mph through the day of February 7th resulting in significant blowing and drifting of snow. Several roads were reported drifted shut.",,CSV
202602,22,100,202602,24,0,209982,1309699,MARYLAND,24,2026,February,Winter Storm,Z,510,EASTERN GARRETT COUNTY MD,LWX,22-FEB-26 01:00:00,EST-5,24-FEB-26 00:00:00,0,0,0,0,,,Trained Spotter,,,,,,,,,,,,,,,,,,,,,,"A strong Nor'Easter moved northward along the Eastern Seaboard February 22nd into the 23rd. Temperatures were marginal to start outside of elevation, making the snowfall totals elevation dependent. This storm was unique as it had several local maxima across the state. The greatest amounts were in western Maryland across Garrett and western Allegany counties where 3 to upwards of 15 inches of snow fell. A secondary max associated with an inverted trough was observed from the Catoctins down to northern Montgomery county where 3 to 8 inches fell. Upwards of 12 inches were observed across the Catoctins. Another max of 3 to 6 inches was observed across Calvert and St. Mary's counties. The final max was Carroll to Cecil counties where 4 to 9 inches fell. Elsewhere across the DC and Baltimore metro, there was a relative minimum of 2 to 4 inches. Very little snow fell across eastern Allegany into far western Washington County.",,CSV
202602,22,1500,202602,23,331,209982,1309700,MARYLAND,24,2026,February,Winter Storm,Z,4,FREDERICK,LWX,22-FEB-26 15:00:00,EST-5,23-FEB-26 03:31:00,0,0,0,0,,,Trained Spotter,,,,,,,,,,,,,,,,,,,,,,"A strong Nor'Easter moved northward along the Eastern Seaboard February 22nd into the 23rd. Temperatures were marginal to start outside of elevation, making the snowfall totals elevation dependent. This storm was unique as it had several local maxima across the state. The greatest amounts were in western Maryland across Garrett and western Allegany counties where 3 to upwards of 15 inches of snow fell. A secondary max associated with an inverted trough was observed from the Catoctins down to northern Montgomery county where 3 to 8 inches fell. Upwards of 12 inches were observed across the Catoctins. Another max of 3 to 6 inches was observed across Calvert and St. Mary's counties. The final max was Carroll to Cecil counties where 4 to 9 inches fell. Elsewhere across the DC and Baltimore metro, there was a relative minimum of 2 to 4 inches. Very little snow fell across eastern Allegany into far western Washington County.",,CSV
202602,22,1500,202602,23,334,209982,1309701,MARYLAND,24,2026,February,Winter Storm,Z,5,CARROLL,LWX,22-FEB-26 15:00:00,EST-5,23-FEB-26 03:34:00,0,0,0,0,,,Trained Spotter,,,,,,,,,,,,,,,,,,,,,,"A strong Nor'Easter moved northward along the Eastern Seaboard February 22nd into the 23rd. Temperatures were marginal to start outside of elevation, making the snowfall totals elevation dependent. This storm was unique as it had several local maxima across the state. The greatest amounts were in western Maryland across Garrett and western Allegany counties where 3 to upwards of 15 inches of snow fell. A secondary max associated with an inverted trough was observed from the Catoctins down to northern Montgomery county where 3 to 8 inches fell. Upwards of 12 inches were observed across the Catoctins. Another max of 3 to 6 inches was observed across Calvert and St. Mary's counties. The final max was Carroll to Cecil counties where 4 to 9 inches fell. Elsewhere across the DC and Baltimore metro, there was a relative minimum of 2 to 4 inches. Very little snow fell across eastern Allegany into far western Washington County.",,CSV
202602,22,400,202602,23,1800,209982,1309723,MARYLAND,24,2026,February,Winter Weather,Z,501,EXTREME WESTERN ALLEGANY,LWX,22-FEB-26 04:00:00,EST-5,23-FEB-26 18:00:00,0,0,0,0,,,Trained Spotter,,,,,,,,,,,,,,,,,,,,,,"A strong Nor'Easter moved northward along the Eastern Seaboard February 22nd into the 23rd. Temperatures were marginal to start outside of elevation, making the snowfall totals elevation dependent. This storm was unique as it had several local maxima across the state. The greatest amounts were in western Maryland across Garrett and western Allegany counties where 3 to upwards of 15 inches of snow fell. A secondary max associated with an inverted trough was observed from the Catoctins down to northern Montgomery county where 3 to 8 inches fell. Upwards of 12 inches were observed across the Catoctins. Another max of 3 to 6 inches was observed across Calvert and St. Mary's counties. The final max was Carroll to Cecil counties where 4 to 9 inches fell. Elsewhere across the DC and Baltimore metro, there was a relative minimum of 2 to 4 inches. Very little snow fell across eastern Allegany into far western Washington County.",,CSV
202602,22,1500,202602,23,629,209982,1309725,MARYLAND,24,2026,February,Winter Weather,Z,11,SOUTHERN BALTIMORE,LWX,22-FEB-26 15:00:00,EST-5,23-FEB-26 06:29:00,0,0,0,0,,,Trained Spotter,,,,,,,,,,,,,,,,,,,,,,"A strong Nor'Easter moved northward along the Eastern Seaboard February 22nd into the 23rd. Temperatures were marginal to start outside of elevation, making the snowfall totals elevation dependent. This storm was unique as it had several local maxima across the state. The greatest amounts were in western Maryland across Garrett and western Allegany counties where 3 to upwards of 15 inches of snow fell. A secondary max associated with an inverted trough was observed from the Catoctins down to northern Montgomery county where 3 to 8 inches fell. Upwards of 12 inches were observed across the Catoctins. Another max of 3 to 6 inches was observed across Calvert and St. Mary's counties. The final max was Carroll to Cecil counties where 4 to 9 inches fell. Elsewhere across the DC and Baltimore metro, there was a relative minimum of 2 to 4 inches. Very little snow fell across eastern Allegany into far western Washington County.",,CSV
202602,22,1500,202602,23,328,209982,1309726,MARYLAND,24,2026,February,Winter Weather,Z,14,ANNE ARUNDEL,LWX,22-FEB-26 15:00:00,EST-5,23-FEB-26 03:28:00,0,0,0,0,,,Trained Spotter,,,,,,,,,,,,,,,,,,,,,,"A strong Nor'Easter moved northward along the Eastern Seaboard February 22nd into the 23rd. Temperatures were marginal to start outside of elevation, making the snowfall totals elevation dependent. This storm was unique as it had several local maxima across the state. The greatest amounts were in western Maryland across Garrett and western Allegany counties where 3 to upwards of 15 inches of snow fell. A secondary max associated with an inverted trough was observed from the Catoctins down to northern Montgomery county where 3 to 8 inches fell. Upwards of 12 inches were observed across the Catoctins. Another max of 3 to 6 inches was observed across Calvert and St. Mary's counties. The final max was Carroll to Cecil counties where 4 to 9 inches fell. Elsewhere across the DC and Baltimore metro, there was a relative minimum of 2 to 4 inches. Very little snow fell across eastern Allegany into far western Washington County.",,CSV
202602,22,1500,202602,23,629,209982,1309702,MARYLAND,24,2026,February,Winter Storm,Z,6,NORTHERN BALTIMORE,LWX,22-FEB-26 15:00:00,EST-5,23-FEB-26 06:29:00,0,0,0,0,,,Trained Spotter,,,,,,,,,,,,,,,,,,,,,,"A strong Nor'Easter moved northward along the Eastern Seaboard February 22nd into the 23rd. Temperatures were marginal to start outside of elevation, making the snowfall totals elevation dependent. This storm was unique as it had several local maxima across the state. The greatest amounts were in western Maryland across Garrett and western Allegany counties where 3 to upwards of 15 inches of snow fell. A secondary max associated with an inverted trough was observed from the Catoctins down to northern Montgomery county where 3 to 8 inches fell. Upwards of 12 inches were observed across the Catoctins. Another max of 3 to 6 inches was observed across Calvert and St. Mary's counties. The final max was Carroll to Cecil counties where 4 to 9 inches fell. Elsewhere across the DC and Baltimore metro, there was a relative minimum of 2 to 4 inches. Very little snow fell across eastern Allegany into far western Washington County.",,CSV
202602,22,1500,202602,23,813,209982,1309703,MARYLAND,24,2026,February,Winter Storm,Z,8,CECIL,LWX,22-FEB-26 15:00:00,EST-5,23-FEB-26 08:13:00,0,0,0,0,,,Trained Spotter,,,,,,,,,,,,,,,,,,,,,,"A strong Nor'Easter moved northward along the Eastern Seaboard February 22nd into the 23rd. Temperatures were marginal to start outside of elevation, making the snowfall totals elevation dependent. This storm was unique as it had several local maxima across the state. The greatest amounts were in western Maryland across Garrett and western Allegany counties where 3 to upwards of 15 inches of snow fell. A secondary max associated with an inverted trough was observed from the Catoctins down to northern Montgomery county where 3 to 8 inches fell. Upwards of 12 inches were observed across the Catoctins. Another max of 3 to 6 inches was observed across Calvert and St. Mary's counties. The final max was Carroll to Cecil counties where 4 to 9 inches fell. Elsewhere across the DC and Baltimore metro, there was a relative minimum of 2 to 4 inches. Very little snow fell across eastern Allegany into far western Washington County.",,CSV
202602,22,1500,202602,23,331,209982,1309705,MARYLAND,24,2026,February,Winter Storm,Z,503,NORTHWEST MONTGOMERY,LWX,22-FEB-26 15:00:00,EST-5,23-FEB-26 03:31:00,0,0,0,0,,,Trained Spotter,,,,,,,,,,,,,,,,,,,,,,"A strong Nor'Easter moved northward along the Eastern Seaboard February 22nd into the 23rd. Temperatures were marginal to start outside of elevation, making the snowfall totals elevation dependent. This storm was unique as it had several local maxima across the state. The greatest amounts were in western Maryland across Garrett and western Allegany counties where 3 to upwards of 15 inches of snow fell. A secondary max associated with an inverted trough was observed from the Catoctins down to northern Montgomery county where 3 to 8 inches fell. Upwards of 12 inches were observed across the Catoctins. Another max of 3 to 6 inches was observed across Calvert and St. Mary's counties. The final max was Carroll to Cecil counties where 4 to 9 inches fell. Elsewhere across the DC and Baltimore metro, there was a relative minimum of 2 to 4 inches. Very little snow fell across eastern Allegany into far western Washington County.",,CSV
202602,22,1500,202602,23,328,209982,1309727,MARYLAND,24,2026,February,Winter Weather,Z,506,CENTRAL AND SOUTHEAST HOWARD,LWX,22-FEB-26 15:00:00,EST-5,23-FEB-26 03:28:00,0,0,0,0,,,Trained Spotter,,,,,,,,,,,,,,,,,,,,,,"A strong Nor'Easter moved northward along the Eastern Seaboard February 22nd into the 23rd. Temperatures were marginal to start outside of elevation, making the snowfall totals elevation dependent. This storm was unique as it had several local maxima across the state. The greatest amounts were in western Maryland across Garrett and western Allegany counties where 3 to upwards of 15 inches of snow fell. A secondary max associated with an inverted trough was observed from the Catoctins down to northern Montgomery county where 3 to 8 inches fell. Upwards of 12 inches were observed across the Catoctins. Another max of 3 to 6 inches was observed across Calvert and St. Mary's counties. The final max was Carroll to Cecil counties where 4 to 9 inches fell. Elsewhere across the DC and Baltimore metro, there was a relative minimum of 2 to 4 inches. Very little snow fell across eastern Allegany into far western Washington County.",,CSV
202602,22,1500,202602,23,629,209982,1309706,MARYLAND,24,2026,February,Winter Storm,Z,505,NORTHWEST HOWARD,LWX,22-FEB-26 15:00:00,EST-5,23-FEB-26 06:29:00,0,0,0,0,,,Trained Spotter,,,,,,,,,,,,,,,,,,,,,,"A strong Nor'Easter moved northward along the Eastern Seaboard February 22nd into the 23rd. Temperatures were marginal to start outside of elevation, making the snowfall totals elevation dependent. This storm was unique as it had several local maxima across the state. The greatest amounts were in western Maryland across Garrett and western Allegany counties where 3 to upwards of 15 inches of snow fell. A secondary max associated with an inverted trough was observed from the Catoctins down to northern Montgomery county where 3 to 8 inches fell. Upwards of 12 inches were observed across the Catoctins. Another max of 3 to 6 inches was observed across Calvert and St. Mary's counties. The final max was Carroll to Cecil counties where 4 to 9 inches fell. Elsewhere across the DC and Baltimore metro, there was a relative minimum of 2 to 4 inches. Very little snow fell across eastern Allegany into far western Washington County.",,CSV
202602,22,1500,202602,23,334,209982,1309709,MARYLAND,24,2026,February,Winter Storm,Z,507,NORTHWEST HARFORD,LWX,22-FEB-26 15:00:00,EST-5,23-FEB-26 03:34:00,0,0,0,0,,,Trained Spotter,,,,,,,,,,,,,,,,,,,,,,"A strong Nor'Easter moved northward along the Eastern Seaboard February 22nd into the 23rd. Temperatures were marginal to start outside of elevation, making the snowfall totals elevation dependent. This storm was unique as it had several local maxima across the state. The greatest amounts were in western Maryland across Garrett and western Allegany counties where 3 to upwards of 15 inches of snow fell. A secondary max associated with an inverted trough was observed from the Catoctins down to northern Montgomery county where 3 to 8 inches fell. Upwards of 12 inches were observed across the Catoctins. Another max of 3 to 6 inches was observed across Calvert and St. Mary's counties. The final max was Carroll to Cecil counties where 4 to 9 inches fell. Elsewhere across the DC and Baltimore metro, there was a relative minimum of 2 to 4 inches. Very little snow fell across eastern Allegany into far western Washington County.",,CSV
202602,22,1500,202602,23,629,209982,1309711,MARYLAND,24,2026,February,Winter Storm,Z,508,SOUTHEAST HARFORD,LWX,22-FEB-26 15:00:00,EST-5,23-FEB-26 06:29:00,0,0,0,0,,,Trained Spotter,,,,,,,,,,,,,,,,,,,,,,"A strong Nor'Easter moved northward along the Eastern Seaboard February 22nd into the 23rd. Temperatures were marginal to start outside of elevation, making the snowfall totals elevation dependent. This storm was unique as it had several local maxima across the state. The greatest amounts were in western Maryland across Garrett and western Allegany counties where 3 to upwards of 15 inches of snow fell. A secondary max associated with an inverted trough was observed from the Catoctins down to northern Montgomery county where 3 to 8 inches fell. Upwards of 12 inches were observed across the Catoctins. Another max of 3 to 6 inches was observed across Calvert and St. Mary's counties. The final max was Carroll to Cecil counties where 4 to 9 inches fell. Elsewhere across the DC and Baltimore metro, there was a relative minimum of 2 to 4 inches. Very little snow fell across eastern Allegany into far western Washington County.",,CSV
