BEGIN_YEARMONTH,BEGIN_DAY,BEGIN_TIME,END_YEARMONTH,END_DAY,END_TIME,EPISODE_ID,EVENT_ID,STATE,STATE_FIPS,YEAR,MONTH_NAME,EVENT_TYPE,CZ_TYPE,CZ_FIPS,CZ_NAME,WFO,BEGIN_DATE_TIME,CZ_TIMEZONE,END_DATE_TIME,INJURIES_DIRECT,INJURIES_INDIRECT,DEATHS_DIRECT,DEATHS_INDIRECT,DAMAGE_PROPERTY,DAMAGE_CROPS,SOURCE,MAGNITUDE,MAGNITUDE_TYPE,FLOOD_CAUSE,CATEGORY,TOR_F_SCALE,TOR_LENGTH,TOR_WIDTH,TOR_OTHER_WFO,TOR_OTHER_CZ_STATE,TOR_OTHER_CZ_FIPS,TOR_OTHER_CZ_NAME,BEGIN_RANGE,BEGIN_AZIMUTH,BEGIN_LOCATION,END_RANGE,END_AZIMUTH,END_LOCATION,BEGIN_LAT,BEGIN_LON,END_LAT,END_LON,EPISODE_NARRATIVE,EVENT_NARRATIVE,DATA_SOURCE
202601,25,1358,202601,25,1359,210108,1311075,ALABAMA,1,2026,January,Thunderstorm Wind,C,69,HOUSTON,TAE,25-JAN-26 13:58:00,CST-6,25-JAN-26 13:59:00,0,0,0,0,2.00K,0.00K,Broadcast Media,50.00,EG,,,,,,,,,,1.82,NW,ARDILLA,2.07,S,DOTHAN,31.19,-85.38,31.19,-85.39,A line of strong to severe storms ahead of a cold front brought damaging wind gusts and a few tornadoes to the tri-state area.,A tree was down on power lines in the 100 block of Reid Road as well as low hanging power lines at 2200 Shenandoah.,CSV
202601,25,1408,202601,25,1408,210108,1311076,ALABAMA,1,2026,January,Thunderstorm Wind,C,31,COFFEE,TAE,25-JAN-26 14:08:00,CST-6,25-JAN-26 14:08:00,0,0,0,0,5.00K,0.00K,Emergency Manager,50.00,EG,,,,,,,,,,1,SSW,DAMASCUS,1,SSW,DAMASCUS,31.3066,-86.0065,31.3066,-86.0065,A line of strong to severe storms ahead of a cold front brought damaging wind gusts and a few tornadoes to the tri-state area.,A tree was down on a structure at 12744 Highway 134 in New Brockton in addition to downed power lines.,CSV
202601,25,1410,202601,25,1410,210108,1311077,ALABAMA,1,2026,January,Thunderstorm Wind,C,69,HOUSTON,TAE,25-JAN-26 14:10:00,CST-6,25-JAN-26 14:10:00,0,0,0,0,3.00K,0.00K,911 Call Center,50.00,EG,,,,,,,,,,0,N,COLUMBIA,0,N,COLUMBIA,31.29,-85.11,31.29,-85.11,A line of strong to severe storms ahead of a cold front brought damaging wind gusts and a few tornadoes to the tri-state area.,Trees and power lines were reported down in the Columbia area.,CSV
202601,25,1416,202601,25,1416,210108,1311081,ALABAMA,1,2026,January,Thunderstorm Wind,C,69,HOUSTON,TAE,25-JAN-26 14:16:00,CST-6,25-JAN-26 14:16:00,0,0,0,0,2.00K,0.00K,911 Call Center,50.00,EG,,,,,,,,,,0,N,PANSEY,0,N,PANSEY,31.15,-85.17,31.15,-85.17,A line of strong to severe storms ahead of a cold front brought damaging wind gusts and a few tornadoes to the tri-state area.,Trees and power lines were blown down in the Pansey area.,CSV
202601,25,1417,202601,25,1417,210108,1311082,ALABAMA,1,2026,January,Thunderstorm Wind,C,69,HOUSTON,TAE,25-JAN-26 14:17:00,CST-6,25-JAN-26 14:17:00,0,0,0,0,0.00K,0.00K,Emergency Manager,50.00,EG,,,,,,,,,,1,NW,FARLEY NUCLEAR PLANT,1,NW,FARLEY NUCLEAR PLANT,31.2302,-85.122,31.2302,-85.122,A line of strong to severe storms ahead of a cold front brought damaging wind gusts and a few tornadoes to the tri-state area.,Trees were blown down along Highway 95 near the power plant.,CSV
202601,3,1216,202601,3,1216,209938,1309394,ALABAMA,1,2026,January,Hail,C,3,BALDWIN,MOB,03-JAN-26 12:16:00,CST-6,03-JAN-26 12:16:00,0,0,0,0,,,Broadcast Media,1.00,,,,,,,,,,,1.5,NNW,WHITEHOUSE FORKS,1.5,NNW,WHITEHOUSE FORKS,30.82,-87.84,30.82,-87.84,Thunderstorms moved across the area and produced large hail.,,CSV
202601,3,1218,202601,3,1218,209938,1309396,ALABAMA,1,2026,January,Hail,C,3,BALDWIN,MOB,03-JAN-26 12:18:00,CST-6,03-JAN-26 12:18:00,0,0,0,0,,,Emergency Manager,1.75,,,,,,,,,,,.91,NE,WHITEHOUSE FORKS,.91,NE,WHITEHOUSE FORKS,30.81,-87.82,30.81,-87.82,Thunderstorms moved across the area and produced large hail.,,CSV
202601,3,1445,202601,3,1445,209938,1309400,ALABAMA,1,2026,January,Hail,C,35,CONECUH,MOB,03-JAN-26 14:45:00,CST-6,03-JAN-26 14:45:00,0,0,0,0,,,Emergency Manager,1.75,,,,,,,,,,,.59,E,PAUL,.59,E,PAUL,31.32,-86.74,31.32,-86.74,Thunderstorms moved across the area and produced large hail.,,CSV
202601,25,1158,202601,25,1200,210314,1312083,ALABAMA,1,2026,January,Thunderstorm Wind,C,3,BALDWIN,MOB,25-JAN-26 11:58:00,CST-6,25-JAN-26 12:00:00,0,0,0,0,0.00K,0.00K,Emergency Manager,52.00,EG,,,,,,,,,,2.16,NNW,OAK,2.16,NNW,OAK,30.35,-87.71,30.35,-87.71,Strong thunderstorms produced high wind gusts in southwest Alabama.,High winds damaged car ports in the Foley Grove neighborhood.,CSV
202601,25,1302,202601,25,1304,210314,1312088,ALABAMA,1,2026,January,Thunderstorm Wind,C,39,COVINGTON,MOB,25-JAN-26 13:02:00,CST-6,25-JAN-26 13:04:00,0,0,0,0,0.00K,0.00K,ASOS,52.00,MG,,,,,,,,,,0,N,FLORALA,0,N,FLORALA,31,-86.33,31,-86.33,Strong thunderstorms produced high wind gusts in southwest Alabama.,,CSV
202601,25,1329,202601,25,1333,210108,1311728,ALABAMA,1,2026,January,Tornado,C,61,GENEVA,TAE,25-JAN-26 13:29:00,CST-6,25-JAN-26 13:33:00,0,0,0,0,200.00K,0.00K,NWS Storm Survey,,,,,EF2,3.61,900,,,,,.69,NW,GENEVA,1.37,ESE,EUNOLA,31.0369,-85.8784,31.0352,-85.8175,A line of strong to severe storms ahead of a cold front brought damaging wind gusts and a few tornadoes to the tri-state area.,"A tornado touched down in a western Geneva neighborhood causing mainly EF-1 damage between Campbell and Magnolia Avenues. EF- 2 damage occurred downtown on Commerce St. where roofing material was peeled off three adjacent low-rise buildings. After crossing a swampy area, a significant number of snapped trees were observed on either side of the SR 52 bridge over the Choctawhatchee River. The tornado continued east causing sporadic damage on McDougald St. in Eunola, Spring Creek Road, and East CR 4 before lifting near Spring Creek itself. Both EF-2 areas had maximum winds of 115 mph.",CSV
202601,25,1402,202601,25,1403,210108,1311730,ALABAMA,1,2026,January,Tornado,C,69,HOUSTON,TAE,25-JAN-26 14:02:00,CST-6,25-JAN-26 14:03:00,0,0,0,0,10.00K,0.00K,NWS Storm Survey,,,,,EF0,0.09,50,,,,,1.19,ESE,MADRID,1.27,ESE,MADRID,31.0227,-85.3718,31.0228,-85.3703,A line of strong to severe storms ahead of a cold front brought damaging wind gusts and a few tornadoes to the tri-state area.,A tornado briefly developed along Decatur Road in southwestern Houston County. The tornado lifted the roof off of a manufactured home before dissipating shortly thereafter without causing any additional known damage. An associated Tornadic Debris Signature (TDS) was noted on the Eglin AFB (KEVX) Radar data. The damage was consistent with an EF0 tornado with winds of approximately 85 mph.,CSV
202601,13,0,202601,31,2359,209276,1304190,ALABAMA,1,2026,January,Drought,Z,65,COFFEE,TAE,13-JAN-26 00:00:00,EST-5,31-JAN-26 23:59:00,0,0,0,0,,,Drought Monitor,,,,,,,,,,,,,,,,,,,,,,D2 drought conditions redeveloped during the middle of January and continued into February.,,CSV
202601,13,0,202601,31,2359,209276,1304191,ALABAMA,1,2026,January,Drought,Z,66,DALE,TAE,13-JAN-26 00:00:00,EST-5,31-JAN-26 23:59:00,0,0,0,0,,,Drought Monitor,,,,,,,,,,,,,,,,,,,,,,D2 drought conditions redeveloped during the middle of January and continued into February.,,CSV
202601,13,0,202601,31,2359,209276,1304192,ALABAMA,1,2026,January,Drought,Z,68,GENEVA,TAE,13-JAN-26 00:00:00,EST-5,31-JAN-26 23:59:00,0,0,0,0,,,Drought Monitor,,,,,,,,,,,,,,,,,,,,,,D2 drought conditions redeveloped during the middle of January and continued into February.,,CSV
202601,13,0,202601,31,2359,209276,1304193,ALABAMA,1,2026,January,Drought,Z,67,HENRY,TAE,13-JAN-26 00:00:00,EST-5,31-JAN-26 23:59:00,0,0,0,0,,,Drought Monitor,,,,,,,,,,,,,,,,,,,,,,D2 drought conditions redeveloped during the middle of January and continued into February.,,CSV
202601,13,0,202601,31,2359,209276,1304194,ALABAMA,1,2026,January,Drought,Z,69,HOUSTON,TAE,13-JAN-26 00:00:00,EST-5,31-JAN-26 23:59:00,0,0,0,0,,,Drought Monitor,,,,,,,,,,,,,,,,,,,,,,D2 drought conditions redeveloped during the middle of January and continued into February.,,CSV
202601,10,648,202601,10,659,208752,1300187,ALABAMA,1,2026,January,Tornado,C,29,CLEBURNE,BMX,10-JAN-26 06:48:00,CST-6,10-JAN-26 06:59:00,0,0,0,0,0.00K,0.00K,NWS Storm Survey,,,,,EF0,7.4,75,,,,,2.76,WNW,COLD WATER,5.48,E,OAK LEVEL,33.7984,-85.4927,33.8563,-85.3848,"A multi-wave severe event unfolded from the afternoon of January 9 through the morning of January 10. While the first wave featured no severe thunderstorms, heavy rainfall over Birmingham led to numerous flooding issues. Early the next morning, additional heavy rainfall led to more flooding issues in parts of Jefferson, Shelby, and St. Clair counties. A bowing line segment moved across Marengo, Dallas, Autauga, Elmore, Montgomery, and Lee counties, with scattered instances of wind damage. In addition, a cell in advance of the main QLCS produced an EF-0 tornado in northern Cleburne County.","The National Weather Service in Birmingham surveyed damage in northern Cleburne County and confirmed an EF-0 tornado with winds up to 80 mph. The tornado began in a heavily forested area between County Road (CR) 549 and CR 205, where several pine trees were uprooted or limbs were snapped. The track moved northeast across a large area of inaccessible land and emerged at CR 296 and CR 49, where several more small pine trees were snapped or uprooted. More tree damage was noted at the intersection of CR 40 and CR 65, with very minor damage to a couple homes. The tornado then followed along CR 65, with additional tree damage along both sides of the road. Tree damage became slightly heavier as the tornado approached the Mars Hill community. The tornado struck four chicken houses and peeled the roofing off the southern end of three, scattering debris to the east and northeast. A home sustained minor roof damage, and a detached garage was damaged by a falling tree. Just downstream, a shed was destroyed in the yard of another residence. A tornado debris signature then became apparent on radar. The damage became more sparse as the path continued, with tree damage, mostly to pines, continuing across CR 123 and CR 253. The damage path appeared to end just past CR 253, before reaching the Georgia state line.",CSV
202601,9,1610,202601,9,1810,208752,1300211,ALABAMA,1,2026,January,Flash Flood,C,73,JEFFERSON,BMX,09-JAN-26 16:10:00,CST-6,09-JAN-26 18:10:00,0,0,0,0,0.00K,0.00K,Broadcast Media,,,Heavy Rain,,,,,,,,,3.06,SE,MC CALLA,1.36,S,RUFFNER NUMBER TWO,33.3048,-86.9765,33.5503,-86.6809,"A multi-wave severe event unfolded from the afternoon of January 9 through the morning of January 10. While the first wave featured no severe thunderstorms, heavy rainfall over Birmingham led to numerous flooding issues. Early the next morning, additional heavy rainfall led to more flooding issues in parts of Jefferson, Shelby, and St. Clair counties. A bowing line segment moved across Marengo, Dallas, Autauga, Elmore, Montgomery, and Lee counties, with scattered instances of wind damage. In addition, a cell in advance of the main QLCS produced an EF-0 tornado in northern Cleburne County.","Heavy rainfall led to flash flooding around the cities of Birmingham and Bessemer. Water rescues were reported in Birmingham along 27th Ave N, 31st St N near 7th Ave N, near 1st Ave N and 50th St N. Valley Creek at Center St crested in minor flood stage at 11.45 ft at 4:15 pm, resulting in downstream flooding at Harmer St and McLaughlin St. In Bessemer, flooding was reported on 4th Ave SW and Sam Dr.",CSV
202601,10,600,202601,10,1100,208752,1300215,ALABAMA,1,2026,January,Flash Flood,C,117,SHELBY,BMX,10-JAN-26 06:00:00,CST-6,10-JAN-26 11:00:00,0,0,0,0,0.00K,0.00K,Official NWS Observations,,,Heavy Rain,,,,,,,,,2.73,ESE,NEW HOPE,2.51,E,PARAMOUNT,33.3605,-86.7041,33.3157,-86.7869,"A multi-wave severe event unfolded from the afternoon of January 9 through the morning of January 10. While the first wave featured no severe thunderstorms, heavy rainfall over Birmingham led to numerous flooding issues. Early the next morning, additional heavy rainfall led to more flooding issues in parts of Jefferson, Shelby, and St. Clair counties. A bowing line segment moved across Marengo, Dallas, Autauga, Elmore, Montgomery, and Lee counties, with scattered instances of wind damage. In addition, a cell in advance of the main QLCS produced an EF-0 tornado in northern Cleburne County.","Heavy rain led to flooding in northern Shelby County. Cahaba Valley Creek at Indian Trail Rd rose into minor flood stage at 6:30 am. Downstream at Pelham, the creek crested in minor flood stage at 8.2 feet at 10:15 am.",CSV
202601,10,700,202601,10,1100,208752,1300216,ALABAMA,1,2026,January,Flash Flood,C,73,JEFFERSON,BMX,10-JAN-26 07:00:00,CST-6,10-JAN-26 11:00:00,0,0,0,0,0.00K,0.00K,Official NWS Observations,,,Heavy Rain,,,,,,,,,1.56,SW,GREENWOOD,2.23,ESE,MC CALLA,33.314,-86.949,33.3184,-86.9839,"A multi-wave severe event unfolded from the afternoon of January 9 through the morning of January 10. While the first wave featured no severe thunderstorms, heavy rainfall over Birmingham led to numerous flooding issues. Early the next morning, additional heavy rainfall led to more flooding issues in parts of Jefferson, Shelby, and St. Clair counties. A bowing line segment moved across Marengo, Dallas, Autauga, Elmore, Montgomery, and Lee counties, with scattered instances of wind damage. In addition, a cell in advance of the main QLCS produced an EF-0 tornado in northern Cleburne County.",Shades Creek at Greenwood rose into minor flood stage at 7:30 am after heavy rainfall over southern Jefferson County.,CSV
202601,10,730,202601,10,945,208752,1300218,ALABAMA,1,2026,January,Flash Flood,C,115,ST. CLAIR,BMX,10-JAN-26 07:30:00,CST-6,10-JAN-26 09:45:00,0,0,0,0,0.00K,0.00K,Emergency Manager,,,Heavy Rain,,,,,,,,,1.61,WNW,EASONVILLE,2.8,SSE,COOKS SPGS,33.5267,-86.3269,33.5433,-86.3794,"A multi-wave severe event unfolded from the afternoon of January 9 through the morning of January 10. While the first wave featured no severe thunderstorms, heavy rainfall over Birmingham led to numerous flooding issues. Early the next morning, additional heavy rainfall led to more flooding issues in parts of Jefferson, Shelby, and St. Clair counties. A bowing line segment moved across Marengo, Dallas, Autauga, Elmore, Montgomery, and Lee counties, with scattered instances of wind damage. In addition, a cell in advance of the main QLCS produced an EF-0 tornado in northern Cleburne County.","Flooding in Pell City led to impassable roadways, such as Dry Creek Rd and Hardwick Rd at 1st Ave S.",CSV
202601,10,710,202601,10,730,208752,1300219,ALABAMA,1,2026,January,Thunderstorm Wind,C,91,MARENGO,BMX,10-JAN-26 07:10:00,CST-6,10-JAN-26 07:30:00,0,0,0,0,0.00K,0.00K,Emergency Manager,52.00,EG,,,,,,,,,,2.72,WNW,OCTAGON,2.72,WNW,OCTAGON,32.22,-87.79,32.22,-87.79,"A multi-wave severe event unfolded from the afternoon of January 9 through the morning of January 10. While the first wave featured no severe thunderstorms, heavy rainfall over Birmingham led to numerous flooding issues. Early the next morning, additional heavy rainfall led to more flooding issues in parts of Jefferson, Shelby, and St. Clair counties. A bowing line segment moved across Marengo, Dallas, Autauga, Elmore, Montgomery, and Lee counties, with scattered instances of wind damage. In addition, a cell in advance of the main QLCS produced an EF-0 tornado in northern Cleburne County.",Numerous trees were downed across southern Marengo County south of Linden.,CSV
202601,10,730,202601,10,740,208752,1300220,ALABAMA,1,2026,January,Thunderstorm Wind,C,91,MARENGO,BMX,10-JAN-26 07:30:00,CST-6,10-JAN-26 07:40:00,0,0,0,0,0.00K,0.00K,Emergency Manager,52.00,EG,,,,,,,,,,.58,W,THOMASTON,.58,W,THOMASTON,32.27,-87.63,32.27,-87.63,"A multi-wave severe event unfolded from the afternoon of January 9 through the morning of January 10. While the first wave featured no severe thunderstorms, heavy rainfall over Birmingham led to numerous flooding issues. Early the next morning, additional heavy rainfall led to more flooding issues in parts of Jefferson, Shelby, and St. Clair counties. A bowing line segment moved across Marengo, Dallas, Autauga, Elmore, Montgomery, and Lee counties, with scattered instances of wind damage. In addition, a cell in advance of the main QLCS produced an EF-0 tornado in northern Cleburne County.",Trees were downed in the Thomaston area.,CSV
202601,10,740,202601,10,753,208752,1300222,ALABAMA,1,2026,January,Thunderstorm Wind,C,115,ST. CLAIR,BMX,10-JAN-26 07:40:00,CST-6,10-JAN-26 07:53:00,0,0,0,0,1.00K,0.00K,Emergency Manager,45.00,EG,,,,,,,,,,.9,SW,EDEN,.9,SW,EDEN,33.57,-86.33,33.57,-86.33,"A multi-wave severe event unfolded from the afternoon of January 9 through the morning of January 10. While the first wave featured no severe thunderstorms, heavy rainfall over Birmingham led to numerous flooding issues. Early the next morning, additional heavy rainfall led to more flooding issues in parts of Jefferson, Shelby, and St. Clair counties. A bowing line segment moved across Marengo, Dallas, Autauga, Elmore, Montgomery, and Lee counties, with scattered instances of wind damage. In addition, a cell in advance of the main QLCS produced an EF-0 tornado in northern Cleburne County.","A few trees and power lines were downed around Pell City, including Cook Springs Rd, Mountain Top Loop Rd, Wolf Creek Rd, and Old Coal City Rd at Florida Rd.",CSV
202601,10,802,202601,10,810,208752,1300223,ALABAMA,1,2026,January,Thunderstorm Wind,C,121,TALLADEGA,BMX,10-JAN-26 08:02:00,CST-6,10-JAN-26 08:10:00,0,0,0,0,0.50K,0.00K,Emergency Manager,45.00,EG,,,,,,,,,,0,N,SYLACAUGA,0,N,SYLACAUGA,33.17,-86.25,33.17,-86.25,"A multi-wave severe event unfolded from the afternoon of January 9 through the morning of January 10. While the first wave featured no severe thunderstorms, heavy rainfall over Birmingham led to numerous flooding issues. Early the next morning, additional heavy rainfall led to more flooding issues in parts of Jefferson, Shelby, and St. Clair counties. A bowing line segment moved across Marengo, Dallas, Autauga, Elmore, Montgomery, and Lee counties, with scattered instances of wind damage. In addition, a cell in advance of the main QLCS produced an EF-0 tornado in northern Cleburne County.","Trees were downed around the Sylacauga area, including Odens Mill Rd and New County Line Rd at Coaling Rd.",CSV
202601,10,808,202601,10,818,208752,1300224,ALABAMA,1,2026,January,Thunderstorm Wind,C,121,TALLADEGA,BMX,10-JAN-26 08:08:00,CST-6,10-JAN-26 08:18:00,0,0,0,0,0.50K,0.00K,Emergency Manager,45.00,EG,,,,,,,,,,0,N,TALLADEGA,0,N,TALLADEGA,33.43,-86.1,33.43,-86.1,"A multi-wave severe event unfolded from the afternoon of January 9 through the morning of January 10. While the first wave featured no severe thunderstorms, heavy rainfall over Birmingham led to numerous flooding issues. Early the next morning, additional heavy rainfall led to more flooding issues in parts of Jefferson, Shelby, and St. Clair counties. A bowing line segment moved across Marengo, Dallas, Autauga, Elmore, Montgomery, and Lee counties, with scattered instances of wind damage. In addition, a cell in advance of the main QLCS produced an EF-0 tornado in northern Cleburne County.","Trees were downed around Talladega, Alpine, and Munford, including Cheaha Rd, Alpine Winterboro Rd, Renfroe Rd, and Grizzle Ln.",CSV
202601,10,816,202601,10,818,208752,1300226,ALABAMA,1,2026,January,Thunderstorm Wind,C,47,DALLAS,BMX,10-JAN-26 08:16:00,CST-6,10-JAN-26 08:18:00,0,0,0,0,0.00K,0.00K,Emergency Manager,52.00,EG,,,,,,,,,,1.82,NNW,SELMA SKYHARBOR ARPT,1.82,NNW,SELMA SKYHARBOR ARPT,32.3954,-87.1083,32.3954,-87.1083,"A multi-wave severe event unfolded from the afternoon of January 9 through the morning of January 10. While the first wave featured no severe thunderstorms, heavy rainfall over Birmingham led to numerous flooding issues. Early the next morning, additional heavy rainfall led to more flooding issues in parts of Jefferson, Shelby, and St. Clair counties. A bowing line segment moved across Marengo, Dallas, Autauga, Elmore, Montgomery, and Lee counties, with scattered instances of wind damage. In addition, a cell in advance of the main QLCS produced an EF-0 tornado in northern Cleburne County.",Trees down on three houses on County Road 925. Two homes were reportedly uninhabitable due to tree damage.,CSV
202601,10,815,202601,10,828,208752,1300227,ALABAMA,1,2026,January,Thunderstorm Wind,C,47,DALLAS,BMX,10-JAN-26 08:15:00,CST-6,10-JAN-26 08:28:00,0,0,0,0,0.00K,0.00K,Emergency Manager,50.00,EG,,,,,,,,,,.69,N,SELMA,.69,N,SELMA,32.41,-87.02,32.41,-87.02,"A multi-wave severe event unfolded from the afternoon of January 9 through the morning of January 10. While the first wave featured no severe thunderstorms, heavy rainfall over Birmingham led to numerous flooding issues. Early the next morning, additional heavy rainfall led to more flooding issues in parts of Jefferson, Shelby, and St. Clair counties. A bowing line segment moved across Marengo, Dallas, Autauga, Elmore, Montgomery, and Lee counties, with scattered instances of wind damage. In addition, a cell in advance of the main QLCS produced an EF-0 tornado in northern Cleburne County.",Power outages were reported around Dallas County with sporadic tree damage. A tree fell on a house along Warrior Dr west of Valley Grande.,CSV
202601,25,1236,202601,25,1236,210108,1310326,ALABAMA,1,2026,January,Thunderstorm Wind,C,31,COFFEE,TAE,25-JAN-26 12:36:00,CST-6,25-JAN-26 12:36:00,0,0,0,0,3.00K,0.00K,911 Call Center,55.00,EG,,,,,,,,,,0,N,ELBA,0,N,ELBA,31.41,-86.07,31.41,-86.07,A line of strong to severe storms ahead of a cold front brought damaging wind gusts and a few tornadoes to the tri-state area.,Trees and power lines down across Elba.,CSV
202601,25,1308,202601,25,1308,210108,1310327,ALABAMA,1,2026,January,Thunderstorm Wind,C,31,COFFEE,TAE,25-JAN-26 13:08:00,CST-6,25-JAN-26 13:08:00,0,0,0,0,5.00K,0.00K,Emergency Manager,50.00,EG,,,,,,,,,,.91,SW,DAMASCUS,.91,SW,DAMASCUS,31.31,-86.01,31.31,-86.01,A line of strong to severe storms ahead of a cold front brought damaging wind gusts and a few tornadoes to the tri-state area.,A tree was blown down onto a roof as well as power lines.,CSV
202601,25,1309,202601,25,1309,210108,1310328,ALABAMA,1,2026,January,Thunderstorm Wind,C,31,COFFEE,TAE,25-JAN-26 13:09:00,CST-6,25-JAN-26 13:09:00,0,0,0,0,0.00K,0.00K,911 Call Center,50.00,EG,,,,,,,,,,0,N,ENTERPRISE,0,N,ENTERPRISE,31.32,-85.84,31.32,-85.84,A line of strong to severe storms ahead of a cold front brought damaging wind gusts and a few tornadoes to the tri-state area.,A tree was blown down in Enterprise.,CSV
202601,25,1313,202601,25,1313,210108,1310329,ALABAMA,1,2026,January,Thunderstorm Wind,C,45,DALE,TAE,25-JAN-26 13:13:00,CST-6,25-JAN-26 13:13:00,0,0,0,0,3.00K,0.00K,911 Call Center,50.00,EG,,,,,,,,,,0,N,LEVEL PLAINS,0,N,LEVEL PLAINS,31.3,-85.76,31.3,-85.76,A line of strong to severe storms ahead of a cold front brought damaging wind gusts and a few tornadoes to the tri-state area.,Trees and power lines down across Level Plains.,CSV
202601,25,1315,202601,25,1315,210108,1310330,ALABAMA,1,2026,January,Thunderstorm Wind,C,45,DALE,TAE,25-JAN-26 13:15:00,CST-6,25-JAN-26 13:15:00,0,0,0,0,3.00K,0.00K,911 Call Center,50.00,EG,,,,,,,,,,0,N,OZARK,0,N,OZARK,31.44,-85.64,31.44,-85.64,A line of strong to severe storms ahead of a cold front brought damaging wind gusts and a few tornadoes to the tri-state area.,Trees and power lines down across Ozark.,CSV
202601,25,1318,202601,25,1318,210108,1310331,ALABAMA,1,2026,January,Thunderstorm Wind,C,61,GENEVA,TAE,25-JAN-26 13:18:00,CST-6,25-JAN-26 13:18:00,0,0,0,0,0.00K,0.00K,Public,50.00,EG,,,,,,,,,,3,S,GANER,3,S,GANER,31.0366,-86.1,31.0366,-86.1,A line of strong to severe storms ahead of a cold front brought damaging wind gusts and a few tornadoes to the tri-state area.,Trees down in the Flat Creek area.,CSV
202601,25,1325,202601,25,1325,210108,1310332,ALABAMA,1,2026,January,Thunderstorm Wind,C,45,DALE,TAE,25-JAN-26 13:25:00,CST-6,25-JAN-26 13:25:00,0,0,0,0,2.00K,0.00K,Amateur Radio,50.00,EG,,,,,,,,,,1,NNE,DALEVILLE,1,NNE,DALEVILLE,31.2934,-85.7135,31.2934,-85.7135,A line of strong to severe storms ahead of a cold front brought damaging wind gusts and a few tornadoes to the tri-state area.,Power lines were blown down along the road.,CSV
202601,25,1325,202601,25,1325,210108,1310333,ALABAMA,1,2026,January,Thunderstorm Wind,C,45,DALE,TAE,25-JAN-26 13:25:00,CST-6,25-JAN-26 13:25:00,0,0,0,0,2.00K,0.00K,Amateur Radio,50.00,EG,,,,,,,,,,1,NNE,DALEVILLE,1,NNE,DALEVILLE,31.2934,-85.7135,31.2934,-85.7135,A line of strong to severe storms ahead of a cold front brought damaging wind gusts and a few tornadoes to the tri-state area.,Power lines were blown down along the road.,CSV
202601,25,1325,202601,25,1325,210108,1310338,ALABAMA,1,2026,January,Thunderstorm Wind,C,45,DALE,TAE,25-JAN-26 13:25:00,CST-6,25-JAN-26 13:25:00,0,0,0,0,3.00K,0.00K,Amateur Radio,50.00,EG,,,,,,,,,,1,ESE,GERALD,1,ESE,GERALD,31.3045,-85.7344,31.3045,-85.7344,A line of strong to severe storms ahead of a cold front brought damaging wind gusts and a few tornadoes to the tri-state area.,Power lines and trees were blown down across the roadway.,CSV
202601,25,1325,202601,25,1325,210108,1310341,ALABAMA,1,2026,January,Thunderstorm Wind,C,45,DALE,TAE,25-JAN-26 13:25:00,CST-6,25-JAN-26 13:25:00,0,0,0,0,3.00K,0.00K,Amateur Radio,50.00,EG,,,,,,,,,,2,W,KNOX FIELD,2,W,KNOX FIELD,31.32,-85.7039,31.32,-85.7039,A line of strong to severe storms ahead of a cold front brought damaging wind gusts and a few tornadoes to the tri-state area.,Power lines down on Daleville Manor.,CSV
202601,25,1325,202601,25,1325,210108,1310342,ALABAMA,1,2026,January,Thunderstorm Wind,C,45,DALE,TAE,25-JAN-26 13:25:00,CST-6,25-JAN-26 13:25:00,0,0,0,0,2.00K,0.00K,Amateur Radio,50.00,EG,,,,,,,,,,1,SSW,KNOX FIELD,1,SSW,KNOX FIELD,31.3066,-85.6765,31.3066,-85.6765,A line of strong to severe storms ahead of a cold front brought damaging wind gusts and a few tornadoes to the tri-state area.,Power lines were blown down over the road.,CSV
202601,25,1325,202601,25,1325,210108,1310345,ALABAMA,1,2026,January,Thunderstorm Wind,C,45,DALE,TAE,25-JAN-26 13:25:00,CST-6,25-JAN-26 13:25:00,0,0,0,0,2.00K,0.00K,Amateur Radio,50.00,EG,,,,,,,,,,2,NNE,DALEVILLE,2,NNE,DALEVILLE,31.3067,-85.707,31.3067,-85.707,A line of strong to severe storms ahead of a cold front brought damaging wind gusts and a few tornadoes to the tri-state area.,A power line was blown down near Dan Ray Tires.,CSV
202601,25,1325,202601,25,1325,210108,1310346,ALABAMA,1,2026,January,Thunderstorm Wind,C,45,DALE,TAE,25-JAN-26 13:25:00,CST-6,25-JAN-26 13:25:00,0,0,0,0,2.00K,0.00K,Amateur Radio,50.00,EG,,,,,,,,,,2,WSW,KNOX FIELD,2,WSW,KNOX FIELD,31.3089,-85.7013,31.3089,-85.7013,A line of strong to severe storms ahead of a cold front brought damaging wind gusts and a few tornadoes to the tri-state area.,Power lines were blown down across the road.,CSV
202601,10,855,202601,10,905,208752,1300229,ALABAMA,1,2026,January,Thunderstorm Wind,C,1,AUTAUGA,BMX,10-JAN-26 08:55:00,CST-6,10-JAN-26 09:05:00,0,0,0,0,0.00K,0.00K,NWS Storm Survey,52.00,EG,,,,,,,,,,.38,SSE,PINE LEVEL,.38,SSE,PINE LEVEL,32.5749,-86.4679,32.5749,-86.4679,"A multi-wave severe event unfolded from the afternoon of January 9 through the morning of January 10. While the first wave featured no severe thunderstorms, heavy rainfall over Birmingham led to numerous flooding issues. Early the next morning, additional heavy rainfall led to more flooding issues in parts of Jefferson, Shelby, and St. Clair counties. A bowing line segment moved across Marengo, Dallas, Autauga, Elmore, Montgomery, and Lee counties, with scattered instances of wind damage. In addition, a cell in advance of the main QLCS produced an EF-0 tornado in northern Cleburne County.","NWS meteorologists performed a storm survey in the Old Kingston and Pine Level areas of Autauga County and the Deatsville and Holtville areas of Elmore County. Findings were consistent with straight-line wind damage associated with an area of broad rotation within a line of severe thunderstorms. Damage in the Pine Level area consisted of a few uprooted trees or broken limbs along I-65, U.S. 31, CR 107, and CR 40, with minimal continuity between damage points. Roofing was blown from a small produce stand on U.S. 31, just south of the CR 40 intersection. A few large cedar limbs fell in a cemetery, knocking down at least one headstone. A shed and a trampoline were damaged on Chanlee Dr, adjacent to CR 40. Damage was consistent with winds as high as 60 mph.",CSV
202601,10,905,202601,10,915,208752,1300230,ALABAMA,1,2026,January,Thunderstorm Wind,C,51,ELMORE,BMX,10-JAN-26 09:05:00,CST-6,10-JAN-26 09:15:00,0,0,0,0,0.00K,0.00K,NWS Storm Survey,52.00,EG,,,,,,,,,,1.17,SE,DEATSVILLE,1.17,SE,DEATSVILLE,32.607,-86.3871,32.607,-86.3871,"A multi-wave severe event unfolded from the afternoon of January 9 through the morning of January 10. While the first wave featured no severe thunderstorms, heavy rainfall over Birmingham led to numerous flooding issues. Early the next morning, additional heavy rainfall led to more flooding issues in parts of Jefferson, Shelby, and St. Clair counties. A bowing line segment moved across Marengo, Dallas, Autauga, Elmore, Montgomery, and Lee counties, with scattered instances of wind damage. In addition, a cell in advance of the main QLCS produced an EF-0 tornado in northern Cleburne County.","NWS meteorologists performed a storm survey in the Old Kingston and Pine Level areas of Autauga County and the Deatsville and Holtville areas of Elmore County. Findings were consistent with straight-line wind damage associated with an area of broad rotation within a line of severe thunderstorms. In Elmore County, a few downed trees were found in the Deatsville area. Minimal damage was noted downstream of Deatsville. In Holtville, roofing was blown off a home and a backyard shed was flipped on Highway 111. On one section of Lake Region Cir, a few trees were uprooted and fell on power lines. Damage was consistent with winds as high as 60 mph.",CSV
202601,25,1325,202601,25,1325,210108,1310351,ALABAMA,1,2026,January,Thunderstorm Wind,C,45,DALE,TAE,25-JAN-26 13:25:00,CST-6,25-JAN-26 13:25:00,0,0,0,0,5.00K,0.00K,Amateur Radio,55.00,EG,,,,,,,,,,2,NE,DALEVILLE,2,NE,DALEVILLE,31.3005,-85.6961,31.3005,-85.6961,A line of strong to severe storms ahead of a cold front brought damaging wind gusts and a few tornadoes to the tri-state area.,"Trees were blown down onto power lines, and a light pole was also blown down across the road.",CSV
202601,25,1325,202601,25,1325,210108,1310390,ALABAMA,1,2026,January,Thunderstorm Wind,C,45,DALE,TAE,25-JAN-26 13:25:00,CST-6,25-JAN-26 13:25:00,0,0,0,0,3.00K,0.00K,Amateur Radio,50.00,EG,,,,,,,,,,2,E,CAIRNS ARMY-AIR FIELD,2,E,CAIRNS ARMY-AIR FIELD,31.27,-85.6761,31.27,-85.6761,A line of strong to severe storms ahead of a cold front brought damaging wind gusts and a few tornadoes to the tri-state area.,Power lines and trees down across the road.,CSV
202601,25,1325,202601,25,1325,210108,1310391,ALABAMA,1,2026,January,Thunderstorm Wind,C,45,DALE,TAE,25-JAN-26 13:25:00,CST-6,25-JAN-26 13:25:00,0,0,0,0,3.00K,0.00K,Amateur Radio,50.00,EG,,,,,,,,,,0,N,LEVEL PLAINS,0,N,LEVEL PLAINS,31.3,-85.76,31.3,-85.76,A line of strong to severe storms ahead of a cold front brought damaging wind gusts and a few tornadoes to the tri-state area.,Power lines and trees were blown down across the road.,CSV
202601,25,1327,202601,25,1327,210108,1310392,ALABAMA,1,2026,January,Thunderstorm Wind,C,31,COFFEE,TAE,25-JAN-26 13:27:00,CST-6,25-JAN-26 13:27:00,0,0,0,0,,,Emergency Manager,50.00,EG,,,,,,,,,,2,WSW,DAMASCUS,2,WSW,DAMASCUS,31.3089,-86.0313,31.3089,-86.0313,A line of strong to severe storms ahead of a cold front brought damaging wind gusts and a few tornadoes to the tri-state area.,A resident called to report storm damage at 72 CR 607.  Trees were down.,CSV
202601,25,1332,202601,25,1332,210108,1310899,ALABAMA,1,2026,January,Thunderstorm Wind,C,61,GENEVA,TAE,25-JAN-26 13:32:00,CST-6,25-JAN-26 13:32:00,0,0,0,0,0.00K,0.00K,Public,50.00,EG,,,,,,,,,,0,N,EUNOLA,0,N,EUNOLA,31.04,-85.84,31.04,-85.84,A line of strong to severe storms ahead of a cold front brought damaging wind gusts and a few tornadoes to the tri-state area.,Trees were blown down in the Eunola area.,CSV
202601,25,1332,202601,25,1332,210108,1310901,ALABAMA,1,2026,January,Thunderstorm Wind,C,45,DALE,TAE,25-JAN-26 13:32:00,CST-6,25-JAN-26 13:32:00,0,0,0,0,1.00K,0.00K,Amateur Radio,50.00,EG,,,,,,,,,,2,NNE,DALEVILLE,2,NNE,DALEVILLE,31.3067,-85.707,31.3067,-85.707,A line of strong to severe storms ahead of a cold front brought damaging wind gusts and a few tornadoes to the tri-state area.,A HAM radio operator reported that an All In Credit Union sign was blown over on North Daleville Ave.,CSV
202601,25,1335,202601,25,1335,210108,1310902,ALABAMA,1,2026,January,Thunderstorm Wind,C,31,COFFEE,TAE,25-JAN-26 13:35:00,CST-6,25-JAN-26 13:35:00,0,0,0,0,0.00K,0.00K,AWOS,57.00,MG,,,,,,,,,,0,N,ENTERPRISE MUNICIPAL ARPT,0,N,ENTERPRISE MUNICIPAL ARPT,31.29,-85.89,31.29,-85.89,A line of strong to severe storms ahead of a cold front brought damaging wind gusts and a few tornadoes to the tri-state area.,,CSV
202601,25,1336,202601,25,1336,210108,1310908,ALABAMA,1,2026,January,Thunderstorm Wind,C,31,COFFEE,TAE,25-JAN-26 13:36:00,CST-6,25-JAN-26 13:36:00,0,0,0,0,0.00K,0.00K,Social Media,50.00,EG,,,,,,,,,,0,N,INO,0,N,INO,31.27,-86.09,31.27,-86.09,A line of strong to severe storms ahead of a cold front brought damaging wind gusts and a few tornadoes to the tri-state area.,Tree damage was reported on a Facebook Live Stream on County Road 428 in the Ino community.,CSV
202601,25,1338,202601,25,1338,210108,1310912,ALABAMA,1,2026,January,Thunderstorm Wind,C,69,HOUSTON,TAE,25-JAN-26 13:38:00,CST-6,25-JAN-26 13:38:00,0,0,0,0,0.00K,0.00K,Broadcast Media,50.00,EG,,,,,,,,,,2,E,POWER DAM ROAD,2,E,POWER DAM ROAD,31.26,-85.6061,31.26,-85.6061,A line of strong to severe storms ahead of a cold front brought damaging wind gusts and a few tornadoes to the tri-state area.,A tree was blown down on Holland Road and blocking lanes.,CSV
202601,10,915,202601,10,919,208752,1300234,ALABAMA,1,2026,January,Thunderstorm Wind,C,51,ELMORE,BMX,10-JAN-26 09:15:00,CST-6,10-JAN-26 09:19:00,0,0,0,0,0.00K,0.00K,Emergency Manager,50.00,EG,,,,,,,,,,.9,SE,WETUMPKA,.9,SE,WETUMPKA,32.54,-86.21,32.54,-86.21,"A multi-wave severe event unfolded from the afternoon of January 9 through the morning of January 10. While the first wave featured no severe thunderstorms, heavy rainfall over Birmingham led to numerous flooding issues. Early the next morning, additional heavy rainfall led to more flooding issues in parts of Jefferson, Shelby, and St. Clair counties. A bowing line segment moved across Marengo, Dallas, Autauga, Elmore, Montgomery, and Lee counties, with scattered instances of wind damage. In addition, a cell in advance of the main QLCS produced an EF-0 tornado in northern Cleburne County.",Trees and power lines were downed in the Wetumpka area.,CSV
202601,10,928,202601,10,933,208752,1300246,ALABAMA,1,2026,January,Thunderstorm Wind,C,51,ELMORE,BMX,10-JAN-26 09:28:00,CST-6,10-JAN-26 09:33:00,0,0,0,0,0.00K,0.00K,911 Call Center,52.00,EG,,,,,,,,,,.69,N,ECLECTIC,.69,N,ECLECTIC,32.64,-86.03,32.64,-86.03,"A multi-wave severe event unfolded from the afternoon of January 9 through the morning of January 10. While the first wave featured no severe thunderstorms, heavy rainfall over Birmingham led to numerous flooding issues. Early the next morning, additional heavy rainfall led to more flooding issues in parts of Jefferson, Shelby, and St. Clair counties. A bowing line segment moved across Marengo, Dallas, Autauga, Elmore, Montgomery, and Lee counties, with scattered instances of wind damage. In addition, a cell in advance of the main QLCS produced an EF-0 tornado in northern Cleburne County.",Multiple trees down in the Eclectic community of Elmore County.,CSV
202601,10,923,202601,10,928,208752,1300247,ALABAMA,1,2026,January,Thunderstorm Wind,C,101,MONTGOMERY,BMX,10-JAN-26 09:23:00,CST-6,10-JAN-26 09:28:00,0,0,0,0,0.00K,0.00K,Emergency Manager,50.00,EG,,,,,,,,,,1.81,SE,MONTGOMERY,1.81,SE,MONTGOMERY,32.36,-86.28,32.36,-86.28,"A multi-wave severe event unfolded from the afternoon of January 9 through the morning of January 10. While the first wave featured no severe thunderstorms, heavy rainfall over Birmingham led to numerous flooding issues. Early the next morning, additional heavy rainfall led to more flooding issues in parts of Jefferson, Shelby, and St. Clair counties. A bowing line segment moved across Marengo, Dallas, Autauga, Elmore, Montgomery, and Lee counties, with scattered instances of wind damage. In addition, a cell in advance of the main QLCS produced an EF-0 tornado in northern Cleburne County.",A tree fell on a home on E 3rd St in Montgomery. Another tree fell in the road on Woodmere Dr.,CSV
202601,10,1025,202601,10,1029,208752,1300250,ALABAMA,1,2026,January,Thunderstorm Wind,C,81,LEE,BMX,10-JAN-26 10:25:00,CST-6,10-JAN-26 10:29:00,0,0,0,0,0.00K,0.00K,Emergency Manager,50.00,EG,,,,,,,,,,.51,WSW,SALEM,.51,WSW,SALEM,32.5975,-85.2383,32.5975,-85.2383,"A multi-wave severe event unfolded from the afternoon of January 9 through the morning of January 10. While the first wave featured no severe thunderstorms, heavy rainfall over Birmingham led to numerous flooding issues. Early the next morning, additional heavy rainfall led to more flooding issues in parts of Jefferson, Shelby, and St. Clair counties. A bowing line segment moved across Marengo, Dallas, Autauga, Elmore, Montgomery, and Lee counties, with scattered instances of wind damage. In addition, a cell in advance of the main QLCS produced an EF-0 tornado in northern Cleburne County.",Trees and powerlines were downed in the Salem community.,CSV
202601,1,0,202601,1,500,208859,1300915,ALABAMA,1,2026,January,Cold/Wind Chill,Z,15,WALKER,BMX,01-JAN-26 00:00:00,CST-6,01-JAN-26 05:00:00,0,0,1,0,0.00K,0.00K,Emergency Manager,,,,,,,,,,,,,,,,,,,,,,Temperatures in the 20s on the morning of New Year's Day resulted in a fatality in Walker County due to hypothermia.,Temperatures in the 20s overnight resulted in a fatality attributed to hypothermia.,CSV
202601,25,1341,202601,25,1341,210108,1310917,ALABAMA,1,2026,January,Thunderstorm Wind,C,45,DALE,TAE,25-JAN-26 13:41:00,CST-6,25-JAN-26 13:41:00,0,0,0,0,5.00K,0.00K,Public,55.00,EG,,,,,,,,,,0,N,MIDLAND CITY,0,N,MIDLAND CITY,31.31,-85.49,31.31,-85.49,A line of strong to severe storms ahead of a cold front brought damaging wind gusts and a few tornadoes to the tri-state area.,Roof damage was reported in the Midland City area.,CSV
202601,25,1346,202601,25,1346,210108,1310918,ALABAMA,1,2026,January,Thunderstorm Wind,C,45,DALE,TAE,25-JAN-26 13:46:00,CST-6,25-JAN-26 13:46:00,0,0,0,0,2.00K,0.00K,Amateur Radio,50.00,EG,,,,,,,,,,2,E,CAIRNS ARMY-AIR FIELD,2,E,CAIRNS ARMY-AIR FIELD,31.27,-85.6761,31.27,-85.6761,A line of strong to severe storms ahead of a cold front brought damaging wind gusts and a few tornadoes to the tri-state area.,Trees were down on Nathan Road in addition to power outages.,CSV
202601,25,1346,202601,25,1346,210108,1310919,ALABAMA,1,2026,January,Thunderstorm Wind,C,61,GENEVA,TAE,25-JAN-26 13:46:00,CST-6,25-JAN-26 13:46:00,0,0,0,0,10.00K,0.00K,Public,65.00,EG,,,,,,,,,,5,SSE,HARTFORD,5,SSE,HARTFORD,31.0331,-85.6577,31.0331,-85.6577,A line of strong to severe storms ahead of a cold front brought damaging wind gusts and a few tornadoes to the tri-state area.,Part of the roof of a chicken house was blown off along County Road 105.,CSV
202601,25,1348,202601,25,1348,210108,1310920,ALABAMA,1,2026,January,Thunderstorm Wind,C,67,HENRY,TAE,25-JAN-26 13:48:00,CST-6,25-JAN-26 13:48:00,0,0,0,0,0.00K,0.00K,911 Call Center,50.00,EG,,,,,,,,,,0,N,HEADLAND,0,N,HEADLAND,31.35,-85.34,31.35,-85.34,A line of strong to severe storms ahead of a cold front brought damaging wind gusts and a few tornadoes to the tri-state area.,A tree was blown down in Headland.,CSV
202601,25,1348,202601,25,1348,210108,1310921,ALABAMA,1,2026,January,Thunderstorm Wind,C,69,HOUSTON,TAE,25-JAN-26 13:48:00,CST-6,25-JAN-26 13:48:00,0,0,0,0,2.00K,0.00K,Law Enforcement,50.00,EG,,,,,,,,,,0,N,BRANNON STAND,0,N,BRANNON STAND,31.24,-85.48,31.24,-85.48,A line of strong to severe storms ahead of a cold front brought damaging wind gusts and a few tornadoes to the tri-state area.,A line was blown down near Brannon Stand and Pine Needles Drive.,CSV
202601,25,1352,202601,25,1352,210108,1311072,ALABAMA,1,2026,January,Thunderstorm Wind,C,45,DALE,TAE,25-JAN-26 13:52:00,CST-6,25-JAN-26 13:52:00,0,0,0,0,50.00K,0.00K,Broadcast Media,65.00,EG,,,,,,,,,,2,W,MIDLAND CITY,2,W,MIDLAND CITY,31.31,-85.5239,31.31,-85.5239,A line of strong to severe storms ahead of a cold front brought damaging wind gusts and a few tornadoes to the tri-state area.,A trailer was reported to be flipped and damaged.,CSV
202601,25,1353,202601,25,1353,210108,1311073,ALABAMA,1,2026,January,Thunderstorm Wind,C,45,DALE,TAE,25-JAN-26 13:53:00,CST-6,25-JAN-26 13:53:00,0,0,0,0,5.00K,0.00K,Public,55.00,EG,,,,,,,,,,3,ESE,BAGWELLS CROSSROADS,3,ESE,BAGWELLS CROSSROADS,31.3534,-85.513,31.3534,-85.513,A line of strong to severe storms ahead of a cold front brought damaging wind gusts and a few tornadoes to the tri-state area.,There were pictures of shed damage between Midland City and Pinckard.,CSV
202601,10,905,202601,10,910,208752,1300233,ALABAMA,1,2026,January,Thunderstorm Wind,C,51,ELMORE,BMX,10-JAN-26 09:05:00,CST-6,10-JAN-26 09:10:00,0,0,0,0,0.00K,0.00K,Public,52.00,EG,,,,,,,,,,0,N,COOSADA,0,N,COOSADA,32.5,-86.33,32.5,-86.33,"A multi-wave severe event unfolded from the afternoon of January 9 through the morning of January 10. While the first wave featured no severe thunderstorms, heavy rainfall over Birmingham led to numerous flooding issues. Early the next morning, additional heavy rainfall led to more flooding issues in parts of Jefferson, Shelby, and St. Clair counties. A bowing line segment moved across Marengo, Dallas, Autauga, Elmore, Montgomery, and Lee counties, with scattered instances of wind damage. In addition, a cell in advance of the main QLCS produced an EF-0 tornado in northern Cleburne County.",A few social media reports of trees down and fences damaged from south of Deatsville to Coosada. A trained spotter recorded a 60 mph wind gust in Deatsville at 9:05 am.,CSV
202601,20,0,202601,20,1100,209070,1302337,ALABAMA,1,2026,January,Cold/Wind Chill,Z,15,WALKER,BMX,20-JAN-26 00:00:00,CST-6,20-JAN-26 11:00:00,0,0,1,0,0.00K,0.00K,Emergency Manager,,,,,,,,,,,,,,,,,,,,,,Temperatures in the mid 20s and wind chill near 20 resulted in a fatality in Walker County due partially to hypothermia.,Temperatures in the 20s with wind chill value around 20 overnight resulted in a fatality in Jasper partially attributed to hypothermia. Individual was found on the porch of a business along 9th Ave.,CSV
202601,31,300,202601,31,1100,209020,1303411,ALABAMA,1,2026,January,Cold/Wind Chill,Z,2,COLBERT,HUN,31-JAN-26 03:00:00,CST-6,31-JAN-26 11:00:00,0,0,0,0,0.00K,0.00K,ASOS,,,,,,,,,,,,,,,,,,,,,,Wind chill temperatures dropped into the 5 above to 2 below zero range.,Wind chill temperatures dropped as low as 1 above zero.,CSV
202601,31,300,202601,31,1100,209020,1303412,ALABAMA,1,2026,January,Cold/Wind Chill,Z,1,LAUDERDALE,HUN,31-JAN-26 03:00:00,CST-6,31-JAN-26 11:00:00,0,0,0,0,0.00K,0.00K,ASOS,,,,,,,,,,,,,,,,,,,,,,Wind chill temperatures dropped into the 5 above to 2 below zero range.,Wind chill temperatures dropped as low as 1 above zero.,CSV
202601,31,300,202601,31,1100,209020,1303413,ALABAMA,1,2026,January,Cold/Wind Chill,Z,3,FRANKLIN,HUN,31-JAN-26 03:00:00,CST-6,31-JAN-26 11:00:00,0,0,0,0,0.00K,0.00K,ASOS,,,,,,,,,,,,,,,,,,,,,,Wind chill temperatures dropped into the 5 above to 2 below zero range.,Wind chill temperatures dropped as low as 1 above zero.,CSV
202601,31,1900,202601,31,2359,209020,1304026,ALABAMA,1,2026,January,Cold/Wind Chill,Z,10,DEKALB,HUN,31-JAN-26 19:00:00,CST-6,31-JAN-26 23:59:00,0,0,0,0,0.00K,0.00K,Official NWS Observations,,,,,,,,,,,,,,,,,,,,,,Wind chill temperatures dropped into the 5 above to 2 below zero range.,Wind chill temperatures dropped as low as 3 above zero.,CSV
202601,31,600,202601,31,1600,209020,1304028,ALABAMA,1,2026,January,Cold/Wind Chill,Z,9,JACKSON,HUN,31-JAN-26 06:00:00,CST-6,31-JAN-26 16:00:00,0,0,0,0,0.00K,0.00K,Official NWS Observations,,,,,,,,,,,,,,,,,,,,,,Wind chill temperatures dropped into the 5 above to 2 below zero range.,Wind chill temperatures dropped as low as 2 above zero.,CSV
202601,31,1900,202601,31,2359,209020,1304029,ALABAMA,1,2026,January,Cold/Wind Chill,Z,9,JACKSON,HUN,31-JAN-26 19:00:00,CST-6,31-JAN-26 23:59:00,0,0,0,0,0.00K,0.00K,Official NWS Observations,,,,,,,,,,,,,,,,,,,,,,Wind chill temperatures dropped into the 5 above to 2 below zero range.,Wind chill temperatures dropped as low as 3 above zero.,CSV
202601,25,2100,202601,26,1100,209025,1303404,ALABAMA,1,2026,January,Cold/Wind Chill,Z,2,COLBERT,HUN,25-JAN-26 21:00:00,CST-6,26-JAN-26 11:00:00,0,0,0,0,0.00K,0.00K,ASOS,,,,,,,,,,,,,,,,,,,,,,Wind chill temperatures dropped into the zero to 5 above zero range at times.,Wind chill temperatures dropped as low as 1 above zero.,CSV
202601,25,2100,202601,26,1100,209025,1303405,ALABAMA,1,2026,January,Cold/Wind Chill,Z,1,LAUDERDALE,HUN,25-JAN-26 21:00:00,CST-6,26-JAN-26 11:00:00,0,0,0,0,0.00K,0.00K,ASOS,,,,,,,,,,,,,,,,,,,,,,Wind chill temperatures dropped into the zero to 5 above zero range at times.,Wind chill temperatures dropped as low as 1 above zero.,CSV
202601,25,2100,202601,26,1100,209025,1303406,ALABAMA,1,2026,January,Cold/Wind Chill,Z,3,FRANKLIN,HUN,25-JAN-26 21:00:00,CST-6,26-JAN-26 11:00:00,0,0,0,0,0.00K,0.00K,ASOS,,,,,,,,,,,,,,,,,,,,,,Wind chill temperatures dropped into the zero to 5 above zero range at times.,Wind chill temperatures dropped as low as 1 above zero.,CSV
202601,27,0,202601,27,800,209025,1303407,ALABAMA,1,2026,January,Cold/Wind Chill,Z,2,COLBERT,HUN,27-JAN-26 00:00:00,CST-6,27-JAN-26 08:00:00,0,0,0,0,0.00K,0.00K,ASOS,,,,,,,,,,,,,,,,,,,,,,Wind chill temperatures dropped into the zero to 5 above zero range at times.,Wind chill temperatures dropped as low as 4 above zero.,CSV
202601,27,0,202601,27,800,209025,1303408,ALABAMA,1,2026,January,Cold/Wind Chill,Z,1,LAUDERDALE,HUN,27-JAN-26 00:00:00,CST-6,27-JAN-26 08:00:00,0,0,0,0,0.00K,0.00K,ASOS,,,,,,,,,,,,,,,,,,,,,,Wind chill temperatures dropped into the zero to 5 above zero range at times.,Wind chill temperatures dropped as low as 4 above zero.,CSV
202601,27,0,202601,27,800,209025,1303409,ALABAMA,1,2026,January,Cold/Wind Chill,Z,3,FRANKLIN,HUN,27-JAN-26 00:00:00,CST-6,27-JAN-26 08:00:00,0,0,0,0,0.00K,0.00K,ASOS,,,,,,,,,,,,,,,,,,,,,,Wind chill temperatures dropped into the zero to 5 above zero range at times.,Wind chill temperatures dropped as low as 4 above zero.,CSV
202601,25,2100,202601,26,1100,209025,1303418,ALABAMA,1,2026,January,Cold/Wind Chill,Z,4,LAWRENCE,HUN,25-JAN-26 21:00:00,CST-6,26-JAN-26 11:00:00,0,0,0,0,0.00K,0.00K,ASOS,,,,,,,,,,,,,,,,,,,,,,Wind chill temperatures dropped into the zero to 5 above zero range at times.,Wind chill temperatures dropped as low as 1 above zero.,CSV
202601,27,0,202601,27,800,209025,1303419,ALABAMA,1,2026,January,Cold/Wind Chill,Z,4,LAWRENCE,HUN,27-JAN-26 00:00:00,CST-6,27-JAN-26 08:00:00,0,0,0,0,0.00K,0.00K,ASOS,,,,,,,,,,,,,,,,,,,,,,Wind chill temperatures dropped into the zero to 5 above zero range at times.,Wind chill temperatures dropped as low as 4 above zero.,CSV
202601,25,2200,202601,26,1000,209025,1303425,ALABAMA,1,2026,January,Cold/Wind Chill,Z,5,LIMESTONE,HUN,25-JAN-26 22:00:00,CST-6,26-JAN-26 10:00:00,0,0,0,0,0.00K,0.00K,ASOS,,,,,,,,,,,,,,,,,,,,,,Wind chill temperatures dropped into the zero to 5 above zero range at times.,Wind chill temperatures dropped as low as 1 above zero.,CSV
202601,13,0,202601,31,2359,209079,1302374,ALABAMA,1,2026,January,Drought,Z,42,LOWNDES,BMX,13-JAN-26 00:00:00,CST-6,31-JAN-26 23:59:00,0,0,0,0,0.00K,0.00K,Drought Monitor,,,,,,,,,,,,,,,,,,,,,,Drought conditions expanded across southeastern Central Alabama following modest rainfall during January.,"Southeastern Lowndes County was upgraded to Severe (D2) drought during the second week of January, which persisted through the end of the month.",CSV
202601,13,0,202601,31,2359,209079,1302375,ALABAMA,1,2026,January,Drought,Z,49,PIKE,BMX,13-JAN-26 00:00:00,CST-6,31-JAN-26 23:59:00,0,0,0,0,0.00K,0.00K,Drought Monitor,,,,,,,,,,,,,,,,,,,,,,Drought conditions expanded across southeastern Central Alabama following modest rainfall during January.,"Pike County was upgraded to Severe (D2) drought during the second week of January, which persisted through the end of the month.",CSV
202601,13,0,202601,31,2359,209079,1302376,ALABAMA,1,2026,January,Drought,Z,50,BARBOUR,BMX,13-JAN-26 00:00:00,CST-6,31-JAN-26 23:59:00,0,0,0,0,0.00K,0.00K,Drought Monitor,,,,,,,,,,,,,,,,,,,,,,Drought conditions expanded across southeastern Central Alabama following modest rainfall during January.,"Barbour County was upgraded to Severe (D2) drought during the second week of January, which persisted through the end of the month.",CSV
202601,18,400,202601,18,900,208838,1300748,ALABAMA,1,2026,January,Winter Weather,Z,50,BARBOUR,BMX,18-JAN-26 04:00:00,CST-6,18-JAN-26 09:00:00,0,0,0,0,0.00K,0.00K,Emergency Manager,,,,,,,,,,,,,,,,,,,,,,"A cold front passed through Central Alabama on January 17-18. By the early morning of the 18th, rain associated with the front began to transition to snow southeast of Interstate 85. Some areas of Pike, Barbour, and Russell counties received 1-2 inches of snow by 9 AM. By mid-morning, cloud cover cleared, and the snow quickly melted. Impacts to roadways were minimal.",One to two inches of snow fell across Barbour County.,CSV
202601,18,400,202601,18,900,208838,1300750,ALABAMA,1,2026,January,Winter Weather,Z,49,PIKE,BMX,18-JAN-26 04:00:00,CST-6,18-JAN-26 09:00:00,0,0,0,0,0.00K,0.00K,Public,,,,,,,,,,,,,,,,,,,,,,"A cold front passed through Central Alabama on January 17-18. By the early morning of the 18th, rain associated with the front began to transition to snow southeast of Interstate 85. Some areas of Pike, Barbour, and Russell counties received 1-2 inches of snow by 9 AM. By mid-morning, cloud cover cleared, and the snow quickly melted. Impacts to roadways were minimal.","One to two inches of snow fell across eastern Pike County, including around Monticello and Banks.",CSV
202601,18,400,202601,18,800,208838,1300751,ALABAMA,1,2026,January,Winter Weather,Z,46,BULLOCK,BMX,18-JAN-26 04:00:00,CST-6,18-JAN-26 08:00:00,0,0,0,0,0.00K,0.00K,Public,,,,,,,,,,,,,,,,,,,,,,"A cold front passed through Central Alabama on January 17-18. By the early morning of the 18th, rain associated with the front began to transition to snow southeast of Interstate 85. Some areas of Pike, Barbour, and Russell counties received 1-2 inches of snow by 9 AM. By mid-morning, cloud cover cleared, and the snow quickly melted. Impacts to roadways were minimal.",Up to one inch of snow fell across eastern and southeastern Bullock County.,CSV
202601,18,400,202601,18,900,208838,1300752,ALABAMA,1,2026,January,Winter Weather,Z,48,RUSSELL,BMX,18-JAN-26 04:00:00,CST-6,18-JAN-26 09:00:00,0,0,0,0,0.00K,0.00K,Broadcast Media,,,,,,,,,,,,,,,,,,,,,,"A cold front passed through Central Alabama on January 17-18. By the early morning of the 18th, rain associated with the front began to transition to snow southeast of Interstate 85. Some areas of Pike, Barbour, and Russell counties received 1-2 inches of snow by 9 AM. By mid-morning, cloud cover cleared, and the snow quickly melted. Impacts to roadways were minimal.",One to two inches of snow fell across Russell County.,CSV
202601,18,400,202601,18,900,208838,1300753,ALABAMA,1,2026,January,Winter Weather,Z,47,LEE,BMX,18-JAN-26 04:00:00,CST-6,18-JAN-26 09:00:00,0,0,0,0,0.00K,0.00K,Broadcast Media,,,,,,,,,,,,,,,,,,,,,,"A cold front passed through Central Alabama on January 17-18. By the early morning of the 18th, rain associated with the front began to transition to snow southeast of Interstate 85. Some areas of Pike, Barbour, and Russell counties received 1-2 inches of snow by 9 AM. By mid-morning, cloud cover cleared, and the snow quickly melted. Impacts to roadways were minimal.",Up to one inch of snow fell across southern and southeastern Lee County.,CSV
202601,31,2100,202601,31,2359,209020,1303414,ALABAMA,1,2026,January,Cold/Wind Chill,Z,2,COLBERT,HUN,31-JAN-26 21:00:00,CST-6,31-JAN-26 23:59:00,0,0,0,0,0.00K,0.00K,ASOS,,,,,,,,,,,,,,,,,,,,,,Wind chill temperatures dropped into the 5 above to 2 below zero range.,Wind chill temperatures dropped as low as 5 above zero.,CSV
202601,31,2100,202601,31,2359,209020,1303415,ALABAMA,1,2026,January,Cold/Wind Chill,Z,1,LAUDERDALE,HUN,31-JAN-26 21:00:00,CST-6,31-JAN-26 23:59:00,0,0,0,0,0.00K,0.00K,ASOS,,,,,,,,,,,,,,,,,,,,,,Wind chill temperatures dropped into the 5 above to 2 below zero range.,Wind chill temperatures dropped as low as 5 above zero.,CSV
202601,31,2100,202601,31,2359,209020,1303416,ALABAMA,1,2026,January,Cold/Wind Chill,Z,3,FRANKLIN,HUN,31-JAN-26 21:00:00,CST-6,31-JAN-26 23:59:00,0,0,0,0,0.00K,0.00K,ASOS,,,,,,,,,,,,,,,,,,,,,,Wind chill temperatures dropped into the 5 above to 2 below zero range.,Wind chill temperatures dropped as low as 5 above zero.,CSV
202601,31,300,202601,31,1100,209020,1303420,ALABAMA,1,2026,January,Cold/Wind Chill,Z,4,LAWRENCE,HUN,31-JAN-26 03:00:00,CST-6,31-JAN-26 11:00:00,0,0,0,0,0.00K,0.00K,ASOS,,,,,,,,,,,,,,,,,,,,,,Wind chill temperatures dropped into the 5 above to 2 below zero range.,Wind chill temperatures dropped as low as 1 above zero.,CSV
202601,31,2000,202601,31,2359,209020,1303421,ALABAMA,1,2026,January,Cold/Wind Chill,Z,4,LAWRENCE,HUN,31-JAN-26 20:00:00,CST-6,31-JAN-26 23:59:00,0,0,0,0,0.00K,0.00K,Official NWS Observations,,,,,,,,,,,,,,,,,,,,,,Wind chill temperatures dropped into the 5 above to 2 below zero range.,Wind chill temperatures dropped as low as 4 above zero.,CSV
202601,31,400,202601,31,1200,209020,1303429,ALABAMA,1,2026,January,Cold/Wind Chill,Z,5,LIMESTONE,HUN,31-JAN-26 04:00:00,CST-6,31-JAN-26 12:00:00,0,0,0,0,0.00K,0.00K,ASOS,,,,,,,,,,,,,,,,,,,,,,Wind chill temperatures dropped into the 5 above to 2 below zero range.,Wind chill temperatures dropped as low as 1 above zero.,CSV
202601,31,400,202601,31,1200,209020,1303430,ALABAMA,1,2026,January,Cold/Wind Chill,Z,7,MORGAN,HUN,31-JAN-26 04:00:00,CST-6,31-JAN-26 12:00:00,0,0,0,0,0.00K,0.00K,ASOS,,,,,,,,,,,,,,,,,,,,,,Wind chill temperatures dropped into the 5 above to 2 below zero range.,Wind chill temperatures dropped as low as 1 above zero.,CSV
202601,31,500,202601,31,1300,209020,1304013,ALABAMA,1,2026,January,Cold/Wind Chill,Z,16,CULLMAN,HUN,31-JAN-26 05:00:00,CST-6,31-JAN-26 13:00:00,0,0,0,0,0.00K,0.00K,AWOS,,,,,,,,,,,,,,,,,,,,,,Wind chill temperatures dropped into the 5 above to 2 below zero range.,Wind chill temperatures dropped as low as 1 above zero.,CSV
202601,31,500,202601,31,1700,209020,1304017,ALABAMA,1,2026,January,Cold/Wind Chill,Z,8,MARSHALL,HUN,31-JAN-26 05:00:00,CST-6,31-JAN-26 17:00:00,0,0,0,0,0.00K,0.00K,AWOS,,,,,,,,,,,,,,,,,,,,,,Wind chill temperatures dropped into the 5 above to 2 below zero range.,Wind chill temperatures dropped as low as 1 above zero.,CSV
202601,31,2200,202601,31,2359,209020,1304018,ALABAMA,1,2026,January,Cold/Wind Chill,Z,8,MARSHALL,HUN,31-JAN-26 22:00:00,CST-6,31-JAN-26 23:59:00,0,0,0,0,0.00K,0.00K,AWOS,,,,,,,,,,,,,,,,,,,,,,Wind chill temperatures dropped into the 5 above to 2 below zero range.,Wind chill temperatures dropped as low as 4 above zero.,CSV
202601,31,2000,202601,31,2359,209020,1304022,ALABAMA,1,2026,January,Cold/Wind Chill,Z,6,MADISON,HUN,31-JAN-26 20:00:00,CST-6,31-JAN-26 23:59:00,0,0,0,0,0.00K,0.00K,AWOS,,,,,,,,,,,,,,,,,,,,,,Wind chill temperatures dropped into the 5 above to 2 below zero range.,Wind chill temperatures dropped as low as 3 above zero.,CSV
202601,31,600,202601,31,1600,209020,1304025,ALABAMA,1,2026,January,Cold/Wind Chill,Z,10,DEKALB,HUN,31-JAN-26 06:00:00,CST-6,31-JAN-26 16:00:00,0,0,0,0,0.00K,0.00K,Official NWS Observations,,,,,,,,,,,,,,,,,,,,,,Wind chill temperatures dropped into the 5 above to 2 below zero range.,Wind chill temperatures dropped as low as 2 above zero.,CSV
202601,25,2200,202601,26,1000,209025,1303426,ALABAMA,1,2026,January,Cold/Wind Chill,Z,7,MORGAN,HUN,25-JAN-26 22:00:00,CST-6,26-JAN-26 10:00:00,0,0,0,0,0.00K,0.00K,ASOS,,,,,,,,,,,,,,,,,,,,,,Wind chill temperatures dropped into the zero to 5 above zero range at times.,Wind chill temperatures dropped as low as 1 above zero.,CSV
202601,27,400,202601,27,700,209025,1303427,ALABAMA,1,2026,January,Cold/Wind Chill,Z,7,MORGAN,HUN,27-JAN-26 04:00:00,CST-6,27-JAN-26 07:00:00,0,0,0,0,0.00K,0.00K,ASOS,,,,,,,,,,,,,,,,,,,,,,Wind chill temperatures dropped into the zero to 5 above zero range at times.,Wind chill temperatures dropped as low as 4 above zero.,CSV
202601,27,400,202601,27,700,209025,1303428,ALABAMA,1,2026,January,Cold/Wind Chill,Z,5,LIMESTONE,HUN,27-JAN-26 04:00:00,CST-6,27-JAN-26 07:00:00,0,0,0,0,0.00K,0.00K,ASOS,,,,,,,,,,,,,,,,,,,,,,Wind chill temperatures dropped into the zero to 5 above zero range at times.,Wind chill temperatures dropped as low as 4 above zero.,CSV
202601,25,2300,202601,26,1000,209025,1304011,ALABAMA,1,2026,January,Cold/Wind Chill,Z,16,CULLMAN,HUN,25-JAN-26 23:00:00,CST-6,26-JAN-26 10:00:00,0,0,0,0,0.00K,0.00K,AWOS,,,,,,,,,,,,,,,,,,,,,,Wind chill temperatures dropped into the zero to 5 above zero range at times.,Wind chill temperatures dropped as low as 2 above zero.,CSV
202601,27,300,202601,27,800,209025,1304012,ALABAMA,1,2026,January,Cold/Wind Chill,Z,16,CULLMAN,HUN,27-JAN-26 03:00:00,CST-6,27-JAN-26 08:00:00,0,0,0,0,0.00K,0.00K,AWOS,,,,,,,,,,,,,,,,,,,,,,Wind chill temperatures dropped into the zero to 5 above zero range at times.,Wind chill temperatures dropped as low as 1 above zero.,CSV
202601,26,100,202601,26,1000,209025,1304014,ALABAMA,1,2026,January,Cold/Wind Chill,Z,8,MARSHALL,HUN,26-JAN-26 01:00:00,CST-6,26-JAN-26 10:00:00,0,0,0,0,0.00K,0.00K,AWOS,,,,,,,,,,,,,,,,,,,,,,Wind chill temperatures dropped into the zero to 5 above zero range at times.,Wind chill temperatures dropped as low as 2 above zero.,CSV
202601,26,2300,202601,27,800,209025,1304015,ALABAMA,1,2026,January,Cold/Wind Chill,Z,8,MARSHALL,HUN,26-JAN-26 23:00:00,CST-6,27-JAN-26 08:00:00,0,0,0,0,0.00K,0.00K,AWOS,,,,,,,,,,,,,,,,,,,,,,Wind chill temperatures dropped into the zero to 5 above zero range at times.,Wind chill temperatures dropped as low as 3 above zero.,CSV
202601,25,2100,202601,26,1100,209025,1304019,ALABAMA,1,2026,January,Cold/Wind Chill,Z,6,MADISON,HUN,25-JAN-26 21:00:00,CST-6,26-JAN-26 11:00:00,0,0,0,0,0.00K,0.00K,AWOS,,,,,,,,,,,,,,,,,,,,,,Wind chill temperatures dropped into the zero to 5 above zero range at times.,Wind chill temperatures dropped as low as zero.,CSV
202601,27,300,202601,27,800,209025,1304020,ALABAMA,1,2026,January,Cold/Wind Chill,Z,6,MADISON,HUN,27-JAN-26 03:00:00,CST-6,27-JAN-26 08:00:00,0,0,0,0,0.00K,0.00K,AWOS,,,,,,,,,,,,,,,,,,,,,,Wind chill temperatures dropped into the zero to 5 above zero range at times.,Wind chill temperatures dropped as low as 2 above zero.,CSV
202601,26,100,202601,26,1000,209025,1304023,ALABAMA,1,2026,January,Cold/Wind Chill,Z,10,DEKALB,HUN,26-JAN-26 01:00:00,CST-6,26-JAN-26 10:00:00,0,0,0,0,0.00K,0.00K,Official NWS Observations,,,,,,,,,,,,,,,,,,,,,,Wind chill temperatures dropped into the zero to 5 above zero range at times.,Wind chill temperatures dropped as low as 3 above zero.,CSV
202601,26,2200,202601,27,900,209025,1304024,ALABAMA,1,2026,January,Cold/Wind Chill,Z,10,DEKALB,HUN,26-JAN-26 22:00:00,CST-6,27-JAN-26 09:00:00,0,0,0,0,0.00K,0.00K,Official NWS Observations,,,,,,,,,,,,,,,,,,,,,,Wind chill temperatures dropped into the zero to 5 above zero range at times.,Wind chill temperatures dropped as low as 2 above zero.,CSV
202601,26,100,202601,26,1000,209025,1304027,ALABAMA,1,2026,January,Cold/Wind Chill,Z,9,JACKSON,HUN,26-JAN-26 01:00:00,CST-6,26-JAN-26 10:00:00,0,0,0,0,0.00K,0.00K,Official NWS Observations,,,,,,,,,,,,,,,,,,,,,,Wind chill temperatures dropped into the zero to 5 above zero range at times.,Wind chill temperatures dropped as low as 3 above zero.,CSV
202601,25,1119,202601,25,1120,209071,1304056,ALABAMA,1,2026,January,Tornado,C,101,MONTGOMERY,BMX,25-JAN-26 11:19:00,CST-6,25-JAN-26 11:20:00,0,0,0,0,0.00K,0.00K,NWS Storm Survey,,,,,EF0,0.56,65,,,,,2.58,SW,MC GEHEES,2.42,SSW,MC GEHEES,32.2215,-86.4086,32.2191,-86.3995,"As a major winter storm unfolded across parts of Mississippi, Tennessee, and North Alabama, Central Alabama saw a quick warmup prior to a steep temperature fall as a surface low moved across the Birmingham area. On January 24, freezing rain was observed with light ice accretion across Marion and Winston counties. As the low moved through the state by the morning of January 25, a sharp warm sector developed generally south and east of the I-59 corridor. A line of thunderstorms developed during the mid-morning hours and moved eastward across Central Alabama. These storms briefly turned severe in the Montgomery area, producing an EF-1 tornado along the Lowndes/Montgomery county line as well as considerable straight-line wind damage in a swath along the I-85 corridor within the city of Montgomery.","NWS meteorologists assessed storm damage along the Lowndes County and Montgomery County line, in the community of Rolling Acres, and determined it was the result of a tornado. The tornado began on the west side of Cruise Road, just north of Bibb Road, where a few snapped and uprooted trees were observed. The tornado then continued eastward to County Road 26 and Hargrove Lane, producing similar timber damage along the way. The tornado then struck a manufactured home (MH) as well as two site-built homes along Treat Road. The first site-built home sustained damage to an attached carport and associated roofing on the south side of the structure. The MH had its sheet metal roof completely removed, though the roof truss structure remained intact. Insulation from its roof was noted to have been blown southeastward while the metal roofing material was blown northward. Next door, the tornado removed from a site-built home a large section of its roof structure on the west side of the structure. A splattering of insulation was noted on the east side of the residence. This damage pattern suggest a cyclonic wind field (i.e., a tornado). Several trees were uprooted or snapped in the vicinity of the structures. The tornado then produced additional timber damage, fairly minor in nature, east to near the shoulder of Interstate 65. 99% of this tornado's path was characterized by EF-0 damage, though a maximum rating of EF-1 is assigned due to the level of damage to the site-built home, making the worst of damage very, very short-lived.",CSV
202601,31,100,202601,31,1100,209030,1306759,ALABAMA,1,2026,January,Winter Weather,Z,9,JACKSON,HUN,31-JAN-26 01:00:00,CST-6,31-JAN-26 11:00:00,0,0,0,0,0.00K,0.00K,Emergency Manager,,,,,,,,,,,,,,,,,,,,,,Intermittent light snow and flurries occurred during the 31st.  Snow accumulations of 1.0 inch or less were reported.,Light snow accumulation of 1.0 or less was reported in portions of the county.,CSV
202601,31,100,202601,31,1100,209030,1306760,ALABAMA,1,2026,January,Winter Weather,Z,10,DEKALB,HUN,31-JAN-26 01:00:00,CST-6,31-JAN-26 11:00:00,0,0,0,0,0.00K,0.00K,Public,,,,,,,,,,,,,,,,,,,,,,Intermittent light snow and flurries occurred during the 31st.  Snow accumulations of 1.0 inch or less were reported.,Light snow accumulation of 0.5 or less was reported in portions of the county.,CSV
202601,10,940,202601,10,941,208752,1300249,ALABAMA,1,2026,January,Thunderstorm Wind,C,123,TALLAPOOSA,BMX,10-JAN-26 09:40:00,CST-6,10-JAN-26 09:41:00,0,0,0,0,0.00K,0.00K,Emergency Manager,50.00,EG,,,,,,,,,,2.58,SSW,JACKSONS GAP,2.58,SSW,JACKSONS GAP,32.8471,-85.8208,32.8471,-85.8208,"A multi-wave severe event unfolded from the afternoon of January 9 through the morning of January 10. While the first wave featured no severe thunderstorms, heavy rainfall over Birmingham led to numerous flooding issues. Early the next morning, additional heavy rainfall led to more flooding issues in parts of Jefferson, Shelby, and St. Clair counties. A bowing line segment moved across Marengo, Dallas, Autauga, Elmore, Montgomery, and Lee counties, with scattered instances of wind damage. In addition, a cell in advance of the main QLCS produced an EF-0 tornado in northern Cleburne County.",A tree was downed on Canadian Drive near Jacksons Gap.,CSV
202601,1,0,202601,31,2359,208751,1302356,ALABAMA,1,2026,January,Drought,Z,39,MARENGO,BMX,01-JAN-26 00:00:00,CST-6,31-JAN-26 23:59:00,0,0,0,0,0.00K,0.00K,Drought Monitor,,,,,,,,,,,,,,,,,,,,,,Drought conditions continued into early January across southern portions of Central Alabama. Several inches of rainfall on January 9-10 greatly reduced drought conditions in southwestern counties. Drought expanded across the southeast in areas that received less rainfall during the month.,Much of Marengo County remained in Severe (D2) drought through January. Extreme (D3) conditions were removed and D2 area was reduced following several inches of rain on January 9-10.,CSV
202601,1,0,202601,20,0,208751,1302357,ALABAMA,1,2026,January,Drought,Z,32,HALE,BMX,01-JAN-26 00:00:00,CST-6,20-JAN-26 00:00:00,0,0,0,0,0.00K,0.00K,Drought Monitor,,,,,,,,,,,,,,,,,,,,,,Drought conditions continued into early January across southern portions of Central Alabama. Several inches of rainfall on January 9-10 greatly reduced drought conditions in southwestern counties. Drought expanded across the southeast in areas that received less rainfall during the month.,"Hale County began January in Severe (D2) to Extreme (D3) drought. Conditions improved following several inches of rain on January 9-10, and the county was downgraded to Moderate (D1) by the third week of the month.",CSV
202601,1,0,202601,31,2359,208751,1302358,ALABAMA,1,2026,January,Drought,Z,44,MONTGOMERY,BMX,01-JAN-26 00:00:00,CST-6,31-JAN-26 23:59:00,0,0,0,0,0.00K,0.00K,Drought Monitor,,,,,,,,,,,,,,,,,,,,,,Drought conditions continued into early January across southern portions of Central Alabama. Several inches of rainfall on January 9-10 greatly reduced drought conditions in southwestern counties. Drought expanded across the southeast in areas that received less rainfall during the month.,Most of Montgomery County remained in Severe (D2) drought through the month of January.,CSV
202601,25,1122,202601,25,1131,209071,1305044,ALABAMA,1,2026,January,Thunderstorm Wind,C,101,MONTGOMERY,BMX,25-JAN-26 11:22:00,CST-6,25-JAN-26 11:31:00,0,0,0,0,0.00K,0.00K,NWS Storm Survey,61.00,EG,,,,,,,,,,2.25,SSW,MONTGOMERY,1.65,SSE,MITYLENE,32.3516,-86.3188,32.3574,-86.1712,"As a major winter storm unfolded across parts of Mississippi, Tennessee, and North Alabama, Central Alabama saw a quick warmup prior to a steep temperature fall as a surface low moved across the Birmingham area. On January 24, freezing rain was observed with light ice accretion across Marion and Winston counties. As the low moved through the state by the morning of January 25, a sharp warm sector developed generally south and east of the I-59 corridor. A line of thunderstorms developed during the mid-morning hours and moved eastward across Central Alabama. These storms briefly turned severe in the Montgomery area, producing an EF-1 tornado along the Lowndes/Montgomery county line as well as considerable straight-line wind damage in a swath along the I-85 corridor within the city of Montgomery.","NWS meteorologists assessed damage across the Montgomery Metro and determined it was the result of straight-line wind damage. This damage began in the vicinity of Interstate 65 and Fairview Avenue and continued eastward to near Taylor Road. Numerous crossroads along this axis were affected, with many trees and large limbs downed onto residences, other buildings, vehicles, and roadways. Some power lines were also taken down, including across Interstate 85 which required a temporary closing of the roadway. Many residences suffered minor to significant damage from fallen trees and tree limbs.||Sporadic straight-line wind damage was noted in the greater Montgomery Metro area, though the most concentrated and significant damage  was noted along the aforementioned areas.||Tree fall was observed to have been in a easterly direction. Additionally, radar data from KMXX showed a concentrated surge of|strong winds, in a uniform direction, on the southern side of the storm. Based on available evidence, straight-line winds is deemed the cause of these damages.",CSV
202601,25,1126,202601,25,1127,209071,1305058,ALABAMA,1,2026,January,Thunderstorm Wind,C,101,MONTGOMERY,BMX,25-JAN-26 11:26:00,CST-6,25-JAN-26 11:27:00,0,0,0,0,0.00K,0.00K,Trained Spotter,62.00,EG,,,,,,,,,,3.29,S,CHISHOLM,3.29,S,CHISHOLM,32.3524,-86.2513,32.3524,-86.2513,"As a major winter storm unfolded across parts of Mississippi, Tennessee, and North Alabama, Central Alabama saw a quick warmup prior to a steep temperature fall as a surface low moved across the Birmingham area. On January 24, freezing rain was observed with light ice accretion across Marion and Winston counties. As the low moved through the state by the morning of January 25, a sharp warm sector developed generally south and east of the I-59 corridor. A line of thunderstorms developed during the mid-morning hours and moved eastward across Central Alabama. These storms briefly turned severe in the Montgomery area, producing an EF-1 tornado along the Lowndes/Montgomery county line as well as considerable straight-line wind damage in a swath along the I-85 corridor within the city of Montgomery.",Trained spotter measured 71 mph wind gust using a home weather station with an anemometer 7 feet AGL in the Ridgefield/Vaughn Meadows area near Vaughan Rd and Perry Hill Rd.,CSV
202601,1,0,202601,13,0,208751,1302365,ALABAMA,1,2026,January,Drought,Z,31,GREENE,BMX,01-JAN-26 00:00:00,CST-6,13-JAN-26 00:00:00,0,0,0,0,0.00K,0.00K,Drought Monitor,,,,,,,,,,,,,,,,,,,,,,Drought conditions continued into early January across southern portions of Central Alabama. Several inches of rainfall on January 9-10 greatly reduced drought conditions in southwestern counties. Drought expanded across the southeast in areas that received less rainfall during the month.,"Southern Greene County began January in Severe (D2) drought conditions, which was briefly expanded in area to most of the county before being downgraded entirely to Moderate (D1) following several inches of rain on January 9-10.",CSV
202601,1,0,202601,13,0,208751,1302366,ALABAMA,1,2026,January,Drought,Z,33,PERRY,BMX,01-JAN-26 00:00:00,CST-6,13-JAN-26 00:00:00,0,0,0,0,0.00K,0.00K,Drought Monitor,,,,,,,,,,,,,,,,,,,,,,Drought conditions continued into early January across southern portions of Central Alabama. Several inches of rainfall on January 9-10 greatly reduced drought conditions in southwestern counties. Drought expanded across the southeast in areas that received less rainfall during the month.,"Perry County began January in Severe (D2) drought conditions, which was downgraded to Moderate (D1) following several inches of rain on January 9-10.",CSV
202601,1,0,202601,31,2359,208751,1302368,ALABAMA,1,2026,January,Drought,Z,48,RUSSELL,BMX,01-JAN-26 00:00:00,CST-6,31-JAN-26 23:59:00,0,0,0,0,0.00K,0.00K,Drought Monitor,,,,,,,,,,,,,,,,,,,,,,Drought conditions continued into early January across southern portions of Central Alabama. Several inches of rainfall on January 9-10 greatly reduced drought conditions in southwestern counties. Drought expanded across the southeast in areas that received less rainfall during the month.,"Northern Russell County began January in Severe (D2) drought, which was expanded to include the entire county. The northern half was upgraded to Extreme (D3) by the third week of the month.",CSV
202601,6,0,202601,13,0,208751,1302370,ALABAMA,1,2026,January,Drought,Z,41,AUTAUGA,BMX,06-JAN-26 00:00:00,CST-6,13-JAN-26 00:00:00,0,0,0,0,0.00K,0.00K,Drought Monitor,,,,,,,,,,,,,,,,,,,,,,Drought conditions continued into early January across southern portions of Central Alabama. Several inches of rainfall on January 9-10 greatly reduced drought conditions in southwestern counties. Drought expanded across the southeast in areas that received less rainfall during the month.,"Autauga County was upgraded to Severe (D2) drought conditions the second week of January, which was downgraded to Moderate (D1) drought by the third week of the month following rainfall on January 9-10.",CSV
202601,6,0,202601,13,0,208751,1302371,ALABAMA,1,2026,January,Drought,Z,34,BIBB,BMX,06-JAN-26 00:00:00,CST-6,13-JAN-26 00:00:00,0,0,0,0,0.00K,0.00K,Drought Monitor,,,,,,,,,,,,,,,,,,,,,,Drought conditions continued into early January across southern portions of Central Alabama. Several inches of rainfall on January 9-10 greatly reduced drought conditions in southwestern counties. Drought expanded across the southeast in areas that received less rainfall during the month.,"Bibb County was upgraded to Severe (D2) drought conditions the second week of January, which was downgraded to Moderate (D1) drought by the third week of the month following rainfall on January 9-10.",CSV
202601,25,1126,202601,25,1127,209071,1305062,ALABAMA,1,2026,January,Thunderstorm Wind,C,101,MONTGOMERY,BMX,25-JAN-26 11:26:00,CST-6,25-JAN-26 11:27:00,0,0,0,0,0.00K,0.00K,Broadcast Media,56.00,EG,,,,,,,,,,.58,SSW,CHISHOLM,.58,SSW,CHISHOLM,32.3921,-86.2532,32.3921,-86.2532,"As a major winter storm unfolded across parts of Mississippi, Tennessee, and North Alabama, Central Alabama saw a quick warmup prior to a steep temperature fall as a surface low moved across the Birmingham area. On January 24, freezing rain was observed with light ice accretion across Marion and Winston counties. As the low moved through the state by the morning of January 25, a sharp warm sector developed generally south and east of the I-59 corridor. A line of thunderstorms developed during the mid-morning hours and moved eastward across Central Alabama. These storms briefly turned severe in the Montgomery area, producing an EF-1 tornado along the Lowndes/Montgomery county line as well as considerable straight-line wind damage in a swath along the I-85 corridor within the city of Montgomery.","In addition to damage south of I-85 in Montgomery, some damage was reported north of the interstate. Trees were snapped with one blocking the road near Mayfair Road in the Bellehurst area, and a large tree fell onto a house, penetrating the roof and damaging the ceiling of a home between Ann Street and Perry Hill Road.",CSV
202601,25,1132,202601,25,1136,209071,1305063,ALABAMA,1,2026,January,Thunderstorm Wind,C,51,ELMORE,BMX,25-JAN-26 11:32:00,CST-6,25-JAN-26 11:36:00,0,0,0,0,0.00K,0.00K,Emergency Manager,52.00,EG,,,,,,,,,,3.82,SSW,CLAUD,3.82,SSW,CLAUD,32.5287,-86.1044,32.5287,-86.1044,"As a major winter storm unfolded across parts of Mississippi, Tennessee, and North Alabama, Central Alabama saw a quick warmup prior to a steep temperature fall as a surface low moved across the Birmingham area. On January 24, freezing rain was observed with light ice accretion across Marion and Winston counties. As the low moved through the state by the morning of January 25, a sharp warm sector developed generally south and east of the I-59 corridor. A line of thunderstorms developed during the mid-morning hours and moved eastward across Central Alabama. These storms briefly turned severe in the Montgomery area, producing an EF-1 tornado along the Lowndes/Montgomery county line as well as considerable straight-line wind damage in a swath along the I-85 corridor within the city of Montgomery.","A few trees and power lines were downed along Redland Rd, Marshell Rd, Firetower Rd, and Highway 14.",CSV
202601,24,600,202601,24,1800,209071,1305066,ALABAMA,1,2026,January,Winter Weather,Z,11,MARION,BMX,24-JAN-26 06:00:00,CST-6,24-JAN-26 18:00:00,0,0,0,0,0.00K,0.00K,Broadcast Media,,,,,,,,,,,,,,,,,,,,,,"As a major winter storm unfolded across parts of Mississippi, Tennessee, and North Alabama, Central Alabama saw a quick warmup prior to a steep temperature fall as a surface low moved across the Birmingham area. On January 24, freezing rain was observed with light ice accretion across Marion and Winston counties. As the low moved through the state by the morning of January 25, a sharp warm sector developed generally south and east of the I-59 corridor. A line of thunderstorms developed during the mid-morning hours and moved eastward across Central Alabama. These storms briefly turned severe in the Montgomery area, producing an EF-1 tornado along the Lowndes/Montgomery county line as well as considerable straight-line wind damage in a swath along the I-85 corridor within the city of Montgomery.","Minor ice accretion, generally less than 0.1 inches, across much of the county, leading to buildup on trees and other outdoor surfaces as well as hazardous travel conditions.",CSV
202601,24,600,202601,24,1800,209071,1305068,ALABAMA,1,2026,January,Winter Weather,Z,14,WINSTON,BMX,24-JAN-26 06:00:00,CST-6,24-JAN-26 18:00:00,0,0,0,0,0.00K,0.00K,Broadcast Media,,,,,,,,,,,,,,,,,,,,,,"As a major winter storm unfolded across parts of Mississippi, Tennessee, and North Alabama, Central Alabama saw a quick warmup prior to a steep temperature fall as a surface low moved across the Birmingham area. On January 24, freezing rain was observed with light ice accretion across Marion and Winston counties. As the low moved through the state by the morning of January 25, a sharp warm sector developed generally south and east of the I-59 corridor. A line of thunderstorms developed during the mid-morning hours and moved eastward across Central Alabama. These storms briefly turned severe in the Montgomery area, producing an EF-1 tornado along the Lowndes/Montgomery county line as well as considerable straight-line wind damage in a swath along the I-85 corridor within the city of Montgomery.","Minor ice accretion, generally less than 0.05 inches, mainly across the northwestern half of the county, leading to buildup on trees and other outdoor surfaces as well as hazardous travel conditions.",CSV
202601,31,500,202601,31,1100,209072,1302347,ALABAMA,1,2026,January,Winter Weather,Z,20,CHEROKEE,BMX,31-JAN-26 05:00:00,CST-6,31-JAN-26 11:00:00,0,0,0,0,0.00K,0.00K,Public,,,,,,,,,,,,,,,,,,,,,,"An upper low moving from Tennessee into Georgia produced scattered flurries and light snow showers across Central Alabama during the morning of January 31. While accumulation was minimal to none in most areas, a few counties, including Cherokee and Pike, did see snow accumulation up to a half inch in some areas.",Bands of snow during the morning hours resulted in up to 0.5 inches of snow accumulation in elevated areas of northern Cherokee County.,CSV
202601,31,800,202601,31,1100,209072,1302348,ALABAMA,1,2026,January,Winter Weather,Z,49,PIKE,BMX,31-JAN-26 08:00:00,CST-6,31-JAN-26 11:00:00,0,0,0,0,0.00K,0.00K,Public,,,,,,,,,,,,,,,,,,,,,,"An upper low moving from Tennessee into Georgia produced scattered flurries and light snow showers across Central Alabama during the morning of January 31. While accumulation was minimal to none in most areas, a few counties, including Cherokee and Pike, did see snow accumulation up to a half inch in some areas.",Snow showers during the morning hours resulted in up to 0.5 inches of snow accumulation in Troy and surrounding areas.,CSV
202601,6,0,202601,13,0,208751,1302372,ALABAMA,1,2026,January,Drought,Z,35,CHILTON,BMX,06-JAN-26 00:00:00,CST-6,13-JAN-26 00:00:00,0,0,0,0,0.00K,0.00K,Drought Monitor,,,,,,,,,,,,,,,,,,,,,,Drought conditions continued into early January across southern portions of Central Alabama. Several inches of rainfall on January 9-10 greatly reduced drought conditions in southwestern counties. Drought expanded across the southeast in areas that received less rainfall during the month.,"Chilton County was upgraded to Severe (D2) drought conditions the second week of January, which was downgraded to Moderate (D1) drought by the third week of the month following rainfall on January 9-10.",CSV
202601,25,1116,202601,25,1119,209071,1304055,ALABAMA,1,2026,January,Tornado,C,85,LOWNDES,BMX,25-JAN-26 11:16:00,CST-6,25-JAN-26 11:19:00,0,0,0,0,0.00K,0.00K,NWS Storm Survey,,,,,EF1,2.75,65,BMX,AL,101,MONTGOMERY,2.91,N,TYSON,3.75,NE,TYSON,32.2218,-86.4555,32.2215,-86.4086,"As a major winter storm unfolded across parts of Mississippi, Tennessee, and North Alabama, Central Alabama saw a quick warmup prior to a steep temperature fall as a surface low moved across the Birmingham area. On January 24, freezing rain was observed with light ice accretion across Marion and Winston counties. As the low moved through the state by the morning of January 25, a sharp warm sector developed generally south and east of the I-59 corridor. A line of thunderstorms developed during the mid-morning hours and moved eastward across Central Alabama. These storms briefly turned severe in the Montgomery area, producing an EF-1 tornado along the Lowndes/Montgomery county line as well as considerable straight-line wind damage in a swath along the I-85 corridor within the city of Montgomery.","NWS meteorologists assessed storm damage along the Lowndes County and Montgomery County line, in the community of Rolling Acres, and determined it was the result of a tornado. The tornado began on the west side of Cruise Road, just north of Bibb Road, where a few snapped and uprooted trees were observed. The tornado then continued eastward to County Road 26 and Hargrove Lane, producing similar timber damage along the way. The tornado then struck a manufactured home (MH) as well as two site-built homes along Treat Road. The first site-built home sustained damage to an attached carport and associated roofing on the south side of the structure. The MH had its sheet metal roof completely removed, though the roof truss structure remained intact. Insulation from its roof was noted to have been blown southeastward while the metal roofing material was blown northward. Next door, the tornado removed from a site-built home a large section of its roof structure on the west side of the structure. A splattering of insulation was noted on the east side of the residence. This damage pattern suggest a cyclonic wind field (i.e., a tornado). Several trees were uprooted or snapped in the vicinity of the structures. The tornado then produced additional timber damage, fairly minor in nature, east to near the shoulder of Interstate 65. 99% of this tornado's path was characterized by EF-0 damage, though a maximum rating of EF-1 is assigned due to the level of damage to the site-built home, making the worst of damage very, very short-lived.",CSV
202601,1,0,202601,31,2359,208751,1302359,ALABAMA,1,2026,January,Drought,Z,45,MACON,BMX,01-JAN-26 00:00:00,CST-6,31-JAN-26 23:59:00,0,0,0,0,0.00K,0.00K,Drought Monitor,,,,,,,,,,,,,,,,,,,,,,Drought conditions continued into early January across southern portions of Central Alabama. Several inches of rainfall on January 9-10 greatly reduced drought conditions in southwestern counties. Drought expanded across the southeast in areas that received less rainfall during the month.,Macon County began January in Severe (D2) drought. Eastern and central parts of the county were upgraded to Extreme (D3) by the third week of the month.,CSV
202601,1,0,202601,31,2359,208751,1302361,ALABAMA,1,2026,January,Drought,Z,47,LEE,BMX,01-JAN-26 00:00:00,CST-6,31-JAN-26 23:59:00,0,0,0,0,0.00K,0.00K,Drought Monitor,,,,,,,,,,,,,,,,,,,,,,Drought conditions continued into early January across southern portions of Central Alabama. Several inches of rainfall on January 9-10 greatly reduced drought conditions in southwestern counties. Drought expanded across the southeast in areas that received less rainfall during the month.,Lee County began January in Severe (D2) drought. Much of the county was upgraded to Extreme (D3) by the third week of the month.,CSV
202601,1,0,202601,31,2359,208751,1302362,ALABAMA,1,2026,January,Drought,Z,46,BULLOCK,BMX,01-JAN-26 00:00:00,CST-6,31-JAN-26 23:59:00,0,0,0,0,0.00K,0.00K,Drought Monitor,,,,,,,,,,,,,,,,,,,,,,Drought conditions continued into early January across southern portions of Central Alabama. Several inches of rainfall on January 9-10 greatly reduced drought conditions in southwestern counties. Drought expanded across the southeast in areas that received less rainfall during the month.,"Northern Bullock County began January in Severe (D2) drought, which then expanded to the whole county and persisted through the month. A northern sliver was upgraded to Extreme (D3) by the third week of the month but removed a week later.",CSV
202601,1,0,202601,13,0,208751,1302363,ALABAMA,1,2026,January,Drought,Z,40,DALLAS,BMX,01-JAN-26 00:00:00,CST-6,13-JAN-26 00:00:00,0,0,0,0,0.00K,0.00K,Drought Monitor,,,,,,,,,,,,,,,,,,,,,,Drought conditions continued into early January across southern portions of Central Alabama. Several inches of rainfall on January 9-10 greatly reduced drought conditions in southwestern counties. Drought expanded across the southeast in areas that received less rainfall during the month.,"Western Dallas County began January in Severe (D2) drought conditions, which was briefly expanded in area before being downgraded entirely to Moderate (D1) following several inches of rain on January 9-10.",CSV
202601,1,0,202601,13,0,208751,1302364,ALABAMA,1,2026,January,Drought,Z,30,SUMTER,BMX,01-JAN-26 00:00:00,CST-6,13-JAN-26 00:00:00,0,0,0,0,0.00K,0.00K,Drought Monitor,,,,,,,,,,,,,,,,,,,,,,Drought conditions continued into early January across southern portions of Central Alabama. Several inches of rainfall on January 9-10 greatly reduced drought conditions in southwestern counties. Drought expanded across the southeast in areas that received less rainfall during the month.,"A portion of Sumter County began January in Severe (D2) drought conditions, which was briefly expanded in area before being downgraded entirely to Moderate (D1) following several inches of rain on January 9-10.",CSV
202601,25,1424,202601,25,1424,210108,1311085,ALABAMA,1,2026,January,Thunderstorm Wind,C,69,HOUSTON,TAE,25-JAN-26 14:24:00,CST-6,25-JAN-26 14:24:00,0,0,0,0,2.00K,0.00K,911 Call Center,50.00,EG,,,,,,,,,,0,N,GORDON,0,N,GORDON,31.14,-85.09,31.14,-85.09,A line of strong to severe storms ahead of a cold front brought damaging wind gusts and a few tornadoes to the tri-state area.,Trees and power lines were blown down in the Gordon area.,CSV
202601,18,500,202601,18,1000,210351,1312213,ALABAMA,1,2026,January,Heavy Snow,Z,65,COFFEE,TAE,18-JAN-26 05:00:00,EST-5,18-JAN-26 10:00:00,0,0,0,0,0.00K,0.00K,Public,,,,,,,,,,,,,,,,,,,,,,"A rare winter storm brought snowfall to the tri-state area.  In general, 1-2 inches of wet snow fell across portions of southeast Alabama and the adjacent Florida panhandle and southwest Georgia. The highest total of 3 inches was reported near Smithville in Lee County, GA.",,CSV
202601,18,500,202601,18,1000,210351,1312214,ALABAMA,1,2026,January,Heavy Snow,Z,66,DALE,TAE,18-JAN-26 05:00:00,EST-5,18-JAN-26 10:00:00,0,0,0,0,0.00K,0.00K,Public,,,,,,,,,,,,,,,,,,,,,,"A rare winter storm brought snowfall to the tri-state area.  In general, 1-2 inches of wet snow fell across portions of southeast Alabama and the adjacent Florida panhandle and southwest Georgia. The highest total of 3 inches was reported near Smithville in Lee County, GA.",,CSV
202601,18,500,202601,18,1000,210351,1312215,ALABAMA,1,2026,January,Heavy Snow,Z,67,HENRY,TAE,18-JAN-26 05:00:00,EST-5,18-JAN-26 10:00:00,0,0,0,0,0.00K,0.00K,Public,,,,,,,,,,,,,,,,,,,,,,"A rare winter storm brought snowfall to the tri-state area.  In general, 1-2 inches of wet snow fell across portions of southeast Alabama and the adjacent Florida panhandle and southwest Georgia. The highest total of 3 inches was reported near Smithville in Lee County, GA.",,CSV
202601,18,500,202601,18,1000,210351,1312216,ALABAMA,1,2026,January,Heavy Snow,Z,69,HOUSTON,TAE,18-JAN-26 05:00:00,EST-5,18-JAN-26 10:00:00,0,0,0,0,0.00K,0.00K,Public,,,,,,,,,,,,,,,,,,,,,,"A rare winter storm brought snowfall to the tri-state area.  In general, 1-2 inches of wet snow fell across portions of southeast Alabama and the adjacent Florida panhandle and southwest Georgia. The highest total of 3 inches was reported near Smithville in Lee County, GA.",,CSV
202603,9,1912,202603,9,1918,210157,1313676,ALABAMA,1,2026,March,Thunderstorm Wind,C,73,JEFFERSON,BMX,09-MAR-26 19:12:00,CST-6,09-MAR-26 19:18:00,0,0,0,0,0.00K,0.00K,Fire Department/Rescue,50.00,EG,,,,,,,,,,1.73,E,MAGELLA,1.73,E,MAGELLA,33.47,-86.8,33.47,-86.8,"A shortwave trough moved through the region on March 9, with a broken line of thunderstorms sliding east-southeastward across Central Alabama during the evening hours. These storms produced sporadic instances of wind damage across the northern half of Central Alabama, with the most concentrated area of damage being across Jefferson County. In addition to straight-line wind damage, an EF-0 tornado was confirmed in western Jefferson County.",Trees were downed in the Homewood area.,CSV
202603,9,1923,202603,9,1926,210157,1313677,ALABAMA,1,2026,March,Thunderstorm Wind,C,107,PICKENS,BMX,09-MAR-26 19:23:00,CST-6,09-MAR-26 19:26:00,0,0,0,0,0.00K,0.00K,Emergency Manager,50.00,EG,,,,,,,,,,2.38,SSW,ETHELSVILLE,2.38,SSW,ETHELSVILLE,33.3884,-88.2362,33.3884,-88.2362,"A shortwave trough moved through the region on March 9, with a broken line of thunderstorms sliding east-southeastward across Central Alabama during the evening hours. These storms produced sporadic instances of wind damage across the northern half of Central Alabama, with the most concentrated area of damage being across Jefferson County. In addition to straight-line wind damage, an EF-0 tornado was confirmed in western Jefferson County.",Several trees were blown down along County Road 75.,CSV
202603,9,1826,202603,9,1828,210157,1313678,ALABAMA,1,2026,March,Thunderstorm Wind,C,73,JEFFERSON,BMX,09-MAR-26 18:26:00,CST-6,09-MAR-26 18:28:00,0,0,0,0,1.00K,0.00K,Fire Department/Rescue,40.00,EG,,,,,,,,,,.9,SE,MORRIS,.9,SE,MORRIS,33.74,-86.81,33.74,-86.81,"A shortwave trough moved through the region on March 9, with a broken line of thunderstorms sliding east-southeastward across Central Alabama during the evening hours. These storms produced sporadic instances of wind damage across the northern half of Central Alabama, with the most concentrated area of damage being across Jefferson County. In addition to straight-line wind damage, an EF-0 tornado was confirmed in western Jefferson County.",Trees and power lines were downed in the Morris area.,CSV
202603,9,1912,202603,9,1914,210157,1313679,ALABAMA,1,2026,March,Thunderstorm Wind,C,15,CALHOUN,BMX,09-MAR-26 19:12:00,CST-6,09-MAR-26 19:14:00,0,0,0,0,0.00K,0.00K,Public,50.00,EG,,,,,,,,,,.75,SE,MAHLEP,.75,SE,MAHLEP,33.7413,-85.8721,33.7413,-85.8721,"A shortwave trough moved through the region on March 9, with a broken line of thunderstorms sliding east-southeastward across Central Alabama during the evening hours. These storms produced sporadic instances of wind damage across the northern half of Central Alabama, with the most concentrated area of damage being across Jefferson County. In addition to straight-line wind damage, an EF-0 tornado was confirmed in western Jefferson County.","Trees were down, blocking Halls Chapel Rd.",CSV
202603,9,2002,202603,9,2004,210157,1313681,ALABAMA,1,2026,March,Thunderstorm Wind,C,121,TALLADEGA,BMX,09-MAR-26 20:02:00,CST-6,09-MAR-26 20:04:00,0,0,0,0,0.00K,0.00K,Emergency Manager,50.00,EG,,,,,,,,,,.96,W,OLDFIELD,.96,W,OLDFIELD,33.1976,-86.2364,33.1976,-86.2364,"A shortwave trough moved through the region on March 9, with a broken line of thunderstorms sliding east-southeastward across Central Alabama during the evening hours. These storms produced sporadic instances of wind damage across the northern half of Central Alabama, with the most concentrated area of damage being across Jefferson County. In addition to straight-line wind damage, an EF-0 tornado was confirmed in western Jefferson County.",Power lines were downed on the north side of Sylacauga.,CSV
202603,16,237,202603,16,239,210159,1319017,ALABAMA,1,2026,March,Thunderstorm Wind,C,111,RANDOLPH,BMX,16-MAR-26 02:37:00,CST-6,16-MAR-26 02:39:00,0,0,0,0,0.00K,0.00K,Emergency Manager,50.00,EG,,,,,,,,,,3.17,WSW,PINE TUCKEY,3.17,WSW,PINE TUCKEY,33.4591,-85.5734,33.4591,-85.5734,"A line of strong to severe thunderstorms ahead of a potent cold front pushed through Central Alabama from late March 15 into the early morning of March 16. Scattered instances of wind damage were observed across many counties in Central Alabama as the line moved through. After a significant temperature reduction, a band of snow developed during the late morning hours, with counties such as Winston, Jefferson, Shelby, Blount, Etowah, and St. Clair picking up 0.5 to 1.5 inches of accumulation. With warm ground and road temperatures, the snow quickly method and travel impacts were little to none.",Multiple trees were downed across Highway 431.,CSV
202603,16,239,202603,16,240,210159,1319018,ALABAMA,1,2026,March,Thunderstorm Wind,C,29,CLEBURNE,BMX,16-MAR-26 02:39:00,CST-6,16-MAR-26 02:40:00,0,0,0,0,0.00K,0.00K,Emergency Manager,50.00,EG,,,,,,,,,,.44,NNE,LEBANON,.44,NNE,LEBANON,33.686,-85.3774,33.686,-85.3774,"A line of strong to severe thunderstorms ahead of a potent cold front pushed through Central Alabama from late March 15 into the early morning of March 16. Scattered instances of wind damage were observed across many counties in Central Alabama as the line moved through. After a significant temperature reduction, a band of snow developed during the late morning hours, with counties such as Winston, Jefferson, Shelby, Blount, Etowah, and St. Clair picking up 0.5 to 1.5 inches of accumulation. With warm ground and road temperatures, the snow quickly method and travel impacts were little to none.",Trees were downed near the intersection of CR 49 and CR 491.,CSV
202603,16,244,202603,16,246,210159,1319019,ALABAMA,1,2026,March,Thunderstorm Wind,C,29,CLEBURNE,BMX,16-MAR-26 02:44:00,CST-6,16-MAR-26 02:46:00,0,0,0,0,0.00K,0.00K,Emergency Manager,50.00,EG,,,,,,,,,,0,N,HIGH TOWER,0,N,HIGH TOWER,33.53,-85.4,33.53,-85.4,"A line of strong to severe thunderstorms ahead of a potent cold front pushed through Central Alabama from late March 15 into the early morning of March 16. Scattered instances of wind damage were observed across many counties in Central Alabama as the line moved through. After a significant temperature reduction, a band of snow developed during the late morning hours, with counties such as Winston, Jefferson, Shelby, Blount, Etowah, and St. Clair picking up 0.5 to 1.5 inches of accumulation. With warm ground and road temperatures, the snow quickly method and travel impacts were little to none.",Trees were downed in numerous locations around Hightower.,CSV
202603,16,253,202603,16,259,210159,1319020,ALABAMA,1,2026,March,Thunderstorm Wind,C,51,ELMORE,BMX,16-MAR-26 02:53:00,CST-6,16-MAR-26 02:59:00,0,0,0,0,0.00K,0.00K,Emergency Manager,52.00,EG,,,,,,,,,,3.08,NW,WETUMPKA,3.08,NW,WETUMPKA,32.5758,-86.2632,32.5758,-86.2632,"A line of strong to severe thunderstorms ahead of a potent cold front pushed through Central Alabama from late March 15 into the early morning of March 16. Scattered instances of wind damage were observed across many counties in Central Alabama as the line moved through. After a significant temperature reduction, a band of snow developed during the late morning hours, with counties such as Winston, Jefferson, Shelby, Blount, Etowah, and St. Clair picking up 0.5 to 1.5 inches of accumulation. With warm ground and road temperatures, the snow quickly method and travel impacts were little to none.","Numerous trees were downed on Flatwood Rd, Chapel Rd, and Holtville Rd northwest of Wetumpka.",CSV
202603,16,302,202603,16,305,210159,1319021,ALABAMA,1,2026,March,Thunderstorm Wind,C,51,ELMORE,BMX,16-MAR-26 03:02:00,CST-6,16-MAR-26 03:05:00,0,0,0,0,0.00K,0.00K,911 Call Center,52.00,EG,,,,,,,,,,2.81,SSW,DEXTER,2.81,SSW,DEXTER,32.5919,-86.1667,32.5919,-86.1667,"A line of strong to severe thunderstorms ahead of a potent cold front pushed through Central Alabama from late March 15 into the early morning of March 16. Scattered instances of wind damage were observed across many counties in Central Alabama as the line moved through. After a significant temperature reduction, a band of snow developed during the late morning hours, with counties such as Winston, Jefferson, Shelby, Blount, Etowah, and St. Clair picking up 0.5 to 1.5 inches of accumulation. With warm ground and road temperatures, the snow quickly method and travel impacts were little to none.",Trees were downed on Central Plank Rd north of Wetumpka.,CSV
202603,16,310,202603,16,311,210159,1319022,ALABAMA,1,2026,March,Thunderstorm Wind,C,123,TALLAPOOSA,BMX,16-MAR-26 03:10:00,CST-6,16-MAR-26 03:11:00,0,0,0,0,0.00K,0.00K,Emergency Manager,50.00,EG,,,,,,,,,,1.46,NW,BUTTSTON,1.46,NW,BUTTSTON,32.9647,-85.6481,32.9647,-85.6481,"A line of strong to severe thunderstorms ahead of a potent cold front pushed through Central Alabama from late March 15 into the early morning of March 16. Scattered instances of wind damage were observed across many counties in Central Alabama as the line moved through. After a significant temperature reduction, a band of snow developed during the late morning hours, with counties such as Winston, Jefferson, Shelby, Blount, Etowah, and St. Clair picking up 0.5 to 1.5 inches of accumulation. With warm ground and road temperatures, the snow quickly method and travel impacts were little to none.",Trees were downed at Germany's Ferry bridge.,CSV
202603,16,314,202603,16,316,210159,1319023,ALABAMA,1,2026,March,Thunderstorm Wind,C,51,ELMORE,BMX,16-MAR-26 03:14:00,CST-6,16-MAR-26 03:16:00,0,0,0,0,0.00K,0.00K,911 Call Center,50.00,EG,,,,,,,,,,1.9,N,KENT,1.9,N,KENT,32.6475,-85.9488,32.6475,-85.9488,"A line of strong to severe thunderstorms ahead of a potent cold front pushed through Central Alabama from late March 15 into the early morning of March 16. Scattered instances of wind damage were observed across many counties in Central Alabama as the line moved through. After a significant temperature reduction, a band of snow developed during the late morning hours, with counties such as Winston, Jefferson, Shelby, Blount, Etowah, and St. Clair picking up 0.5 to 1.5 inches of accumulation. With warm ground and road temperatures, the snow quickly method and travel impacts were little to none.",Trees were downed on Red Hill Rd.,CSV
202603,16,315,202603,16,317,210159,1319024,ALABAMA,1,2026,March,Thunderstorm Wind,C,111,RANDOLPH,BMX,16-MAR-26 03:15:00,CST-6,16-MAR-26 03:17:00,0,0,0,0,0.00K,0.00K,Emergency Manager,56.00,EG,,,,,,,,,,3.24,NNE,DICKERT,3.24,NNE,DICKERT,33.1733,-85.4085,33.1733,-85.4085,"A line of strong to severe thunderstorms ahead of a potent cold front pushed through Central Alabama from late March 15 into the early morning of March 16. Scattered instances of wind damage were observed across many counties in Central Alabama as the line moved through. After a significant temperature reduction, a band of snow developed during the late morning hours, with counties such as Winston, Jefferson, Shelby, Blount, Etowah, and St. Clair picking up 0.5 to 1.5 inches of accumulation. With warm ground and road temperatures, the snow quickly method and travel impacts were little to none.",Several pine trees were snapped on CR 26 northwest of Roanoke.,CSV
202603,16,217,202603,16,220,210159,1319025,ALABAMA,1,2026,March,Thunderstorm Wind,C,21,CHILTON,BMX,16-MAR-26 02:17:00,CST-6,16-MAR-26 02:20:00,0,0,0,0,0.00K,0.00K,Emergency Manager,50.00,EG,,,,,,,,,,.43,E,VERBENA,.43,E,VERBENA,32.7495,-86.5127,32.7495,-86.5127,"A line of strong to severe thunderstorms ahead of a potent cold front pushed through Central Alabama from late March 15 into the early morning of March 16. Scattered instances of wind damage were observed across many counties in Central Alabama as the line moved through. After a significant temperature reduction, a band of snow developed during the late morning hours, with counties such as Winston, Jefferson, Shelby, Blount, Etowah, and St. Clair picking up 0.5 to 1.5 inches of accumulation. With warm ground and road temperatures, the snow quickly method and travel impacts were little to none.","Trees were downed in the Verbena area, causing power outages.",CSV
202603,16,319,202603,16,322,210159,1319026,ALABAMA,1,2026,March,Thunderstorm Wind,C,123,TALLAPOOSA,BMX,16-MAR-26 03:19:00,CST-6,16-MAR-26 03:22:00,0,0,0,0,0.00K,0.00K,Public,50.00,EG,,,,,,,,,,3.44,N,WALNUT HILL,3.44,N,WALNUT HILL,32.7496,-85.7854,32.7496,-85.7854,"A line of strong to severe thunderstorms ahead of a potent cold front pushed through Central Alabama from late March 15 into the early morning of March 16. Scattered instances of wind damage were observed across many counties in Central Alabama as the line moved through. After a significant temperature reduction, a band of snow developed during the late morning hours, with counties such as Winston, Jefferson, Shelby, Blount, Etowah, and St. Clair picking up 0.5 to 1.5 inches of accumulation. With warm ground and road temperatures, the snow quickly method and travel impacts were little to none.",Several trees and power lines were downed across Stillwaters Highway.,CSV
202603,16,329,202603,16,333,210159,1319027,ALABAMA,1,2026,March,Thunderstorm Wind,C,17,CHAMBERS,BMX,16-MAR-26 03:29:00,CST-6,16-MAR-26 03:33:00,0,0,0,0,0.00K,0.00K,Emergency Manager,50.00,EG,,,,,,,,,,1.16,W,FIVE PTS,1.16,W,FIVE PTS,33.02,-85.35,33.02,-85.35,"A line of strong to severe thunderstorms ahead of a potent cold front pushed through Central Alabama from late March 15 into the early morning of March 16. Scattered instances of wind damage were observed across many counties in Central Alabama as the line moved through. After a significant temperature reduction, a band of snow developed during the late morning hours, with counties such as Winston, Jefferson, Shelby, Blount, Etowah, and St. Clair picking up 0.5 to 1.5 inches of accumulation. With warm ground and road temperatures, the snow quickly method and travel impacts were little to none.",Trees were downed in a few locations around Five Points.,CSV
202603,16,334,202603,16,339,210159,1319028,ALABAMA,1,2026,March,Thunderstorm Wind,C,17,CHAMBERS,BMX,16-MAR-26 03:34:00,CST-6,16-MAR-26 03:39:00,0,0,0,0,0.00K,0.00K,Emergency Manager,50.00,EG,,,,,,,,,,1.45,WNW,LAFAYETTE,1.45,WNW,LAFAYETTE,32.9112,-85.4011,32.9112,-85.4011,"A line of strong to severe thunderstorms ahead of a potent cold front pushed through Central Alabama from late March 15 into the early morning of March 16. Scattered instances of wind damage were observed across many counties in Central Alabama as the line moved through. After a significant temperature reduction, a band of snow developed during the late morning hours, with counties such as Winston, Jefferson, Shelby, Blount, Etowah, and St. Clair picking up 0.5 to 1.5 inches of accumulation. With warm ground and road temperatures, the snow quickly method and travel impacts were little to none.","A metal building was blown onto Highway 431, and trees were downed in multiple locations around Lafayette.",CSV
202603,16,355,202603,16,358,210159,1319029,ALABAMA,1,2026,March,Thunderstorm Wind,C,17,CHAMBERS,BMX,16-MAR-26 03:55:00,CST-6,16-MAR-26 03:58:00,0,0,0,0,0.00K,0.00K,Emergency Manager,50.00,EG,,,,,,,,,,1.35,WSW,LANETT,1.35,WSW,LANETT,32.87,-85.2,32.87,-85.2,"A line of strong to severe thunderstorms ahead of a potent cold front pushed through Central Alabama from late March 15 into the early morning of March 16. Scattered instances of wind damage were observed across many counties in Central Alabama as the line moved through. After a significant temperature reduction, a band of snow developed during the late morning hours, with counties such as Winston, Jefferson, Shelby, Blount, Etowah, and St. Clair picking up 0.5 to 1.5 inches of accumulation. With warm ground and road temperatures, the snow quickly method and travel impacts were little to none.",Trees and power lines were downed in Lanett.,CSV
202603,16,413,202603,16,419,210159,1319030,ALABAMA,1,2026,March,Thunderstorm Wind,C,81,LEE,BMX,16-MAR-26 04:13:00,CST-6,16-MAR-26 04:19:00,0,0,0,0,0.00K,0.00K,Emergency Manager,50.00,EG,,,,,,,,,,.16,SW,J C MEADOWS XRDS,.16,SW,J C MEADOWS XRDS,32.4982,-85.1716,32.4982,-85.1716,"A line of strong to severe thunderstorms ahead of a potent cold front pushed through Central Alabama from late March 15 into the early morning of March 16. Scattered instances of wind damage were observed across many counties in Central Alabama as the line moved through. After a significant temperature reduction, a band of snow developed during the late morning hours, with counties such as Winston, Jefferson, Shelby, Blount, Etowah, and St. Clair picking up 0.5 to 1.5 inches of accumulation. With warm ground and road temperatures, the snow quickly method and travel impacts were little to none.","Trees were downed on Lee Road 179 south of Lee Road 240, and on Lee Road 300.",CSV
202603,16,730,202603,16,900,210159,1319031,ALABAMA,1,2026,March,Winter Weather,Z,14,WINSTON,BMX,16-MAR-26 07:30:00,CST-6,16-MAR-26 09:00:00,0,0,0,0,0.00K,0.00K,COOP Observer,,,,,,,,,,,,,,,,,,,,,,"A line of strong to severe thunderstorms ahead of a potent cold front pushed through Central Alabama from late March 15 into the early morning of March 16. Scattered instances of wind damage were observed across many counties in Central Alabama as the line moved through. After a significant temperature reduction, a band of snow developed during the late morning hours, with counties such as Winston, Jefferson, Shelby, Blount, Etowah, and St. Clair picking up 0.5 to 1.5 inches of accumulation. With warm ground and road temperatures, the snow quickly method and travel impacts were little to none.",Up to a half inch of snow fell across Winston County.,CSV
202603,16,900,202603,16,1030,210159,1319033,ALABAMA,1,2026,March,Winter Weather,Z,24,JEFFERSON,BMX,16-MAR-26 09:00:00,CST-6,16-MAR-26 10:30:00,0,0,0,0,0.00K,0.00K,Official NWS Observations,,,,,,,,,,,,,,,,,,,,,,"A line of strong to severe thunderstorms ahead of a potent cold front pushed through Central Alabama from late March 15 into the early morning of March 16. Scattered instances of wind damage were observed across many counties in Central Alabama as the line moved through. After a significant temperature reduction, a band of snow developed during the late morning hours, with counties such as Winston, Jefferson, Shelby, Blount, Etowah, and St. Clair picking up 0.5 to 1.5 inches of accumulation. With warm ground and road temperatures, the snow quickly method and travel impacts were little to none.","Snowfall accumulation across Jefferson County ranged from 0.5 to 1.5 inches, with the highest totals reported around Clay and Argo, mainly on elevated or grassy surfaces. The official observation at Birmingham-Shuttlesworth International Airport was 0.8 inches.",CSV
202603,1,0,202603,31,2359,211030,1318337,ALABAMA,1,2026,March,Drought,Z,65,COFFEE,TAE,01-MAR-26 00:00:00,EST-5,31-MAR-26 23:59:00,0,0,0,0,,,Drought Monitor,,,,,,,,,,,,,,,,,,,,,,Drought conditions worsened during March with below average rainfall.  Southeast Alabama started the month in D2 status and ended the month in D3 status.,,CSV
202603,1,0,202603,31,2359,211030,1318338,ALABAMA,1,2026,March,Drought,Z,66,DALE,TAE,01-MAR-26 00:00:00,EST-5,31-MAR-26 23:59:00,0,0,0,0,,,Drought Monitor,,,,,,,,,,,,,,,,,,,,,,Drought conditions worsened during March with below average rainfall.  Southeast Alabama started the month in D2 status and ended the month in D3 status.,,CSV
202603,1,0,202603,31,2359,211030,1318339,ALABAMA,1,2026,March,Drought,Z,68,GENEVA,TAE,01-MAR-26 00:00:00,EST-5,31-MAR-26 23:59:00,0,0,0,0,,,Drought Monitor,,,,,,,,,,,,,,,,,,,,,,Drought conditions worsened during March with below average rainfall.  Southeast Alabama started the month in D2 status and ended the month in D3 status.,,CSV
202603,1,0,202603,31,2359,211030,1318340,ALABAMA,1,2026,March,Drought,Z,67,HENRY,TAE,01-MAR-26 00:00:00,EST-5,31-MAR-26 23:59:00,0,0,0,0,,,Drought Monitor,,,,,,,,,,,,,,,,,,,,,,Drought conditions worsened during March with below average rainfall.  Southeast Alabama started the month in D2 status and ended the month in D3 status.,,CSV
202603,1,0,202603,31,2359,211030,1318341,ALABAMA,1,2026,March,Drought,Z,69,HOUSTON,TAE,01-MAR-26 00:00:00,EST-5,31-MAR-26 23:59:00,0,0,0,0,,,Drought Monitor,,,,,,,,,,,,,,,,,,,,,,Drought conditions worsened during March with below average rainfall.  Southeast Alabama started the month in D2 status and ended the month in D3 status.,,CSV
202603,11,2200,202603,11,2217,210158,1313702,ALABAMA,1,2026,March,Thunderstorm Wind,C,91,MARENGO,BMX,11-MAR-26 22:00:00,CST-6,11-MAR-26 22:17:00,0,0,0,0,0.00K,0.00K,Emergency Manager,50.00,EG,,,,,,,,,,.39,S,SWEET WATER,.39,S,SWEET WATER,32.0944,-87.8712,32.0944,-87.8712,"A line of thunderstorms ahead of a cold front moved across Central Alabama from late on March 11 into the early morning hours of March 12. After initially only producing a few areas of wind damage, the line quickly intensified east of I-65. Around 1 AM CDT, several trees were downed across Coosa and Tallapoosa counties. Scattered tree damage was also reported in Montgomery before activity quikcly ramped up after 2:30 AM CDT. Multiple areas of rotation within the line produced three EF-0 tornadoes across Pike, Barbour, and Russell counties, along with numerous instances of tree and structural damage from straight-line wind in these three counties along with Bullock and Lee. The line exited into Georgia by 4:30 AM CDT.","Several trees were downed, with power outages, in the southern part of Marengo County, mainly the Nanafalia and Sweet Water areas.",CSV
202603,11,2332,202603,11,2334,210158,1313720,ALABAMA,1,2026,March,Thunderstorm Wind,C,37,COOSA,BMX,11-MAR-26 23:32:00,CST-6,11-MAR-26 23:34:00,0,0,0,0,0.00K,0.00K,Law Enforcement,50.00,EG,,,,,,,,,,1.5,SSW,LYLE,1.5,SSW,LYLE,32.86,-86.34,32.86,-86.34,"A line of thunderstorms ahead of a cold front moved across Central Alabama from late on March 11 into the early morning hours of March 12. After initially only producing a few areas of wind damage, the line quickly intensified east of I-65. Around 1 AM CDT, several trees were downed across Coosa and Tallapoosa counties. Scattered tree damage was also reported in Montgomery before activity quikcly ramped up after 2:30 AM CDT. Multiple areas of rotation within the line produced three EF-0 tornadoes across Pike, Barbour, and Russell counties, along with numerous instances of tree and structural damage from straight-line wind in these three counties along with Bullock and Lee. The line exited into Georgia by 4:30 AM CDT.",Trees were downed at multiple locations along County Road 29.,CSV
202603,11,2346,202603,11,2347,210158,1313724,ALABAMA,1,2026,March,Thunderstorm Wind,C,37,COOSA,BMX,11-MAR-26 23:46:00,CST-6,11-MAR-26 23:47:00,0,0,0,0,0.00K,0.00K,Law Enforcement,50.00,EG,,,,,,,,,,3.87,E,WETONA,3.87,E,WETONA,32.7689,-86.2835,32.7689,-86.2835,"A line of thunderstorms ahead of a cold front moved across Central Alabama from late on March 11 into the early morning hours of March 12. After initially only producing a few areas of wind damage, the line quickly intensified east of I-65. Around 1 AM CDT, several trees were downed across Coosa and Tallapoosa counties. Scattered tree damage was also reported in Montgomery before activity quikcly ramped up after 2:30 AM CDT. Multiple areas of rotation within the line produced three EF-0 tornadoes across Pike, Barbour, and Russell counties, along with numerous instances of tree and structural damage from straight-line wind in these three counties along with Bullock and Lee. The line exited into Georgia by 4:30 AM CDT.",Trees were downed on CR 36 near CR 45.,CSV
202603,16,900,202603,16,1045,210159,1319034,ALABAMA,1,2026,March,Winter Weather,Z,17,BLOUNT,BMX,16-MAR-26 09:00:00,CST-6,16-MAR-26 10:45:00,0,0,0,0,0.00K,0.00K,COOP Observer,,,,,,,,,,,,,,,,,,,,,,"A line of strong to severe thunderstorms ahead of a potent cold front pushed through Central Alabama from late March 15 into the early morning of March 16. Scattered instances of wind damage were observed across many counties in Central Alabama as the line moved through. After a significant temperature reduction, a band of snow developed during the late morning hours, with counties such as Winston, Jefferson, Shelby, Blount, Etowah, and St. Clair picking up 0.5 to 1.5 inches of accumulation. With warm ground and road temperatures, the snow quickly method and travel impacts were little to none.",Snowfall totals as high as 1 to 1.5 inches were observed across Blount County.,CSV
202603,16,930,202603,16,1045,210159,1319035,ALABAMA,1,2026,March,Winter Weather,Z,25,SHELBY,BMX,16-MAR-26 09:30:00,CST-6,16-MAR-26 10:45:00,0,0,0,0,0.00K,0.00K,NWS Employee,,,,,,,,,,,,,,,,,,,,,,"A line of strong to severe thunderstorms ahead of a potent cold front pushed through Central Alabama from late March 15 into the early morning of March 16. Scattered instances of wind damage were observed across many counties in Central Alabama as the line moved through. After a significant temperature reduction, a band of snow developed during the late morning hours, with counties such as Winston, Jefferson, Shelby, Blount, Etowah, and St. Clair picking up 0.5 to 1.5 inches of accumulation. With warm ground and road temperatures, the snow quickly method and travel impacts were little to none.","Up to a half inch of snow fell across north and central Shelby County, especially hilly areas.",CSV
202603,16,1000,202603,16,1130,210159,1319037,ALABAMA,1,2026,March,Winter Weather,Z,18,ETOWAH,BMX,16-MAR-26 10:00:00,CST-6,16-MAR-26 11:30:00,0,0,0,0,0.00K,0.00K,Public,,,,,,,,,,,,,,,,,,,,,,"A line of strong to severe thunderstorms ahead of a potent cold front pushed through Central Alabama from late March 15 into the early morning of March 16. Scattered instances of wind damage were observed across many counties in Central Alabama as the line moved through. After a significant temperature reduction, a band of snow developed during the late morning hours, with counties such as Winston, Jefferson, Shelby, Blount, Etowah, and St. Clair picking up 0.5 to 1.5 inches of accumulation. With warm ground and road temperatures, the snow quickly method and travel impacts were little to none.","Snow fell across Etowah County, with the highest reported accumulation of 1.5 inches in Walnut Grove.",CSV
202603,16,1100,202603,16,1200,210159,1319038,ALABAMA,1,2026,March,Winter Weather,Z,20,CHEROKEE,BMX,16-MAR-26 11:00:00,CST-6,16-MAR-26 12:00:00,0,0,0,0,0.00K,0.00K,Emergency Manager,,,,,,,,,,,,,,,,,,,,,,"A line of strong to severe thunderstorms ahead of a potent cold front pushed through Central Alabama from late March 15 into the early morning of March 16. Scattered instances of wind damage were observed across many counties in Central Alabama as the line moved through. After a significant temperature reduction, a band of snow developed during the late morning hours, with counties such as Winston, Jefferson, Shelby, Blount, Etowah, and St. Clair picking up 0.5 to 1.5 inches of accumulation. With warm ground and road temperatures, the snow quickly method and travel impacts were little to none.",Up to a half inch of snow fell across parts of Cherokee County.,CSV
202603,12,0,202603,12,5,210158,1313734,ALABAMA,1,2026,March,Thunderstorm Wind,C,37,COOSA,BMX,12-MAR-26 00:00:00,CST-6,12-MAR-26 00:05:00,0,0,0,0,0.00K,0.00K,Law Enforcement,50.00,EG,,,,,,,,,,2.38,SSW,NIXBURG,2.38,SSW,NIXBURG,32.8,-86.14,32.8,-86.14,"A line of thunderstorms ahead of a cold front moved across Central Alabama from late on March 11 into the early morning hours of March 12. After initially only producing a few areas of wind damage, the line quickly intensified east of I-65. Around 1 AM CDT, several trees were downed across Coosa and Tallapoosa counties. Scattered tree damage was also reported in Montgomery before activity quikcly ramped up after 2:30 AM CDT. Multiple areas of rotation within the line produced three EF-0 tornadoes across Pike, Barbour, and Russell counties, along with numerous instances of tree and structural damage from straight-line wind in these three counties along with Bullock and Lee. The line exited into Georgia by 4:30 AM CDT.",Trees were downed along County Road 18 near County Road 14 and County Road 63 at Highway 9.,CSV
202603,12,4,202603,12,7,210158,1313738,ALABAMA,1,2026,March,Thunderstorm Wind,C,123,TALLAPOOSA,BMX,12-MAR-26 00:04:00,CST-6,12-MAR-26 00:07:00,0,0,0,0,0.00K,0.00K,911 Call Center,50.00,EG,,,,,,,,,,4.32,NNW,ALEXANDER CITY,4.32,NNW,ALEXANDER CITY,33.011,-85.9859,33.011,-85.9859,"A line of thunderstorms ahead of a cold front moved across Central Alabama from late on March 11 into the early morning hours of March 12. After initially only producing a few areas of wind damage, the line quickly intensified east of I-65. Around 1 AM CDT, several trees were downed across Coosa and Tallapoosa counties. Scattered tree damage was also reported in Montgomery before activity quikcly ramped up after 2:30 AM CDT. Multiple areas of rotation within the line produced three EF-0 tornadoes across Pike, Barbour, and Russell counties, along with numerous instances of tree and structural damage from straight-line wind in these three counties along with Bullock and Lee. The line exited into Georgia by 4:30 AM CDT.",A couple trees were downed on Pearson Chapel Rd.,CSV
202603,12,47,202603,12,53,210158,1313766,ALABAMA,1,2026,March,Thunderstorm Wind,C,101,MONTGOMERY,BMX,12-MAR-26 00:47:00,CST-6,12-MAR-26 00:53:00,0,0,0,0,0.00K,0.00K,Broadcast Media,50.00,EG,,,,,,,,,,.93,SSE,CHISHOLM,.93,SSE,CHISHOLM,32.3871,-86.2456,32.3871,-86.2456,"A line of thunderstorms ahead of a cold front moved across Central Alabama from late on March 11 into the early morning hours of March 12. After initially only producing a few areas of wind damage, the line quickly intensified east of I-65. Around 1 AM CDT, several trees were downed across Coosa and Tallapoosa counties. Scattered tree damage was also reported in Montgomery before activity quikcly ramped up after 2:30 AM CDT. Multiple areas of rotation within the line produced three EF-0 tornadoes across Pike, Barbour, and Russell counties, along with numerous instances of tree and structural damage from straight-line wind in these three counties along with Bullock and Lee. The line exited into Georgia by 4:30 AM CDT.","Several reports of trees and power lines down around Montgomery, including Wares Ferry at Dalraida Rd, Forest Ave at Oak Park, and Carol Villa Dr.",CSV
202603,16,1000,202603,16,1130,210159,1319042,ALABAMA,1,2026,March,Winter Weather,Z,26,ST. CLAIR,BMX,16-MAR-26 10:00:00,CST-6,16-MAR-26 11:30:00,0,0,0,0,0.00K,0.00K,Public,,,,,,,,,,,,,,,,,,,,,,"A line of strong to severe thunderstorms ahead of a potent cold front pushed through Central Alabama from late March 15 into the early morning of March 16. Scattered instances of wind damage were observed across many counties in Central Alabama as the line moved through. After a significant temperature reduction, a band of snow developed during the late morning hours, with counties such as Winston, Jefferson, Shelby, Blount, Etowah, and St. Clair picking up 0.5 to 1.5 inches of accumulation. With warm ground and road temperatures, the snow quickly method and travel impacts were little to none.","Up to a half inch to one inch of snow fell across St. Clair County, especially the northern and western portions. Accumulation was mainly limited to elevated and grassy surfaces.",CSV
202603,15,2230,202603,15,2231,210159,1318358,ALABAMA,1,2026,March,Thunderstorm Wind,C,133,WINSTON,BMX,15-MAR-26 22:30:00,CST-6,15-MAR-26 22:31:00,0,0,0,0,0.00K,0.00K,Public,50.00,EG,,,,,,,,,,.41,ESE,HALEYVILLE,.41,ESE,HALEYVILLE,34.2284,-87.6131,34.2284,-87.6131,"A line of strong to severe thunderstorms ahead of a potent cold front pushed through Central Alabama from late March 15 into the early morning of March 16. Scattered instances of wind damage were observed across many counties in Central Alabama as the line moved through. After a significant temperature reduction, a band of snow developed during the late morning hours, with counties such as Winston, Jefferson, Shelby, Blount, Etowah, and St. Clair picking up 0.5 to 1.5 inches of accumulation. With warm ground and road temperatures, the snow quickly method and travel impacts were little to none.",A tree was downed on 17th Avenue in Haleyville.,CSV
202603,15,2220,202603,15,2221,210159,1318350,ALABAMA,1,2026,March,Thunderstorm Wind,C,75,LAMAR,BMX,15-MAR-26 22:20:00,CST-6,15-MAR-26 22:21:00,0,0,0,0,0.00K,0.00K,Emergency Manager,50.00,EG,,,,,,,,,,2.99,ENE,BEAVERTON,2.99,ENE,BEAVERTON,33.9485,-87.9828,33.9485,-87.9828,"A line of strong to severe thunderstorms ahead of a potent cold front pushed through Central Alabama from late March 15 into the early morning of March 16. Scattered instances of wind damage were observed across many counties in Central Alabama as the line moved through. After a significant temperature reduction, a band of snow developed during the late morning hours, with counties such as Winston, Jefferson, Shelby, Blount, Etowah, and St. Clair picking up 0.5 to 1.5 inches of accumulation. With warm ground and road temperatures, the snow quickly method and travel impacts were little to none.",A tree was downed on Highway 278 and Sorghum Hollow Rd.,CSV
202603,15,2232,202603,15,2233,210159,1318355,ALABAMA,1,2026,March,Thunderstorm Wind,C,57,FAYETTE,BMX,15-MAR-26 22:32:00,CST-6,15-MAR-26 22:33:00,0,0,0,0,0.00K,0.00K,Emergency Manager,50.00,EG,,,,,,,,,,3.13,N,BLUFF,3.13,N,BLUFF,33.8646,-87.89,33.8646,-87.89,"A line of strong to severe thunderstorms ahead of a potent cold front pushed through Central Alabama from late March 15 into the early morning of March 16. Scattered instances of wind damage were observed across many counties in Central Alabama as the line moved through. After a significant temperature reduction, a band of snow developed during the late morning hours, with counties such as Winston, Jefferson, Shelby, Blount, Etowah, and St. Clair picking up 0.5 to 1.5 inches of accumulation. With warm ground and road temperatures, the snow quickly method and travel impacts were little to none.",A tree was downed at Highway 107 and Wayside Road.,CSV
202603,12,200,202603,12,201,210158,1317180,ALABAMA,1,2026,March,Thunderstorm Wind,C,109,PIKE,BMX,12-MAR-26 02:00:00,CST-6,12-MAR-26 02:01:00,0,0,0,0,0.00K,0.00K,Emergency Manager,52.00,EG,,,,,,,,,,3.63,SE,NEEDMORE,3.63,SE,NEEDMORE,31.86,-85.91,31.86,-85.91,"A line of thunderstorms ahead of a cold front moved across Central Alabama from late on March 11 into the early morning hours of March 12. After initially only producing a few areas of wind damage, the line quickly intensified east of I-65. Around 1 AM CDT, several trees were downed across Coosa and Tallapoosa counties. Scattered tree damage was also reported in Montgomery before activity quikcly ramped up after 2:30 AM CDT. Multiple areas of rotation within the line produced three EF-0 tornadoes across Pike, Barbour, and Russell counties, along with numerous instances of tree and structural damage from straight-line wind in these three counties along with Bullock and Lee. The line exited into Georgia by 4:30 AM CDT.",The roof was removed from a manufactured home on Gardner Bassett Rd.,CSV
202603,12,203,202603,12,204,210158,1317184,ALABAMA,1,2026,March,Tornado,C,109,PIKE,BMX,12-MAR-26 02:03:00,CST-6,12-MAR-26 02:04:00,0,0,0,0,0.00K,0.00K,NWS Storm Survey,,,,,EF0,0.28,100,,,,,1.88,NNW,SPRING HILL,1.95,N,SPRING HILL,31.7057,-85.9604,31.7077,-85.9562,"A line of thunderstorms ahead of a cold front moved across Central Alabama from late on March 11 into the early morning hours of March 12. After initially only producing a few areas of wind damage, the line quickly intensified east of I-65. Around 1 AM CDT, several trees were downed across Coosa and Tallapoosa counties. Scattered tree damage was also reported in Montgomery before activity quikcly ramped up after 2:30 AM CDT. Multiple areas of rotation within the line produced three EF-0 tornadoes across Pike, Barbour, and Russell counties, along with numerous instances of tree and structural damage from straight-line wind in these three counties along with Bullock and Lee. The line exited into Georgia by 4:30 AM CDT.","A localized area of storm damage was surveyed by NWS Birmingham Meteorologists along Highway 87 to the north of Spring Hill. The damage in this area was consistent with an EF0 tornado, with several Housing Authority duplexes sustaining significant roof damage on the west side of 87. The key indicator of a tornado was insulation splattering on the eastern wall of one of the buildings, along with a weak debris signature noted on KEOX radar. Debris was also strewn across a field on the southern side of the circulation. The tornado continued east across Highway 87 where several more duplexes sustained minor roof damage with a couple of uprooted trees noted in the area as well. The tornado was rather short-lived with a path length of roughly one-quarter mile, and no notable areas of damage before or after the Housing Authority property.",CSV
202603,15,2203,202603,15,2211,210159,1318348,ALABAMA,1,2026,March,Thunderstorm Wind,C,93,MARION,BMX,15-MAR-26 22:03:00,CST-6,15-MAR-26 22:11:00,0,0,0,0,0.00K,0.00K,Emergency Manager,50.00,EG,,,,,,,,,,.9,NW,HAMILTON,.9,NW,HAMILTON,34.14,-87.99,34.14,-87.99,"A line of strong to severe thunderstorms ahead of a potent cold front pushed through Central Alabama from late March 15 into the early morning of March 16. Scattered instances of wind damage were observed across many counties in Central Alabama as the line moved through. After a significant temperature reduction, a band of snow developed during the late morning hours, with counties such as Winston, Jefferson, Shelby, Blount, Etowah, and St. Clair picking up 0.5 to 1.5 inches of accumulation. With warm ground and road temperatures, the snow quickly method and travel impacts were little to none.","Trees were downed in numerous locations around Hamilton, with at least one tree on a house.",CSV
202603,15,2232,202603,15,2233,210159,1318356,ALABAMA,1,2026,March,Thunderstorm Wind,C,133,WINSTON,BMX,15-MAR-26 22:32:00,CST-6,15-MAR-26 22:33:00,0,0,0,0,0.00K,0.00K,Public,50.00,EG,,,,,,,,,,.79,WSW,FORKVILLE,.79,WSW,FORKVILLE,34.2654,-87.5626,34.2654,-87.5626,"A line of strong to severe thunderstorms ahead of a potent cold front pushed through Central Alabama from late March 15 into the early morning of March 16. Scattered instances of wind damage were observed across many counties in Central Alabama as the line moved through. After a significant temperature reduction, a band of snow developed during the late morning hours, with counties such as Winston, Jefferson, Shelby, Blount, Etowah, and St. Clair picking up 0.5 to 1.5 inches of accumulation. With warm ground and road temperatures, the snow quickly method and travel impacts were little to none.",A tree was downed on a power line on County Road 68.,CSV
202603,12,146,202603,12,148,210158,1317233,ALABAMA,1,2026,March,Thunderstorm Wind,C,109,PIKE,BMX,12-MAR-26 01:46:00,CST-6,12-MAR-26 01:48:00,0,0,0,0,0.00K,0.00K,NWS Storm Survey,56.00,EG,,,,,,,,,,.35,NW,GOSHEN,.35,NW,GOSHEN,31.7239,-86.1239,31.7239,-86.1239,"A line of thunderstorms ahead of a cold front moved across Central Alabama from late on March 11 into the early morning hours of March 12. After initially only producing a few areas of wind damage, the line quickly intensified east of I-65. Around 1 AM CDT, several trees were downed across Coosa and Tallapoosa counties. Scattered tree damage was also reported in Montgomery before activity quikcly ramped up after 2:30 AM CDT. Multiple areas of rotation within the line produced three EF-0 tornadoes across Pike, Barbour, and Russell counties, along with numerous instances of tree and structural damage from straight-line wind in these three counties along with Bullock and Lee. The line exited into Georgia by 4:30 AM CDT.","Trees were downed around Goshen, and at least one home and one outbuilding sustained minor roof/siding damage. An open-air metal building at the Goshen High School baseball field was destroyed as well, with most of the building collapsed and mangled. Most of the damage was concentrated along Eagle Cir and Alabama St.",CSV
202603,11,2254,202603,11,2317,210158,1313718,ALABAMA,1,2026,March,Thunderstorm Wind,C,1,AUTAUGA,BMX,11-MAR-26 22:54:00,CST-6,11-MAR-26 23:17:00,0,0,0,0,0.00K,0.00K,911 Call Center,50.00,EG,,,,,,,,,,1.76,SSW,BILLINGSLEY,1.76,SSW,BILLINGSLEY,32.6253,-86.7375,32.6253,-86.7375,"A line of thunderstorms ahead of a cold front moved across Central Alabama from late on March 11 into the early morning hours of March 12. After initially only producing a few areas of wind damage, the line quickly intensified east of I-65. Around 1 AM CDT, several trees were downed across Coosa and Tallapoosa counties. Scattered tree damage was also reported in Montgomery before activity quikcly ramped up after 2:30 AM CDT. Multiple areas of rotation within the line produced three EF-0 tornadoes across Pike, Barbour, and Russell counties, along with numerous instances of tree and structural damage from straight-line wind in these three counties along with Bullock and Lee. The line exited into Georgia by 4:30 AM CDT.",Multiple trees were downed across northern and northeastern portions of Autauga County.,CSV
202603,12,307,202603,12,309,212132,1327629,ALABAMA,1,2026,March,Tornado,C,67,HENRY,TAE,12-MAR-26 03:07:00,CST-6,12-MAR-26 03:09:00,0,0,0,0,50.00K,0.00K,NWS Storm Survey,,,,,EF1,1.39,200,,,,,2.22,W,MURPHY STATION,1.23,SW,MURPHY STATION,31.5338,-85.327,31.5274,-85.3047,A squall line swept through the tri-state area ahead of a cold front on March 12th. Numerous reports of severe weather were received.,"An EF-1 tornado touched down east of Poor Creek and tracked east, south of CR 25 before  lifting at CR 27. Along the way, the tornado snapped and uprooted a large swath of trees, overturned an outbuilding, significantly damaged the roof of one mobile home and shifted another off its base. Maximum winds were estimated to be 100 mph based on the tree damage.",CSV
202603,12,309,202603,12,317,212132,1327630,ALABAMA,1,2026,March,Tornado,C,67,HENRY,TAE,12-MAR-26 03:09:00,CST-6,12-MAR-26 03:17:00,0,0,0,0,100.00K,0.00K,NWS Storm Survey,,,,,EF1,1.97,387,,,,,1.09,WNW,NEWVILLE,.88,ESE,NEWVILLE,31.4263,-85.347,31.4149,-85.3163,A squall line swept through the tri-state area ahead of a cold front on March 12th. Numerous reports of severe weather were received.,"An aerial survey indicated that a tornado touched down northwest of Newville, AL damaging the roof of a two-story business near the intersection of West Columbia Road and Reynolds Street. As the tornado crossed downtown Newville, it snapped and uprooted many trees and damaged the roofs of several businesses between the Seaboard Coastline Railroad tracks and Oak Lane including E Columbia Road. The tornado snapped trees on Wheddon Farm Road before lifting near U.S. 431. Maximum sustained winds were estimated to be 100 mph which is EF-1 strength.",CSV
202603,12,200,202603,12,203,210158,1317186,ALABAMA,1,2026,March,Thunderstorm Wind,C,81,LEE,BMX,12-MAR-26 02:00:00,CST-6,12-MAR-26 02:03:00,0,0,0,0,0.00K,0.00K,Emergency Manager,50.00,EG,,,,,,,,,,1.39,N,PEPPERELL,1.39,N,PEPPERELL,32.6501,-85.399,32.6501,-85.399,"A line of thunderstorms ahead of a cold front moved across Central Alabama from late on March 11 into the early morning hours of March 12. After initially only producing a few areas of wind damage, the line quickly intensified east of I-65. Around 1 AM CDT, several trees were downed across Coosa and Tallapoosa counties. Scattered tree damage was also reported in Montgomery before activity quikcly ramped up after 2:30 AM CDT. Multiple areas of rotation within the line produced three EF-0 tornadoes across Pike, Barbour, and Russell counties, along with numerous instances of tree and structural damage from straight-line wind in these three counties along with Bullock and Lee. The line exited into Georgia by 4:30 AM CDT.","A tree fell on a home on Terracewood Dr, a tree and power line were downed on Hunter St, and a tree was downed on Veterans Pkwy.",CSV
202603,12,213,202603,12,214,210158,1317188,ALABAMA,1,2026,March,Thunderstorm Wind,C,109,PIKE,BMX,12-MAR-26 02:13:00,CST-6,12-MAR-26 02:14:00,0,0,0,0,0.00K,0.00K,Public,52.00,EG,,,,,,,,,,1.09,S,BRUNDIDGE,1.09,S,BRUNDIDGE,31.7042,-85.8213,31.7042,-85.8213,"A line of thunderstorms ahead of a cold front moved across Central Alabama from late on March 11 into the early morning hours of March 12. After initially only producing a few areas of wind damage, the line quickly intensified east of I-65. Around 1 AM CDT, several trees were downed across Coosa and Tallapoosa counties. Scattered tree damage was also reported in Montgomery before activity quikcly ramped up after 2:30 AM CDT. Multiple areas of rotation within the line produced three EF-0 tornadoes across Pike, Barbour, and Russell counties, along with numerous instances of tree and structural damage from straight-line wind in these three counties along with Bullock and Lee. The line exited into Georgia by 4:30 AM CDT.","A farm on Louis Ann Mill Loop sustained damage to a old five-story barn and had a collapsed roof on a large building. Additional minor damage included a moved chicken coop, torn up cow pens, and about 6 large pine trees down.",CSV
202603,12,217,202603,12,218,210158,1317189,ALABAMA,1,2026,March,Thunderstorm Wind,C,17,CHAMBERS,BMX,12-MAR-26 02:17:00,CST-6,12-MAR-26 02:18:00,0,0,0,0,0.00K,0.00K,Broadcast Media,50.00,EG,,,,,,,,,,2.43,S,CUSSETA,2.43,S,CUSSETA,32.7454,-85.2719,32.7454,-85.2719,"A line of thunderstorms ahead of a cold front moved across Central Alabama from late on March 11 into the early morning hours of March 12. After initially only producing a few areas of wind damage, the line quickly intensified east of I-65. Around 1 AM CDT, several trees were downed across Coosa and Tallapoosa counties. Scattered tree damage was also reported in Montgomery before activity quikcly ramped up after 2:30 AM CDT. Multiple areas of rotation within the line produced three EF-0 tornadoes across Pike, Barbour, and Russell counties, along with numerous instances of tree and structural damage from straight-line wind in these three counties along with Bullock and Lee. The line exited into Georgia by 4:30 AM CDT.",Trees were downed at Highway 388 and Lee Road 2085.,CSV
202603,15,2214,202603,15,2215,210159,1318349,ALABAMA,1,2026,March,Thunderstorm Wind,C,75,LAMAR,BMX,15-MAR-26 22:14:00,CST-6,15-MAR-26 22:15:00,0,0,0,0,0.00K,0.00K,Emergency Manager,50.00,EG,,,,,,,,,,2.97,ENE,CREWS,2.97,ENE,CREWS,33.9128,-88.0806,33.9128,-88.0806,"A line of strong to severe thunderstorms ahead of a potent cold front pushed through Central Alabama from late March 15 into the early morning of March 16. Scattered instances of wind damage were observed across many counties in Central Alabama as the line moved through. After a significant temperature reduction, a band of snow developed during the late morning hours, with counties such as Winston, Jefferson, Shelby, Blount, Etowah, and St. Clair picking up 0.5 to 1.5 inches of accumulation. With warm ground and road temperatures, the snow quickly method and travel impacts were little to none.",Three trees were downed near the intersection of Highway 278 and Crews Rd.,CSV
202603,15,2222,202603,15,2226,210159,1318351,ALABAMA,1,2026,March,Thunderstorm Wind,C,93,MARION,BMX,15-MAR-26 22:22:00,CST-6,15-MAR-26 22:26:00,0,0,0,0,0.00K,0.00K,Emergency Manager,50.00,EG,,,,,,,,,,.57,E,GUIN,.57,E,GUIN,33.97,-87.91,33.97,-87.91,"A line of strong to severe thunderstorms ahead of a potent cold front pushed through Central Alabama from late March 15 into the early morning of March 16. Scattered instances of wind damage were observed across many counties in Central Alabama as the line moved through. After a significant temperature reduction, a band of snow developed during the late morning hours, with counties such as Winston, Jefferson, Shelby, Blount, Etowah, and St. Clair picking up 0.5 to 1.5 inches of accumulation. With warm ground and road temperatures, the snow quickly method and travel impacts were little to none.",Trees were downed in several locations around Guin.,CSV
202603,15,2225,202603,15,2226,210159,1318352,ALABAMA,1,2026,March,Thunderstorm Wind,C,93,MARION,BMX,15-MAR-26 22:25:00,CST-6,15-MAR-26 22:26:00,0,0,0,0,0.00K,0.00K,Emergency Manager,50.00,EG,,,,,,,,,,3.06,ENE,BEAR CREEK,3.06,ENE,BEAR CREEK,34.2842,-87.6493,34.2842,-87.6493,"A line of strong to severe thunderstorms ahead of a potent cold front pushed through Central Alabama from late March 15 into the early morning of March 16. Scattered instances of wind damage were observed across many counties in Central Alabama as the line moved through. After a significant temperature reduction, a band of snow developed during the late morning hours, with counties such as Winston, Jefferson, Shelby, Blount, Etowah, and St. Clair picking up 0.5 to 1.5 inches of accumulation. With warm ground and road temperatures, the snow quickly method and travel impacts were little to none.",Trees were downed on County Highway 85.,CSV
202603,15,2231,202603,15,2235,210159,1318354,ALABAMA,1,2026,March,Thunderstorm Wind,C,93,MARION,BMX,15-MAR-26 22:31:00,CST-6,15-MAR-26 22:35:00,0,0,0,0,0.00K,0.00K,Emergency Manager,50.00,EG,,,,,,,,,,.69,N,WINFIELD,.69,N,WINFIELD,33.93,-87.82,33.93,-87.82,"A line of strong to severe thunderstorms ahead of a potent cold front pushed through Central Alabama from late March 15 into the early morning of March 16. Scattered instances of wind damage were observed across many counties in Central Alabama as the line moved through. After a significant temperature reduction, a band of snow developed during the late morning hours, with counties such as Winston, Jefferson, Shelby, Blount, Etowah, and St. Clair picking up 0.5 to 1.5 inches of accumulation. With warm ground and road temperatures, the snow quickly method and travel impacts were little to none.",Trees were downed in several locations around Winfield.,CSV
202603,16,14,202603,16,15,210159,1318406,ALABAMA,1,2026,March,Thunderstorm Wind,C,119,SUMTER,BMX,16-MAR-26 00:14:00,CST-6,16-MAR-26 00:15:00,0,0,0,0,0.00K,0.00K,Fire Department/Rescue,50.00,EG,,,,,,,,,,1.33,SE,CUBA,1.33,SE,CUBA,32.4147,-88.3663,32.4147,-88.3663,"A line of strong to severe thunderstorms ahead of a potent cold front pushed through Central Alabama from late March 15 into the early morning of March 16. Scattered instances of wind damage were observed across many counties in Central Alabama as the line moved through. After a significant temperature reduction, a band of snow developed during the late morning hours, with counties such as Winston, Jefferson, Shelby, Blount, Etowah, and St. Clair picking up 0.5 to 1.5 inches of accumulation. With warm ground and road temperatures, the snow quickly method and travel impacts were little to none.",A tree was downed on County Road 10 just south of Siloam Road.,CSV
202603,16,131,202603,16,132,210159,1319004,ALABAMA,1,2026,March,Thunderstorm Wind,C,117,SHELBY,BMX,16-MAR-26 01:31:00,CST-6,16-MAR-26 01:32:00,0,0,0,0,0.00K,0.00K,Emergency Manager,50.00,EG,,,,,,,,,,1.71,W,COLUMBIANA,1.71,W,COLUMBIANA,33.179,-86.6296,33.179,-86.6296,"A line of strong to severe thunderstorms ahead of a potent cold front pushed through Central Alabama from late March 15 into the early morning of March 16. Scattered instances of wind damage were observed across many counties in Central Alabama as the line moved through. After a significant temperature reduction, a band of snow developed during the late morning hours, with counties such as Winston, Jefferson, Shelby, Blount, Etowah, and St. Clair picking up 0.5 to 1.5 inches of accumulation. With warm ground and road temperatures, the snow quickly method and travel impacts were little to none.",A tree was downed on Highway 70 near Columbiana.,CSV
202603,6,1445,202603,6,1445,212115,1326070,ALABAMA,1,2026,March,Thunderstorm Wind,C,61,GENEVA,TAE,06-MAR-26 14:45:00,CST-6,06-MAR-26 14:45:00,0,0,0,0,0.00K,0.00K,911 Call Center,50.00,EG,,,,,,,,,,0,N,HENDRIX CROSSROAD,0,N,HENDRIX CROSSROAD,31.12,-85.71,31.12,-85.71,Scattered thunderstorms ahead a cold front produced isolated severe weather.,A tree was blown down along County Road 36 in eastern Geneva county.,CSV
202603,12,318,202603,12,328,212132,1327632,ALABAMA,1,2026,March,Tornado,C,69,HOUSTON,TAE,12-MAR-26 03:18:00,CST-6,12-MAR-26 03:28:00,0,0,0,0,75.00K,0.00K,NWS Storm Survey,,,,,EF1,7.1,200,,,,,.97,W,KINSEY,1.44,SSW,PLEASANT PLAINS,31.2924,-85.3462,31.28,-85.2269,A squall line swept through the tri-state area ahead of a cold front on March 12th. Numerous reports of severe weather were received.,"A tornado touched down on Waldon Road south of Kinsey, AL where a home sustained very minor shingle damage. As the tornado travelled east along Lynn Jarvis Road, it tore the roof off a small shed. and snapped a tree. The tornado strengthened to an EF1 as it approached Glenwood Estates, uprooting and snapping several trees within that community. As the tornado approached Gilly Mill Road, it was nearing peak intensity as it lifted an outbuilding vertically from its moorings and tossed it into a tree. The tornado then weakened and possibly briefly lifted before damaging an awning on Randall Wade Road. The tornado then lifted near CR 55, but not before snapping support posts of a large outbuilding, including repurposed telephone poles, allowing the entire structure to shift several feet. This movement toppled a concrete structure within the outbuilding. Maximum sustained winds were estimated to be 110 mph.",CSV
202603,12,220,202603,12,221,210158,1317203,ALABAMA,1,2026,March,Thunderstorm Wind,C,81,LEE,BMX,12-MAR-26 02:20:00,CST-6,12-MAR-26 02:21:00,0,0,0,0,0.00K,0.00K,Emergency Manager,50.00,EG,,,,,,,,,,2.91,S,MITCHELL XRD,2.91,S,MITCHELL XRD,32.4878,-85.3988,32.4878,-85.3988,"A line of thunderstorms ahead of a cold front moved across Central Alabama from late on March 11 into the early morning hours of March 12. After initially only producing a few areas of wind damage, the line quickly intensified east of I-65. Around 1 AM CDT, several trees were downed across Coosa and Tallapoosa counties. Scattered tree damage was also reported in Montgomery before activity quikcly ramped up after 2:30 AM CDT. Multiple areas of rotation within the line produced three EF-0 tornadoes across Pike, Barbour, and Russell counties, along with numerous instances of tree and structural damage from straight-line wind in these three counties along with Bullock and Lee. The line exited into Georgia by 4:30 AM CDT.",Two trees were downed across Lee Road 11.,CSV
202603,12,229,202603,12,230,210158,1317206,ALABAMA,1,2026,March,Thunderstorm Wind,C,5,BARBOUR,BMX,12-MAR-26 02:29:00,CST-6,12-MAR-26 02:30:00,0,0,0,0,0.00K,0.00K,Emergency Manager,52.00,EG,,,,,,,,,,3.21,NW,HOBDY,3.21,NW,HOBDY,31.8501,-85.5717,31.8501,-85.5717,"A line of thunderstorms ahead of a cold front moved across Central Alabama from late on March 11 into the early morning hours of March 12. After initially only producing a few areas of wind damage, the line quickly intensified east of I-65. Around 1 AM CDT, several trees were downed across Coosa and Tallapoosa counties. Scattered tree damage was also reported in Montgomery before activity quikcly ramped up after 2:30 AM CDT. Multiple areas of rotation within the line produced three EF-0 tornadoes across Pike, Barbour, and Russell counties, along with numerous instances of tree and structural damage from straight-line wind in these three counties along with Bullock and Lee. The line exited into Georgia by 4:30 AM CDT.",Several uprooted trees and snapped limbs on both sides of CR 27 just north of CR 31.,CSV
202603,15,2251,202603,15,2252,210159,1318359,ALABAMA,1,2026,March,Thunderstorm Wind,C,133,WINSTON,BMX,15-MAR-26 22:51:00,CST-6,15-MAR-26 22:52:00,0,0,0,0,0.00K,0.00K,Emergency Manager,50.00,EG,,,,,,,,,,.57,SSW,DOUBLE SPGS,.57,SSW,DOUBLE SPGS,34.1423,-87.4033,34.1423,-87.4033,"A line of strong to severe thunderstorms ahead of a potent cold front pushed through Central Alabama from late March 15 into the early morning of March 16. Scattered instances of wind damage were observed across many counties in Central Alabama as the line moved through. After a significant temperature reduction, a band of snow developed during the late morning hours, with counties such as Winston, Jefferson, Shelby, Blount, Etowah, and St. Clair picking up 0.5 to 1.5 inches of accumulation. With warm ground and road temperatures, the snow quickly method and travel impacts were little to none.",A downed tree resulted in a motor vehicle accident near Highway 195 and CR 25.,CSV
202603,15,2354,202603,15,2355,210159,1318362,ALABAMA,1,2026,March,Thunderstorm Wind,C,127,WALKER,BMX,15-MAR-26 23:54:00,CST-6,15-MAR-26 23:55:00,0,0,0,0,0.00K,0.00K,911 Call Center,50.00,EG,,,,,,,,,,3.26,W,SIPSEY,3.26,W,SIPSEY,33.8189,-87.1368,33.8189,-87.1368,"A line of strong to severe thunderstorms ahead of a potent cold front pushed through Central Alabama from late March 15 into the early morning of March 16. Scattered instances of wind damage were observed across many counties in Central Alabama as the line moved through. After a significant temperature reduction, a band of snow developed during the late morning hours, with counties such as Winston, Jefferson, Shelby, Blount, Etowah, and St. Clair picking up 0.5 to 1.5 inches of accumulation. With warm ground and road temperatures, the snow quickly method and travel impacts were little to none.",Trees were downed on Sipsey Rd.,CSV
202603,15,2355,202603,15,2356,210159,1318365,ALABAMA,1,2026,March,Thunderstorm Wind,C,119,SUMTER,BMX,15-MAR-26 23:55:00,CST-6,15-MAR-26 23:56:00,0,0,0,0,0.00K,0.00K,Emergency Manager,50.00,EG,,,,,,,,,,1.77,NNE,BOYD,1.77,NNE,BOYD,32.6417,-88.3037,32.6417,-88.3037,"A line of strong to severe thunderstorms ahead of a potent cold front pushed through Central Alabama from late March 15 into the early morning of March 16. Scattered instances of wind damage were observed across many counties in Central Alabama as the line moved through. After a significant temperature reduction, a band of snow developed during the late morning hours, with counties such as Winston, Jefferson, Shelby, Blount, Etowah, and St. Clair picking up 0.5 to 1.5 inches of accumulation. With warm ground and road temperatures, the snow quickly method and travel impacts were little to none.","Trees were downed near the intersection of Highway 28 and Highway 17, northwest of Livingston.",CSV
202603,15,2339,202603,15,2342,210159,1318366,ALABAMA,1,2026,March,Thunderstorm Wind,C,127,WALKER,BMX,15-MAR-26 23:39:00,CST-6,15-MAR-26 23:42:00,0,0,0,0,0.00K,0.00K,Emergency Manager,50.00,EG,,,,,,,,,,.17,ENE,JASPER,.17,ENE,JASPER,33.8313,-87.2776,33.8313,-87.2776,"A line of strong to severe thunderstorms ahead of a potent cold front pushed through Central Alabama from late March 15 into the early morning of March 16. Scattered instances of wind damage were observed across many counties in Central Alabama as the line moved through. After a significant temperature reduction, a band of snow developed during the late morning hours, with counties such as Winston, Jefferson, Shelby, Blount, Etowah, and St. Clair picking up 0.5 to 1.5 inches of accumulation. With warm ground and road temperatures, the snow quickly method and travel impacts were little to none.",Trees were downed around the Jasper area.,CSV
202603,12,229,202603,12,229,212132,1326262,ALABAMA,1,2026,March,Thunderstorm Wind,C,61,GENEVA,TAE,12-MAR-26 02:29:00,CST-6,12-MAR-26 02:29:00,0,0,0,0,0.00K,0.00K,911 Call Center,50.00,EG,,,,,,,,,,1.9,WSW,EARLYTOWN,1.9,WSW,EARLYTOWN,31.11,-86.15,31.11,-86.15,A squall line swept through the tri-state area ahead of a cold front on March 12th. Numerous reports of severe weather were received.,Trees were blown down on Maloy Road.,CSV
202603,12,229,202603,12,229,212132,1326263,ALABAMA,1,2026,March,Thunderstorm Wind,C,61,GENEVA,TAE,12-MAR-26 02:29:00,CST-6,12-MAR-26 02:29:00,0,0,0,0,0.00K,0.00K,911 Call Center,50.00,EG,,,,,,,,,,1.37,WNW,EARLYTOWN,1.37,WNW,EARLYTOWN,31.13,-86.14,31.13,-86.14,A squall line swept through the tri-state area ahead of a cold front on March 12th. Numerous reports of severe weather were received.,Trees were blown down on Cassie Road.,CSV
202603,12,230,202603,12,230,212132,1326264,ALABAMA,1,2026,March,Thunderstorm Wind,C,31,COFFEE,TAE,12-MAR-26 02:30:00,CST-6,12-MAR-26 02:30:00,0,0,0,0,0.00K,0.00K,911 Call Center,50.00,EG,,,,,,,,,,.91,SW,ENTERPRISE,.91,SW,ENTERPRISE,31.31,-85.85,31.31,-85.85,A squall line swept through the tri-state area ahead of a cold front on March 12th. Numerous reports of severe weather were received.,Trees were blown down across Coffee county.,CSV
202603,12,234,202603,12,234,212132,1326265,ALABAMA,1,2026,March,Thunderstorm Wind,C,31,COFFEE,TAE,12-MAR-26 02:34:00,CST-6,12-MAR-26 02:34:00,0,0,0,0,10.00K,0.00K,911 Call Center,60.00,EG,,,,,,,,,,.91,NW,MARVIN CHAPEL,.91,NW,MARVIN CHAPEL,31.21,-85.99,31.21,-85.99,A squall line swept through the tri-state area ahead of a cold front on March 12th. Numerous reports of severe weather were received.,A home was damaged on County Road 625.,CSV
202603,12,235,202603,12,235,212132,1326454,ALABAMA,1,2026,March,Thunderstorm Wind,C,45,DALE,TAE,12-MAR-26 02:35:00,CST-6,12-MAR-26 02:35:00,0,0,0,0,2.00K,0.00K,Law Enforcement,50.00,EG,,,,,,,,,,.59,W,OZARK,.59,W,OZARK,31.44,-85.65,31.44,-85.65,A squall line swept through the tri-state area ahead of a cold front on March 12th. Numerous reports of severe weather were received.,Downed trees and lines were reported.,CSV
202603,12,237,202603,12,237,212132,1326455,ALABAMA,1,2026,March,Thunderstorm Wind,C,61,GENEVA,TAE,12-MAR-26 02:37:00,CST-6,12-MAR-26 02:37:00,0,0,0,0,0.00K,0.00K,Law Enforcement,50.00,EG,,,,,,,,,,.91,NW,SPEARS,.91,NW,SPEARS,31.15,-85.99,31.15,-85.99,A squall line swept through the tri-state area ahead of a cold front on March 12th. Numerous reports of severe weather were received.,Trees were down on County Road 79.,CSV
202603,12,242,202603,12,242,212132,1326456,ALABAMA,1,2026,March,Thunderstorm Wind,C,45,DALE,TAE,12-MAR-26 02:42:00,CST-6,12-MAR-26 02:42:00,0,0,0,0,0.00K,0.00K,Law Enforcement,50.00,EG,,,,,,,,,,0,N,DALE COUNTY LAKE,0,N,DALE COUNTY LAKE,31.48,-85.63,31.48,-85.63,A squall line swept through the tri-state area ahead of a cold front on March 12th. Numerous reports of severe weather were received.,A tree was down near Dale County Lake.,CSV
202603,12,242,202603,12,242,212132,1326457,ALABAMA,1,2026,March,Thunderstorm Wind,C,61,GENEVA,TAE,12-MAR-26 02:42:00,CST-6,12-MAR-26 02:42:00,0,0,0,0,5.00K,0.00K,Broadcast Media,50.00,EG,,,,,,,,,,.69,N,COFFEE SPRINGS,.69,N,COFFEE SPRINGS,31.17,-85.91,31.17,-85.91,A squall line swept through the tri-state area ahead of a cold front on March 12th. Numerous reports of severe weather were received.,Roof damage was reported in the Coffee springs area.,CSV
202603,12,245,202603,12,245,212132,1326458,ALABAMA,1,2026,March,Thunderstorm Wind,C,45,DALE,TAE,12-MAR-26 02:45:00,CST-6,12-MAR-26 02:45:00,0,0,0,0,3.00K,0.00K,Law Enforcement,55.00,EG,,,,,,,,,,.91,SE,OZARK,.91,SE,OZARK,31.43,-85.63,31.43,-85.63,A squall line swept through the tri-state area ahead of a cold front on March 12th. Numerous reports of severe weather were received.,A utility pole was snapped on Charles Street.,CSV
202603,12,245,202603,12,245,212132,1326460,ALABAMA,1,2026,March,Thunderstorm Wind,C,45,DALE,TAE,12-MAR-26 02:45:00,CST-6,12-MAR-26 02:45:00,0,0,0,0,0.00K,0.00K,911 Call Center,55.00,EG,,,,,,,,,,.91,NW,SKIPPERVILLE,.91,NW,SKIPPERVILLE,31.56,-85.55,31.56,-85.55,A squall line swept through the tri-state area ahead of a cold front on March 12th. Numerous reports of severe weather were received.,Numerous trees were down around Skipperville.,CSV
202603,12,234,202603,12,242,210158,1317208,ALABAMA,1,2026,March,Thunderstorm Wind,C,5,BARBOUR,BMX,12-MAR-26 02:34:00,CST-6,12-MAR-26 02:42:00,0,0,0,0,0.00K,0.00K,NWS Storm Survey,74.00,EG,,,,,,,,,,1.39,NW,CLAYTON MUNI ARPT,2.44,NE,ALSTON,31.8918,-85.4992,31.9034,-85.4188,"A line of thunderstorms ahead of a cold front moved across Central Alabama from late on March 11 into the early morning hours of March 12. After initially only producing a few areas of wind damage, the line quickly intensified east of I-65. Around 1 AM CDT, several trees were downed across Coosa and Tallapoosa counties. Scattered tree damage was also reported in Montgomery before activity quikcly ramped up after 2:30 AM CDT. Multiple areas of rotation within the line produced three EF-0 tornadoes across Pike, Barbour, and Russell counties, along with numerous instances of tree and structural damage from straight-line wind in these three counties along with Bullock and Lee. The line exited into Georgia by 4:30 AM CDT.","A wide zone of tree and some structural damage was surveyed on the north side of Clayton and determined to be consistent with straight-line winds associated with a rear inflow notch and associated bow echo noted on KEOX radar. There were several areas of concentrated tree fall, particularly at a home on Highway 239 where at least 20 large pine trees were uprooted surrounding the home. A majority of the trees fell towards the east-northeast with the motion of the storm. The home itself sustained no obvious damage, but one tree did fall on a car in the driveway. Further west down 239, a large portion of the metal roof on the Barbour County Farm Center was blown into the parking lot, and several trees were also uprooted at the Barbour County Jail and Ventress Correctional Facility property along 239. A second area of concentrated tree damage was found further northeast on County Road 49, Kennedy Road, and Jacksonville Church Road. This damage appears to be associated with rear flank downdraft winds associated with a weak couplet noted on KEOX and KMXX radars. The vast majority of tree fall was oriented to the northeast or east-northeast, and the overall damage zone width on these consecutive roads was roughly one-half to one mile wide.",CSV
202603,12,246,202603,12,248,210158,1317216,ALABAMA,1,2026,March,Tornado,C,113,RUSSELL,BMX,12-MAR-26 02:46:00,CST-6,12-MAR-26 02:48:00,0,0,0,0,0.00K,0.00K,NWS Storm Survey,,,,,EF0,1.53,100,,,,,.61,NE,HATCHECHUBEE,.48,WNW,COLBERT,32.2769,-85.2635,32.2818,-85.238,"A line of thunderstorms ahead of a cold front moved across Central Alabama from late on March 11 into the early morning hours of March 12. After initially only producing a few areas of wind damage, the line quickly intensified east of I-65. Around 1 AM CDT, several trees were downed across Coosa and Tallapoosa counties. Scattered tree damage was also reported in Montgomery before activity quikcly ramped up after 2:30 AM CDT. Multiple areas of rotation within the line produced three EF-0 tornadoes across Pike, Barbour, and Russell counties, along with numerous instances of tree and structural damage from straight-line wind in these three counties along with Bullock and Lee. The line exited into Georgia by 4:30 AM CDT.","Damage was surveyed on Highway 26 on the eastern side of Hatchechubbee and determined to be consistent with a brief, EF0 tornado. The tornado tracked nearly parallel to Highway 26 where several softwood and hardwood trees were uprooted along various tree lines. The tornado ended near Colbert Road where some large branches were snapped.",CSV
202603,12,236,202603,12,237,210158,1317211,ALABAMA,1,2026,March,Tornado,C,5,BARBOUR,BMX,12-MAR-26 02:36:00,CST-6,12-MAR-26 02:37:00,0,0,0,0,0.00K,0.00K,NWS Storm Survey,,,,,EF0,0.53,150,,,,,2.19,S,CLAYTON MUNI ARPT,2.36,S,CLAYTON MUNI ARPT,31.8484,-85.4824,31.8462,-85.4737,"A line of thunderstorms ahead of a cold front moved across Central Alabama from late on March 11 into the early morning hours of March 12. After initially only producing a few areas of wind damage, the line quickly intensified east of I-65. Around 1 AM CDT, several trees were downed across Coosa and Tallapoosa counties. Scattered tree damage was also reported in Montgomery before activity quikcly ramped up after 2:30 AM CDT. Multiple areas of rotation within the line produced three EF-0 tornadoes across Pike, Barbour, and Russell counties, along with numerous instances of tree and structural damage from straight-line wind in these three counties along with Bullock and Lee. The line exited into Georgia by 4:30 AM CDT.","An area of damage was surveyed along John C Martin Rd to the south of Clayton and the damage was determined to be the result of a brief, EF0 tornado. The tornado touched down just east of a couple chicken houses where it damaged the roof of a metal outbuilding and ejected pieces of tin into a nearby field. The tornado continued east a short distance through the field then it crossed John C Martin Rd where multiple softwood trees were snapped and uprooted at the intersection of Hovey Rd and John C Martin Rd. A house across the street lost a few shingles and most of the windows were blown out on the front of the home. Several trees in the yard were snapped or uprooted. The tornado quickly weakened as it continued east-southeast into an open field where several large branches were snapped along a tree line then the tornado dissipated shortly after.",CSV
202603,15,2345,202603,15,2347,210159,1318368,ALABAMA,1,2026,March,Thunderstorm Wind,C,127,WALKER,BMX,15-MAR-26 23:45:00,CST-6,15-MAR-26 23:47:00,0,0,0,0,0.00K,0.00K,Emergency Manager,50.00,EG,,,,,,,,,,.5,NE,BRADLEYTOWN,.5,NE,BRADLEYTOWN,33.7357,-87.2745,33.7357,-87.2745,"A line of strong to severe thunderstorms ahead of a potent cold front pushed through Central Alabama from late March 15 into the early morning of March 16. Scattered instances of wind damage were observed across many counties in Central Alabama as the line moved through. After a significant temperature reduction, a band of snow developed during the late morning hours, with counties such as Winston, Jefferson, Shelby, Blount, Etowah, and St. Clair picking up 0.5 to 1.5 inches of accumulation. With warm ground and road temperatures, the snow quickly method and travel impacts were little to none.",Trees were downed in the Parrish area.,CSV
202603,15,2350,202603,15,2352,210159,1318369,ALABAMA,1,2026,March,Thunderstorm Wind,C,127,WALKER,BMX,15-MAR-26 23:50:00,CST-6,15-MAR-26 23:52:00,0,0,0,0,0.00K,0.00K,Emergency Manager,50.00,EG,,,,,,,,,,.69,NNW,CORDOVA,.69,NNW,CORDOVA,33.7596,-87.1831,33.7596,-87.1831,"A line of strong to severe thunderstorms ahead of a potent cold front pushed through Central Alabama from late March 15 into the early morning of March 16. Scattered instances of wind damage were observed across many counties in Central Alabama as the line moved through. After a significant temperature reduction, a band of snow developed during the late morning hours, with counties such as Winston, Jefferson, Shelby, Blount, Etowah, and St. Clair picking up 0.5 to 1.5 inches of accumulation. With warm ground and road temperatures, the snow quickly method and travel impacts were little to none.",Trees were downed in the Cordova area.,CSV
202603,15,2355,202603,15,2357,210159,1318371,ALABAMA,1,2026,March,Thunderstorm Wind,C,125,TUSCALOOSA,BMX,15-MAR-26 23:55:00,CST-6,15-MAR-26 23:57:00,0,0,0,0,0.00K,0.00K,Emergency Manager,50.00,EG,,,,,,,,,,8.68,E,SAMANTHA,8.68,E,SAMANTHA,33.43,-87.47,33.43,-87.47,"A line of strong to severe thunderstorms ahead of a potent cold front pushed through Central Alabama from late March 15 into the early morning of March 16. Scattered instances of wind damage were observed across many counties in Central Alabama as the line moved through. After a significant temperature reduction, a band of snow developed during the late morning hours, with counties such as Winston, Jefferson, Shelby, Blount, Etowah, and St. Clair picking up 0.5 to 1.5 inches of accumulation. With warm ground and road temperatures, the snow quickly method and travel impacts were little to none.",Trees were downed on Ben Clements Rd.,CSV
202603,16,1,202603,16,3,210159,1318372,ALABAMA,1,2026,March,Thunderstorm Wind,C,125,TUSCALOOSA,BMX,16-MAR-26 00:01:00,CST-6,16-MAR-26 00:03:00,0,0,0,0,0.00K,0.00K,Emergency Manager,50.00,EG,,,,,,,,,,.9,NE,FOSTERS,.9,NE,FOSTERS,33.09,-87.69,33.09,-87.69,"A line of strong to severe thunderstorms ahead of a potent cold front pushed through Central Alabama from late March 15 into the early morning of March 16. Scattered instances of wind damage were observed across many counties in Central Alabama as the line moved through. After a significant temperature reduction, a band of snow developed during the late morning hours, with counties such as Winston, Jefferson, Shelby, Blount, Etowah, and St. Clair picking up 0.5 to 1.5 inches of accumulation. With warm ground and road temperatures, the snow quickly method and travel impacts were little to none.",Power lines were downed in Fosters.,CSV
202603,12,247,202603,12,247,212132,1326461,ALABAMA,1,2026,March,Thunderstorm Wind,C,61,GENEVA,TAE,12-MAR-26 02:47:00,CST-6,12-MAR-26 02:47:00,0,0,0,0,0.00K,0.00K,Public,50.00,EG,,,,,,,,,,1.9,ESE,COFFEE SPRINGS,1.9,ESE,COFFEE SPRINGS,31.15,-85.88,31.15,-85.88,A squall line swept through the tri-state area ahead of a cold front on March 12th. Numerous reports of severe weather were received.,Trees were down on Highway 2 going towards Chancellor.,CSV
202603,12,249,202603,12,249,212132,1326462,ALABAMA,1,2026,March,Thunderstorm Wind,C,61,GENEVA,TAE,12-MAR-26 02:49:00,CST-6,12-MAR-26 02:49:00,0,0,0,0,3.00K,0.00K,Broadcast Media,50.00,EG,,,,,,,,,,.91,NW,VAUGHANVILLE,.91,NW,VAUGHANVILLE,31.01,-85.92,31.01,-85.92,A squall line swept through the tri-state area ahead of a cold front on March 12th. Numerous reports of severe weather were received.,A large tree was blocking Highway 27 South near the intersection of County Road 76. Power lines were also down.,CSV
202603,12,249,202603,12,249,212132,1326463,ALABAMA,1,2026,March,Thunderstorm Wind,C,61,GENEVA,TAE,12-MAR-26 02:49:00,CST-6,12-MAR-26 02:49:00,0,0,0,0,0.00K,0.00K,911 Call Center,50.00,EG,,,,,,,,,,1.38,S,SCRANTON,1.38,S,SCRANTON,31.17,-85.84,31.17,-85.84,A squall line swept through the tri-state area ahead of a cold front on March 12th. Numerous reports of severe weather were received.,Trees were down on Campbell Hill Road.,CSV
202603,12,250,202603,12,250,212132,1326464,ALABAMA,1,2026,March,Thunderstorm Wind,C,45,DALE,TAE,12-MAR-26 02:50:00,CST-6,12-MAR-26 02:50:00,0,0,0,0,2.00K,0.00K,Law Enforcement,50.00,EG,,,,,,,,,,1.38,N,OZARK,1.38,N,OZARK,31.46,-85.64,31.46,-85.64,A squall line swept through the tri-state area ahead of a cold front on March 12th. Numerous reports of severe weather were received.,A tree was blown down with power lines blocking County Road 57.,CSV
202603,12,250,202603,12,250,212132,1326465,ALABAMA,1,2026,March,Thunderstorm Wind,C,61,GENEVA,TAE,12-MAR-26 02:50:00,CST-6,12-MAR-26 02:50:00,0,0,0,0,5.00K,0.00K,Broadcast Media,50.00,EG,,,,,,,,,,3.26,WNW,HIGHFALLS,3.26,WNW,HIGHFALLS,31.11,-85.84,31.11,-85.84,A squall line swept through the tri-state area ahead of a cold front on March 12th. Numerous reports of severe weather were received.,Roof damage occurred in the Providence community.,CSV
202603,12,251,202603,12,251,212132,1326466,ALABAMA,1,2026,March,Thunderstorm Wind,C,61,GENEVA,TAE,12-MAR-26 02:51:00,CST-6,12-MAR-26 02:51:00,0,0,0,0,3.00K,0.00K,911 Call Center,55.00,EG,,,,,,,,,,.91,NW,GENEVA,.91,NW,GENEVA,31.04,-85.88,31.04,-85.88,A squall line swept through the tri-state area ahead of a cold front on March 12th. Numerous reports of severe weather were received.,Numerous trees and power lines were blown down across the county.,CSV
202603,12,254,202603,12,254,212132,1326467,ALABAMA,1,2026,March,Thunderstorm Wind,C,45,DALE,TAE,12-MAR-26 02:54:00,CST-6,12-MAR-26 02:54:00,0,0,0,0,0.00K,0.00K,Law Enforcement,50.00,EG,,,,,,,,,,1.38,N,OZARK,1.38,N,OZARK,31.46,-85.64,31.46,-85.64,A squall line swept through the tri-state area ahead of a cold front on March 12th. Numerous reports of severe weather were received.,A tree was blown down on East College Street.,CSV
202603,12,256,202603,12,256,212132,1326468,ALABAMA,1,2026,March,Thunderstorm Wind,C,61,GENEVA,TAE,12-MAR-26 02:56:00,CST-6,12-MAR-26 02:56:00,0,0,0,0,0.00K,0.00K,911 Call Center,50.00,EG,,,,,,,,,,2.39,SSE,BELLWOOD,2.39,SSE,BELLWOOD,31.14,-85.77,31.14,-85.77,A squall line swept through the tri-state area ahead of a cold front on March 12th. Numerous reports of severe weather were received.,Trees were blown down on County Road 41.,CSV
202603,12,259,202603,12,259,212132,1326469,ALABAMA,1,2026,March,Thunderstorm Wind,C,45,DALE,TAE,12-MAR-26 02:59:00,CST-6,12-MAR-26 02:59:00,0,0,0,0,0.00K,0.00K,Law Enforcement,50.00,EG,,,,,,,,,,.69,S,WATERFORD,.69,S,WATERFORD,31.34,-85.61,31.34,-85.61,A squall line swept through the tri-state area ahead of a cold front on March 12th. Numerous reports of severe weather were received.,A tree and debris were on the roadway.,CSV
202603,12,259,202603,12,259,212132,1326470,ALABAMA,1,2026,March,Thunderstorm Wind,C,69,HOUSTON,TAE,12-MAR-26 02:59:00,CST-6,12-MAR-26 02:59:00,0,0,0,0,0.00K,0.00K,Law Enforcement,50.00,EG,,,,,,,,,,2.16,SSW,POWER DAM ROAD,2.16,SSW,POWER DAM ROAD,31.23,-85.65,31.23,-85.65,A squall line swept through the tri-state area ahead of a cold front on March 12th. Numerous reports of severe weather were received.,A tree was blocking Windmill Road.,CSV
202603,12,247,202603,12,248,210158,1317217,ALABAMA,1,2026,March,Thunderstorm Wind,C,81,LEE,BMX,12-MAR-26 02:47:00,CST-6,12-MAR-26 02:48:00,0,0,0,0,0.00K,0.00K,Emergency Manager,50.00,EG,,,,,,,,,,2.14,S,MOTTS,2.14,S,MOTTS,32.5395,-85.1366,32.5395,-85.1366,"A line of thunderstorms ahead of a cold front moved across Central Alabama from late on March 11 into the early morning hours of March 12. After initially only producing a few areas of wind damage, the line quickly intensified east of I-65. Around 1 AM CDT, several trees were downed across Coosa and Tallapoosa counties. Scattered tree damage was also reported in Montgomery before activity quikcly ramped up after 2:30 AM CDT. Multiple areas of rotation within the line produced three EF-0 tornadoes across Pike, Barbour, and Russell counties, along with numerous instances of tree and structural damage from straight-line wind in these three counties along with Bullock and Lee. The line exited into Georgia by 4:30 AM CDT.",An outbuilding/shed was partially blown into the roadway at Lee Road 246 and Lee Road 289.,CSV
202603,12,250,202603,12,252,210158,1317219,ALABAMA,1,2026,March,Thunderstorm Wind,C,81,LEE,BMX,12-MAR-26 02:50:00,CST-6,12-MAR-26 02:52:00,0,0,0,0,0.00K,0.00K,Broadcast Media,52.00,EG,,,,,,,,,,3.26,SW,SMITHS,3.26,SW,SMITHS,32.4869,-85.1098,32.4869,-85.1098,"A line of thunderstorms ahead of a cold front moved across Central Alabama from late on March 11 into the early morning hours of March 12. After initially only producing a few areas of wind damage, the line quickly intensified east of I-65. Around 1 AM CDT, several trees were downed across Coosa and Tallapoosa counties. Scattered tree damage was also reported in Montgomery before activity quikcly ramped up after 2:30 AM CDT. Multiple areas of rotation within the line produced three EF-0 tornadoes across Pike, Barbour, and Russell counties, along with numerous instances of tree and structural damage from straight-line wind in these three counties along with Bullock and Lee. The line exited into Georgia by 4:30 AM CDT.",Lee Road 412 was blocked by trees in/out of Hunters Ridge neighborhood with power outages associated.,CSV
202603,12,252,202603,12,256,210158,1317220,ALABAMA,1,2026,March,Thunderstorm Wind,C,81,LEE,BMX,12-MAR-26 02:52:00,CST-6,12-MAR-26 02:56:00,0,0,0,0,0.00K,0.00K,Emergency Manager,50.00,EG,,,,,,,,,,2.99,SSW,SMITHS,2.99,SSW,SMITHS,32.4801,-85.0896,32.4801,-85.0896,"A line of thunderstorms ahead of a cold front moved across Central Alabama from late on March 11 into the early morning hours of March 12. After initially only producing a few areas of wind damage, the line quickly intensified east of I-65. Around 1 AM CDT, several trees were downed across Coosa and Tallapoosa counties. Scattered tree damage was also reported in Montgomery before activity quikcly ramped up after 2:30 AM CDT. Multiple areas of rotation within the line produced three EF-0 tornadoes across Pike, Barbour, and Russell counties, along with numerous instances of tree and structural damage from straight-line wind in these three counties along with Bullock and Lee. The line exited into Georgia by 4:30 AM CDT.","Trees were downed on Lee Road 213, 309, and 240.",CSV
202603,16,16,202603,16,20,210159,1318405,ALABAMA,1,2026,March,Thunderstorm Wind,C,119,SUMTER,BMX,16-MAR-26 00:16:00,CST-6,16-MAR-26 00:20:00,0,0,0,0,0.00K,0.00K,Emergency Manager,50.00,EG,,,,,,,,,,7.15,SSW,SILOAM,7.15,SSW,SILOAM,32.3325,-88.3112,32.3325,-88.3112,"A line of strong to severe thunderstorms ahead of a potent cold front pushed through Central Alabama from late March 15 into the early morning of March 16. Scattered instances of wind damage were observed across many counties in Central Alabama as the line moved through. After a significant temperature reduction, a band of snow developed during the late morning hours, with counties such as Winston, Jefferson, Shelby, Blount, Etowah, and St. Clair picking up 0.5 to 1.5 inches of accumulation. With warm ground and road temperatures, the snow quickly method and travel impacts were little to none.",A car ran into a tree that had fallen across CR 10 near the Kinterbish community.,CSV
202603,16,17,202603,16,18,210159,1318407,ALABAMA,1,2026,March,Thunderstorm Wind,C,125,TUSCALOOSA,BMX,16-MAR-26 00:17:00,CST-6,16-MAR-26 00:18:00,1,0,0,0,0.00K,0.00K,Emergency Manager,50.00,EG,,,,,,,,,,.79,NE,HOWTON,.79,NE,HOWTON,33.2573,-87.3195,33.2573,-87.3195,"A line of strong to severe thunderstorms ahead of a potent cold front pushed through Central Alabama from late March 15 into the early morning of March 16. Scattered instances of wind damage were observed across many counties in Central Alabama as the line moved through. After a significant temperature reduction, a band of snow developed during the late morning hours, with counties such as Winston, Jefferson, Shelby, Blount, Etowah, and St. Clair picking up 0.5 to 1.5 inches of accumulation. With warm ground and road temperatures, the snow quickly method and travel impacts were little to none.","A tree fell onto a car in Brookwood, injuring the occupant.",CSV
202603,16,44,202603,16,45,210159,1318956,ALABAMA,1,2026,March,Thunderstorm Wind,C,73,JEFFERSON,BMX,16-MAR-26 00:44:00,CST-6,16-MAR-26 00:45:00,0,0,0,0,0.50K,0.00K,Emergency Manager,45.00,EG,,,,,,,,,,1.09,SSW,AYRES,1.09,SSW,AYRES,33.6662,-86.6891,33.6662,-86.6891,"A line of strong to severe thunderstorms ahead of a potent cold front pushed through Central Alabama from late March 15 into the early morning of March 16. Scattered instances of wind damage were observed across many counties in Central Alabama as the line moved through. After a significant temperature reduction, a band of snow developed during the late morning hours, with counties such as Winston, Jefferson, Shelby, Blount, Etowah, and St. Clair picking up 0.5 to 1.5 inches of accumulation. With warm ground and road temperatures, the snow quickly method and travel impacts were little to none.",A power line was downed on Haversham Drive.,CSV
202603,16,45,202603,16,48,210159,1318958,ALABAMA,1,2026,March,Thunderstorm Wind,C,73,JEFFERSON,BMX,16-MAR-26 00:45:00,CST-6,16-MAR-26 00:48:00,0,0,0,0,1.00K,0.00K,Emergency Manager,45.00,EG,,,,,,,,,,1.16,E,MAGELLA,1.16,E,MAGELLA,33.4716,-86.8099,33.4716,-86.8099,"A line of strong to severe thunderstorms ahead of a potent cold front pushed through Central Alabama from late March 15 into the early morning of March 16. Scattered instances of wind damage were observed across many counties in Central Alabama as the line moved through. After a significant temperature reduction, a band of snow developed during the late morning hours, with counties such as Winston, Jefferson, Shelby, Blount, Etowah, and St. Clair picking up 0.5 to 1.5 inches of accumulation. With warm ground and road temperatures, the snow quickly method and travel impacts were little to none.",Trees were downed on College Ave in Homewood and Hurricane Rd in Hoover.,CSV
202603,12,300,202603,12,300,212132,1326471,ALABAMA,1,2026,March,Thunderstorm Wind,C,45,DALE,TAE,12-MAR-26 03:00:00,CST-6,12-MAR-26 03:00:00,0,0,0,0,0.00K,0.00K,911 Call Center,55.00,EG,,,,,,,,,,.59,W,ECHO,.59,W,ECHO,31.47,-85.46,31.47,-85.46,A squall line swept through the tri-state area ahead of a cold front on March 12th. Numerous reports of severe weather were received.,Numerous trees were down around Echo.,CSV
202603,12,303,202603,12,303,212132,1326472,ALABAMA,1,2026,March,Thunderstorm Wind,C,61,GENEVA,TAE,12-MAR-26 03:03:00,CST-6,12-MAR-26 03:03:00,0,0,0,0,0.00K,0.00K,911 Call Center,50.00,EG,,,,,,,,,,1.91,ENE,KELLYS CROSSROADS,1.91,ENE,KELLYS CROSSROADS,31.07,-85.72,31.07,-85.72,A squall line swept through the tri-state area ahead of a cold front on March 12th. Numerous reports of severe weather were received.,Trees were down on County Road 16.,CSV
202603,12,304,202603,12,304,212132,1326474,ALABAMA,1,2026,March,Thunderstorm Wind,C,45,DALE,TAE,12-MAR-26 03:04:00,CST-6,12-MAR-26 03:04:00,0,0,0,0,2.00K,0.00K,Law Enforcement,50.00,EG,,,,,,,,,,1.18,W,SYLVAN GROVE,1.18,W,SYLVAN GROVE,31.35,-85.48,31.35,-85.48,A squall line swept through the tri-state area ahead of a cold front on March 12th. Numerous reports of severe weather were received.,A tree and power lines were down across County Road 67.,CSV
202603,12,306,202603,12,306,212132,1326475,ALABAMA,1,2026,March,Thunderstorm Wind,C,69,HOUSTON,TAE,12-MAR-26 03:06:00,CST-6,12-MAR-26 03:06:00,0,0,0,0,2.00K,0.00K,Broadcast Media,50.00,EG,,,,,,,,,,.91,NW,WICKSBURG,.91,NW,WICKSBURG,31.21,-85.63,31.21,-85.63,A squall line swept through the tri-state area ahead of a cold front on March 12th. Numerous reports of severe weather were received.,Siding was blown off in the Wicksburg area.,CSV
202603,12,307,202603,12,307,212132,1326476,ALABAMA,1,2026,March,Thunderstorm Wind,C,69,HOUSTON,TAE,12-MAR-26 03:07:00,CST-6,12-MAR-26 03:07:00,0,0,0,0,2.00K,0.00K,Law Enforcement,50.00,EG,,,,,,,,,,1.9,WNW,KELLY SPRINGS,1.9,WNW,KELLY SPRINGS,31.28,-85.48,31.28,-85.48,A squall line swept through the tri-state area ahead of a cold front on March 12th. Numerous reports of severe weather were received.,Multiple trees were blocking lanes across Brannon Stand Road and State Highway 52.,CSV
202603,12,308,202603,12,308,212132,1326481,ALABAMA,1,2026,March,Thunderstorm Wind,C,45,DALE,TAE,12-MAR-26 03:08:00,CST-6,12-MAR-26 03:08:00,0,0,0,0,0.00K,0.00K,911 Call Center,50.00,EG,,,,,,,,,,.69,N,MIDLAND CITY,.69,N,MIDLAND CITY,31.32,-85.49,31.32,-85.49,A squall line swept through the tri-state area ahead of a cold front on March 12th. Numerous reports of severe weather were received.,Several trees were blown down across Midland City.,CSV
202603,12,312,202603,12,312,212132,1326835,ALABAMA,1,2026,March,Thunderstorm Wind,C,61,GENEVA,TAE,12-MAR-26 03:12:00,CST-6,12-MAR-26 03:12:00,0,0,0,0,0.00K,0.00K,911 Call Center,50.00,EG,,,,,,,,,,3.61,E,BAILEY CROSSROADS,3.61,E,BAILEY CROSSROADS,31.18,-85.53,31.18,-85.53,A squall line swept through the tri-state area ahead of a cold front on March 12th. Numerous reports of severe weather were received.,Trees were down on N County Road 49.,CSV
202603,12,313,202603,12,313,212132,1326836,ALABAMA,1,2026,March,Thunderstorm Wind,C,67,HENRY,TAE,12-MAR-26 03:13:00,CST-6,12-MAR-26 03:13:00,0,0,0,0,10.00K,0.00K,Broadcast Media,50.00,EG,,,,,,,,,,.69,N,ABBEVILLE,.69,N,ABBEVILLE,31.57,-85.25,31.57,-85.25,A squall line swept through the tri-state area ahead of a cold front on March 12th. Numerous reports of severe weather were received.,A tree planted in 1960 fell on a home in the Abbeville area.,CSV
202603,12,314,202603,12,314,212132,1326837,ALABAMA,1,2026,March,Thunderstorm Wind,C,61,GENEVA,TAE,12-MAR-26 03:14:00,CST-6,12-MAR-26 03:14:00,0,0,0,0,0.00K,0.00K,911 Call Center,50.00,EG,,,,,,,,,,3.26,WNW,MALVERN,3.26,WNW,MALVERN,31.15,-85.56,31.15,-85.56,A squall line swept through the tri-state area ahead of a cold front on March 12th. Numerous reports of severe weather were received.,Trees were down on CR73.,CSV
202603,12,314,202603,12,314,212132,1326838,ALABAMA,1,2026,March,Thunderstorm Wind,C,67,HENRY,TAE,12-MAR-26 03:14:00,CST-6,12-MAR-26 03:14:00,0,0,0,0,0.00K,0.00K,Public,50.00,EG,,,,,,,,,,.59,W,SCREAMER,.59,W,SCREAMER,31.66,-85.21,31.66,-85.21,A squall line swept through the tri-state area ahead of a cold front on March 12th. Numerous reports of severe weather were received.,Large trees were down in the Screamer area.,CSV
202603,1,0,202603,31,2359,210156,1316138,ALABAMA,1,2026,March,Drought,Z,42,LOWNDES,BMX,01-MAR-26 00:00:00,CST-6,31-MAR-26 23:59:00,0,0,0,0,0.00K,0.00K,Drought Monitor,,,,,,,,,,,,,,,,,,,,,,Drought conditions continued during the month of March as below-normal rainfall was observed through the first three months of the year. Severe (D2) to Extreme (D3) drought conditions persisted across southeastern Central Alabama.,"Lowndes County began March with the southern half in Severe (D2) drought. D2 conditions were removed for a week but added back during the second week. D2 was expanded to include more of the county toward the end of the month, with Extreme (D3) conditions introduced across the southern quarter.",CSV
202603,1,0,202603,31,2359,210156,1316139,ALABAMA,1,2026,March,Drought,Z,44,MONTGOMERY,BMX,01-MAR-26 00:00:00,CST-6,31-MAR-26 23:59:00,0,0,0,0,0.00K,0.00K,Drought Monitor,,,,,,,,,,,,,,,,,,,,,,Drought conditions continued during the month of March as below-normal rainfall was observed through the first three months of the year. Severe (D2) to Extreme (D3) drought conditions persisted across southeastern Central Alabama.,"Montgomery County began March with the southern two-thirds in Severe (D2) drought. D2 conditions were removed for a week but added back during the second week. D2 was expanded to include nearly all the county toward the end of the month, with Extreme (D3) conditions introduced across the far southwestern portion.",CSV
202603,1,0,202603,31,2359,210156,1316140,ALABAMA,1,2026,March,Drought,Z,46,BULLOCK,BMX,01-MAR-26 00:00:00,CST-6,31-MAR-26 23:59:00,0,0,0,0,0.00K,0.00K,Drought Monitor,,,,,,,,,,,,,,,,,,,,,,Drought conditions continued during the month of March as below-normal rainfall was observed through the first three months of the year. Severe (D2) to Extreme (D3) drought conditions persisted across southeastern Central Alabama.,"Bullock County began March with Severe (D2) conditions across the county, with Extreme (D3) conditions across the northern third. Most of the county was removed from D2, with the exception of the northern third, during the first week of the month. D2 conditions returned county-wide during the second week. The northern third returned to D3 by the end of the month.",CSV
202603,12,258,202603,12,303,210158,1317222,ALABAMA,1,2026,March,Thunderstorm Wind,C,113,RUSSELL,BMX,12-MAR-26 02:58:00,CST-6,12-MAR-26 03:03:00,0,0,0,0,0.00K,0.00K,Emergency Manager,52.00,EG,,,,,,,,,,.51,WNW,PHENIX CITY,.51,WNW,PHENIX CITY,32.4728,-85.0081,32.4728,-85.0081,"A line of thunderstorms ahead of a cold front moved across Central Alabama from late on March 11 into the early morning hours of March 12. After initially only producing a few areas of wind damage, the line quickly intensified east of I-65. Around 1 AM CDT, several trees were downed across Coosa and Tallapoosa counties. Scattered tree damage was also reported in Montgomery before activity quikcly ramped up after 2:30 AM CDT. Multiple areas of rotation within the line produced three EF-0 tornadoes across Pike, Barbour, and Russell counties, along with numerous instances of tree and structural damage from straight-line wind in these three counties along with Bullock and Lee. The line exited into Georgia by 4:30 AM CDT.","Reports of damage around Phenix City, including billboards blown out, a storage building damaged at 11th Ave and 14th St, and trees downed sporadically at numerous locations.",CSV
202603,12,305,202603,12,306,210158,1317224,ALABAMA,1,2026,March,Thunderstorm Wind,C,5,BARBOUR,BMX,12-MAR-26 03:05:00,CST-6,12-MAR-26 03:06:00,0,0,0,0,0.00K,0.00K,Emergency Manager,50.00,EG,,,,,,,,,,1.19,SW,EUFAULA,1.19,SW,EUFAULA,31.8659,-85.1615,31.8659,-85.1615,"A line of thunderstorms ahead of a cold front moved across Central Alabama from late on March 11 into the early morning hours of March 12. After initially only producing a few areas of wind damage, the line quickly intensified east of I-65. Around 1 AM CDT, several trees were downed across Coosa and Tallapoosa counties. Scattered tree damage was also reported in Montgomery before activity quikcly ramped up after 2:30 AM CDT. Multiple areas of rotation within the line produced three EF-0 tornadoes across Pike, Barbour, and Russell counties, along with numerous instances of tree and structural damage from straight-line wind in these three counties along with Bullock and Lee. The line exited into Georgia by 4:30 AM CDT.","Power lines were downed on Highway 431 on Barbour Creek bridge, blocking all four lanes.",CSV
202603,16,42,202603,16,44,210159,1318960,ALABAMA,1,2026,March,Thunderstorm Wind,C,55,ETOWAH,BMX,16-MAR-26 00:42:00,CST-6,16-MAR-26 00:44:00,0,0,0,0,0.00K,0.00K,Emergency Manager,50.00,EG,,,,,,,,,,1.77,SSW,BOAZ,1.77,SSW,BOAZ,34.1763,-86.182,34.1763,-86.182,"A line of strong to severe thunderstorms ahead of a potent cold front pushed through Central Alabama from late March 15 into the early morning of March 16. Scattered instances of wind damage were observed across many counties in Central Alabama as the line moved through. After a significant temperature reduction, a band of snow developed during the late morning hours, with counties such as Winston, Jefferson, Shelby, Blount, Etowah, and St. Clair picking up 0.5 to 1.5 inches of accumulation. With warm ground and road temperatures, the snow quickly method and travel impacts were little to none.","Trees were downed on the south side of Boaz near Sardis City, at Highway 179 at Little Cove Rd, and near Murphree Rd.",CSV
202603,16,105,202603,16,106,210159,1318982,ALABAMA,1,2026,March,Thunderstorm Wind,C,105,PERRY,BMX,16-MAR-26 01:05:00,CST-6,16-MAR-26 01:06:00,0,0,0,0,0.00K,0.00K,Emergency Manager,50.00,EG,,,,,,,,,,2.06,SW,ELLARDS,2.06,SW,ELLARDS,32.8033,-87.2794,32.8033,-87.2794,"A line of strong to severe thunderstorms ahead of a potent cold front pushed through Central Alabama from late March 15 into the early morning of March 16. Scattered instances of wind damage were observed across many counties in Central Alabama as the line moved through. After a significant temperature reduction, a band of snow developed during the late morning hours, with counties such as Winston, Jefferson, Shelby, Blount, Etowah, and St. Clair picking up 0.5 to 1.5 inches of accumulation. With warm ground and road temperatures, the snow quickly method and travel impacts were little to none.",A couple trees were downed on County Road 162.,CSV
202603,16,111,202603,16,112,210159,1318984,ALABAMA,1,2026,March,Thunderstorm Wind,C,55,ETOWAH,BMX,16-MAR-26 01:11:00,CST-6,16-MAR-26 01:12:00,0,0,0,0,0.00K,0.00K,Emergency Manager,50.00,EG,,,,,,,,,,.08,E,REECE CITY,.08,E,REECE CITY,34.07,-86.0287,34.07,-86.0287,"A line of strong to severe thunderstorms ahead of a potent cold front pushed through Central Alabama from late March 15 into the early morning of March 16. Scattered instances of wind damage were observed across many counties in Central Alabama as the line moved through. After a significant temperature reduction, a band of snow developed during the late morning hours, with counties such as Winston, Jefferson, Shelby, Blount, Etowah, and St. Clair picking up 0.5 to 1.5 inches of accumulation. With warm ground and road temperatures, the snow quickly method and travel impacts were little to none.","A tree was downed near I-59, resulting in a truck getting stuck.",CSV
202603,16,110,202603,16,111,210159,1318999,ALABAMA,1,2026,March,Thunderstorm Wind,C,117,SHELBY,BMX,16-MAR-26 01:10:00,CST-6,16-MAR-26 01:11:00,0,0,0,0,0.50K,0.00K,Emergency Manager,45.00,EG,,,,,,,,,,1.33,S,ALABASTER,1.33,S,ALABASTER,33.2108,-86.8202,33.2108,-86.8202,"A line of strong to severe thunderstorms ahead of a potent cold front pushed through Central Alabama from late March 15 into the early morning of March 16. Scattered instances of wind damage were observed across many counties in Central Alabama as the line moved through. After a significant temperature reduction, a band of snow developed during the late morning hours, with counties such as Winston, Jefferson, Shelby, Blount, Etowah, and St. Clair picking up 0.5 to 1.5 inches of accumulation. With warm ground and road temperatures, the snow quickly method and travel impacts were little to none.",A tree was downed on Fulton Springs Rd.,CSV
202603,12,315,202603,12,315,212132,1326839,ALABAMA,1,2026,March,Thunderstorm Wind,C,69,HOUSTON,TAE,12-MAR-26 03:15:00,CST-6,12-MAR-26 03:15:00,0,0,0,0,2.00K,0.00K,Law Enforcement,50.00,EG,,,,,,,,,,3.64,NE,KELLY SPRINGS,3.64,NE,KELLY SPRINGS,31.31,-85.41,31.31,-85.41,A squall line swept through the tri-state area ahead of a cold front on March 12th. Numerous reports of severe weather were received.,A power line and tree were blown down.,CSV
202603,12,317,202603,12,317,212132,1326848,ALABAMA,1,2026,March,Thunderstorm Wind,C,69,HOUSTON,TAE,12-MAR-26 03:17:00,CST-6,12-MAR-26 03:17:00,0,0,0,0,0.00K,0.00K,Law Enforcement,50.00,EG,,,,,,,,,,3.01,NNE,DOTHAN,3.01,NNE,DOTHAN,31.26,-85.37,31.26,-85.37,A squall line swept through the tri-state area ahead of a cold front on March 12th. Numerous reports of severe weather were received.,A tree was blocking part of the roadway near Walton Park.,CSV
202603,12,320,202603,12,320,212132,1326849,ALABAMA,1,2026,March,Thunderstorm Wind,C,69,HOUSTON,TAE,12-MAR-26 03:20:00,CST-6,12-MAR-26 03:20:00,0,0,0,0,2.00K,0.00K,Law Enforcement,50.00,EG,,,,,,,,,,.91,SW,DOTHAN,.91,SW,DOTHAN,31.21,-85.4,31.21,-85.4,A squall line swept through the tri-state area ahead of a cold front on March 12th. Numerous reports of severe weather were received.,Power lines were down near the intersection of Floyd and South Lena.,CSV
202603,12,322,202603,12,322,212132,1326850,ALABAMA,1,2026,March,Thunderstorm Wind,C,69,HOUSTON,TAE,12-MAR-26 03:22:00,CST-6,12-MAR-26 03:22:00,0,0,0,0,0.00K,0.00K,Trained Spotter,50.00,EG,,,,,,,,,,2.16,NNW,WEBB,2.16,NNW,WEBB,31.29,-85.29,31.29,-85.29,A squall line swept through the tri-state area ahead of a cold front on March 12th. Numerous reports of severe weather were received.,A tree was blown down.,CSV
202603,12,323,202603,12,323,212132,1326851,ALABAMA,1,2026,March,Thunderstorm Wind,C,69,HOUSTON,TAE,12-MAR-26 03:23:00,CST-6,12-MAR-26 03:23:00,0,0,0,0,2.00K,0.00K,Public,50.00,EG,,,,,,,,,,.59,W,SOUTHERN JUNCTION,.59,W,SOUTHERN JUNCTION,31.02,-85.47,31.02,-85.47,A squall line swept through the tri-state area ahead of a cold front on March 12th. Numerous reports of severe weather were received.,A tree and power line were blown down near Dean Road and Highway 109.,CSV
202603,12,324,202603,12,324,212132,1326852,ALABAMA,1,2026,March,Thunderstorm Wind,C,69,HOUSTON,TAE,12-MAR-26 03:24:00,CST-6,12-MAR-26 03:24:00,0,0,0,0,2.00K,0.00K,Law Enforcement,50.00,EG,,,,,,,,,,2.16,SSE,WILSON MILL,2.16,SSE,WILSON MILL,31.13,-85.33,31.13,-85.33,A squall line swept through the tri-state area ahead of a cold front on March 12th. Numerous reports of severe weather were received.,A tree and power line were down near Cottonwood Road.,CSV
202603,12,324,202603,12,324,212132,1326853,ALABAMA,1,2026,March,Thunderstorm Wind,C,69,HOUSTON,TAE,12-MAR-26 03:24:00,CST-6,12-MAR-26 03:24:00,0,0,0,0,0.00K,0.00K,Law Enforcement,50.00,EG,,,,,,,,,,1.5,SSE,DOTHAN,1.5,SSE,DOTHAN,31.2,-85.38,31.2,-85.38,A squall line swept through the tri-state area ahead of a cold front on March 12th. Numerous reports of severe weather were received.,A tree was blocking the right lane near Cottonwood intersection.,CSV
202603,12,325,202603,12,325,212132,1326854,ALABAMA,1,2026,March,Thunderstorm Wind,C,69,HOUSTON,TAE,12-MAR-26 03:25:00,CST-6,12-MAR-26 03:25:00,0,0,0,0,0.00K,0.00K,Law Enforcement,50.00,EG,,,,,,,,,,.69,N,MEMPHIS,.69,N,MEMPHIS,31.14,-85.37,31.14,-85.37,A squall line swept through the tri-state area ahead of a cold front on March 12th. Numerous reports of severe weather were received.,Multiple trees were blown down blocking Memphis Church Road.,CSV
202603,12,325,202603,12,325,212132,1326855,ALABAMA,1,2026,March,Thunderstorm Wind,C,69,HOUSTON,TAE,12-MAR-26 03:25:00,CST-6,12-MAR-26 03:25:00,0,0,0,0,0.00K,0.00K,Law Enforcement,50.00,EG,,,,,,,,,,1.82,NW,PEARCE,1.82,NW,PEARCE,31.27,-85.24,31.27,-85.24,A squall line swept through the tri-state area ahead of a cold front on March 12th. Numerous reports of severe weather were received.,Fallen pine trees blocked Wallace Blue Road.,CSV
202603,12,327,202603,12,327,212132,1326856,ALABAMA,1,2026,March,Thunderstorm Wind,C,69,HOUSTON,TAE,12-MAR-26 03:27:00,CST-6,12-MAR-26 03:27:00,0,0,0,0,2.00K,0.00K,Public,50.00,EG,,,,,,,,,,.59,E,WEBB,.59,E,WEBB,31.26,-85.27,31.26,-85.27,A squall line swept through the tri-state area ahead of a cold front on March 12th. Numerous reports of severe weather were received.,A fence was damaged in Webb.,CSV
202603,1,0,202603,31,2359,210156,1316141,ALABAMA,1,2026,March,Drought,Z,45,MACON,BMX,01-MAR-26 00:00:00,CST-6,31-MAR-26 23:59:00,0,0,0,0,0.00K,0.00K,Drought Monitor,,,,,,,,,,,,,,,,,,,,,,Drought conditions continued during the month of March as below-normal rainfall was observed through the first three months of the year. Severe (D2) to Extreme (D3) drought conditions persisted across southeastern Central Alabama.,Macon County began March with Extreme (D3) conditions across the county. The county was downgraded to Severe (D2) during the first week of the month. D3 conditions returned county-wide by the end of the month.,CSV
202603,1,0,202603,31,2359,210156,1316142,ALABAMA,1,2026,March,Drought,Z,47,LEE,BMX,01-MAR-26 00:00:00,CST-6,31-MAR-26 23:59:00,0,0,0,0,0.00K,0.00K,Drought Monitor,,,,,,,,,,,,,,,,,,,,,,Drought conditions continued during the month of March as below-normal rainfall was observed through the first three months of the year. Severe (D2) to Extreme (D3) drought conditions persisted across southeastern Central Alabama.,Severe (D2) to Extreme (D3) conditions persisted across Lee County throughout March.,CSV
202603,1,0,202603,31,2359,210156,1316143,ALABAMA,1,2026,March,Drought,Z,38,CHAMBERS,BMX,01-MAR-26 00:00:00,CST-6,31-MAR-26 23:59:00,0,0,0,0,0.00K,0.00K,Drought Monitor,,,,,,,,,,,,,,,,,,,,,,Drought conditions continued during the month of March as below-normal rainfall was observed through the first three months of the year. Severe (D2) to Extreme (D3) drought conditions persisted across southeastern Central Alabama.,Severe (D2) conditions persisted across the southern third of Chambers County throughout March.,CSV
202603,1,0,202603,31,2359,210156,1316144,ALABAMA,1,2026,March,Drought,Z,48,RUSSELL,BMX,01-MAR-26 00:00:00,CST-6,31-MAR-26 23:59:00,0,0,0,0,0.00K,0.00K,Drought Monitor,,,,,,,,,,,,,,,,,,,,,,Drought conditions continued during the month of March as below-normal rainfall was observed through the first three months of the year. Severe (D2) to Extreme (D3) drought conditions persisted across southeastern Central Alabama.,"Russell County began March with Severe (D2) conditions across the southern half and Extreme (D3) conditions across the northern half, which was downgraded to only D2 across the northern half during the first week of the month. A week later, the entire county was upgraded to D2 conditions and was upgraded again to D3 conditions by the end of the month.",CSV
202603,1,0,202603,31,2359,210156,1316145,ALABAMA,1,2026,March,Drought,Z,50,BARBOUR,BMX,01-MAR-26 00:00:00,CST-6,31-MAR-26 23:59:00,0,0,0,0,0.00K,0.00K,Drought Monitor,,,,,,,,,,,,,,,,,,,,,,Drought conditions continued during the month of March as below-normal rainfall was observed through the first three months of the year. Severe (D2) to Extreme (D3) drought conditions persisted across southeastern Central Alabama.,Barbour County began March with Severe (D2) conditions across the county. The northern half was reduced to Moderate (D1) for a week before D2 was reintroduced. Extreme (D3) conditions were introduced across the northern and eastern portions by the end of the month.,CSV
202603,1,0,202603,31,2359,210156,1316146,ALABAMA,1,2026,March,Drought,Z,49,PIKE,BMX,01-MAR-26 00:00:00,CST-6,31-MAR-26 23:59:00,0,0,0,0,0.00K,0.00K,Drought Monitor,,,,,,,,,,,,,,,,,,,,,,Drought conditions continued during the month of March as below-normal rainfall was observed through the first three months of the year. Severe (D2) to Extreme (D3) drought conditions persisted across southeastern Central Alabama.,"Pike County began March with Severe (D2) conditions across the county. The northern half was reduced to Moderate (D1) for a week before D2 was reintroduced, which then persisted through the end of the month.",CSV
202603,16,122,202603,16,123,210159,1319000,ALABAMA,1,2026,March,Thunderstorm Wind,C,55,ETOWAH,BMX,16-MAR-26 01:22:00,CST-6,16-MAR-26 01:23:00,0,0,0,0,0.00K,0.00K,Emergency Manager,50.00,EG,,,,,,,,,,2.15,SSE,RAINBOW CITY,2.15,SSE,RAINBOW CITY,33.92,-86.02,33.92,-86.02,"A line of strong to severe thunderstorms ahead of a potent cold front pushed through Central Alabama from late March 15 into the early morning of March 16. Scattered instances of wind damage were observed across many counties in Central Alabama as the line moved through. After a significant temperature reduction, a band of snow developed during the late morning hours, with counties such as Winston, Jefferson, Shelby, Blount, Etowah, and St. Clair picking up 0.5 to 1.5 inches of accumulation. With warm ground and road temperatures, the snow quickly method and travel impacts were little to none.",A couple trees were downed in Southside.,CSV
202603,16,123,202603,16,130,210159,1319001,ALABAMA,1,2026,March,Thunderstorm Wind,C,117,SHELBY,BMX,16-MAR-26 01:23:00,CST-6,16-MAR-26 01:30:00,0,0,0,0,0.00K,0.00K,Emergency Manager,50.00,EG,,,,,,,,,,.86,SE,DARGIN,.86,SE,DARGIN,33.1427,-86.7581,33.1427,-86.7581,"A line of strong to severe thunderstorms ahead of a potent cold front pushed through Central Alabama from late March 15 into the early morning of March 16. Scattered instances of wind damage were observed across many counties in Central Alabama as the line moved through. After a significant temperature reduction, a band of snow developed during the late morning hours, with counties such as Winston, Jefferson, Shelby, Blount, Etowah, and St. Clair picking up 0.5 to 1.5 inches of accumulation. With warm ground and road temperatures, the snow quickly method and travel impacts were little to none.",Trees were downed on CR 84 and CR 86 in Calera.,CSV
202603,16,124,202603,16,130,210159,1319002,ALABAMA,1,2026,March,Thunderstorm Wind,C,19,CHEROKEE,BMX,16-MAR-26 01:24:00,CST-6,16-MAR-26 01:30:00,0,0,0,0,0.00K,0.00K,Emergency Manager,50.00,EG,,,,,,,,,,0,N,JAMESTOWN,0,N,JAMESTOWN,34.4,-85.58,34.4,-85.58,"A line of strong to severe thunderstorms ahead of a potent cold front pushed through Central Alabama from late March 15 into the early morning of March 16. Scattered instances of wind damage were observed across many counties in Central Alabama as the line moved through. After a significant temperature reduction, a band of snow developed during the late morning hours, with counties such as Winston, Jefferson, Shelby, Blount, Etowah, and St. Clair picking up 0.5 to 1.5 inches of accumulation. With warm ground and road temperatures, the snow quickly method and travel impacts were little to none.",Trees and power lines were downed in three locations in the Jamestown area.,CSV
202603,16,129,202603,16,130,210159,1319003,ALABAMA,1,2026,March,Thunderstorm Wind,C,7,BIBB,BMX,16-MAR-26 01:29:00,CST-6,16-MAR-26 01:30:00,0,0,0,0,0.00K,0.00K,Emergency Manager,50.00,EG,,,,,,,,,,1.35,ESE,LAWLEY,1.35,ESE,LAWLEY,32.86,-86.95,32.86,-86.95,"A line of strong to severe thunderstorms ahead of a potent cold front pushed through Central Alabama from late March 15 into the early morning of March 16. Scattered instances of wind damage were observed across many counties in Central Alabama as the line moved through. After a significant temperature reduction, a band of snow developed during the late morning hours, with counties such as Winston, Jefferson, Shelby, Blount, Etowah, and St. Clair picking up 0.5 to 1.5 inches of accumulation. With warm ground and road temperatures, the snow quickly method and travel impacts were little to none.",Trees were downed in the Lawley area.,CSV
202603,12,330,202603,12,330,212132,1326857,ALABAMA,1,2026,March,Thunderstorm Wind,C,69,HOUSTON,TAE,12-MAR-26 03:30:00,CST-6,12-MAR-26 03:30:00,0,0,0,0,2.00K,0.00K,Public,50.00,EG,,,,,,,,,,0,N,TAYLOR,0,N,TAYLOR,31.16,-85.46,31.16,-85.46,A squall line swept through the tri-state area ahead of a cold front on March 12th. Numerous reports of severe weather were received.,A power line was blown down at the Taylor Fire Department on Littlefield Road.,CSV
202603,12,330,202603,12,330,212132,1326858,ALABAMA,1,2026,March,Thunderstorm Wind,C,69,HOUSTON,TAE,12-MAR-26 03:30:00,CST-6,12-MAR-26 03:30:00,0,0,0,0,0.00K,0.00K,Broadcast Media,50.00,EG,,,,,,,,,,1.38,S,PETERMAN,1.38,S,PETERMAN,31.18,-85.47,31.18,-85.47,A squall line swept through the tri-state area ahead of a cold front on March 12th. Numerous reports of severe weather were received.,A tree was blown down.,CSV
202603,12,330,202603,12,330,212132,1326859,ALABAMA,1,2026,March,Thunderstorm Wind,C,69,HOUSTON,TAE,12-MAR-26 03:30:00,CST-6,12-MAR-26 03:30:00,0,0,0,0,0.00K,0.00K,Broadcast Media,50.00,EG,,,,,,,,,,1.38,S,DOTHAN,1.38,S,DOTHAN,31.2,-85.39,31.2,-85.39,A squall line swept through the tri-state area ahead of a cold front on March 12th. Numerous reports of severe weather were received.,A tree was blown down on the 200 block of Connelly Street.,CSV
202603,12,330,202603,12,330,212132,1326860,ALABAMA,1,2026,March,Thunderstorm Wind,C,69,HOUSTON,TAE,12-MAR-26 03:30:00,CST-6,12-MAR-26 03:30:00,0,0,0,0,2.00K,0.00K,Broadcast Media,50.00,EG,,,,,,,,,,.59,W,DOTHAN,.59,W,DOTHAN,31.22,-85.4,31.22,-85.4,A squall line swept through the tri-state area ahead of a cold front on March 12th. Numerous reports of severe weather were received.,A power line was down on South Lena Street in Dothan.,CSV
202603,12,330,202603,12,330,212132,1326861,ALABAMA,1,2026,March,Thunderstorm Wind,C,69,HOUSTON,TAE,12-MAR-26 03:30:00,CST-6,12-MAR-26 03:30:00,0,0,0,0,2.00K,0.00K,Broadcast Media,50.00,EG,,,,,,,,,,3.64,NE,KELLY SPRINGS,3.64,NE,KELLY SPRINGS,31.31,-85.41,31.31,-85.41,A squall line swept through the tri-state area ahead of a cold front on March 12th. Numerous reports of severe weather were received.,A tree and power line were blown down on the 2800 block of Harrison Ave.,CSV
202603,12,400,202603,12,400,212132,1326862,ALABAMA,1,2026,March,Thunderstorm Wind,C,69,HOUSTON,TAE,12-MAR-26 04:00:00,CST-6,12-MAR-26 04:00:00,0,0,0,0,0.00K,0.00K,Law Enforcement,50.00,EG,,,,,,,,,,.59,W,HARMON,.59,W,HARMON,31.09,-85.16,31.09,-85.16,A squall line swept through the tri-state area ahead of a cold front on March 12th. Numerous reports of severe weather were received.,A large tree was down on Sid Hughes Road.,CSV
202603,16,516,202603,16,516,212135,1326863,ALABAMA,1,2026,March,Thunderstorm Wind,C,45,DALE,TAE,16-MAR-26 05:16:00,CST-6,16-MAR-26 05:16:00,0,0,0,0,2.00K,0.00K,Law Enforcement,50.00,EG,,,,,,,,,,1.77,E,GERALD,1.77,E,GERALD,31.31,-85.72,31.31,-85.72,A squall line swept through the tri-state area ahead of a cold front on March 16th. Numerous reports of severe weather were received.,A tree was down on power lines.,CSV
202603,16,548,202603,16,548,212135,1326865,ALABAMA,1,2026,March,Thunderstorm Wind,C,67,HENRY,TAE,16-MAR-26 05:48:00,CST-6,16-MAR-26 05:48:00,0,0,0,0,0.00K,0.00K,911 Call Center,50.00,EG,,,,,,,,,,.69,S,ABBEVILLE MUNICIPAL ARPT,.69,S,ABBEVILLE MUNICIPAL ARPT,31.59,-85.23,31.59,-85.23,A squall line swept through the tri-state area ahead of a cold front on March 16th. Numerous reports of severe weather were received.,A tree was down at CR46 and Highway 95 near Abbeville.,CSV
202603,9,1740,202603,9,1805,210157,1313663,ALABAMA,1,2026,March,Thunderstorm Wind,C,9,BLOUNT,BMX,09-MAR-26 17:40:00,CST-6,09-MAR-26 18:05:00,0,0,0,0,1.00K,0.00K,Emergency Manager,43.00,EG,,,,,,,,,,.63,SSW,BROOKSVILLE,.63,SSW,BROOKSVILLE,34.1618,-86.475,34.1618,-86.475,"A shortwave trough moved through the region on March 9, with a broken line of thunderstorms sliding east-southeastward across Central Alabama during the evening hours. These storms produced sporadic instances of wind damage across the northern half of Central Alabama, with the most concentrated area of damage being across Jefferson County. In addition to straight-line wind damage, an EF-0 tornado was confirmed in western Jefferson County.","A few trees were downed in the Blountsville, Brookville, and Altoona areas of Blount County.",CSV
202603,9,1804,202603,9,1819,210157,1313664,ALABAMA,1,2026,March,Thunderstorm Wind,C,125,TUSCALOOSA,BMX,09-MAR-26 18:04:00,CST-6,09-MAR-26 18:19:00,0,0,0,0,0.00K,0.00K,NWS Storm Survey,50.00,EG,,,,,,,,,,.91,NE,NEW LEXINGTON,.91,NE,NEW LEXINGTON,33.5789,-87.6583,33.5789,-87.6583,"A shortwave trough moved through the region on March 9, with a broken line of thunderstorms sliding east-southeastward across Central Alabama during the evening hours. These storms produced sporadic instances of wind damage across the northern half of Central Alabama, with the most concentrated area of damage being across Jefferson County. In addition to straight-line wind damage, an EF-0 tornado was confirmed in western Jefferson County.","The National Weather Service surveyed damage in northern Tuscaloosa County associated with a severe thunderstorm that moved through the area the previous evening. Only very minimal, sporadic wind damage was observed on Old Jasper Rd, Old Cheatam Rd, and Bagwell Rd, with no spatial continuity between points. This storm later produced the surveyed damage in Jefferson County.||In addition, an 18-wheeler was blown over along Highway 13 near the Tuscaloosa/Fayette county line.",CSV
202603,9,1840,202603,9,1847,210157,1313665,ALABAMA,1,2026,March,Tornado,C,73,JEFFERSON,BMX,09-MAR-26 18:40:00,CST-6,09-MAR-26 18:47:00,0,0,0,0,0.00K,0.00K,NWS Storm Survey,,,,,EF0,5.83,200,,,,,5.75,W,OAK GROVE,.48,NNW,MUD CREEK,33.4362,-87.2483,33.4061,-87.1541,"A shortwave trough moved through the region on March 9, with a broken line of thunderstorms sliding east-southeastward across Central Alabama during the evening hours. These storms produced sporadic instances of wind damage across the northern half of Central Alabama, with the most concentrated area of damage being across Jefferson County. In addition to straight-line wind damage, an EF-0 tornado was confirmed in western Jefferson County.","The National Weather Service surveyed damage in western Jefferson County and determined that an EF-0 tornado occurred, embedded within a larger area of straight-line wind damage. The tornado began south of Lock 17 Rd near Betty Hill Rd, where several softwood trees were uprooted, knocking down power lines. An area of weak rotation was noted on radar associated with this damage and the feature continued to the section of Groundhog Rd in the area of Woods Creek. Here, extensive softwood tree damage was observed, with numerous trees uprooted and smaller trees snapped. Much of the treefall was found to be laying easterly to east-northeasterly, with overall storm motion to the southeast. Minor softwood tree damage associated with the same radar feature was observed along Mud Creek Rd north of the Groundhog Rd intersection, with a couple uprooted trees and several limbs down.",CSV
202603,16,134,202603,16,135,210159,1319005,ALABAMA,1,2026,March,Thunderstorm Wind,C,55,ETOWAH,BMX,16-MAR-26 01:34:00,CST-6,16-MAR-26 01:35:00,0,0,0,0,0.00K,0.00K,Emergency Manager,50.00,EG,,,,,,,,,,0,N,HOKES BLUFF,0,N,HOKES BLUFF,34,-85.87,34,-85.87,"A line of strong to severe thunderstorms ahead of a potent cold front pushed through Central Alabama from late March 15 into the early morning of March 16. Scattered instances of wind damage were observed across many counties in Central Alabama as the line moved through. After a significant temperature reduction, a band of snow developed during the late morning hours, with counties such as Winston, Jefferson, Shelby, Blount, Etowah, and St. Clair picking up 0.5 to 1.5 inches of accumulation. With warm ground and road temperatures, the snow quickly method and travel impacts were little to none.",Three trees were downed in the Hokes Bluff area.,CSV
202603,16,137,202603,16,142,210159,1319006,ALABAMA,1,2026,March,Thunderstorm Wind,C,117,SHELBY,BMX,16-MAR-26 01:37:00,CST-6,16-MAR-26 01:42:00,0,0,0,0,0.00K,0.00K,Emergency Manager,50.00,EG,,,,,,,,,,.58,W,WILSONVILLE,.58,W,WILSONVILLE,33.23,-86.49,33.23,-86.49,"A line of strong to severe thunderstorms ahead of a potent cold front pushed through Central Alabama from late March 15 into the early morning of March 16. Scattered instances of wind damage were observed across many counties in Central Alabama as the line moved through. After a significant temperature reduction, a band of snow developed during the late morning hours, with counties such as Winston, Jefferson, Shelby, Blount, Etowah, and St. Clair picking up 0.5 to 1.5 inches of accumulation. With warm ground and road temperatures, the snow quickly method and travel impacts were little to none.",Trees were downed in numerous locations around Wilsonville.,CSV
202603,16,140,202603,16,141,210159,1319007,ALABAMA,1,2026,March,Thunderstorm Wind,C,117,SHELBY,BMX,16-MAR-26 01:40:00,CST-6,16-MAR-26 01:41:00,0,0,0,0,0.00K,0.00K,Emergency Manager,50.00,EG,,,,,,,,,,2.05,ESE,HARPERSVILLE,2.05,ESE,HARPERSVILLE,33.3208,-86.4162,33.3208,-86.4162,"A line of strong to severe thunderstorms ahead of a potent cold front pushed through Central Alabama from late March 15 into the early morning of March 16. Scattered instances of wind damage were observed across many counties in Central Alabama as the line moved through. After a significant temperature reduction, a band of snow developed during the late morning hours, with counties such as Winston, Jefferson, Shelby, Blount, Etowah, and St. Clair picking up 0.5 to 1.5 inches of accumulation. With warm ground and road temperatures, the snow quickly method and travel impacts were little to none.",A tree was downed on Sun Valley Rd near Harpersville.,CSV
202603,16,138,202603,16,139,210159,1319008,ALABAMA,1,2026,March,Thunderstorm Wind,C,15,CALHOUN,BMX,16-MAR-26 01:38:00,CST-6,16-MAR-26 01:39:00,0,0,0,0,0.50K,0.00K,Broadcast Media,45.00,EG,,,,,,,,,,1.25,WNW,MIDDLETON,1.25,WNW,MIDDLETON,33.7799,-86.0382,33.7799,-86.0382,"A line of strong to severe thunderstorms ahead of a potent cold front pushed through Central Alabama from late March 15 into the early morning of March 16. Scattered instances of wind damage were observed across many counties in Central Alabama as the line moved through. After a significant temperature reduction, a band of snow developed during the late morning hours, with counties such as Winston, Jefferson, Shelby, Blount, Etowah, and St. Clair picking up 0.5 to 1.5 inches of accumulation. With warm ground and road temperatures, the snow quickly method and travel impacts were little to none.",A tree fell across Highway 77 near Ohatchee.,CSV
202603,9,1840,202603,9,1842,210157,1313666,ALABAMA,1,2026,March,Thunderstorm Wind,C,19,CHEROKEE,BMX,09-MAR-26 18:40:00,CST-6,09-MAR-26 18:42:00,0,0,0,0,0.00K,0.00K,Emergency Manager,50.00,EG,,,,,,,,,,.63,W,LEESBURG,.63,W,LEESBURG,34.1793,-85.761,34.1793,-85.761,"A shortwave trough moved through the region on March 9, with a broken line of thunderstorms sliding east-southeastward across Central Alabama during the evening hours. These storms produced sporadic instances of wind damage across the northern half of Central Alabama, with the most concentrated area of damage being across Jefferson County. In addition to straight-line wind damage, an EF-0 tornado was confirmed in western Jefferson County.",Trees were downed in the Leesburg area.,CSV
202603,9,1835,202603,9,1847,210157,1313667,ALABAMA,1,2026,March,Thunderstorm Wind,C,73,JEFFERSON,BMX,09-MAR-26 18:35:00,CST-6,09-MAR-26 18:47:00,0,0,0,0,0.00K,0.00K,NWS Storm Survey,65.00,EG,,,,,,,,,,.43,W,MUD CREEK,.43,W,MUD CREEK,33.3995,-87.1574,33.3995,-87.1574,"A shortwave trough moved through the region on March 9, with a broken line of thunderstorms sliding east-southeastward across Central Alabama during the evening hours. These storms produced sporadic instances of wind damage across the northern half of Central Alabama, with the most concentrated area of damage being across Jefferson County. In addition to straight-line wind damage, an EF-0 tornado was confirmed in western Jefferson County.","In addition to an EF-0 tornado that was confirmed in the area, sporadic wind damage as a result of a surge of straight-line winds was observed elsewhere along Lock 17 Rd and Groundhog Rd from near the Providence community to just south of the Groundhog Rd and Mud Creek Rd intersection in the Mud Creek community. The most extensive area of non-tornadic damage was observed to be along Mud Creek Rd south of Groundhog Rd, where several trees were uprooted, minor roof damage occurred to two homes and a small outbuilding, and power poles were broken with lines in the road, causing a portion of the roadway to be closed much of the day following the storm. Winds were estimated at 75 mph here. Very minor, sporadic tree damage was observed in the Adger and North Johns areas, mainly limbs down.",CSV
202603,9,1843,202603,9,1845,210157,1313668,ALABAMA,1,2026,March,Thunderstorm Wind,C,19,CHEROKEE,BMX,09-MAR-26 18:43:00,CST-6,09-MAR-26 18:45:00,0,0,0,0,0.00K,0.00K,Public,50.00,EG,,,,,,,,,,.9,SW,BLANCHE,.9,SW,BLANCHE,34.36,-85.61,34.36,-85.61,"A shortwave trough moved through the region on March 9, with a broken line of thunderstorms sliding east-southeastward across Central Alabama during the evening hours. These storms produced sporadic instances of wind damage across the northern half of Central Alabama, with the most concentrated area of damage being across Jefferson County. In addition to straight-line wind damage, an EF-0 tornado was confirmed in western Jefferson County.",Trees were downed in the Blanche area.,CSV
202603,9,1845,202603,9,1852,210157,1313669,ALABAMA,1,2026,March,Thunderstorm Wind,C,19,CHEROKEE,BMX,09-MAR-26 18:45:00,CST-6,09-MAR-26 18:52:00,0,0,0,0,0.00K,0.00K,Emergency Manager,52.00,EG,,,,,,,,,,.5,WSW,GAYLESVILLE,.5,WSW,GAYLESVILLE,34.268,-85.5584,34.268,-85.5584,"A shortwave trough moved through the region on March 9, with a broken line of thunderstorms sliding east-southeastward across Central Alabama during the evening hours. These storms produced sporadic instances of wind damage across the northern half of Central Alabama, with the most concentrated area of damage being across Jefferson County. In addition to straight-line wind damage, an EF-0 tornado was confirmed in western Jefferson County.",Trees were downed on the north side of Weiss Lake and in the Gaylesville area. The roof was blown of chicken houses just east of Gaylesville.,CSV
202603,16,152,202603,16,153,210159,1319009,ALABAMA,1,2026,March,Thunderstorm Wind,C,121,TALLADEGA,BMX,16-MAR-26 01:52:00,CST-6,16-MAR-26 01:53:00,0,0,0,0,0.00K,0.00K,Emergency Manager,50.00,EG,,,,,,,,,,2.22,S,RENFROE,2.22,S,RENFROE,33.3979,-86.203,33.3979,-86.203,"A line of strong to severe thunderstorms ahead of a potent cold front pushed through Central Alabama from late March 15 into the early morning of March 16. Scattered instances of wind damage were observed across many counties in Central Alabama as the line moved through. After a significant temperature reduction, a band of snow developed during the late morning hours, with counties such as Winston, Jefferson, Shelby, Blount, Etowah, and St. Clair picking up 0.5 to 1.5 inches of accumulation. With warm ground and road temperatures, the snow quickly method and travel impacts were little to none.",Trees and power lines were downed on Plant Rd and Renfroe Rd.,CSV
202603,16,155,202603,16,156,210159,1319010,ALABAMA,1,2026,March,Thunderstorm Wind,C,121,TALLADEGA,BMX,16-MAR-26 01:55:00,CST-6,16-MAR-26 01:56:00,0,0,0,0,0.00K,0.00K,AWOS,50.00,MG,,,,,,,,,,.58,W,SYLACAUGA MERKLE ARP,.58,W,SYLACAUGA MERKLE ARP,33.17,-86.31,33.17,-86.31,"A line of strong to severe thunderstorms ahead of a potent cold front pushed through Central Alabama from late March 15 into the early morning of March 16. Scattered instances of wind damage were observed across many counties in Central Alabama as the line moved through. After a significant temperature reduction, a band of snow developed during the late morning hours, with counties such as Winston, Jefferson, Shelby, Blount, Etowah, and St. Clair picking up 0.5 to 1.5 inches of accumulation. With warm ground and road temperatures, the snow quickly method and travel impacts were little to none.",A gust of 58 mph was recorded at Sylacauga Municipal Airport.,CSV
202603,16,157,202603,16,158,210159,1319011,ALABAMA,1,2026,March,Thunderstorm Wind,C,121,TALLADEGA,BMX,16-MAR-26 01:57:00,CST-6,16-MAR-26 01:58:00,0,0,0,0,0.00K,0.00K,Emergency Manager,50.00,EG,,,,,,,,,,1.56,NW,OLDFIELD,1.56,NW,OLDFIELD,33.2164,-86.2386,33.2164,-86.2386,"A line of strong to severe thunderstorms ahead of a potent cold front pushed through Central Alabama from late March 15 into the early morning of March 16. Scattered instances of wind damage were observed across many counties in Central Alabama as the line moved through. After a significant temperature reduction, a band of snow developed during the late morning hours, with counties such as Winston, Jefferson, Shelby, Blount, Etowah, and St. Clair picking up 0.5 to 1.5 inches of accumulation. With warm ground and road temperatures, the snow quickly method and travel impacts were little to none.",Trees were downed on Club House Rd and Highway 21 north of Sylacauga.,CSV
202603,16,158,202603,16,201,210159,1319012,ALABAMA,1,2026,March,Thunderstorm Wind,C,121,TALLADEGA,BMX,16-MAR-26 01:58:00,CST-6,16-MAR-26 02:01:00,0,0,0,0,0.00K,0.00K,Emergency Manager,50.00,EG,,,,,,,,,,.9,SE,TALLADEGA,.9,SE,TALLADEGA,33.42,-86.09,33.42,-86.09,"A line of strong to severe thunderstorms ahead of a potent cold front pushed through Central Alabama from late March 15 into the early morning of March 16. Scattered instances of wind damage were observed across many counties in Central Alabama as the line moved through. After a significant temperature reduction, a band of snow developed during the late morning hours, with counties such as Winston, Jefferson, Shelby, Blount, Etowah, and St. Clair picking up 0.5 to 1.5 inches of accumulation. With warm ground and road temperatures, the snow quickly method and travel impacts were little to none.",A tree fell on a house in Talladega and another tree fell across Ironaton Rd east of town.,CSV
202603,9,1631,202603,9,1640,210157,1313662,ALABAMA,1,2026,March,Thunderstorm Wind,C,133,WINSTON,BMX,09-MAR-26 16:31:00,CST-6,09-MAR-26 16:40:00,0,0,0,0,0.00K,0.00K,NWS Storm Survey,65.00,EG,,,,,,,,,,.72,E,FORKVILLE,.72,E,FORKVILLE,34.2685,-87.5375,34.2685,-87.5375,"A shortwave trough moved through the region on March 9, with a broken line of thunderstorms sliding east-southeastward across Central Alabama during the evening hours. These storms produced sporadic instances of wind damage across the northern half of Central Alabama, with the most concentrated area of damage being across Jefferson County. In addition to straight-line wind damage, an EF-0 tornado was confirmed in western Jefferson County.","The National Weather Service surveyed damage northeast of Haleyville from the Forkville area to the Ashridge community and determined it to be the result of straight-line winds. The most concentrated damage was observed at the intersection of Highway 195 and Little Crooked Rd around 5:35 pm CDT, where several structures were damaged. A furniture business sustained roof damage and had a glass door blown out, an open air hay shed was flipped onto an adjacent outbuilding, and a larger garage sustained roof and siding damage. In addition, a smaller three-car shed collapsed and fell into the larger garage. Just east of this, at least five trees were uprooted across Little Crooked Rd, with roofing tin from the garage blown into the fallen trees. This damage was all within 130 yards, with winds estimated up to 75 mph. No other notable damage was observed except for a few trees down along Jim Brown Rd approximately four miles to the southeast.",CSV
202603,9,1857,202603,9,1858,210157,1313670,ALABAMA,1,2026,March,Thunderstorm Wind,C,73,JEFFERSON,BMX,09-MAR-26 18:57:00,CST-6,09-MAR-26 18:58:00,0,0,0,0,0.00K,0.00K,Public,50.00,EG,,,,,,,,,,1.67,SSE,CONCORD,1.67,SSE,CONCORD,33.4483,-87.0173,33.4483,-87.0173,"A shortwave trough moved through the region on March 9, with a broken line of thunderstorms sliding east-southeastward across Central Alabama during the evening hours. These storms produced sporadic instances of wind damage across the northern half of Central Alabama, with the most concentrated area of damage being across Jefferson County. In addition to straight-line wind damage, an EF-0 tornado was confirmed in western Jefferson County.",A large oak tree fell on a fence along Hazel Dr.,CSV
202603,9,1900,202603,9,1906,210157,1313671,ALABAMA,1,2026,March,Thunderstorm Wind,C,73,JEFFERSON,BMX,09-MAR-26 19:00:00,CST-6,09-MAR-26 19:06:00,0,0,0,0,0.00K,0.00K,Fire Department/Rescue,52.00,EG,,,,,,,,,,1.15,E,WOODWARD,1.15,E,WOODWARD,33.4,-86.96,33.4,-86.96,"A shortwave trough moved through the region on March 9, with a broken line of thunderstorms sliding east-southeastward across Central Alabama during the evening hours. These storms produced sporadic instances of wind damage across the northern half of Central Alabama, with the most concentrated area of damage being across Jefferson County. In addition to straight-line wind damage, an EF-0 tornado was confirmed in western Jefferson County.","Trees and power lines were downed across the Bessemer area, with at least one tree falling on a home.",CSV
202603,9,1908,202603,9,1912,210157,1313672,ALABAMA,1,2026,March,Thunderstorm Wind,C,73,JEFFERSON,BMX,09-MAR-26 19:08:00,CST-6,09-MAR-26 19:12:00,0,0,0,0,0.00K,0.00K,Emergency Manager,52.00,EG,,,,,,,,,,.59,ENE,BLUFF PARK,.59,ENE,BLUFF PARK,33.4022,-86.8601,33.4022,-86.8601,"A shortwave trough moved through the region on March 9, with a broken line of thunderstorms sliding east-southeastward across Central Alabama during the evening hours. These storms produced sporadic instances of wind damage across the northern half of Central Alabama, with the most concentrated area of damage being across Jefferson County. In addition to straight-line wind damage, an EF-0 tornado was confirmed in western Jefferson County.",Trees were downed along Shades Crest Rd.,CSV
202603,9,1911,202603,9,1917,210157,1313674,ALABAMA,1,2026,March,Thunderstorm Wind,C,73,JEFFERSON,BMX,09-MAR-26 19:11:00,CST-6,09-MAR-26 19:17:00,0,0,0,0,0.00K,0.00K,Public,50.00,EG,,,,,,,,,,1.73,W,VESTAVIA HILLS,1.73,W,VESTAVIA HILLS,33.4,-86.81,33.4,-86.81,"A shortwave trough moved through the region on March 9, with a broken line of thunderstorms sliding east-southeastward across Central Alabama during the evening hours. These storms produced sporadic instances of wind damage across the northern half of Central Alabama, with the most concentrated area of damage being across Jefferson County. In addition to straight-line wind damage, an EF-0 tornado was confirmed in western Jefferson County.",Trees were downed in the Hoover area.,CSV
202603,9,1913,202603,9,1919,210157,1313675,ALABAMA,1,2026,March,Thunderstorm Wind,C,73,JEFFERSON,BMX,09-MAR-26 19:13:00,CST-6,09-MAR-26 19:19:00,0,0,0,0,0.00K,0.00K,Public,50.00,EG,,,,,,,,,,2.82,NNW,VESTAVIA HILLS,2.82,NNW,VESTAVIA HILLS,33.44,-86.79,33.44,-86.79,"A shortwave trough moved through the region on March 9, with a broken line of thunderstorms sliding east-southeastward across Central Alabama during the evening hours. These storms produced sporadic instances of wind damage across the northern half of Central Alabama, with the most concentrated area of damage being across Jefferson County. In addition to straight-line wind damage, an EF-0 tornado was confirmed in western Jefferson County.",Trees were downed in the Vestavia Hills area.,CSV
202603,16,201,202603,16,204,210159,1319013,ALABAMA,1,2026,March,Thunderstorm Wind,C,121,TALLADEGA,BMX,16-MAR-26 02:01:00,CST-6,16-MAR-26 02:04:00,0,0,0,0,0.00K,0.00K,Emergency Manager,50.00,EG,,,,,,,,,,2.21,NW,MUNFORD,2.21,NW,MUNFORD,33.55,-85.98,33.55,-85.98,"A line of strong to severe thunderstorms ahead of a potent cold front pushed through Central Alabama from late March 15 into the early morning of March 16. Scattered instances of wind damage were observed across many counties in Central Alabama as the line moved through. After a significant temperature reduction, a band of snow developed during the late morning hours, with counties such as Winston, Jefferson, Shelby, Blount, Etowah, and St. Clair picking up 0.5 to 1.5 inches of accumulation. With warm ground and road temperatures, the snow quickly method and travel impacts were little to none.",Trees fell across Ledbetter Rd and Priebes Mill Rd.,CSV
202603,16,225,202603,16,230,210159,1319014,ALABAMA,1,2026,March,Thunderstorm Wind,C,29,CLEBURNE,BMX,16-MAR-26 02:25:00,CST-6,16-MAR-26 02:30:00,0,0,0,0,0.00K,0.00K,Emergency Manager,50.00,EG,,,,,,,,,,.58,W,HEFLIN,.58,W,HEFLIN,33.65,-85.59,33.65,-85.59,"A line of strong to severe thunderstorms ahead of a potent cold front pushed through Central Alabama from late March 15 into the early morning of March 16. Scattered instances of wind damage were observed across many counties in Central Alabama as the line moved through. After a significant temperature reduction, a band of snow developed during the late morning hours, with counties such as Winston, Jefferson, Shelby, Blount, Etowah, and St. Clair picking up 0.5 to 1.5 inches of accumulation. With warm ground and road temperatures, the snow quickly method and travel impacts were little to none.",Trees were downed in numerous locations around Heflin.,CSV
202603,16,226,202603,16,230,210159,1319015,ALABAMA,1,2026,March,Thunderstorm Wind,C,29,CLEBURNE,BMX,16-MAR-26 02:26:00,CST-6,16-MAR-26 02:30:00,0,0,0,0,0.00K,0.00K,Emergency Manager,50.00,EG,,,,,,,,,,.74,SSE,CHULAFINNEE,.74,SSE,CHULAFINNEE,33.5396,-85.647,33.5396,-85.647,"A line of strong to severe thunderstorms ahead of a potent cold front pushed through Central Alabama from late March 15 into the early morning of March 16. Scattered instances of wind damage were observed across many counties in Central Alabama as the line moved through. After a significant temperature reduction, a band of snow developed during the late morning hours, with counties such as Winston, Jefferson, Shelby, Blount, Etowah, and St. Clair picking up 0.5 to 1.5 inches of accumulation. With warm ground and road temperatures, the snow quickly method and travel impacts were little to none.",Trees were downed around Hollis Crossroads.,CSV
202603,16,235,202603,16,242,210159,1319016,ALABAMA,1,2026,March,Thunderstorm Wind,C,123,TALLAPOOSA,BMX,16-MAR-26 02:35:00,CST-6,16-MAR-26 02:42:00,0,0,0,0,0.00K,0.00K,Emergency Manager,50.00,EG,,,,,,,,,,3.46,WNW,HACKNEYVILLE,3.46,WNW,HACKNEYVILLE,33.0886,-85.9755,33.0886,-85.9755,"A line of strong to severe thunderstorms ahead of a potent cold front pushed through Central Alabama from late March 15 into the early morning of March 16. Scattered instances of wind damage were observed across many counties in Central Alabama as the line moved through. After a significant temperature reduction, a band of snow developed during the late morning hours, with counties such as Winston, Jefferson, Shelby, Blount, Etowah, and St. Clair picking up 0.5 to 1.5 inches of accumulation. With warm ground and road temperatures, the snow quickly method and travel impacts were little to none.",Trees were downed along Dillard Rd and Pearson Chapel Rd.,CSV
202603,11,2128,202603,11,2130,211246,1319896,ALABAMA,1,2026,March,Tornado,C,23,CHOCTAW,MOB,11-MAR-26 21:28:00,CST-6,11-MAR-26 21:30:00,0,0,0,0,0.00K,0.00K,NWS Storm Survey,,,,,EF1,1.47,320,,,,,.95,W,ISNEY,.52,E,ISNEY,31.779,-88.4662,31.779,-88.4412,A strong cold front moved across the area with a line of showers and thunderstorms. The storms produced several tornadoes and gusty winds across southwest Alabama.,"The EF-1 tornado began just west of Wildflower Rd south of|highway 84 near Isney Alabama. The tornado resulted in a few|uprooted and snapped trees as it passed over Wildflower Rd. The|tornado reached its peak intensity likely between Wildflower Rd|and Poultry Rd where it snapped several softwoods, uprooted other|trees and did damage to several chicken farm buildings. Total|damage to the chicken farm was difficult to determine given the|buildings were already damaged from a prior storm but satellite|imagery was able to assist in determining there was at least some|new damage to the buildings. As a result peak intensity was given|to the tree damage and a lower bound estimate was given to the|chicken farm. The tornado then proceeded towards highway 84 as it|slowly weakened before crossing highway 84 near Lone Star Rd.",CSV
202603,11,2142,202603,11,2143,211246,1319903,ALABAMA,1,2026,March,Tornado,C,23,CHOCTAW,MOB,11-MAR-26 21:42:00,CST-6,11-MAR-26 21:43:00,0,0,0,0,,0.00K,NWS Storm Survey,,,,,EF1,0.16,35,,,,,1.06,ENE,SOUWILPA,1.21,ENE,SOUWILPA,31.8276,-88.3143,31.8294,-88.3127,A strong cold front moved across the area with a line of showers and thunderstorms. The storms produced several tornadoes and gusty winds across southwest Alabama.,The brief EF-1 tornado began along Souwilpa road near Alabama|Highway 187 where it uprooted and snapped a couple of trees. A|very narrow convergence path was noted as it crossed highway|17 peaking in intensity as it snapped a few small softwood pines|before likely dissipating in the woods east of highway 17.,CSV
202603,11,2138,202603,11,2139,211246,1322424,ALABAMA,1,2026,March,Tornado,C,23,CHOCTAW,MOB,11-MAR-26 21:38:00,CST-6,11-MAR-26 21:39:00,0,0,0,0,,0.00K,NWS Storm Survey,,,,,EF1,0.12,30,,,,,1.02,W,SOUWILPA,.92,W,SOUWILPA,31.8192,-88.3473,31.8182,-88.3456,A strong cold front moved across the area with a line of showers and thunderstorms. The storms produced several tornadoes and gusty winds across southwest Alabama.,This short EF-1 tornado began just north of Souwilpa road|resulting in a couple softwood trunk snaps before crossing|Souwilpa road resulting in a couple uprooted trees and destroying|an outbuilding that was pulled southward towards the path. A|large oak was uprooted before the short tornado dissipated into|the woods. Peak intensity was likely around 90 mph based on the|uproots and snapped trunks.,CSV
202603,11,2249,202603,11,2253,211246,1323232,ALABAMA,1,2026,March,Tornado,C,97,MOBILE,MOB,11-MAR-26 22:49:00,CST-6,11-MAR-26 22:53:00,0,0,0,0,,0.00K,NWS Storm Survey,,,,,EF0,2.39,30,,,,,4.84,NW,GEORGETOWN,2.86,NNW,GEORGETOWN,30.9222,-88.3352,30.9149,-88.2958,A strong cold front moved across the area with a line of showers and thunderstorms. The storms produced several tornadoes and gusty winds across southwest Alabama.,"The EF-0 tornado began along Mason Ferry Rd west of Georgetown|Alabama where it resulted in a few large branches snapped. The|tornado continued through the forest on the north side of Mason|Ferry rd before reaching McDavid rd where large branches and a|large softwood tree was uprooted in a clear convergent pattern.|This is likely where the tornado ended. The tornado may have|reached peak intensity within the woods; however, the peak|intensity that survey crews were able to find was around 85 mph.",CSV
202603,11,2253,202603,11,2256,211246,1323234,ALABAMA,1,2026,March,Tornado,C,97,MOBILE,MOB,11-MAR-26 22:53:00,CST-6,11-MAR-26 22:56:00,0,0,0,0,,0.00K,NWS Storm Survey,,,,,EF1,1.55,110,,,,,2.67,NNW,GEORGETOWN,1.62,N,GEORGETOWN,30.9124,-88.2944,30.9035,-88.2704,A strong cold front moved across the area with a line of showers and thunderstorms. The storms produced several tornadoes and gusty winds across southwest Alabama.,"The EF-1 tornado began south of Mason Ferry Rd just south of|McDavid Rd. The start point was difficult to determine as the end|point of another tornado and the start point of this tornado were|close in proximity to each other. However, convergence patterns|and radar analysis did suggest that these were indeed two|separate tornadoes rather than one tornado. The tornado snapped a|couple of softwood trunks and continued sporadically uprooting|trees as it approached Brothers Lake Club Rd where it reached|peak intensity of 90 mph near and around Brothers Lake Club Rd.|The tornado then crosses Mason Ferry Rd and tracked into the|forest before crossing Alabama 217 and finishing near Cleborne|Rd.",CSV
202603,11,2353,202603,11,2355,211246,1323246,ALABAMA,1,2026,March,Tornado,C,53,ESCAMBIA,MOB,11-MAR-26 23:53:00,CST-6,11-MAR-26 23:55:00,0,0,0,0,,0.00K,NWS Storm Survey,,,,,EF1,0.62,80,,,,,1.07,WNW,CARNEY,.45,WNW,CARNEY,31.1065,-87.5664,31.1035,-87.5565,A strong cold front moved across the area with a line of showers and thunderstorms. The storms produced several tornadoes and gusty winds across southwest Alabama.,"A brief EF1 tornado impacted the Poarch Creek Indian Reservation.|This tornado began in the adjacent field to the Poarch Creek|Indians Gym, first taking the scoreboard and tossing the heavy|half 200 yards downstream and the lighter half being tossed into|the adjacent field`s scoreboard approximately 500 yards away. The|tornado then impacted the gym lifting up a significant portion of|the roofing material on the west-facing side. On the east side of|the gym, a short power pole was snapped along with most of the|roofing material being deposited into the netting adjacent to the|next field in its path adjacent to the parking lot. The tornado|continued to the east-southeast, reaching its strongest point|prior to crossing Lynn McGhee Drive where it snapped numerous|small hardwood trees and pushed over several road signs. This is|also where the tornado reached its peak width at approximately|80 yards. After crossing Lynn McGhee Drive and Green Road, a|softwood tree was snapped mid trunk with a large amount of small|tree debris and limbs scattered across the adjacent field. The|tornado continued weakening as it moved southeast and then east|across Creek Drive, causing minor roofing and siding damage to|buildings. The last visible damage point was along Jack Springs|Road where a large oak tree was uprooted facing east-southeast.",CSV
202603,12,5,202603,12,6,211246,1325139,ALABAMA,1,2026,March,Thunderstorm Wind,C,99,MONROE,MOB,12-MAR-26 00:05:00,CST-6,12-MAR-26 00:06:00,0,0,0,0,,0.00K,NWS Storm Survey,78.00,EG,,,,,,,,,,.86,SW,EXCEL,2.3,ENE,EXCEL,31.422,-87.3612,31.448,-87.3172,A strong cold front moved across the area with a line of showers and thunderstorms. The storms produced several tornadoes and gusty winds across southwest Alabama.,"A swath of wind damage occurred in the Excel area ranging from|70 to 90mph. A mile wide swath of damage began between Arena Road|and Wild Fork Road, with the swath gradually narrowing as it|continued northeast to Highway 84. Damage primarily consisted of|tree snaps and uproots; however a couple homes did experience|removal of small awnings. The strongest winds likely occurred|along Fred Jordan Road where some metal storage buildings had|significant removal of roofing and siding, and a shed was rolled|several times.",CSV
202603,11,2307,202603,11,2308,211246,1325177,ALABAMA,1,2026,March,Tornado,C,97,MOBILE,MOB,11-MAR-26 23:07:00,CST-6,11-MAR-26 23:08:00,0,0,0,0,,0.00K,NWS Storm Survey,,,,,EF0,0.51,100,,,,,3.41,NW,HATTERS,3.43,NW,HATTERS,30.9519,-88.1139,30.9573,-88.1081,A strong cold front moved across the area with a line of showers and thunderstorms. The storms produced several tornadoes and gusty winds across southwest Alabama.,"Available high resolution satellite imagery revealed a brief|EF0 tornado occurred in the Turnerville area, tracking across|Dixie Road and Salco Road. The tornado caused mainly minor tree|damage along its track, reaching a peak width just across Salco|Road around 100 yards wide.",CSV
202603,11,2320,202603,11,2322,211246,1325186,ALABAMA,1,2026,March,Tornado,C,97,MOBILE,MOB,11-MAR-26 23:20:00,CST-6,11-MAR-26 23:22:00,0,0,0,0,,0.00K,NWS Storm Survey,,,,,EF0,1.11,200,,,,,3.62,W,THEODORE IDLE HOUR A,2.55,W,THEODORE IDLE HOUR A,30.5806,-88.3309,30.5826,-88.3128,A strong cold front moved across the area with a line of showers and thunderstorms. The storms produced several tornadoes and gusty winds across southwest Alabama.,Available high resolution satellite imagery revealed a brief|EF0 tornado tracked along Dawes Road just northeast of Dees. The|tornado remained primarily within forest causing minor tree|damage along its track. The track of the tornado is also|supported by a radar tornado debris signature.,CSV
202603,11,2324,202603,11,2325,211246,1325199,ALABAMA,1,2026,March,Tornado,C,97,MOBILE,MOB,11-MAR-26 23:24:00,CST-6,11-MAR-26 23:25:00,0,0,0,0,,0.00K,NWS Storm Survey,,,,,EF0,3.34,140,,,,,3.12,N,GRAND BAY,1.53,WNW,ST ELMO ARPT,30.5146,-88.3587,30.5071,-88.3044,A strong cold front moved across the area with a line of showers and thunderstorms. The storms produced several tornadoes and gusty winds across southwest Alabama.,"Available high resolution satellite imagery was able to reveal an|EF0 tornado tracked north of Interstate 10 near Grand Bay. The|tornado began north of Pascagoula Road solely in forest causing|minor tree damage. While there is a gap in visible damage on|satellite imagery, radar tornado debris signature persists east|connecting with another small corridor of tree damage near Ramsey|Road and Boe Road. This is where the end point of the tornado is|estimated as any visible damage associated with the radar|signature disappears after reaching I-10.",CSV
202603,11,2336,202603,11,2347,211246,1325201,ALABAMA,1,2026,March,Tornado,C,97,MOBILE,MOB,11-MAR-26 23:36:00,CST-6,11-MAR-26 23:47:00,0,0,0,0,,0.00K,NWS Storm Survey,,,,,EF0,5.92,50,,,,,.49,NW,IRVINGTON,1.86,E,LAURENDINE,30.5044,-88.2365,30.5001,-88.1388,A strong cold front moved across the area with a line of showers and thunderstorms. The storms produced several tornadoes and gusty winds across southwest Alabama.,Available high resolution satellite imagery revealed a weak|EF0 tornado tracked from Irvington through the Laurendine area|causing sporadic minor tree damage all along its track. The track|of the tornado is further supported by the presence of a radar|tornado debris signature.,CSV
202603,12,19,202603,12,21,211246,1326841,ALABAMA,1,2026,March,Thunderstorm Wind,C,3,BALDWIN,MOB,12-MAR-26 00:19:00,CST-6,12-MAR-26 00:21:00,0,0,0,0,,0.00K,NWS Storm Survey,61.00,EG,,,,,,,,,,1.5,NNW,LOXLEY,1.5,NNW,LOXLEY,30.64,-87.76,30.64,-87.76,A strong cold front moved across the area with a line of showers and thunderstorms. The storms produced several tornadoes and gusty winds across southwest Alabama.,Straight line winds resulted in damage to roofs at a nursery. A trailer was also blown over. Time estimated.,CSV
202603,11,2213,202603,11,2213,211246,1326931,ALABAMA,1,2026,March,Thunderstorm Wind,C,25,CLARKE,MOB,11-MAR-26 22:13:00,CST-6,11-MAR-26 22:13:00,0,0,0,0,0.00K,0.00K,Department of Highways,50.00,EG,,,,,,,,,,2.35,E,COFFEEVILLE,2.35,E,COFFEEVILLE,31.75,-88.06,31.75,-88.06,A strong cold front moved across the area with a line of showers and thunderstorms. The storms produced several tornadoes and gusty winds across southwest Alabama.,"Multiple trees down in Clarke county, blocking lanes of US-84 and AL-5.",CSV
202603,11,2245,202603,11,2245,211246,1326932,ALABAMA,1,2026,March,Thunderstorm Wind,C,25,CLARKE,MOB,11-MAR-26 22:45:00,CST-6,11-MAR-26 22:45:00,0,0,0,0,0.00K,0.00K,Department of Highways,50.00,EG,,,,,,,,,,1.76,W,ATKINSON,1.76,W,ATKINSON,31.97,-87.7,31.97,-87.7,A strong cold front moved across the area with a line of showers and thunderstorms. The storms produced several tornadoes and gusty winds across southwest Alabama.,"Multiple trees down in Clarke county, blocking lanes of US-84 and AL-5.",CSV
202602,26,1840,202602,26,1840,209804,1309079,ALABAMA,1,2026,February,Hail,C,83,LIMESTONE,HUN,26-FEB-26 18:40:00,CST-6,26-FEB-26 18:40:00,0,0,0,0,0.00K,0.00K,Emergency Manager,1.00,,,,,,,,,,,1.39,WSW,ATHENS,1.39,WSW,ATHENS,34.7898,-87.0012,34.7898,-87.0012,"Multiple supercells developed during the mid to late afternoon hours, lasting into the mid evening hours.  All of these thunderstorms produced hail, some of it large.  Hail up to 2 inches in diameter was reported, and many locations reported large accumulations of hail with drifts up to a couple feet.  Strong and gusty winds in a couple of the thunderstorms produced wind driven hail damage as well.",Quarter sized hail was reported on Lucas Ferry Road. Time estimated by radar.,CSV
202602,26,1934,202602,26,1934,209804,1309080,ALABAMA,1,2026,February,Hail,C,89,MADISON,HUN,26-FEB-26 19:34:00,CST-6,26-FEB-26 19:34:00,0,0,0,0,0.00K,0.00K,Broadcast Media,1.25,,,,,,,,,,,1.49,SSE,HAZEL GREEN,1.49,SSE,HAZEL GREEN,34.91,-86.57,34.91,-86.57,"Multiple supercells developed during the mid to late afternoon hours, lasting into the mid evening hours.  All of these thunderstorms produced hail, some of it large.  Hail up to 2 inches in diameter was reported, and many locations reported large accumulations of hail with drifts up to a couple feet.  Strong and gusty winds in a couple of the thunderstorms produced wind driven hail damage as well.",Half dollar sized hail was reported.,CSV
202602,26,1946,202602,26,1946,209804,1309083,ALABAMA,1,2026,February,Hail,C,89,MADISON,HUN,26-FEB-26 19:46:00,CST-6,26-FEB-26 19:46:00,0,0,0,0,0.00K,0.00K,Public,1.00,,,,,,,,,,,.89,SW,UNION GROVE,.89,SW,UNION GROVE,34.92,-86.49,34.92,-86.49,"Multiple supercells developed during the mid to late afternoon hours, lasting into the mid evening hours.  All of these thunderstorms produced hail, some of it large.  Hail up to 2 inches in diameter was reported, and many locations reported large accumulations of hail with drifts up to a couple feet.  Strong and gusty winds in a couple of the thunderstorms produced wind driven hail damage as well.",Quarter sized hail was reported via mPING.,CSV
202602,26,1613,202602,26,1613,209804,1309086,ALABAMA,1,2026,February,Thunderstorm Wind,C,95,MARSHALL,HUN,26-FEB-26 16:13:00,CST-6,26-FEB-26 16:13:00,0,0,0,0,5.00K,0.00K,Emergency Manager,52.00,EG,,,,,,,,,,1.14,W,SARATOGA,1.14,W,SARATOGA,34.25,-86.22,34.25,-86.22,"Multiple supercells developed during the mid to late afternoon hours, lasting into the mid evening hours.  All of these thunderstorms produced hail, some of it large.  Hail up to 2 inches in diameter was reported, and many locations reported large accumulations of hail with drifts up to a couple feet.  Strong and gusty winds in a couple of the thunderstorms produced wind driven hail damage as well.",Up to 5 trees were uprooted off of Whitesville Road.,CSV
202602,26,1910,202602,26,1910,209804,1309087,ALABAMA,1,2026,February,Thunderstorm Wind,C,103,MORGAN,HUN,26-FEB-26 19:10:00,CST-6,26-FEB-26 19:10:00,0,0,0,0,1.00K,0.00K,911 Call Center,43.00,EG,,,,,,,,,,2.52,NNE,GANDYS COVE,2.52,NNE,GANDYS COVE,34.4052,-86.8086,34.4052,-86.8086,"Multiple supercells developed during the mid to late afternoon hours, lasting into the mid evening hours.  All of these thunderstorms produced hail, some of it large.  Hail up to 2 inches in diameter was reported, and many locations reported large accumulations of hail with drifts up to a couple feet.  Strong and gusty winds in a couple of the thunderstorms produced wind driven hail damage as well.",A tree was knocked down blocking the roadway at the intersection of Gum Springs Road and Bert Stinson Road. Time estimated by radar.,CSV
202602,26,1925,202602,26,1925,209804,1309084,ALABAMA,1,2026,February,Hail,C,103,MORGAN,HUN,26-FEB-26 19:25:00,CST-6,26-FEB-26 19:25:00,0,0,0,0,0.00K,0.00K,Public,1.25,,,,,,,,,,,.9,NW,HARTSELLE,.9,NW,HARTSELLE,34.44,-86.94,34.44,-86.94,"Multiple supercells developed during the mid to late afternoon hours, lasting into the mid evening hours.  All of these thunderstorms produced hail, some of it large.  Hail up to 2 inches in diameter was reported, and many locations reported large accumulations of hail with drifts up to a couple feet.  Strong and gusty winds in a couple of the thunderstorms produced wind driven hail damage as well.",Half dollar sized hail was reported via mPING.,CSV
202602,26,1920,202602,26,1920,209804,1309088,ALABAMA,1,2026,February,Thunderstorm Wind,C,103,MORGAN,HUN,26-FEB-26 19:20:00,CST-6,26-FEB-26 19:20:00,0,0,0,0,1.00K,0.00K,911 Call Center,43.00,EG,,,,,,,,,,3.49,WNW,BELL SPGS,3.49,WNW,BELL SPGS,34.33,-86.98,34.33,-86.98,"Multiple supercells developed during the mid to late afternoon hours, lasting into the mid evening hours.  All of these thunderstorms produced hail, some of it large.  Hail up to 2 inches in diameter was reported, and many locations reported large accumulations of hail with drifts up to a couple feet.  Strong and gusty winds in a couple of the thunderstorms produced wind driven hail damage as well.",A tree was knocked down and blocking the roadway at 570 Roundtop Road. Time estimated by radar.,CSV
202602,26,1801,202602,26,1801,209804,1309093,ALABAMA,1,2026,February,Hail,C,59,FRANKLIN,HUN,26-FEB-26 18:01:00,CST-6,26-FEB-26 18:01:00,0,0,0,0,0.00K,0.00K,Social Media,1.25,,,,,,,,,,,.84,WSW,FRANKFORT,.84,WSW,FRANKFORT,34.5634,-87.8423,34.5634,-87.8423,"Multiple supercells developed during the mid to late afternoon hours, lasting into the mid evening hours.  All of these thunderstorms produced hail, some of it large.  Hail up to 2 inches in diameter was reported, and many locations reported large accumulations of hail with drifts up to a couple feet.  Strong and gusty winds in a couple of the thunderstorms produced wind driven hail damage as well.",Half dollar sized hail was estimated from a photo on social media in Frankfort.,CSV
202602,26,1955,202602,26,1955,209804,1309097,ALABAMA,1,2026,February,Hail,C,89,MADISON,HUN,26-FEB-26 19:55:00,CST-6,26-FEB-26 19:55:00,0,0,0,0,0.00K,0.00K,Public,1.25,,,,,,,,,,,1.43,E,MINT SPG,1.43,E,MINT SPG,34.9475,-86.445,34.9475,-86.445,"Multiple supercells developed during the mid to late afternoon hours, lasting into the mid evening hours.  All of these thunderstorms produced hail, some of it large.  Hail up to 2 inches in diameter was reported, and many locations reported large accumulations of hail with drifts up to a couple feet.  Strong and gusty winds in a couple of the thunderstorms produced wind driven hail damage as well.",Up to half dollar sized hail was reported on the 500 block of Ollie Howard Road. Time estimated by radar.,CSV
202602,26,1806,202602,26,1806,209804,1309098,ALABAMA,1,2026,February,Hail,C,103,MORGAN,HUN,26-FEB-26 18:06:00,CST-6,26-FEB-26 18:06:00,0,0,0,0,0.00K,0.00K,Broadcast Media,2.00,,,,,,,,,,,.9,SW,DANVILLE,.9,SW,DANVILLE,34.41,-87.09,34.41,-87.09,"Multiple supercells developed during the mid to late afternoon hours, lasting into the mid evening hours.  All of these thunderstorms produced hail, some of it large.  Hail up to 2 inches in diameter was reported, and many locations reported large accumulations of hail with drifts up to a couple feet.  Strong and gusty winds in a couple of the thunderstorms produced wind driven hail damage as well.",Hail of just over 2 inches in diameter was reported in Danville.,CSV
202602,26,1755,202602,26,1755,209804,1309295,ALABAMA,1,2026,February,Hail,C,79,LAWRENCE,HUN,26-FEB-26 17:55:00,CST-6,26-FEB-26 17:55:00,0,0,0,0,0.00K,0.00K,Storm Chaser,1.50,,,,,,,,,,,0,N,FIVE PTS,0,N,FIVE PTS,34.47,-87.05,34.47,-87.05,"Multiple supercells developed during the mid to late afternoon hours, lasting into the mid evening hours.  All of these thunderstorms produced hail, some of it large.  Hail up to 2 inches in diameter was reported, and many locations reported large accumulations of hail with drifts up to a couple feet.  Strong and gusty winds in a couple of the thunderstorms produced wind driven hail damage as well.",A UAH meteorology student reported 1.5 inch diameter hail off a dash cam video in Five Points.,CSV
202602,26,1900,202602,26,1900,209804,1309043,ALABAMA,1,2026,February,Hail,C,43,CULLMAN,HUN,26-FEB-26 19:00:00,CST-6,26-FEB-26 19:00:00,0,0,0,0,15.00K,0.00K,Emergency Manager,1.25,,,,,,,,,,,1.79,SE,HOLLY POND,1.79,SE,HOLLY POND,34.15,-86.6,34.15,-86.6,"Multiple supercells developed during the mid to late afternoon hours, lasting into the mid evening hours.  All of these thunderstorms produced hail, some of it large.  Hail up to 2 inches in diameter was reported, and many locations reported large accumulations of hail with drifts up to a couple feet.  Strong and gusty winds in a couple of the thunderstorms produced wind driven hail damage as well.",Large hail produced roof damage and shattered vehicle lights at 1994 CR 698. Time estimated by radar.,CSV
202602,26,1906,202602,27,100,209804,1320426,ALABAMA,1,2026,February,Flood,C,43,CULLMAN,HUN,26-FEB-26 19:06:00,CST-6,27-FEB-26 01:00:00,0,0,0,0,0.00K,0.00K,Emergency Manager,,,Heavy Rain,,,,,,,,,1.38,N,PROVIDENCE,1.42,N,PROVIDENCE,34.29,-86.82,34.2903,-86.8237,"Multiple supercells developed during the mid to late afternoon hours, lasting into the mid evening hours.  All of these thunderstorms produced hail, some of it large.  Hail up to 2 inches in diameter was reported, and many locations reported large accumulations of hail with drifts up to a couple feet.  Strong and gusty winds in a couple of the thunderstorms produced wind driven hail damage as well.",Dispatch reported flooding along CR 1442. Depth of water unknown.,CSV
202602,1,0,202602,1,600,209101,1304629,ALABAMA,1,2026,February,Cold/Wind Chill,Z,2,COLBERT,HUN,01-FEB-26 00:00:00,CST-6,01-FEB-26 06:00:00,0,0,0,0,0.00K,0.00K,ASOS,,,,,,,,,,,,,,,,,,,,,,Wind chill temperatures dropped into the 5 above to 1 above zero range.,The wind chill temperature dropped as low as 1 degree above zero.,CSV
202602,1,0,202602,1,600,209101,1304631,ALABAMA,1,2026,February,Cold/Wind Chill,Z,1,LAUDERDALE,HUN,01-FEB-26 00:00:00,CST-6,01-FEB-26 06:00:00,0,0,0,0,0.00K,0.00K,ASOS,,,,,,,,,,,,,,,,,,,,,,Wind chill temperatures dropped into the 5 above to 1 above zero range.,The wind chill temperature dropped as low as 4 degree above zero.,CSV
202602,21,1638,202602,21,1638,210544,1314179,ALABAMA,1,2026,February,Thunderstorm Wind,C,45,DALE,TAE,21-FEB-26 16:38:00,CST-6,21-FEB-26 16:38:00,0,0,0,0,0.00K,0.00K,911 Call Center,50.00,EG,,,,,,,,,,1.37,WNW,ARGUTA,1.37,WNW,ARGUTA,31.58,-85.61,31.58,-85.61,An isolated severe storm ahead of a front resulted in a tree blocking a roadway in northern Dale county.,A tree was blown down across the road near County road 15 and County Road 113.,CSV
202602,26,1620,202602,26,1620,209804,1309044,ALABAMA,1,2026,February,Hail,C,33,COLBERT,HUN,26-FEB-26 16:20:00,CST-6,26-FEB-26 16:20:00,0,0,0,0,0.00K,0.00K,Emergency Manager,1.00,,,,,,,,,,,4.87,N,CROOKED OAK,4.87,N,CROOKED OAK,34.65,-87.79,34.65,-87.79,"Multiple supercells developed during the mid to late afternoon hours, lasting into the mid evening hours.  All of these thunderstorms produced hail, some of it large.  Hail up to 2 inches in diameter was reported, and many locations reported large accumulations of hail with drifts up to a couple feet.  Strong and gusty winds in a couple of the thunderstorms produced wind driven hail damage as well.",One inch diameter hail was reported.,CSV
202602,26,1734,202602,26,1734,209804,1309045,ALABAMA,1,2026,February,Hail,C,33,COLBERT,HUN,26-FEB-26 17:34:00,CST-6,26-FEB-26 17:34:00,0,0,0,0,0.00K,0.00K,Broadcast Media,1.75,,,,,,,,,,,0,N,MYNOT,0,N,MYNOT,34.65,-88.05,34.65,-88.05,"Multiple supercells developed during the mid to late afternoon hours, lasting into the mid evening hours.  All of these thunderstorms produced hail, some of it large.  Hail up to 2 inches in diameter was reported, and many locations reported large accumulations of hail with drifts up to a couple feet.  Strong and gusty winds in a couple of the thunderstorms produced wind driven hail damage as well.",Golf ball sized hail was estimated by a photo.,CSV
202602,26,1748,202602,26,1748,209804,1309046,ALABAMA,1,2026,February,Hail,C,79,LAWRENCE,HUN,26-FEB-26 17:48:00,CST-6,26-FEB-26 17:48:00,0,0,0,0,0.00K,0.00K,Broadcast Media,1.00,,,,,,,,,,,.57,W,WREN,.57,W,WREN,34.43,-87.29,34.43,-87.29,"Multiple supercells developed during the mid to late afternoon hours, lasting into the mid evening hours.  All of these thunderstorms produced hail, some of it large.  Hail up to 2 inches in diameter was reported, and many locations reported large accumulations of hail with drifts up to a couple feet.  Strong and gusty winds in a couple of the thunderstorms produced wind driven hail damage as well.",One inch hail was reported.,CSV
202602,26,1801,202602,26,1801,209804,1309047,ALABAMA,1,2026,February,Hail,C,33,COLBERT,HUN,26-FEB-26 18:01:00,CST-6,26-FEB-26 18:01:00,0,0,0,0,0.00K,0.00K,Emergency Manager,2.00,,,,,,,,,,,.89,NW,CROOKED OAK,.89,NW,CROOKED OAK,34.59,-87.81,34.59,-87.81,"Multiple supercells developed during the mid to late afternoon hours, lasting into the mid evening hours.  All of these thunderstorms produced hail, some of it large.  Hail up to 2 inches in diameter was reported, and many locations reported large accumulations of hail with drifts up to a couple feet.  Strong and gusty winds in a couple of the thunderstorms produced wind driven hail damage as well.",Up to 2 inch diameter hail was measured on Wagon Mountain Road.,CSV
202602,26,1806,202602,26,1806,209804,1309048,ALABAMA,1,2026,February,Hail,C,103,MORGAN,HUN,26-FEB-26 18:06:00,CST-6,26-FEB-26 18:06:00,0,0,0,0,0.00K,0.00K,Broadcast Media,1.00,,,,,,,,,,,.9,SW,DANVILLE,.9,SW,DANVILLE,34.41,-87.09,34.41,-87.09,"Multiple supercells developed during the mid to late afternoon hours, lasting into the mid evening hours.  All of these thunderstorms produced hail, some of it large.  Hail up to 2 inches in diameter was reported, and many locations reported large accumulations of hail with drifts up to a couple feet.  Strong and gusty winds in a couple of the thunderstorms produced wind driven hail damage as well.",Quarter sized hail was reported in Danville.,CSV
202602,10,0,202602,28,2359,209688,1319815,ALABAMA,1,2026,February,Drought,Z,9,JACKSON,HUN,10-FEB-26 00:00:00,CST-6,28-FEB-26 23:59:00,0,0,0,0,0.00K,0.00K,Drought Monitor,,,,,,,,,,,,,,,,,,,,,,Abnormally dry weather (especially during December) and continued below normal precipitation in January produced severe drought conditions in far eastern portions of Alabama near the AL/GA border by February 10th. These conditions continued through February 28th.,Severe drought conditions developed over extreme southeastern portions of Jackson  county on February 10th and continued through February 28th.,CSV
202602,26,1801,202602,26,1801,209804,1309049,ALABAMA,1,2026,February,Hail,C,59,FRANKLIN,HUN,26-FEB-26 18:01:00,CST-6,26-FEB-26 18:01:00,0,0,0,0,0.00K,0.00K,Public,1.75,,,,,,,,,,,.9,SW,FRANKFORT,.9,SW,FRANKFORT,34.56,-87.84,34.56,-87.84,"Multiple supercells developed during the mid to late afternoon hours, lasting into the mid evening hours.  All of these thunderstorms produced hail, some of it large.  Hail up to 2 inches in diameter was reported, and many locations reported large accumulations of hail with drifts up to a couple feet.  Strong and gusty winds in a couple of the thunderstorms produced wind driven hail damage as well.",Golf ball sized hail was estimated from a photo on social media.,CSV
202602,26,1816,202602,26,1816,209804,1309050,ALABAMA,1,2026,February,Hail,C,59,FRANKLIN,HUN,26-FEB-26 18:16:00,CST-6,26-FEB-26 18:16:00,0,0,0,0,0.00K,0.00K,Storm Chaser,1.25,,,,,,,,,,,.9,NW,REEDTOWN,.9,NW,REEDTOWN,34.51,-87.76,34.51,-87.76,"Multiple supercells developed during the mid to late afternoon hours, lasting into the mid evening hours.  All of these thunderstorms produced hail, some of it large.  Hail up to 2 inches in diameter was reported, and many locations reported large accumulations of hail with drifts up to a couple feet.  Strong and gusty winds in a couple of the thunderstorms produced wind driven hail damage as well.",Half dollar sized hail was reported.,CSV
202602,26,1808,202602,26,1808,209804,1309051,ALABAMA,1,2026,February,Hail,C,43,CULLMAN,HUN,26-FEB-26 18:08:00,CST-6,26-FEB-26 18:08:00,0,0,0,0,0.00K,0.00K,Public,0.88,,,,,,,,,,,2.39,WNW,CORINTH,2.39,WNW,CORINTH,34.31,-87.11,34.31,-87.11,"Multiple supercells developed during the mid to late afternoon hours, lasting into the mid evening hours.  All of these thunderstorms produced hail, some of it large.  Hail up to 2 inches in diameter was reported, and many locations reported large accumulations of hail with drifts up to a couple feet.  Strong and gusty winds in a couple of the thunderstorms produced wind driven hail damage as well.",Nickel sized hail was reported. Time estimated by radar.,CSV
202602,26,1818,202602,26,1818,209804,1309052,ALABAMA,1,2026,February,Hail,C,59,FRANKLIN,HUN,26-FEB-26 18:18:00,CST-6,26-FEB-26 18:18:00,0,0,0,0,0.00K,0.00K,Trained Spotter,1.50,,,,,,,,,,,0,N,RUSSELLVILLE,0,N,RUSSELLVILLE,34.52,-87.73,34.52,-87.73,"Multiple supercells developed during the mid to late afternoon hours, lasting into the mid evening hours.  All of these thunderstorms produced hail, some of it large.  Hail up to 2 inches in diameter was reported, and many locations reported large accumulations of hail with drifts up to a couple feet.  Strong and gusty winds in a couple of the thunderstorms produced wind driven hail damage as well.",Ping pong ball sized hail was reported in in the north side of Russellville.,CSV
202602,26,1834,202602,26,1834,209804,1309054,ALABAMA,1,2026,February,Hail,C,59,FRANKLIN,HUN,26-FEB-26 18:34:00,CST-6,26-FEB-26 18:34:00,0,0,0,0,0.00K,0.00K,Public,1.25,,,,,,,,,,,.57,E,NEWBURG,.57,E,NEWBURG,34.48,-87.57,34.48,-87.57,"Multiple supercells developed during the mid to late afternoon hours, lasting into the mid evening hours.  All of these thunderstorms produced hail, some of it large.  Hail up to 2 inches in diameter was reported, and many locations reported large accumulations of hail with drifts up to a couple feet.  Strong and gusty winds in a couple of the thunderstorms produced wind driven hail damage as well.",Half dollar sized hail was reported via mPING.,CSV
202602,21,743,202602,21,747,209671,1307537,ALABAMA,1,2026,February,Thunderstorm Wind,C,37,COOSA,BMX,21-FEB-26 07:43:00,CST-6,21-FEB-26 07:47:00,0,0,0,0,0.00K,0.00K,NWS Storm Survey,52.00,EG,,,,,,,,,,.53,NNE,KELLYTON,.53,NNE,KELLYTON,32.9867,-86.0256,32.9867,-86.0256,"A line of thunderstorms preceding a cold front briefly intensified over Coosa and Tallapoosa counties, producing sporadic wind damage.","A bowing segment embedded within a line of strong thunderstorms produced isolated damage around the Kellyton community in eastern Coosa County on the morning of February 21, 2026. This damage was surveyed by NWS meteorologists and was determined to be the result of straight-line winds. A manufactured home sustained major roof damage on Trailer Park Rd, but this was an isolated incident with no further damage noted to the surrounding homes or trees. The bowing segment continued east with a localized area of several uprooted and a few snapped pines noted along Moon Rd. A metal outbuilding in this area also sustained minor roof damage with a corner of tin peeled back. Minor tree and power line damage was noted at times as far east as Dobbs Rd and Greenleaf St near Highway 63 in Tallapoosa County.",CSV
202602,21,747,202602,21,755,209671,1307539,ALABAMA,1,2026,February,Thunderstorm Wind,C,123,TALLAPOOSA,BMX,21-FEB-26 07:47:00,CST-6,21-FEB-26 07:55:00,0,0,0,0,0.00K,0.00K,NWS Storm Survey,52.00,EG,,,,,,,,,,2.89,NNE,ALEXANDER CITY,2.89,NNE,ALEXANDER CITY,32.9876,-85.9481,32.9876,-85.9481,"A line of thunderstorms preceding a cold front briefly intensified over Coosa and Tallapoosa counties, producing sporadic wind damage.","A bowing segment embedded within a line of strong thunderstorms produced isolated damage around the Kellyton community in eastern Coosa County on the morning of February 21, 2026. This damage was surveyed by NWS meteorologists and was determined to be the result of straight-line winds. A manufactured home sustained major roof damage on Trailer Park Rd, but this was an isolated incident with no further damage noted to the surrounding homes or trees. The bowing segment continued east with a localized area of several uprooted and a few snapped pines noted along Moon Rd. A metal outbuilding in this area also sustained minor roof damage with a corner of tin peeled back. Minor tree and power line damage was noted at times as far east as Dobbs Rd and Greenleaf St near Highway 63 in Tallapoosa County.",CSV
202602,10,0,202602,28,2359,209688,1319814,ALABAMA,1,2026,February,Drought,Z,10,DEKALB,HUN,10-FEB-26 00:00:00,CST-6,28-FEB-26 23:59:00,0,0,0,0,0.00K,0.00K,Drought Monitor,,,,,,,,,,,,,,,,,,,,,,Abnormally dry weather (especially during December) and continued below normal precipitation in January produced severe drought conditions in far eastern portions of Alabama near the AL/GA border by February 10th. These conditions continued through February 28th.,Severe drought conditions developed over northeastern portions of DeKalb county on February 10th and continues through February 28th.,CSV
202602,26,1855,202602,26,1855,209804,1309055,ALABAMA,1,2026,February,Hail,C,77,LAUDERDALE,HUN,26-FEB-26 18:55:00,CST-6,26-FEB-26 18:55:00,0,0,0,0,0.00K,0.00K,Public,1.00,,,,,,,,,,,2.15,S,GREEN HILL,2.15,S,GREEN HILL,34.939,-87.5039,34.939,-87.5039,"Multiple supercells developed during the mid to late afternoon hours, lasting into the mid evening hours.  All of these thunderstorms produced hail, some of it large.  Hail up to 2 inches in diameter was reported, and many locations reported large accumulations of hail with drifts up to a couple feet.  Strong and gusty winds in a couple of the thunderstorms produced wind driven hail damage as well.",Quarter sized hail was estimated from a video at 5841 CR 25 in the Green Hill area. Time estimated by radar.,CSV
202602,26,1841,202602,26,1841,209804,1309056,ALABAMA,1,2026,February,Hail,C,83,LIMESTONE,HUN,26-FEB-26 18:41:00,CST-6,26-FEB-26 18:41:00,0,0,0,0,0.00K,0.00K,Public,0.75,,,,,,,,,,,0,N,BLACKBURN,0,N,BLACKBURN,34.78,-87.05,34.78,-87.05,"Multiple supercells developed during the mid to late afternoon hours, lasting into the mid evening hours.  All of these thunderstorms produced hail, some of it large.  Hail up to 2 inches in diameter was reported, and many locations reported large accumulations of hail with drifts up to a couple feet.  Strong and gusty winds in a couple of the thunderstorms produced wind driven hail damage as well.",Penny sized hail was reported via mPING.,CSV
202602,26,1845,202602,26,1845,209804,1309057,ALABAMA,1,2026,February,Hail,C,83,LIMESTONE,HUN,26-FEB-26 18:45:00,CST-6,26-FEB-26 18:45:00,0,0,0,0,0.00K,0.00K,Public,1.00,,,,,,,,,,,1.84,WSW,SARDIS SPGS,1.84,WSW,SARDIS SPGS,34.82,-86.91,34.82,-86.91,"Multiple supercells developed during the mid to late afternoon hours, lasting into the mid evening hours.  All of these thunderstorms produced hail, some of it large.  Hail up to 2 inches in diameter was reported, and many locations reported large accumulations of hail with drifts up to a couple feet.  Strong and gusty winds in a couple of the thunderstorms produced wind driven hail damage as well.",Quarter sized hail was reported via mPING.,CSV
202602,26,1842,202602,26,1842,209804,1309058,ALABAMA,1,2026,February,Hail,C,83,LIMESTONE,HUN,26-FEB-26 18:42:00,CST-6,26-FEB-26 18:42:00,0,0,0,0,0.00K,0.00K,Broadcast Media,1.25,,,,,,,,,,,0,N,ATHENS,0,N,ATHENS,34.8,-86.98,34.8,-86.98,"Multiple supercells developed during the mid to late afternoon hours, lasting into the mid evening hours.  All of these thunderstorms produced hail, some of it large.  Hail up to 2 inches in diameter was reported, and many locations reported large accumulations of hail with drifts up to a couple feet.  Strong and gusty winds in a couple of the thunderstorms produced wind driven hail damage as well.",Half dollar sized hail was reported.,CSV
202602,26,1830,202602,26,1830,209804,1309059,ALABAMA,1,2026,February,Hail,C,43,CULLMAN,HUN,26-FEB-26 18:30:00,CST-6,26-FEB-26 18:30:00,0,0,0,0,0.00K,0.00K,Newspaper,2.00,,,,,,,,,,,1.76,NW,LONGVIEW,1.76,NW,LONGVIEW,34.2659,-86.904,34.2659,-86.904,"Multiple supercells developed during the mid to late afternoon hours, lasting into the mid evening hours.  All of these thunderstorms produced hail, some of it large.  Hail up to 2 inches in diameter was reported, and many locations reported large accumulations of hail with drifts up to a couple feet.  Strong and gusty winds in a couple of the thunderstorms produced wind driven hail damage as well.",Hail up to 2.25 inches in diameter was estimated by a photo on CR 1269. Time estimated by radar.,CSV
202602,26,1842,202602,26,1842,209804,1309060,ALABAMA,1,2026,February,Hail,C,83,LIMESTONE,HUN,26-FEB-26 18:42:00,CST-6,26-FEB-26 18:42:00,0,0,0,0,0.00K,0.00K,Public,1.00,,,,,,,,,,,1.33,ESE,ATHENS,1.33,ESE,ATHENS,34.79,-86.96,34.79,-86.96,"Multiple supercells developed during the mid to late afternoon hours, lasting into the mid evening hours.  All of these thunderstorms produced hail, some of it large.  Hail up to 2 inches in diameter was reported, and many locations reported large accumulations of hail with drifts up to a couple feet.  Strong and gusty winds in a couple of the thunderstorms produced wind driven hail damage as well.",Quarter sized hail was reported via mPING.,CSV
202602,26,1752,202602,26,1752,209804,1309061,ALABAMA,1,2026,February,Hail,C,79,LAWRENCE,HUN,26-FEB-26 17:52:00,CST-6,26-FEB-26 17:52:00,0,0,0,0,1.00K,0.00K,Broadcast Media,1.00,,,,,,,,,,,2.38,ESE,WREN,2.38,ESE,WREN,34.42,-87.24,34.42,-87.24,"Multiple supercells developed during the mid to late afternoon hours, lasting into the mid evening hours.  All of these thunderstorms produced hail, some of it large.  Hail up to 2 inches in diameter was reported, and many locations reported large accumulations of hail with drifts up to a couple feet.  Strong and gusty winds in a couple of the thunderstorms produced wind driven hail damage as well.",Wind blown hail broke windows at a residence in the Aldridge Grove Community. Time estimated by radar.,CSV
202602,26,1853,202602,26,1853,209804,1309062,ALABAMA,1,2026,February,Hail,C,77,LAUDERDALE,HUN,26-FEB-26 18:53:00,CST-6,26-FEB-26 18:53:00,0,0,0,0,0.00K,0.00K,Public,0.75,,,,,,,,,,,2.15,NNE,HOLLOWAY,2.15,NNE,HOLLOWAY,34.91,-87.52,34.91,-87.52,"Multiple supercells developed during the mid to late afternoon hours, lasting into the mid evening hours.  All of these thunderstorms produced hail, some of it large.  Hail up to 2 inches in diameter was reported, and many locations reported large accumulations of hail with drifts up to a couple feet.  Strong and gusty winds in a couple of the thunderstorms produced wind driven hail damage as well.",Dime sized hail was reported via mPING.,CSV
202602,26,1902,202602,26,1902,209804,1309063,ALABAMA,1,2026,February,Hail,C,43,CULLMAN,HUN,26-FEB-26 19:02:00,CST-6,26-FEB-26 19:02:00,0,0,0,0,10.00K,0.00K,Emergency Manager,1.75,,,,,,,,,,,1.79,SE,HOLLY POND,1.79,SE,HOLLY POND,34.15,-86.6,34.15,-86.6,"Multiple supercells developed during the mid to late afternoon hours, lasting into the mid evening hours.  All of these thunderstorms produced hail, some of it large.  Hail up to 2 inches in diameter was reported, and many locations reported large accumulations of hail with drifts up to a couple feet.  Strong and gusty winds in a couple of the thunderstorms produced wind driven hail damage as well.",Golf ball sized hail was reported and damaged a vehicle and manufactured home on CR 698 near Holly Pond.,CSV
202602,26,1851,202602,26,1851,209804,1309064,ALABAMA,1,2026,February,Hail,C,77,LAUDERDALE,HUN,26-FEB-26 18:51:00,CST-6,26-FEB-26 18:51:00,0,0,0,0,0.00K,0.00K,Broadcast Media,1.00,,,,,,,,,,,.57,W,HOLLOWAY,.57,W,HOLLOWAY,34.88,-87.54,34.88,-87.54,"Multiple supercells developed during the mid to late afternoon hours, lasting into the mid evening hours.  All of these thunderstorms produced hail, some of it large.  Hail up to 2 inches in diameter was reported, and many locations reported large accumulations of hail with drifts up to a couple feet.  Strong and gusty winds in a couple of the thunderstorms produced wind driven hail damage as well.",Quarter sized hail was reported.,CSV
202602,26,1851,202602,26,1851,209804,1309065,ALABAMA,1,2026,February,Hail,C,43,CULLMAN,HUN,26-FEB-26 18:51:00,CST-6,26-FEB-26 18:51:00,0,0,0,0,0.00K,0.00K,Emergency Manager,1.00,,,,,,,,,,,1.71,E,BERLIN,1.71,E,BERLIN,34.18,-86.72,34.18,-86.72,"Multiple supercells developed during the mid to late afternoon hours, lasting into the mid evening hours.  All of these thunderstorms produced hail, some of it large.  Hail up to 2 inches in diameter was reported, and many locations reported large accumulations of hail with drifts up to a couple feet.  Strong and gusty winds in a couple of the thunderstorms produced wind driven hail damage as well.",Quarter sized hail was reported between Cullman and Holly Pond.,CSV
202602,26,1909,202602,26,1909,209804,1309066,ALABAMA,1,2026,February,Hail,C,79,LAWRENCE,HUN,26-FEB-26 19:09:00,CST-6,26-FEB-26 19:09:00,0,0,0,0,0.00K,0.00K,Public,1.50,,,,,,,,,,,1.71,W,POOL,1.71,W,POOL,34.35,-87.25,34.35,-87.25,"Multiple supercells developed during the mid to late afternoon hours, lasting into the mid evening hours.  All of these thunderstorms produced hail, some of it large.  Hail up to 2 inches in diameter was reported, and many locations reported large accumulations of hail with drifts up to a couple feet.  Strong and gusty winds in a couple of the thunderstorms produced wind driven hail damage as well.",Ping pong ball sized hail was reported via mPING.,CSV
202602,26,1913,202602,26,1913,209804,1309069,ALABAMA,1,2026,February,Hail,C,89,MADISON,HUN,26-FEB-26 19:13:00,CST-6,26-FEB-26 19:13:00,0,0,0,0,0.00K,0.00K,NWS Employee,1.00,,,,,,,,,,,1.13,E,HARVEST,1.13,E,HARVEST,34.85,-86.75,34.85,-86.75,"Multiple supercells developed during the mid to late afternoon hours, lasting into the mid evening hours.  All of these thunderstorms produced hail, some of it large.  Hail up to 2 inches in diameter was reported, and many locations reported large accumulations of hail with drifts up to a couple feet.  Strong and gusty winds in a couple of the thunderstorms produced wind driven hail damage as well.",Quarter sized hail was reported in Harvest.,CSV
202602,26,1858,202602,26,1858,209804,1309071,ALABAMA,1,2026,February,Hail,C,83,LIMESTONE,HUN,26-FEB-26 18:58:00,CST-6,26-FEB-26 18:58:00,0,0,0,0,0.00K,0.00K,Public,1.00,,,,,,,,,,,1.33,ENE,SARDIS SPGS,1.33,ENE,SARDIS SPGS,34.84,-86.86,34.84,-86.86,"Multiple supercells developed during the mid to late afternoon hours, lasting into the mid evening hours.  All of these thunderstorms produced hail, some of it large.  Hail up to 2 inches in diameter was reported, and many locations reported large accumulations of hail with drifts up to a couple feet.  Strong and gusty winds in a couple of the thunderstorms produced wind driven hail damage as well.",Hail of just over one inch in diameter was reported. Time estimated by radar.,CSV
202602,26,1901,202602,26,1901,209804,1309072,ALABAMA,1,2026,February,Hail,C,43,CULLMAN,HUN,26-FEB-26 19:01:00,CST-6,26-FEB-26 19:01:00,0,0,0,0,0.00K,0.00K,Emergency Manager,1.00,,,,,,,,,,,1.71,E,HOLLY POND,1.71,E,HOLLY POND,34.17,-86.59,34.17,-86.59,"Multiple supercells developed during the mid to late afternoon hours, lasting into the mid evening hours.  All of these thunderstorms produced hail, some of it large.  Hail up to 2 inches in diameter was reported, and many locations reported large accumulations of hail with drifts up to a couple feet.  Strong and gusty winds in a couple of the thunderstorms produced wind driven hail damage as well.",Quarter sized hail was reported between Holly Pond and County Line.,CSV
202602,26,1920,202602,26,1920,209804,1309073,ALABAMA,1,2026,February,Hail,C,77,LAUDERDALE,HUN,26-FEB-26 19:20:00,CST-6,26-FEB-26 19:20:00,0,0,0,0,0.00K,0.00K,Broadcast Media,1.25,,,,,,,,,,,0,N,ANDERSON,0,N,ANDERSON,34.92,-87.27,34.92,-87.27,"Multiple supercells developed during the mid to late afternoon hours, lasting into the mid evening hours.  All of these thunderstorms produced hail, some of it large.  Hail up to 2 inches in diameter was reported, and many locations reported large accumulations of hail with drifts up to a couple feet.  Strong and gusty winds in a couple of the thunderstorms produced wind driven hail damage as well.",Half dollar sized hail was reported.,CSV
202602,26,1920,202602,26,1920,209804,1309074,ALABAMA,1,2026,February,Hail,C,103,MORGAN,HUN,26-FEB-26 19:20:00,CST-6,26-FEB-26 19:20:00,0,0,0,0,0.00K,0.00K,Public,1.25,,,,,,,,,,,.9,NW,HARTSELLE,.9,NW,HARTSELLE,34.44,-86.94,34.44,-86.94,"Multiple supercells developed during the mid to late afternoon hours, lasting into the mid evening hours.  All of these thunderstorms produced hail, some of it large.  Hail up to 2 inches in diameter was reported, and many locations reported large accumulations of hail with drifts up to a couple feet.  Strong and gusty winds in a couple of the thunderstorms produced wind driven hail damage as well.",Half dollar sized hail was reported. Time estimated by radar.,CSV
202602,26,1933,202602,26,1933,209804,1309075,ALABAMA,1,2026,February,Hail,C,89,MADISON,HUN,26-FEB-26 19:33:00,CST-6,26-FEB-26 19:33:00,0,0,0,0,0.00K,0.00K,Public,0.75,,,,,,,,,,,.69,S,GLADSTONE,.69,S,GLADSTONE,34.87,-86.65,34.87,-86.65,"Multiple supercells developed during the mid to late afternoon hours, lasting into the mid evening hours.  All of these thunderstorms produced hail, some of it large.  Hail up to 2 inches in diameter was reported, and many locations reported large accumulations of hail with drifts up to a couple feet.  Strong and gusty winds in a couple of the thunderstorms produced wind driven hail damage as well.",Penny sized hail was reported via mPING.,CSV
202602,26,1928,202602,26,1928,209804,1309076,ALABAMA,1,2026,February,Hail,C,89,MADISON,HUN,26-FEB-26 19:28:00,CST-6,26-FEB-26 19:28:00,0,0,0,0,0.00K,0.00K,Public,0.88,,,,,,,,,,,.89,NE,GLADSTONE,.89,NE,GLADSTONE,34.89,-86.64,34.89,-86.64,"Multiple supercells developed during the mid to late afternoon hours, lasting into the mid evening hours.  All of these thunderstorms produced hail, some of it large.  Hail up to 2 inches in diameter was reported, and many locations reported large accumulations of hail with drifts up to a couple feet.  Strong and gusty winds in a couple of the thunderstorms produced wind driven hail damage as well.",Nickel sized hail was reported.,CSV
202602,26,1924,202602,26,1924,209804,1309077,ALABAMA,1,2026,February,Hail,C,89,MADISON,HUN,26-FEB-26 19:24:00,CST-6,26-FEB-26 19:24:00,0,0,0,0,0.00K,0.00K,Public,0.75,,,,,,,,,,,.69,S,GLADSTONE,.69,S,GLADSTONE,34.87,-86.65,34.87,-86.65,"Multiple supercells developed during the mid to late afternoon hours, lasting into the mid evening hours.  All of these thunderstorms produced hail, some of it large.  Hail up to 2 inches in diameter was reported, and many locations reported large accumulations of hail with drifts up to a couple feet.  Strong and gusty winds in a couple of the thunderstorms produced wind driven hail damage as well.",Penny sized hail was reported via mPING.,CSV
202601,6,0,202601,13,0,208789,1315674,ALABAMA,1,2026,January,Drought,Z,9,JACKSON,HUN,06-JAN-26 00:00:00,CST-6,13-JAN-26 00:00:00,0,0,0,0,0.00K,0.00K,Drought Monitor,,,,,,,,,,,,,,,,,,,,,,"Severe Drought (D2) Conditions were introduced this week for portions of Northeastern Alabama, but were removed the following week thanks to beneficial rainfall.","Severe Drought (D2) Conditions were introduced this week for portions of Northeastern Alabama, but were removed the following week thanks to beneficial rainfall.",CSV
202601,6,0,202601,13,0,208789,1315676,ALABAMA,1,2026,January,Drought,Z,10,DEKALB,HUN,06-JAN-26 00:00:00,CST-6,13-JAN-26 00:00:00,0,0,0,0,0.00K,0.00K,Drought Monitor,,,,,,,,,,,,,,,,,,,,,,"Severe Drought (D2) Conditions were introduced this week for portions of Northeastern Alabama, but were removed the following week thanks to beneficial rainfall.","Severe Drought (D2) Conditions were introduced this week for portions of Northeastern Alabama, but were removed the following week thanks to beneficial rainfall.",CSV
202602,1,0,202602,28,2359,210278,1311751,ALABAMA,1,2026,February,Drought,Z,65,COFFEE,TAE,01-FEB-26 00:00:00,EST-5,28-FEB-26 23:59:00,0,0,0,0,,,Drought Monitor,,,,,,,,,,,,,,,,,,,,,,D2 drought conditions continued across most of southeast Alabama through February.  A small area of D3 drought conditions developed across southeastern Houston county.,,CSV
202602,1,0,202602,28,2359,210278,1311752,ALABAMA,1,2026,February,Drought,Z,66,DALE,TAE,01-FEB-26 00:00:00,EST-5,28-FEB-26 23:59:00,0,0,0,0,,,Drought Monitor,,,,,,,,,,,,,,,,,,,,,,D2 drought conditions continued across most of southeast Alabama through February.  A small area of D3 drought conditions developed across southeastern Houston county.,,CSV
202602,1,0,202602,28,2359,210278,1311753,ALABAMA,1,2026,February,Drought,Z,68,GENEVA,TAE,01-FEB-26 00:00:00,EST-5,28-FEB-26 23:59:00,0,0,0,0,,,Drought Monitor,,,,,,,,,,,,,,,,,,,,,,D2 drought conditions continued across most of southeast Alabama through February.  A small area of D3 drought conditions developed across southeastern Houston county.,,CSV
202602,1,0,202602,28,2359,210278,1311754,ALABAMA,1,2026,February,Drought,Z,67,HENRY,TAE,01-FEB-26 00:00:00,EST-5,28-FEB-26 23:59:00,0,0,0,0,,,Drought Monitor,,,,,,,,,,,,,,,,,,,,,,D2 drought conditions continued across most of southeast Alabama through February.  A small area of D3 drought conditions developed across southeastern Houston county.,,CSV
202602,1,0,202602,28,2359,210278,1311755,ALABAMA,1,2026,February,Drought,Z,69,HOUSTON,TAE,01-FEB-26 00:00:00,EST-5,28-FEB-26 23:59:00,0,0,0,0,,,Drought Monitor,,,,,,,,,,,,,,,,,,,,,,D2 drought conditions continued across most of southeast Alabama through February.  A small area of D3 drought conditions developed across southeastern Houston county.,,CSV
202601,31,300,202601,31,1310,209020,1304021,ALABAMA,1,2026,January,Cold/Wind Chill,Z,6,MADISON,HUN,31-JAN-26 03:00:00,CST-6,31-JAN-26 13:10:00,0,0,0,0,0.00K,0.00K,AWOS,,,,,,,,,,,,,,,,,,,,,,Wind chill temperatures dropped into the 5 above to 2 below zero range.,Wind chill temperatures dropped as low as 2 below zero.,CSV
202602,1,0,202602,1,900,209093,1302512,ALABAMA,1,2026,February,Extreme Cold/Wind Chill,Z,65,COFFEE,TAE,01-FEB-26 00:00:00,EST-5,01-FEB-26 09:00:00,0,0,0,0,,,Official NWS Observations,,,,,,,,,,,,,,,,,,,,,,"An Arctic airmass descended upon the tri-state area during the early morning hours of February 1st.  Actual low temperatures reached the upper teens to lower 20s in many location, but the combination of strong winds drove wind chills down into the single digits to lower teens.",,CSV
202602,1,0,202602,1,900,209093,1302513,ALABAMA,1,2026,February,Extreme Cold/Wind Chill,Z,66,DALE,TAE,01-FEB-26 00:00:00,EST-5,01-FEB-26 09:00:00,0,0,0,0,,,Official NWS Observations,,,,,,,,,,,,,,,,,,,,,,"An Arctic airmass descended upon the tri-state area during the early morning hours of February 1st.  Actual low temperatures reached the upper teens to lower 20s in many location, but the combination of strong winds drove wind chills down into the single digits to lower teens.",,CSV
202602,1,0,202602,1,900,209093,1302514,ALABAMA,1,2026,February,Extreme Cold/Wind Chill,Z,68,GENEVA,TAE,01-FEB-26 00:00:00,EST-5,01-FEB-26 09:00:00,0,0,0,0,,,Official NWS Observations,,,,,,,,,,,,,,,,,,,,,,"An Arctic airmass descended upon the tri-state area during the early morning hours of February 1st.  Actual low temperatures reached the upper teens to lower 20s in many location, but the combination of strong winds drove wind chills down into the single digits to lower teens.",,CSV
202602,1,0,202602,1,900,209093,1302515,ALABAMA,1,2026,February,Extreme Cold/Wind Chill,Z,67,HENRY,TAE,01-FEB-26 00:00:00,EST-5,01-FEB-26 09:00:00,0,0,0,0,,,Official NWS Observations,,,,,,,,,,,,,,,,,,,,,,"An Arctic airmass descended upon the tri-state area during the early morning hours of February 1st.  Actual low temperatures reached the upper teens to lower 20s in many location, but the combination of strong winds drove wind chills down into the single digits to lower teens.",,CSV
202602,1,0,202602,1,900,209093,1302516,ALABAMA,1,2026,February,Extreme Cold/Wind Chill,Z,69,HOUSTON,TAE,01-FEB-26 00:00:00,EST-5,01-FEB-26 09:00:00,0,0,0,0,,,Official NWS Observations,,,,,,,,,,,,,,,,,,,,,,"An Arctic airmass descended upon the tri-state area during the early morning hours of February 1st.  Actual low temperatures reached the upper teens to lower 20s in many location, but the combination of strong winds drove wind chills down into the single digits to lower teens.",,CSV
202602,1,0,202602,1,900,209101,1304637,ALABAMA,1,2026,February,Cold/Wind Chill,Z,6,MADISON,HUN,01-FEB-26 00:00:00,CST-6,01-FEB-26 09:00:00,0,0,0,0,0.00K,0.00K,AWOS,,,,,,,,,,,,,,,,,,,,,,Wind chill temperatures dropped into the 5 above to 1 above zero range.,The wind chill temperature dropped as low as 2 degree above zero.,CSV
202602,1,0,202602,1,900,209101,1304639,ALABAMA,1,2026,February,Cold/Wind Chill,Z,9,JACKSON,HUN,01-FEB-26 00:00:00,CST-6,01-FEB-26 09:00:00,0,0,0,0,0.00K,0.00K,AWOS,,,,,,,,,,,,,,,,,,,,,,Wind chill temperatures dropped into the 5 above to 1 above zero range.,The wind chill temperature dropped as low as 1 degree above zero.,CSV
202602,1,0,202602,1,900,209101,1304640,ALABAMA,1,2026,February,Cold/Wind Chill,Z,10,DEKALB,HUN,01-FEB-26 00:00:00,CST-6,01-FEB-26 09:00:00,0,0,0,0,0.00K,0.00K,AWOS,,,,,,,,,,,,,,,,,,,,,,Wind chill temperatures dropped into the 5 above to 1 above zero range.,The wind chill temperature dropped as low as 1 degree above zero.,CSV
202602,1,100,202602,1,900,209101,1304635,ALABAMA,1,2026,February,Cold/Wind Chill,Z,16,CULLMAN,HUN,01-FEB-26 01:00:00,CST-6,01-FEB-26 09:00:00,0,0,0,0,0.00K,0.00K,AWOS,,,,,,,,,,,,,,,,,,,,,,Wind chill temperatures dropped into the 5 above to 1 above zero range.,The wind chill temperature dropped as low as 2 degree above zero.,CSV
202602,1,0,202602,1,600,209101,1304634,ALABAMA,1,2026,February,Cold/Wind Chill,Z,5,LIMESTONE,HUN,01-FEB-26 00:00:00,CST-6,01-FEB-26 06:00:00,0,0,0,0,0.00K,0.00K,ASOS,,,,,,,,,,,,,,,,,,,,,,Wind chill temperatures dropped into the 5 above to 1 above zero range.,The wind chill temperature dropped as low as 4 degree above zero.,CSV
202602,1,0,202602,1,900,209101,1304636,ALABAMA,1,2026,February,Cold/Wind Chill,Z,8,MARSHALL,HUN,01-FEB-26 00:00:00,CST-6,01-FEB-26 09:00:00,0,0,0,0,0.00K,0.00K,AWOS,,,,,,,,,,,,,,,,,,,,,,Wind chill temperatures dropped into the 5 above to 1 above zero range.,The wind chill temperature dropped as low as 1 degree above zero.,CSV
202602,26,1546,202602,26,1547,209766,1309198,ALABAMA,1,2026,February,Hail,C,73,JEFFERSON,BMX,26-FEB-26 15:46:00,CST-6,26-FEB-26 15:47:00,0,0,0,0,0.00K,0.00K,Public,1.00,,,,,,,,,,,2.68,ENE,TRUSSVILLE,2.68,ENE,TRUSSVILLE,33.64,-86.58,33.64,-86.58,"Scattered supercell thunderstorms developed near a slow-moving frontal boundary during the afternoon and evening hours on February 26. Cold temperatures were present aloft with strong deep layer shear but relatively weak low-level shear. Scattered severe hail reports were received, with the largest hailstones falling in portions of Blount, Jefferson, and St. Clair counties, as large as two inches in diameter. Damaging winds also occurred, with the most significant wind damage in Pinson where a microburst occurred. A hail storm associated with the microburst resulted in accumulating hail that covered the ground and resulted in the formation of hail fog. In addition, a brief EF-0 tornado also moved through Trussville, damaging some commercial and industrial buildings as well as homes, most of which was minor.",Quarter-size hail on Highway 11 near Deerfoot Pkwy.,CSV
202602,26,1557,202602,26,1600,209766,1309199,ALABAMA,1,2026,February,Hail,C,115,ST. CLAIR,BMX,26-FEB-26 15:57:00,CST-6,26-FEB-26 16:00:00,0,0,0,0,0.00K,0.00K,Public,2.00,,,,,,,,,,,1.5,NNE,MOODY,1.5,NNE,MOODY,33.6,-86.49,33.6,-86.49,"Scattered supercell thunderstorms developed near a slow-moving frontal boundary during the afternoon and evening hours on February 26. Cold temperatures were present aloft with strong deep layer shear but relatively weak low-level shear. Scattered severe hail reports were received, with the largest hailstones falling in portions of Blount, Jefferson, and St. Clair counties, as large as two inches in diameter. Damaging winds also occurred, with the most significant wind damage in Pinson where a microburst occurred. A hail storm associated with the microburst resulted in accumulating hail that covered the ground and resulted in the formation of hail fog. In addition, a brief EF-0 tornado also moved through Trussville, damaging some commercial and industrial buildings as well as homes, most of which was minor.",Up to 2-inch hail fell in the Moody area.,CSV
202602,26,1910,202602,26,1914,209766,1309201,ALABAMA,1,2026,February,Hail,C,9,BLOUNT,BMX,26-FEB-26 19:10:00,CST-6,26-FEB-26 19:14:00,0,0,0,0,0.00K,0.00K,Emergency Manager,2.00,,,,,,,,,,,.57,W,BLOUNTSVILLE,.57,W,BLOUNTSVILLE,34.08,-86.59,34.08,-86.59,"Scattered supercell thunderstorms developed near a slow-moving frontal boundary during the afternoon and evening hours on February 26. Cold temperatures were present aloft with strong deep layer shear but relatively weak low-level shear. Scattered severe hail reports were received, with the largest hailstones falling in portions of Blount, Jefferson, and St. Clair counties, as large as two inches in diameter. Damaging winds also occurred, with the most significant wind damage in Pinson where a microburst occurred. A hail storm associated with the microburst resulted in accumulating hail that covered the ground and resulted in the formation of hail fog. In addition, a brief EF-0 tornado also moved through Trussville, damaging some commercial and industrial buildings as well as homes, most of which was minor.","Up to two-inch hail fell in Blountsville, along with numerous reports of smaller hail completely covering the ground with some drifting in Blountsville and surrounding areas.",CSV
202602,26,1910,202602,26,1914,209766,1309202,ALABAMA,1,2026,February,Thunderstorm Wind,C,9,BLOUNT,BMX,26-FEB-26 19:10:00,CST-6,26-FEB-26 19:14:00,0,0,0,0,0.00K,0.00K,Emergency Manager,50.00,EG,,,,,,,,,,.67,WNW,BLOUNTSVILLE,.67,WNW,BLOUNTSVILLE,34.0835,-86.5909,34.0835,-86.5909,"Scattered supercell thunderstorms developed near a slow-moving frontal boundary during the afternoon and evening hours on February 26. Cold temperatures were present aloft with strong deep layer shear but relatively weak low-level shear. Scattered severe hail reports were received, with the largest hailstones falling in portions of Blount, Jefferson, and St. Clair counties, as large as two inches in diameter. Damaging winds also occurred, with the most significant wind damage in Pinson where a microburst occurred. A hail storm associated with the microburst resulted in accumulating hail that covered the ground and resulted in the formation of hail fog. In addition, a brief EF-0 tornado also moved through Trussville, damaging some commercial and industrial buildings as well as homes, most of which was minor.",A few trees were downed around Blountsville.,CSV
202602,26,1923,202602,26,1926,209766,1309203,ALABAMA,1,2026,February,Hail,C,9,BLOUNT,BMX,26-FEB-26 19:23:00,CST-6,26-FEB-26 19:26:00,0,0,0,0,0.00K,0.00K,Public,2.00,,,,,,,,,,,.69,S,CLARENCE,.69,S,CLARENCE,34.07,-86.43,34.07,-86.43,"Scattered supercell thunderstorms developed near a slow-moving frontal boundary during the afternoon and evening hours on February 26. Cold temperatures were present aloft with strong deep layer shear but relatively weak low-level shear. Scattered severe hail reports were received, with the largest hailstones falling in portions of Blount, Jefferson, and St. Clair counties, as large as two inches in diameter. Damaging winds also occurred, with the most significant wind damage in Pinson where a microburst occurred. A hail storm associated with the microburst resulted in accumulating hail that covered the ground and resulted in the formation of hail fog. In addition, a brief EF-0 tornado also moved through Trussville, damaging some commercial and industrial buildings as well as homes, most of which was minor.",Up to two-inch hail fell in the Susan Moore area.,CSV
202602,26,1927,202602,26,1929,209766,1309204,ALABAMA,1,2026,February,Thunderstorm Wind,C,9,BLOUNT,BMX,26-FEB-26 19:27:00,CST-6,26-FEB-26 19:29:00,0,0,0,0,0.00K,0.00K,Emergency Manager,50.00,EG,,,,,,,,,,1.5,S,WYNNVILLE,1.5,S,WYNNVILLE,34.0584,-86.4023,34.0584,-86.4023,"Scattered supercell thunderstorms developed near a slow-moving frontal boundary during the afternoon and evening hours on February 26. Cold temperatures were present aloft with strong deep layer shear but relatively weak low-level shear. Scattered severe hail reports were received, with the largest hailstones falling in portions of Blount, Jefferson, and St. Clair counties, as large as two inches in diameter. Damaging winds also occurred, with the most significant wind damage in Pinson where a microburst occurred. A hail storm associated with the microburst resulted in accumulating hail that covered the ground and resulted in the formation of hail fog. In addition, a brief EF-0 tornado also moved through Trussville, damaging some commercial and industrial buildings as well as homes, most of which was minor.",Multiple trees were downed at CR 36 and Wilson Chapel Rd near Fridays Crossing.,CSV
202602,22,0,202602,22,1200,209634,1308346,ALABAMA,1,2026,February,Cold/Wind Chill,Z,6,MADISON,HUN,22-FEB-26 00:00:00,CST-6,22-FEB-26 12:00:00,0,0,1,0,0.00K,0.00K,Broadcast Media,,,,,,,,,,,,,,,,,,,,,,News media reported a fatality due to hypothermia in Huntsville.,A 71 year old female died of hypothermia. Their body was found outdoors just off of Adventist Boulevard. The cause of death was determined by the County Coroner.,CSV
202601,25,1352,202601,25,1409,210108,1311729,ALABAMA,1,2026,January,Tornado,C,69,HOUSTON,TAE,25-JAN-26 13:52:00,CST-6,25-JAN-26 14:09:00,0,0,0,0,5.00K,0.00K,NWS Storm Survey,,,,,EF1,8.6,300,,,,,1.41,W,PLEASANT PLAINS,.75,SE,COLUMBIA,31.3001,-85.2439,31.2839,-85.0995,A line of strong to severe storms ahead of a cold front brought damaging wind gusts and a few tornadoes to the tri-state area.,"This tornado began west of Center Church Road where it snapped large hardwood tree branches and removed several shingles off of a manufactured home. It continued to push east-southeast to Bill Yance Road where it snapped a few softwood tree trunks. It then crossed highway 52 where it continued to snap large softwood tree branches and slightly bent a street sign just off of highway 52. As it continued to move eastward to across county road 95, it continued to snap softwood tree limbs. Thereafter, the tornado pushed east southeast to across River Road where it partially collapsed a tin RV car port and snapped a few softwood tree trunks, before lifting just before the Georgia state line. Damage was consistent with an EF1 tornado with winds of approximately 88mph.",CSV
202602,1,0,202602,1,800,209101,1304630,ALABAMA,1,2026,February,Cold/Wind Chill,Z,3,FRANKLIN,HUN,01-FEB-26 00:00:00,CST-6,01-FEB-26 08:00:00,0,0,0,0,0.00K,0.00K,ASOS,,,,,,,,,,,,,,,,,,,,,,Wind chill temperatures dropped into the 5 above to 1 above zero range.,The wind chill temperature dropped as low as 1 degree above zero.,CSV
202602,1,300,202602,1,600,209101,1304632,ALABAMA,1,2026,February,Cold/Wind Chill,Z,4,LAWRENCE,HUN,01-FEB-26 03:00:00,CST-6,01-FEB-26 06:00:00,0,0,0,0,0.00K,0.00K,Official NWS Observations,,,,,,,,,,,,,,,,,,,,,,Wind chill temperatures dropped into the 5 above to 1 above zero range.,The wind chill temperature dropped as low as 4 degree above zero.,CSV
202602,1,0,202602,1,600,209101,1304633,ALABAMA,1,2026,February,Cold/Wind Chill,Z,7,MORGAN,HUN,01-FEB-26 00:00:00,CST-6,01-FEB-26 06:00:00,0,0,0,0,0.00K,0.00K,ASOS,,,,,,,,,,,,,,,,,,,,,,Wind chill temperatures dropped into the 5 above to 1 above zero range.,The wind chill temperature dropped as low as 4 degree above zero.,CSV
202602,26,1541,202602,26,1545,209766,1308701,ALABAMA,1,2026,February,Tornado,C,73,JEFFERSON,BMX,26-FEB-26 15:41:00,CST-6,26-FEB-26 15:45:00,0,0,0,0,0.00K,0.00K,NWS Storm Survey,,,,,EF0,1.63,65,,,,,.86,SW,TRUSSVILLE,1.79,SSE,TRUSSVILLE,33.6106,-86.6297,33.5961,-86.6082,"Scattered supercell thunderstorms developed near a slow-moving frontal boundary during the afternoon and evening hours on February 26. Cold temperatures were present aloft with strong deep layer shear but relatively weak low-level shear. Scattered severe hail reports were received, with the largest hailstones falling in portions of Blount, Jefferson, and St. Clair counties, as large as two inches in diameter. Damaging winds also occurred, with the most significant wind damage in Pinson where a microburst occurred. A hail storm associated with the microburst resulted in accumulating hail that covered the ground and resulted in the formation of hail fog. In addition, a brief EF-0 tornado also moved through Trussville, damaging some commercial and industrial buildings as well as homes, most of which was minor.","The National Weather Service surveyed damage in Trussville and determined that a high-end EF-0 tornado occurred. Damage began along the north end of Mary Taylor Rd, where a construction trailer was flipped. A portion of the Metro Mini Storage had doors blown in and metal roofing lifted/peeled back. Next to this, approximately 13-14 trees in close proximity were uprooted, including 12 cedar trees in a tight row. Winds were estimated at about 80 mph here. The tornado crossed Highway 11, where minor roof damage was done to a car wash and Velma���s restaurant. As the tornado moved southeastward along Mary Taylor Rd, large doors were partially blown in and roofing was removed from a warehouse, and a fence was damaged at a dog daycare center. The tornado crossed a railroad and struck Daniel Iron, with a section of a warehouse having large doors blown in and large pieces of metal roofing removed. A few flatbed semi trailers were moved in the lot as well.||The tornado then ascended a small ridge and moved through a subdivision, causing mainly shingle and fence damage at numerous homes, along with a few trees and limbs being downed. At least one home was observed to have had a garage door damaged. Of particular note was the discovery of a large chunk of steel roofing from the Daniel Iron warehouse that landed on a home before sliding off and coming to rest on the side of another home. This caused considerable roof damage to the first home, resulting in water damage from rain. After this, minor tree and shingle damage continued across Hidden Brook Dr, Amber Trace, Yvonne St, and Alabama Dr, with the most notable damage being a few uprooted trees in close proximity along Yvonne St. The last area of discernible damage, very minor in nature, was observed near a lake in a curve along Queenstown Rd. Wind speeds at the peak were estimated at 85 mph at Daniel Iron. The NWS would like to thank Jefferson County EMA for their assistance during this survey.",CSV
202602,26,1935,202602,26,1940,209766,1309205,ALABAMA,1,2026,February,Hail,C,9,BLOUNT,BMX,26-FEB-26 19:35:00,CST-6,26-FEB-26 19:40:00,0,0,0,0,0.00K,0.00K,Emergency Manager,1.75,,,,,,,,,,,4.32,SE,WYNNVILLE,4.32,SE,WYNNVILLE,34.0296,-86.3554,34.0296,-86.3554,"Scattered supercell thunderstorms developed near a slow-moving frontal boundary during the afternoon and evening hours on February 26. Cold temperatures were present aloft with strong deep layer shear but relatively weak low-level shear. Scattered severe hail reports were received, with the largest hailstones falling in portions of Blount, Jefferson, and St. Clair counties, as large as two inches in diameter. Damaging winds also occurred, with the most significant wind damage in Pinson where a microburst occurred. A hail storm associated with the microburst resulted in accumulating hail that covered the ground and resulted in the formation of hail fog. In addition, a brief EF-0 tornado also moved through Trussville, damaging some commercial and industrial buildings as well as homes, most of which was minor.",Up to golf ball-size hail fell on the Blount County side of Altoona.,CSV
202602,26,1412,202602,26,1415,209766,1309206,ALABAMA,1,2026,February,Hail,C,127,WALKER,BMX,26-FEB-26 14:12:00,CST-6,26-FEB-26 14:15:00,0,0,0,0,0.00K,0.00K,Public,0.88,,,,,,,,,,,5.64,NNW,MANCHESTER,5.64,NNW,MANCHESTER,33.9721,-87.3464,33.9721,-87.3464,"Scattered supercell thunderstorms developed near a slow-moving frontal boundary during the afternoon and evening hours on February 26. Cold temperatures were present aloft with strong deep layer shear but relatively weak low-level shear. Scattered severe hail reports were received, with the largest hailstones falling in portions of Blount, Jefferson, and St. Clair counties, as large as two inches in diameter. Damaging winds also occurred, with the most significant wind damage in Pinson where a microburst occurred. A hail storm associated with the microburst resulted in accumulating hail that covered the ground and resulted in the formation of hail fog. In addition, a brief EF-0 tornado also moved through Trussville, damaging some commercial and industrial buildings as well as homes, most of which was minor.","Nickel-size hail estimated from social media picture, along Hwy 195 in Thach.",CSV
202602,26,1421,202602,26,1423,209766,1309207,ALABAMA,1,2026,February,Hail,C,127,WALKER,BMX,26-FEB-26 14:21:00,CST-6,26-FEB-26 14:23:00,0,0,0,0,0.00K,0.00K,Broadcast Media,0.88,,,,,,,,,,,3.5,N,MARIGOLD,3.5,N,MARIGOLD,33.97,-87.26,33.97,-87.26,"Scattered supercell thunderstorms developed near a slow-moving frontal boundary during the afternoon and evening hours on February 26. Cold temperatures were present aloft with strong deep layer shear but relatively weak low-level shear. Scattered severe hail reports were received, with the largest hailstones falling in portions of Blount, Jefferson, and St. Clair counties, as large as two inches in diameter. Damaging winds also occurred, with the most significant wind damage in Pinson where a microburst occurred. A hail storm associated with the microburst resulted in accumulating hail that covered the ground and resulted in the formation of hail fog. In addition, a brief EF-0 tornado also moved through Trussville, damaging some commercial and industrial buildings as well as homes, most of which was minor.",Nickel-size hail was reported near Curry.,CSV
202602,26,1532,202602,26,1535,209766,1309187,ALABAMA,1,2026,February,Thunderstorm Wind,C,73,JEFFERSON,BMX,26-FEB-26 15:32:00,CST-6,26-FEB-26 15:35:00,0,0,0,0,0.00K,0.00K,NWS Storm Survey,65.00,EG,,,,,,,,,,.78,N,AYRES,.78,N,AYRES,33.6914,-86.6799,33.6914,-86.6799,"Scattered supercell thunderstorms developed near a slow-moving frontal boundary during the afternoon and evening hours on February 26. Cold temperatures were present aloft with strong deep layer shear but relatively weak low-level shear. Scattered severe hail reports were received, with the largest hailstones falling in portions of Blount, Jefferson, and St. Clair counties, as large as two inches in diameter. Damaging winds also occurred, with the most significant wind damage in Pinson where a microburst occurred. A hail storm associated with the microburst resulted in accumulating hail that covered the ground and resulted in the formation of hail fog. In addition, a brief EF-0 tornado also moved through Trussville, damaging some commercial and industrial buildings as well as homes, most of which was minor.","The National Weather Service surveyed damage in Pinson and determined that it was the result of a microburst. Most damage was found along a one-mile swath north to south from  Highway 75 near Rudd School Rd to near Silver Lake Rd and Pine St. In this area, approximately 1,000 yards wide east to west, numerous trees were uprooted, falling on homes and power lines. Up to 15 homes were estimated to have been damaged, mainly by falling trees, with five homes sustaining moderate damage along Cobblestone Ct. Other streets with trees on homes included Church St, Silver Lake Rd, and Echo Dr. Also of note were numerous trees downed in a large cemetery, along with heavy timber damage in a swampy area between Highway 75 and Bud Holmes Rd. Most of the treefall was observed to have been south or southwest, although depending on the exact location relative to the microburst, some trees and debris were blown in various directions. This damage was the result of a rapidly descending thunderstorm core, associated with an ensuing hail storm in Pinson. Winds were estimated at 70-75 mph. The NWS would like to thank Jefferson County EMA for their assistance during this survey.",CSV
202602,26,1536,202602,26,1546,209766,1309189,ALABAMA,1,2026,February,Thunderstorm Wind,C,73,JEFFERSON,BMX,26-FEB-26 15:36:00,CST-6,26-FEB-26 15:46:00,0,0,0,0,0.00K,0.00K,Public,52.00,EG,,,,,,,,,,1.87,E,CHALKVILLE,1.87,E,CHALKVILLE,33.649,-86.6175,33.649,-86.6175,"Scattered supercell thunderstorms developed near a slow-moving frontal boundary during the afternoon and evening hours on February 26. Cold temperatures were present aloft with strong deep layer shear but relatively weak low-level shear. Scattered severe hail reports were received, with the largest hailstones falling in portions of Blount, Jefferson, and St. Clair counties, as large as two inches in diameter. Damaging winds also occurred, with the most significant wind damage in Pinson where a microburst occurred. A hail storm associated with the microburst resulted in accumulating hail that covered the ground and resulted in the formation of hail fog. In addition, a brief EF-0 tornado also moved through Trussville, damaging some commercial and industrial buildings as well as homes, most of which was minor.","In addition to the damage caused by the microburst in Pinson and tornado in Trussville, several reports of tree and property damage (fences, lawn furniture, etc.) were received from neighborhoods around Center Point, Chalkville, Clay, and Trussville.",CSV
202602,26,1440,202602,26,1443,209766,1309208,ALABAMA,1,2026,February,Hail,C,127,WALKER,BMX,26-FEB-26 14:40:00,CST-6,26-FEB-26 14:43:00,0,0,0,0,0.00K,0.00K,Public,1.00,,,,,,,,,,,4.74,NNW,SIPSEY,4.74,NNW,SIPSEY,33.88,-87.12,33.88,-87.12,"Scattered supercell thunderstorms developed near a slow-moving frontal boundary during the afternoon and evening hours on February 26. Cold temperatures were present aloft with strong deep layer shear but relatively weak low-level shear. Scattered severe hail reports were received, with the largest hailstones falling in portions of Blount, Jefferson, and St. Clair counties, as large as two inches in diameter. Damaging winds also occurred, with the most significant wind damage in Pinson where a microburst occurred. A hail storm associated with the microburst resulted in accumulating hail that covered the ground and resulted in the formation of hail fog. In addition, a brief EF-0 tornado also moved through Trussville, damaging some commercial and industrial buildings as well as homes, most of which was minor.",Quarter-size hail fell in the Pineywoods area.,CSV
202602,26,1742,202602,26,1747,209766,1309209,ALABAMA,1,2026,February,Hail,C,57,FAYETTE,BMX,26-FEB-26 17:42:00,CST-6,26-FEB-26 17:47:00,0,0,0,0,0.00K,0.00K,Public,1.00,,,,,,,,,,,.69,N,FAYETTE,.69,N,FAYETTE,33.69,-87.83,33.69,-87.83,"Scattered supercell thunderstorms developed near a slow-moving frontal boundary during the afternoon and evening hours on February 26. Cold temperatures were present aloft with strong deep layer shear but relatively weak low-level shear. Scattered severe hail reports were received, with the largest hailstones falling in portions of Blount, Jefferson, and St. Clair counties, as large as two inches in diameter. Damaging winds also occurred, with the most significant wind damage in Pinson where a microburst occurred. A hail storm associated with the microburst resulted in accumulating hail that covered the ground and resulted in the formation of hail fog. In addition, a brief EF-0 tornado also moved through Trussville, damaging some commercial and industrial buildings as well as homes, most of which was minor.",Quarter-size hail was reported in Fayette.,CSV
202602,26,1614,202602,26,1621,209766,1309200,ALABAMA,1,2026,February,Hail,C,115,ST. CLAIR,BMX,26-FEB-26 16:14:00,CST-6,26-FEB-26 16:21:00,0,0,0,0,0.00K,0.00K,Public,1.00,,,,,,,,,,,2.07,S,EDEN,2.07,S,EDEN,33.55,-86.32,33.55,-86.32,"Scattered supercell thunderstorms developed near a slow-moving frontal boundary during the afternoon and evening hours on February 26. Cold temperatures were present aloft with strong deep layer shear but relatively weak low-level shear. Scattered severe hail reports were received, with the largest hailstones falling in portions of Blount, Jefferson, and St. Clair counties, as large as two inches in diameter. Damaging winds also occurred, with the most significant wind damage in Pinson where a microburst occurred. A hail storm associated with the microburst resulted in accumulating hail that covered the ground and resulted in the formation of hail fog. In addition, a brief EF-0 tornado also moved through Trussville, damaging some commercial and industrial buildings as well as homes, most of which was minor.","Up to quarter-size hail in the Pell City area, southwest of downtown.",CSV
202602,1,0,202602,3,0,209670,1309457,ALABAMA,1,2026,February,Drought,Z,39,MARENGO,BMX,01-FEB-26 00:00:00,CST-6,03-FEB-26 00:00:00,0,0,0,0,0.00K,0.00K,Drought Monitor,,,,,,,,,,,,,,,,,,,,,,Drought conditions continued during the month of February as below-normal rainfall was observed through the first two months of the year. Severe (D2) to Extreme (D3) drought conditions persisted across southeastern Central Alabama.,The majority of Marengo County was removed from Severe (D2) drought on February 3.,CSV
202602,1,0,202602,28,2359,209670,1309458,ALABAMA,1,2026,February,Drought,Z,42,LOWNDES,BMX,01-FEB-26 00:00:00,CST-6,28-FEB-26 23:59:00,0,0,0,0,0.00K,0.00K,Drought Monitor,,,,,,,,,,,,,,,,,,,,,,Drought conditions continued during the month of February as below-normal rainfall was observed through the first two months of the year. Severe (D2) to Extreme (D3) drought conditions persisted across southeastern Central Alabama.,The southern half of Lowndes County remained in Severe (D2) drought through February.,CSV
202602,1,0,202602,28,2359,209670,1309459,ALABAMA,1,2026,February,Drought,Z,44,MONTGOMERY,BMX,01-FEB-26 00:00:00,CST-6,28-FEB-26 23:59:00,0,0,0,0,0.00K,0.00K,Drought Monitor,,,,,,,,,,,,,,,,,,,,,,Drought conditions continued during the month of February as below-normal rainfall was observed through the first two months of the year. Severe (D2) to Extreme (D3) drought conditions persisted across southeastern Central Alabama.,Much of Montgomery County remained in Severe (D2) drought through February.,CSV
202602,1,0,202602,28,2359,209670,1309460,ALABAMA,1,2026,February,Drought,Z,45,MACON,BMX,01-FEB-26 00:00:00,CST-6,28-FEB-26 23:59:00,0,0,0,0,0.00K,0.00K,Drought Monitor,,,,,,,,,,,,,,,,,,,,,,Drought conditions continued during the month of February as below-normal rainfall was observed through the first two months of the year. Severe (D2) to Extreme (D3) drought conditions persisted across southeastern Central Alabama.,"Much of Macon County was upgraded from Severe (D2) to Extreme (D3) drought in early February, remaining in D3 the remainder of the month.",CSV
202602,26,1533,202602,26,1536,209766,1309195,ALABAMA,1,2026,February,Hail,C,73,JEFFERSON,BMX,26-FEB-26 15:33:00,CST-6,26-FEB-26 15:36:00,0,0,0,0,0.00K,0.00K,Public,1.25,,,,,,,,,,,.69,N,AYRES,.69,N,AYRES,33.69,-86.68,33.69,-86.68,"Scattered supercell thunderstorms developed near a slow-moving frontal boundary during the afternoon and evening hours on February 26. Cold temperatures were present aloft with strong deep layer shear but relatively weak low-level shear. Scattered severe hail reports were received, with the largest hailstones falling in portions of Blount, Jefferson, and St. Clair counties, as large as two inches in diameter. Damaging winds also occurred, with the most significant wind damage in Pinson where a microburst occurred. A hail storm associated with the microburst resulted in accumulating hail that covered the ground and resulted in the formation of hail fog. In addition, a brief EF-0 tornado also moved through Trussville, damaging some commercial and industrial buildings as well as homes, most of which was minor.","Quarter to half dollar-size hail in the Pinson area. In addition, copious amounts of small hail coated the ground, resulting in the formation of hail fog.",CSV
202602,26,1538,202602,26,1542,209766,1309196,ALABAMA,1,2026,February,Hail,C,73,JEFFERSON,BMX,26-FEB-26 15:38:00,CST-6,26-FEB-26 15:42:00,0,0,0,0,0.00K,0.00K,Public,1.75,,,,,,,,,,,.69,N,CHALKVILLE,.69,N,CHALKVILLE,33.66,-86.65,33.66,-86.65,"Scattered supercell thunderstorms developed near a slow-moving frontal boundary during the afternoon and evening hours on February 26. Cold temperatures were present aloft with strong deep layer shear but relatively weak low-level shear. Scattered severe hail reports were received, with the largest hailstones falling in portions of Blount, Jefferson, and St. Clair counties, as large as two inches in diameter. Damaging winds also occurred, with the most significant wind damage in Pinson where a microburst occurred. A hail storm associated with the microburst resulted in accumulating hail that covered the ground and resulted in the formation of hail fog. In addition, a brief EF-0 tornado also moved through Trussville, damaging some commercial and industrial buildings as well as homes, most of which was minor.",Ping pong to golf ball-sized hail in the Chalkville and Clay areas.,CSV
202602,26,1544,202602,26,1547,209766,1309197,ALABAMA,1,2026,February,Hail,C,73,JEFFERSON,BMX,26-FEB-26 15:44:00,CST-6,26-FEB-26 15:47:00,0,0,0,0,0.00K,0.00K,Public,1.75,,,,,,,,,,,.58,E,TRUSSVILLE,.58,E,TRUSSVILLE,33.62,-86.61,33.62,-86.61,"Scattered supercell thunderstorms developed near a slow-moving frontal boundary during the afternoon and evening hours on February 26. Cold temperatures were present aloft with strong deep layer shear but relatively weak low-level shear. Scattered severe hail reports were received, with the largest hailstones falling in portions of Blount, Jefferson, and St. Clair counties, as large as two inches in diameter. Damaging winds also occurred, with the most significant wind damage in Pinson where a microburst occurred. A hail storm associated with the microburst resulted in accumulating hail that covered the ground and resulted in the formation of hail fog. In addition, a brief EF-0 tornado also moved through Trussville, damaging some commercial and industrial buildings as well as homes, most of which was minor.",Ping-pong to golf ball-sized hail in the Trussville area.,CSV
202602,1,0,202602,28,2359,209670,1309461,ALABAMA,1,2026,February,Drought,Z,47,LEE,BMX,01-FEB-26 00:00:00,CST-6,28-FEB-26 23:59:00,0,0,0,0,0.00K,0.00K,Drought Monitor,,,,,,,,,,,,,,,,,,,,,,Drought conditions continued during the month of February as below-normal rainfall was observed through the first two months of the year. Severe (D2) to Extreme (D3) drought conditions persisted across southeastern Central Alabama.,Lee County began February with Severe (D2) conditions across the western half and Extreme (D3) conditions across the eastern half. D3 conditions expanded county-wide by the second week of the month.,CSV
202602,1,0,202602,28,2359,209670,1309462,ALABAMA,1,2026,February,Drought,Z,48,RUSSELL,BMX,01-FEB-26 00:00:00,CST-6,28-FEB-26 23:59:00,0,0,0,0,0.00K,0.00K,Drought Monitor,,,,,,,,,,,,,,,,,,,,,,Drought conditions continued during the month of February as below-normal rainfall was observed through the first two months of the year. Severe (D2) to Extreme (D3) drought conditions persisted across southeastern Central Alabama.,"Russell County began February with Severe (D2) conditions across the southern half and Extreme (D3) conditions across the northern half, which persisted throughout the month.",CSV
202602,1,0,202602,28,2359,209670,1309463,ALABAMA,1,2026,February,Drought,Z,46,BULLOCK,BMX,01-FEB-26 00:00:00,CST-6,28-FEB-26 23:59:00,0,0,0,0,0.00K,0.00K,Drought Monitor,,,,,,,,,,,,,,,,,,,,,,Drought conditions continued during the month of February as below-normal rainfall was observed through the first two months of the year. Severe (D2) to Extreme (D3) drought conditions persisted across southeastern Central Alabama.,Severe (D2) conditions persisted across Bullock County throughout the month. Extreme (D3) conditions were introduced across the northern third of the county during the second week.,CSV
202602,1,0,202602,28,2359,209670,1309464,ALABAMA,1,2026,February,Drought,Z,50,BARBOUR,BMX,01-FEB-26 00:00:00,CST-6,28-FEB-26 23:59:00,0,0,0,0,0.00K,0.00K,Drought Monitor,,,,,,,,,,,,,,,,,,,,,,Drought conditions continued during the month of February as below-normal rainfall was observed through the first two months of the year. Severe (D2) to Extreme (D3) drought conditions persisted across southeastern Central Alabama.,Severe (D2) conditions persisted across Barbour County throughout the month.,CSV
202602,1,0,202602,28,2359,209670,1309465,ALABAMA,1,2026,February,Drought,Z,49,PIKE,BMX,01-FEB-26 00:00:00,CST-6,28-FEB-26 23:59:00,0,0,0,0,0.00K,0.00K,Drought Monitor,,,,,,,,,,,,,,,,,,,,,,Drought conditions continued during the month of February as below-normal rainfall was observed through the first two months of the year. Severe (D2) to Extreme (D3) drought conditions persisted across southeastern Central Alabama.,Severe (D2) conditions persisted across Pike County throughout the month.,CSV
202602,1,0,202602,28,2359,209670,1316137,ALABAMA,1,2026,February,Drought,Z,38,CHAMBERS,BMX,01-FEB-26 00:00:00,CST-6,28-FEB-26 23:59:00,0,0,0,0,0.00K,0.00K,Drought Monitor,,,,,,,,,,,,,,,,,,,,,,Drought conditions continued during the month of February as below-normal rainfall was observed through the first two months of the year. Severe (D2) to Extreme (D3) drought conditions persisted across southeastern Central Alabama.,Severe (D2) conditions persisted across the southern third of Chambers County throughout the month.,CSV
202602,21,810,202602,21,812,209671,1307542,ALABAMA,1,2026,February,Thunderstorm Wind,C,123,TALLAPOOSA,BMX,21-FEB-26 08:10:00,CST-6,21-FEB-26 08:12:00,0,0,0,0,0.00K,0.00K,Emergency Manager,50.00,EG,,,,,,,,,,.73,WNW,TOHOPEKA,.73,WNW,TOHOPEKA,32.9557,-85.7606,32.9557,-85.7606,"A line of thunderstorms preceding a cold front briefly intensified over Coosa and Tallapoosa counties, producing sporadic wind damage.",Trees were reported down along Horseshoe Bend Road in the Tohopeka community.,CSV
